texte,vrai_label,label_predit,est_correct,probabilite_positive,probabilite_negative
يا خي بترونه,1,1,True,0.8789839744567871,0.12101602554321289
الله يسلمك كيفاش حتى تفكرتونا ااه,0,0,True,0.007928292267024517,0.9920717077329755
تفضلي سقسي فرنديقتي علاش مترده,0,0,True,0.012012828141450882,0.9879871718585491
بغل حركي,1,1,True,0.9855153560638428,0.014484643936157227
خارينا,1,0,False,0.014298309572041035,0.985701690427959
بنات الفميليا الجزاءر,0,0,True,0.40895605087280273,0.5910439491271973
الله يبارك ما شاء الله,0,0,True,0.007996553555130959,0.992003446444869
حنا ربراب ونتوما جيبو السعودين يديرو السكر,1,0,False,0.20196689665317535,0.7980331033468246
جاوبني كي تشوف لميساج فضلك راني مزروبا,0,0,True,0.011054647155106068,0.9889453528448939
الكلام الميدان ياسي حفيظ وراء الاقطار النفاق الاعتناق اعتدنه منك العارفون يعرفون يبقي لك سوي الجاهلون انصار,1,1,True,0.9791273474693298,0.020872652530670166
روحي تعلمي لزيغوي ولا نقي نيفك وكتي علي,1,1,True,0.9935592412948608,0.00644075870513916
انا شريتها من قسنطينه,0,0,True,0.009010727517306805,0.9909892724826932
المهيم اكرمو متشبهي النساء يموتو ميكرموش النساء,1,1,True,0.9779477715492249,0.022052228450775146
انتوما لي تخباو مور تيليفون لنميمه يا عبد اله كونك راجل قدرتش الاقل كون بنت فاميليه,1,1,True,0.981626033782959,0.018373966217041016
اخويا واله ضنيت البلديه لي دشناتو ماشي الشعب علا,0,0,True,0.026912815868854523,0.9730871841311455
القبايل رجال هدو اقليه لي ستفادو ربراب راهم يديرو مسيره الصحافه راهي ضخم الامر,0,1,False,0.6639612317085266,0.3360387682914734
بركولي ليوم شريت,0,0,True,0.009126395918428898,0.9908736040815711
نتا مضلوم اسي ربراب من اين لك هذا معليش والله تتحاسبو عليها قااع اولاد فرنسا,1,1,True,0.9617568850517273,0.038243114948272705
المهم يا زيطوط تموت تدفن ثمه كي الكلب مكاش حتا لي يترحم خنتو اوطانكم,1,1,True,0.991248369216919,0.008751630783081055
من الحراش واحد من لزمو ربي يهدينا ويهديهم هكذا يكونو الرجال,1,0,False,0.10150719434022903,0.898492805659771
الي روتور,0,0,True,0.014140557497739792,0.9858594425022602
matahachmouch shab rachad zenzla ou mazalkoum dirou el politique haya allah el bghoula,1,0,False,0.1582707017660141,0.8417292982339859
عملاء فرنسا يسيطرون الجزاءر,1,1,True,0.5295442342758179,0.47045576572418213
الله يرحم من ماتو يشفي الجرحى اتقوا الله يا سائقي الحافلات في زبائنكم,0,0,True,0.02753969468176365,0.9724603053182364
تحرمن كيو تاع حمادي,0,0,True,0.014683048240840435,0.9853169517591596
فيف لقبايل,0,0,True,0.04815287888050079,0.9518471211194992
اه يالزح ما تفكرناش,0,0,True,0.011620363220572472,0.9883796367794275
جاري الخروج الصفحه الكاشيريه,1,1,True,0.9513370990753174,0.04866290092468262
ربي يهديكم,0,0,True,0.01798136718571186,0.9820186328142881
وعلاه كاين ياعاءشه ربي يديمك معنا اخت معزه مكرمه,0,0,True,0.02626672014594078,0.9737332798540592
ربي يحفظك الشيخ وربي يرحم امك ويرحم امي شاء اله ويجعل مثواهما الجنه شاء اله متنساش تستغفر ونتمني ربي يحقلك واش تمني,1,1,True,0.9905263185501099,0.009473681449890137
نعل راسه نتاعك خماج ليوم ربحتي لباك غدوا تربحي ناار,1,1,True,0.9919976592063904,0.00800234079360962
تحيا الجزاءر وربي يرحم الشهداء,0,0,True,0.009550459682941437,0.9904495403170586
نعبد ربي الحمد اله يا رب,0,0,True,0.0109923230484128,0.9890076769515872
جي دورونج تاع التفاح,0,0,True,0.0110481483861804,0.9889518516138196
naima bitalmaa tahball mouti ya naima lafouhiste,1,1,True,0.7205478549003601,0.2794521450996399
انت يا زيتوت بريطاني واش دخلك في الجزايرهذه كلمه حق يراد من ورائها باطل لي ما يعرفكش يا زيتوت يحسبك عمر بن عبد العزيز وانت سحليه سامه,1,1,True,0.9824902415275574,0.017509758472442627
الله افرج اسرحوا السيد يسعد ربراب محترم ولا يستحق هذه المعامله النظام الفاسد هو الي حبسوا لانه يريد الخير للبلاد ربي يحفظوا يسلك السراحوا انا ليس لي علاقه به ولا بشركته لكن لا احب الظلم انه استاد محترم,0,0,True,0.009922599419951439,0.9900774005800486
وانت وين راك,0,0,True,0.016159769147634506,0.9838402308523655
زيد قولنا بلي عبله لي دارو الزلزال من اجل وقف الحراك ااه بصحتك لقيتي الحمير لي يتبعوك,1,1,True,0.9644443988800049,0.03555560111999512
انشاء اله كمل يبراو مرض سرطان,0,0,True,0.037870652973651886,0.9621293470263481
ربي يحفدك استاذ يرحم روح امك الطاهره انشاء اله قاع نربحو نجيبو الباك هاد العام,1,1,True,0.9937970638275146,0.0062029361724853516
10 مليار دولار واش حسبتونا مهابل احشموا على ارواحكم يكفيكم استغباء استحمارا للشعب سراقين واه,1,1,True,0.9727287888526917,0.02727121114730835
لقد اشتريت واحده ولم اعلم,0,0,True,0.015620183199644089,0.9843798168003559
نحي فلسطين دار اسراءيل💔☹,0,0,True,0.023837734013795853,0.9761622659862041
دوك الصلاه تمنيكو بيها,1,1,True,0.9227916598320007,0.07720834016799927
يوجد نقطه بيع ولايه سكيكده,0,0,True,0.010198633186519146,0.9898013668134809
جيبولي الفايسبوك الحراك يدافع حداد وكونيناف واويحي ربراب يدعمه الكثير احرار الجزاءر,0,0,True,0.10751688480377197,0.892483115196228
المقاطعه فن يجب يصاب البعض بالهفه ويشتري العشرات الزيت,0,0,True,0.029111923649907112,0.9708880763500929
انا شاويه بصح جامي لا شديتو هذ العلم بصح مكلاه الفتن كيما نتا متشتيش يسبولك يماك معندكش الحق دنس علم يمثل رمز اعتزازلانسان اوخر ماش جاست كامل,0,1,False,0.627470076084137,0.37252992391586304
لي خصو كلب مغربي يجي يدي التعليقات وشكرا,1,1,True,0.9925301671028137,0.007469832897186279
ربي يجيب الخير لبلاد يارب واسترنا يارب يارب واحمي شبابنا وامهاتنا وشيوخنا يارب متنساوش خاوتي سينياليو فيديو يزرع الفتنه الجزاءرين,1,1,True,0.9418100714683533,0.05818992853164673
دير القايد تبون تخافيش,0,1,False,0.6403167843818665,0.35968321561813354
انتوما لي راكو تسبو كلا الطرفين حمير التهريب يخدموه المعلمين القياده كلا الطرفين يا لحمير يدخل الزطله لدزاير يدخل الكاشيات لمغرب هدم بيوت الناس عيب رخيس لي قال بلي هاذو خونه يجي لباب العسه يشوف الارض تقع الحدود ملك لمجاهد يهرب السلاح وقت الثوره المغاربه حاربو معانا يا لفرخا ونتا يا لحمار لي راك تسب الجزاير واله خطاتكم دزاير اله يا المجاعه غي حكمتكم انعلو الشيطان خطيكم السب مفارخ الكيف راه يفوت فالبحر بالقليسور مشي التراب يا محمر المهم تحيا المساكين بغا مغاربه جزايرين,1,1,True,0.99294114112854,0.007058858871459961
الكعباخطرمنذالكورونا,1,1,True,0.9918674826622009,0.008132517337799072
ماعندو مادخلك اقعد في قشورك وتلها فرواحكم,1,1,True,0.9815133810043335,0.018486618995666504
النور والسرور وبونجور عليكم توجور ☕بالعسل والكونفيتور019نحبو بزاف دقله نور 🌴ولا داعي يا اسحاق لياجور😁,0,0,True,0.01279902271926403,0.987200977280736
تكتب ضواحيها ليس ظواحيها,0,0,True,0.019423702731728554,0.9805762972682714
منشن المحاسب السابق الملياردير الحالي مصاص دماء الجزائرين ومحتكر,1,1,True,0.7633984684944153,0.23660153150558472
مول لباج عطيوه غير كيلو مخلط تاع الديسير غايسكت,0,1,False,0.580413818359375,0.419586181640625
se9si yemak tgoulk awlid,1,1,True,0.9915255904197693,0.008474409580230713
مهمتك ايها المرتزق هي تحريض الشعب على حرق بلادو ماشي اسقاط النظام بل اسقاط الجزائر كما سقطت سوريا والعراق وليبيا ثم ستختفي تنتهي مهمتك كما اختفى المعريضين السورين والعراقيين واللبيين الذين حرضوا شعبهم في بلاطوات الجزيره الصهيونيه,1,0,False,0.24554608762264252,0.7544539123773575
el khra yaw,1,1,True,0.9554128646850586,0.044587135314941406
بركاكم الكذب الناس,0,1,False,0.9905691146850586,0.009430885314941406
واله حاجه متخرجني,0,0,True,0.012949177995324135,0.9870508220046759
khanza faiha tfo,1,0,False,0.09475497901439667,0.9052450209856033
صحا المازدا شكون نتا لي يقول احرار ياو فاقو هذا السيد دار لجوء سياسي باش يهجر ويعيش حياه اوروبه انت كافي ماتقدرش تكافيني يابغل انا وزيطوت واشباهكم تفرو صوالح الصهاينه بفئه من شباب الصاروخ وليريكا ماهوش فايق لعمرو,1,1,True,0.9919963479042053,0.008003652095794678
مليح مليح حتى انا حبستهم مده عام زياده مي دروك وليت نشربهم خطره على خطره ماكاش كيما الماء سيرتو الصباح على الريق,0,0,True,0.20292039215564728,0.7970796078443527
وانتم سعداء انقياء بقلوب بيضاء وجوه مشرقه مبتسمه وانتم امنين مطمءنين عيدك مبارك سعيد وكل وانت بخير جعلني اله واياك اهل الجاءزه المبارك واسال اله العلي القدير يعيده علينا اعواما عديده وازمنه مديده ونحن والامه الاسلاميه صحه وامن وسلام وعافيه 😘💓,0,0,True,0.07332050800323486,0.9266794919967651
اله ينعلك انت لست مربيه اجيال انت وحش بلا قلب قلبك كليته اله يستر وانت يا بنيتي ربي يشفيك يحفضك يارب,1,1,True,0.9923043847084045,0.007695615291595459
نطلب السلطات الجزاءريه نطلب الجنرال شنقريحه اجيبنا الكلب هادا لي حاب اخرب لبلاد راهو سب الراءيس تاعنا سب القايد تاعنا ربي يرحمو نطلب السلطات القبض فورا فوات الاوان هادا الكلب مطلوب يارب يارب,1,1,True,0.9385848045349121,0.06141519546508789
rouh saksi yamak babak chekoun 😎balak ankoun ana li naktha fi diskoutak boura boura,1,1,True,0.9672552347183228,0.032744765281677246
الشعب ساكت حق يستاهل يخلص الاكسجين الي يتنفس,0,0,True,0.1624581664800644,0.8375418335199356
كس امو لي ميحب فري فاير 😑,1,1,True,0.8810218572616577,0.11897814273834229
الجيش هو الشي الوحيد اللي يصلح في هذه البلاد,0,0,True,0.017511140555143356,0.9824888594448566
الحظه وقت الوقوف باب الجنه سنتذكر شعورنا الدقاءق,0,0,True,0.1364368498325348,0.8635631501674652
لو تصبروا حتى 10 افريل فقط صافيه,0,0,True,0.13563698530197144,0.8643630146980286
الي مافي كرشو تبن مايخاف ما النار شده وتفوت عمو ربراب 😂,0,0,True,0.23161952197551727,0.7683804780244827
العقل المدبر في ارسال الجيش الجزائري الي المالي هوا الخبارجي تاع فرنسا الجنيرال قايدي,1,1,True,0.8406946063041687,0.1593053936958313
😅😆,1,0,False,0.4422975778579712,0.5577024221420288
تعرف قصه اسكوبار قصه ربراب يختلفان شيء اسكوبار استثمرا بلاديه ربراب اسثمرا فرنسا,1,1,True,0.9357185363769531,0.06428146362304688
امبعد يجي ذبابه ختو يماه مايدافعش عليهم كيما يدافع على المسؤول,1,1,True,0.9770007133483887,0.022999286651611328
سببت الهتهم يا جورج,0,0,True,0.06387617439031601,0.936123825609684
ya zitout tfo,1,1,True,0.9822982549667358,0.01770174503326416
اي روح نيكمك لقحبه هود لبلاد يا كرفه وفول ماناش حابسين,1,1,True,0.9938364624977112,0.006163537502288818
لخماج خامجين كواvا,1,1,True,0.9922798871994019,0.0077201128005981445
ta kalb chmata wa r7is wo tahan tffo,1,1,True,0.9849860668182373,0.015013933181762695
مزيه واحد زاد وحدو🙂😂,0,0,True,0.008818816393613815,0.9911811836063862
امير راجل ونصفويستاهل خيروالف مبروك وخلي العديان اموتوا بالقنطه,0,0,True,0.04359057918190956,0.9564094208180904
طز روحو الامارات,1,1,True,0.9908986687660217,0.009101331233978271
يارب امين يارب,0,0,True,0.011662532575428486,0.9883374674245715
😂 بلا مزيه حبيبه قلبي 😘,0,0,True,0.009221325628459454,0.9907786743715405
الزيت السكر لمده كيفاش القروض بلا حدود كيفاش يا جماعه حتي الاستعمار موفر مناصب شغل الظالم يبقي ظالم الاستعمار دار بني تحتيه احسن ملي درناهم تاع استقلال بصح هاد الشي منعش الشعب باش يطالب بحريته باختصار ربراب فاسد صح عندو مستوي تسير مليح بناه تم دم الجزاءرين الاف رجال الاعمال النزهاء وقت الارهاب,1,1,True,0.62990403175354,0.37009596824645996
مبروك عليك من حراق الى صحافى محترف الله راك قدوه لكامل الشباب,0,0,True,0.026379071176052094,0.9736209288239479
السلام العليكم,0,0,True,0.008302031084895134,0.9916979689151049
مكن اعرف نقاط البيع ولايات الشرق,0,0,True,0.011604362167418003,0.988395637832582
لي راهم يقولو سعر سكر لي يجيبو ربراب غالي حاجه سااهله ماشي لازم تشري سكر تاع ربراب كاين علامات اخرى مثل لابال,0,0,True,0.037735436111688614,0.9622645638883114
بوليخاريو وشبه عثمانين يشعرون بصدمه مما وقع,0,0,True,0.0887148529291153,0.9112851470708847
اررض 🤣,0,0,True,0.033356644213199615,0.9666433557868004
راقصه ملاهي ليليه وعميله فرنسا تكلم شءون البلاد عيش تشوف,1,1,True,0.5962738394737244,0.40372616052627563
اخرج ازبل اخرج,1,1,True,0.9433199167251587,0.05668008327484131
xxtentacion nhbo,0,0,True,0.017371641471982002,0.982628358528018
الشوربه االشعيريه بالدجاج اصلها الجزائر العاصمه والشوربه فريك اصلها الاوراس من قسنطينه والهضاب العليا السطايفيه,0,0,True,0.04292817413806915,0.9570718258619308
روح تعطي كبيير خلاه انت او لي كيفك,1,1,True,0.9935013651847839,0.0064986348152160645
ballon mach balloon camarade mach camarad et3elem nta boudaoui sahal,1,1,True,0.6827557682991028,0.3172442317008972
ولاد لكلاب كلاو بعضهم بعض 😂,1,1,True,0.9929348826408386,0.007065117359161377
عمي العربي مفهمنا والو هذو العجزه اسود علينا نعال في ارجل اسيادهم,1,1,True,0.7493237853050232,0.2506762146949768
hna vrai m9sthch,0,0,True,0.13069702684879303,0.869302973151207
اطلقوا سراح ربراب,0,0,True,0.0750153586268425,0.9249846413731575
الحاجه لي حيرتني الناس لي راهي دافع عليه راه يرزق فيكم مثلا شويه عقل وشويه عزه نفس شحال تعياو تشكمو وتهزو لناس,1,1,True,0.9576514363288879,0.04234856367111206
اله يذلك يا ديوث يا كبول,1,1,True,0.993865430355072,0.0061345696449279785
القبائل لي راكم تتحرشو بيهم ديما راهم رجاله عليكم بينو بلي احرار ماشي كيما وحد الفئه ربي يهديهم جماعه بوصبع لزرق حاضرين في كل فوط,1,1,True,0.991101861000061,0.008898138999938965
لطفك يا رب,0,0,True,0.026664409786462784,0.9733355902135372
لم تتصلوا بي,0,0,True,0.022273102775216103,0.9777268972247839
حياتي كامل كرهت زوج عباد برك اكتشف الجزاءر وجدي الكبير استوطن,1,0,False,0.36792677640914917,0.6320732235908508
ايه عندهم الحق الجزاءر بلاد امن راك تشوف فينا نتقاتلو بالسلاح,0,0,True,0.01720978505909443,0.9827902149409056
سوف تموت ولن تجد ارض تدفن فيها ارض الشهداء حرمت عليم,0,0,True,0.11795756220817566,0.8820424377918243
مهم حاول خير فخونشي صح,1,0,False,0.04128660261631012,0.9587133973836899
كاين احسن اطباء مهندسي الجزائر من خريجي الجامعات الفرنسيه اين المشكل في ذلك,0,0,True,0.022152867168188095,0.9778471328318119
راحت هيبت فريت اوملات شي,0,0,True,0.042331382632255554,0.9576686173677444
كاين ختك الي ماراهيش حابسه الشي,1,1,True,0.9831998348236084,0.0168001651763916
المبلغ هادا حكمو حداد صرف رقيق يا ارهابي,1,1,True,0.868046224117279,0.13195377588272095
يتسما نحمد ربي,0,0,True,0.012238647788763046,0.987761352211237
كفاه راهم يديرو هاذو باه يربحو,0,1,False,0.965772807598114,0.034227192401885986
اولا تكلم القباءل بصفه الجمع قضيه ربراب ثانيا المدافعون دافعو كبيرهم ربراب وعندما نقول ربراب نقول توفيق وحداد دافعو احشمو احشمو,0,0,True,0.3481442332267761,0.6518557667732239
هذا والى سرق نورمال ماشي كما نتوما يا قتالين,1,1,True,0.9849634766578674,0.015036523342132568
مهمتنا تغيير النظام وليس تحرير ربراب,0,0,True,0.05477754399180412,0.9452224560081959
رانا نامنو بربي الرحمان الرحيم الرزاق الغفور اخر اسماء انتاعو وهذاك زعيم وراجل حب حب وكرها كره ايها الاحمق,1,1,True,0.6722304821014404,0.32776951789855957
هذا وزير هذا تقول قردقود,1,1,True,0.6921894550323486,0.30781054496765137
الله يسهل,0,0,True,0.010618031956255436,0.9893819680437446
هواتف رديءه باسعار باهضه,1,0,False,0.047134172171354294,0.9528658278286457
تموتو من مولوديه 🤦‍♂️,0,0,True,0.19715288281440735,0.8028471171855927
ياو روح تعطي مازالك تحكي,1,1,True,0.9934239387512207,0.006576061248779297
hasbiya allah wa ni3ma el wakil fik,1,0,False,0.157861590385437,0.842138409614563
ou khtek kayna menha,1,1,True,0.9649256467819214,0.03507435321807861
ايسكوبار كان عندو مشاريع كتر من ربراب ايسكوبار وحدو سكن نص كولومبيا تسمى ايسكوبار مليح لي غلط يتحاسب او الشركه فيها مجلس اداره يروح ربراب يجي واحد في بلاصتو,1,1,True,0.5648274421691895,0.43517255783081055
العصابه مازالت تستغل ماسي الشعب الزوالي باش تحب تبلعط وتتقرب من الناس لراهي رافضه ليها وماكاش الشرعيه لحكومه الجنرالات,0,0,True,0.15979072451591492,0.8402092754840851
ان شاء الله قاع يتحاسبو,1,0,False,0.23752649128437042,0.7624735087156296
يتبعون مقوله اويحي جوع كلبك يتبعك كلاب السلطه يتنحاو قاع ترحلوا يعني ترحلوا تنحاو قاع دوله مدنيه ماشي عسكريه يسقط حكم العسكر,1,1,True,0.9931331276893616,0.006866872310638428
نعدين سوا تع مك,1,1,True,0.9938435554504395,0.006156444549560547
خاوتي سلام عليكم راني حبيت نسقسيكم اقصي لتدخل مصالح الصيانه لديكم زبون لديه مشكل ثلاجه,0,0,True,0.018169865012168884,0.9818301349878311
انا نعبد في القايد صالح مبعد بدلت راني نعبد في شنقريحه حتى ايبان كاش واحد واقف نزيد نعبدو,0,0,True,0.023047875612974167,0.9769521243870258
الشوربه البيضاء الشعيريه بالدجاج اصلها الجزائر العاصمه والشوربه فريك اصلها الاوراس من قسنطينه والهضاب العليا السطايفيه,0,0,True,0.06413526087999344,0.9358647391200066
ياك كنت معاه ودرتي فيديوا معاه نهار حكموه لبوليس وطلقوه دك بديتوا دوروا بعضاكم ياوحد الحركي,1,1,True,0.9802897572517395,0.019710242748260498
طرول قاعد كي سوهختك,1,1,True,0.9934857487678528,0.006514251232147217
انتم مفروض ديرو اشهار لجميع منتوجات بروند,0,0,True,0.01064616534858942,0.9893538346514106
علاه كاين بالو دزاير 😂,0,0,True,0.010584021918475628,0.9894159780815244
بابا تدافعو المجرم ربراب هاذي زادت فضحت الزواف,1,1,True,0.9785988330841064,0.021401166915893555
لاحول قوه باله الهم الطف بنا وباشقاءنا,0,0,True,0.019049901515245438,0.9809500984847546
بسكره عندكمش نقاط البيع,0,0,True,0.01472494751214981,0.9852750524878502
ربراب الهدف القبض ربراب,0,0,True,0.26467111706733704,0.735328882932663
طحان وتقعد طحان والله وتبوس رجلين كل جزائري واحد واحد والله مانسامحوك انت وكل فرد في عصابتك لكم يوم والله يمهل ولا يهمل,1,1,True,0.9937918782234192,0.0062081217765808105
المهم التبهديل الكبير في كاس العالم هذا هو الهدف المقلوب عفوا المطلوب,0,0,True,0.14047618210315704,0.859523817896843
مبروك عليك علينا le diplôme,0,0,True,0.00916509609669447,0.9908349039033055
الا لعنه الله على الكاذبين,1,1,True,0.9931856393814087,0.006814360618591309
انت عييت ما تنبح مالحقتش,1,1,True,0.9909390211105347,0.009060978889465332
القانون الجميع ربراب اظهرت التحقيقات متورط الفساد لازم يتعاقب اطار القانون منو مالناس,0,0,True,0.04704009369015694,0.9529599063098431
مانحبش نسمع 😒,0,0,True,0.01585577428340912,0.9841442257165909
ربي 🤨,0,0,True,0.011058573611080647,0.9889414263889194
خلونا الدراما والعاطفه تاكدنا بلي ربراب غالط ندافعوا علاخاطر قبايلي كقبايلي نقول بلي خان ثقتنا السنين ومايسحقش ندافعوا ثبت ادانته يعني سقوط رءوس الفساد وماتخافوش ماراهمش رايحين يسلكو السعيد وجماعته ودالته يكن ربك نسيا نهدرو بالعقل,1,0,False,0.3111879229545593,0.6888120770454407
anta arkhis,1,0,False,0.44768431782722473,0.5523156821727753
فرنسا العصاباتالجزاءريهم ارهابيه,1,1,True,0.7268187999725342,0.2731812000274658
وجوه الزب لي داخلين باش يقولو اكتبو اله ديرولي جام صلو النبي ياو نيك ماتكم نيك ماتكم وجوه المقله,1,1,True,0.9935919642448425,0.006408035755157471
الدعاء استوقفتني كلمه حكمك عدل اذن الوضع تعيشه الوضع تستحقه,0,0,True,0.01545758731663227,0.9845424126833677
نسيت بوصبع العبيد تع بو تبون🤔,1,1,True,0.9932936429977417,0.006706357002258301
اكبر سراقين في العالم,1,1,True,0.9920096397399902,0.007990360260009766
اين المفر,0,0,True,0.04398944228887558,0.9560105577111244
ربراب هذا من فضل ربي 😁,0,0,True,0.008898881264030933,0.9911011187359691
خساره عليكم يالي راكم تهدرو عل القبايل ميعرفوش الدين,1,1,True,0.985651969909668,0.014348030090332031
احنا الجزايرين قاعدين نكسرو بعضانا تشراك الفم,1,0,False,0.047499753534793854,0.9525002464652061
حياك اله استاد العربي,0,0,True,0.011237320490181446,0.9887626795098186
وعلاه هربت قبل ماتطفى الناراحناكناثم في القاله ماخرجناش حتى طفاوها وخرجنا وقت المغرب والحمد لله ولاحو,0,0,True,0.026676783338189125,0.9733232166618109
مبروك علينا نتمنا للجزائر الترشح لكاس العالم ضمان المرتب الثالثه ❤,0,0,True,0.009332437999546528,0.9906675620004535
نسيت بابانا,0,0,True,0.01450642291456461,0.9854935770854354
هل يوجد المحل في جيجل,0,0,True,0.009574088267982006,0.990425911732018
مصطلح قهوي هو مصطلح عنصري معناه اللون البني وهو اشاره الى العرب باعتبارهم بشرتهم سمراء كل شخص يستعمله بقصد,0,1,False,0.5894410014152527,0.4105589985847473
كم ثمنها من فضلك,0,0,True,0.009439794346690178,0.9905602056533098
او 46 الف تاعي بركاو ماتسرقو رجعوها,0,0,True,0.19726116955280304,0.802738830447197
ماكرون مجنون يرسل اختو تقاتل اله يلعن الظالمين,1,1,True,0.8555916547775269,0.14440834522247314
سبب دائما السرعه المفرطه يوو معدناش طريق افهمو طريقنا كامل امكسره,0,0,True,0.01800496317446232,0.9819950368255377
الجيش والشعب لحمه واحده سليل الجيش التحرير الوطني نصيحه لكل انسان يتحدو كلمه واحده الجزاءر,0,0,True,0.020562678575515747,0.9794373214244843
تخفيضات,0,0,True,0.019638771191239357,0.9803612288087606
كلب نباح,1,1,True,0.9930636286735535,0.006936371326446533
اله يسلمك,0,0,True,0.008357446640729904,0.9916425533592701
هادي لفسو تع سيدك خطيك متنجميش,1,1,True,0.6896111369132996,0.31038886308670044
روح تقود كلاب فرنسا,1,1,True,0.9926316738128662,0.007368326187133789
يارب لي بالي,0,0,True,0.03065778687596321,0.9693422131240368
السلام عليكم يا مجموعه براند المطلوب منكم تفتحوا لينا فرع ولايه الطارف شكرا,0,0,True,0.007966346107423306,0.9920336538925767
افضح افعال واقوال العصابات الظالمه والمفسدهتنابح وتالم كلابهم الظاله الذباب,1,1,True,0.9928366541862488,0.007163345813751221
حبا الله الاحرار الشعب العظيم,0,0,True,0.015301885083317757,0.9846981149166822
قناه النهار مصادر موثوقه تءكد يسعد ربراب متورط هجمات سيريلانكا😂,0,0,True,0.18740615248680115,0.8125938475131989
يا جماعه مافهمت والوا قاستو الرجله النيف يتكلم الدين يقول المنكر الفساد حنا كامل نخافوا ربي نتقوه نتوما كامل تحبوا الغفه الطهاره املا شكون راه يكذب بنات الناس شكون راه يزني البغايا العاهرات تقولولي الشرطه الامن شكون الشرطه شكون ياخي منا علينا كامل جزايرين يحل فموا يبدا بنفسه يتقي اله ربي يهدينا يرفق بينا,1,0,False,0.4437558054924011,0.5562441945075989
لم تلمسها يا ادمين🤷‍♂️,0,0,True,0.02757214941084385,0.9724278505891562
اكبر منافق نتا هوا ربراب تاع نمي نكتونا لبلاد تناحو قاع تحاسبو قاع العداله,1,1,True,0.9924644231796265,0.007535576820373535
بركاو التخلاط وشي هاذ المصطلحات الغريبه قهوي روجي وردي موفي سميو الاشخاص باسماءها وحطو الامور نصابها حبسونا هاذ لهبال,0,1,False,0.7917571067810059,0.20824289321899414
خاوتي انا راني مبيراطي هاج لا باجمتنخلعوش 😂,0,0,True,0.04295593872666359,0.9570440612733364
مخروب,0,0,True,0.1848941147327423,0.8151058852672577
افضل هاتف لاكن ماذ البروسيسور,0,0,True,0.014523159712553024,0.985476840287447
جي نتا حلوه يا المازده,1,1,True,0.9940114617347717,0.0059885382652282715
استغفر الله الله يرحم معطوب الزعيم,0,0,True,0.009616570547223091,0.9903834294527769
نتوما اعراب اشد كفرا نفقا ربنا رب السماوات الارض نعبد الحي القيوم انتم تجهلون وتضعون الصور اشركتم بربكم انتم تعلمون لنا اله,0,1,False,0.8760941028594971,0.12390589714050293
عير بجايه وجيجل برك الي تدعيلهم خهه,0,0,True,0.022827258333563805,0.9771727416664362
akdli ela soolking 🤣,0,0,True,0.040269993245601654,0.9597300067543983
الكعب مود دو,1,1,True,0.9933167695999146,0.006683230400085449
الغساله بقداه,0,0,True,0.011083537712693214,0.9889164622873068
جيبوها لفريق الوطني,0,0,True,0.016613168641924858,0.9833868313580751
سمحيلي مانعرفكش وجهك يربحش شغل نتاع مشاكل,1,1,True,0.9913970232009888,0.00860297679901123
الكل مع محاربه الفساد والفاسدين المشكوك فيهم ولست متضامن مع ربراب ولا غيره فالمحكمه هي الفاصل,1,0,False,0.1431140899658203,0.8568859100341797
جامي تحنو علينا وتعطونا واحد من عندكم دارنا كل منتوجات كوندور,0,0,True,0.008710218593478203,0.9912897814065218
خاوتي ليعرف كيفاش تمشي تيلكموند لي في ساعه كوندور 601,0,0,True,0.011124053969979286,0.9888759460300207
okay hchon ymak,1,1,True,0.993901252746582,0.006098747253417969
روح تعطش روحك راك عطشان بكري,1,1,True,0.9931361675262451,0.006863832473754883
هناك عروض اخري وهل بالامكان الاستفاده العرض,0,0,True,0.057057637721300125,0.9429423622786999
هاذي صناعه جزاءريه,0,0,True,0.026307590305805206,0.9736924096941948
نيك موك,1,1,True,0.9923567771911621,0.007643222808837891
حياك0اله ياحور,0,1,False,0.9712942242622375,0.02870577573776245
ان الشيطان يعدكم الفقر,0,0,True,0.02704126201570034,0.9729587379842997
المهم ضربوهلو كيما انت,1,1,True,0.5057885646820068,0.49421143531799316
تخمامك كيما نتع يعطينا المنشور,1,1,True,0.9433110952377319,0.056688904762268066
البروبلام يقولولو استاذ فالايف,0,0,True,0.010329331271350384,0.9896706687286496
كيما اغتاصبوك مين كنت قاصر اومازالو يغتاصبو فيك وانتا تتلذذ,1,1,True,0.9898597598075867,0.01014024019241333
كلشي مبروك زكاره في عبله الرخاس لي حاكمين الجزاير,1,1,True,0.84845370054245,0.15154629945755005
1830,0,0,True,0.38547900319099426,0.6145209968090057
تشفاو نهار لي تصورو زعما قريب ربغين واحد قع لابسين تريكو واحد يامات العيد,0,1,False,0.5901774764060974,0.4098225235939026
انا امين 25 سنه,0,0,True,0.016243023797869682,0.9837569762021303
المهم ترقبوا عوده زيت السانقو صفيه بقوه ببوشون واحد فقط تستطيع قلي خروف بشحمه ولحمه وتشتريه بثمن قهوه ومعلب في قاروره قصديره ملعونه ذبحت يدي في محاوله فاشله لفتحها من اجل قلي البطاطا على شاطئ البحر وتوكل اافريت بطعم الدم ونتا جد فرحان وسعيد في حين ربراب يضرب في الصبه بطعم عصير المقارون هو ومعه ربراب وعائله خنينف اللذين بنوا السجون ودشنوها مبكرا عن طريق خط مواصىلات سيدي محمد الحراش السريع,0,0,True,0.12896817922592163,0.8710318207740784
امير يماه اشرف منك يالقحبه تضلي تلحسي في الكابريات باه يعطوك مصروف يالجعانه خامجه,1,1,True,0.9942650198936462,0.00573498010635376
استغفر الله واتوب اليه هذا حاب يدير الفتنه برك,1,0,False,0.056376729160547256,0.9436232708394527
ربراب فءنسي وحداد بريطاني واخر خبر كونيناف جنسيه سويسريه لك اله يا جزاءر,0,0,True,0.05114990100264549,0.9488500989973545
koulchy mabrouke hagda abla taharake rpake rpake ya abla,1,1,True,0.7678289413452148,0.23217105865478516
نك زبي هاذي بلاد,1,1,True,0.9941879510879517,0.00581204891204834
بقداه السوره تاعهم كاين في قالمه او عنابه,0,0,True,0.014841929078102112,0.9851580709218979
استغر الله واتوب اليك,0,0,True,0.011361612938344479,0.9886383870616555
يا سبي فرونسي نيكتلها الحتشون تاع يمات يماها,1,1,True,0.9915865659713745,0.008413434028625488
او انت تعطيني معلومات,0,0,True,0.36263108253479004,0.63736891746521
hna machi monafiqin kima ntouma ya zebi ma nseliwch besah ma 3endnach nifaq wrouh tati yedek fi zeb,1,1,True,0.9138319492340088,0.08616805076599121
اله يحرق طيز مك ونتا ولد حركي واش كشف تفوه علا ختك وانت اكبر منافك انت تنتمي لي اصحاب الشيته نتا مخبي السم فلعسل,1,1,True,0.9939951300621033,0.0060048699378967285
الفازون بمسابقه ديسمبرالماضي ستف واربح الاسبوع,0,0,True,0.016051853075623512,0.9839481469243765
اقلي بول البعير يل عربي الفايح,1,1,True,0.9937151074409485,0.006284892559051514
wtizz mok nssitha,1,1,True,0.5534864664077759,0.4465135335922241
انت برضايتك مديت زك,1,1,True,0.9497312903404236,0.050268709659576416
ايتها الافعى سامه لعنه الله عليكي الى يوم الدين,1,1,True,0.9868195056915283,0.01318049430847168
عيبك يا بء لبزازل,1,1,True,0.8756357431411743,0.12436425685882568
وعدت تجيب الاموال المنهوبه شفنا والو,0,0,True,0.013582258485257626,0.9864177415147424
ربي يحفظك ويسترك من كل اذى ربي يرحم امك ان شاءالله ويغفرلها يارب العالمين امين,1,1,True,0.9825281500816345,0.01747184991836548
مكن صوره,0,0,True,0.011624766513705254,0.9883752334862947
شكون لي ماشي فاهم في جدها والو كيما انا,0,0,True,0.015369021333754063,0.9846309786662459
مادام القبائل مع ربراب فان ربراب مظلوم جيبو حداد لا واحد اخر تشوفو لقبايل كيفاش يبولو عليه,1,0,False,0.3443717062473297,0.6556282937526703
المشكل ان الدعاره في الجزائر اصبحت في كل مكان في الجامعه لا سيتي السبيطار اخطر دعاره تصرا هي في البرلمان قصر الجمهوريه راك فاهم,1,1,True,0.681824803352356,0.31817519664764404
نيك سوه تاع مك يا لي راك تهدر كرهت ربك هدرتك خنزير,1,1,True,0.9939523339271545,0.006047666072845459
صحفي حر حيا اله الاحرار ديما عقبهم,0,0,True,0.03690686449408531,0.9630931355059147
بانت حقيقتك,0,0,True,0.012473960407078266,0.9875260395929217
توجد مدفءه الغاز وكم السعر,0,0,True,0.015957137569785118,0.9840428624302149
اصل كلمه بوراك تركي,0,0,True,0.018688645213842392,0.9813113547861576
atfo fik ya kalb,1,1,True,0.8776007294654846,0.12239927053451538
استغفر الله العظيم واتوب اليه استغفرالله استغفرالله العظيم واتوب اليه,0,0,True,0.010155824944376945,0.989844175055623
الصواب غلق الحدود نسي اغلق الحدود لاول مره لماذا الم نكتفي منهم وقت مضي كانو يونادونا الارهابين الم تغرق الجزاءر بالمخذرات الم تكن ملجا لقيادات الارهابين الجزاءر منفذ لسلحه كذب افتراء واله شعب عزه كرامه فاذا اعتبرتونا جاهلين فنحن التسعينيات فلو خيروني بينا الحرب السلم المغرب فاختار الحرب لكي انتزع ثار الشهذاء مات وقت الارهاب,0,0,True,0.2841767966747284,0.7158232033252716
نشرها غاليه احسن يمدوهالي باطل مخيمات الاجءين يالخاين,1,1,True,0.9885488152503967,0.011451184749603271
رخس وين صبوه,1,1,True,0.9925366640090942,0.007463335990905762
لست بساحر بصح علابالي راك قاعد دك خاصك دراهم01,0,0,True,0.015366251580417156,0.9846337484195828
رساله لصباح حبسي لغناء بهدلتي بروحك شوفي كاش حاجه اخرا اخرجيلها طاي طاي ربي يهديك يديك,1,1,True,0.9824249148368835,0.017575085163116455
ربي يجازيك استاد وجعل قبر امك روضه من رياض الجنه,1,1,True,0.9938294291496277,0.0061705708503723145
اله يعافينا منو,0,0,True,0.01430774200707674,0.9856922579929233
بالبركه لعقوبه لحاجه اخرى,0,0,True,0.014772478491067886,0.9852275215089321
alkhana mol mazda hadi srarlek lik,1,0,False,0.25992482900619507,0.7400751709938049
اه قصدك الاخرار تفوه عليك,1,1,True,0.9644830822944641,0.03551691770553589
بوادر ازمه لا يحمد عقباه,0,0,True,0.016891149803996086,0.9831088501960039
مش لازم غني هكاك بعد,0,0,True,0.01927863620221615,0.9807213637977839
سقسي اي واحد هنا يقولك ساره بريئه عاقله مسالمه nمي عائشه نوو🤭,0,0,True,0.06145266443490982,0.9385473355650902
او غاقو بكم لاتشغلوا الناس على الحراك الحراك ماضي الى يوم الدين,0,0,True,0.07486216723918915,0.9251378327608109
de khra,1,1,True,0.7470142841339111,0.25298571586608887
مستوى منحط هزيل اهدو يسمو معارضين همكم الوحيد الجيش ثما الجبش حفظ الله لجزائر جيش ارض شعب من مكركم تحيا لجيش الشعب يقول تحيا لجيش,1,1,True,0.9086349606513977,0.0913650393486023
الطمبولا كيفاه حكايتها 😕,0,0,True,0.03560900315642357,0.9643909968435764
اخلايا شا راه صاري دزاير كل يوم حاجه جديده الترند واش هو زيد ربراب مالو احوجي غيرر لجديد جزائرنا,0,0,True,0.060418423265218735,0.9395815767347813
ماهيه نسبه الاسهم تنازلت ياسمين لصالح عمها حسان,0,0,True,0.015288512222468853,0.9847114877775311
مستوى ثالثه ابتدائي ولى صحفي,1,1,True,0.5103408098220825,0.4896591901779175
زل كيما نتا يهدر معطوب تاع زبي,1,1,True,0.9924922585487366,0.007507741451263428
اشتريت جهاز مبرد براند بصح ابردش,0,0,True,0.04962209239602089,0.9503779076039791
كلاو مسحو المرميطه من بعد حصلوها فالكاسكيطه واعرين اصحاب الفرشيطه ولا نزيد نرسملك,1,1,True,0.8488426804542542,0.15115731954574585
n3el hecun yemak,1,1,True,0.9791452884674072,0.020854711532592773
مقستهاش كامل مدولو الفين نحي هدا المنشور زعما دي زاجيريا اك شايف,1,1,True,0.9325679540634155,0.06743204593658447
ماسمعناش الشاب يتكلم الشاب القاصر ولازم شهاده طبيه كي تثبت ذالك لازم دائما دلائل والا اي واحد يجي يقول اغتصبت,0,0,True,0.18014821410179138,0.8198517858982086
البلاد راحت في زبي,1,1,True,0.9784034490585327,0.021596550941467285
وجود الفقراء الاغنياء وانتا وفهامتك,0,0,True,0.1407187134027481,0.8592812865972519
نوميديا بزول,1,0,False,0.010341339744627476,0.9896586602553725
فعلا كون بالاك طفا ضو وخلاك خصيته راهي خير ليك فقر وزيد ادمين,1,1,True,0.9770623445510864,0.022937655448913574
كنت اتوقع انك معهم,0,0,True,0.03669019043445587,0.9633098095655441
ولله لوكان كل الشعب بعقليه خوتنا لقبايل ماتبقى العصابه العسكريه مده اسبوع,0,0,True,0.015057818964123726,0.9849421810358763
مالغري ما نحملهاش بصح والله غير كلامها كله صح لي سخنتلهم الفرفاره غير لي حسوها في جنابهم👌,1,1,True,0.9311461448669434,0.06885385513305664
انواع الزيوت خير وبركه متعاملين بزاف بلادنا وعله انت تموت سلعه ربراب اموت فرنسا ايبا دير لق,1,1,True,0.9786055684089661,0.021394431591033936
اخمج امراه هذي تفوه ياوحد الخامجه الفايحه المترجله اله ماتستحقين اله يقسم ظهرك كلبه,1,1,True,0.9943850040435791,0.0056149959564208984
kolchi yajabdeh zitout makanch laab maah,0,0,True,0.12319209426641464,0.8768079057335854
وانتم بالف خير تقبل اله منا منكم صالح الاعمال كوندور راءده مزيد التالق شكرا لكم تقدموه لنا,0,0,True,0.010390844196081161,0.9896091558039188
بهلول,1,0,False,0.36420920491218567,0.6357907950878143
بالنسبه لناس الي تادفع ربراب بحجه توفيره لمناصب شغل سجنه سيجعل الاف الناس بطاله ويقولك ماغاضنيش ربراب غاضوني الناس الي تقطع رزقها نقولهم كيما قولتو لبوليسي نحي الكاسكيطا وارواح معانا وقلتولو خاوه خاوه والرزق ربي نقولكم ربراب يتحاسب وخاوه خاوه والرزق ربي واذا مانصب الشغل حداد تاني موفر مناصب شغل وكونيناف موفر مناصب شغل تاني ماغاضنيش البوشي غاضوني الناس الي كانو يخدمو معاه ويبيعو فالكوكاين وماغاضنيش الصراف تاع الزطله غاضوني الناس الي تبيع بالطرف وتسترزق منو,1,0,False,0.2859010696411133,0.7140989303588867
تنكنا في هاد الدزاير والله تخدم تعاني متخدمش تعاني كرهنا يارب 🥺,0,0,True,0.02475755475461483,0.9752424452453852
ادريس undefined خمم,0,0,True,0.026051754131913185,0.9739482458680868
حداد اخذ اضعاف المبلغ,0,0,True,0.022320711985230446,0.9776792880147696
الوزير هو من تسبب في نوم لقمان 😁,0,0,True,0.018667347729206085,0.9813326522707939
akbar kadeb menteur battar,1,1,True,0.8907213807106018,0.1092786192893982
الرزق ربي مش ربراب,0,0,True,0.011812776327133179,0.9881872236728668
مركز الهزه عرض البحر كيلومتر سواحل بجايه وشعر بالزلزال اغلب سكان الولايات الشرقيه والوسطي بدرجات متفاوته,0,0,True,0.02916683256626129,0.9708331674337387
يماك تبول واقفه وطوع فالبول ادمنماقستهاش فالانديه سي القهوي بلاك النادي لي تحبو معندوش لقب كاس الجمهوريه,1,1,True,0.9914585947990417,0.008541405200958252
بالتوفيق اخي لطفي كلنا نساندك جهرا ولا خوف من احد جمعه مباركه يا مشرف الجزائر,0,0,True,0.01091721374541521,0.9890827862545848
حنا منبعتوش خياتنا يقراو ولايات وحدوخرين يسكنو اقامات جامعيه يخرجو معاهم لي يلبسو هادوك سمعو هادوك يسيبورتيو هادوك يالقهوي يالغاملين يالي جيو العاصمه تصورو الامير تلبسو شوميزي تعرقو نيفكم يالمكعبات,1,1,True,0.9930405616760254,0.006959438323974609
راجل نستعرف بيك المسؤول اختار المسؤوليه فالاساس باه يخدم الشعب نقطه ارجع للسطر,0,0,True,0.047820642590522766,0.9521793574094772
يالمنافقين,1,0,False,0.011377446353435516,0.9886225536465645
نتا باينه خدعاتك مدامتك معا يلبس لاكوست,1,1,True,0.9912080764770508,0.008791923522949219
ولكن اذا اصبح كل ناس اغنياء لا تجد من يحلق شعر راسك او يبيع لك سجائر او يعصر لك القهوه الى اخره لانهم كلهم اغنياء لا احد يريد العمل لذالك خمم فيها مليح قبل ما تهدر,0,1,False,0.7952449321746826,0.20475506782531738
وعلاه زدت كلمه البائسين كيف تخاف الفقر والله رازق فقد رزق الطير حوت في بحر,0,0,True,0.03493828698992729,0.9650617130100727
tezz,1,1,True,0.9884888529777527,0.011511147022247314
الرزق على الله ❤️️ لا اريد تلك الحياه كما في الصور الخمر الذنوب,0,0,True,0.01008053682744503,0.989919463172555
الف مبروك ومزيد من النجاحات والتوفيق انت مفخره للشباب الجزائري,0,0,True,0.013631762936711311,0.9863682370632887
جامي لقيت منافقيق كيما صحافه جزائريه سلفولي وجوهكم نسكوكري بيهم ناس,1,1,True,0.9896629452705383,0.01033705472946167
روحي توبي يا عجوزه شمطاء الله يهديك لا صوت ولا مظهر مهزله,1,1,True,0.9931294322013855,0.006870567798614502
43 انش سعرو السمارت,0,0,True,0.023622367531061172,0.9763776324689388
هذا كامل بوصبعle bleuالمغيب الشماتى,1,1,True,0.993869423866272,0.006130576133728027
كل شي بالباركه بوك الله يرحمه يكون فرحان بيك يزيد تعلم اكثر في هذا الميدان الله يسهل صاحبي,0,0,True,0.017599377781152725,0.9824006222188473
الفرق بينكم الصحفي المنطقه المختلطه,0,0,True,0.033303387463092804,0.9666966125369072
انا نحير سيرفات واش فيها من بنه وزيد محروقه تاع واحد زوفري انت في رايي,1,1,True,0.9772640466690063,0.022735953330993652
ايفون صح هاتف ذكي ولي يتمشو اندرويد لاسف وله اغبياء,0,0,True,0.09574370086193085,0.9042562991380692
بغيت زعمه😂,0,0,True,0.03397649526596069,0.9660235047340393
روحو تقودو نتوم كنتو تلعبو في عره تاع هذا احتراف روحو تقودو زعما هما كانو يلعبو في ابطوله تاع انكليز,1,1,True,0.9925423860549927,0.007457613945007324
الله يبارك على لي لابسه قميص اديداس راك فاهم,0,0,True,0.009757745079696178,0.9902422549203038
السلام عليكم شخصيا عجبني المنتوج وبالتوفيق النتاءج الجيده,0,0,True,0.009354215115308762,0.9906457848846912
شيعه ولات عندها جمهورها وراهم داروا لا بعد والله نعيشوكم المرار غير نديروكم من المعذبين في ارض انتم تحقرون الاسلام في جميع اركان العالم ونحن نحقر جميع ديانات غير الاسلام,1,1,True,0.6460298895835876,0.35397011041641235
ختك لي هناك🙄,1,1,True,0.9935664534568787,0.006433546543121338
اح لفريش,1,0,False,0.03439244627952576,0.9656075537204742
احنا ناكلوا الكسكس والشخشوخ الفريث تديرولك القاوريه انتاعك يا ديوث,1,1,True,0.9882651567459106,0.011734843254089355
يجب اضافه السبت لحراك راحه الناس اتوا باليهودي المسمي العربي بلخير قصر المراديه التسعينات باش يخدعوكش واسمه الحقيقي مهيمنا القمح الجزاءري,0,0,True,0.06526664644479752,0.9347333535552025
وجوه الشر علاش محرز هادا وين بدا يلعب محرز توج ليستر احسن لاعب الدوري وجوه البخس تحليل وهدره ترامكم,1,1,True,0.9861453771591187,0.013854622840881348
اتقوا اله يعني واش ربحت جمعت اسوء مافالحياه وعرضته الناس تحبو ندير نكد السواد شوف اله يسود بماتك يجعل حالتك ضنكه تري رياضاناس قلبها ضاقت الدنيا كلها نزيدو بشروا تنفروا,0,0,True,0.1790827065706253,0.8209172934293747
بونا فراز كحلا,0,0,True,0.015522792935371399,0.9844772070646286
افهم تناقضتهم كيف التحالف يضرب داعش سوريا العراق جوا ارض مكشوفه فيهرب الفيروس ليبيا لماذا لكي ينتقم دوله اسلاميه عربيه سنيه الاولي مقاتله يقاتلونه فداعش صناعه امريكيه اسرايليه ارانيه الامه الاسلاميه العربيه السنيه ونحن الشعب الجزايري جيشنا خندق وسنقطع ايدهم ادا مست دره بلادنا المخضب بدما الشهدا,0,0,True,0.27104538679122925,0.7289546132087708
الشرطه لي حطيتو لهم الصحون تاع الكاشير في الارض وسميتوهم كلاب ياخونه,1,1,True,0.9928674697875977,0.007132530212402344
عبلويه 10😵,1,0,False,0.12464489787817001,0.87535510212183
بات بريزي,0,0,True,0.012951402924954891,0.9870485970750451
نعتذر اخي لا توجد,0,0,True,0.03546663746237755,0.9645333625376225
ماشاء الله تعليقات تليق بك ايها الرويبضه يا زنديق,1,1,True,0.7025325894355774,0.2974674105644226
سحب الجنسيه الجزاءريه منهم واله مسءلين حمير,1,0,False,0.2611185610294342,0.7388814389705658
الشعب قال له نريد رب الدزاير في الحراش,1,0,False,0.027581945061683655,0.9724180549383163
bayen dhork rak hawass kifach tlazag zelzla nidham 😂,0,1,False,0.6713429689407349,0.32865703105926514
راك عارف روحك يلي نتا جايح ورخيس,1,1,True,0.9935153722763062,0.006484627723693848
حيا الله احرار الفريت اوملات بالبيض 😂,0,0,True,0.20157799124717712,0.7984220087528229
جنسيه بريطانيا,0,0,True,0.08045528829097748,0.9195447117090225
16 جيقا ويقلك ستوكي ياناس العلم راهم لحقو 28 جيقا وحنايا مازال في عليها مازلنا روطار,1,1,True,0.8893997669219971,0.11060023307800293
اله يهدينا,0,0,True,0.009669162333011627,0.9903308376669884
نتا مشفتش فريت اوملات بالبطاطا يا البغل,1,1,True,0.9940535426139832,0.005946457386016846
الاداره لي نخدم مرحبا بيك,0,0,True,0.012724248692393303,0.9872757513076067
تعالي ياسلحفاتي نبحث عن مرعى اخر فيه عشب اخضر,0,0,True,0.013624039478600025,0.9863759605214
نقش ونقشه😁😉,1,1,True,0.9874858260154724,0.012514173984527588
وجوه النم,1,1,True,0.988658607006073,0.011341392993927002
خل معالجه الصوره,0,0,True,0.02790270932018757,0.9720972906798124
ادعوا اله يهدي هاءلاء الفاسدين يستعملوا اموال الشعب لبناء مباني وسكنات تليق لعيش الكريم وادعوا ياتوا بمهندسين معمارين متفوقين الاعمار حتي ينوا ويصموا بناءات سليمه وامنه واله شيء شر منا الشسطان وكل شيء خير اله,0,1,False,0.6237669587135315,0.3762330412864685
اين قايد صالح اراه,0,0,True,0.03566719964146614,0.9643328003585339
الجزاءر ماشي جديده قديمه وفيها السيراج حكايه الزيت والغلي البكري ماشي برنامج نتاع فرنسا مزال يمشوا بيه والضحيه الشعب,0,0,True,0.20683182775974274,0.7931681722402573
المقاطعه هي حل عقابي يستجيب له التاجر الذي يحترم مستهلك بضاعته ويتجاهله التاجر الفرعون النازي الذي يرى نفسه من سلاله الالههو,0,0,True,0.019012024626135826,0.9809879753738642
من حراش,0,0,True,0.02992001734673977,0.9700799826532602
كيف يمكنني الاتصال بكم انا مسؤول بقناه الجوهره تي في الجزائريه وهي قناه مخصصه للمراه الجزائريه 90 بالمئه من برامجها طبخ لدينا العديد من العروض التي تهمكم اتصلوا بنا على الرقم 6748,0,0,True,0.011465493589639664,0.9885345064103603
بكل فرح سرور تواصل معنا الرقم الاخضر,0,0,True,0.008598515763878822,0.9914014842361212
من اليوم يا السطايفي راك كيف كيف فالميزان نتا والبجاوي ممنوع عليك حملاوي,0,0,True,0.06205231323838234,0.9379476867616177
حياك اله استاذ العربي زيتوت,0,0,True,0.009662269614636898,0.9903377303853631
ها رب على فريت اوملات بالبيض 🤣,0,0,True,0.071920245885849,0.928079754114151
نرجعو لمقوله ديدين فوك المروك ومحمد السيس نهار دار غنيه تع فوك لافرونس بلاتوني تع البياسجي,1,0,False,0.05035146325826645,0.9496485367417336
كاين خل 💁🏻‍♀️,0,0,True,0.01093172375112772,0.9890682762488723
هادو جماعه الفيس رفعوا دعوه فضاءيه ظد نزار سويسرا راهو دخل دوك شكا بيهم هوا السفاحين يشكيو بعضاهم,1,1,True,0.7386207580566406,0.2613792419433594
الله يشافي كل مريض,0,0,True,0.009296758100390434,0.9907032418996096
الولين غالين والثانين مايسمعوش بيك بلي كاين فالخريطه والثالثين انجبو رجال المدرجات ونتا مزالك تمنيك,1,1,True,0.9933261871337891,0.0066738128662109375
كاش حمار ينيك مشي خيرلك ياوحد الخامجه,1,1,True,0.993979811668396,0.006020188331604004
افريقيا الكحلاء,0,0,True,0.023670261725783348,0.9763297382742167
ta tahder 3la usma pff bayna debrech,1,1,True,0.6299303770065308,0.37006962299346924
اوا نتوما الكبده تخرجو منها العضم ناس راهي تبني تعلي ناس لحقت لقمر نتوما تعسو في لالهه ديجا رانا مسلمين انا قبايلي مسلم اطورو لله لا تربحكم ضحكتو علينا الجناس,1,1,True,0.973747968673706,0.026252031326293945
قناه الجزاءريه,0,0,True,0.12652747333049774,0.8734725266695023
بصراحه شفت ذرك لايف نتاعهم يقولو ليك لمان ليك لمان الجزائر ما فيك لمان ياكلو,0,0,True,0.04521702602505684,0.9547829739749432
روح اله يذلك با وجه البخس نتا ماراح يصوتو المخنثين,1,1,True,0.9940823912620544,0.005917608737945557
درك بنادم فتنه واش تعرفوا مليح,1,1,True,0.5717055201530457,0.42829447984695435
مليح لصحه,0,0,True,0.016307801008224487,0.9836921989917755
وعلاه ماديرش ابوني تفرحني,0,0,True,0.01750805787742138,0.9824919421225786
خليو العداله تحكم واش يكون ربراب هذا ملاك معلابلناش,1,0,False,0.47082364559173584,0.5291763544082642
المهم ماتشريش زيت ربراب,0,0,True,0.05914899334311485,0.9408510066568851
احب بلدي الصراء والضراء والحمد له اقول كلام الفاحش بلادي لاني تربيت حب الوطن الغالي,0,0,True,0.01322044525295496,0.986779554747045
دوله عسكريه مدنيه عاش جنرالات الجزاءر 🇩🇿,0,0,True,0.07803989946842194,0.9219601005315781
نتا اكبر كعبه يا حتشون يماك كافي مبعر,1,1,True,0.9941503405570984,0.005849659442901611
تحيا الجزائر🇩🇿,0,0,True,0.011159220710396767,0.9888407792896032
علاه تحبو طلعو علامكم بلقبايل لي يحب التفاعل برك يهدر على شواكرو نقعدو عقدتكم شواكركم الى يوم الدين ☺️,1,1,True,0.7149645686149597,0.2850354313850403
الشعب الجزاءري شعب مستهلك يجري وراء الاشاعات مره يصنع لنفسه لغيره الازمات,0,0,True,0.015027427114546299,0.9849725728854537
wach dakhal mouloudia nik 3amak nta wa7ed mhadouk li mayakhirjich lbara ou tabou tio m9wadin fcb balak darkom ou mayaarfoukch ya zbi,1,1,True,0.9910951852798462,0.008904814720153809
frites omelette bayd ya wahd café,1,1,True,0.898047685623169,0.10195231437683105
الزيت مفقود اخبار تقول بانه يعد مدعم طرف الدوله سياسه استرجاع الاموال المنهوبه حسبنا اله الوكيل فيهم,0,0,True,0.01959676668047905,0.980403233319521
stghfirllh,0,0,True,0.024020833894610405,0.9759791661053896
سعر مكيف,0,0,True,0.009396118111908436,0.9906038818880916
وين,0,0,True,0.028644589707255363,0.9713554102927446
نت دارولك خماج نتاع الفتنه,1,1,True,0.9915115237236023,0.008488476276397705
عنصرين,1,1,True,0.9641686081886292,0.03583139181137085
هاذوك الخزرات حسيتهم موجهين لعبله مشي لكاميرا,0,0,True,0.18811051547527313,0.8118894845247269
انا مسكينه ادا تعطيوني وحده كادوا,0,1,False,0.7128226161003113,0.2871773838996887
نيكو برك نهار كامل انتوما تلقيو في خلايقكم فاليوتيوب تلبسو ليلونتي طلسو وجوهكم بالمكياج تلقاكم تعملو فالفتنه قحاب بلا حكم,1,1,True,0.9933930039405823,0.006606996059417725
حمار كان جاء بنادم نتا هو تسما ماشي بنادم ان شاء الله موت لك لزطوط,1,1,True,0.9924136996269226,0.007586300373077393
ايه ياشكوبستان مرتينا لمعيشه وقت بومدين غالي فرنك وظك ولات اورو غاليه بميتين مره شي خرافي ياحبيبي,1,1,True,0.9365918040275574,0.06340819597244263
القباءل راهم يلعبو بنار داهم نيفف علي ربراب سراق ميزان تاع سكر,1,1,True,0.7962405681610107,0.20375943183898926
روحو تقودو كامل نيف رجله مكاش رخاس يتنحاو قاع,1,1,True,0.9938861727714539,0.006113827228546143
السمينه شعلها جاءكم فاسق بنبا اله ينوضلك الشعر راسك سمانه اتزيد تفرطس,1,1,True,0.890590488910675,0.10940951108932495
عنصريين,1,1,True,0.9552197456359863,0.04478025436401367
ربي يستر يحفظ البلاد العباد,0,0,True,0.11525773257017136,0.8847422674298286
ماشاء الله دماغ شغاله مش بتنام,0,0,True,0.12367817014455795,0.876321829855442
استهداف ربراب هذا باه يهيجو لقبائل ويفزدو الحراك ربي يجيب الخير فالساعات القادمه,0,0,True,0.09548330307006836,0.9045166969299316
القبايل نحكو كلاب ربراب والتوفيق,1,1,True,0.9925215840339661,0.0074784159660339355
احمق,1,1,True,0.9578448534011841,0.04215514659881592
السلام عليمك,0,0,True,0.010621749795973301,0.9893782502040267
شنوي 💚❤ معجبكش حال نكمك تالي,1,1,True,0.9873448014259338,0.012655198574066162
راك دير فالفتنه اوماتربح صبعي الوصطاني تقعد عليه,1,0,False,0.21942290663719177,0.7805770933628082
لازم اضراب قطاعات حساسه في دوله مثل سونطراك نقل موانئ كل مؤسسات الدوله,0,0,True,0.021232428029179573,0.9787675719708204
صفحه عنصريه ب👍متياز,1,1,True,0.9758839011192322,0.024116098880767822
هاكدا بدا الارهاب,0,0,True,0.06863228976726532,0.9313677102327347
نعلبو جد يمات بوك الحلوف يا وجوه لخري ميكروب يا الزح وجه الترمه,1,1,True,0.9935104250907898,0.006489574909210205
ربي يحفظك اخينا العربي زيتوت واصل انشاء الله حتى تسقط العصابه,1,1,True,0.9275843501091003,0.07241564989089966
يشكب يتزوج ويزيد يجيب خمسين طفل من فوق من شده الكبت وكي تخلاص عليه يقولك كفاه,1,1,True,0.9065492153167725,0.09345078468322754
chbi rbk thki 3la mouloudia ya kba yakhi kba,1,1,True,0.982187807559967,0.01781219244003296
واله نت عايش فخانس راك غاي الاها روحك حنا رانا غاي,1,1,True,0.9719070792198181,0.028092920780181885
وي نعمه التربيه وما شاء اله علابالي راكي عليا ه🤣❤️,0,0,True,0.010006709955632687,0.9899932900443673
نداء التنسيقيه الوطنيه لمتقاعدي ومعطوبي ذوي الحقوق الجيش الوطني الشعبي الذي تمثله تمثله كمشه الجنرالات الخونه المجرمين منظمتهم الارهابيه مخابرات عبله,1,1,True,0.7021137475967407,0.2978862524032593
السبب تع هادو قاع ربراب هو لي زاد في السردين او السيارات هو العصابه تع قاع المنتوجات كشيريست,1,0,False,0.3533795177936554,0.6466204822063446
حداد هو اول واحد دخل للحراش وربراب ايضا مجرم,1,1,True,0.8555856943130493,0.14441430568695068
احذركم اخواني باتلاعب باروحكم الصنع الوطني حتي ادني شروط الامن لمراقبه وزاره التجاره,1,1,True,0.9086853861808777,0.09131461381912231
يا خويا راهم متهليين فيكم حاب نشوف كيفاه راكم تجوانيو من بره طولوا فيديوا شويه,0,0,True,0.03312332555651665,0.9668766744434834
الله يشفي كل مريض شيفاء لا يغادر سقما,0,0,True,0.013232007622718811,0.9867679923772812
درت بزاف صوالح مقودين في حياتي بصح جامي كتبت حروف الابجديه كونطرا على العربيه 😂,0,0,True,0.06635719537734985,0.9336428046226501
nhebb mouloudia yedaq fih wnehi ze bi mla page taek ya drarri tae ze,1,1,True,0.8923339247703552,0.10766607522964478
الله يبارك ربي يوفقك خويا امير,0,0,True,0.008130867034196854,0.9918691329658031
mouka3ab ya zebi thki crb ya zamel,1,1,True,0.9934003353118896,0.0065996646881103516
نشرها غاليه احسن من يمدوهالي باطل في مخيمات الاجئين يالخاين,1,1,True,0.9899305105209351,0.010069489479064941
اسبوعين ماكاش رد ولو كان قلنا نجو يقلك استنى روندفو,0,0,True,0.056414902210235596,0.9435850977897644
تمهيد,0,0,True,0.019681720063090324,0.9803182799369097
ايه تحوس عليك 😋,0,0,True,0.2197803109884262,0.7802196890115738
صحا قوادتك,1,0,False,0.4616987705230713,0.5383012294769287
افهمو يا عرب الوقوف ربراب وقوف الحق وليست جهويه,0,0,True,0.040475521236658096,0.9595244787633419
مابغاش على مولى حرفته عائله106انت ثاني لقيط,1,1,True,0.9692265391349792,0.030773460865020752
روح نك مك,1,1,True,0.9933838248252869,0.006616175174713135
روح تقود كي نتا كي سكولز الفاشل تاعك الناس تخدم تتعب في الميدان ونتو ريحو كي طيابات الحمام غير اللسان الطويل,1,1,True,0.9933308959007263,0.006669104099273682
والاموال نهبت تري بانها اضعاف حق متقاعدي الجيش نوكلو عليكم ربي,0,0,True,0.042568013072013855,0.9574319869279861
yazebi mi nta habes likima nta linako leblad yazebi,1,1,True,0.987273097038269,0.012726902961730957
روح يا حزب الكاشير حزب الفاسد واش ما تفهم لا للانتخابات يا العصابات,1,1,True,0.9940713047981262,0.005928695201873779
رشيد نكاز ذباب الكتروني راه دخلوه العصابه روح وحدك يا نقاز لمراديه الشغب فهم الدرس يذهب المراديه ابدا,1,1,True,0.9915763735771179,0.00842362642288208
زعما راح يديرو فلم بطله معصوم الوسواس متاكد راح يربح الاوسكار,0,0,True,0.025509798899292946,0.974490201100707
الوعد الحر دين عليك,0,0,True,0.010226907208561897,0.9897730927914381
صحفي حر حيا الله الاحرار ديما عقبهم,0,0,True,0.04051368683576584,0.9594863131642342
مزالو يدور كيما قال واحد هنا ادي حكايتك روح يالجيفه بهلول انسانا شويه برك خلينا نعيشو في امان وقيله خلصولك دراهم حنا هنا نعيشو انت اقعد تم واحكي عيب علينا نقولو من الجزائر واحد كيما انت ربي يهدك اخطينا لي واجه الله يسلط عليك لي مايخاف ربي,1,1,True,0.9846944212913513,0.015305578708648682
خاوتي حذاري الذباب الالكتروني لي يدير الفتنه😉,1,1,True,0.9790861010551453,0.020913898944854736
خصني الرابط تاع,0,0,True,0.012085841968655586,0.9879141580313444
جناح القايد قضى على جناح بوتفليقه والان جناح اخر يقضي على جناح القايد الفرق انه كنا نعرف جناح بوتاف وجناح القايد اما الان فلا نعرف اي الاجنحه تتحكم فلو صدقنا قولكم على ان توفيق ونزار يتحكمان فلمذا كنتم ضد من اراد القضاء عليهم بمعنى واحد ووحيد انكم لن ترضو باي جناح حتى ولو كان جناح بعوضه,0,0,True,0.1727328598499298,0.8272671401500702
يحبو رونو اك شايف 😉,0,0,True,0.012659174390137196,0.9873408256098628
شعار حاول انك انثي 😐👎,0,0,True,0.11457325518131256,0.8854267448186874
hisbina allah wa nimel wakile,0,0,True,0.016276048496365547,0.9837239515036345
باله مالقيت مانقول,0,0,True,0.013813619501888752,0.9861863804981112
وقتاش يكون التغيير ان شاء الله في صالح الشعب,0,0,True,0.011890212073922157,0.9881097879260778
مش هكذاك القضيه وما رمضان الواحد يتوحم وتطلع,0,0,True,0.021139347925782204,0.9788606520742178
ما تحرشوش بلبنات يتحرشو بولد يا وحد الكذاب,1,1,True,0.9225559234619141,0.07744407653808594
افتحونا سكيكذه يرحم والديكم راكم اشهر وانتم قافلين,0,0,True,0.38416582345962524,0.6158341765403748
ballon et camarade ma3rftche kifech taktabhoume ou djite tayer fa siyad machi mlihe ounsorria en plus matalh9ouche koulech,1,1,True,0.9199627041816711,0.08003729581832886
نافر,0,0,True,0.02496901899576187,0.9750309810042381
واش هدي مهزل تعا خوتي برك مستعرف فريق تونس قوي بزف وحنا مكنش,0,0,True,0.05393460765480995,0.94606539234519
ال تحلب ولا يهدر معطوب,1,0,False,0.22736048698425293,0.7726395130157471
بوصبع لزرق المذلول يجي لصفحه زيطوط امير ديزاد يسبو كانهم هم المسؤولين 🙄😏,1,1,True,0.9938608407974243,0.006139159202575684
انا ماعنديش داسيا بصح نحبها ديما نظيفه,0,0,True,0.011106107383966446,0.9888938926160336
الكلب انت تمثل فءه الجزاءر الهدره الزواف المبردعين يالخاين الجزاءر شعبها كبيره انت تمثل الجزاءر شعبها احب احب كرها كره,1,1,True,0.9943482279777527,0.0056517720222473145
مراركا يضالو يضحكو علينا ونتوما اضحكو على رواحكم,0,0,True,0.1188909262418747,0.8811090737581253
الله يعوانكم يا شعب الابطال رجال الجبال الاحرار اهل النيف الشجاعه,0,0,True,0.2874032258987427,0.7125967741012573
nik hatchoune yemak,1,1,True,0.9934049248695374,0.0065950751304626465
شوف تاع بطس انانيش تكلاشيهم مايردولكش بالتطياح وتاع فري فاير اطفال وتاع بيلي ايليش عميقين مايدوهاش فيك بصح يا الهك تخلط تاع المولوديه روحك باش تسمع ياك رهج يخلط فيهم المهبول لي كلاتو,1,1,True,0.9940692186355591,0.005930781364440918
🖕🏻,1,0,False,0.4422975778579712,0.5577024221420288
امين اخوتي فرحتوني بدعائكم,0,0,True,0.008669519796967506,0.9913304802030325
بصح مارديتش السءال,0,0,True,0.010644052177667618,0.9893559478223324
اسوء سياسه لجلب التفاعل سياسه الحملات الانتخابيه الجزاءريه,1,0,False,0.02921602874994278,0.9707839712500572
اغسل فمك بش تهدر ربراب,0,1,False,0.9868386387825012,0.01316136121749878
الله يقبل,0,0,True,0.009031743742525578,0.9909682562574744
تعريف الجزائري هذا,0,0,True,0.012598755769431591,0.9874012442305684
راك غير دير فالفتنه اوماتربح غير صبعي الوصطاني تقعد علييه,1,1,True,0.7091723084449768,0.2908276915550232
نتا منين يرحم باباك,0,1,False,0.9874225854873657,0.012577414512634277
نوض هز قلايطك جسم فاني وحياه فانيه يتزوج يخدم قدو حالتو مش لازم قاع ديك اشياء,1,1,True,0.9901608228683472,0.009839177131652832
rouh t9awa,1,1,True,0.976043164730072,0.02395683526992798
كي تكون نتا تقسم فل الارزاق قلهم ميولدوش,1,1,True,0.8879756331443787,0.11202436685562134
الكلاب فرنسا تفو عاله سياسه الحيوان الحديقه الحيوان بين لمغرب وتونس,1,1,True,0.994195818901062,0.005804181098937988
نظام ارهابي ودجينرو حركي وباذن اله الشعب سينتصر,1,1,True,0.918890655040741,0.08110934495925903
ينقصنا الا تعرضو علينا عبر الفيسبوك قضايا المجرمين حق انفسهم نتيجه تربيه والديهم السيءه القضايا رجاء لاتنشروها لاتحرضو الانتحار بطريقه مباشره,0,0,True,0.02971469797194004,0.97028530202806
البنه رهي كامل فرماج فريكو,0,0,True,0.015921879559755325,0.9840781204402447
اتمنا يحق اله حلمك ويكون هدا هديه,0,0,True,0.0111532649025321,0.9888467350974679
توفيق والشعب معاك يا ربراب,0,0,True,0.059002891182899475,0.9409971088171005
اه يا بوخانه,1,1,True,0.9626188278198242,0.03738117218017578
وهل معطوب اله,0,0,True,0.009693185798823833,0.9903068142011762
المجتمع الجزائري ذهب في مهب الريح المجتمع القالمي عينه من المجتمع الجزائري السروال هابط المناقش الشعر مشوك الفم الخامج مجتع لايغار على عرضه واش اجيك منهم,1,1,True,0.9796872138977051,0.020312786102294922
حسبتونا مهابيل تهدرو على رواحكم ما تسمعوش هدرتنا الله يلعنكم يلعن كل موضف في جيزي الله يلعن كل خاين سارق انتهازي فيكم,1,1,True,0.9896237254142761,0.010376274585723877
tsema lil ga3 ou hia tahra9 fik ou nedt sbah khredjtelna be istintaj ta manach habsine bel bayd 😅,1,1,True,0.709091305732727,0.29090869426727295
مزيه منيش وحدي,0,0,True,0.008163531310856342,0.9918364686891437
اطليقو سراح ربراب,0,0,True,0.2502210736274719,0.7497789263725281
يا شيخ ما افهمناكمش واش اتكونوا انتم خطابك غير واظح,0,0,True,0.2871526777744293,0.7128473222255707
نيك مو لي يسمع هاذ لعفن ونيك مو لي يكومونتي نيك مو لي يستغفر يسمع الغنا نقوشه وقحاب كيما راكم كامل,1,1,True,0.9939656853675842,0.0060343146324157715
ربراب رمضان العام برعايه مارغرين بلاط,0,0,True,0.016618827357888222,0.9833811726421118
هل يوجد لديكم نقطه توزيع في غردايه,0,0,True,0.011320199817419052,0.988679800182581
واله اعطيني وجهك نقابل بيهتبدلو كي التاته,1,1,True,0.989352822303772,0.010647177696228027
تعاطف المغنين ربراب بابا شء خطير يا الهي,0,0,True,0.06992149353027344,0.9300785064697266
نعلم انك حثاله السلاله سلاله زيط زيط زيط زيط,1,0,False,0.035727377980947495,0.9642726220190525
فريت اوملات بالبيض اه يا طبي 🙄😅,1,1,True,0.9726869463920593,0.027313053607940674
سيريسلي لي يلبسو لاكوسط لاريني اعطيه غنيه نتاع بيلو يعطيك ختو نورمال,1,0,False,0.3411102592945099,0.6588897407054901
الرابحين الطمبوله,0,0,True,0.023789845407009125,0.9762101545929909
ومشاكل الحدود مع المروك ثاني راهم غير ينومو فالشعوب جيش الجزائر وجيش المروك خاوه خاوه وعلى شعبهم طايحين بالهراوه 🤣,0,0,True,0.09985967725515366,0.9001403227448463
ربي يحفظك استاذنا ويستر بلادنا واولادها من كل شر والمجد والخلود لشهداءنا الابرار,1,1,True,0.8825464248657227,0.11745357513427734
خصني البنيان لازم جارك يسموه طيب,0,0,True,0.05148368328809738,0.9485163167119026
3ar abi ki rak haka ana nqolek tahia israël 🇮🇱 tahia tmazgha ♓😂,1,1,True,0.9124727845191956,0.08752721548080444
ونتا ماكش باغي ولا كفاه راح يديوها من خزنه تاع بباك نتا بعت عمرك كيفو يا كرفه كرف غير لبلاق,1,1,True,0.9920626282691956,0.007937371730804443
احذيه ربراب يظنون انهم فوق العداله مخلوقات عديمه الشرف تدافع عن لص كان يبيع لها السكر باضعاف سعره,1,1,True,0.7967623472213745,0.2032376527786255
اوه خصاره نسيت واش جيت نقلك,0,0,True,0.2952822744846344,0.7047177255153656
مبرووك عليك ربي يوفقك,0,0,True,0.009832622483372688,0.9901673775166273
ياودي ياو فاقو الحمدلله الجزائر فات عليه وين يبان داعش رانا واقفين وعندنا جيش واقف اللهم مالك الحمد يارب بعدونا غير نتم,0,0,True,0.02702060155570507,0.9729793984442949
مالا جيبلنا ختك تفرحناا,1,1,True,0.9856386780738831,0.014361321926116943
خامجه فوحه,1,1,True,0.9934754967689514,0.006524503231048584
اه يا شياتين يا عبيذ ربراب تخموا على انفسكم وما تخموش على الشعب الرزق او بيذ ربي وسوارذ لسرقها من البنوك الجزاءريه راح ذار بيها مشاريع عنذ ماماه فرنسا سوارذ الزوالوله او لذار اخلص,1,1,True,0.9847280979156494,0.015271902084350586
ام كا العاده ديما القمه,0,0,True,0.026085808873176575,0.9739141911268234
الاحرار في كل مكان او متخافش عليهم,0,0,True,0.1390337198972702,0.8609662801027298
عيبهم انهم سرقو صفر دينار لو كانو سرقو الملايير كانو سيكرمون لك الله يا جزاير,0,1,False,0.8926100134849548,0.10738998651504517
نسرق الفرماج من كنت صغيره امشي قودي يا كرفه خساره الكاسكيطه لي فوق راسك ولعلام لي مورا ظهرك يا,1,1,True,0.9930497407913208,0.006950259208679199
هاذا لقيط جبري,1,1,True,0.9817009568214417,0.01829904317855835
wach dekhel matob fi ha chi ayaghyoul ue3ni aghyoul akhirik enta tehan blekwaght,1,1,True,0.9419721961021423,0.058027803897857666
ولد عباس تبانلي قريب يخرج,0,0,True,0.05212990939617157,0.9478700906038284
نتا باين تبع ماميدو صبوحه نقوشه هادوك درت هاد لميم,1,1,True,0.9861451387405396,0.01385486125946045
زيدلها المازدا,0,1,False,0.9876633286476135,0.012336671352386475
لفاندوفسكي برجلو مركا خمسه في خمس دقايق وهادو 12 دقيقه ممركاوش 😞,0,0,True,0.10130791366100311,0.8986920863389969
بمقابل,0,0,True,0.02747095376253128,0.9725290462374687
روح نيك اختك,1,1,True,0.9928326606750488,0.007167339324951172
روح يا اويحى يا الحيوان كل الياهورت غير انت اولادك,1,1,True,0.9938462376594543,0.006153762340545654
المهم والاهم تلمس قدمك ارض الشهداء ستدفن كالكلب بلاد الكفار ياكافر,1,1,True,0.994128942489624,0.0058710575103759766
ااه اكبر يسعد ربراب,0,0,True,0.2449253797531128,0.7550746202468872
عشنا وعاش اجدادنا على التمر واللبن وسنعود لهما,0,0,True,0.07848428189754486,0.9215157181024551
او فاقو,0,0,True,0.02403762936592102,0.975962370634079
يستهل انسان صادق,0,0,True,0.04425462335348129,0.9557453766465187
وجه بيت ماء 😂,1,1,True,0.9930334091186523,0.006966590881347656
اوك ميرسي,0,0,True,0.008937067352235317,0.9910629326477647
wallah ma andek 3lamn tahachmi zayla,1,0,False,0.08840800076723099,0.911591999232769
مضغووط يا ربك 💦,1,1,True,0.9841064214706421,0.01589357852935791
مزالك تهدر عيش سكتنا شويا,1,1,True,0.9894885420799255,0.010511457920074463
ترر,1,1,True,0.8276156783103943,0.1723843216896057
مزيه والا طارو,0,0,True,0.010073782876133919,0.9899262171238661
كول واعر يا ختي سلمى جبتيه في الشبكه نيشان 👌,0,0,True,0.06100418046116829,0.9389958195388317
فريت اوملات بالبيض 😁,0,0,True,0.013056140393018723,0.9869438596069813
وكان ينيك لاطفال,1,1,True,0.9880081415176392,0.01199185848236084
وعلاه يندمو كاسيميرو جابو بيه دوري الابطال ويجيب بدراهم برناردو سيلفا المهم الدراهم داخله خارجه ما,0,0,True,0.013948102481663227,0.9860518975183368
قوللنا منين جبت دراهم تع q3,0,0,True,0.057218946516513824,0.9427810534834862
nikk,1,1,True,0.991418719291687,0.008581280708312988
بصحتك امير خونا مبروك الف مبروك وديما عقابهم,0,0,True,0.016895733773708344,0.9831042662262917
راك تشوف خويا,0,0,True,0.0384034737944603,0.9615965262055397
انا من قالمه حابه نشري طباخه جاده وين نقطه البيع,0,0,True,0.011983581818640232,0.9880164181813598
تهنو من بلد الشر المعرفه,0,0,True,0.020757343620061874,0.9792426563799381
استخبارات امريكا تحذر ام تحظر لانه المعروف الاستخبارات تحظر لكوارث تبحث عمن ينفذ,0,0,True,0.03189435973763466,0.9681056402623653
باذن اله مانزيد نشري الخرده تاعهم,1,1,True,0.8626186847686768,0.13738131523132324
سلعه شابه يامير اله اله قلي منين شريتها,0,0,True,0.0717417299747467,0.9282582700252533
ça va chwia mn frr 😆,0,1,False,0.7644637823104858,0.23553621768951416
حمدان خويا علابالي بلي انت حنين تسمحش فيا تشريلي وتبعثهم,0,0,True,0.008895546197891235,0.9911044538021088
حسبنا الله نعم الوكيل,0,0,True,0.010780864395201206,0.9892191356047988
مايعرف تاريخ امازيغ نصهم قارينو فايسبوك شويه حكايات يقلك اقري تاريخ,0,0,True,0.04205664247274399,0.957943357527256
سقسي وما عليك 😂,0,0,True,0.008893158286809921,0.9911068417131901
كاين بالتقسيط انا متقاعد,0,0,True,0.00847570039331913,0.9915242996066809
كل واحد عند مخ يفكر بيه كل واحد مسؤول على نفسه اللي حاب يموت في سبيل المالي اانيجر يموت كما قال رويشد,0,1,False,0.6306198835372925,0.3693801164627075
بيتران,0,0,True,0.012240746058523655,0.9877592539414763
كي نتي كي هوه في زوج زيدين فضلامه,1,1,True,0.9420555233955383,0.05794447660446167
اعطيني الوصفه رجاء,0,0,True,0.017209196463227272,0.9827908035367727
افف,1,1,True,0.6313188076019287,0.3686811923980713
هاد وين كنت نتفرج في inception روعه,0,0,True,0.00940483808517456,0.9905951619148254
نسيت ميسي رونالدو,0,0,True,0.012844827957451344,0.9871551720425487
قنبله نويه الاستاذ محمد العربي زيتوت فظح كوارثهم الارهابيه تسقط المافيا العسكريه,1,1,True,0.8007165193557739,0.19928348064422607
يا خماج يا زيطوط الكلب يا ديوث كفاك نميمه فتنه حسابك عسير اله,1,1,True,0.9942690134048462,0.005730986595153809
ختك حبيبي,1,1,True,0.9930499792098999,0.006950020790100098
روحنا لتصنيع السيارات ليس خدمه للمواطن بل مخططات العصابه للسرقه كما العاده,1,0,False,0.0532204806804657,0.9467795193195343
تحيا الجيش الوطني الشعبي قاهر الخونه والعملاء العصي لمن عاصي تحيا شنقريحه يعطيكم طريحه ياخونه,1,1,True,0.9521979689598083,0.04780203104019165
البشر يعتبر بالوباء بالزلازل بالفياضانات باي مصيبه يءمن بان المصاءب عقاب اله بما كسبت ايدينا الهم ردنا اليك ردا جميلا تءاخذنا بما فعل السفهاء منا,0,0,True,0.26792263984680176,0.7320773601531982
الله يعطيكم الصحه ويبارك لكم فيما رزقتم يا اصحاب الخير اخوكم من سيدي بلعباس,0,0,True,0.028266727924346924,0.9717332720756531
صباح الخير من سطيف العالي,0,0,True,0.014637923799455166,0.9853620762005448
فريت اومات بلبيض نييك مك,1,1,True,0.9934758543968201,0.006524145603179932
وقتاش التغير شاء اله صالح الشعب,0,0,True,0.016508260741829872,0.9834917392581701
نسمع سولكينغ برك 🤷,0,0,True,0.010567810386419296,0.9894321896135807
نعرف مغضوب الكسكاس لخرين مانعرفهمش,0,0,True,0.2244751751422882,0.7755248248577118
انا ليس لدي هاتف مثل هدا وانا احلم بيه طيله حياتي,0,0,True,0.06471722573041916,0.9352827742695808
شعب مزال يخمام كرشو,1,1,True,0.5396808981895447,0.4603191018104553
karita,0,0,True,0.17439508438110352,0.8256049156188965
لقحاب عادو يعطو رايهم سيادهم,1,1,True,0.9912294149398804,0.008770585060119629
تدي حقها بقوه المباشر,0,0,True,0.01160447672009468,0.9883955232799053
مبروك بالصحه الهني طول العمر,0,0,True,0.008770640008151531,0.9912293599918485
مابوني لي جواغ تاع ملهيه,0,0,True,0.03099863789975643,0.9690013621002436
الهاشتاق يطلع ظرف وجيز معروف مصدره يعني المشكل كامل شخص ربراب السءال شكون,0,0,True,0.019965387880802155,0.9800346121191978
مبروك عليك وعلينا رب يسترك ويحفظك وينصرك في كل اعمالك وينجحك,0,0,True,0.010540388524532318,0.9894596114754677
خوف الشعب سواء الحكومه موجوده اله يبارك فيكم,0,0,True,0.013991503976285458,0.9860084960237145
nta frii glit,1,1,True,0.6611098051071167,0.3388901948928833
نكفر بيهم,1,0,False,0.07446087896823883,0.9255391210317612
ادري اصاب اخطا البغل تع سلال داءما يعميها بعيدا السياسه اقول مرحبا لسورين بلدكم الثاني انصر اخاك المسلم يا عبد اله سمعتم العيوب عليهم فقدرو الاوضاع وتركو امرهم له فانتم واله تعلمون شيءا معاناتهم الهم انصر الاسلام والمسلمين رءي ولكلن راي وله اتكلم غيرتا حالنا يا عرب,0,1,False,0.8408098816871643,0.1591901183128357
نلبس لاكوست لاريني مانيش كعبه,0,1,False,0.9144206643104553,0.08557933568954468
اخي هذا موقع حقيقيه او ماذا انا قتلك راني سيريوا,0,0,True,0.02373374253511429,0.9762662574648857
هدرتو غير على الحوايج لي قاعدين يغالاو نسيتو ما هدرتوش على لي ديما يرخس 😁,0,1,False,0.8227105140686035,0.17728948593139648
الجهل 👌,1,1,True,0.98897385597229,0.011026144027709961
علاه اومليط خبز مثلا تفوه يا,1,1,True,0.9895787835121155,0.010421216487884521
جازاكم اله خيرا,0,0,True,0.010263703763484955,0.989736296236515
انا نعبد ربي مش مغني,0,0,True,0.01028500497341156,0.9897149950265884
الجام تاعي كبيره عليك يا طحان 💩,1,1,True,0.9938074946403503,0.006192505359649658
شكرا,0,0,True,0.014798667281866074,0.9852013327181339
dz ادخل لبلادك اههضر كيما كان العربي بن مهيدي ما تتخباش كي القحبه تاع البورديل عند سيادك يا الرخيس تاع الشمه,1,1,True,0.9931468367576599,0.006853163242340088
ربي يحفظك اخي العربي تحيه تقدير اليك الاحرار يخرجون رافضون لحكم العصابه مخطاتها الخبيثه,1,1,True,0.9843742251396179,0.01562577486038208
مالا حبسو حتى نتوما من تقديس ربراب 😕 بسبابكم درتونا التشتيت على باقي المطالب,1,0,False,0.10247110575437546,0.8975288942456245
نحن نتفاءل بانتصار بالحراك الله معنا ان شاء الله نعم لا نصل الى الفشل باذن الله,0,0,True,0.012057267129421234,0.9879427328705788
راك حاسدهم خلي يدي حقو لي راه ماديها حداد واويحي وجماعتو متجيش غرام,0,1,False,0.6669966578483582,0.33300334215164185
kayna,0,0,True,0.020191138610243797,0.9798088613897562
بالبركه تستهل خير,0,0,True,0.009796996600925922,0.9902030033990741
كولي الخبيز وسكتي,1,1,True,0.991694986820221,0.008305013179779053
sidi rayak nahtarmoh aya 9oli wach tsupporté nta,0,1,False,0.925605297088623,0.07439470291137695
frites omelette bel baydhjus orange ta3 tchina,0,0,True,0.45988431572914124,0.5401156842708588
عفن السلام,1,0,False,0.06145478039979935,0.9385452196002007
الرئيس وحيد لفات سلال في تهريج,1,0,False,0.03264559432864189,0.9673544056713581
استقلال مختطف فيق يا شعب,0,1,False,0.5878312587738037,0.4121687412261963
وعلاه ما يستعملوش الجير كما بكري سهله مشي غاليه,0,0,True,0.04285632446408272,0.9571436755359173
شاوي افتخر لي مايعرفش اصلو يروح يشعل روحو,1,1,True,0.7150023579597473,0.2849976420402527
زبنطوط زعيم الابقار,1,1,True,0.9871979355812073,0.012802064418792725
كلنا عندنا ذره مكعب داخلنا,1,1,True,0.967334508895874,0.03266549110412598
علش لاريني عيب 😙,0,0,True,0.016545981168746948,0.983454018831253
انتوما لي راكو تسبو من كلا الطرفين حمير التهريب يخدموه المعلمين القياده من كلا الطرفين يا لحمير احد يدخل الزطله لدزاير احد يدخل الكاشيات للمغرب هدم بيوت الناس هذا عيب رخيس لي قال بلي هاذو خونه يجي لباب العسه يشوف الارض التي تقع على الحدود ملك لمجاهد كان يهرب السلاح وقت الثوره حتى المغاربه حاربو معانا يا لفرخا ونتا يا لحمار لي راك تسب الجزاير والله خطاتكم دزاير الله يا المجاعه غي لا حكمتكم انعلو الشيطان خطيكم من السب مفارخ الكيف راه يفوت فالبحر بالقليسور مشي على التراب يا محمر المهم تحيا المساكين بغا مغاربه ولا جزايرين,1,1,True,0.9850608706474304,0.01493912935256958
ربي يحفدك استاذ يرحم روح امك الطاهره انشاء الله قاع نربحو نجيبو الباك هاد العام,1,1,True,0.9937645196914673,0.006235480308532715
حثاله المجتمع,1,0,False,0.12939275801181793,0.8706072419881821
ازول فلاك تحيه امازيغيه القلب,0,0,True,0.01524929516017437,0.9847507048398256
خم الذنوب لي راك تدي فيهم يا وليد القحبه,1,1,True,0.9928961396217346,0.007103860378265381
li ysiporti tajnat ou csc hdouk mhalbin 🤣,1,1,True,0.5790219902992249,0.42097800970077515
راك ترحي الماء,1,1,True,0.9106641411781311,0.0893358588218689
stfuمثقفين لودو are here,0,0,True,0.03847547248005867,0.9615245275199413
مكاش مكعبات كيما نتوما ههخخ,1,1,True,0.9914172291755676,0.008582770824432373
من الصين والى الصين😉,0,0,True,0.01936907134950161,0.9806309286504984
wach d5l crb dok ana wa9il ani ntnaq l3l,1,1,True,0.7427487969398499,0.25725120306015015
حياك اله اخي امير,0,0,True,0.010604115203022957,0.989395884796977
بصح بالامس لقريب كنتي دوري بيه وتشيتيلو هذي مدرتيلوش بيبا واليوم واش صرا زعمه مخلاكش مونك,1,1,True,0.9895774126052856,0.010422587394714355
kelba,1,1,True,0.977660059928894,0.022339940071105957
صحا عليك امير دبلوم ان شاء الله يكون فال خير عليك مزيد من التعريه للنظام بدون رحمه,1,0,False,0.20640723407268524,0.7935927659273148
بصحتكم انتها الحراك مبروك لعصابه سوفه يطلق سراح ربراب لاكن مبروك لعصابه والسب الملال,1,0,False,0.09322881698608398,0.906771183013916
لطفي الله يخليك تبهدل في خسارين لبلاد,0,0,True,0.02022489532828331,0.9797751046717167
يا سبي جسدت واقع قهويين او مكعبات او قطيع او نورمي او غاملين او وات ذا فاك صوره واحده,1,1,True,0.9935645461082458,0.00643545389175415
جيقا ويقلك ستوكي ياناس العلم راهم لحقو جيقا وحنايا مازلنا روطار,1,1,True,0.8599712252616882,0.14002877473831177
اه مونيا وشي لي قاتلو هداك الوقت عندهاا الف حق مع الوقت راني نزيد نتاكد حاشا لي مايستاهلش,0,0,True,0.014833049848675728,0.9851669501513243
كذاب,1,1,True,0.9935798645019531,0.006420135498046875
وزيد اتحاد الحراش,0,0,True,0.06849483400583267,0.9315051659941673
والله اخويا الى من نيتو واقيلا موضي كاع وغادي يصلي,0,0,True,0.20449413359165192,0.7955058664083481
مملكه ماروكو,0,0,True,0.009742772206664085,0.9902572277933359
حتى فالخيال مكانش💁,0,0,True,0.027896631509065628,0.9721033684909344
هادي لباج تعي وناسها صح يعيو يعرفو دين لعقيله,1,0,False,0.3535802364349365,0.6464197635650635
السلطه انتظار استرجاع الاموال المنهوبه طرف تبون لتسويه وضعيتهم,0,0,True,0.07871309667825699,0.921286903321743
ليست قضيه مراقبه حكومه الذاء دواء لانه مرتبط بتصرف الساءق اثناء القياده كيما يقول المثل لخاف سلم,0,0,True,0.12117427587509155,0.8788257241249084
ارفع راسك فانت جزائري 💪,0,0,True,0.3187559247016907,0.6812440752983093
kas jus orange ta3 della,0,0,True,0.06528899818658829,0.9347110018134117
نسيبورتي غير مولوديه,0,0,True,0.01103235688060522,0.9889676431193948
عاهرات نتاع شكوبي واحد يشوفكم يتوسوس من لبنات اوكل فزدتو على بنات فاميليا لواحد يحوس على بنت فاميليا ميلقاهاش,1,1,True,0.9942728877067566,0.005727112293243408
يعجز اللسان عن التعبير,0,0,True,0.011546830646693707,0.9884531693533063
والله لو بقيتي في دارك خيرا لك حتى وصلت بك هذه المعصيه للسب والشتم حتى وان كنت على حق فلا بد من الستر والحفظ ان كنت ابنت عائله لكن لن تنتظري من الدوله شيء في اشفاء الغليل يا عزيزتي سمحيلي على كل حال,1,1,True,0.8582677841186523,0.14173221588134766
tfoo,1,1,True,0.9906753301620483,0.00932466983795166
مبروك عليك خونا هذا وين تزيد تهبل عبله,0,0,True,0.1844552755355835,0.8155447244644165
ma9sthach ga3 ki jbadt crb,0,0,True,0.12398168444633484,0.8760183155536652
لاشكر علي واجب,0,0,True,0.013616813346743584,0.9863831866532564
انت اهنا راك كشفت روحك بنفسك انت كونت كونطر القاءد صالح قيد الحياه واليوم راك معاه انت اكبر منافق وحتاله تريد زعزعه الجيش الجيش كبير,1,1,True,0.986487090587616,0.013512909412384033
قالي ماكاش ديسبونيبل,0,0,True,0.009722849354147911,0.9902771506458521
enti ta3 ebla ya ele kahba,1,1,True,0.9766067862510681,0.023393213748931885
تحليل لا اروع استاذنا الفاضل العربي زيتوت قاهر كبرانات فرنسا,0,0,True,0.13628670573234558,0.8637132942676544
اوو المهم عندنا رايس,0,0,True,0.013040182180702686,0.9869598178192973
مبارك ان شاب الله دوله مدنيه ماشي عسكريه,0,0,True,0.008549090474843979,0.991450909525156
نيك مك يا النقش نحكمك نرضعولك,1,1,True,0.9934896230697632,0.006510376930236816
لديد روعه,0,0,True,0.01416674442589283,0.9858332555741072
المشكل مشي فيهم عفوا فيهن المشكل اللي يتبعوهم لانو كون مشي الغامل التافه اللي يتبعهم كون ماشفناهم ما سمعنا بيهم قاله خصنا رئيس ياو ارتقوا فالقاع يشهد ازدحاما رهيبا,1,1,True,0.7586506605148315,0.24134933948516846
مكانش البندير عندهوم,0,0,True,0.010667909868061543,0.9893320901319385
فريت اولامت ومعاها بيض مغلي اين الخلل في الموضوع 🙄,0,0,True,0.02193211391568184,0.9780678860843182
حسنا اله ونعمه الوكيل فيكم العصابات,0,0,True,0.03143087774515152,0.9685691222548485
حبه قراطوي مكاش ولا 😂,0,0,True,0.07019947469234467,0.9298005253076553
على اساس هاد الحياه راك عايشها يا ادمين لوكان تروح تعطي ماشي خير باين من هدرتك نتا ذراري لوكان جيت كبير تسوفري على الخدمه ماتهدرش هكداا,1,1,True,0.9865337610244751,0.013466238975524902
الشعب ما عادش يتكل على الحكومه الداعمه للفساد وراح يبني بلاده تحيه لاهل جيجل,1,0,False,0.09049544483423233,0.9095045551657677
قستهاش,0,0,True,0.025781378149986267,0.9742186218500137
استاذ ربراب رانا عارفين شكون لي يتحكم فاسوق السكر والزيت ورانا عارفين التهديد لي كونت تسمع هدو ولاد حرام حبو يمسحو كلش فيك,0,0,True,0.08247923851013184,0.9175207614898682
الامور اصبحت جهويه مقيته غير وليد القحبه نتاع ربراب الي اخلص اكثر من الجميع يا حمير فرنسا في تيزي وزو حاشا القبائل الاحرار نحن نتكلم عن نطف ديغول القذره,1,1,True,0.9920991659164429,0.007900834083557129
من وعد وفي للاسف رئيس كادب,1,1,True,0.8346280455589294,0.16537195444107056
هذا كافي قليط شبعه الدبوز التخمارتي,1,1,True,0.9928845167160034,0.007115483283996582
❤💚 mouloudia,0,0,True,0.03093535639345646,0.9690646436065435
كلشي مبروك ربي يحفظك يحميك يرحم والدك ديما عقابهم,0,0,True,0.008557436056435108,0.9914425639435649
روحي ادي حكايتك وروحي تلعبي بعيد تعرف مرت ابا سفيان مرت ابا سفيان هي هند وهند دخل في الاسلام ونتي ادخلي الاسلام ممبعد اهدري يا خانزه,1,1,True,0.991489052772522,0.008510947227478027
تاع سطيف كلاهم قلبهم كي ربحاناهم ولاو يجبدو البطولات السابقه تبا خسرت خسرت مكش تموت اسبي,0,1,False,0.8064106106758118,0.19358938932418823
جيب اختك للحراك يكالوها,1,1,True,0.9915836453437805,0.008416354656219482
مبروك علينا يا امير هكدا العصابه تحكملك الختان,1,0,False,0.1764446645975113,0.8235553354024887
rt هذا هو معنى في كل الظروف 💪🏻 علابالي قليل لي يفهمها تحيه كبيره لجيشنا الوطني الشعبي n🇩🇿 u01fae,0,0,True,0.030873827636241913,0.9691261723637581
راني حابه الغساله اشحال وين,0,0,True,0.017013629898428917,0.9829863701015711
ديرو العيب ترجعوها السماح نيك السماح,1,1,True,0.9726842641830444,0.027315735816955566
بصح عندكم ادوات ضغط باش يحترم اسم الشركه علاقاتها بالزبائن,0,0,True,0.012977837584912777,0.9870221624150872
يا زيطوط الان رانا مع الزلزال اصبر تتنحالنا الخلعه ومنبعد نولو معاك ضد العصابه ❌,0,0,True,0.05343855917453766,0.9465614408254623
وحنا لاه فخورين بنا,0,0,True,0.023985857143998146,0.9760141428560019
روح تقود لفرنسا تاعك ديك مره من عرضو عليك قلت لا ودوك جاي توحوح ياك حت جنسيه جزائريه اتنازلت عليها طير علينا منسحقوكش ابقا في فرنسا امك يا حركي,1,1,True,0.9935292601585388,0.006470739841461182
اتصلت بيه قالي سلعتك خرجه وانت معني,0,0,True,0.06486929208040237,0.9351307079195976
ربي يحفظك استاذ يرحم امك الهم اسكنها فسيح جنانك,1,1,True,0.9910355806350708,0.0089644193649292
هدوك عصابات الجنرالات الصوص مشي امن هدوك قوم لوط,1,1,True,0.9920781254768372,0.007921874523162842
😂 والله غير حاجه متخرجني,0,0,True,0.015089442022144794,0.9849105579778552
نيفو السادسه ابتداءي جاي حمار كيما انت تنعتلي واش اندير ياحمار ياخاين عرضك او مديتو روح احكي حكايتك لزيطوط,1,1,True,0.9936641454696655,0.006335854530334473
المغرب عندو الزطله وحنا عندنا القمح كي تصب في مارس العام يجي مليح,0,0,True,0.02146228402853012,0.9785377159714699
اكبر قحبا وبنت حرام هيا هدي تنيك لويسكي وتحرض فشعب وتجي تعطي علينا ان منعندي روحي تخدمي لباس,1,1,True,0.9911233186721802,0.008876681327819824
كل ماقلتيه على الحثاله المازدا قليل عليه الشرفاء من ابناء الوطن بعرفونه ويعرفون بانه ماجور,1,1,True,0.9775843024253845,0.02241569757461548
اسمح في خدمتك عند ربراب وارواح معانا ولا جاتكم غير علي البوليسي,0,0,True,0.18877272307872772,0.8112272769212723
الموهبه ياجريده الخزي والعار هد موهبه الزني والعهر والفجور,1,1,True,0.9935387969017029,0.006461203098297119
ربي يهدي,0,0,True,0.013880215585231781,0.9861197844147682
مبروك خويا امير يدوملك ويحفظك اله وترجع سالما غانما لاهلك والجزاءر العام باذن اله اثق اله بقاش قد لي فات,0,0,True,0.01631830632686615,0.9836816936731339
اله يرحمك,0,0,True,0.009134886786341667,0.9908651132136583
على حساب هدرتك على مولوديه توجور سور دارولك بونت في فيراج سود,1,1,True,0.7682142853736877,0.23178571462631226
tfooh ya kalb dobaba,1,1,True,0.9941326975822449,0.005867302417755127
واله غي كافي,1,1,True,0.9827133417129517,0.01728665828704834
في سبيل التذكير فان ربراب قام باستوراد الحديد المشع من اكرانيا حيث بعد حادثه تشرنوبيل النوويه قامت اكرانيا بدفع اموال من اجل التخلص من الحديد المشع ربراب قام باحضاره بيعه للجزائريين هذا ما يفسر الارتفاع الكبير في عدد المصابين بالامراض السرطانيه كذلك الكثير من الامراض التي لم يستطع الاطباء تشخيصها نسال المولى عز جل ان يعاملك بعدله,1,0,False,0.25319936871528625,0.7468006312847137
حتشون يمااك,1,1,True,0.9858272075653076,0.014172792434692383
زيدلها الطماطم الاف بعد مكان الفين وخمس ميه للكيلو,0,0,True,0.05618967115879059,0.9438103288412094
حريه تعبير رانا في بلاد الديمقراطيه لا لا هو حر ونحن كجزائريين نستقبل الناس المحترمين ولي يحبونا من,0,0,True,0.02401512674987316,0.9759848732501268
عرفتها تكمل كما هك داروها لبارح فالبندا لتحت نتاع نشره عرفتها بلي يستوهم باه يديروش مظاهره عصابه بمعنى لكلمه,1,1,True,0.6146005392074585,0.3853994607925415
خصني هذي الروميكس والله سيريو,0,0,True,0.02823629602789879,0.9717637039721012
الاخرار لو كنت بالفعل حر لكنت تناضل من الداخل,1,0,False,0.414310485124588,0.585689514875412
نكرهو ومانتبعوش بصح مانقبل حتا كلمه كلبه كيما هادي,1,1,True,0.9900273680686951,0.009972631931304932
nta bach talha9 crb lazemlk kho 😉,0,0,True,0.3058837652206421,0.6941162347793579
nktha,1,0,False,0.4527199864387512,0.5472800135612488
مبروك وديما عقابهم ولاد الحركه الكلاب,1,1,True,0.992368757724762,0.007631242275238037
تقرب نقاط البيع الرسميه لكوندور,0,0,True,0.009944884106516838,0.9900551158934832
كاين سندويش فريت اوملات بالعدس,0,0,True,0.011251147836446762,0.9887488521635532
هذا العبد كان يدعي في كعبه لبوتفليقه ودك مع يسعد ربراب وغدوا معرف معامن,1,1,True,0.9672896862030029,0.03271031379699707
ماشافوش شكيب خليل ماشافوش عمار سعيداني ماشافوش السعيد بوتفليقه ماشافوش بهاء طليبه ماشافوش ابن القايد صالح شافو غير القبايل حداد اويحيى ربراب راكم فاهمين 😉قيوو فقو تمثيلا ترحلو يعني ترحلو,0,1,False,0.6036261916160583,0.39637380838394165
بالله عليكم هل يستحق ربراب الدفاع عليه وكل هذا التهريج حتى ملال شرفطها كاتشوب بنعناع والله سماطه شركه ولديها محامين ومحاسبين ويحاسب باسم القانون راه في التحقيق راه قادر على روحو نترك العداله اذا مادار حتى حاجه راه برئ من التهم البلاد ونديرو راينا تحيا الجزائر,1,0,False,0.07534833997488022,0.9246516600251198
ديرش هذو الخرطي المولوديه كيان اسلام فريق تاع شهداء نادي الطبقه الفقيره ❤💚,0,1,False,0.9828061461448669,0.017193853855133057
جيس كوبو الامام ✌️ 🎩,0,0,True,0.009164235554635525,0.9908357644453645
اولاد الزواوله تتفكرهم هاذ البلاد غير في الدمير,1,1,True,0.7393966913223267,0.26060330867767334
عفى الله عما سلف فهم من الشعب ظروفهم صعبه كان الله في عونهم,0,0,True,0.04179675504565239,0.9582032449543476
اذا الشعب يوما اراد الحقيقيهلابد ان لا تسمع لمخنث مثل المازدا,1,1,True,0.9887007474899292,0.0112992525100708
كونيناف سويسري,0,0,True,0.00828486867249012,0.9917151313275099
الصحفي غسل هذا الحيوانات يلبسو وما علبالهمش واش يقودو تفوو الله يلعنكم,1,1,True,0.9898029565811157,0.010197043418884277
قالمه حابه نشري طباخه جاده وين نقطه البيع,0,0,True,0.012722630985081196,0.9872773690149188
المقاطعه حل عقابي يستجيب التاجر يحترم مستهلك بضاعته,0,0,True,0.013132626190781593,0.9868673738092184
الادمين ملحد باين علابيها ماعلابالوش بلي الناس يعبدو ربي,1,1,True,0.5097144842147827,0.4902855157852173
خونه,1,1,True,0.8872629404067993,0.11273705959320068
مصدر المعلومه لا للفتنه,0,0,True,0.0243272352963686,0.9756727647036314
الازمه عالميه وحنا رانا لمخيرين ونتا واش قودك وشكون شكالك,1,1,True,0.8396194577217102,0.1603805422782898
ران خدام البروند برودوي فور بزاف,0,0,True,0.008022377267479897,0.9919776227325201
لي عندو الفوطو تع ترمتو يبعتهالي,1,1,True,0.9671871066093445,0.03281289339065552
زيد جماعه,0,0,True,0.033079709857702255,0.9669202901422977
زيد معاها قايد صالح شنقريحه تجي شابه,0,0,True,0.01158188283443451,0.9884181171655655
بون مفروغ بلي كعبه بروتي بصح الكارثه الكبيره لي راهم يتبعو الزيطوط علاش يا الاحرار علاش,1,1,True,0.9590659141540527,0.040934085845947266
لماذا التضامن مع ربراب عدم التضامن مع حداد سؤال بريئ 😏,0,0,True,0.4551905393600464,0.5448094606399536
ما ديرش mca مع هذو الخرطي المولوديه كيان اسلام فريق تاع شهداء نادي الطبقه الفقيره ❤💚,0,1,False,0.9697074890136719,0.030292510986328125
اليد الجزائريه تصلح فقط في البرلمان لا غير,0,0,True,0.038513243198394775,0.9614867568016052
اهميه الحريه الحريه تعمل السماح لاشخاص بان يمارسوا قدراتهم المكان,0,0,True,0.015931207686662674,0.9840687923133373
وي كاينا,0,0,True,0.00910566933453083,0.9908943306654692
تاي,0,0,True,0.36784279346466064,0.6321572065353394
ربي يحفظك اخي العربي سلامي الي كل الاحرار الجزائر لا للانتخابات مع العصابات يجب ان تدهب حكومه الخردا القايد الفايح ولاحاسين الرونجاس,1,1,True,0.9871504306793213,0.012849569320678711
عندو الحق موالف ياكل فريت اوملات بالرخس يا محاينك الدموع طاحو الضحك عجبني سكت شويه زبلها كي بالبيض,1,1,True,0.9529349207878113,0.04706507921218872
الحمدله جامي درت حاجه هادي,0,0,True,0.007568633649498224,0.9924313663505018
انت اكبر مستفيد ربراب وشيات كبير,1,1,True,0.9793239831924438,0.020676016807556152
هاذي لخامجه عندها طفله معا قسنطيني يسميوها اناس,1,1,True,0.9878673553466797,0.012132644653320312
طر يا المازدا,1,1,True,0.9939743876457214,0.0060256123542785645
روحي تلعبي يا الصحفيه منيش نتقدها نتقدك نتي لي عندك اسلوب كلام تعرفيش تهدري ظياف تاعك,1,1,True,0.9925482869148254,0.0074517130851745605
مبروك خونا امير وربي يوفقو ❤️🌹,0,0,True,0.011847062036395073,0.9881529379636049
شهاده عميل معتمد ماشي اعلامي انت خرجت من الدراسه الخامسه حيوا ني وليت اعلامي فرخ,1,1,True,0.938407838344574,0.061592161655426025
مانسيتش اله تربحكوم,1,1,True,0.9666747450828552,0.033325254917144775
امشي نيك انت ولاخرار انتاعك,1,1,True,0.9933412671089172,0.006658732891082764
جزاءر تبون,0,1,False,0.5692058801651001,0.4307941198348999
هادو تراميهم ما رحموهاش يرحمو باباهم,1,1,True,0.8785227537155151,0.12147724628448486
عندو حكطي تاع راك تعرف بلا منقولها,1,1,True,0.9793617129325867,0.02063828706741333
يحدث وصول رجل الاعمال يسعد ربراب محكمه سيدي محمد بالعاصمه,0,0,True,0.10569602251052856,0.8943039774894714
المهم فزنا على الفرق القويا مثل غمبيا والمغرب والكاميرون,0,0,True,0.06076637655496597,0.939233623445034
ربي يحفظك استاذنا اله يعطيك تمني انت اروع استاذ ربي يوفقك حياتك شاء اله اصحاب الجنه امك اله يرحمها ويغفر ☝✨,1,1,True,0.9792129397392273,0.020787060260772705
اين ياتري ياجزاءر احبك يابلدي وكم اعشقك🥲,0,0,True,0.48595207929611206,0.5140479207038879
واله عندنا اختها وتغفل وتبيتها شاعله الصبح ربي يرحمكم,0,0,True,0.0109833013266325,0.9890166986733675
عذبكم السيد يتمنيك ماشي نيتو ضركم ضركم علابالي كيما علابالكم,1,1,True,0.965061366558075,0.03493863344192505
نيك مك يا وليد القحبه,1,1,True,0.9938573241233826,0.006142675876617432
بسكره علاش حاقرينها وينكم منها,0,0,True,0.07587247341871262,0.9241275265812874
مكاش مكعبات كيما نتوما هخ,1,1,True,0.990912914276123,0.009087085723876953
mca chwaker,0,1,False,0.7771686911582947,0.22283130884170532
اواه نكمل خير مابقاش بزاف,0,0,True,0.017669755965471268,0.9823302440345287
حي الله الحمار,1,1,True,0.9887357354164124,0.011264264583587646
رابي يحفظك ويسترك من عبله نشالله,0,1,False,0.8724356889724731,0.12756431102752686
يجب رفع شعارات رافضه لخروج الجيش الساحل,0,0,True,0.029000844806432724,0.9709991551935673
الجزائر من نهار استقلينا وهما يسرقو مفقرتش مزيه ربي يشوف لينا,0,1,False,0.6718782186508179,0.32812178134918213
اله عز وجل الرزاق لذا احذف منشورك يا,0,0,True,0.017106030136346817,0.9828939698636532
بو كلبون,1,1,True,0.9932959675788879,0.0067040324211120605
القايد راه يصفي حسابو مع القبايل حداد ربراب اويحي باي وين راهم السعيد او طحكوت طليبه شكيب خليفه شعب لي يجي يحشيلو,1,1,True,0.9723436236381531,0.027656376361846924
سءال واله يا امير منين راك تخلص,0,0,True,0.027920367196202278,0.9720796328037977
زيد اكشفهم انت ديمقراطي,0,0,True,0.08712232112884521,0.9128776788711548
وجوه الشر مالقيتو ماتهدرو راعي مسءول راعيته والي حاب تدخل النار ربي يسهل علاه تهدرو مواضع فضح,1,1,True,0.9700202345848083,0.02997976541519165
هاا راك كبير,1,0,False,0.481045663356781,0.518954336643219
الاءمه خرج فيهم الدجال لاتبعوه,1,0,False,0.23673014342784882,0.7632698565721512
لعنكم الله اتحدث عنك فقط امثالك ايضا,1,1,True,0.9665056467056274,0.03349435329437256
nik ymak si tmurth l9bayel 😡,1,1,True,0.9933881759643555,0.006611824035644531
ماشاء اله تعليقات تليق بك ايها الرويبضه يا زنديق,1,1,True,0.8902521133422852,0.10974788665771484
مانيش من متابعي هذو لي هدرت عليهم حتى لباج تاعك دايرها طريق مي من منشوراتك باين عليك كعب كبير,1,1,True,0.9781198501586914,0.021880149841308594
الشعب يستقيل,0,0,True,0.01915004476904869,0.9808499552309513
ربراب سراق وتابع لتوفيق,1,1,True,0.9727047681808472,0.027295231819152832
الله يعوضهم نشاا الله قدرا الله ماشاا,0,0,True,0.03675748407840729,0.9632425159215927
يافرطاس ياخامج,1,1,True,0.9926306009292603,0.007369399070739746
احكو لزند الحيوان وزير العدل المصري,1,1,True,0.9881645441055298,0.011835455894470215
هدي لناس لي يقولك اروح لبلاد واهدر هوما الخارجوهبلوهم,0,0,True,0.02951742708683014,0.9704825729131699
اله يفرجها عليكم,0,0,True,0.00990647915750742,0.9900935208424926
اتكلم نفسي,0,0,True,0.04673369973897934,0.9532663002610207
🐸 ختك,1,1,True,0.9933658242225647,0.006634175777435303
نسيت هذي تحب بزاف هذي,0,0,True,0.01095553021878004,0.98904446978122
الحريه الاستقلال الطغمه العسكريه المافيا الارهابيه تسقط المافيا العسكريه,0,0,True,0.049737732857465744,0.9502622671425343
روح نكمك روح 🤓,1,1,True,0.992281973361969,0.007718026638031006
مام انت كيمي هوا علاش غاضك,1,0,False,0.2380375862121582,0.7619624137878418
baynd mamidou hada mdiroch 3lih,1,1,True,0.9237749576568604,0.07622504234313965
الدنيا الدواره,0,0,True,0.01446678675711155,0.9855332132428885
اعلا واش تحوسو ربراب شغل اله الجزاءر ملزمش يتحاسب قلتو بوفوار اساسان ام يتحاسبو غع,1,1,True,0.9532262086868286,0.04677379131317139
مابقيلكش قاوي المخنز,1,1,True,0.9896917939186096,0.01030820608139038
تبون الجيش يخرجش لمالي بامر ماكرون او طبطب,0,1,False,0.9879450798034668,0.012054920196533203
قدور الهايشه مزال يحوس يتصور المير,1,1,True,0.8634915351867676,0.13650846481323242
من كان يعبد ربراب فربراب انتهى ولكن الجزائر الدوله قائمه للابد,1,1,True,0.5611048340797424,0.43889516592025757
هخ تراميك,1,1,True,0.8181091547012329,0.1818908452987671
ياخي شعب ياخي تستنا منعرف واش حطبه يعبدها باش ينصر الاسلام,1,1,True,0.5645182728767395,0.4354817271232605
كان رح ينكحنا بلكورونا,1,1,True,0.7812739014625549,0.21872609853744507
تخيا تبون عيب تهم الشرطه الشرطه انضف منك,1,1,True,0.9772368669509888,0.02276313304901123
rohi ya français roh,1,1,True,0.9925796389579773,0.007420361042022705
كنت معاه انت,0,1,False,0.8348937034606934,0.16510629653930664
الله يرحمك,0,0,True,0.008627383038401604,0.9913726169615984
تبارك الله عليكم,0,0,True,0.008042468689382076,0.9919575313106179
خلاط,0,0,True,0.06331343948841095,0.936686560511589
النظام يعرف انه غير شرعي لذا يريد ان يلهي الشعب بالبطن حتى يعطل تفكيره نظام مجرم جبان,1,1,True,0.9018804430961609,0.09811955690383911
ان حبيت الكبيوتر,0,0,True,0.013970456086099148,0.9860295439139009
حبيت نشري فور تاع غاز اذا عندكم نقطه بيع غي ولايه الشلف,0,0,True,0.012390658259391785,0.9876093417406082
الله يخليكم هاذي شعال تدير,0,0,True,0.00892381276935339,0.9910761872306466
الحمير,1,1,True,0.993241548538208,0.006758451461791992
احكينا الشاب عراس,0,1,False,0.6178213953971863,0.3821786046028137
السلام عندي تلفاز بروند 40 بوس بعد ايام ولا ايدرخطوط اومحبوش ايروحو كيفاش اندير وشكراه عنابه,0,0,True,0.008853207342326641,0.9911467926576734
تستاهل اكثر واكثر كل التحايا والتقدير الى البطل الحر,0,0,True,0.014379266649484634,0.9856207333505154
هل لديكم وكيل في ولايه تيارت,0,0,True,0.010216823779046535,0.9897831762209535
احداهن ترد باستمرار ديرلي داري وحدي دوله وطنيه ماشي زوافيه,0,0,True,0.02085116319358349,0.9791488368064165
القبائل يمثلهم العقيد عميروش وليس ربراب يا عباد الاشخاص,1,1,True,0.9567977786064148,0.043202221393585205
السلامه ترمو كبل الاشعال السهل تحد لمطبخ عملي بامان,0,0,True,0.019202854484319687,0.9807971455156803
عندك حق,0,0,True,0.011804046109318733,0.9881959538906813
بلاد شكبي واش يجيك منها,1,1,True,0.9875693917274475,0.01243060827255249
كذاب اشر,1,1,True,0.9914022088050842,0.008597791194915771
علبانا بيها وانت على واش تحوس,1,1,True,0.8488142490386963,0.1511857509613037
roh nik hachoun yemmak ya admin ida nta radjel,1,1,True,0.9938643574714661,0.0061356425285339355
وي,0,0,True,0.04940569028258324,0.9505943097174168
مازدا ونتي هوندا,1,1,True,0.9923502802848816,0.007649719715118408
فرخ فرنسا,1,1,True,0.9075614809989929,0.09243851900100708
عبيد المولوخيه راهم يطيحولوا صح انتم عبيد يا تبي,1,1,True,0.9939593076705933,0.006040692329406738
ننصحكم بلاقتراب من المتجرالتي كنت قد اشتريت عنده لان لم يكن لدينا هذه المعلومات الان,0,0,True,0.018721656873822212,0.9812783431261778
🤣واله ديري مزيه,0,0,True,0.008389977738261223,0.9916100222617388
زعمه العرب كامل يصلو كامل كيفكيف يزي بلا تمنيك,1,1,True,0.983106255531311,0.016893744468688965
القبائل خوتنا ❤️,0,0,True,0.029396509751677513,0.9706034902483225
واش طبق واش اطباق,0,0,True,0.08749032020568848,0.9125096797943115
روح نيك امك غير بارح وانت تبيع فل مخديرات في تخمارت وليوم تلعبها ضد النضام,1,1,True,0.9938993453979492,0.006100654602050781
قبايل هاربين علينا بغيت كرهت,0,0,True,0.035303764045238495,0.9646962359547615
يهديك ربي سمير,0,0,True,0.016381043940782547,0.9836189560592175
مساء الخير براند ممكن اقتراح,0,0,True,0.01122317835688591,0.9887768216431141
لعنه اله عليهم,1,1,True,0.9934549927711487,0.006545007228851318
وليت داعيه يا وجه الشر كنت تنادي بتقاتل وضرك شيء غريب,1,1,True,0.9900064468383789,0.009993553161621094
الجزائر الجديده نحو الاسوا طبعا,0,0,True,0.0113707659766078,0.9886292340233922
الله يبارك قبايل رجاله,0,0,True,0.009698698297142982,0.990301301702857
انت جاي دورك ماتقلقش ياشيطان,1,1,True,0.984319269657135,0.01568073034286499
roih a9tel rouhak bach tgi thdar 3la syarb,1,1,True,0.8795746564865112,0.12042534351348877
علاه ابناء الجزائر ماشي حراقه بلد غني وشعبها فقير,0,0,True,0.0392235703766346,0.9607764296233654
ناس ماتحبش هاذ الشيء,0,0,True,0.011704632081091404,0.9882953679189086
يسقط نضام الارهاب والمخابرات المجرمه drs terrorist et la frence complice ✊,1,1,True,0.9699079990386963,0.03009200096130371
🤣tedi la coupe du monde,0,0,True,0.07717546075582504,0.922824539244175
bled zeb,1,1,True,0.990504801273346,0.009495198726654053
نحبوا مولوديا وعايشين زوعاما,0,0,True,0.2699378430843353,0.7300621569156647
والرئيس الكلب لي رجع عاصمه فلسطين القدس لاسرائيل,1,1,True,0.9924718141555786,0.007528185844421387
ايامات العز كي الهني القلوب الصافيه النقيه التقيه,0,0,True,0.0522317960858345,0.9477682039141655
اليد الجزاءريه تصلح لسبونجاش,0,0,True,0.057966623455286026,0.942033376544714
روح نيك امك بارح وانت تبيع فل مخديرات تخمارت وليوم تلعبها النضام,1,1,True,0.9937923550605774,0.006207644939422607
نيك شروق ولقايد فاسد,1,1,True,0.9940810799598694,0.005918920040130615
يا جدك الحمار ينطق يسمع استحمارك يقول اعد بحمار,1,1,True,0.9853371977806091,0.01466280221939087
يابردت يضهرلي المشكل الوكيل نتاعكم سطيف السي تومي سطور لاخاطر كي رحتلو الول لقيت علاقه عطاني ريبونس نتاع معلم,0,0,True,0.07080385088920593,0.9291961491107941
احباا كيميه تعرق طغاات في الكمنتار 😂,1,1,True,0.9714648723602295,0.028535127639770508
متقدرش تكتبها عربيه,0,0,True,0.023625105619430542,0.9763748943805695
رجال يكسبو ومنقش يحسبو دزير عندها وميخصهاش,1,0,False,0.37295082211494446,0.6270491778850555
انا نضن خلي مكالاه نضن مع الرعيان,0,0,True,0.036091215908527374,0.9639087840914726
بطاقه جرجه عندي عامومزال موصلتنيش,0,0,True,0.017938997596502304,0.9820610024034977
شوفو كفاش فرنسا تتقعد بااجزاءري السيد ميهدرش اللغه يعطيه ديبلوم تع البطاطس,0,1,False,0.965410053730011,0.034589946269989014
وانتا سليل اولاد لقحاب الي خلاتهم 🇫🇷,1,1,True,0.9861089587211609,0.013891041278839111
دوك الصلاه تتمنيكو بيها,1,1,True,0.9737622141838074,0.026237785816192627
نسرق الفرماج كنت صغيره امشي قودي يا كرفه خساره الكاسكيطه لي راسك ولعلام لي مورا ظهرك يا,1,1,True,0.9935116171836853,0.006488382816314697
نتي انسانه فاشله باتم معني الكلمه,1,1,True,0.8856468796730042,0.11435312032699585
القايد صالح بيجو 406 zed okay 😁,0,1,False,0.6195824146270752,0.3804175853729248
ربي معاك وحنا معاك ناجحه وتبقي ناجحه كيما يقولو طاح يحط روحو تزرزحدمتي متالقهوين تكوني نكونو معاك,1,1,True,0.972090482711792,0.027909517288208008
احشم روحك,1,1,True,0.9934905767440796,0.00650942325592041
ما يحدث هو احترام للاقدميه كل واحد جاي دوره ربراب,0,0,True,0.050834860652685165,0.9491651393473148
الله ينتقم منهم,1,1,True,0.9919746518135071,0.00802534818649292
لاحوله باله,0,0,True,0.46996599435806274,0.5300340056419373
يسعد ربراب الرجل يستثمر الاموال اقامه المصانع والشركات توظف الشباب الخريج توفر الدوله مناصب العمل,0,0,True,0.04276742413640022,0.9572325758635998
نتوما تاني ركم مركزين رقبته,0,0,True,0.11301928013563156,0.8869807198643684
حياك الله استاذ,0,0,True,0.008945705369114876,0.9910542946308851
فرنسا العصابات الجزائريه هم ارهابيه,1,1,True,0.6465250253677368,0.3534749746322632
اله يكتب الخير,0,0,True,0.013520383276045322,0.9864796167239547
مكنش موقع اباحي مدخلوش,1,0,False,0.03269089013338089,0.9673091098666191
الحمد لله انا ناكل فريت اوملات بلا البيض🥚,0,0,True,0.1609983593225479,0.8390016406774521
حتى لو كان ربراب فاسد وافسد من سعيد والعصابه علينا احترام سنه ولا يجب جره الى الحراش بتلك الطريقه المشينه وقنوات الزيقو تطبل,1,1,True,0.9568416476249695,0.04315835237503052
ربي يحفظك يا استاذ شكرا وجزاك الله خيرا ورحم الله امك واسكنها فسيح جنانه,1,1,True,0.9907519817352295,0.009248018264770508
رساله جزاءري يدخل القناه صاحبها مغربي الذي يتكلم فيديو مغربي حذاري وليد قحبه,1,1,True,0.971321702003479,0.028678297996520996
مرحبا بيك وقت,0,0,True,0.00905564147979021,0.9909443585202098
هذا واش تعرف غير مرسي مرسي جمله كي الناس معرفتش تهدرها 🙆🏻‍♂️ جاي تتقوعر علينا بديبلوم لخرا خذا,1,1,True,0.612905740737915,0.38709425926208496
خارج ختك كيفاه,1,1,True,0.9933934807777405,0.0066065192222595215
الله يرحموا رياض كل شيء ممكن,0,0,True,0.008375168778002262,0.9916248312219977
حداد دخل لحراش وربراب مجرم,1,1,True,0.9703733921051025,0.02962660789489746
اشحال يستقامولي العلم,0,0,True,0.008673976175487041,0.991326023824513
حنا ما فوطينا ما شكمنا رسمولنا امازيغيه نتا نايض على صوروك فاليتيمه مع تور كي لبهيمه تفوطي لا زوفوك فورصي😌,1,1,True,0.9732332825660706,0.026766717433929443
خرجنا من اجل البلد ليس من اجل الشهريه ربراب لي دار يخلص يتحاسبو فاع قبايل عرب شاويه بني مزاب عودو الى رشدكم ضعو مصلحه البلاد قبل مصالحكم ليس على هذا ما بدا الحراك خرج الشعب يوم فيفري قوتنا في وحدتنا لا تدعو العصابه تفرقكم الحراك بريئ من الخبزيست,1,0,False,0.1395619958639145,0.8604380041360855
نسيت معاها تبع لاباج تاعي ومدايرلها جام,0,0,True,0.1958475261926651,0.8041524738073349
خلي نبداو بربراب وحداد اويحي مبعد نزيدو الباقي,1,1,True,0.5575030446052551,0.4424969553947449
tsma nta mhlb ykhi ka3ba 🖕,1,1,True,0.9507782459259033,0.04922175407409668
ما شفتيش المقروط نتاعها والغريبيه واش نقولك ماكاش كيفهم في المجره نورمالمون كانو ينجبدو,0,0,True,0.049356136471033096,0.9506438635289669
عندي شحال مطيحتش الفايسبوك بصح نوض انيك وجهك,1,1,True,0.9897312521934509,0.010268747806549072
كلام,0,0,True,0.010528391227126122,0.9894716087728739
احشمي على روحك راكي كبيره يا المعزه,1,1,True,0.9938255548477173,0.006174445152282715
البيض 🤮😭,1,0,False,0.06496550142765045,0.9350344985723495
العسل ارواح شوف هاذ المخلوقه راهي نتاع ماكلهفي رمضان تهبلنا نبلوكوها,0,0,True,0.03875003755092621,0.9612499624490738
واش دخلكم فربراب تعرف دواخل ديالو,0,1,False,0.9896489381790161,0.010351061820983887
تحيا الشعب الجزائري الحر الفحل,0,0,True,0.009483966045081615,0.9905160339549184
وين في بومرداس نشري طباخه,0,0,True,0.01893424056470394,0.9810657594352961
لي يتعب ديما ينال مبروك,0,0,True,0.012742609716951847,0.9872573902830482
بوصبع الله لا يرفد عليه,1,1,True,0.9928855299949646,0.0071144700050354
حيا اله احرار الفريت اوملات بالبيض,0,0,True,0.0830686017870903,0.9169313982129097
bl byd😂,0,0,True,0.40547922253608704,0.594520777463913
عاادي فرنسي في بلاده وين المشكل,0,0,True,0.07679832726716995,0.92320167273283
والله نت عايش في فخانس راك غاي الاها في روحك حنا رانا غاي,1,1,True,0.925125002861023,0.07487499713897705
قاعك مدرتش فيه الخير وجاي تحوس على الاحرار,1,1,True,0.9126717448234558,0.08732825517654419
نديرو لغساله مليح لترسب وجراثيم,0,0,True,0.01210551057010889,0.9878944894298911
سينيالت ومدرت والو 🤣,1,0,False,0.12773942947387695,0.872260570526123
خلوهم يروحو خير من القعاد في بلاد بلى مانكمل,1,1,True,0.964135468006134,0.03586453199386597
حيا الله الاحرار محمد العربي امير محمد هشام,0,0,True,0.011038788594305515,0.9889612114056945
هذون الهه الله يهديك شغل راك اعترفت بيهم,0,0,True,0.1144753023982048,0.8855246976017952
اله مسوخه وعندها كاريزما ديال الباترونا الي تقود امير اشرف منك انت لقيطه واتحداك تعطيني اسم ابوك وامك بالدليل,1,1,True,0.9930680990219116,0.006931900978088379
وفضح الخليج يدعم الارهاب,0,0,True,0.043211836367845535,0.9567881636321545
نعبدو ربي,0,0,True,0.010353107005357742,0.9896468929946423
ريسباكت,0,0,True,0.01146044209599495,0.988539557904005
mebrouk 3lik,0,0,True,0.28785616159439087,0.7121438384056091
اميين يارب العالمين,0,0,True,0.008864072151482105,0.9911359278485179
فريت املات بالبيض اه ياارب,0,0,True,0.074666827917099,0.925333172082901
قديمه,1,0,False,0.022964758798480034,0.97703524120152
تنبيه يوجد دعاء اسمه دعاء الزلازل فاتقوا اله تبتدعوا,0,0,True,0.02105778455734253,0.9789422154426575
اله يحشمك جايح قاعدين يتقعدوا بيك حساب الدين العب العب برك يا جويح,1,1,True,0.9942944645881653,0.005705535411834717
نعم يا ساده المنتخب الجزائري لكره اليد عندو لاعب يدبر خطا بدائي وهو مشي بالكره اين انت يا شهبور اين انت يا بودرالي اين انت يا سلاحجي,0,0,True,0.28412193059921265,0.7158780694007874
ملكه ماروكو,0,0,True,0.0164929311722517,0.9835070688277483
اقسم باله لانتم اراذل الناس تمثلون القبايل عبيد ربراب,1,1,True,0.9852816462516785,0.014718353748321533
شكون قال سنوات الاخيره,0,0,True,0.026250937953591347,0.9737490620464087
بلبيض,0,0,True,0.014657441526651382,0.9853425584733486
هي صحيح رزقهم على الله بصح بنادم يخمم شويه كي تجيب اولاد ومتقدرش توفرلهم ظروف معيشيه غي خليهم داخل خصيتك😂,1,0,False,0.050576161593198776,0.9494238384068012
جميعهم اله كاذبه القاسم المشترك,1,1,True,0.6762852072715759,0.3237147927284241
رضا كونيناف سويسري ايسعد ربراب فرنسي سعيد بوتفليقه مغربي,0,0,True,0.05130446329712868,0.9486955367028713
اتمنا اله يموت الموعد,1,0,False,0.22448918223381042,0.7755108177661896
طبون ختك,1,1,True,0.9939098358154297,0.0060901641845703125
لعنك الله الى يوم الدين ياعميل بريطانيا,1,1,True,0.9915878176689148,0.008412182331085205
لاكوست تعمل شهريه باباك,1,1,True,0.9876458048820496,0.01235419511795044
راك عايش كنف فرنسا يا وحد الزعبوط خاين الوطن,1,1,True,0.9940104484558105,0.005989551544189453
المال البنون زينه الحياه الدنيا كاين لي ربي رزقو بالمال مرزقوش بالذريه العكس,0,0,True,0.008697509765625,0.991302490234375
كلب انشاء اله ياكلك,1,1,True,0.9937402009963989,0.006259799003601074
السوسه المدسوسه هادي تخدم ضد البلاد,1,1,True,0.9274988174438477,0.07250118255615234
هل هذا خاص بالمنطقه الصناعيه سطيف,0,0,True,0.01663687825202942,0.9833631217479706
باين ذراري,1,1,True,0.949488639831543,0.05051136016845703
سندويش فريط او املاط نص طياب,0,0,True,0.032273683696985245,0.9677263163030148
ياك كنت معاه ودرتي فيديوا معاه نهار حكموه لبوليس وطلفوه دك بديتوا دوروا على بعضاكم ياوحد الحركى,1,1,True,0.981385350227356,0.018614649772644043
انا مانيش فاهم كيفاه تبعوا هاذ ال بغ الح ما تاع ديزاد قالك عندو شهاده صحفي ومعترف بها في الاتحاد الاوروبي حتى وان سلمنا جدلا ان الامر حقيقه فيقوا ايها المب رد عون كيف حصل عليها الم يتحصل عليها من رن سا المج رم العد وه الاولى للجزائر يين هنا تفهم كل شيء وتدرك تمام الادراك ان امير ديزاد عم يل لديهم وهو مجرد بي دق عندهم يضربون به امننا وامتنا لن ترضى عنك اليهود والنصارى حتى تتبع ملتهم فيق يا اب ريق,1,0,False,0.027608036994934082,0.9723919630050659
ولدانه رهم يموت فالبحر لاءنتحار لاءختصاب,0,0,True,0.4765721559524536,0.5234278440475464
جرو جنرالات طاغارا توفيق تواتي نزار المدعو صيد صادي يخطب مجموعه المتطرفين الماكيست 🍌🙉,1,1,True,0.8846562504768372,0.11534374952316284
الموت تقترب وجد راسك,1,1,True,0.8799007534980774,0.12009924650192261
نتا متعصب عنصري متخلف نزيدلك الى خانه ادولف هتلر,1,1,True,0.9876484870910645,0.012351512908935547
يتذكر كلام رخيس الجزاير الكوكاين وعوده العصابه ستحاسب,0,1,False,0.9176346659660339,0.08236533403396606
ربي يحفضك شيخ اله يرحم امك,1,1,True,0.9900248050689697,0.009975194931030273
ءومازال ربي يجيب الخير,0,0,True,0.012437178753316402,0.9875628212466836
دام بوصبع دين وطن موجود ارض الشهداء الشرفاء اقسم باله البلد يتحر الهم بوصبع يتوب ربي ويخرج عباده العباد عباده رب العباد,1,1,True,0.9938734769821167,0.006126523017883301
كثرلوا التطياح او باين يتناك عليه لا واش قالوا 😁,1,1,True,0.9828256964683533,0.01717430353164673
تسما يعني نورمالمو رايحه دير بوشابوش مع توم كروز ماعليهش انا بريء منها واعرض جنسيتي للبيع,0,0,True,0.06531652063131332,0.9346834793686867
امين يا رب,0,0,True,0.014855378307402134,0.9851446216925979
اغنىه روعه ولكن لم نعرف وشعب قاعد يتفرج اليس ساكه عن حقه شيطان اخرص,0,0,True,0.12239528447389603,0.877604715526104
خلي السكطمبري العثروس ودنين الطاروس يرقد على الحيبوسه اسكت لا توقظه,0,1,False,0.8951330780982971,0.10486692190170288
ويسهرو مع ختك,1,1,True,0.9938615560531616,0.006138443946838379
تحيا لعرب يكفينا فخرا محمدرسول اله عربي🤗,0,0,True,0.009113878943026066,0.9908861210569739
بوراوي لازم المساواه بين الرجل المراه ماتشريشزيتربراب,0,0,True,0.016672028228640556,0.9833279717713594
12 دقيقه منتخب لم يسجل لا هدف هدي الحصيله تاريخيا مازال ماسراش,0,0,True,0.04313753917813301,0.956862460821867
ربي يحفظك اخي العربي سلامي الاحرار الجزاءر لانتخابات العصابات يجب تدهب حكومه الخردا القايد الفايح ولاحاسين الرونجاس,1,1,True,0.9872856736183167,0.01271432638168335
بروبلام والله ما فيهم بروبلام فالشعب لي يتفرجهم ومطلعلهم شانهم بلي vu لوكان حتى واحد مراه سمع بهم منعرفوش قاع فيقوره كيما هدو,1,0,False,0.02394331619143486,0.9760566838085651
ماسقسيتش قصت اختك الامازيغ,1,1,True,0.9300559759140015,0.06994402408599854
مبروك عليك وعلى الجزائر ولات عندها صحافي,0,0,True,0.03215042129158974,0.9678495787084103
واش امير حبيت تقول الجنازه التاريخيه مزوره,0,0,True,0.01968412473797798,0.980315875262022
واش درولك في مازدا ياحمير درولك حاجه تتحرك قيق يابريق,1,1,True,0.9935095906257629,0.0064904093742370605
هذي سبيسيال لجامعه فريت اوملات بالبيض,0,0,True,0.06264711916446686,0.9373528808355331
نعلم انك حثاله من نفس السلاله سلاله زيط زيط زيط زيط,1,0,False,0.07669581472873688,0.9233041852712631
الكلب المسمى سعيد بوتفليقه يجب اعتقاله من طرف الشعب القصاص منه,1,1,True,0.9909493327140808,0.00905066728591919
نطالب باسترجاع بوتفليقه والعصابه 😂 رغم الفساد وكانت مستوره معانا,0,0,True,0.06141315773129463,0.9385868422687054
لقد اشتريت واحده,0,0,True,0.01381477527320385,0.9861852247267962
واش دخلك ياوليدافرانسا,1,1,True,0.9887933135032654,0.01120668649673462
batar,1,1,True,0.5590121746063232,0.44098782539367676
ناس الكل عدات الموضوع فهمنا توحدنا نتا قعدت تنبح طيح المستوي حكايه قديمه جيب جديد فتان,1,1,True,0.9483121633529663,0.05168783664703369
جربيه في الكوشه ما تندميش ويجي خفيف روعه,0,0,True,0.026949165388941765,0.9730508346110582
كذاب وهوما طماعين امنيوه وخرجو مالحراك العام قيو,1,1,True,0.9914155602455139,0.008584439754486084
المعطي القبايلي,1,1,True,0.8875935077667236,0.11240649223327637
ماشاء الله اكيد الوالده الكريمه فرحانه بيك,0,0,True,0.008627473376691341,0.9913725266233087
الله يبارك عبله 🤪😁شهاده معترف بها دوليا موتوا بغيضكم يا 💩 دوله مدنيه ماشي عسكريه دياراس مخابرات ارهابيه الماده السلطه للشعب,1,0,False,0.3094783127307892,0.6905216872692108
نيكمك يالعايله تاع طحين ورخس طحانين روحو عسو دياركم اازبي,1,1,True,0.9933657050132751,0.0066342949867248535
ممكن سعر من فضلك,0,0,True,0.008370029740035534,0.9916299702599645
لم يشتغل عندي,0,0,True,0.01397874765098095,0.986021252349019
يا شكوبي شحال عندك من جام ولى ابوني نشفالكم كي تحلت الباجا كنتو تحللو علا جال التفاعل او دوكا كي شبعتو راكم تخدمو بالعنصريه شريكي مشي هدا هو اللودو تع زمان او يدك فالشيخ عباد كيما نتا لي ناكو اللودو,1,1,True,0.9940252900123596,0.005974709987640381
نتظر رعايتكم,0,0,True,0.013240166939795017,0.986759833060205
جواب بريء🤔,0,0,True,0.026226095855236053,0.973773904144764
كون زاد عهده تانيه راه ولا يجي يدي لمصروف تاع ختك,1,1,True,0.9926740527153015,0.007325947284698486
بين بنينه,0,0,True,0.015982255339622498,0.9840177446603775
واله ايران الوحيد النهوض بالدوله الفارسيه وما التشيع والاسلام كل طاقيه ولو حدث لعادو عباده النار كانو الفتح,1,0,False,0.016639992594718933,0.9833600074052811
راني عرفها الماصو بلعاط صفحا ورق ولورق نيشان رسلي جام بلي حيحص قلبيها,0,0,True,0.0423702709376812,0.9576297290623188
بوتفليقه قبل التحلاب,1,0,False,0.031979870051145554,0.9680201299488544
الشعب يسحقوه التقشف,0,0,True,0.023197390139102936,0.9768026098608971
ضك يجو يتعرقو عليك واش داك تخرب,0,1,False,0.9892969727516174,0.010703027248382568
هل الشاشه متوفره,0,0,True,0.014842111617326736,0.9851578883826733
👌🏻😂 علابالي تفهمني,0,0,True,0.008776286616921425,0.9912237133830786
جيزي راحت عليكم,0,0,True,0.010058282874524593,0.9899417171254754
azy nik ta mère la pute li jabtek l9it had denya bâtard et pd sinon aurai pas mis doux comme nom fdp va,1,1,True,0.9858127236366272,0.014187276363372803
بلد متقشف,0,0,True,0.013828073628246784,0.9861719263717532
خامج رخيسه ام رجاله وانتي قالو يا,1,1,True,0.9940044283866882,0.005995571613311768
العطايه ولات عيناني يا زبي في هاذ البلاد نيكو ماتكم جمله,1,1,True,0.994010329246521,0.005989670753479004
متابعين ولاد بنات القهوه مكان,0,0,True,0.08765961229801178,0.9123403877019882
الموهبه الجزاءريه بف اختك يا صاحب المقال ستمثل توم كرموز براد بيت يا وقح,0,1,False,0.9933652281761169,0.006634771823883057
اصبحت بتخفيض,0,0,True,0.016848988831043243,0.9831510111689568
نعله الله عليك يا كلب,1,1,True,0.994032084941864,0.005967915058135986
باينه تكمل هاك,0,0,True,0.03347845375537872,0.9665215462446213
الف مبروك بالتوفيق مزيد من النجاحات,0,0,True,0.00829055905342102,0.991709440946579
بكل اختصار العبره ماجر عند توليه منتخب وطني جعل طاقمه من الدشره ودمر المنتخب بتتائج,0,0,True,0.16011980175971985,0.8398801982402802
ربي يرحم معطوب الوناس ومصطفى بن بولعيد رجال صادقو ما عاهدو الوطن يحتاج لمثل هؤلاء الرجال,0,0,True,0.16515591740608215,0.8348440825939178
اصل الحريره اندلسي,0,0,True,0.015324159525334835,0.9846758404746652
niveau ème année primaire allah ghalb 😂 frite omlets bl البيض 🤮😭,1,0,False,0.4271765351295471,0.5728234648704529
خلاصه القول الشعب قادر يعيش وحدو يسير امورو الدوله العاءق الشعب ليرتقي مستوي معيشته,0,0,True,0.060926806181669235,0.9390731938183308
دالتك غير وجد روحك,0,1,False,0.6757016181945801,0.3242983818054199
صااندويش فريت اوملات بالبيض,0,0,True,0.028435636311769485,0.9715643636882305
ماعنديش داسيا عندي كليو ساعات نغسلها مره الشهر وكي مريضه نديرلها التيم,0,0,True,0.011297790333628654,0.9887022096663713
شاوي افتخر لي مايعرفش اصلو يروح يشعل روحو ♓,1,1,True,0.6621416807174683,0.33785831928253174
ربي يحفظذ استااذ الله ما كنت فاهمه والو ملي تبعت فيديوهاتك فالقسمه تعلمت بزااف عفايس ربي يعطيك ما تتمنى رحمه الله على روح امك الطاهره,1,1,True,0.9944983124732971,0.005501687526702881
wali darya lahram 🔪,1,0,False,0.015870170667767525,0.9841298293322325
شي مبروك وربي يحفظك ويحمك تحياتي لك,0,0,True,0.008681523613631725,0.9913184763863683
تعجبني قدره التحمل تاع لباتري تاعو قوه قوه حاجه فور بزاف مي جا غالي شويه شفتو البارح حاجه فور مي الله غالب السعر ليس في متناول الجميع,0,0,True,0.016630692407488823,0.9833693075925112
السكر يا ربراب العالم كامل 36 دج هنا 90,0,1,False,0.7338403463363647,0.26615965366363525
كس امو لي ميحب فري فاير,1,1,True,0.9063589572906494,0.09364104270935059
بتوفيق ان شاء الله احسنت واصل,0,0,True,0.01409908477216959,0.9859009152278304
كل مدينه وكل قريه وكل دوار ودشره يجب ان بدافعوا علي ابناء مدينتهم يجب الكيل بمكيالين هم مع ربراب ونحن ايضا مع ابناء مدننا,0,0,True,0.02999338135123253,0.9700066186487675
خطيك,0,1,False,0.7943221926689148,0.2056778073310852
اعه ياقواد الزوتف القيبايل البلغارين ياناكر اصلك الاعرلي المقطر,1,1,True,0.9925771355628967,0.0074228644371032715
يدك فالقلوه اليمنى 🖕,1,1,True,0.9926432967185974,0.007356703281402588
بلد زبي 🖕🏿,1,1,True,0.9908083081245422,0.009191691875457764
الي يلبس اريني دير تلت ملايين ربعميه كعبه روح نيكمك بعيد ادمن,1,1,True,0.9942215085029602,0.005778491497039795
اسعار المكيفات بروند,0,0,True,0.011654159054160118,0.9883458409458399
من هو المسؤول الجزائري الذي لم يحول رؤوس اموال الى الخارج من هو المسؤول الجزائري الذي لا يملك قصر في الخارج من فتح الطريق لربراب علي حداد طحكوت علمي اعمر بن اعمر كونيناف من سرق سوناطراك من مهد الطريق للخليفه ليكون امبراطوريته هؤلا من يجب محاسبتهم اولا قبل رجال الاعمال هؤلاء هم من استفادوا قسموا اموال الجزائريين فيما بينهم هؤلاء هم من دمروا الجزائر اقصد بهؤلاء كل رجالات الدوله من رئيس الى وزراء ولات معضم جنرالات العسكر علما ان وراءكل رجل اعمال ناجح جنرال وزير والي فكفاكم استغباء بابناء الشعب بهذه المحاكمات العشوائيه السطحيه فمن يجب ان يحاكم هم انتم لانكم ببساطه انتم افراد العصابه ما رجال الاعمال الا افراد تختبئون ورائهم علما ان ثروتكم انتم تعتبر اضعاف ما كسبوه هؤلاء نحن مع رحيل النظام الذي عبث عجز عن حمايه اموال الشعب بعد سقوطكم ستحاسبون انتم اولا وكل من كان وراء هؤلاء رجال الاعمال بعدها سنطالب باسترجاع اموالنا من هؤلاء اخيرا اطلب من كافه الشعب عدم الانسياق وراءهذه المحاسبات التمثيليه لان يجب ان يحاسب اولا هم عصابه النظام فهم شركاء في الجريمه مطالبنا رحيلهم محاسبتهم,0,0,True,0.49110668897628784,0.5088933110237122
سليل الجيش الفرنسي البيجاري كانو يرقدو بالبيجامه ويتقهواو بالكروصان,1,1,True,0.8703700304031372,0.1296299695968628
واش ربحتو فالخر الشعر لقبايل بعاد عليكم يا الاصابع الزرقاء,1,1,True,0.9893256425857544,0.010674357414245605
مبروك عليك ياليزووم❤,0,0,True,0.012077082879841328,0.9879229171201587
مبرووك عليك خوزا الاميير عبلوس اخلات عليكم عاود جاء,0,0,True,0.013904400169849396,0.9860955998301506
ثروه ربراب نقدرو نكملوا بيها الطريق السيار من عنابه للطارف,1,1,True,0.5690669417381287,0.43093305826187134
وانت واش وجعك,1,1,True,0.9929876923561096,0.007012307643890381
يكفي بهلولا لتصبح مشهورا,1,0,False,0.013095652684569359,0.9869043473154306
محمد صلاح,0,0,True,0.04404444620013237,0.9559555537998676
jebtha antik ki wesalt les clubs khasartha,0,1,False,0.6511065363883972,0.3488934636116028
الثوره فكره الفكره تموت شاء اله يروحو قاع,0,0,True,0.06608124822378159,0.9339187517762184
استحمار بوصبع لزرق,1,1,True,0.9932733774185181,0.006726622581481934
دولهمدنيهماشيعسكريه كلش مبروك,0,0,True,0.010284272953867912,0.9897157270461321
كاينا,0,0,True,0.008885230869054794,0.9911147691309452
الله يرحمهم ويجعلهم من اهل الجنه الفردوس الاعلى يارب,0,0,True,0.00859028473496437,0.9914097152650356
40 الف وزايدين يلعبو بيهم لا حول ولا قوه الا بالله,0,0,True,0.11727021634578705,0.882729783654213
روح نيك امك يا زبي ديزاد,1,1,True,0.993305504322052,0.006694495677947998
بوركت استاذ,0,0,True,0.011622454971075058,0.9883775450289249
تمدوه بالمعريفه يا,0,0,True,0.08926384896039963,0.9107361510396004
حسي راي بروند معندهاش مصدقيه ها علاش فين هم جوائز الطمبولا,0,0,True,0.01411051582545042,0.9858894841745496
اعز الناس شرفاء الوطن الغالي السلام عليكم ورحمه الله وبركاته اسعد الله صباحكم بكل خير ماتشريش زيت ربراب,0,0,True,0.053229063749313354,0.9467709362506866
نيك مك نتي ولي يسمعك ولي توسوس راني عليه,1,1,True,0.9937693476676941,0.006230652332305908
وجد روحك ايامك معدوده,1,1,True,0.9733281135559082,0.026671886444091797
ربي يحفظك يا استاذ شكرا رحمه الله على روح امك الطاهره,1,1,True,0.9940623641014099,0.005937635898590088
هاد المخلوقه كي طلقو توفيق براءه انقالبت على الحراك,0,0,True,0.07879938185214996,0.92120061814785
وجوهكم صحاح مطليا بزبل لكم خجل مازلت تحدث كنت اتحدث اظهر مجدا لعنه اله عليكم يانقوشا ياعطين صحافه العار,1,1,True,0.9942010045051575,0.005798995494842529
وجوه الرخص والي رخصكم تعليم اعلاه تقولوش صح غلطنا سامحنا اخطونا يا فساق,1,1,True,0.991182804107666,0.008817195892333984
رايت حداد السجن رايت اويحي العداله رغم استدعيه مرتين رايت كوليناف العداله رايت ربراب العداله لحضه دخوله وخروجه دوب وعدلان ملاح وبوعكاز واخ امير سياسه الغير الشرعيه لعداله والعصابه مستمره,0,0,True,0.12947522103786469,0.8705247789621353
بغيت تقول بلي عاقل امازيغ يا حمار طحان لمهم لقبايل قوتاو الامازيغيه لغه وطنيه,1,1,True,0.9880325794219971,0.01196742057800293
صعيبه يا راضيه خاطيني تبارك اله يا بنت سطيف شاطره,0,1,False,0.8271906971931458,0.17280930280685425
na3lato elah alyk,1,0,False,0.036692727357149124,0.9633072726428509
متابعك نستنا وقتاش نلق فرصه ندردش معاك,0,0,True,0.01663479581475258,0.9833652041852474
راك غالط بزاف صحبي الرزق ياتي بعد الزواج هدي قالها عمر بن الخطاب رضي الله عنه مشي انا,0,0,True,0.012210692279040813,0.9877893077209592
القي رد,0,1,False,0.7220622897148132,0.27793771028518677
لي راه يدافع ربراب يروح يقود عندي,1,1,True,0.976707398891449,0.023292601108551025
مزيد من التالق اخي امير,0,0,True,0.01034525502473116,0.9896547449752688
التهريب قانوني العسكر الجزاءري كياخذو لحلاوا المغاربه المهربين,0,0,True,0.15070246160030365,0.8492975383996964
انل راني سيريوا,0,0,True,0.013991741463541985,0.986008258536458
صياحك طرب,0,0,True,0.030492648482322693,0.9695073515176773
سيف العداله يمر الجميع,0,0,True,0.030418559908866882,0.9695814400911331
يجوره السحاب,0,0,True,0.28331807255744934,0.7166819274425507
الاصدقاء يفرحو وقتاش تجي الفرصه باش يخرجو بعضصحابي,0,0,True,0.017393870279192924,0.9826061297208071
نك زبي اذا هاذي بلاد,1,1,True,0.9941516518592834,0.005848348140716553
المشكل المحكمه الكبري الجزاءر القضاء الشعبي السيد بالعكس,0,0,True,0.02771465666592121,0.9722853433340788
الحزن حدث,0,0,True,0.02283770963549614,0.9771622903645039
ينمي واش قود مولوديه نيك مو ما تعرف لي يشجعو مولوديه يخي كعبه,1,1,True,0.9943169951438904,0.005683004856109619
لي يحبك صح يعرف وقتاش anniversaire تاعك 😌✅,0,0,True,0.020522573962807655,0.9794774260371923
القبايل احرار ولن يخدعهم الزوافين وعبده ربراب,0,1,False,0.9868654608726501,0.013134539127349854
ارب هاه صح ضحكت مالغري منيش فمرال تاع ضحك يعطيكم صحه 😂,0,0,True,0.016596930101513863,0.9834030698984861
بعيد السماء نبح الكلاب,1,1,True,0.991926908493042,0.008073091506958008
مبروك اعليك والشعب سلملك هديه الصدق والمصداقيه انرز ولانكنو,0,0,True,0.008061442524194717,0.9919385574758053
سجلوها لحيط الراشي,0,0,True,0.023453064262866974,0.976546935737133
واش يقعدو في بلاد اازمان,0,0,True,0.13681606948375702,0.863183930516243
معطوب الهيبه,0,0,True,0.03199745714664459,0.9680025428533554
قستها صاحبي,0,0,True,0.024017132818698883,0.9759828671813011
مزالكم تبعو في هاذي الصفحه سينياليو جدها الادمن نتاعها فارغ شغل قاعد غير للفتنه ميعرف ني تاريخ ني الثقافه جايب بيكم الوقت هذا ما يمثل حتا جزائري,1,1,True,0.9280495047569275,0.07195049524307251
viva usma aljeri ❤️🖤 aw r🫡 ta3ti bik bl memes wala wach ismoh yana9ch,1,0,False,0.24385198950767517,0.7561480104923248
الله يرحمو رياض كل شيئ مكن,0,0,True,0.008433927781879902,0.9915660722181201
تحيا ربراب وتحيا ملال,0,0,True,0.008206534199416637,0.9917934658005834
شوفي ماليزيا كنت نعرف وحده هنا من ثم ديما تصور وتوريلي بلايص nوالحاجه الفور تدوري تح,0,0,True,0.026007991284132004,0.973992008715868
اله يرحمهم ويجعلهم اهل الجنه الفردوس الاعلي يارب,0,0,True,0.009544052183628082,0.9904559478163719
الله يرحم القايد صالح ونت اقعد تنبح كي الكلب,1,1,True,0.9930928945541382,0.006907105445861816
فاءده هاءلاء الاوباش ويجب اختزالهم معادله الحراك حراكي مءمن بقضيته خير هاءلاء المتخاذلين الاغبياء,1,1,True,0.8358922004699707,0.1641077995300293
ولي يسمع سولكينغ وعلاه مسكين,0,0,True,0.009956356137990952,0.990043643862009
امسيتك طيبه خويا رامي 🙏 مرحبا,0,0,True,0.03510013595223427,0.9648998640477657
الله لا يربحهم,1,0,False,0.04531029611825943,0.9546897038817406
jibe maak pommada,0,1,False,0.9429972171783447,0.05700278282165527
مبروك يسنهلو,0,0,True,0.009747190400958061,0.9902528095990419
وجوه البغس الرغس كنتم تقولون المنتخب لا يقنع في لعبه في خطته في في في الخ الان تغير كل شيء سبحان الله,1,1,True,0.8757656812667847,0.12423431873321533
rabi sobhano,0,0,True,0.018011881038546562,0.9819881189614534
اخواني القباءل ليسو الكل لان القباءل احرار ورجال طينه الكبار اتحدث يدافعون ربراب ثاني ملياردير عربي قدم لكم ماهي المشاريع استفدتم ياناس راه رجل فاسد يخدم المشروع الفرنسي يريد تقسيمنا حذاري حذاري,1,1,True,0.5874277353286743,0.4125722646713257
عاهره واوساخ 😂,1,1,True,0.9721158146858215,0.027884185314178467
لس كلام امرءه جزايريه مؤدبه ولو كنتي تحكي الحقيقه لا احد من ابناء الفامليه يستطيع تتبع كلامك الغير المؤدب,1,0,False,0.3377417027950287,0.6622582972049713
نعبد ربي حمد له,0,0,True,0.009628663770854473,0.9903713362291455
هدرتكم صح لوكان راكم وصلت تحرو فلسطين,0,0,True,0.17029502987861633,0.8297049701213837
الناس راهم شعبان راهم اصذقو ويصومو ويذعيو ربي يغفرلهم وانت اقعذي ذيري النميمه اعراض الناس راكي كبيره خافي ربي خلي الناس حالها اصلا امير عمرو متكلم اعليك حسبيا اله ونعم الوكيل فيك,1,1,True,0.9094718098640442,0.09052819013595581
واش داك تشربها,0,0,True,0.018181931227445602,0.9818180687725544
تحركهم فريت اوملات بلا بيض يا وحد لحمار,1,1,True,0.9904708862304688,0.00952911376953125
تبون خدع كامل الجزاءرين وعود كاذبه المجالات,1,1,True,0.9461745023727417,0.0538254976272583
نسيت صنم بوبجي افرار,0,0,True,0.04589172080159187,0.9541082791984081
pidé,1,1,True,0.6431413292884827,0.35685867071151733
نعل جد موك المخرج باش تقتل احسن واحد عادي 😭 والله حتا حشوما او حرام عليك بغسكو مقدرتش علا هاد سوتياسسون,1,1,True,0.9845852255821228,0.015414774417877197
ناكل الفرماج الباقي انحطهم البراد قالك لازم انديرو التقشف,0,1,False,0.9453349113464355,0.05466508865356445
خلي السكطمبري العثروس ودنين الطاروس يرقد الحيبوسه اسكت توقظه,0,1,False,0.8993909955024719,0.10060900449752808
شوف نقولك حاجه نتسو مانتسوش انت شادخلك وشكون كلفك تهدر باسمنا اخطيك منا وروح دبر روحك,1,1,True,0.9904083013534546,0.00959169864654541
صحاب الراي,0,0,True,0.01782304421067238,0.9821769557893276
اخمج فندق في العالم,1,0,False,0.44195055961608887,0.5580494403839111
نسيت ديدين كلاش,0,0,True,0.008407708257436752,0.9915922917425632
مول المازده,1,1,True,0.9936416745185852,0.006358325481414795
hadi hia hdra,0,0,True,0.01689591072499752,0.9831040892750025
دخلتهم كل للحبس واش خليت هذا يدل على الكذب,1,1,True,0.9664161205291748,0.033583879470825195
islamya matchi zwafia,1,0,False,0.4183812141418457,0.5816187858581543
حساب هدرتك مولوديه توجور سور دارولك بونت فيراج سود,1,1,True,0.9581729769706726,0.04182702302932739
الهربه لبلاد هدي مبقاتش قاعدا,1,1,True,0.9058146476745605,0.09418535232543945
التنوع البيءي ماكان,0,0,True,0.011078746989369392,0.9889212530106306
1ايسكوبار عندو مشاريع كتر ربراب ايسكوبار وحدو سكن نص كولومبيا تسمي ايسكوبار مليح لي غلط يتحاسب شكرا,1,0,False,0.26908934116363525,0.7309106588363647
شكون هادو اسبي,1,0,False,0.1934904158115387,0.8065095841884613
la ilha ila allah matoub rasoul allah,1,0,False,0.08393529057502747,0.9160647094249725
بالمختصر المفيد لازم,1,0,False,0.02375240996479988,0.9762475900352001
شاء اله نتاهل لكاس العالم بالتوفيق فريق شاب شاء اله مستقبل واعد مشرف مبروك لشقيقه تونس,0,0,True,0.47788164019584656,0.5221183598041534
الفرج منك يا اله,0,0,True,0.0146141042932868,0.9853858957067132
الله لا تربحهم الشيات اخوكم من اقصى صحراء الجزائر تيميمون,1,1,True,0.9886236190795898,0.011376380920410156
رح ينكحنا بلكورونا,1,1,True,0.8510286211967468,0.14897137880325317
اودي روح تعطي غلى روحك يا الزامل,1,1,True,0.993354082107544,0.006645917892456055
راهي كتبتها نيشان صاي راهي قابلته معنتها دروك,0,0,True,0.032204948365688324,0.9677950516343117
جرو تاع ربراب يدافع سيده تفوه,1,1,True,0.9899914264678955,0.010008573532104492
ربي يحفظك استاذ يرحم روح امك الطاهره ياارب,1,1,True,0.9939494132995605,0.006050586700439453
اله يبارك ماشاء اله,0,0,True,0.007803134620189667,0.9921968653798103
الخير جدهصدقتي واله ساعات نقول وعلاه مانتلاقاوش بالمثالين هادو فالعالم الواقعي,0,0,True,0.02845311164855957,0.9715468883514404
افيدونا حتى لا نفقد الثقه في منتجات كوندور,0,0,True,0.01039743609726429,0.9896025639027357
rou7 9awad bik la page ta3 lii yabou la page takk 🖕🏾,1,1,True,0.9792624711990356,0.020737528800964355
رجال الحمايه المدنيه الجزاءريه الرجال الاشرف البلد امتلا براءحه النفاق فطوبي لكم🙏,1,1,True,0.8198977708816528,0.18010222911834717
استاذ شرح درو فيدو قصير بش نبرطجوه الانسان تع بوليس تع وزاه دخليه تع فرنسا,0,0,True,0.23507045209407806,0.7649295479059219
طائفه زوافيه مازديه سرطان الجزائر 🐸,1,1,True,0.9540196657180786,0.04598033428192139
اله يرحمها ويصبر اهلها,0,0,True,0.00950505118817091,0.9904949488118291
العبيد يرون الحر اله,1,0,False,0.2129681259393692,0.7870318740606308
مع احترامنا للجزائر تونس اقوى افضل احسن ونتمنى الحصول على هذه الكاس في كره اليد في الشان في كره القدم ان شاءالله تونس متالقه دائما,0,0,True,0.015257252380251884,0.9847427476197481
ماذا يريد النظام المفلس بالجزائر,0,0,True,0.019971419125795364,0.9800285808742046
القبائل هي عميروش وكريم بلقاسم وعبان رمضان,0,0,True,0.4178282916545868,0.5821717083454132
ونتا هاذو حسبتهم اله ربك,0,0,True,0.3286973834037781,0.6713026165962219
القبايل ليست هي ربراب او حداد القبايل هي عبان رمضان كريم بلقاسم عميروش حذاري من الاعيب العصابه اخوتي كلنا للوطن كلنا جزائريين,1,1,True,0.7422673106193542,0.25773268938064575
وين ما يفيق شعب لكبرنات فرنسا مجموعه وجد يخلقولو مشكله حدود فلسطين صحراء غربيه لتهريب اموال في راحتهم,0,0,True,0.31287550926208496,0.687124490737915
محمد صلاح 😂👌,0,0,True,0.03982112184166908,0.9601788781583309
روح بول ارقد طزز عليكم لوكان راكم تبكو على صلاتكم كما هاك لوكان رانا اسياد العالم,1,1,True,0.9928703904151917,0.00712960958480835
قالي نقطه البيع بوسعاده,0,0,True,0.016877371817827225,0.9831226281821728
قبائلي وافتخر ♓️️,0,0,True,0.035816729068756104,0.9641832709312439
خويا حاب سعر الغساله كلغ في اللون الرمادي,0,0,True,0.012546101585030556,0.9874538984149694
لقيط فرخ تفوو عليك,1,1,True,0.9940317273139954,0.005968272686004639
نيك مك يا شيخ يا بوحنيكه,1,1,True,0.9933274984359741,0.006672501564025879
الجزائر تصنع السيارات والله غير راكم مهابل,0,0,True,0.02369658648967743,0.9763034135103226
حتا في بلادي كاين عنصريه علابيها قعدنا في بلاصتنا,0,0,True,0.0759517252445221,0.9240482747554779
ولاد فرنسا عليهم لعنه الله الخونه,1,1,True,0.9936479926109314,0.0063520073890686035
راني مستغرب والله قاع واش راه يصرى فالعالم وواحد متخلف كيما نتا مازال يميز بين القبايل والعرب شوف ناس وين وصلو وشوف نتا وين راك😗,1,0,False,0.4615693688392639,0.5384306311607361
حمد لله مناش راح نموتو,0,0,True,0.012833132408559322,0.9871668675914407
اله يرحمك عقيل وحسني هاذو لقحاب وجوه زبي كانو يخدمو بالبونت ولاو زب حلوف نك مواتكم ونك اولاد لقحاب صدقه وكرامه ترحما شهداءنا الابرار,1,1,True,0.9855808615684509,0.014419138431549072
خاطيني كلش الحمد لله,0,0,True,0.009296824224293232,0.9907031757757068
انا عندي محل حاب نخدم معاكم,0,0,True,0.014685746282339096,0.9853142537176609
طالبتهم العداله ان تتحرك ولما تحركت قلتم لماذا ربراب حداد اويحيى سيد السعيد قبايل سراقين لازم يتحاسبو وعلى الجميع من كل جهات الوطن,1,1,True,0.9094110131263733,0.09058898687362671
ياه واله علابالي عطله سعيده ترجع بالسلامه ديني معاك حطني فاليزا 😌🤭,0,0,True,0.008090359158813953,0.991909640841186
ربي نشاله يعطيك الصحه العافيه ويرزقك خير ويرحم امك الطاهره وابي رحمت له عليهم,1,1,True,0.9942420125007629,0.0057579874992370605
toutes mes undefined khouya amir allah y3ali chanek inchallah,0,0,True,0.03792447969317436,0.9620755203068256
يا زيطوط رانا الزلزال دير حاله يقضي علينا اصبر تنحالنا الخلعه ومنبعد نولو العصابه تبون مزور دوله مدنيه ماشي عسكريه,0,0,True,0.2046462893486023,0.7953537106513977
تحبو لبلاد تولي كي اوروبا تولي زبي,1,1,True,0.9539009928703308,0.04609900712966919
ان شاء الله في الاغواط,0,0,True,0.0432886965572834,0.9567113034427166
السلام عليكم شحال ادير,0,0,True,0.010252738371491432,0.9897472616285086
كندور اعتزاز الجزائر,0,0,True,0.01454921904951334,0.9854507809504867
ياو مرانش نقولو ربراب مليح مي رانا نقولكم القايد راهو يلعب بيكم افطنو,0,1,False,0.909808874130249,0.09019112586975098
مولوديه خاطي 😐,0,0,True,0.2898824214935303,0.7101175785064697
زمان,0,0,True,0.03516801446676254,0.9648319855332375
قيمه التكلفه ارتفعت بهدا القدر لان الحجاره مستورده كوكب اخر,0,0,True,0.04128912463784218,0.9587108753621578
نعرف نتاع الجزار شاكيب رباعتهم وين راحو اصلا ماعندهمش مصداقيه دوليه مشكوك امرهم عدالتهم علاباهم نتاع تيري تيري برك وين حطت,0,1,False,0.810930073261261,0.189069926738739
الجديده يعني الانتقام الشعب طرد المجرم بوتسريقه جديده يعني القمع الحديده الشعب حسبنا اله الوكيل,1,1,True,0.8598328828811646,0.14016711711883545
موالفين متقمبيع اله غالب بطها سكت,1,1,True,0.9687288999557495,0.03127110004425049
نحن نرزقهم واياكم ان قتلهم كان خطئا كبيرا,0,0,True,0.013080506585538387,0.9869194934144616
بامكتنكم توضيح المشكل تواجهونه منتوج كوندور,0,0,True,0.29974719882011414,0.7002528011798859
لديكم مقر بولايه تيارت,0,0,True,0.0125347301363945,0.9874652698636055
رساله هامه يالخاوا بالاكو تشرو عليهم خاطرش يلعبوهالكم مايسقطو تولي رخيسه وبالاك الدوله تنحيهالكم تولي املاك الدوله,1,1,True,0.980701744556427,0.019298255443572998
مستوي رابعه,1,0,False,0.13457117974758148,0.8654288202524185
انا خاصني تلفاز سمارت تفي يخدم بسيستام اندرويد شحال يدير من فضلكم,0,0,True,0.008918793871998787,0.9910812061280012
نقطه بيع,0,0,True,0.02930714376270771,0.9706928562372923
المغرب هو الاصل والباقي تقليد لا مجال للمقارنه بين الجزائر طووز المخزن الحمد الله,1,1,True,0.9167600870132446,0.08323991298675537
ربي شكون ماتفكرش ميمتو تهلاو في ماتكم متخلش الدنيا تغركم دمعه طاحت 😢تفكرت ميمتي الله يرحم جميع المسلمين,1,1,True,0.9772422313690186,0.022757768630981445
العصابه غرقت الوحل راهي طرش,0,0,True,0.23477038741111755,0.7652296125888824
اله يرحمهم رني نشوف الطريق تقول رالي داكار السرعه التقلق اله يهدني,0,0,True,0.011192165315151215,0.9888078346848488
الشاويه خيار الناس nمي والله منعرف حرف ولا كلمه من لهجه تاعهم,0,0,True,0.02059088461101055,0.9794091153889894
بلاد ميكي الخونه لي شردو حطمو شباب نادي الصنوبر رجال لي خدمت وقفت شباب السجن ينعل دين باباك ياسعيد طحان تحيا ربراب,1,1,True,0.9928258657455444,0.007174134254455566
اله ينصرك يا استاد هولاء الصعاليك,1,1,True,0.9548478722572327,0.045152127742767334
اكبر سارق تاريخ الجزاءر يسعد ربراب,1,1,True,0.6643518805503845,0.3356481194496155
حساء خضار دجاج محمرسلطه بالجبنخبزوكعك,0,0,True,0.39635127782821655,0.6036487221717834
اختك وين هيا,1,1,True,0.9892790913581848,0.010720908641815186
روحي راهو وجهك كي زبي ياوحد القحبه تقعدي طول عمرك قحبه تف,1,1,True,0.9940624833106995,0.005937516689300537
وله مارانيش حابسين يا يا حنا,0,0,True,0.01777522638440132,0.9822247736155987
واش,0,0,True,0.07080942392349243,0.9291905760765076
زايده شويه,0,0,True,0.22739292681217194,0.7726070731878281
حسبنا الله كفى اذا كان هذا حقيقه فاقم على الجزاير ماتما يا رجال الدين اين انتم يا ايها العقلاء اين انتم نحن تحت احتلال بوليسي يا رب الجزاير وولادها امانه عندك,0,0,True,0.0687672570347786,0.9312327429652214
تمنقيش,1,0,False,0.28552430868148804,0.714475691318512
باختصار الجزائر الجديده في حاله مزريه في 201,0,0,True,0.02822653204202652,0.9717734679579735
هنيءا لك ولكل المناضلين الحريه والكرامه🌹,0,0,True,0.015077542513608932,0.9849224574863911
الجزائر فرنسيه فاشهدوا فاشهدوا فاشهدوا,1,0,False,0.04917970672249794,0.9508202932775021
نرجو منك ترسل لنا رقمك الهاتفي واسمك,0,0,True,0.013354847207665443,0.9866451527923346
حمار الدوله,1,1,True,0.9862444996833801,0.013755500316619873
يامول الصفحه وعلاه ماديرش تغريده اعانه الولايات يعونونه راه شي اله اله رانا جزا,0,0,True,0.014303040690720081,0.9856969593092799
undefined فريت او ملات,0,0,True,0.012206223793327808,0.9877937762066722
nta brouhak ahh lkhanaz kont takhdam sarver fi restaurent tsarbi loubya fret bal bayd ahh tahan hna na3arfouk raya ahh roubi min jit man dawarkom layoun turke fa 20 ahh jayah,1,1,True,0.9569328427314758,0.04306715726852417
منتجات متوفره عندكم,0,0,True,0.012687163427472115,0.9873128365725279
نعبدهم,0,0,True,0.01668831892311573,0.9833116810768843
اثبت الدراسات السكريات والزيتوت بصفه مهدمه لجسم الانسان وتاع ربراب تهديما وشكرا,0,0,True,0.06183790788054466,0.9381620921194553
اتفاقيه افيان كتبت بدماء الشهداء طرف,0,0,True,0.20103806257247925,0.7989619374275208
نعم لقد تواصلت مع عنوان الخدمات الذي بعثتم به,0,0,True,0.010909050703048706,0.9890909492969513
السلام عليكم فريق عمل براند الجزائر,0,0,True,0.011993792839348316,0.9880062071606517
ايه جوده رانا حاصلين المنتوج الملء بالعيوب,0,0,True,0.011765268631279469,0.9882347313687205
جيبو السوارد اللي سرقوهم اويحي سلال سلكوهم ابنيو بيهم 20 سبيطار يفضالو اشريو بيهم طائره يفضالو,0,1,False,0.8121904134750366,0.18780958652496338
نيك امك يا القايد,1,1,True,0.9937384128570557,0.006261587142944336
الف مبروك اخي حيا الله الاحرار دوله مدنيه ماشي عسكريه,0,0,True,0.007540254388004541,0.9924597456119955
مطاطيطك,1,0,False,0.013800887390971184,0.9861991126090288
عندك الحق ولي ماعجبوش كلامك يدير لشان الحليب وبلع فمك,1,1,True,0.9868782162666321,0.01312178373336792
مبروك خونا امير لعقوبه لمزيد النجاحات ستصعق النخبه المزعومه,0,0,True,0.025210358202457428,0.9747896417975426
بقينا توالا جال عنصرين تاع لخرا لي كيفكم,1,1,True,0.9671404957771301,0.03285950422286987
بالبركه عليك خويا amir boukhors amir dz تستاهل كل خير يا الزعيم ربي يحفضك 🇩🇿✌️,0,0,True,0.008959319442510605,0.9910406805574894
هدره الناس مادرنا والو,0,0,True,0.014500077813863754,0.9854999221861362
واله خالعني الطفل,0,0,True,0.0685492679476738,0.9314507320523262
واش درولك مازدا ياحمير درولك حاجه تحرك قيق يابريق,1,1,True,0.9930110573768616,0.006988942623138428
رساله لصاحب الفيديو كنت راجل لوكان ماركش عايش بلاد قتلت الملاين الجزاءرين بما فيهم اجدادك يا خاءن,1,1,True,0.9509629607200623,0.049037039279937744
اله يرحم الي ماتو كله تطبيق القانون بمعني القانون الجميع كاين عندو نفوذ زميل الناس سواسيه التم نقدرو نهدرو,0,0,True,0.008411649614572525,0.9915883503854275
نتا باين تبع ماميدو صبوحه نقوشه هادوك عليها درت هاد لميم,1,1,True,0.9847570061683655,0.015242993831634521
اولا هو ليس اول واحد سجن ثانيا لما خرج ربرابكم لم يكن بدا مسلسل الطرد,0,0,True,0.06465015560388565,0.9353498443961143
علاه تشتيو تشعلو النار 😐,0,0,True,0.02459908090531826,0.9754009190946817
نيك موك يا مول لاباج,1,1,True,0.9932087063789368,0.006791293621063232
روحي قتلي روحك طلقتي راجلك على جال لنتخب ابخي قلبتي لvيستا الله العنك منحطه امير ليزووم ونتي خارج مجال التغطيه حم بوك شحال خلصوك,1,1,True,0.9932998418807983,0.00670015811920166
vous avez ni tenue ni retenue et encore moins de respect des insultes et de la médisance et autres commérages outranciers est triste tout cet étalage ne vous grandit pas et ne vous honore pas du tout et cela donne une image hideuse de vous ma tekhafou rabi ma hechamtou 3la ardekoum inna allah alaykoum chahid,1,1,True,0.7484468221664429,0.25155317783355713
ماعندو معني,0,0,True,0.01900329254567623,0.9809967074543238
والله نعزك على هادي غاضتني,0,0,True,0.012955660000443459,0.9870443399995565
البارح قدام محكمه عبان رمضان شعار واحد نتاع الشعب هو جيبولنا السعيد لم يهتف الشعب حاسبو ربراب ولا حداد ولا كونيناف الرساله واضحه من الشعب,0,0,True,0.04863453656435013,0.9513654634356499
الرزق على ربي لكن الانسان لازم يبادر يسعى اذا مكانش حاب يولي غني معك كل الحق تقولو مايتزوجش,0,0,True,0.010174411348998547,0.9898255886510015
عفي اله عما سلف فهم الشعب ظروفهم صعبه اله عونهم,0,0,True,0.07536914199590683,0.9246308580040932
مرحبا الامر مكن,0,0,True,0.009302490390837193,0.9906975096091628
وعلاه نورمال ولد فرانسا ولد دزاير المهم عاد يقبض لعصا يخي كي تخلط يجيبو ولاد الشرق,0,0,True,0.41265061497688293,0.5873493850231171
روحي ذوبي هداك لكرش ومن بعد تروحي تغني لي جي غني يخي حاله يخي,1,1,True,0.9940134882926941,0.005986511707305908
الخبر كوندور ترسلش التحديثات لهواتفها تفعل كبري العلامات هاها,0,0,True,0.009557832032442093,0.9904421679675579
احمار اعطولوا ورده اشمها كلاها هكذا يا فريت اوملاط بالبيض,1,1,True,0.9596472978591919,0.040352702140808105
كل واحد ومكتوبو,0,0,True,0.012827184982597828,0.9871728150174022
سرقوا من فلسطين الليمون ونحن نائمون حرقوا نخيل عراقنا الميمون ونحن نائمون طعنوا قلب اليمن الحنون ونحن نائمون انقلبوا على مصر في سكون ونحن نائمون دمرو الشام ولازالوا يدمرون ونحن نائمون فيا امه النيام اخبروني لماذا من كتاب ربكم لاتحفظون سوى قوله,1,1,True,0.9544631838798523,0.045536816120147705
شهاده تعادل الماستر هي دوره تكوينيه هزيله تاع سمانه حتى تورنوا مابين الاحياء ماتسمحلكش تغطيها راك تتخايل,0,1,False,0.5748069286346436,0.42519307136535645
ليحب تحب تشيع تهدر مولوديه,0,0,True,0.08132898062467575,0.9186710193753242
نتما لفوطيتو تربحو شعر منا حتا تخلاص دنيا ومعا لوقت تحسو بلي درتو صبع لروحكم,1,1,True,0.9855746030807495,0.014425396919250488
يحب يزرع الشوك هده المهمه ديالو هدا العميل,1,1,True,0.9022893905639648,0.09771060943603516
الكوشه وشحال دير,0,0,True,0.009826495312154293,0.9901735046878457
شيء مفتعل صح وين تاكدت بلي الراجل ميحبوش الجزاءر,0,0,True,0.1205376535654068,0.8794623464345932
هاو جاي ماكرون nايه علابالي nياك عندكم 50 حايك nايه كاين سربيناهم nايا مليح هكا تحمرولي وجهي☺️️ قدام ماكرون nنتو,0,0,True,0.016272936016321182,0.9837270639836788
الاحرار كيما تحركهم بطاقه شواذ كيما لي عندك فاما البيض فيحتوي البروتين,1,1,True,0.9497658014297485,0.050234198570251465
رجاله احرار,0,0,True,0.24482835829257965,0.7551716417074203
انت كنت تمدح بوتفليقه قناتك بما معناه انتخبوا بوتفليقه لايوجد رجل مثله الجزاءر وسقط بوتفليقه وصديقك المقرب منك وها انت تدافع ربراب الم تسال يوما مثلما يتساءل الشعب الثروه يمتلكها الرجل اتي بكل المال الضخم يرث دينارا واحدا ابيه لانه فقيرا اذن الاموال كلها ملك الشعب اخذها البنوك الجزاءريه طريق صديقه الجنرال توفيق,1,1,True,0.974958598613739,0.025041401386260986
الهم احفظ اخونا واخوتنا مكرونه,0,0,True,0.014827224425971508,0.9851727755740285
نضن خلي مكالاه نضن الرعيان,0,0,True,0.03290722891688347,0.9670927710831165
عقبال الكثير النجاحات انشاء اله,0,0,True,0.013520492240786552,0.9864795077592134
نعدين دراما تاعكم اقسم باله بكيت بالدمعه,1,1,True,0.96259605884552,0.03740394115447998
انت يا زيتوت بريطاني واش دخلك في الجزاير هذه كلمه حق يراد من ورائها باطل لي ما يعرفكش يا زيتوت يحسبك عمر بن عبد العزيز وانت سحليه سامه,1,1,True,0.9830689430236816,0.01693105697631836
تحيا الاحرار,0,0,True,0.009715823456645012,0.990284176543355
يا حمار,1,1,True,0.9934117197990417,0.006588280200958252
كون زدت محمد صلاح,0,0,True,0.04225614666938782,0.9577438533306122
wach kho cava,0,1,False,0.5378132462501526,0.4621867537498474
عندك الحق ولله يتزوج يجيب ذراري منبعد يخليهم يسوفرو,0,0,True,0.020860200747847557,0.9791397992521524
هاد الصفحه ولات خرا خرا طلعو نيفو يا,1,1,True,0.7952781915664673,0.20472180843353271
الخير سطيف العالي,0,0,True,0.009747253730893135,0.9902527462691069
انت مقود نتفرج ونسمع هذي البغله دقيقه,1,1,True,0.9512580037117004,0.04874199628829956
شكون انت الفحل يسب فيك وفي امك قدامك مرديتش عليه يرخس وجه المؤخره,1,1,True,0.9926470518112183,0.007352948188781738
السفاره الفرنسيه الجزاءر تطلب الخارجيه الجزاءريه توضيحات ومعلومات وحيثيات اعتقال ربراب فهمتوا مزال,0,0,True,0.14757415652275085,0.8524258434772491
واحد رخيص تمشي فيه الجرذان,1,1,True,0.9895121455192566,0.010487854480743408
matoub radiya 3anhoo ❤️,1,0,False,0.06815731525421143,0.9318426847457886
حبيت نسئل اذا عندكم امكنيه البيع بالتقسيط وشكرا,0,0,True,0.010562736541032791,0.9894372634589672
مازال ماتلاقيتش مع واحد قالي كوندور مليح,0,0,True,0.00929062906652689,0.9907093709334731
10 كذابين,1,1,True,0.7062847018241882,0.29371529817581177
لقاو دراوش بزاف الي يامنو عندهم الحق يوعدو بلا مايوفو ✋🏻,0,0,True,0.02734367921948433,0.9726563207805157
rooh nik hatchon yamak ya na9ch nta rak farihaa wahna natnako roh nik mok madbrch alina,1,1,True,0.9943537712097168,0.005646228790283203
الصليح تاع الدزاير كامل راهم يلموه قنوات الزيقو حشاكم مخصكش عشرين كيلو تاع الزرع,1,1,True,0.9885681867599487,0.01143181324005127
حبيت نعرف اذا ممكن بلاك شوفونت غازات شحال تسوى من فضلكم,0,0,True,0.00883570872247219,0.9911642912775278
مبروك مبروك مبروك مبروك امير ديزاد عبله جونو يسقط حكم مخابرات الجزائر الارهاب الاستعمار الجزائر المحتله من طرف مخابراتها,0,0,True,0.11441189050674438,0.8855881094932556
مرحبا مهتمون بكل الشعب الجزاءري مدن الجزاءر,0,0,True,0.009406229481101036,0.990593770518899
ملخر عندك حق,0,0,True,0.27095526456832886,0.7290447354316711
لعنه معطوب عليكم ستحل عليكم لعنه معطوب معطوب لن يغفر لكم,1,1,True,0.9871490597724915,0.012850940227508545
ديرو جام مبعد نولي,0,0,True,0.010398069396615028,0.989601930603385
ياو قوو,1,1,True,0.9865710139274597,0.013428986072540283
80 مليون كون عندي علاه نحرق,0,0,True,0.05415831506252289,0.9458416849374771
خاصني تليفون انسان فقير ومعنديش دراهم باش نشري تيليفون ربي يحفظكم شاء اله واجركم اله,0,0,True,0.1353016495704651,0.8646983504295349
حذاري جماعه بطني بطني,1,1,True,0.5590276718139648,0.44097232818603516
تحزيق العواد باب الواد,1,1,True,0.986295759677887,0.013704240322113037
انا شريت غساله اواني مارس ماكانش هدايا,0,0,True,0.008612669073045254,0.9913873309269547
الخربشه تدور راسي اتقدم بطلب يسعد ربراب يوقف مشاريعه الجزاءر شمرو سواعدكم يا تقنون النقد الفايسبوك لتاخذوا مكانه,1,1,True,0.9309840202331543,0.0690159797668457
انانشري الطباخه لكن وين العنوان من فضلك ان من وهران,0,0,True,0.01391016785055399,0.986089832149446
حداد ربراب كونيناف اويايا والقائمه مفتوحه هاذوا يعتبروا اظافر التنين اما الاجنحه ان كانت عداله ذو مصداقيه سيصلون اليهم,1,0,False,0.05627017095685005,0.94372982904315
وراك عيش ياحلوف,1,1,True,0.7754859924316406,0.22451400756835938
اكدلي على دوري المنحرفين,1,0,False,0.23813404142856598,0.761865958571434
سمحلي بصح مش فاهم واش كس خروك منو باه جبت تخمام كي هذا🐫🔪,1,0,False,0.3850022554397583,0.6149977445602417
ربي يحفظك يا استاذ ويسكن امك فسيح جناته هي اولادها احفادها 😉,1,1,True,0.9926059246063232,0.007394075393676758
مشي كبير بزاف مزيه 😂,0,0,True,0.008887272328138351,0.9911127276718616
الله يسلمك وانت زاده,0,0,True,0.008911438286304474,0.9910885617136955
العصابه الكلاب وصلات حتى الاغتصاب,1,1,True,0.9900298714637756,0.009970128536224365
محتاجه لافيسال,0,0,True,0.02434745989739895,0.975652540102601
ونقطاع لاماء,0,0,True,0.19683028757572174,0.8031697124242783
ربنا معاكم يا خو❤️,0,0,True,0.01910209469497204,0.980897905305028
انتاع الشعر رد على مقري يا محترف,1,1,True,0.8984460234642029,0.10155397653579712
اقتلوهم يتكاثرو,1,0,False,0.30309969186782837,0.6969003081321716
الله يرحم ايام بوتفليقه,0,0,True,0.008486197330057621,0.9915138026699424
روح نيك مك تفو,1,1,True,0.9931636452674866,0.006836354732513428
الصداره للجزائر برك يا خو خو,0,0,True,0.010909410193562508,0.9890905898064375
نكتها فديدين,1,1,True,0.9936462640762329,0.00635373592376709
اله يرحمهم جواهر,0,0,True,0.01037041749805212,0.9896295825019479
بوصبع الحمار ضرك يقولك الكورونا والعهده راهي بدايتها ه😜,1,1,True,0.9932496547698975,0.006750345230102539
العز لمثل الشباب العظماء يقومون بتوعيه الشباب,0,0,True,0.039843082427978516,0.9601569175720215
كلام صحيح,0,0,True,0.010058106854557991,0.989941893145442
عندك ما تعبد هنا,0,0,True,0.011899296194314957,0.988100703805685
نتا باين ولد عاهره وحاب تشيع قالهالكم بلماضي نحب بعضنا,1,1,True,0.9868386387825012,0.01316136121749878
طبعا مادمت تخدم اجندتهم فبامكانكهم ان يمنحوك حتى الدكتوراه الفخريه كما فعلت امريكا مع اردوغان لكن في اعينناستبقى مستوى 4ابتدائي لا يفرق بين اومليت والبيض وبزقه على المبردعين الاخرار,1,1,True,0.5244894623756409,0.47551053762435913
حسني راي لطفي راب برك اله فيك خويا لطفي سلام,0,0,True,0.008849467150866985,0.991150532849133
الله يرحمو هدوك اليمات الله الله,0,0,True,0.008548169396817684,0.9914518306031823
اعطيني المواصفات تاع هاذي وعرضها وطولها والسعر من فظلكم,0,0,True,0.015521950088441372,0.9844780499115586
بوصبع لي حر حرو لي عبيد عبيد كاين تاريخ,1,1,True,0.9928395748138428,0.0071604251861572266
لعنه الله عليك يا ديوت يا خنزير,1,1,True,0.9941139817237854,0.0058860182762146
كي شغل نتا راك طير فالغات 🖕🐸 انقرض,1,1,True,0.935133159160614,0.06486684083938599
مزالكم تنبحو بسببكم رح نولو علمانيين تفوو جهنم باس المصير,1,1,True,0.9918733239173889,0.008126676082611084
علاه فيه سوه في رقبتو,1,1,True,0.8368000388145447,0.16319996118545532
كسكس بالعصبان مع مرق ابيض ولايه جيجل ❤️😘,0,0,True,0.013857131823897362,0.9861428681761026
ايه لازم فاع نولو كيما تسمى لازم نخرجو فلفيزو تاع ختك نسمعو bts وماميدو ونسيبورتيو فريق الصقور,1,1,True,0.9749109745025635,0.025089025497436523
نسيت باباكم القايد صالح,1,1,True,0.9672086238861084,0.0327913761138916
شاء اله صح العرض,0,0,True,0.01875464804470539,0.9812453519552946
حبينا تبداو بالعصابه ماشي بربراب هذا فيم هندي بركاوكم رانا فايقين بيكم,1,0,False,0.07638685405254364,0.9236131459474564
حيا الله احرار الجزائر,0,0,True,0.013672647066414356,0.9863273529335856
نتبع بطس مي اقسم عندك الحق 🙂,0,0,True,0.014529748819768429,0.9854702511802316
من نيتك مزال كاين واحد يسيبورتي حيوانات التناطح في ال 20,1,0,False,0.04973111301660538,0.9502688869833946
يارب اعطينا زلزال 12علا سلم ريشتر نروحو قاع حسبي اله ونعم الوكيل,1,0,False,0.02269052341580391,0.9773094765841961
خاطيك علابالي 🕊️,0,0,True,0.017488986253738403,0.9825110137462616
تموت بلقنطه,1,0,False,0.13458289206027985,0.8654171079397202
كيما لي قاتلو مانكلش اللحوم انا ناكل صكالوب 🤭🤣,0,1,False,0.9330005645751953,0.06699943542480469
شكون سقسى عليك صار كنت غايب nعلى سلامتك 🤲,0,0,True,0.01931091584265232,0.9806890841573477
اصلك امازيغي,0,1,False,0.7190464735031128,0.2809535264968872
قالك صحافي العجب السنه الرابعه ابتداءي,0,0,True,0.06677305698394775,0.9332269430160522
smhli bsh g3rtha 😢,1,0,False,0.2801937162876129,0.7198062837123871
نطلب من السلطات الجزائريه نطلب من الجنرال شنقريحه اجيبنا الكلب هادا لي حاب اخرب لبلاد راهو سب الرائيس تاعنا او سب القايد تاعنا ربي يرحمو نطلب من السلطات القبض عليه فوراا قبل فوات الاوان هادا الكلب مطلوب يارب يارب,1,1,True,0.945622980594635,0.05437701940536499
نورمالمو عندكم فرع معسكر الوان موجوده,0,0,True,0.12678022682666779,0.8732197731733322
مالقري مانيش قبايلي بصح الاغلبيه تع القبايل فايقين يا المبعر العقليه هاذي لي خلاتنا تايهين علابالناش واش رانا نديرو,1,1,True,0.9237053394317627,0.0762946605682373
كذبون اخر العمر,1,1,True,0.9906614422798157,0.009338557720184326
بيضاءزرقاءفضيهذهبيه برتقاليه,0,0,True,0.029765546321868896,0.9702344536781311
ستبوقون رجال نظري ولن تغيره الايام السنين الدجالين ولاغيرهم,0,0,True,0.04897746071219444,0.9510225392878056
ما شاء الله بالتوفيق ان شاء الله,0,0,True,0.009086835198104382,0.9909131648018956
اذا ممكن توضحولنا طريقه ضبط الغساله على حسب عسر الماء,0,0,True,0.013622655533254147,0.9863773444667459
باينه بنينه,0,0,True,0.049281951040029526,0.9507180489599705
حاجه شابه راني نهدر عن تجربه,0,0,True,0.017838584259152412,0.9821614157408476
عبله تشفاي مواد منا و4 مواد ملهيك تسريب الباك تاع العام,0,1,False,0.5663130879402161,0.43368691205978394
ماشاء اله بالتوفيق,0,0,True,0.008372785523533821,0.9916272144764662
فريت مليت بترمتك يا زامل روح عاود اقرا كشف ربي واله جامي شفت فريت مليت بابيض امشي تعطي يا الحبس لبسوك كوستيم عطاولك كوستيم اودي تخلعت وليت متفرقش مليت البيض ملا نقلك البيض هوما قلويا,1,1,True,0.9936873316764832,0.006312668323516846
نيك مها رحنا السلام,1,1,True,0.9934576153755188,0.006542384624481201
السلام عليكم اخواني جدي غدوه عندو همليه جراحيه مستوي القلب يستبدل الصمام فضلكم تبخلوا بالدعاء بظهر الغيب ربي يحفظكم,0,0,True,0.01343262754380703,0.986567372456193
روحو تقودو بلاد سياره ولات مشكل من بوتفليقه العطاي,1,1,True,0.9943033456802368,0.005696654319763184
لا فرق بين عربي ولا اعجمي الا بالتقوى تفو عليكم راح نبقو هاكا في هاذي عقليه امازيغي عربي شاوي عيشو وخدمو هاذي ثقافه زرعها مستعمر فينا سواء من ناحيه حدود ويلا من ناحيه اصل علا ذيك نصيحه ليا وليكم ارجعو طريق صحيح,1,1,True,0.8680994510650635,0.13190054893493652
وش راه يصرا علاه تسبوا في بعضاكم 😶,0,0,True,0.040493931621313095,0.9595060683786869
نفشل كي نسمعك تقول الاحرار نتا ترمتك مزال محرتهاش الزب,1,1,True,0.9769466519355774,0.023053348064422607
😑👎,1,0,False,0.4422975778579712,0.5577024221420288
ou ya3tihh sahték ya chikour abla,0,1,False,0.9200723767280579,0.07992762327194214
نورمال شيخ ضرب بقوه والحمد اله يحصل لنا شيء كنت قاعد زلزال راك شايف 🤣😂,0,0,True,0.02860224060714245,0.9713977593928576
nik yamak ya wlid l9ahba,1,1,True,0.9940113425254822,0.005988657474517822
شاء اله خويا مرحبا بيك,0,0,True,0.011157369241118431,0.9888426307588816
wach bik m3a leqabayel ma lqitch la wach thdr,0,1,False,0.8819246292114258,0.11807537078857422
الجيش يقبل الشعب يخرج يحاك حيل معروفه بردعه الشعب,0,1,False,0.7803129553794861,0.21968704462051392
rouh ya ben lehram,1,1,True,0.9698511362075806,0.030148863792419434
روح قود يارخيس ياكلب اقعد تنبح تموت تنبح,1,1,True,0.9932411909103394,0.0067588090896606445
لست ربراب حداد,1,0,False,0.02616267465054989,0.9738373253494501
57,0,1,False,0.7441360354423523,0.2558639645576477
keshma darolk mouloudia beyna 🌶,1,1,True,0.6805419921875,0.3194580078125
اله المستعان الزوالي لي راه يخلص حسبنا اله ونعم الوكيل استرجاع الاموال,0,0,True,0.014329592697322369,0.9856704073026776
متستحييل,0,0,True,0.016950489953160286,0.9830495100468397
انت عندك معلومه,0,0,True,0.36102765798568726,0.6389723420143127
الباك,0,1,False,0.5406773686408997,0.45932263135910034
نظام العار نظام ارهابي بامتياز الارهاب عبله مخابرات ارهابيه تسقط الطغمه العسكريه,1,1,True,0.9931992888450623,0.006800711154937744
نعبد ربي سبحانو ونحب billie من هذو,0,0,True,0.03471928462386131,0.9652807153761387
الله يذلك ياوحد اللحمار حشا الحمار,1,1,True,0.9935224652290344,0.006477534770965576
اصبر علينا عام نولو مطبعين معاهم 😢,0,0,True,0.023540625348687172,0.9764593746513128
نسيت القايد بقره الاركان,1,0,False,0.42675694823265076,0.5732430517673492
جماعه لي يهدروا السكر الزيت يجيبوا الدليل البورصه وقت العشريه السوداء كيما راهم يزعموا بصح يهدروا باه يهدروا يعرفوا الفرق السكر الظبيعي المكر ربراب راجل خدام نتوما تحبوش الرجال واعلاه هدرناش اويحي حداد ياك قبايلين نعرفوهم تحاحن,1,1,True,0.9839071035385132,0.016092896461486816
لي فوقي يعرفو شحال يخلص وشحال عندو دراهم ميعرفو والو,0,0,True,0.018354468047618866,0.9816455319523811
الف مبروك لعقوبه للنصر الكبير ان شاء الله,0,0,True,0.008595619350671768,0.9914043806493282
ربي يحفظك يرحمك روح امك يجعل مثواها الجنه,1,1,True,0.9938941597938538,0.00610584020614624
شوفي احترامي لوالديك الكرام مي انتي قحبه احترامي لكي البلاد يا القحبه راحت لهاويه وانتي تهدري امير ديزاد اهدري سرق راني معاك الباقي ربي يسهل يتزوج يطلق فريده زبيده حياتو حر ياو انتي تهدري التحت,1,1,True,0.989977240562439,0.010022759437561035
واله كنت نكرهك بصح كيشفتك وقفتي بلادك العدو المغربي وليت نحبك نحتارمك يالفحله تحياتي,0,1,False,0.939822793006897,0.06017720699310303
انا صراحه كنت اتابع هذه المخلوقه ظنا مني انها جزائريه فحله حره لكني اكتشفت انها جاهله وغير واعيه همها محاربه المعارضه وخاصه زيتوت وامير ديزاد ورشاد والتيار الاسلامي وتقسيم الحراك كانت ابواب القنصليه تغلق في وجهها ثم اصبح القنصل يستقبلها في اي لحظه لتتلقى الاوامر لضرب الحراك والتحدث بطريقه بذيئه عن امير دي زاد بزعم انه طعاي وامه حقبه وتحلم ان يرد عليها امير فتشتهر لكن امير اشرف منها ولم يرد عليها وعلى تفاهاتها وقخوبيتها فعلا لقد صارت ممله وتافهه ووجه شر وتهدد امير بان تذهب اليه لتضربه الا يوجد احرار لايقاف هذه الخامجه اللقيطه عند حدها,1,0,False,0.12036532908678055,0.8796346709132195
وين جاي محل معتمد لكم في غاردايه,0,0,True,0.015373309142887592,0.9846266908571124
روح شوف السطاف تاع المنتخب المغربي مع حليلوزيتش في اكثر من واحد كي تزيدلهم اللاعبين الاحتياطين شحال يولو يامبردع تخبي على جماعتك ياحلوف,1,1,True,0.9923803806304932,0.007619619369506836
لا الله الايام تسابقنا عمرنا يذوي بدون ان نشعر,0,0,True,0.009721050038933754,0.9902789499610662
ترمتك يا عطاي🖕 افريقيا امازيغيه يرث اله ارضه,1,1,True,0.9929906129837036,0.007009387016296387
الحمداله شيء قدير,0,0,True,0.010778392665088177,0.9892216073349118
معندي بس اريد اشتري,0,0,True,0.015415748581290245,0.9845842514187098
باجه دزب ملخر,1,1,True,0.9925944209098816,0.007405579090118408
روح تقود انت كي تمرض تروح لخارج او احنا الشعب نموت روح لسبيطار او شوف بعينك يا كلاب,1,1,True,0.9938649535179138,0.006135046482086182
التخابر الدحدوح حكم الفايوات,0,0,True,0.08539165556430817,0.9146083444356918
مول الخانه 😂,1,1,True,0.9826882481575012,0.01731175184249878
كاش امارات كاش تطبيع خويا الخليجي,0,0,True,0.016380690038204193,0.9836193099617958
الهم بارك اموال ساهم انجاز,0,0,True,0.012063823640346527,0.9879361763596535
لالا يسيبورتيو شباب قسنطينه واهلي البرج يا لي عندكم القنطه,1,1,True,0.9472900032997131,0.052709996700286865
اولدي روح طعتي تحب تهدر لبلاد مشكلها ارواح لبلادك وهدر مشي راك هارب لهيه سيادك ومدرق راسك وتحكي مور شاشه وتقول وانا ياخي نقش ياخي موت ذليل نيك مك,1,1,True,0.9936708211898804,0.006329178810119629
انا قبابلي من تيزي وزو ونقلك يا ملال متقحمش الفريق فالسياسه الفريق ماشي رزقك ولا رزق بوك الشبيبه رزق شباب المنطقه احترم نفسك واذا ربراب عاش باموال الشعب ميجيش الشعب يدافع عليه كونه قبايلي لا لاستحمار الشعب,0,1,False,0.9876713752746582,0.012328624725341797
روح تلعب يقومي بن قومي قنات الرخس والله متحشمو كينتوما كي بن زيمه متليقوش كامل,1,1,True,0.9941046833992004,0.0058953166007995605
نحى فلسطين دار اسرائيل💔☹,0,0,True,0.03964729979634285,0.9603527002036572
القضاء في محنه,0,0,True,0.021007493138313293,0.9789925068616867
تناكت عليكم زواف سايي طار لحمام,1,1,True,0.9934618473052979,0.0065381526947021484
تقعدوا بينا ربراب غلط يخلص حبيتو كرهتو راه اليد اليمنه تاع توفيق,0,1,False,0.6784621477127075,0.3215378522872925
افهمو يشعب راه قصدو فريتومنات فيها بيض زيادا زيطوطيات🐸,0,0,True,0.08760339021682739,0.9123966097831726
ربي يحفظك ختي ومدابيك هدرت ناس خليها بعيد باسكو غير ينبحو وماعندهم مايديرو,1,1,True,0.9869915246963501,0.013008475303649902
حوايج نتاع كوندور كامل غالين والمصيبه ناقصين جوده يا كوندور,0,0,True,0.026834845542907715,0.9731651544570923
قلكا يتحاسبوا قاع كي لحقت ربراب اعلنوا تضامنهم,1,1,True,0.952361524105072,0.04763847589492798
المنحه راهم يديو اصحاب البطون المنتفخه,0,0,True,0.06358534097671509,0.9364146590232849
انا مانيش فاهم كيفاه تبعوا هاذ ال بغ الح ما تاع ديزادقالك عندو شهاده صحفي ومعترف بها في الاتحاد الاوروبيحتى وان سلمنا جدلا ان الامر حقيقهفيقوا ايها المب رد عونكيف حصل عليهاالم يتحصل عليها من رن سا المج رم العد وه الاولى للجزائر يينهنا تفهم كل شيء وتدرك تمام الادراك ان امير ديزاد عم يل لديهم وهو مجرد بي دق عندهم يضربون به امننا وامتنالن ترضى عنك اليهود والنصارى حتى تتبع ملتهمفيق يا اب ريق,1,0,False,0.04910631105303764,0.9508936889469624
روح تعطي عندك زبي الحراس تاعك دوخه شاوشي عسله شعال هما معترفين بمبولحي رقم واحد نتا بن شيخ بكل صراحه تكره من بكري اللٰه يجعل دعوتو تخرج فيك,1,1,True,0.9944257736206055,0.005574226379394531
بركو الستهزاء تع الناس واحشموا شويا ملاك بركاو اشعال نار الفتنه الشعب الواحد اله يهدي مون اخلق,1,1,True,0.7814439535140991,0.21855604648590088
undefinedundefinedundefinedقولو امين يا رعاكم الله,0,0,True,0.15959899127483368,0.8404010087251663
روحو تعطو ياقنات الزيقو,1,1,True,0.9931238293647766,0.006876170635223389
واين نجد هده العروض قسنطينه,0,0,True,0.014177230186760426,0.9858227698132396
ممكن جدا لو استرجعت من الاموال التي ربراب سرقها لكن سينقطع عنكم التمويل,0,0,True,0.01566610485315323,0.9843338951468468
وانتم ماهو دخلكم ربراب خاءن,1,1,True,0.9884599447250366,0.011540055274963379
الماريكان دائما يحوس على مبرر للتدخل في بلادنا عن طريق دول الجوار بحجه مكافحه الارهاب واصلا هم مايدعمون الارهاب الدولي,0,0,True,0.034461382776498795,0.9655386172235012
باينه عليك بو صبع لزرق,1,1,True,0.9939877986907959,0.0060122013092041016
وقتاش العرس متبرع بكرهبتي نوصلك الا حد دار عريسك 🤣,0,0,True,0.3919941484928131,0.6080058515071869
😂 بالدموع,0,0,True,0.02357873134315014,0.9764212686568499
معليش سلعه بلادي نشجعوها انا تاني نشري😜,0,0,True,0.02824227139353752,0.9717577286064625
رشيد او يحوس يضحك علينا انه خائن,1,1,True,0.9107825756072998,0.0892174243927002
كلمات رقيقه تعرف طريقها القلب,0,0,True,0.11383018642663956,0.8861698135733604
لي خدم طرول ذكي ذكي جدا,0,0,True,0.020742597058415413,0.9792574029415846
بلا مزيه كيما اختي الصغيره نتيالمهم منديش ذنبك حطيتي موسيقي برك😁😅تصبحي خير😗,0,0,True,0.010215291753411293,0.9897847082465887
peur parce ce que hadou houma les vrais hommes de algérie hadou houma ils vont pas laisser algérie tache3ale fiha naree il sont des principes hadou nasse andehoum algérie fi damhoum machi wellad franca rabi makoum nechallah vous serez régulariser nechallah vous étiez la qui kane chabe fi hala je me souviens très bien de cette époque 👍vive algér,0,0,True,0.43027275800704956,0.5697272419929504
تبون,0,1,False,0.9564259052276611,0.04357409477233887
اله يازيتوت علبالي شيات لكبار بصح عندك حق رجعونا الجزاءر القديمه يرحم باباكم,1,1,True,0.9192133545875549,0.08078664541244507
روح تعطي ربي قاعد كي ربي,1,1,True,0.993740439414978,0.006259560585021973
bdito tekhraw fel hadra la page était bien bdito iko berk je quitte la pag,1,1,True,0.9768117070198059,0.023188292980194092
بدون تعليق,0,0,True,0.014129765331745148,0.9858702346682549
احح بردتلي قلبي,0,1,False,0.9481792449951172,0.05182075500488281
عندك حق الله تتعذب تعذب اولادك معاك,0,0,True,0.0811891183257103,0.9188108816742897
رخيس وطحان تفو,1,1,True,0.9931555390357971,0.006844460964202881
حارب الصين مناه قضاو على بلادو اقتصاديا ميش على جال المسلمين2 المثليين فالغرب واحد ميقدر يهدر معاهم جامي حاربهم,0,0,True,0.09850198775529861,0.9014980122447014
الله ينعل والدين بباك يوحد الخنزير الراصي,1,1,True,0.9920405745506287,0.007959425449371338
سوه ختك,1,1,True,0.9938783049583435,0.006121695041656494
عندنا ربي نعبدوه,0,0,True,0.012498030439019203,0.9875019695609808
ياو روح تعطي يا الحركي الخائن نيك مك,1,1,True,0.9931979179382324,0.006802082061767578
wenta rak dayer chdayer howa,0,1,False,0.7053652405738831,0.29463475942611694
شاء اله يشفي مريض,0,0,True,0.04536792263388634,0.9546320773661137
وجوه جديده ستدخل المسجد لا تعرفونها لا ترموها بالنفاق بل تبسموا في وجوهها لعلها تكون بدايه توبتهم وتوبتنا ان شاء الله تعالى,1,1,True,0.5473538041114807,0.4526461958885193
حان الوقت لالغاء الاشتراك 🤗😊,0,0,True,0.013234125450253487,0.9867658745497465
الحكومه نتاعنا لازم نخربولها مؤسساتها باه تيستعرف وتخاف لاخاطر كلش سرقوه من دراهم الشعب وبناو المؤسسات من دراهم الشعب,1,1,True,0.9544840455055237,0.04551595449447632
غامل يازبي,1,1,True,0.9935130476951599,0.006486952304840088
خلطتي فيه باصيتي يالفايحه,1,1,True,0.9917387366294861,0.008261263370513916
لكان البنك يطيني القرض عطاتو لربراب ندير العجب فالبلاد كاش مدنا عندو بالعكس,1,0,False,0.25641268491744995,0.74358731508255
7🤣,1,0,False,0.4422975778579712,0.5577024221420288
khtak,1,1,True,0.9872496724128723,0.012750327587127686
تحيا ربراب سي اهموث نشاوين,0,0,True,0.00949933473020792,0.9905006652697921
شريت كوندور فورنو وكي ينقص يبدا يطرطق حتا ينوضنا النوم ومرات يطفا وحدو اعطونا لحل,0,0,True,0.007364389020949602,0.9926356109790504
فريط اوملات ببيض 😂,0,0,True,0.08844884485006332,0.9115511551499367
ال 106 تحلب وولا يهدر على معطوب,1,0,False,0.40612083673477173,0.5938791632652283
وماذا الغالي بلقصير وبوشورب وشكيب وسعيدني وريم سلال خالد جزار القاءمه طويله وعريضه,0,0,True,0.0240697730332613,0.9759302269667387
azel,0,0,True,0.13621553778648376,0.8637844622135162
ماشاء اله بنت خالتي انت شهاركل,0,1,False,0.5606899261474609,0.43931007385253906
السفيه يقرى ما فيه,1,0,False,0.01914827898144722,0.9808517210185528
اثبت التجارب العالم الشخص كي تقولو ماتشريش يعني بصيغه المخاطب احتمال نسبه يرفض طلبك يشري كثر يا,0,0,True,0.0683138519525528,0.9316861480474472
وش بول بعير كاش تطبيع الامارات,1,1,True,0.7666327953338623,0.2333672046661377
كاميرون مصر,0,0,True,0.04500117897987366,0.9549988210201263
sadwetch,0,0,True,0.42870885133743286,0.5712911486625671
عاود لحساب مقريتش رياضيات,1,0,False,0.023867545649409294,0.9761324543505907
انت صحيح الشرطه عمرها تعتقل القصر يا حيوان,1,1,True,0.9027219414710999,0.09727805852890015
رساله الى القايد صالح انت عميل فرنسا وكلب مطيع لعائله بوتفليقه وانت واحد من العصابه كن رجل فقط ونحن معك لكن بدون مسرحيات لان الشعب ذكي يعرف خبثكم,1,1,True,0.9571694135665894,0.042830586433410645
الفقر عيبا اله الرزاق♥️,0,0,True,0.010666490532457829,0.9893335094675422
الله يوفقك,0,0,True,0.009460683912038803,0.9905393160879612
ايها المسلمون الا تحاربون,0,0,True,0.028177771717309952,0.97182222828269
تحير شعب يطلب يحاسب ناس يطلب ناس تحاسبش فرزو رواحكم ربراب ادا دار والو قادر علء شقاه مايقدر يتوشيه وادا دار لازم يتحاسب,1,0,False,0.09014955163002014,0.9098504483699799
سبي نتوما كي يروح لواحد تهدرو ايا قولي ويناه لي القدس عاصمه اخراءيل,1,1,True,0.9926376342773438,0.00736236572265625
ربي يحفظابناء الجيش الوطني الشعبي وربي ينصرنا على ابناء الجزائر,1,0,False,0.42838722467422485,0.5716127753257751
شريتو لقيت مشكل تطبيق اداره النظام مكاش التطبيقات يحبسو وحدهم عندك هذ المشكل لالا,0,0,True,0.013377686031162739,0.9866223139688373
رخيس دعم بوتفليقه للعهده الخامسه لي ان بوتفليقه دفع راشوه لفرنسا لكي يطلق سرحه من السجن الذي دخله من اجل,1,1,True,0.979284405708313,0.02071559429168701
ها ها,0,0,True,0.01723617874085903,0.982763821259141
روح بول ارقد طز عليكم لوكان راكم تبكو صلاتكم هاك لوكان رانا اسياد العالم,1,1,True,0.9934267997741699,0.006573200225830078
حقيقه خو,0,0,True,0.009896129369735718,0.9901038706302643
مخي حبس مع هذو العلماء قالك قاطع شركه جزائريه روح اشري على شركه سعوديه 🤦🏻‍♂️,0,0,True,0.14708800613880157,0.8529119938611984
اسمعو ياناس ربي يهديكم ماتمنوش الحركه والقواده ربراب مذنب من الاوائل والدور للبقيه اما هو فتهمته واضحه لانقاش فيها علاه تبيع ماده اساسيه وحدك فلبلاد وعلاه مزرعتشهاش هنا ولا معدناش اراضي فلاحيه هو ووزير التجاره,1,1,True,0.9396212697029114,0.06037873029708862
ايا لابوبال 😹,1,0,False,0.08839188516139984,0.9116081148386002
الادمن الشهوه نتاعو تجيه كي يشبع سب تطياح ملا كثرولو نوعو شويه باه تجيه الضربه زينه حاليا راه يخلط في ترمتو برك 😂,1,1,True,0.9554567337036133,0.04454326629638672
اناعندي ماشينه لافي براند تكسر الباب تاعها حوست بزاف لقيتوش وين نصيبوا فضلكم,0,0,True,0.027352724224328995,0.972647275775671
مايزكيش روحو ونتوما يا مرخس زكيوه,1,1,True,0.9930290579795837,0.00697094202041626
برافو عليك امير او ربي اوفقك ان شاء الله 💪,0,0,True,0.067847341299057,0.932152658700943
مدرنا والو لكان تكرمي علينا تفضلي,0,0,True,0.010898837819695473,0.9891011621803045
قستها فرر مي كي جبده لي زيكيب نكتها لتم,1,1,True,0.9931206107139587,0.00687938928604126
الحج في ثاوريرث موسى ❤,0,0,True,0.027513112872838974,0.972486887127161
اله يرحمها لعقوبه ليك,0,0,True,0.01088227704167366,0.9891177229583263
داسيا ستيب واي شحال السومه نتاعها,0,0,True,0.010330025106668472,0.9896699748933315
التخصص الوحيد الذي لن تجده يدرس في جامعات الدنيا هو الاخلاق قد يحمله عامل النظافه ويرسب فيه الدكتور,0,0,True,0.039179325103759766,0.9608206748962402
50 محل وكتاش تحلو في البيض,0,0,True,0.03829707205295563,0.9617029279470444
درت اختبار حمض نووي لقيت روحي اصلي من قبرص,0,1,False,0.5200802087783813,0.47991979122161865
تكوبياج ماشي باك,0,1,False,0.5886938571929932,0.41130614280700684
نظرات نزار اشبه الي دليل فرنسا ترك الشعب يعيش بسلام القايده عزوج رانا العجاءز وهذه رقصتهم والحراك هومن سقطهم ارضا وانهاء عبث العملاء والولاءلشارل ديغول 201 الثعلب ماكرو الثوره السلميه مفتاح نجاه لشعوب المتضعفه نصر الانتصاريحيا الحراك,1,1,True,0.7814576029777527,0.21854239702224731
الجيوش العربيه مجرد قطيع لاجار,1,1,True,0.6239149570465088,0.3760850429534912
مختصون اشغال الديكور والتهيءه,0,0,True,0.07550087571144104,0.924499124288559
والديها وخوها وعلاه يحرموها مسكينه,0,0,True,0.016550499945878983,0.983449500054121
روح تخرى يا برميل الزبل,1,1,True,0.9933291673660278,0.006670832633972168
عاهره طرطاق تهدر اميردز شلي فمك يلق,1,1,True,0.9940181970596313,0.005981802940368652
نسكن برهوم رحت عندهم قالولي ماكانش باتقسيط اشهر نخلصهم شوفو معاهم,0,0,True,0.02138848975300789,0.9786115102469921
باغي نشري تلفاز دكي مثل ما هو معروض وكم ثمنه,0,0,True,0.015364996157586575,0.9846350038424134
undefined اطشو فريط اومليط بلابيض باليز,0,0,True,0.022189488634467125,0.9778105113655329
ربي ياخذ فيه الحق الحرامي ربي يخلص فيه الشيطان وانت ربي يقدرك يعينك ولازمك تكوني قويه فحله الله يعطيك الصحه,1,1,True,0.9863429665565491,0.013657033443450928
اصبر السولكينغ مالو,0,0,True,0.012614373117685318,0.9873856268823147
ستندمون زمن القايد صالح رحمه اله,0,0,True,0.06043095141649246,0.9395690485835075
الخزي العار على ائمه السيسيبي,1,1,True,0.9932274222373962,0.00677257776260376
وفلسطين وسوريا والعراق 🙂,0,0,True,0.010204165242612362,0.9897958347573876
نحب تونس ونحب نتفرج البرامج تاعها وزيد رحت لتونس وصليت سمعت الاذان وبطبيعه الحال حوست المسجد لقيت وانت حوست ملهي لقيت عادي,0,0,True,0.03641645982861519,0.9635835401713848
ان اراد الاستمرار في الحكم فعليه ان يطيع اسياده الفرنسيين والجزائر مجرد حديقه خلفيه للفرنسيين لانهم هم من يديرون خيوط اللعبه السياسيه في الجزاءراما الثبون فهو بيدق في اياديهم ليس الا,1,0,False,0.43633365631103516,0.5636663436889648
لا يوجد شيء اسمه دعاء الزلازل,0,0,True,0.01778101548552513,0.9822189845144749
البلاد هذ الفرك نبدله,0,0,True,0.011081009171903133,0.9889189908280969
انا حاب نخدم الالكترونيك فلاباز تاعكم,0,0,True,0.026373213157057762,0.9736267868429422
انا رايي الشخصي متضامن من اسعد ربراب حتى انه ربما سرق ودار ودار على الاقل استثمر في بلادو ومخدم ناس بزااف اكثر من 180 شوف لي سرق وداهم وماانتفعش منو الشعب ربراب على الاقل مخدم ناس معاه الحريه لاسعد ربراب احب من احب وكره من كره للعلم انا لست قبايلي لكن رايي اقوله وكل واحد حر في رايو,0,0,True,0.1809389293193817,0.8190610706806183
سمن هز الصحه الجرثومه,1,0,False,0.009869184345006943,0.9901308156549931
تغسل تشلل 🙂,0,0,True,0.015229000709950924,0.9847709992900491
تحرشوش بلبنات يتحرشو بولد يا وحد الكذاب,1,1,True,0.9320665001869202,0.06793349981307983
اشحال ملاين منفهمش الفرنسيه,0,0,True,0.05560644343495369,0.9443935565650463
رواح نيك امك القحبا ياوليد فرنسا,1,1,True,0.9932689070701599,0.006731092929840088
الهدايا الخاصه بالطمبوله طولتوا علينا,0,0,True,0.030266227200627327,0.9697337727993727
هل هذا التطبيق يصلح لتلفاز بروند 32 سمارت وشكرا,0,0,True,0.011180740781128407,0.9888192592188716
كي شغل سقساوهم عندك الفرك قالهم خويا ربي يجيب,0,0,True,0.03413331136107445,0.9658666886389256
علاش معلبكهمش هذهي الجزائر جديده اسعار جديده,0,0,True,0.03325393423438072,0.9667460657656193
ربي يشفيه يخفف عليه رغم المرض راه يادي فالواجب المشكله العصابه ماشي فيه طهور ان شاء الله لي يسبو قع راه يخفف عليه فذنوب,1,1,True,0.9355748295783997,0.06442517042160034
ناشط سياسي اصله جزاءري هاجر بطريقه شرعيه لفرنسا بدون وثاءق منحه الوثاءق طرف السلطات الفرنسيه لكي يهاجم جنرالات فرنسا واولادها الجزاءر فرنسا وتحت حمايه المخابرات الفرنسيه الشهاده تمنح الا عندك شهاده اقامه وموقع قوقل موجود,0,0,True,0.14383840560913086,0.8561615943908691
حسب عملي نامبورتي سلعه لاكوست 75😵 تديها الجزائر 🌚💔,0,0,True,0.024992765858769417,0.9750072341412306
بصح الاصل يكتب لك جيقا ذاكره داخليه حره بغض النضر مساحه النظام اخي مثال المنتوجات المنافسه,0,0,True,0.017461104318499565,0.9825388956815004
حمد لله على نعمه الاسلام 🙌,0,0,True,0.01259811595082283,0.9874018840491772
ان شاءالله,0,0,True,0.013206269592046738,0.9867937304079533
mabrouk alik khoya amir autres succès inchallah,0,0,True,0.028908874839544296,0.9710911251604557
امم باهيه والصوره على اليسار من جيجل خلاف,0,0,True,0.07155901938676834,0.9284409806132317
ماتزيدش ربنا حتى انت لواحد راح يطرطقله عرق في بلاد,1,0,False,0.2246507704257965,0.7753492295742035
الفقر ليس عيبا 🖕 والرزق بيد ربي صبحانو,0,0,True,0.011593273840844631,0.9884067261591554
لاابالي لازم شعب يكون واعي ماشي تبع وخلاص,0,0,True,0.014044326730072498,0.9859556732699275
احتكار زيت سكر اكثر افتعال ازمه يزيد هامش ربح المال رغم اعفاء,1,0,False,0.18642227351665497,0.813577726483345
كاين دراهم متخافش يسو قاع ناس,0,0,True,0.03254111856222153,0.9674588814377785
التصعيد باضافه السبت,0,0,True,0.010940583422780037,0.98905941657722
القانون ربراب كره القدم,0,0,True,0.02184535190463066,0.9781546480953693
حكومه فاشله همها الوحيد الانتخبات والتحضير الى الانتخبات,1,0,False,0.05353357642889023,0.9464664235711098
الله يعميكم على الجزائر,1,0,False,0.0380730964243412,0.9619269035756588
عبله يقراو نمي يعرفو يعذبو ولاد الشعب,1,1,True,0.9930538535118103,0.006946146488189697
اظن اله استجاب لدعاء المظلومين,0,0,True,0.021897517144680023,0.97810248285532
روح تخرا ياخاين الحراك,1,1,True,0.9935541152954102,0.006445884704589844
هاديك رقبه عنده طبون,1,1,True,0.986417293548584,0.013582706451416016
المشكل ان الامور من سيئ الى اسوء رجعت ازمه السيوله زيد الانترنت بالجمعه صراحه اتساءل وين راهي الدوله,1,0,False,0.01586349867284298,0.984136501327157
الثوره الابواب,0,1,False,0.7018786072731018,0.2981213927268982
بصحتك شعال دار هد الميكرو,0,0,True,0.012276675552129745,0.9877233244478703
ومزال تزيد سومه تطلع انها الجزائر الجديده قلك نعرف مين نجيب دراهم قليل ملا مايعش حسبي الله ونعم الوكيل,0,0,True,0.03145122155547142,0.9685487784445286
ennahar nta3 nemi hadi jamais nefat ghir tbahdel fina,1,0,False,0.2484305202960968,0.7515694797039032
مش هدره هذي عيانه بزاف حرام عليك صح انا مع تحديد النسل الشعور شوي بالمسؤوليه مبصح متعايرش الناس على فقرهم كاين بزاف ولدو فقراء مبصح ولا عضماء,0,0,True,0.04179820045828819,0.9582017995417118
3lesh denya hadi ghir drahem ya mkhloin sah ki tkon rajel tkhaf reb,1,0,False,0.36117950081825256,0.6388204991817474
كل واحد وحياتو وواش يحب يسيبورتي هنايا بدا يصماط le doux,1,1,True,0.7524481415748596,0.24755185842514038
اله اسلمك💝👍,0,0,True,0.041782163083553314,0.9582178369164467
مره اخري المبدا يتحاسبوا كاع ولن اخسر بجايه تيزي وزو ربراب كانوا راضون واذا استقل القضاء كلمه اخري,0,0,True,0.09611070156097412,0.9038892984390259
الله يمسخكم يا غشاشين,1,1,True,0.992299497127533,0.007700502872467041
نعبد ربي الحمد الله يا رب,0,0,True,0.009502393193542957,0.990497606806457
بلعقل يوجد من لا يقاومم,0,0,True,0.01202880498021841,0.9879711950197816
تكذب ياكذاب,1,1,True,0.9925140738487244,0.007485926151275635
ماتلاقيتش قالي كوندور مليح,0,0,True,0.008890965022146702,0.9911090349778533
وزير تقول قردقود,1,1,True,0.6846999526023865,0.3153000473976135
اخوااني القباائل ليسو الكل لان القباائل احراار ورجاال من طينه الكباار اتحدث عن الذين يداافعون عن ربراب هو ثااني ملياردير عربي ماذا قدم لكم مااهي المشااريع التى استفدتم منها ياانااس رااه رجل فااسد يخدم المشرووع الفرنسي الذي يريد تقسيمنا حذااري حذااري,1,1,True,0.7982642650604248,0.2017357349395752
سقسي مك راهي عارفه لي رضعتهم,1,1,True,0.9918428659439087,0.008157134056091309
انا معندي بس اريد انا اشتري واحد,0,0,True,0.014212147332727909,0.9857878526672721
ولق وي لا شفتو صحره,1,1,True,0.8057727813720703,0.1942272186279297
le3erebe yebe9awe neocha heta leyome,1,1,True,0.8423684239387512,0.15763157606124878
ربي يستر ان شاء الله وين رانا عيشين عقلي حبس,0,0,True,0.03896446153521538,0.9610355384647846
الخونه واامحكوم عليهم 20 سنه من طرف المحكمه العسكريه يعودون الى البلد وعلى متن طاءره رءاسيه والاحرار متهمون بالارهاب,0,1,False,0.809748649597168,0.19025135040283203
الاغتصاب في مراكز الامن هاده بدايه الانهيار,0,0,True,0.08976154029369354,0.9102384597063065
اله يرحموا يغفرلو ذنوبو امين,0,0,True,0.00988326221704483,0.9901167377829552
اله يبارك فحلين,0,0,True,0.007822266779839993,0.99217773322016
حداد ربراب كونيناف استقدام الاسماء يصبح سجن الحراش اغلي باريس مانشستر سيتي,1,0,False,0.3524841070175171,0.6475158929824829
تبني السور اه,0,0,True,0.013839627616107464,0.9861603723838925
الشعب خاصتو برك,0,0,True,0.017054835334420204,0.9829451646655798
تروح تنيك مك يا ولد قحب فرت اوملات تعقل كنت تحمل شطيبوا صحاب سيما,1,1,True,0.9943404197692871,0.005659580230712891
الله يرزقنى,0,0,True,0.008534899912774563,0.9914651000872254
مولوديه ناكتلك مك نيك سوه نتاع مك كي نتا كي هما تحيا شناوه 💚💗,1,1,True,0.9940400123596191,0.005959987640380859
الاحرار دائما في المقدمه مبروك والف مبروك,0,0,True,0.012914003804326057,0.9870859961956739
العنوان حي تاكبوا شارع الحضنه رقم الباب بالمديه,0,0,True,0.041746970266103745,0.9582530297338963
حنا حابي نخدمو مع الشركه حنا خدمات ممكن توريلي وين روح او رقم هاتف,0,0,True,0.01606985554099083,0.9839301444590092
ااه يالقوطي,1,1,True,0.9431430101394653,0.05685698986053467
لي سيبورتيو المناطق الناءيه ماشي كعب😂,1,0,False,0.02391153573989868,0.9760884642601013
سقسي ترمتك مخك جاي في ترمتك تقلك 🙂,1,1,True,0.9937562942504883,0.006243705749511719
حبيبنا انت مرب نعبد ربي الي خلقني نعبد فري فاير مريض,1,0,False,0.4550936222076416,0.5449063777923584
يا ملعونه عميله عاهره الشعب فاقلك تسوايش فراك روحي ربي بنتك,1,1,True,0.9920910596847534,0.007908940315246582
بصح نسيت بلي اسراءيل لي يمد السلاح لصهاينه لي عندو ملفات تءكد يغتصب الاطفال,1,0,False,0.029548656195402145,0.9704513438045979
واعر بجيش الامبراطوريه,0,0,True,0.016345664858818054,0.983654335141182
بنينا,0,0,True,0.009660937823355198,0.9903390621766448
يخلقو ازمات بش يخلو شعب يلحق في الخبزه وينسى الاهم 😒,0,0,True,0.02435816079378128,0.9756418392062187
عادي شعب راضي بالذل😂 ساكت 🤐 يشتكي كالهجاله الا في الفيسبوك 🤣 ينتظر الا في الجمعه فقط لكي يناضل من الضهر الى العصر😍 بغناء لوحات جميله ملونه بشعارات فنيه لطيفه 🤗,1,0,False,0.36237624287605286,0.6376237571239471
wach azbi nta t3rf l9bayl dija ain jaya,1,1,True,0.9668980240821838,0.03310197591781616
شكون قالك معطوب الاه,0,0,True,0.011943770572543144,0.9880562294274569
😂✊,0,0,True,0.4422975778579712,0.5577024221420288
علاش كي تجي نسي عجرم تغنيلك انت حبيبي تيمقاد نص ساعه تعطيلها 4ملاير يطحاحنه,1,0,False,0.43702253699302673,0.5629774630069733
سلميه سلميه اقوه رصاص,0,0,True,0.011438006535172462,0.9885619934648275
ااه شكرا لاخ مكانش علابالي 💙🤍,0,0,True,0.00993361882865429,0.9900663811713457
بصحتك بنينه,0,0,True,0.010378328152000904,0.9896216718479991
خلقناكم شعوبا وقباءلا لتعارفوا اكرمكم اله اتقاكم,0,0,True,0.3205716907978058,0.6794283092021942
حتى الاشهار تبهدلو بينا عضه قولو لقمه حاله والله,0,0,True,0.2507491409778595,0.7492508590221405
السعاده الزوجيه اسهل ما يمكن ان يصل اليه الانسان nبرك امشي نيشان مع الاخر,0,0,True,0.02833571471273899,0.971664285287261
نيك اماتكم تظلو تهدرو وتقولو عليهم هجالات وقحاب وفيهم وفيهم ياو نديها قحبه نسترها منديهاش هجاله نار التبن,1,1,True,0.9941144585609436,0.0058855414390563965
جناح القايد قضي جناح بوتفليقه والان جناح اخر يقضي جناح القايد الفرق كنا نعرف جناح بوتاف وجناح القايد فلا نعرف الاجنحه تحكم فلو صدقنا قولكم توفيق ونزار يتحكمان فلمذا كنتم اراد القضاء عليهم بمعني وحيد انكم ترضو باي جناح ولو جناح بعوضه,0,0,True,0.21772943437099457,0.7822705656290054
الله يبارك مبروك عليهم,0,0,True,0.007812413852661848,0.9921875861473382
لازم الجهويه العنصريه في شكوبيستان 😑,1,1,True,0.9541016817092896,0.04589831829071045
كم يبلغ سعرها النهائي,0,0,True,0.011703643947839737,0.9882963560521603
الفقراء الباءسين ثمره علاقه شرعيه وليسو لقطاء امثالك,1,1,True,0.7696946263313293,0.23030537366867065
رجعنا مانسمعوش عبارات مخيفه جيب يماك وارواح تخطب,1,1,True,0.991393506526947,0.008606493473052979
يحب يقول فريت اوملات بالبيض البطاطا,0,0,True,0.051534269005060196,0.9484657309949398
القحبه الجزاريه تشارك بقوه,1,1,True,0.9832658767700195,0.01673412322998047
قعد تحسب لناس رجال كانو فجبال انت كنت متخرج مندركم,0,1,False,0.964525580406189,0.035474419593811035
الهدايا الخاصه بالطمبوله خدعتونا,0,0,True,0.023906616494059563,0.9760933835059404
الرءيس الوحيد وجه النظام العالمي الصهيوماسوني واوقف الدعم اكبر منظماته لمن يعرف,0,0,True,0.0854286253452301,0.9145713746547699
تعلم اغلب الجزاءرين دينهم العربيه الاسلام,0,0,True,0.02612663060426712,0.9738733693957329
عندما يكون تخمامك كيما نتع les enculés يعطينا هذا المنشور,1,1,True,0.9488948583602905,0.05110514163970947
مزبله التاريخ يا الجايح يا خبيث اله تستحق,1,1,True,0.9938454031944275,0.00615459680557251
ياك واذا فيك قيم الرجوله اراوح للعاصمه مع الزاوف للحراك,1,0,False,0.02254333347082138,0.9774566665291786
لا تقتلو اولادكم من املا نحن نرزقكم واياهمالاملاق هو الفقر,0,0,True,0.020594336092472076,0.9794056639075279
azul mon frère amine besahtek houcine de tizi ouzou avec vos,0,1,False,0.9298350214958191,0.07016497850418091
roh nadi af lasel ik aya3etay amis lqehba,1,1,True,0.98651123046875,0.01348876953125
بالتوفيق شاء اله,0,0,True,0.012728903442621231,0.9872710965573788
نقوشه,1,1,True,0.9921035766601562,0.00789642333984375
💚❤ سلام,0,0,True,0.009097284637391567,0.9909027153626084
الوصفه تعيشوا,0,0,True,0.017451027408242226,0.9825489725917578
بمعني اخر ماتشريش زيت ولاد الدشره,1,1,True,0.8445510268211365,0.15544897317886353
هل حامل الجهاز بلازما 43 ملحق مع الجهاهز ام لا شريت بلازما بروند ما معاهش السيبور,0,0,True,0.017976518720388412,0.9820234812796116
ياودي راهم يقولو حتى مصر اماعيزيه يا شكب 😂,1,1,True,0.9911046624183655,0.008895337581634521
انت كرف,1,1,True,0.9901776909828186,0.009822309017181396
ih wach dakhalk,1,0,False,0.0925404280424118,0.9074595719575882
نتا لي راك تحكي علا لقبايل باين تحب ترضع,1,1,True,0.9422668814659119,0.057733118534088135
تستاهلها امير ديزاد اشرف من صحافه العار,1,1,True,0.9873649477958679,0.01263505220413208
دواسا فارغين زوبعه في فنجان جريقه لابتزاز الاحرار,1,0,False,0.14537560939788818,0.8546243906021118
ech3b rah 9abl bddl he mala ystehl ktar,0,0,True,0.11521086096763611,0.8847891390323639
نت ثاني دارولك خماج نتاع الفتنه,1,1,True,0.9887340068817139,0.011265993118286133
ولات يخرج لنا شرذمه جديد😵,1,1,True,0.9235931038856506,0.07640689611434937
يا جماعه الخير ربراب سراق التوفيق لي طبعوه لحبس سراقين هوا حنا الزواوله رنا نتعفرو بعضنا,1,1,True,0.9723676443099976,0.02763235569000244
نتوما مزالكم ذم بيلايك مرعوبه,0,0,True,0.29372647404670715,0.7062735259532928
70 طن 63 وين راها,0,0,True,0.08479547500610352,0.9152045249938965
الكادو نتاعو صحيت,0,0,True,0.15667416155338287,0.8433258384466171
🙂😉,1,0,False,0.4422975778579712,0.5577024221420288
قلتلكم بطاطا خشينه,1,0,False,0.01460928563028574,0.9853907143697143
يبردوع هذو دراهمهم مين تعرف تحسب وفهيمي احسبنا شحال من برلماني خرجوه غير هذا العام مع وزير وشحال يدي تقاعد فالشهر وشحال تجيك وزيد منحه نهايه الخذمه لكل واحد التي تفوق 280 مليون للواحد وشوف ولا هذو خطي جزاير قاعديت نبعو غي لقلاليل بخست وجوهكم الى يوم الدين,1,1,True,0.9836196303367615,0.016380369663238525
الوزير,0,0,True,0.012616938911378384,0.9873830610886216
رشيد نكاز هو صح مهرج بصح جاي مالعالميه نورمالمو كبير على صحاب سيرك بوتفتاف ماتمسخروش بينا 😂في هاذي فقنالكم😏,1,1,True,0.9886310696601868,0.011368930339813232
اهلين بيك السي عاشور 😂ياودي علابالي لحباب يعرفو بعضاهم,0,0,True,0.01905660703778267,0.9809433929622173
مافهمت والو نقاطعوا الدجاج نقاطعوا الحوت نقاطعوا الزيت ونقاطعوا البطاطا نقاطعوا العجاءن نقاطعوا ال,0,0,True,0.03002658486366272,0.9699734151363373
ربي يحفظك ويهنيك ويوفقك ويسعدك ويعطيك الخير شاء اله,0,0,True,0.2765474021434784,0.7234525978565216
مالا جيبلنا ختك تفرحنا,1,1,True,0.9856646060943604,0.014335393905639648
عليها كانو الحركى بزاف في الجزائر فرنسا تقدم امتيازات بالجمله قال صحفي معترف بها🐗,0,1,False,0.8136519193649292,0.1863480806350708
نيكوه,1,1,True,0.9923581480979919,0.007641851902008057
روحي تقودي خماجه عندك صوت مليح ديري بيه حاجه مليح مش تجي تغني ولاكوب ندوها بلا غناك يا خماجه,1,1,True,0.9938513040542603,0.006148695945739746
نساء الذين في سجن واش من خطا ارتكبوا سيسي اتبعوا هم من صنعوا الفيلم,0,0,True,0.14264976978302002,0.85735023021698
اربح,0,0,True,0.012166629545390606,0.9878333704546094
مبروك بالتوفيق,0,0,True,0.008265923708677292,0.9917340762913227
السلام عليكم ورحمه اله وبركاته كيفكم احوالكم الحمد له يارب العالمين اله يحفظك يعطيك الصحه والعافيه ياخي الكريم,0,0,True,0.008672745898365974,0.991327254101634
الفاظ قذره يهينونهم او ما نعرف واش انتم فتانون لعبه فيها رابح او خاسر لماذا هذه الالفاظ الله يهدينا او يهديكم,1,1,True,0.8284979462623596,0.17150205373764038
ماشاءالله الله اكبر ربي يحفظك اخونا امير والله ينصرنا على العصابه عاجلا غير اجل,0,0,True,0.01614818349480629,0.9838518165051937
خطا,0,0,True,0.020315587520599365,0.9796844124794006
وااك مزيه نعرفك قاله مثقف 😂,0,0,True,0.013817920349538326,0.9861820796504617
nas nas,0,0,True,0.18528227508068085,0.8147177249193192
يا الرب العالي هذا البهيمه اللي يقولك سندويتش فريت اوملات بالبيض يسمعولو الالاف يسموه استاذ بصح عندو الحق ماشي فريت اوملات بالبيض اللي حركاتو هو الكواغط الكاط كاط الاورو اللي بعثوهولو على ظهر الكافيه اللي يسمعولو,1,1,True,0.9865518808364868,0.013448119163513184
لي يديه جينرال الامتزيات والشركات ميزانيه فوج يا راس الحلوف يعني ناس عانت وبات برا وصرا ماصرا تخم انت الدوله الارقام لي تكتب فيهم انت دخلهم الدوله ترميسته وحده تاع فاتورات الغاز نحكوش الماء والغرامه ياو خم روحك برك,1,1,True,0.9533913135528564,0.046608686447143555
مبروك اله تستاهل اغلي هديه لمرحوم الوالد الولاده ربي اطول عمرها لي الاحرار لي احابوك اقدروك ديما عقابهم,0,0,True,0.010130354203283787,0.9898696457967162
حيا اله احرار تيزي وزو,0,0,True,0.018706517294049263,0.9812934827059507
الحراك هو الحل,0,0,True,0.01731099560856819,0.9826890043914318
حريه انتقاد الاخرينفلكل شخص حق في حريه انتقاد الاخرين فيمكن لاي شخص ان ينتقدشخص اخر في رايه ويعارضه ولكن في حدود الادب والقانون ولايخرج عن المالوف والمعروف والادب والقانون ولا يستخدم السب ولااللعن ولا غير ذلك اي انه كما لو كان نقاشا ان لم يكن هو نقاشا بالفعلكل شخص يعرض رايه وانتقاده في حدود المسموح به حريه التنقل والسفر والحركهفلكل شخص حق الحريه في التنقل والسفر والحركه والا يقوم احدبتقيده ولا استعباده ولا حجزه في مكان ما ويمنع حريته وسفره وتنقلهوحركته فلا يجب على الشخص ان يمنع احدا من التنقل من مكان اليمكان لان لكل شخص تلك الحريه,0,0,True,0.032808322459459305,0.9671916775405407
يا بغل,1,1,True,0.9933278560638428,0.0066721439361572266
الله يبارك اغنيه روعه,0,0,True,0.007952261716127396,0.9920477382838726
امير الحراك,0,0,True,0.020204491913318634,0.9797955080866814
نتبع امير ديزاد يدك الشيخ,1,1,True,0.9898730516433716,0.010126948356628418
صباح النور والسرور 🌼💓💐 nواقيل راه هكذاك راح نرجع 🤣,0,0,True,0.01281256228685379,0.9871874377131462
المبالغ ليست قطره بحر المبالغ اخدتها العصابه وعد الرءيس يعيدها وكذالك تساوي شيء يعمل كريس ويبقي مرتبه الشهري حالو لاحول باله العلي العظيم,0,0,True,0.025235900655388832,0.9747640993446112
اراد الاستمرار الحكم فعليه يطيع اسياده الفرنسين والجزاءر مجرد حديقه خلفيه لفرنسين لانهم يديرون خيوط العبه السياسيه الجزاءر الثبون بيدق اياديهم الا,1,1,True,0.7286750078201294,0.2713249921798706
العمل اللذي قامو به يامول الفيديو والله لا يقدر بثمن ولا بملايير الدولارات انه عمل اغنا من الذهب والفضى ولا هو ان تعيش في امن وسلام,0,0,True,0.01947065256536007,0.9805293474346399
انت عفن السلام,1,1,True,0.9426697492599487,0.05733025074005127
ياقواد وش دخلك قاعد في الخارج وتشعل في نار الفتنه تحبو تديو البلاد للهاويه الشعب هو الخاسر الاكبر اما انت وامثالك وحتى المسؤولين كي تتخلط تجيبوها في الخارج انتم وعائلتكم,1,1,True,0.9907559752464294,0.009244024753570557
لا تدعم مافيا الحواجز المزيفه,1,0,False,0.24389459192752838,0.7561054080724716
راني خارج حبب,0,0,True,0.018342122435569763,0.9816578775644302
ياحاي لواحد مسامع بحتى واحد من هذو🤣 بصح بنتولي جيحتو,1,1,True,0.9070952534675598,0.09290474653244019
مازده سنه رابعه دا ديبلوم صحفي وبوصبع دا واحد زرق في قاعو,1,1,True,0.9936345815658569,0.006365418434143066
تزوج لا تتزوج جيب طفل جيب 10 حاجه تخصك المهم متجيش تبكي ولا تشكي بش تجيب خبزه ذل لولادك اذا درت حاجه تحمل المسؤوليه السلام,0,0,True,0.12708276510238647,0.8729172348976135
مسافر يا اخواني اخر يخرج البلاد ينسي يطفء ضوء المطار,0,0,True,0.012701989151537418,0.9872980108484626
ربي يسلك بلادنا الجرمين هاذو,0,0,True,0.05609920620918274,0.9439007937908173
داءما لنفترض لنفتض انت محرض ربي يهديك الجزاءر اكبر منك,1,1,True,0.987060546875,0.012939453125
الكذاب يبقى كذاب والخساد يبقى حساد,1,1,True,0.9924081563949585,0.007591843605041504
الجواجله الفحوله ينتظروا المسءولين يغطون نوم عميق فكوا العزله عنهم الجسر الجميل بارك اله فيهم,0,0,True,0.1678452491760254,0.8321547508239746
وراك عيش قبل ياحلوف,1,1,True,0.6327446699142456,0.3672553300857544
نيك مك امير دزاد نيك مك امير دزاد,1,1,True,0.9934868812561035,0.006513118743896484
حياك الله,0,0,True,0.008194232359528542,0.9918057676404715
القباءل ربراب الشاويه القايد خلي نديرو حرب,0,0,True,0.15774084627628326,0.8422591537237167
ياعمي العربي تبالي رانا رايحين نروحو فيها كامل بالدوله المدنيه بالدوله العسكريه الزلزال يكمنا😂,0,0,True,0.012161323800683022,0.987838676199317
جماعه تافه ابب ه✌🐸 طعطي سبي مصطلحات تقلب الزب,1,1,True,0.9909231066703796,0.009076893329620361
متروحش تنيك مك انتا وجه الرخص ينعل طيز مك,1,1,True,0.9938961863517761,0.006103813648223877
وجوه البخص نسكن سيدي عمار نقولم راكم اخمج بلديه تخدمو بمزيتكم تكبرو الناس,1,1,True,0.9938110709190369,0.006188929080963135
راك حاس بيه كيما صرالك 😁,0,0,True,0.036558136343955994,0.963441863656044
جاتك علي الكيف يامن صابك في وسطهم🤭,0,0,True,0.014920403249561787,0.9850795967504382
لي يسيبورتو البرج شلغوم العيد هوما المحلبين,0,0,True,0.011749942786991596,0.9882500572130084
الى الامام تحيا الاحرار,0,0,True,0.008715041913092136,0.9912849580869079
السلام عليكم ورحمه الله تعالى وبركاته اخي العربي ربي يحفظك يعطيك الصحه والعافيه ان شاء الله,0,0,True,0.008016436360776424,0.9919835636392236
تسمي ماتقوليهاش وكي تلقاي بيهم تقوليهالهم ها ادي خلي فيلم عبله الجديد,0,0,True,0.17319723963737488,0.8268027603626251
فريت اوملات بجدك الحلوف خير يا لكافي,1,1,True,0.9603997468948364,0.039600253105163574
تحيا ربراب رفض الخضوع لعصابه والقاءد صالح يصفي حسابته باسم الحراك,0,0,True,0.01715620793402195,0.982843792065978
الف مبروكربي يحفظك,0,0,True,0.008740422315895557,0.9912595776841044
لا اتعاطف,0,0,True,0.019210154190659523,0.9807898458093405
يقصف يبالي,1,0,False,0.018260149285197258,0.9817398507148027
روح تقود يا ماتام الفكرون انت تاع نميمه حاب تشحم كيما السابقين روح قود التجاره ديالك خيرلك يا بوترمه,1,1,True,0.9938617944717407,0.006138205528259277
النور نشوفو وقتاش انحبسو وياك,0,0,True,0.013007444329559803,0.9869925556704402
العصابه مشي ربراب العصابه السعيد سلال طيب لوح دحموت سوفاك شكيبخليل,1,1,True,0.8734909892082214,0.12650901079177856
وما تحركهمش كرام بلحليب خههخخ,0,0,True,0.0461372472345829,0.9538627527654171
تحيا ربراب وملال وكامل القبائل الرجال,0,0,True,0.012166686356067657,0.9878333136439323
حبيت نشري وخده لامي مي امي متعرفش نتاع ديجيتال,0,0,True,0.01858760416507721,0.9814123958349228
الله لا تربحكم يا رهوط البق,1,1,True,0.9940809607505798,0.005919039249420166
🖕لاي ابوناهم,0,0,True,0.09997019171714783,0.9000298082828522
ربي يخليك,0,0,True,0.032510433346033096,0.9674895666539669
اخطيكم من الدين,0,0,True,0.0338982418179512,0.9661017581820488
الخميس البحر فور بزاف🤗😍,0,0,True,0.012318125925958157,0.9876818740740418
بارك بغيت نسقسي كاين روبو ميكسور تاع العجين,0,0,True,0.053263623267412186,0.9467363767325878
الدحدوح راه موجدلهم صابونات ماتسقسونيش علاه,0,0,True,0.1376979798078537,0.8623020201921463
العالم بحاجه الى مؤمنين يذكرون الله يعملون الصالحات ليس اغنياء يا راس المربع,1,1,True,0.988466739654541,0.011533260345458984
القبايل خروج في مسيره لاطلاق سراح ربراب اذا ناس الغرب غدوه لافتات لاطلاق سراح الاخوه كونيناف قضيه جهويه والوطن لا يهمنا,0,0,True,0.03188281133770943,0.9681171886622906
يبدا برنامج دراسه,0,0,True,0.01677914895117283,0.9832208510488272
الجزائر مافيهاش الظلمه,0,0,True,0.011043928563594818,0.9889560714364052
tooz ou retooz هاو تيزي وزو ما شي انتاع وجهاك ورينا lvideo نتاع تخمارت ديالك يا تلعبها سكيمي وعلاش تتركز على tizi ناس tizi ميتكلموش لغتك فقو وفقوكل واحد عوم بحرو او زعما تتكلم على معطوب لوناس tooz كان في بالك بلي معطوب قال انا قطعت النكوه نتاع محمد الحل هو انقسمو لبلاد على خطر est une incompatibilité totaleam janjar tit,1,1,True,0.9900596141815186,0.009940385818481445
😂 قاسح قاسح,0,0,True,0.01768612675368786,0.9823138732463121
واش دخل البالون يا الكعبه الكبير حبيت تقولنا نتا ما تحبش 16 ملخر,1,1,True,0.9830546975135803,0.016945302486419678
بصح في الاصل عندما يكتب لك جيفا ذاكره داخليه حره بغض النضر في مساحه النظام اخي مثال على المنتوجات المنافسه,0,0,True,0.017794737592339516,0.9822052624076605
السلطه لشعب الحريه الاستقلال باذن اله,0,0,True,0.009768056683242321,0.9902319433167577
رايح تىجعها نقوسه كامل يا عطاي,1,1,True,0.9945899248123169,0.0054100751876831055
يا لطيف اشاهد الخلق اتقزمن كلامه نباح الكلاب,1,1,True,0.9879255294799805,0.012074470520019531
روحو تقودو طيحتولنا السوق كاس العالم عمري ولا نتفرجه في قنوات الجزيره افضل ان لا اشاهد المباريات بدل ان اشاهد على قنواتكم افضل مشاهدته عبر قنوات اجنبيه,1,1,True,0.9919393658638,0.008060634136199951
ربي يستر البلاد والعباد,0,0,True,0.13031724095344543,0.8696827590465546
عباد لي يطيحو لفوق بالام ذراري واله,1,1,True,0.9634630680084229,0.03653693199157715
هدا باين دارولو صبع هنا فدزاير باش راه يهدر عليهم,1,1,True,0.9332605600357056,0.06673943996429443
روح دير لاسياست خير والله ماتحلموا بالراسه ياعصابه بوتسريقه,1,1,True,0.9938971400260925,0.006102859973907471
نقوشه خلاو دينهم وتبعوا ليهود,1,1,True,0.9922099113464355,0.007790088653564453
اقعدو تاكلو فبعضكم كالكلاب هوما حاشينهلكم كي المغاربه كي الجزاءرين,1,1,True,0.9930003881454468,0.006999611854553223
مكن الصور الحجم,0,0,True,0.011057217605412006,0.988942782394588
رحت نشري قرعه خل حضني مول الحانوت وقالي هاي عندي وبلغ السلام لخاوه حسيت روحي لابوانت اله يرحموا,1,0,False,0.06747590750455856,0.9325240924954414
خاطيني مولوديه بصح ماشي عيب تعشق شعار نادي,0,0,True,0.05795521289110184,0.9420447871088982
بتاكيد هو عربي,0,0,True,0.02127949148416519,0.9787205085158348
حوايج نتاع كوندور كامل غاليين والمصيبه ناقصين جوده يا كوندور,0,0,True,0.025010831654071808,0.9749891683459282
الرجاء الرد بالغه العربيه ما فهمتش,0,0,True,0.03339415788650513,0.9666058421134949
قال تبون الجيش ما يخرجش لمالي بامر من ماكرونااو طبطب,0,1,False,0.5491588711738586,0.45084112882614136
القاءمه راكم نشرتوها بصح الجواءز عليهم والو قولولنا واين نستلموهم,0,0,True,0.014856328256428242,0.9851436717435718
ونحن نقول بالتوفيق والمزيد من التاءلق,0,0,True,0.0168304443359375,0.9831695556640625
vive matoub rabi yerahmo 💪,0,0,True,0.0363648347556591,0.9636351652443409
على حسابك مالا افضل الخلق صلى الله عليه وسلم كي عاش فقير معنتها بلي ما عاشش فع معنتها بلي كل فقراء العالم لا يستحقون الحياه روح وسمك روح 😤,1,1,True,0.9628669023513794,0.037133097648620605
اسا ازكا ربراب يلا يلا,0,0,True,0.20848339796066284,0.7915166020393372
اه خطونا,1,0,False,0.018195394426584244,0.9818046055734158
bditou fl 3onsoriya wl fitena,1,0,False,0.04636416584253311,0.9536358341574669
ولو كنت قولك حسني الفاضك لوسخ ولاترجلي فتكوني الملعونين,1,1,True,0.9626031517982483,0.03739684820175171
الخضره نفورها والجاج نطيبو شوي غير في الماء ونوجد خليط حليب وبيض ونحكم هاذاك الجاج ونغطسو في الفرينه ومنبعد في البيض ونعود في الفرينه ونقليه ونصوتي هاذيك الخضره الفيره في الزيت ونحط الكل ونسكرفج عليهم الفرماج وشهيه طيبه,0,0,True,0.23874837160110474,0.7612516283988953
ازولخويا,0,0,True,0.03998222202062607,0.9600177779793739
خصتنا ثلاجه برك,0,0,True,0.010611231438815594,0.9893887685611844
هل تثقون في امكانات صناعتنا المحليه,0,0,True,0.012514973059296608,0.9874850269407034
الهدف عاشوا ماتوا اجله اضعناه الامانه تركوها لنا خناها لاسف رحمهم اله جزاهم عنا خير الجزاء,0,0,True,0.01762697659432888,0.9823730234056711
او شكون كان يدعم في اسرائيل ماشي ترامب,0,0,True,0.16978809237480164,0.8302119076251984
مبروك عليك سي امير حيا الله الاحرار مدنيه ماشي عسكريه ديما اعقابهم,0,0,True,0.008943400345742702,0.9910565996542573
اه لوكان جات عندي كبسوله الزمن تع نادين نرجع الفتره الوراء لانقذ جزاءري معظمه تولدش نقذهم,0,0,True,0.027061330154538155,0.9729386698454618
واه جات فينا وجلست اعطيونا حقنا وربي اسهل ازمه ازمه,0,0,True,0.02264505624771118,0.9773549437522888
لقبايل رجاله عليكم تحيا القبايل,1,0,False,0.06462158262729645,0.9353784173727036
هذه في خاطر بوصبع والباديسي النوفمبري,1,1,True,0.9923553466796875,0.0076446533203125
ahachemi yakalba wache il ton donné un os ch,1,1,True,0.9158715009689331,0.0841284990310669
aw qaderek,0,1,False,0.982136070728302,0.017863929271697998
كلشي مبروك خويا لعزيز هكذا تشنقرحهم كامل كيما وما عندهم ما يقضيولك راك غلقت عليهم double six,0,0,True,0.021127717569470406,0.9788722824305296
كاين منين اجيبو الدراهم هذ ماشي خدمه الفاسبوك حقهم مراهش يطلب في الصدقه,0,0,True,0.009936981834471226,0.9900630181655288
العاهره كون جات بنادم تفو,1,1,True,0.9871852993965149,0.012814700603485107
انا نتبعو ونحبو وافتخر يا عاهره الجنرالات,1,1,True,0.9050949215888977,0.0949050784111023
💚❤,1,0,False,0.4422975778579712,0.5577024221420288
الله يهدى ماخلق,0,0,True,0.011374538764357567,0.9886254612356424
بالبركه عليك اخويا امير,0,0,True,0.012174952775239944,0.9878250472247601
وناك القضيه الفلسطينيه,1,0,False,0.03712112456560135,0.9628788754343987
امير ديزاد انت راك عايش بومقلش وزبي بلاد اليهود وجاي تمنيك بالشعب روح تعطي تراميك,1,1,True,0.9935489296913147,0.006451070308685303
والماء يروح,0,0,True,0.01845371350646019,0.9815462864935398
ولغير قستها,0,0,True,0.024706099182367325,0.9752939008176327
ربي يحفظك في مركز حفظ الجثث,1,0,False,0.2136293351650238,0.7863706648349762
حكمتهم خريه😐😰😫,1,0,False,0.055195797234773636,0.9448042027652264
جاهل,1,1,True,0.9846188426017761,0.015381157398223877
جامي شت نكارين لخير كي سطايفيه خسرو معانا بداو يطيحو نساو وقفاتنا معاهم بفف افريقيا 🙂,1,1,True,0.6753202676773071,0.32467973232269287
القايد صالح 🤣😂علاه روحت خليتنا,0,0,True,0.08306163549423218,0.9169383645057678
الهاتف يرن يرد,0,0,True,0.009441565722227097,0.9905584342777729
مل تمناوليش بدايه اسبوع موفقه ديرولنا ميزاجور,0,0,True,0.011318155564367771,0.9886818444356322
وايضا العالم بحاجه لاانانيش لي باباه مضمنلو المستقبل,1,1,True,0.9277501106262207,0.0722498893737793
راهم جابو خبرك يا لي كنت تعطي كي كنت صغير كان ينيك فيك براهيم الشواي لي كان حال قدام سانتفي نتاع تيارت,1,1,True,0.9899993538856506,0.010000646114349365
ايادي اجنبيه سب رفع الاسعار يا بوصبع لزرق,1,1,True,0.9940372705459595,0.005962729454040527
الوعي السياسي عندك زيرو ينمي,1,1,True,0.8927137851715088,0.10728621482849121
زين واله بالف صحه وهنا,0,0,True,0.010611159726977348,0.9893888402730227
رد ديبلوماسي رجل بقلب ابيض كبنفليس بدا بنقد شتم لانه فاشل رجل فاشل الرءاسيات رشح,1,0,False,0.4350314438343048,0.5649685561656952
رزقهم ربي اخويا,0,0,True,0.011830340139567852,0.9881696598604321
داريخلص ربراب اخر,0,0,True,0.01528515387326479,0.9847148461267352
اول مره في حياه زيطوط يكتب منشور فيه الخير للناس,0,0,True,0.023965515196323395,0.9760344848036766
بصح اسمحولي كنكسيون تاعكم تعيي تاع الصح الباقي كلش مليح,0,0,True,0.011125092394649982,0.98887490760535
البلاد يقودها مشلول فلا غرابه في ذلك,0,0,True,0.06650365889072418,0.9334963411092758
صحفي تاع خرطي قالك ناس تدي هدره وهوما تتفرج دقيقه برك تلقى تمنشير داير حاله لا تحليل لا شكوبي وزيد يرد يحيس الله وجوه الرخص,1,1,True,0.9797741770744324,0.020225822925567627
انت شخصيا,0,1,False,0.7710489630699158,0.22895103693008423
يعطيك الصحه خونا لطفي شرفتنا,0,0,True,0.013891062699258327,0.9861089373007417
ماطوليش بزاف وجيبي معاك حاجه ناكلها,0,0,True,0.18315428495407104,0.816845715045929
وين فقتوا خطوه جيده الاحترافيه التواصل العملاء,0,0,True,0.04756121709942818,0.9524387829005718
بيتزا بالناموس تعرفوها,0,0,True,0.02198995277285576,0.9780100472271442
دوك يجوك جماعه لاكوست غاليه,0,0,True,0.03946482017636299,0.960535179823637
ياودي قسم معايا دراهم رانا مزلطا,0,0,True,0.0413021482527256,0.9586978517472744
مزال عندي كراريس نتاع الباك اذا حبيت كاش حاجه نصورلك نورمال مهم انا عامي نتاع باك نقولك صح كنت نقرى من,0,0,True,0.02490435354411602,0.975095646455884
مكاش مكعب قدك قاعد تعس فطزيمات الناس روح استرجل روحك نضرب الفراك مدخلهاش لداركم عسان الناس يتناك بحياتو اخي,1,1,True,0.9940430521965027,0.0059569478034973145
شاءاله ربي يشفي مرض شفيت منو,0,0,True,0.026057401672005653,0.9739425983279943
ردو بالكم ليحاكموه على حيازه عمله صعبه دون الابلاغ هنها حيازته على جوازي سفر خلاص اهم دعوى هي الفساد لازم يحاكم عليها استرجاع الاموال المنهوبه,1,1,True,0.5642520189285278,0.43574798107147217
جليل باليرمو 🤣,0,0,True,0.010983576066792011,0.989016423933208
تحيا السنافر دفاع تاجنانت وفاق سطيف,0,0,True,0.009474224410951138,0.9905257755890489
ياو فاقو بيك ينعل والديك يا المخروق امير النقش اخطو زبنا خلونا نعيشو في سلام اخطونا نيك اماتكم احنا راضيين بحاكمنا اخطينا ياولد القحبه,1,1,True,0.994566798210144,0.005433201789855957
يحبو حتشون ختك قهوي,1,1,True,0.987849771976471,0.012150228023529053
الترمه عمرها تبول يعني تقعد ترمه ليكوش هدا,0,0,True,0.06924997270107269,0.9307500272989273
نتا اصلك امازيغي سواءا احبت ام افريقيا امازيغ حنا مناش عرب نتكلموا العربيه وي الفتوحات الاسلاميه لسنا عرب علاش تنسب لروحك لقوم لست منهم,0,1,False,0.9724757671356201,0.027524232864379883
روحو شوفو الميز تع داير لخرا,1,1,True,0.9935750365257263,0.006424963474273682
فريت اوملات بالبيض 🙈,0,0,True,0.013056140393018723,0.9869438596069813
انا كرهت كوندور على خاطر كي يصرالك انبان وانت في القرانتي مايجيوش عندك لازم اتزيد تخسر اوتديه انت عندهم وخاصتن في عنابه,0,0,True,0.03404156491160393,0.9659584350883961
ذباب,1,1,True,0.9914662837982178,0.008533716201782227
حياك0الله ياحور,0,1,False,0.9566788673400879,0.04332113265991211
العاصمه من كيتشاوت,0,0,True,0.012473483569920063,0.9875265164300799
الرئيس اللي حرر فلسطين,0,0,True,0.015483478084206581,0.9845165219157934
متضحكوش عليه دار عمليه الطبه نحاولو مخو ودارو ترمتو في بلاصتو,1,1,True,0.5020195245742798,0.4979804754257202
باي باي الجزاءر متزيدش تدخلها عمرك تبقي عسكريه جدارميه بوليسيه شنبيطيه مدنيه لي راك تحوس مزال مشفنهاش,0,0,True,0.40361103415489197,0.596388965845108
شوفيه ليهم اظن تبونهم ايكون رجليك,1,1,True,0.9762248992919922,0.023775100708007812
صح ديما نضاربو ديما نجرحو بعضانا صح خطرات نزعف منك منبعد نتفكر الوقت لي جوزناه مع بعض نتراضا غير وحدي مي جامي,0,0,True,0.05852947384119034,0.9414705261588097
لهذا اكره النظام يستغلون اضعف لحظات الانسان جنازه فرح كارثه عيد ليثبتوا احتلالهم وكراسيهم,0,0,True,0.18658849596977234,0.8134115040302277
نتمنالكم الافضل شكرا,0,0,True,0.07466025650501251,0.9253397434949875
السلام عليكم عرضكم راءع نويتم الصدقه نوع الات الالكترومينجي فانا وبالتوفيق شاء اله ورزقكم اله فضله المال الحال,0,0,True,0.008193766698241234,0.9918062333017588
الجيش ولد الشعب ادرها,0,0,True,0.045440852642059326,0.9545591473579407
القمر يبان وحدو 😍حوست جبرتكش تا جيتي وحدك واقيلا سينيال,0,0,True,0.02286428026854992,0.9771357197314501
التفكير السليم صح ميش تقول الرزق ربي وتا عشاك حاير ربي يهدينا,0,0,True,0.01299540139734745,0.9870045986026525
طرول قاعد كي سوه ختك,1,1,True,0.9940859079360962,0.005914092063903809
نعم نفتخر بي جيشنا الجزائري,0,0,True,0.014128138311207294,0.9858718616887927
الحمد له مقاطعته اصلا اتعجب كيفاه يشروه ماشي مليح,0,0,True,0.012664323672652245,0.9873356763273478
على كيف امك,1,1,True,0.990757405757904,0.009242594242095947
روحو تقودو نتوم كنتو تلعبو عره تاع احتراف روحو تقودو زعما كانو يلعبو ابطوله تاع انكليز,1,1,True,0.9933080673217773,0.006691932678222656
بن صالح مغربي شكيب خليل امريكي حداد بريطاني ربراب فرنسي كونيناف سويسري,0,0,True,0.04931268095970154,0.9506873190402985
فضلك ستشاركون معرض المنتجات المحليه قصر المعارض متي بارك اله فيكم,0,0,True,0.014154044911265373,0.9858459550887346
مزالت دالتك انت تشبع قرنبى,1,1,True,0.9910780787467957,0.008921921253204346
وايدكم فييه 🖕😂,1,0,False,0.035050369799137115,0.9649496302008629
شاء اله مصر,0,0,True,0.05005595460534096,0.949944045394659
الله يبارك السومه,0,0,True,0.007577236741781235,0.9924227632582188
تحيا بوتفليقه,0,0,True,0.008902435190975666,0.9910975648090243
تكسر زجاج باب غسالتي يمكني اجد قطع الغيار ولايه تلمسان,0,0,True,0.12436187267303467,0.8756381273269653
واله يقول بو صبع مبردع يفقه السياسه شيء الاعداء يتكالبون الجزاءر سمها شءت الايادي الدخليه والخارجيه وانتم تعينون الاعداء تحسبون انكم تحسنون صنعا ربي يفقهكم سياسه بلدكم,1,1,True,0.9751409292221069,0.024859070777893066
الذباب يخدم اسيادو ويتالم,1,1,True,0.9903970956802368,0.009602904319763184
الشعب خاصتوو برك 😂,0,0,True,0.019142601639032364,0.9808573983609676
انت يليق يغتصبوك باه متكذبش لعنه الله عليك,1,1,True,0.9938941597938538,0.00610584020614624
متضامن معهمعنا بدونهم سنواصل النضال وسيبقي الحراك والنضال مستمرحتي تحقيق الدوله الديموقراطيه وحره,0,0,True,0.01638132333755493,0.9836186766624451
الاغنيه,0,0,True,0.01961795799434185,0.9803820420056581
ربي يحفظك شر وسوء المنافقين,1,1,True,0.9811652898788452,0.018834710121154785
اسحب الصوره من اليمين الى اليسار,0,0,True,0.02001986838877201,0.979980131611228
زل كيما نتا يهدر على معطوب 106 تاع زبي,1,1,True,0.9925432205200195,0.007456779479980469
غاليتهم موالون لفرنسا بني كلبون,1,1,True,0.9869706630706787,0.013029336929321289
ضحيه ربراب تكلم بانه صافي,0,0,True,0.334329217672348,0.665670782327652
لماذا كندور تطلق تحديثات لاندرويد,0,0,True,0.008650357834994793,0.9913496421650052
حماره بغله يقره,1,1,True,0.9924061894416809,0.007593810558319092
حاجه تاع تبهليل داخل عمك الطرطور,0,0,True,0.43839025497436523,0.5616097450256348
يقحببه وشنو هاذي,1,1,True,0.9770324230194092,0.02296757698059082
المهم لزم تكون 106,1,0,False,0.07455291599035263,0.9254470840096474
سقسي راغب علامه لامازال بعيده يعرف,0,0,True,0.01133344229310751,0.9886665577068925
السلام عليكم راه عندي مشكل الغساله طلبه مني تصل بيكم راني كسرت الهاتف المحمول رتوش عليا العلم اني اشتريتها جديده,0,0,True,0.008607638068497181,0.9913923619315028
مش مهم منين زاد ولد الجزاءر عدو لدود لعصابه ولي انت منهم,1,1,True,0.777880847454071,0.22211915254592896
impossibl,0,0,True,0.03567294403910637,0.9643270559608936
روح قود يارخيس ياكلب اقعد تنبح حتى تموت تنبح,1,1,True,0.9935232400894165,0.006476759910583496
بحتهم قوين جزاير خو بيرتوته بصحتكم خاوتنا توانسا,0,0,True,0.02028930000960827,0.9797106999903917
هاذوك الباديسيون النوفمبريين اللي كانو يقولو راح يبدلو الفرنسيه بالانجليزيه وين راهم هاذوك لي قالو راح يفتحوا استراد السيارات الاوروبيه اين انتم لي قالو الاورو هبط لانه عمله فرنسا اين انتم قلنالكم البلاد متمشيش بالشعارات الخطابات البلاد تمشي بالقوانين بالتخطيط المحكم البلد تمشي بالمنطق بالدراسات بالمخططات بالنظام البلد تمشي بالشفافيه البلاد تمشي ببرلمان حقيقي يمثل الشعب البلد تمشي بوضع الرجل المناسب في المكان المناسب مشي فوضى المشكله انهم نفسهم يصدقون شعار المنجل تبا لكم متى تستيقظون ايها اللحاسين المبردعين الحراك مستمر,1,0,False,0.28515663743019104,0.714843362569809
شريت واحده عندي درجه,0,0,True,0.0091057438403368,0.9908942561596632
جد متعاطف معا القباءل حقروهم حبسولهم ولد قدور وايحي وربراب وطحكوت وحداد ومزال الخير لقدام,0,0,True,0.11770537495613098,0.882294625043869
اه يا البرنوس لحمر واش راك دير قليل ليعرف المعاني,0,0,True,0.01959751360118389,0.9804024863988161
نيكماتكم كيف تجراتم,1,1,True,0.9934846758842468,0.006515324115753174
chouf chouf 🤣,0,0,True,0.41669321060180664,0.5833067893981934
نيتك يا سبي ينكح القاصرات ويتاجر بيهم قاع يا لخراي لي دار القدس عاصمه الكيان الاسراءيلي يا لخراي,1,1,True,0.9938086867332458,0.00619131326675415
صحي يابنت يابنت الحلال غي البارح كنت تسبي الدوله نسيتي قلتي راجل وراه شاد المبدء نتاعو,0,0,True,0.014310464262962341,0.9856895357370377
reh chef li,1,0,False,0.06627220660448074,0.9337277933955193
مزبله التاريخ ربراب يايده والمتضامنين سراقين البلاد,1,1,True,0.9938431978225708,0.006156802177429199
انت واله ماتحشم,1,1,True,0.9933980703353882,0.006601929664611816
ربي يجازيك يا استاذ يفرحك يرحم يماك يطول عمر الاب انشاء اله دعوه مانشوف الدرس شكرا,1,1,True,0.9931354522705078,0.0068645477294921875
دليل انك متخافش على جزايريين شرق كامل وبعض ولايات الوسط زلزله انت تقولي تبونن,1,0,False,0.22582517564296722,0.7741748243570328
هدو مرخص مزوج بيكم ربراب القنون الجميع,1,0,False,0.1880934089422226,0.8119065910577774
كلشي مبروك وعقابهم جيسكوبو,1,0,False,0.02867443487048149,0.9713255651295185
متعاطف معا ربراب سراق ميزان تاع سكر,1,1,True,0.7775384187698364,0.22246158123016357
كاش امارات كاش تطبيع خويا الخليجي 😂,0,0,True,0.017464840784668922,0.9825351592153311
اغلب الاغنياء ولدو وهم فقراء الشيء الميز فيهم انهم عندهم العزيمه عندهم المخ الحاجه لي تفتاقر ليها يا ادمن الصفحه,1,1,True,0.9448057413101196,0.05519425868988037
وجه الخريه,1,1,True,0.9934872388839722,0.006512761116027832
راك نكحتهم,1,1,True,0.9933545589447021,0.0066454410552978516
شواكركم راهم براءه وانت عس فلقبايل يارخيس حنا رجال عليك ياالطحان يابوصبع,1,1,True,0.9932354092597961,0.006764590740203857
par contre na7i hedik teswira te3 siyadek المتصدر ⚪🔴,1,0,False,0.07965856045484543,0.9203414395451546
لمراه حقوق فجر الاسلام الجزاءرين هضم حقهم تسيد الارباب واصبح الزيت حديث العام والخا,0,0,True,0.06212957575917244,0.9378704242408276
page ki zab,1,1,True,0.9784964323043823,0.021503567695617676
بصراحه صدمتني جيزي حيت عبيت اربعين دينار انتارنت اكتفيت لكن بقيت يوم واحد وانتم حاطين عرض شهر ممكن تفسير دالك,0,0,True,0.12447543442249298,0.875524565577507
حيا الله الاحرار 😂,0,0,True,0.01731717400252819,0.9826828259974718
sah,0,0,True,0.010679581202566624,0.9893204187974334
نشجع مولوديه برك,0,0,True,0.013768570497632027,0.986231429502368
الكويزينيار ءات الون الرمادي سعرها باربعه عيون لغاز المتشور البيضاء رماديه,0,0,True,0.018095213919878006,0.981904786080122
chof m3ah 😂 mca ❤💚,0,0,True,0.4981175661087036,0.5018824338912964
يسر برنامج السراج لقرءان الكريم التلفزيوني العد الثالث يبث شهر رمضان قنوات الهقار الاجواء الانداكس التديفي الباهيه تدعوكم لمساهمه انجاحه بماترونه مناسبا لكم المشرف العام لخضر بومرزوق,0,0,True,0.13397623598575592,0.8660237640142441
نيك مك القحبه انقش كون جيت راجل متخليش ختك ومك نيكهم في فرانسا اديوث انت لا تمثل الجزائر الشعب واعي جدا وطيب وخلوق بكل فخر انتم ايها ابناء نطفه دgول نك مك القحبه 👌,1,1,True,0.9938115477561951,0.006188452243804932
عليكم السلام ورحمه اله وبركاتهنموت راهي قريب مابقاش بزاف,0,0,True,0.008369681425392628,0.9916303185746074
ارخس رجل وجه ارض,1,1,True,0.993137776851654,0.006862223148345947
مقستهاش,0,1,False,0.5367650389671326,0.46323496103286743
هذي جمهوريه مشي كزيرنه مشي ثكنه,0,0,True,0.014065305702388287,0.9859346942976117
صحافه العار ماعندناش صحافه الجزاءر حنا عندنا لحاسين الصباط وعبادين المال,1,1,True,0.9902046918869019,0.009795308113098145
nta rekk makch rejll ge3d zema tdehk liihh howa aw ferezehaa aww khiirr mnkk yaa ljiaann ya telaabb الغيره الحقد كابرين بيها tdehkk likk myrfch français yaall goumii حيوان khir mnkk hacha khli9et reb,1,1,True,0.986441969871521,0.013558030128479004
الف مبروك خويا امير ربي يحفظك ويسترك من الاعداء الحساد,0,0,True,0.009301682002842426,0.9906983179971576
نتا يماك تخدم عطايه تهدر,1,1,True,0.9942883253097534,0.005711674690246582
😂 m9shch bs7 mlia undefined,0,1,False,0.5341071486473083,0.46589285135269165
الخضره نفورها والجاج نطيبو شوي الماء ونوجد خليط حليب وبيض ونحكم هاذاك الجاج ونغطسو الفرينه ومنبعد البيض ونعود الفرينه ونقليه ونصوتي هاذيك الخضره الفيره الزيت ونحط الكل ونسكرفج عليهم الفرماج وشهيه طيبه,0,0,True,0.23422382771968842,0.7657761722803116
والله للاسف مابعرفه لان لست جزائريا لكن حبكم لهدا الرجل حببني فيه رحمه الله رحمه واسعه,0,0,True,0.026376275345683098,0.9736237246543169
كان يصلي يصوم يزكي دار لمرتو الحجاب,0,0,True,0.06205136701464653,0.9379486329853535
بديل البطاطا المقليه عندكم بطاطا مشويه ولا اروع 😍,0,0,True,0.012204593047499657,0.9877954069525003
lewel elle avait raiso,0,0,True,0.3060435950756073,0.6939564049243927
سياسيه قناعاتها وتوجهاتها ليست كالساسه الكراكيز الملجمه يمكنها تامر بزرع شجره يافعه وقلعها مثلا,0,0,True,0.11277087777853012,0.8872291222214699
راه برلمان الحفافات صادق سما خارجين جارجين,0,0,True,0.043746013194322586,0.9562539868056774
بلادنا شابه سفنج,0,0,True,0.08126473426818848,0.9187352657318115
المبلغ هادا غير الى حكمو عند حداد صرف رقيق يا ارهابي,1,1,True,0.7939594388008118,0.20604056119918823
نسمع اناشيد جهاديه,0,0,True,0.04051169008016586,0.9594883099198341
شنو هاذا يا خري,1,1,True,0.975806474685669,0.024193525314331055
حسبيا اله ونعم الوكيل,0,0,True,0.010456082411110401,0.9895439175888896
تاكدوا ان صاحب الصفحه لا يتقن اللغات الاجنبيه مجرد ناس عقولهم فارغه يضحكون على ناس فاقتهم مستوى في اشياء كذلك الناس التي تضحك ارونا شطارتكم في اللغات 👌 او اغلقوا افواهكم,1,0,False,0.35326096415519714,0.6467390358448029
يخلو شعب يجري مور هاد الامور تاع المعيشه والانقضاض الخيرات ودعم الغرب الكافر واعطاءه الولاء المطلق عليهم لعنه اله ترا,1,1,True,0.9212660193443298,0.07873398065567017
بارك الله فيهم بـ 10 مليون وسواعد الرجال لو بقاو يسناو فالدوله كون تبنى الجسر في سنه 29 بـكاش مليار ولا زوج,0,0,True,0.020861150696873665,0.9791388493031263
لا اله الا الله محمد رسول الله اللهم اغفرله وارحمه وانت ارحم الراحمين,0,0,True,0.012234554626047611,0.9877654453739524
تحيت لعباده 🤣,0,0,True,0.009360305964946747,0.9906396940350533
السلام عليكم عندكم وهران بالضبط,0,0,True,0.008889280259609222,0.9911107197403908
انشاء اله ربي يشفيهوم,0,0,True,0.008613030426204205,0.9913869695737958
ادمين باين هدمي متوصلهمش لاكوست لاريني,1,1,True,0.8887298107147217,0.11127018928527832
طحان ويحب الرخس وعمرك نتا فوته فوتبال,1,1,True,0.9938551783561707,0.006144821643829346
roh tal3ab kbayal rajala,1,1,True,0.9393298029899597,0.06067019701004028
هوليود بوليود المخزنود😂🤣,0,0,True,0.009159352630376816,0.9908406473696232
الله يبارك دقه عاليه فالكانون نيشان 🤭 nامسيتك طيبه ولد ما ❤️🇩🇿,0,0,True,0.008583219721913338,0.9914167802780867
البطل يدخل معارك معالخصوم يخترع الخصوم بطل لذا البطل يكسب الحياه والحريه لانسان اذا استطاع بلا خصوم اذن النصر تهتف الانسانيه الجزاءر فلا تحدث فكل شيء مكشوف لعيان لذا نعترف بهذه الدوله الهزيله حتي بنظامها المجرم حتي بقوانينها قوانين الغابات حتي بمفتيها مشايخها المرضي عقليا حتي بصناعتها المضحكه تحدث,0,0,True,0.06193206086754799,0.938067939132452
انطلقوا ايها الغاضبون انه يشتم الهتنا 😂,0,0,True,0.0619976632297039,0.9380023367702961
طر طر الهى في روحك الجزائر راهي بعيده عليك,1,1,True,0.5776513814926147,0.42234861850738525
المهم تنساش اضرب فريت اوملات بالبيض والبطاطا مقليه,0,0,True,0.026539629325270653,0.9734603706747293
بزقولك عمود الصيره فمك والا ظهرك,1,1,True,0.993894636631012,0.006105363368988037
نشاله تبان الحقيقه ربراب رجل اعمال ناجح يستثمر الشباب وطنه,0,0,True,0.10860952734947205,0.891390472650528
اثبت التجارب العالم الشخص كي تقولو ماتشريش يعني بصيغه المخاطباحتمال نسبه يرفض طلبك يشري كثر يا,0,0,True,0.04124382510781288,0.9587561748921871
بكل توفيق لي مجمع سفتال,0,0,True,0.014200640842318535,0.9857993591576815
ribondi 3alya brv omlyy😉,0,0,True,0.15833447873592377,0.8416655212640762
حسبيا الله ونعم الوكيل,0,0,True,0.010528977029025555,0.9894710229709744
زمنا كنت رجلا اصبحت عدو الجميع,0,0,True,0.08281200379133224,0.9171879962086678
الشاري كاين فالاسعار ترتفع,0,0,True,0.008913666941225529,0.9910863330587745
والبارصا والريال كاين لي يحوسو عليهم,0,0,True,0.01346496306359768,0.9865350369364023
القائمه راكم نشرتوها بصح الجوائز ما بان عليهم والو قولولنا متى واين نستلموهم,0,0,True,0.014827770181000233,0.9851722298189998
الهدره برك,0,0,True,0.013955434784293175,0.9860445652157068
هدا شرك بالله لكان معلبالكمش تبرتاجيو برك بلا معنه,0,0,True,0.11032135784626007,0.8896786421537399
وانت كلاتك,1,1,True,0.9933164119720459,0.0066835880279541016
مرحب طبعا,0,0,True,0.010812705382704735,0.9891872946172953
انا تقني سامي في التبريد التكييف,0,0,True,0.01672857627272606,0.9832714237272739
احكيلنا علـي الزلزال الا السبب تاعو تبون ولالا 🙄😒,0,0,True,0.21875138580799103,0.781248614192009
تصور اسيدي الفريت اوملات ظهرت بالبيض وانا ولا خبر زيدوا واش فيها ثاني اقولولي لا نبهدلكم قدام الاجناس,0,1,False,0.6158121824264526,0.38418781757354736
ياودي بوداوي يدو في زبي صافا هك,1,1,True,0.9929581880569458,0.007041811943054199
حنا نشريو هواتف او تفسد هما راهم يكرموا بعضاهم,0,0,True,0.03550321236252785,0.9644967876374722
تكذب ضورك راك تنوار مبقاش ليك,1,1,True,0.9817766547203064,0.018223345279693604
اليله الزلزال يخرج الجزاءرين ليلا منازلهم خروج الفلاحين المغاربه ضيعاتهم بمنطقه العرجه ذنوب المغاربه واعرين,0,0,True,0.08515781164169312,0.9148421883583069
الفاهم يفهم,0,0,True,0.02275249734520912,0.9772475026547909
اظن خاوتنا القباءل اظن البعض منهم يجب عليهم مسانده ربراب لانه اويحيا طحكوت معزوز حداد رجل اعمال بدايته بنك اموال الجزاءرين لذي يجب عليهم انتظار قرار المحكمه تعطينا النتيجه فاذا رجل فاسد فسيحاسب,1,1,True,0.5315701961517334,0.4684298038482666
نتا مضلوم اسي ربراب لك معليش واله تحاسبو قاع اولاد فرنسا,1,1,True,0.8976327776908875,0.10236722230911255
الخلف,0,0,True,0.022544769570231438,0.9774552304297686
ماقصتهاش🤦,0,0,True,0.4422975778579712,0.5577024221420288
بدل نظاراتك يا سي زهير,0,0,True,0.035457104444503784,0.9645428955554962
الذبابه الالكترونيه مازلت تبث سمومها نريد ينظف المستنقعات لاتبقي تبيض ومازلت كذبك اله يهديك بشربك كاسهم,1,1,True,0.9909263849258423,0.009073615074157715
ya zebi ntta jitt so3odia waqil la matrfoch winn troho parce que marftoch mnin jito,1,1,True,0.9861190319061279,0.01388096809387207
الصغير بوهران يخدم مليح,0,0,True,0.01234124880284071,0.9876587511971593
الشي ويقولك رانا لاباس,0,0,True,0.012611486949026585,0.9873885130509734
المهم ناجح ويدخل الصوارد وانت اقعد اضحك كي الب,1,1,True,0.896461009979248,0.10353899002075195
تو هوفي تصريح ماختصبونيش وانت اتقول راهم اغتصوبه يرحم باباك احترم عقولنا,1,1,True,0.9418194890022278,0.05818051099777222
قولي قريب باش ندير حسابي شكرا اخي فضلك,0,0,True,0.010840040631592274,0.9891599593684077
your one of them tsem3ili bondo9ia,0,1,False,0.863659679889679,0.13634032011032104
هدا يتكلم الشر تدي حياتك كمال تسمع الشر خاطر وجه شر والعياد بي اله هده الاشكال,1,1,True,0.9450773596763611,0.054922640323638916
انت لي تهدر عليهم مخناتين انت امير المزاه الارهابي عميل خاين كلاب المخزان والعربي زيتوط الارهابي عميل خاين اسكرجي الدجال الشيطان قيو خلصت عليكم ارجعتو ديرو فلام المخناين,1,1,True,0.9942463040351868,0.005753695964813232
وكاس جو,0,0,True,0.057138074189424515,0.9428619258105755
عندك الحق 2ملاين😵,0,0,True,0.010791508480906487,0.9892084915190935
لا توجد لدينا نقطه بيع خاصه بالعلامه براند,0,0,True,0.009419811889529228,0.9905801881104708
تبدل,0,0,True,0.012726626358926296,0.9872733736410737
مشي تعطي,1,1,True,0.9845044612884521,0.015495538711547852
ان شاء الله تقومو بتلبيه الطلب,1,0,False,0.03531792759895325,0.9646820724010468
الله يشفيه,0,0,True,0.010084734298288822,0.9899152657017112
شبعتينا خرطي مافيكش فايده منين تاكل تشرب,1,1,True,0.8517270088195801,0.14827299118041992
niklekk yemaak ya wlid 9ehba 😂,1,1,True,0.9936102032661438,0.006389796733856201
حمد الله منيش منهم 😂,0,0,True,0.015073364600539207,0.9849266353994608
كوكب اليابان,0,0,True,0.015050651505589485,0.9849493484944105
مناصب عمل مصنع براند بسطيف,0,0,True,0.011499489657580853,0.9885005103424191
rouh chof akhteuk balak rahi m3a zaki khir matass chwakreuk lakbayil fdp,1,1,True,0.9865009188652039,0.013499081134796143
لفاندوفسكي برجلو مركا دقايق وهادو دقيقه مركاوش,0,0,True,0.09358870983123779,0.9064112901687622
ملخر,1,1,True,0.9906995892524719,0.009300410747528076
اميين ياارب,0,0,True,0.25076812505722046,0.7492318749427795
حنا كعب ونتا قحبه,1,1,True,0.9886582493782043,0.011341750621795654
نورمالمو حنا امازيغ ولكن هنالك بعض منهم زوافه يشيتو لفرنسا البعض الاخخر لي هوما حنا ما حناش زوافه ماناش عرب لان العربيين اتفقو قالو اننا لسنا عرب 😕,1,0,False,0.21949413418769836,0.7805058658123016
جاتك الكيف يامن صابك وسطهم🤭,0,0,True,0.013856407254934311,0.9861435927450657
عيت من العجين بيدي,1,1,True,0.61702561378479,0.38297438621520996
مسيره ربراب اتفها الفكره,1,0,False,0.015854470431804657,0.9841455295681953
نيكحتشونيماك ياولد القحبه,1,1,True,0.9939748644828796,0.006025135517120361
ماشاء الله بنت خالتي عليك انت الا شهاركل,0,0,True,0.15963256359100342,0.8403674364089966
رزقكم السماء وما توعدون,0,0,True,0.01854439079761505,0.981455609202385
minute teeri 3la rabna la deen la akhlak fi 91 kountou jonoud and sidkoum nazar achabouha,1,0,False,0.10364498198032379,0.8963550180196762
اعلان الحرب ربراب وتوفيق وكونيناف بمثابه اعلان الحرب فرنسا,0,0,True,0.024869471788406372,0.9751305282115936
تخصني لاكروا انتاع اله الغسيل كيلو مالقيتهاش والاله جديده مخدمتش بزاف,0,0,True,0.027945782989263535,0.9720542170107365
14 حبات بنان,0,0,True,0.02494250424206257,0.9750574957579374
حنا تخلط يرموا كاش,0,0,True,0.2629140615463257,0.7370859384536743
10 mabrook ✌😘😷,0,0,True,0.21722249686717987,0.7827775031328201
basah ljinsiya lbritaniya mliha 😛,0,0,True,0.367626428604126,0.632373571395874
مولوديه❤💪,0,0,True,0.4422975778579712,0.5577024221420288
اله يبارك شاء اله,0,0,True,0.007963479496538639,0.9920365205034614
ستفتحون فرع بالاغواط,0,0,True,0.12906192243099213,0.8709380775690079
الذين يتحدثون على الجزائر 🇩🇿 نحن موقفنا ثابت مهما تخالفنا في بعض الامور نحن كشعب يد 🖐واحد لا يفرقنا اعداء الوطن موقفنا ثابت فلسطين 🇵🇸 امانه,0,0,True,0.04712650552392006,0.9528734944760799
moroccan nationalist memes ach khasshoum hado 🧐,0,0,True,0.1767813116312027,0.8232186883687973
rä mï aya tsm3 lekhra,0,1,False,0.8259133696556091,0.17408663034439087
بياعه كامل خرجهم جحورهم امير ديزاد راجل,1,1,True,0.8844863176345825,0.11551368236541748
ترامب زعيم❤,0,0,True,0.475338876247406,0.524661123752594
نعل راسه نتاعك خماج ليوم ربحتي لباك غدوا تربحي نار,1,1,True,0.9909787178039551,0.009021282196044922
حساء بروكلي سلطه بالخضار جبنه فيديريكو افخاض دجاج نتبلهم نرمدهم فالبيض الفرينه نقليهم نبشر جبنه فديريكو نوجد بيشاميل بالجبنه المبشوره تعطيني بنه تهبل نستعمل صوص فوق الافخاض سخونين شهيه طيبه مع جبنه فديريكو تهبل تدي لعقل,0,0,True,0.12156432867050171,0.8784356713294983
جديد الهدايا الخاصه بالطمبوله يصلني جديد الاميل الخاص ارجو التفسير,0,0,True,0.06412652134895325,0.9358734786510468
نعدين انا 😑,1,1,True,0.7337783575057983,0.26622164249420166
حابه نشري ثلاجه كبيره طباخه مكيف24مل اله لغسيل الاواني مكرو اووند لكن حبيتهم كامل انوكس,0,0,True,0.05587933585047722,0.9441206641495228
الافتراء خصال الانذال الغرض هدم الاوطان فعلم المفتري نذل الانذال,1,1,True,0.6123330593109131,0.3876669406890869
نت عايش فرنسا وحرض ناس روح اله لاتربحك,1,1,True,0.9940263032913208,0.005973696708679199
عاجل ربراب يتهم الجنرال توفيق هكذا عنون موقع الجزائر الخبر الذي نشره اليوم لكن تم حذف الخبر او اخفاء التفاصيل مع ذلك لا باس ان نذكر لكم بعض ما ذكره ربراب في هذا الاعتراف من بين ما اعترف به ربراب 🔴 انه مسير لشركه سيفيتال فقط مقابل نسبه من الارباح لا تتعدى خمسه ثلاثون بالمائه كما ان كل ما قام به كان بامر المالك الاصلي للشركه بتوجيه منه خاصه ما تعلق بتمويل حركه الماك الانفصاليه بالاموال للعلم يوجد تسجيل فيديو لابن المجاهد عبد الرحمن ميره صرح فيه ضمنيا بان ربراب هو من يقوم بتمويل حركه الماك الانفصاليه كما ذكر ربراب ان كل ما قام به بخصوص التمويل للاذرع الاعلاميه توجهاتها كان بامر من الجنرال الخائن قد اكد ان الجنرال الخائن هو من امره بشراء قناه المغاربيه منذ سنوات من عند ابن المرحوم عباس مدني توجيه خطها الاعلامي لما يتماشى مصلحه الجنرال الخائن توفيق كذلك فيما يخص الاحزاب السياسيه علاقته بكل من لويزه حنون كريم طابو حزب الارسيدي المحامي ايت العربي عسول بوشاشي جيلالي سفيان تمويل حركه مواطنه جميع الطفيليات السياسيه التي ظهرت مؤخرا كانت بالتنسيق مع فغنسا بامر مباشر من الجنرال الخائن المالك الفعلي لشركه سيفيتال كما ذكر السيد ربراب هذه نقطه مهمه انه هو الداعم للكثير من الوجوه المعارضه في الخارج قد ذكر في هذا السياق نقطه مهمه هي ان اغلب المعارضين الجزائريين لا نقول الكل بل الاغلبيه عندما يذهبون الى تونس لتمضيه العطله يقوم الجنرال توفيق بارسال سيارات خاصه لتدخلهم الى الجزائر بدون المرور على نقاط المراقبه الحدوديه ذلك حتى يبقوا يتمتعوا بصفه اللجوء وفي نفس الوقت هم مع الخائن توفيق المهم هذا موضوع للمتابعه سنوافيكم بالتطورات في حينها ان شاء الله بقلم رشيدي خالد,1,0,False,0.39707866311073303,0.602921336889267
ربراب قناه فرانس 24 تقول في نشرتها فرنسا قلقه على اعتقال ربراب,0,1,False,0.5041451454162598,0.49585485458374023
هل عندكم نقاط بيع في العلمه,0,0,True,0.008970791473984718,0.9910292085260153
شاء اله,0,0,True,0.0518789142370224,0.9481210857629776
الله يبارك راكي شابه بزاف بزاف تهبلي,0,0,True,0.007779322098940611,0.9922206779010594
من فضلك هل ستشاركون في معرض المنتجات المحليه في قصر المعارض متي بارك الله فيكم,0,0,True,0.00971054844558239,0.9902894515544176
اودي روح نكمك نتا لفرونسي تاعك,1,1,True,0.9929637312889099,0.007036268711090088
جمهور المناسبات نهار لعبو مع بليده سطاد فارغ كي لعبو مع سطيف عمروه ههخخههخ,0,0,True,0.24708522856235504,0.752914771437645
نظام يستحمر نفسه,1,1,True,0.973612904548645,0.02638709545135498
الرسول صلى الله عليو وسلم يقول يولد الولد ومعه رزقه,0,0,True,0.009430969133973122,0.9905690308660269
ادا امكن,0,0,True,0.014344222843647003,0.985655777156353
ديرها فالواسمها لاباج تاعك,1,1,True,0.8579831719398499,0.14201682806015015
وكي تقول السلام عليكم تهز يدك اليمنى ولا رجلك موضوع تافه,1,1,True,0.9838378429412842,0.01616215705871582
مذكرات تحدث بمذكره ويتم اسقاطها,0,0,True,0.025035569444298744,0.9749644305557013
داعش خير الحكوامه,1,1,True,0.9708365201950073,0.029163479804992676
بالتوفيق ان شاء الله مزيد من التالق,0,0,True,0.008585258387029171,0.9914147416129708
kina3bad rabi ❤️💪 الحمد الله,0,0,True,0.010232956148684025,0.989767043851316
ربي يهديك روحي توضاي وصلي خلي ربي يرضا يهديك ربي,1,1,True,0.9606940150260925,0.03930598497390747
امنه اشحال مديتولهم باش يتاخذوا القرار امنه دوله النفاق والصوص والشياطين رحم ربه الشعب مقود مافيهش لامان,1,1,True,0.9443371295928955,0.05566287040710449
انها الحقيقه المره,0,0,True,0.01793697290122509,0.9820630270987749
الصحه كامله فاشله في الجزائر,0,0,True,0.012657064013183117,0.9873429359868169
يا الكعبه,1,1,True,0.9937766790390015,0.006223320960998535
روح تخري,1,1,True,0.9921495914459229,0.007850408554077148
رخيص توفيق يستاهل كتر من هك وليلى نموذج من كتير من الفتيات لي تحب الماده وتفرط في اي حاجه على صلاحها خساره فيها زينو,1,1,True,0.9846237301826477,0.015376269817352295
لاتحزن العزيمه لم الشمل لي الخير يغلب الالاف من الفاسقين اما عن الصحافه فهيا وكر لي الدعاره الفتن فكيف تحب ان تكشف عن ساقها الله ليس بي غافل عم يصنعون لكن مئخرهم الى حين,0,1,False,0.5382578372955322,0.4617421627044678
وجهك صحيح يالكذاب النفاق تستحي فافعل ماشءت,1,1,True,0.9938334226608276,0.006166577339172363
لاشك عمل كمشه الجنرالات,1,0,False,0.08924122154712677,0.9107587784528732
ونتا شكون لراه خلص فيك مكن تكشفلنا الحساب الشهري تاعك ولراه خلص فيك يا زطوط يا خبارجي,1,1,True,0.920051097869873,0.07994890213012695
خلطي جلطي حرزي تزعطي,0,0,True,0.42989444732666016,0.5701055526733398
اله لاتربحهم,1,1,True,0.9896332025527954,0.01036679744720459
شوف طريقه الكلام تاع استاذ الوعي امير المازدا,1,1,True,0.9921240210533142,0.007875978946685791
قمه الالم يختلف القلب العقل يغصبك واقعك تحمل سقط القلب اخرون ينبض القلب بهم جزءا سقط,0,0,True,0.4532439410686493,0.5467560589313507
mca pubg eminem bsh na3bd rabi🙄,0,0,True,0.17682024836540222,0.8231797516345978
الجزائر جنه 😍🇩🇿 وقتاش تلحقينا 😅,0,0,True,0.013806247152388096,0.9861937528476119
واش بيهم العبيد تاع زبي معجبهمش لحال كي هبطو ربراب,1,1,True,0.9915785789489746,0.00842142105102539
مبرووك خويا امير ديزاد لم تخيب من وضع الثقه فيكالله يرحم لي رباك ديما عقابهم👌✌🎊🎉🎂,0,0,True,0.013087798841297626,0.9869122011587024
zedk win,0,1,False,0.8212540745735168,0.17874592542648315
نحن لسنا بخونه الجزائر بلادنا الكسره والماء والراس في السماء مراهش خلصنا اللي يهدر علينا ياخرا يازيطوط,1,1,True,0.845000147819519,0.15499985218048096
هكا تديهم للقبر برافو عليك,0,0,True,0.055248573422431946,0.944751426577568
jaye7,1,1,True,0.9138454794883728,0.0861545205116272
وربراب قتال نزار شكون الي دخل الحديد لجلفه والمسيله والبيض واصبحت الجزاءر البلدان مرض السرطان الحظيد المشع المستورد بالمجان اوكرانيا حادثه تشارنوبيل النويه,1,1,True,0.9205150008201599,0.07948499917984009
املك غساله الصحون بروند,0,0,True,0.008645305410027504,0.9913546945899725
مدام هدرت صافي علابالي واش عندي 😎اهدر واش حاب وماتخافش 😂🤭,0,0,True,0.013617407530546188,0.9863825924694538
البوليس تقولولو الرزق ربي كي حبسو ربراب خفتو الرزق تاعكم الشيء قعدنا الذل لحد,0,0,True,0.03143535926938057,0.9685646407306194
المنتوج صيني التركيب جزاءري صينوجيريا,0,0,True,0.012338193133473396,0.9876618068665266
ملا روح فاصي الخريطه ان كنت رجلا 😉,1,1,True,0.9872577786445618,0.012742221355438232
اناعندي ماشينه لافي براند تكسر الباب تاعها حوست بزاف عليه ما لقيتوش وين نصيبوا من فضلكم,0,0,True,0.023297185078263283,0.9767028149217367
مثلك شاد,1,1,True,0.9915814995765686,0.008418500423431396
est un mensonge koulchi makhdoum ya kilab sahioun,1,1,True,0.7796730399131775,0.2203269600868225
♓✌️☪️الى يوم يبعثون,0,0,True,0.05018673837184906,0.9498132616281509
ولاد الكلبه كلاب,1,1,True,0.9936816692352295,0.006318330764770508
معطوب علاش,0,0,True,0.013738748617470264,0.9862612513825297
الى الترك,0,0,True,0.013110456988215446,0.9868895430117846
اشري زيت الوز,0,0,True,0.012817803770303726,0.9871821962296963
انا الحمد لله مقاطعته منذ سنوات اصلا اتعجب كيفاه يشروه وهو ماشي مليح,0,0,True,0.010535814799368382,0.9894641852006316
سمحلي لكن 😂,0,0,True,0.015513751655817032,0.984486248344183
لصوص سراقين فمن السارق لاموال الشعب,1,1,True,0.9898281097412109,0.010171890258789062
في الجزائر الجديده اطفال نساء يقضون ليلتهم في الشوارع بدون ماوى لو كان الامر في غير الجزائر الجديده لهرعت جيوش من المساعدات والخيم الاخصائيون في العلاج النفسي لك الله يا بلدي 😥,0,0,True,0.12782324850559235,0.8721767514944077
wallahe ila 3ib ar ndam fasid,0,0,True,0.20264703035354614,0.7973529696464539
وزير كوكب اليابان,0,0,True,0.01784658432006836,0.9821534156799316
الكلاب بني الكلاب تسما قاعدين امكرو فينا ماعليش مكرو كيما حبيتو بصح ربي كيفاه راح تمكرو معاه حسبي الله ونعم الوكيل فيكم ربي ينتقم منكم واحد واحد,1,1,True,0.9939409494400024,0.006059050559997559
خافي ربي في العواشر يخي كان صديقك او تسلمي عليه والله عيب عليك امير يشبه والده 10 كفاكي بهتان وكذب على الناس ركي عندك بنت,1,1,True,0.993615984916687,0.006384015083312988
سجلها حسبي اله ونعم الوكيل,0,0,True,0.015167096629738808,0.9848329033702612
النقوشه طغاو في بلاد زبي,1,1,True,0.9941522479057312,0.005847752094268799
فريت اوملات بالبيض جديده هذي ازبي,1,1,True,0.9713818430900574,0.028618156909942627
بوراك مفور اروع جربيه سيدتي ماتشريش زيت ربراب,0,0,True,0.023842085152864456,0.9761579148471355
ما يلزم,0,0,True,0.015902085229754448,0.9840979147702456
دوشتي مزال تعلمين انك كولك وصح بش تحكي اسيدك يا ابنت حركه,1,1,True,0.8790982961654663,0.12090170383453369
sar9ohalk,0,0,True,0.28545263409614563,0.7145473659038544
مبروك 🌹💚,0,0,True,0.010796355083584785,0.9892036449164152
😂😁,1,0,False,0.4422975778579712,0.5577024221420288
الف مبروك 🎉🎊الليله يرقدو مقنوطين ✌🇩🇿,1,0,False,0.04207869619131088,0.9579213038086891
صحافه العار على الاقل احترم الرجل راه كبير عليك يا وبشي هذا رجل مثقف رجل من الجيل الذهبي الرجولي ليس كجيل اليوم المخنث,1,1,True,0.994175910949707,0.005824089050292969
بومدين الله يرحمو,0,0,True,0.010758055374026299,0.9892419446259737
مبروك مزيدا النجاحات شاء اله,0,0,True,0.008218519389629364,0.9917814806103706
المحلات تابعه الشركه الام,0,0,True,0.011125942692160606,0.9888740573078394
ابعتلي كيفاه الريغلاج تاعو,0,0,True,0.15946005284786224,0.8405399471521378
الذبابه الالكترونيه مازلت تبث سمومها نريد من ينظف المستنقعات حتى لاتبقى تبيض ومازلت في كذبك بعد الله يهديك بشربك من كاسهم,1,1,True,0.9910605549812317,0.00893944501876831
احسن جمهور جزايري شباب قسنطينه انا من الشلف,0,0,True,0.031068898737430573,0.9689311012625694
حاجه فوور سبقتك وشريتو قبل الويكاند,0,0,True,0.12474407255649567,0.8752559274435043
اقرا التعليقات تفهم سبب الازمه 👍,0,0,True,0.016165222972631454,0.9838347770273685
تلفاز عندي ايام يعمل جيد بعدها طفيناه باش نثبتوه فل حاءط مبعد شعلناه وحده تحكم ولاتش تخدم وحدها لينا نتحكمو مل ازرار موجوده تلفاز,0,0,True,0.05086691677570343,0.9491330832242966
متخافوش يشروه لعبيد نتاع الدشره,1,1,True,0.9617851972579956,0.038214802742004395
اله يسلمكم,0,0,True,0.008273310028016567,0.9917266899719834
الفاءزون,0,0,True,0.04343409091234207,0.9565659090876579
ماعندهمش لادال اح,1,0,False,0.4030902087688446,0.5969097912311554
مسروقه,0,0,True,0.021013643592596054,0.978986356407404
السكر غالي يا ربراب,0,0,True,0.2791091501712799,0.7208908498287201
قعد بدل دستور فل خطرا وله يلا هادو شباب لي ديعتهم حياتهم وله يلا حسبوك ربي,0,1,False,0.9834092855453491,0.01659071445465088
انت عايش لهيه عند سيادك وامك فرنسا وتهدر على دزاير ياا خامج ياا نيي امك الى يوم الدين,1,1,True,0.9938367009162903,0.006163299083709717
معكم عادل بوشارب من ولايه المسيله,0,0,True,0.009557558223605156,0.9904424417763948
رجال يبعثون بناتهم تموت الغناء والرقص الشباب اليالي وبعدها يقولون مسلمون اليس ثمه خل,1,0,False,0.49827978014945984,0.5017202198505402
عندك الصح هوما لي خرجو على المغرب بالعنصريه تاعهم اصلا هم اقل من ملايين علما ان العالم يتكون من 786912 شخص,0,0,True,0.059805866330862045,0.940194133669138
لودو رح تولي الدراما تاعك,0,0,True,0.023479314520955086,0.9765206854790449
machi nta hadek 😂,0,1,False,0.9872035384178162,0.012796461582183838
امير الصحفي الاستقصائي الحر ✌️ عبله ذبابها بوصبع راح يعانو,1,1,True,0.9935112595558167,0.00648874044418335
انتع وجهك ربراب يوصل الزعيم ايت احمد اله يرحمو ايت احمد سرق خدع مباع نيفو لفرنسا ملياردير بالخدع غاضكم ربراب والشعب مغاضكمش,1,1,True,0.9930046200752258,0.00699537992477417
الجزاءر فرنسا,0,0,True,0.1040821224451065,0.8959178775548935
كيما لي قاتلو مانكلش الحوم ناكل صكالوب 🤭🤣,0,1,False,0.9873228669166565,0.012677133083343506
انا نقدر,0,0,True,0.011951555497944355,0.9880484445020556
روحي يا البطاطا لا هلا جابك المجد والخلود لسرقه دراهم الشعب وي,1,1,True,0.9896780252456665,0.010321974754333496
wekhtek chekit kayna menha,1,1,True,0.6163771152496338,0.3836228847503662
الزيت مفقود والزيتوت موجود ايا اهبط نقلو فيك البوراك والزلابيه لرمضان والصامصه للعيد ها زيتوت راك خرفت وشرفت وتخرشفت قاع رانا كونتر السيستام بصح نتا قرعتها غير الشعبويه لا مشروع سياسي لا خطه تقدميه والو تظل تبين للناس بلي لبلاد خرا وعايشين فالخرا ايه علابالنا ايه اومبعد تبون طلع بالتزوير ايه اومبعد حكم العسكر ايه اومبعد دير كيما سيدك رشيد نكاز هبط للدزاير وراو يقاوم بالعقل والدليل وعندو مشروع سياسي اصلاحي ونتا واش عندك غير النعيق كي لغراب ياشكوبي عروبي طاحت في يدو التكنولوجيا ولقا اللي يسمعلو للاسف ملخر روح تخرا,1,0,False,0.2693120837211609,0.7306879162788391
ايبه نزهيها,0,0,True,0.01759183406829834,0.9824081659317017
نصيحه للاحرار لا تردو على ذباب كتلوهم vu 😂,1,1,True,0.8957408666610718,0.10425913333892822
لوعرف الشعب استقلاليه العداله يتحرك ابدا لمسانده ربراب والواقع احترام حقوق الانسان يقتضي ضمان محاكمه عادله ومنصفه لكل المتورطين بما فيهم حداد واويحي وغيرهم,0,0,True,0.03745860978960991,0.9625413902103901
رجعولنا الجزاءر القديمه وبارك اله فيكم,0,0,True,0.026350317522883415,0.9736496824771166
هذا هو رقمي ساتشرف جدا باتصالكم,0,0,True,0.022984018549323082,0.9770159814506769
هرمنا,0,0,True,0.010639934800565243,0.9893600651994348
بيتزا اول اكله ومعاها شحال من حاجه,0,0,True,0.011988833546638489,0.9880111664533615
راهم يضربوا حقهم ماشي حق الجزاءر,0,0,True,0.014665281400084496,0.9853347185999155
وعلاه زدت كلمه الباءسين تخاف الفقر واله رازق الطير حوت بحر,0,0,True,0.03790669143199921,0.9620933085680008
يا يما هديك البنه يميميمي,0,0,True,0.17445233464241028,0.8255476653575897
حياك الله يا استاذ,0,0,True,0.009845090098679066,0.9901549099013209
لخصت لكعب لي مجودين فالبلاد سطرين,1,1,True,0.9821966886520386,0.017803311347961426
الرجاء الرد بالغه العربيه فهمتش,0,0,True,0.032895080745220184,0.9671049192547798
السنافر معروفين,0,0,True,0.0558280423283577,0.9441719576716423
اخيس ميم شفتو,1,1,True,0.9262159466743469,0.07378405332565308
حيا الله لاحرار,0,0,True,0.015783347189426422,0.9842166528105736
الادمين يلعبها يفهمش العربيه,0,0,True,0.08031850308179855,0.9196814969182014
مزيه شفت البيبليكاسيون باش نخرج من الباجه صبن رانا فالـ 20 مزالكم تكلاشو الولايات تستعملو الكلمات الغاملين,1,1,True,0.7484796643257141,0.2515203356742859
كلو ضحك دقون مكان مايروح والو,0,0,True,0.01332276500761509,0.9866772349923849
شوف المصادر تاعكم مكن الزلزله دارها الجيش وكمشه الجنرالات راك تبهدل صح صح الخرطي والكذب عندهم الحق كي حابين ينحولك الجنسيه,1,1,True,0.6471348404884338,0.35286515951156616
اسطروي,0,0,True,0.04746439680457115,0.9525356031954288
وقبل ما يسوطي يشرب,0,0,True,0.010249095037579536,0.9897509049624205
ولله مارانيش حابسين يا هما يا حنا,0,0,True,0.010897253639996052,0.989102746360004
مزال نت جيبوك ينحولك القرعه لي حاصله,1,1,True,0.9722976684570312,0.02770233154296875
25 هي نسبه الاسهم التي تنازلت عنها ياسمين لصالح حسان,0,0,True,0.020058905705809593,0.9799410942941904
ان شاء الله نفوز,0,0,True,0.019249897450208664,0.9807501025497913
لوكان حطيت تصويره ختك نقولك واش نعبد فيهم,1,1,True,0.9885401129722595,0.011459887027740479
اله لاتربحهم طغو البلاد ونشرو الفساد ياريت ياتي الفرج,1,1,True,0.9904127717018127,0.009587228298187256
ربي يجزيك خير يا شيخ ان شاء الله ربي رحم امك الله يجلعها اياك في جنه الفردوس مع حبيبنا محمد بن عبد الله عليه افضل صلاه ازكي سلام,1,1,True,0.9914026856422424,0.008597314357757568
ماتحتاجش الان ذكاء باه تفهم علاه عبدو سمار لي جاب فضايح الناس كل لم يتكلم يوما حرفا عن ربراب,0,1,False,0.5874768495559692,0.41252315044403076
الكعب الله غالب,1,1,True,0.9862385988235474,0.013761401176452637
اله يرحموا شي مكن,0,0,True,0.009014084935188293,0.9909859150648117
واش دخلك فينا شده وتفوت,1,1,True,0.9619801044464111,0.03801989555358887
ان شاوي مع ربراب,0,0,True,0.07261252403259277,0.9273874759674072
مبروك عليك ربي يوفقك للمزيد من التالق بالتوفيق يا الجن,0,0,True,0.011979708448052406,0.9880202915519476
ناكو شنقريحه كابران,1,1,True,0.9934113621711731,0.006588637828826904
اشرب الحليب والباقي نخبيه,0,0,True,0.021743901073932648,0.9782560989260674
السلام عليكم خاصني بيتران شحال تسوى,0,0,True,0.00945405475795269,0.9905459452420473
ربي يفرج عليهم الحكومه العصابه المنحطه اله يجبهلهم,1,1,True,0.8778749704360962,0.12212502956390381
واش انقش جايك شنقريحه يحرث الارض لي وراك ديرلك بير اشربهالك,1,1,True,0.9030016660690308,0.09699833393096924
مخابرات ارهابيه,1,1,True,0.8909595012664795,0.10904049873352051
الكويزينيار ءات اللون الرمادي كم سعرها باربعه عيون للغاز مثل في المتشور البيضاء وهي رماديه,0,0,True,0.031175730749964714,0.9688242692500353
ربي يحفظ بلادنا ولادها ان شاء الله صامدون لمطالبنا عازمون ربي يحرر بلادنا من الخونه,1,1,True,0.9439505338668823,0.056049466133117676
لي ترفد رجليها جاتكوم نورمال ولي يرفد يدو الهه تمنييك مخلط بالمخ تاع لحمار وفيه شويه تمنقيش,1,1,True,0.9918831586837769,0.008116841316223145
خلصها غاليه بوصبع لعقوبه لمطبلين,1,1,True,0.9926417469978333,0.007358253002166748
كنت رقم السحب الاول لقيت روحي القاءمه النهاءيه,0,0,True,0.03074420429766178,0.9692557957023382
حسبنا الله نعم الوكيل فيك,0,0,True,0.011903475038707256,0.9880965249612927
كالهم كامل غير باش يخرج ابنه من الحبس,0,0,True,0.026004495099186897,0.9739955049008131
روحو شوفو المميز تع undefined داير لخرا,1,1,True,0.9925395846366882,0.007460415363311768
خلي ربراب روح معنا ها,1,1,True,0.878383219242096,0.12161678075790405
يلبسو لفالسو كون غير جا الحر,0,0,True,0.012784355320036411,0.9872156446799636
الناس تتصور في الفضاء ونتوما تتصورو بعد ما رحتوا لناس مش حابينكم تجوهم لبلدانهم,0,0,True,0.03276367858052254,0.9672363214194775
مزال فيه ناس تؤمن ان العصابه ستطلق مشاريع تتحسن الاوضاع,0,0,True,0.029491325840353966,0.970508674159646
جازاك اله خيرا,0,0,True,0.010200731456279755,0.9897992685437202
خاوتي لاباج هادي تاع المخبرت اخطاكم,0,0,True,0.2483476847410202,0.7516523152589798
مبروك عليك خويا امير الصحفي الاستقسائي رايحين يهبلو ياخويا ياخويا,0,0,True,0.013236901722848415,0.9867630982771516
خلاص راح نبيعوها تاكل البنزين,0,0,True,0.013815718702971935,0.9861842812970281
اين تعيش انت,0,1,False,0.9430320858955383,0.05696791410446167
روخ تخرا تبيع روحك جال المزيريه لكونت عايشها دوراكم جاي تنتاقم سيادك,1,1,True,0.9938511848449707,0.006148815155029297
نووض هز قلايطك جسم فاني وحياه فانيه يتزوج يخدم قدو قد حالتو مش لازم قاع ديك اشيااء,1,1,True,0.9904741644859314,0.009525835514068604
يا ال🖕بي عنكم حساسيه من مولوديه ربي يجيب الشفا,1,0,False,0.14011695981025696,0.859883040189743
باركا الله فيك,0,0,True,0.008724150247871876,0.9912758497521281
واش من دعاء انا استغفر الله ونسيتها حتى نتفكر الدعاء هذا كامل,0,0,True,0.044420063495635986,0.955579936504364
ممكن اعرف شكل كل اله غسل,0,0,True,0.00929392222315073,0.9907060777768493
فضلكم سعر تلفزيون وهل يوجد سمارت,0,0,True,0.00857669860124588,0.9914233013987541
اصل الحريره هي وهران,0,0,True,0.015999745577573776,0.9840002544224262
اله ينصر الحق,0,0,True,0.010903674177825451,0.9890963258221745
رجع دراهم ماماك 🙄 15 سنه كنت كبير وتبالي كاين وي شعر يااملس ياطري 😂,1,1,True,0.99155592918396,0.008444070816040039
كرهونا راكم تبعوا نيفو ابتداءي ايا راه طلع نيفو رانا نتبعوا صحفي وناشط سياسي وعميل الشعب الجزاءري,0,0,True,0.021618621423840523,0.9783813785761595
لقد تم نشر قائمه الفائزين الكامله فكيف تقسم الهدايا مع العلم اني في المرتبه الاولى في السحب الاول ارجو الرد من فضلكم,0,0,True,0.009286710061132908,0.9907132899388671
ولي يعدم الزنوج ويغلق المساجد💜,0,0,True,0.26591047644615173,0.7340895235538483
حيا اله الصحفي الاستقصاءي امير,0,0,True,0.01483885571360588,0.9851611442863941
نخاف اجاري لعزيز يجي نهار تبغي الطبع تبقاهم كملوا,0,0,True,0.039568353444337845,0.9604316465556622
اله اكون العون,0,0,True,0.06950843334197998,0.93049156665802
قريب امنتك ها,0,1,False,0.961818516254425,0.03818148374557495
الحمد لله 😂,0,0,True,0.009276962839066982,0.990723037160933
كم سعر مكيف,0,0,True,0.00987854041159153,0.9901214595884085
nik matkom ga3,1,1,True,0.9855520129203796,0.014447987079620361
بوتفليقه بومدين كلهم ساهموا في تفريق الشعبين,1,1,True,0.9754770398139954,0.02452296018600464
معباليش وعلاه الناس لي نحبهم لي يقولوا مفمتش ليكومنتار التيك التوك 😭❤️20🔥,0,0,True,0.35770779848098755,0.6422922015190125
الف مبروك خونا امير ديما عقابهم ولاد لحرام,1,0,False,0.21804262697696686,0.7819573730230331
انامنوهرانباخينشريكوزميتر,0,0,True,0.027024880051612854,0.9729751199483871
المشكله الي تحكي عليهم يجيبو طفل والا طفله عادو يجيبو يموت حادثه اختطاف والا جرعه زايده تاع كوكاين ويورثهم الكلب تاعهم لوكان الناس تخم زيك راه انقرض الانسان التفكير السطحي,0,0,True,0.20611371099948883,0.7938862890005112
خليده تومي بوتفلقه بوتفليقه او او شاء اله يتفلق راسك,1,1,True,0.9648886919021606,0.035111308097839355
rbi m3ak,0,1,False,0.6117820143699646,0.3882179856300354
واله اخ عربي ماعجبنيش بصح ملف نعود نتبعك,0,0,True,0.0175178125500679,0.9824821874499321
اعطونا نتوما الوصفه,0,0,True,0.043998658657073975,0.956001341342926
