fpr,tpr
0.0,0.0
0.0,0.00011429877700308607
0.0,0.0006857926620185164
0.0,0.0011429877700308607
0.0,0.0012572865470339468
0.0,0.0016001828780432049
0.0,0.001828780432049377
0.0,0.0022859755400617215
0.0,0.0024002743170648076
0.0,0.0028574694250771515
0.0,0.0032003657560864098
0.0,0.003428963310092582
0.0,0.0037718596411018403
0.0,0.0038861584181049263
0.0,0.004229054749114184
0.0,0.004686249857126529
0.0,0.005143444965138873
0.0,0.0052577437421419595
0.0,0.006286432735169734
0.0,0.006743627843182078
0.0,0.0069722253971882505
0.0,0.007429420505200594
0.0,0.007886615613212938
0.0,0.008000914390216024
0.0,0.008343810721225283
0.0,0.008458109498228368
0.0,0.008801005829237627
0.0,0.009486798491256143
0.0,0.009943993599268487
0.0,0.010515487484283919
0.0,0.01188707280832095
0.0,0.012344267916333295
0.0,0.012687164247342553
0.0,0.012915761801348725
0.0,0.01337295690936107
0.0,0.013715853240370328
0.0,0.013944450794376501
0.0,0.014744542233398102
0.0,0.014973139787404275
0.0,0.01543033489541662
0.0,0.015544633672419705
8.909479686386316e-05,0.015773231226425877
8.909479686386316e-05,0.016116127557435137
8.909479686386316e-05,0.01657332266544748
8.909479686386316e-05,0.01714481655046291
8.909479686386316e-05,0.017373414104469083
8.909479686386316e-05,0.018059206766487597
8.909479686386316e-05,0.01828780432049377
8.909479686386316e-05,0.018744999428506114
8.909479686386316e-05,0.019087895759515375
8.909479686386316e-05,0.019545090867527717
8.909479686386316e-05,0.020230883529546235
8.909479686386316e-05,0.02034518230654932
8.909479686386316e-05,0.02091667619156475
8.909479686386316e-05,0.021145273745570924
8.909479686386316e-05,0.02148817007658018
8.909479686386316e-05,0.022173962738598698
8.909479686386316e-05,0.022859755400617212
8.909479686386316e-05,0.023088352954623387
8.909479686386316e-05,0.0237741456166419
8.909479686386316e-05,0.023888444393644986
8.909479686386316e-05,0.02411704194765116
8.909479686386316e-05,0.024459938278660418
8.909479686386316e-05,0.02468853583266659
8.909479686386316e-05,0.024917133386672764
8.909479686386316e-05,0.025374328494685107
8.909479686386316e-05,0.02583152360269745
8.909479686386316e-05,0.026060121156703624
8.909479686386316e-05,0.02674591381872214
8.909479686386316e-05,0.027203108926734484
8.909479686386316e-05,0.02731740770373757
8.909479686386316e-05,0.027774602811749913
8.909479686386316e-05,0.02846039547376843
8.909479686386316e-05,0.028803291804777687
8.909479686386316e-05,0.029031889358783862
8.909479686386316e-05,0.029146188135786948
8.909479686386316e-05,0.02937478568979312
8.909479686386316e-05,0.029717682020802376
8.909479686386316e-05,0.02994627957480855
8.909479686386316e-05,0.030060578351811636
8.909479686386316e-05,0.030403474682820893
8.909479686386316e-05,0.03086066979083324
8.909479686386316e-05,0.03108926734483941
8.909479686386316e-05,0.03131786489884558
8.909479686386316e-05,0.03154646245285175
8.909479686386316e-05,0.03188935878386101
8.909479686386316e-05,0.0328037489998857
8.909479686386316e-05,0.03314664533089496
8.909479686386316e-05,0.0336038404389073
8.909479686386316e-05,0.03394673676991656
8.909479686386316e-05,0.03440393187792891
8.909479686386316e-05,0.034746828208938166
8.909479686386316e-05,0.03497542576294434
8.909479686386316e-05,0.035318322093953594
8.909479686386316e-05,0.035546919647959765
8.909479686386316e-05,0.03588981597896902
8.909479686386316e-05,0.036232712309978286
8.909479686386316e-05,0.03646130986398446
8.909479686386316e-05,0.036804206194993715
8.909479686386316e-05,0.03726140130300606
8.909479686386316e-05,0.037604297634015314
8.909479686386316e-05,0.03794719396502457
8.909479686386316e-05,0.03863298662704309
8.909479686386316e-05,0.03874728540404618
8.909479686386316e-05,0.03977597439707395
8.909479686386316e-05,0.04000457195108012
8.909479686386316e-05,0.04011887072808321
8.909479686386316e-05,0.040347468282089384
8.909479686386316e-05,0.04069036461309864
8.909479686386316e-05,0.04091896216710481
8.909479686386316e-05,0.04126185849811407
8.909479686386316e-05,0.041376157275117155
8.909479686386316e-05,0.042061949937135676
8.909479686386316e-05,0.04229054749114185
8.909479686386316e-05,0.042862041376157275
8.909479686386316e-05,0.04331923648416962
8.909479686386316e-05,0.04377643159218196
8.909479686386316e-05,0.04400502914618814
8.909479686386316e-05,0.044119327923191225
8.909479686386316e-05,0.044347925477197396
8.909479686386316e-05,0.04446222425420048
8.909479686386316e-05,0.04549091324722825
8.909479686386316e-05,0.0459481083552406
8.909479686386316e-05,0.04606240713224369
8.909479686386316e-05,0.04651960224025603
8.909479686386316e-05,0.046633901017259116
8.909479686386316e-05,0.04697679734826837
8.909479686386316e-05,0.04811978511829924
8.909479686386316e-05,0.04834838267230541
8.909479686386316e-05,0.04880557778031775
8.909479686386316e-05,0.04926277288833009
8.909479686386316e-05,0.049948565550348614
8.909479686386316e-05,0.050177163104354786
8.909479686386316e-05,0.05063435821236713
8.909479686386316e-05,0.0516630472053949
8.909479686386316e-05,0.05189164475940108
8.909479686386316e-05,0.05212024231340725
8.909479686386316e-05,0.05280603497542576
8.909479686386316e-05,0.05314893130643502
8.909479686386316e-05,0.05360612641444736
8.909479686386316e-05,0.05383472396845354
8.909479686386316e-05,0.05429191907646588
8.909479686386316e-05,0.054749114184478226
8.909479686386316e-05,0.05520630929249057
8.909479686386316e-05,0.055320608069493654
8.909479686386316e-05,0.05566350440050291
8.909479686386316e-05,0.05589210195450909
8.909479686386316e-05,0.056234998285518346
8.909479686386316e-05,0.05646359583952452
8.909479686386316e-05,0.056806492170533775
8.909479686386316e-05,0.05714938850154303
8.909479686386316e-05,0.0573779860555492
8.909479686386316e-05,0.057606583609555374
8.909479686386316e-05,0.05772088238655847
8.909479686386316e-05,0.058063778717567724
8.909479686386316e-05,0.05817807749457081
8.909479686386316e-05,0.05840667504857698
8.909479686386316e-05,0.05852097382558007
8.909479686386316e-05,0.05874957137958624
8.909479686386316e-05,0.059092467710595495
8.909479686386316e-05,0.05954966281860784
8.909479686386316e-05,0.059778260372614016
8.909479686386316e-05,0.06000685792662019
8.909479686386316e-05,0.060349754257629444
8.909479686386316e-05,0.06046405303463253
8.909479686386316e-05,0.06092124814264487
8.909479686386316e-05,0.06126414447365413
8.909479686386316e-05,0.0614927420276603
8.909479686386316e-05,0.061835638358669565
8.909479686386316e-05,0.06194993713567265
8.909479686386316e-05,0.06229283346668191
8.909479686386316e-05,0.06252143102068808
8.909479686386316e-05,0.06275002857469425
8.909479686386316e-05,0.06320722368270659
8.909479686386316e-05,0.06332152245970968
8.909479686386316e-05,0.06355012001371585
8.909479686386316e-05,0.06446451022974055
8.909479686386316e-05,0.06469310778374672
8.909479686386316e-05,0.06503600411475598
8.909479686386316e-05,0.06526460166876215
8.909479686386316e-05,0.06617899188478683
8.909479686386316e-05,0.06629329066178992
8.909479686386316e-05,0.06652188821579609
8.909479686386316e-05,0.06686478454680535
8.909479686386316e-05,0.0672076808778146
8.909479686386316e-05,0.06755057720882386
8.909479686386316e-05,0.06777917476283003
8.909479686386316e-05,0.06789347353983312
8.909479686386316e-05,0.06812207109383929
8.909479686386316e-05,0.06846496742484856
8.909479686386316e-05,0.06903646130986399
8.909479686386316e-05,0.06926505886387016
8.909479686386316e-05,0.06949365641787633
8.909479686386316e-05,0.06983655274888559
8.909479686386316e-05,0.07006515030289176
8.909479686386316e-05,0.07063664418790719
8.909479686386316e-05,0.07086524174191336
8.909479686386316e-05,0.07097954051891645
8.909479686386316e-05,0.07120813807292262
8.909479686386316e-05,0.07143673562692879
8.909479686386316e-05,0.07166533318093496
8.909479686386316e-05,0.07200822951194422
8.909479686386316e-05,0.07269402217396274
8.909479686386316e-05,0.073036918504972
8.909479686386316e-05,0.07326551605897817
8.909479686386316e-05,0.07360841238998743
8.909479686386316e-05,0.07417990627500286
8.909479686386316e-05,0.0746371013830152
8.909479686386316e-05,0.07486569893702137
8.909479686386316e-05,0.07532289404503371
8.909479686386316e-05,0.0754371928220368
8.909479686386316e-05,0.07566579037604297
8.909479686386316e-05,0.07600868670705223
0.0001781895937277263,0.07623728426105841
0.0001781895937277263,0.07646588181506458
0.0001781895937277263,0.07669447936907076
0.0001781895937277263,0.07703737570008001
0.0001781895937277263,0.07749457080809236
0.0001781895937277263,0.07760886958509544
0.0001781895937277263,0.07783746713910161
0.0001781895937277263,0.07806606469310778
0.0001781895937277263,0.07852325980112013
0.0001781895937277263,0.07932335124014173
0.0001781895937277263,0.0795519487941479
0.0001781895937277263,0.07966624757115098
0.0001781895937277263,0.08035204023316951
0.0001781895937277263,0.08058063778717568
0.0001781895937277263,0.08103783289518803
0.0001781895937277263,0.0812664304491942
0.0001781895937277263,0.08149502800320037
0.0001781895937277263,0.08183792433420962
0.0001781895937277263,0.0820665218882158
0.0001781895937277263,0.08252371699622814
0.0001781895937277263,0.08263801577323122
0.0001781895937277263,0.0828666133272374
0.0001781895937277263,0.08309521088124357
0.0001781895937277263,0.08332380843524974
0.0001781895937277263,0.08400960109726827
0.0001781895937277263,0.0845810949822837
0.0001781895937277263,0.08526688764430221
0.0001781895937277263,0.08549548519830838
0.0001781895937277263,0.08572408275231455
0.00026728439059158947,0.08572408275231455
0.00026728439059158947,0.08595268030632072
0.00026728439059158947,0.0861812778603269
0.00026728439059158947,0.08663847296833924
0.00026728439059158947,0.08709566807635158
0.00026728439059158947,0.08720996685335466
0.00026728439059158947,0.08755286318436392
0.00026728439059158947,0.08766716196136701
0.0003563791874554526,0.08778146073837009
0.0003563791874554526,0.08789575951537319
0.0003563791874554526,0.08812435706937936
0.0003563791874554526,0.08846725340038862
0.0003563791874554526,0.08869585095439479
0.0003563791874554526,0.08881014973139788
0.0003563791874554526,0.08903874728540405
0.0003563791874554526,0.0893816436164133
0.0003563791874554526,0.08949594239341639
0.0003563791874554526,0.08995313750142873
0.0003563791874554526,0.09006743627843182
0.0003563791874554526,0.09029603383243799
0.0003563791874554526,0.09109612527145959
0.0003563791874554526,0.09132472282546576
0.0003563791874554526,0.09143902160246885
0.0003563791874554526,0.09166761915647502
0.0003563791874554526,0.09258200937249972
0.0003563791874554526,0.09303920448051206
0.0003563791874554526,0.09315350325751515
0.0003563791874554526,0.09383929591953366
0.0003563791874554526,0.09406789347353983
0.0003563791874554526,0.094296491027546
0.0003563791874554526,0.09463938735855526
0.0003563791874554526,0.09486798491256143
0.0003563791874554526,0.09555377757457995
0.0003563791874554526,0.09578237512858613
0.0003563791874554526,0.09612527145959539
0.0003563791874554526,0.09635386901360156
0.0003563791874554526,0.09669676534461082
0.0003563791874554526,0.09703966167562007
0.0003563791874554526,0.09726825922962624
0.0003563791874554526,0.09806835066864784
0.0003563791874554526,0.09875414333066636
0.0003563791874554526,0.09886844210766944
0.0003563791874554526,0.09909703966167561
0.0003563791874554526,0.09955423476968796
0.0003563791874554526,0.09978283232369414
0.0003563791874554526,0.09989713110069723
0.0003563791874554526,0.1001257286547034
0.0003563791874554526,0.100925820093725
0.0003563791874554526,0.10115441764773117
0.0003563791874554526,0.10195450908675277
0.0003563791874554526,0.10218310664075894
0.0003563791874554526,0.1025260029717682
0.0003563791874554526,0.10275460052577437
0.0003563791874554526,0.1042404846268145
0.0003563791874554526,0.10446908218082067
0.0003563791874554526,0.10481197851182993
0.0003563791874554526,0.1050405760658361
0.0003563791874554526,0.10526917361984227
0.0003563791874554526,0.10549777117384844
0.0003563791874554526,0.1058406675048577
0.0003563791874554526,0.10606926505886387
0.0003563791874554526,0.10641216138987313
0.0003563791874554526,0.1066407589438793
0.0003563791874554526,0.10675505772088238
0.0004454739843193158,0.10698365527488855
0.0004454739843193158,0.10721225282889472
0.0004454739843193158,0.10744085038290091
0.0004454739843193158,0.107555149159904
0.0004454739843193158,0.10778374671391017
0.0004454739843193158,0.10789804549091325
0.0004454739843193158,0.10812664304491942
0.0004454739843193158,0.1083552405989256
0.0004454739843193158,0.10858383815293177
0.0004454739843193158,0.10881243570693794
0.0004454739843193158,0.10904103326094411
0.0004454739843193158,0.10938392959195337
0.0004454739843193158,0.10961252714595954
0.0004454739843193158,0.11064121613898731
0.0004454739843193158,0.11086981369299348
0.0004454739843193158,0.11098411246999657
0.0004454739843193158,0.11132700880100582
0.0004454739843193158,0.11212710024002744
0.0004454739843193158,0.11235569779403361
0.0004454739843193158,0.11269859412504286
0.0004454739843193158,0.11338438678706138
0.0004454739843193158,0.11361298434106755
0.0004454739843193158,0.11372728311807064
0.0004454739843193158,0.1139558806720768
0.0004454739843193158,0.11487027088810149
0.0004454739843193158,0.11532746599611385
0.0004454739843193158,0.11544176477311693
0.0004454739843193158,0.1156703623271231
0.0004454739843193158,0.11612755743513545
0.0004454739843193158,0.1164704537661447
0.0004454739843193158,0.11681335009715396
0.0004454739843193158,0.11704194765116013
0.0004454739843193158,0.11818493542119099
0.0004454739843193158,0.11841353297519716
0.0004454739843193158,0.11909932563721568
0.0004454739843193158,0.11932792319122186
0.0004454739843193158,0.11967081952223112
0.0004454739843193158,0.12012801463024346
0.0004454739843193158,0.1205852097382558
0.0004454739843193158,0.12115670362327123
0.0004454739843193158,0.1213853011772774
0.0004454739843193158,0.12149959995428049
0.0004454739843193158,0.12195679506229283
0.0004454739843193158,0.12241399017030517
0.0004454739843193158,0.12264258772431134
0.0004454739843193158,0.12321408160932679
0.0004454739843193158,0.12344267916333296
0.0004454739843193158,0.12401417304834839
0.0004454739843193158,0.12424277060235456
0.0004454739843193158,0.12481426448736999
0.0004454739843193158,0.12504286204137616
0.0004454739843193158,0.12561435592639159
0.0004454739843193158,0.12607155103440393
0.0004454739843193158,0.12755743513544404
0.0004454739843193158,0.1277860326894502
0.0004454739843193158,0.12801463024345638
0.0004454739843193158,0.12824322779746256
0.0004454739843193158,0.12835752657446564
0.0004454739843193158,0.1285861241284718
0.0004454739843193158,0.1287004229054749
0.0004454739843193158,0.1289290204594811
0.0004454739843193158,0.12984341067550578
0.0004454739843193158,0.13007200822951195
0.0004454739843193158,0.13030060578351813
0.0004454739843193158,0.1305292033375243
0.0004454739843193158,0.13075780089153047
0.0004454739843193158,0.13098639844553664
0.0004454739843193158,0.13178648988455824
0.0004454739843193158,0.1320150874385644
0.0004454739843193158,0.13224368499257058
0.0004454739843193158,0.13270088010058292
0.0004454739843193158,0.13315807520859527
0.0004454739843193158,0.13338667276260144
0.0004454739843193158,0.1353297519716539
0.0004454739843193158,0.13555834952566007
0.0004454739843193158,0.13624414218767858
0.0004454739843193158,0.13647273974168475
0.0004454739843193158,0.13681563607269404
0.0004454739843193158,0.1370442336267002
0.0004454739843193158,0.13773002628871872
0.0004454739843193158,0.13818722139673106
0.0004454739843193158,0.13910161161275575
0.0004454739843193158,0.139444507943765
0.0004454739843193158,0.13967310549777118
0.0004454739843193158,0.13990170305177735
0.0004454739843193158,0.1402445993827866
0.0004454739843193158,0.14047319693679278
0.0004454739843193158,0.143444965138873
0.0004454739843193158,0.14367356269287918
0.0004454739843193158,0.14390216024688535
0.0004454739843193158,0.14413075780089152
0.0004454739843193158,0.1445879529089039
0.0004454739843193158,0.14481655046291006
0.0004454739843193158,0.1452737455709224
0.0004454739843193158,0.14550234312492857
0.0004454739843193158,0.14653103211795634
0.0004454739843193158,0.14675962967196252
0.0004454739843193158,0.1468739284489656
0.0004454739843193158,0.14710252600297177
0.0004454739843193158,0.14744542233398103
0.0005345687811831789,0.14744542233398103
0.0005345687811831789,0.14790261744199337
0.0005345687811831789,0.14824551377300263
0.0005345687811831789,0.14870270888101497
0.0005345687811831789,0.14893130643502114
0.0005345687811831789,0.14995999542804891
0.0005345687811831789,0.15018859298205509
0.0005345687811831789,0.1515601783060921
0.0005345687811831789,0.15201737341410446
0.0005345687811831789,0.15247456852211683
0.0005345687811831789,0.1525888672991199
0.0005345687811831789,0.15281746485312608
0.0005345687811831789,0.1533889587381415
0.0005345687811831789,0.15384615384615385
0.0005345687811831789,0.15464624528517545
0.0005345687811831789,0.1549891416161847
0.0005345687811831789,0.15521773917019088
0.0006236635780470421,0.15521773917019088
0.0006236635780470421,0.15533203794719397
0.0006236635780470421,0.15556063550120014
0.0006236635780470421,0.15601783060921248
0.0006236635780470421,0.15624642816321865
0.0006236635780470421,0.15693222082523717
0.0006236635780470421,0.15716081837924334
0.0006236635780470421,0.15853240370328037
0.0006236635780470421,0.15876100125728654
0.0006236635780470421,0.1591038975882958
0.0007127583749109052,0.15933249514230197
0.0007127583749109052,0.15967539147331122
0.0008018531717747684,0.1597896902503143
0.0008018531717747684,0.16001828780432048
0.0008018531717747684,0.16024688535832668
0.0008018531717747684,0.16104697679734828
0.0008018531717747684,0.16127557435135445
0.0008018531717747684,0.16447594010744085
0.0008018531717747684,0.16470453766144702
0.0008018531717747684,0.16516173276945936
0.0008018531717747684,0.1656189278774717
0.0008018531717747684,0.16584752543147788
0.0008018531717747684,0.16607612298548405
0.0008018531717747684,0.16619042176248713
0.0008018531717747684,0.1664190193164933
0.0008018531717747684,0.16756200708652416
0.0008018531717747684,0.16779060464053033
0.0008018531717747684,0.1682477997485427
0.0008018531717747684,0.16847639730254887
0.0008018531717747684,0.16859069607955196
0.0008018531717747684,0.16881929363355813
0.0008018531717747684,0.16927648874157047
0.0008018531717747684,0.16950508629557665
0.0008018531717747684,0.17053377528860442
0.0008018531717747684,0.1707623728426106
0.0008018531717747684,0.1714481655046291
0.0008018531717747684,0.17190536061264144
0.0008018531717747684,0.1722482569436507
0.0008018531717747684,0.17281975082866613
0.0008018531717747684,0.1731626471596754
0.0008018531717747684,0.17339124471368156
0.0008018531717747684,0.17361984226768773
0.0008018531717747684,0.17567722025374327
0.0008909479686386316,0.17567722025374327
0.0008909479686386316,0.17613441536175564
0.0008909479686386316,0.1763630129157618
0.0008909479686386316,0.17762029946279576
0.0008909479686386316,0.17784889701680193
0.0008909479686386316,0.177963195793805
0.0008909479686386316,0.17819179334781118
0.0008909479686386316,0.17853468967882044
0.0008909479686386316,0.1787632872328266
0.0008909479686386316,0.17899188478683278
0.0008909479686386316,0.17922048234083895
0.0008909479686386316,0.17979197622585438
0.0008909479686386316,0.18002057377986055
0.0008909479686386316,0.18013487255686364
0.0008909479686386316,0.1803634701108698
0.0008909479686386316,0.18059206766487598
0.0008909479686386316,0.18082066521888215
0.0008909479686386316,0.1812778603268945
0.0009800427655024947,0.1812778603268945
0.0009800427655024947,0.18150645788090067
0.0009800427655024947,0.18184935421190992
0.0009800427655024947,0.1820779517659161
0.0009800427655024947,0.18264944565093152
0.0009800427655024947,0.1828780432049377
0.0009800427655024947,0.18310664075894387
0.0009800427655024947,0.18333523831295004
0.0009800427655024947,0.1835638358669562
0.0010691375623663579,0.1837924334209624
0.0010691375623663579,0.18744999428506115
0.0010691375623663579,0.18767859183906732
0.0010691375623663579,0.1877928906160704
0.0010691375623663579,0.18802148817007658
0.0010691375623663579,0.18985026860212595
0.0010691375623663579,0.19007886615613212
0.0010691375623663579,0.19087895759515372
0.0010691375623663579,0.1911075551491599
0.0010691375623663579,0.1921362441421877
0.0010691375623663579,0.19236484169619386
0.0010691375623663579,0.19327923191221855
0.001158232359230221,0.19327923191221855
0.001158232359230221,0.19350782946622472
0.001158232359230221,0.1937364270202309
0.001158232359230221,0.19465081723625557
0.001158232359230221,0.19510801234426792
0.001158232359230221,0.195222311121271
0.001158232359230221,0.19545090867527717
0.001158232359230221,0.19556520745228026
0.001158232359230221,0.19590810378328952
0.001158232359230221,0.1960224025602926
0.001158232359230221,0.19636529889130186
0.001158232359230221,0.19670819522231112
0.001158232359230221,0.19716539033032346
0.001158232359230221,0.19727968910732654
0.0012473271560940842,0.19739398788432963
0.0012473271560940842,0.19979426220139446
0.0012473271560940842,0.20002285975540063
0.0012473271560940842,0.20036575608640989
0.0012473271560940842,0.20059435364041606
0.0012473271560940842,0.20128014630243457
0.0012473271560940842,0.20150874385644074
0.0012473271560940842,0.20276603040347468
0.0013364219529579473,0.20276603040347468
0.0013364219529579473,0.2033375242884901
0.0013364219529579473,0.20356612184249628
0.0013364219529579473,0.20379471939650246
0.0013364219529579473,0.20402331695050863
0.0013364219529579473,0.20482340838953023
0.0013364219529579473,0.2050520059435364
0.0013364219529579473,0.20539490227454565
0.0013364219529579473,0.2057377986055549
0.0013364219529579473,0.20859526803063208
0.0013364219529579473,0.20882386558463825
0.0013364219529579473,0.20893816436164134
0.0013364219529579473,0.2092810606926506
0.0013364219529579473,0.2100811521316722
0.0014255167498218105,0.21019545090867528
0.0014255167498218105,0.21053834723968454
0.0015146115466856736,0.21065264601668762
0.0015146115466856736,0.21099554234769688
0.0015146115466856736,0.21122413990170305
0.0015146115466856736,0.2116813350097154
0.0015146115466856736,0.21202423134072465
0.0015146115466856736,0.21213853011772774
0.0015146115466856736,0.2123671276717339
0.0015146115466856736,0.2149959995428049
0.0015146115466856736,0.21522459709681108
0.0016037063435495368,0.21533889587381416
0.0016037063435495368,0.21693907875185736
0.0016037063435495368,0.2173962738598697
0.0016037063435495368,0.21762487141387588
0.0016037063435495368,0.21785346896788205
0.0016037063435495368,0.21796776774488513
0.0016037063435495368,0.2181963652988913
0.0016037063435495368,0.22082523716996227
0.0016037063435495368,0.22116813350097153
0.0016037063435495368,0.2215110298319808
0.0016037063435495368,0.22173962738598696
0.0016037063435495368,0.22265401760201164
0.0016928011404134,0.22265401760201164
0.0016928011404134,0.22459709681106413
0.0016928011404134,0.22551148702708881
0.0016928011404134,0.2263115784661104
0.0016928011404134,0.22654017602011658
0.0016928011404134,0.22676877357412276
0.0016928011404134,0.2272259686821351
0.0016928011404134,0.22894045033718138
0.0016928011404134,0.22916904789118756
0.0016928011404134,0.22928334666819064
0.0016928011404134,0.2295119442221968
0.0016928011404134,0.2296262429991999
0.0016928011404134,0.22985484055320607
0.0016928011404134,0.23076923076923078
0.001781895937277263,0.23076923076923078
0.001781895937277263,0.2353411818493542
0.0018709907341411263,0.2353411818493542
0.0018709907341411263,0.23556977940336038
0.0018709907341411263,0.23579837695736655
0.0018709907341411263,0.23591267573436964
0.0018709907341411263,0.2361412732883758
0.0018709907341411263,0.2362555720653789
0.0018709907341411263,0.23648416961938507
0.0018709907341411263,0.23659846839638815
0.0018709907341411263,0.23682706595039432
0.0018709907341411263,0.23831295005143446
0.0018709907341411263,0.23854154760544063
0.0018709907341411263,0.23899874271345298
0.0019600855310049894,0.23899874271345298
0.0019600855310049894,0.24037032803749
0.0021382751247327157,0.24037032803749
0.0021382751247327157,0.24471368156360726
0.0021382751247327157,0.24494227911761343
0.0021382751247327157,0.2452851754486227
0.0021382751247327157,0.24551377300262886
0.0021382751247327157,0.2460852668876443
0.0021382751247327157,0.24654246199565666
0.0021382751247327157,0.24677105954966283
0.0021382751247327157,0.246999657103669
0.0021382751247327157,0.2479140473196937
0.0021382751247327157,0.24814264487369986
0.0021382751247327157,0.24825694365070294
0.0021382751247327157,0.24848554120470911
0.0021382751247327157,0.24951423019773689
0.002227369921596579,0.24951423019773689
0.002227369921596579,0.25077151674477083
0.002227369921596579,0.251000114298777
0.002227369921596579,0.2519145045148017
0.002227369921596579,0.25214310206880786
0.002227369921596579,0.25374328494685106
0.002227369921596579,0.2539718825008572
0.002227369921596579,0.25522916904789117
0.002227369921596579,0.25545776660189734
0.002227369921596579,0.2567150531489313
0.002227369921596579,0.25694365070293745
0.002227369921596579,0.2575151445879529
0.002227369921596579,0.25774374214195905
0.002227369921596579,0.2584295348039776
0.002227369921596579,0.2586581323579838
0.002227369921596579,0.2611727054520517
0.002227369921596579,0.26140130300605785
0.002227369921596579,0.26620185164018745
0.002227369921596579,0.2664304491941936
0.002227369921596579,0.2672305406332152
0.002316464718460442,0.2672305406332152
0.002316464718460442,0.2690593210652646
0.002316464718460442,0.26928791861927076
0.002316464718460442,0.27626014401645904
0.002316464718460442,0.2764887415704652
0.002316464718460442,0.2839181620756658
0.002405559515324305,0.2839181620756658
0.002405559515324305,0.28666133272373984
0.002405559515324305,0.286889930277746
0.002405559515324305,0.28826151560178304
0.0024946543121881683,0.28826151560178304
0.0024946543121881683,0.28906160704080464
0.0024946543121881683,0.28929020459481086
0.0025837491090520315,0.28929020459481086
0.0025837491090520315,0.28951880214881703
0.002761938702779758,0.28951880214881703
0.002761938702779758,0.29271916790490343
0.002761938702779758,0.2930620642359127
0.002761938702779758,0.29329066178991886
0.002761938702779758,0.29351925934392503
0.002761938702779758,0.2945479483369528
0.002851033499643621,0.2945479483369528
0.002851033499643621,0.3031203566121842
0.002851033499643621,0.3033489541661904
0.002851033499643621,0.3059778260372614
0.002851033499643621,0.30643502114527377
0.002851033499643621,0.30654931992227685
0.002851033499643621,0.306777917476283
0.002851033499643621,0.3083781003543262
0.002851033499643621,0.3086066979083324
0.002851033499643621,0.31134986855640645
0.002851033499643621,0.3115784661104126
0.002851033499643621,0.3132929477654589
0.002851033499643621,0.31363584409646816
0.002851033499643621,0.3159218196365299
0.002940128296507484,0.31603611841353296
0.002940128296507484,0.3198079780546348
0.002940128296507484,0.32003657560864096
0.002940128296507484,0.3203794719396503
0.0030292230933713473,0.3203794719396503
0.0030292230933713473,0.3216367584866842
0.0031183178902352104,0.3216367584866842
0.0031183178902352104,0.3234655389187336
0.0031183178902352104,0.32369413647273976
0.0031183178902352104,0.32918047776888787
0.0031183178902352104,0.32940907532289404
0.0031183178902352104,0.334666819065036
0.0031183178902352104,0.33489541661904215
0.0031183178902352104,0.3430106297862613
0.0032074126870990736,0.3430106297862613
0.0032074126870990736,0.34403931877928906
0.0032965074839629367,0.34403931877928906
0.0032965074839629367,0.349297062521431
0.0032965074839629367,0.3495256600754372
0.0032965074839629367,0.3538690136015545
0.0032965074839629367,0.35409761115556065
0.0032965074839629367,0.36381300720082294
0.0033856022808268,0.36381300720082294
0.0033856022808268,0.363927305977826
0.003474697077690663,0.363927305977826
0.003474697077690663,0.36735626928791865
0.003563791874554526,0.36735626928791865
0.003563791874554526,0.36964224482798036
0.0036528866714183894,0.36964224482798036
0.0036528866714183894,0.3699851411589896
0.0037419814682822525,0.3699851411589896
0.0037419814682822525,0.3719282203680421
0.0038310762651461157,0.3719282203680421
0.0038310762651461157,0.37295690936106984
0.003920171062009979,0.37295690936106984
0.003920171062009979,0.37547148245513773
0.0040092658588738415,0.37547148245513773
0.0040092658588738415,0.3782146531032118
0.004098360655737705,0.3782146531032118
0.004098360655737705,0.3814150188592982
0.004098360655737705,0.38164361641330435
0.004098360655737705,0.3840438907303692
0.004098360655737705,0.3842724882843754
0.004098360655737705,0.3857583723854155
0.004187455452601568,0.3857583723854155
0.004187455452601568,0.3906732197965482
0.0042765502494654314,0.3906732197965482
0.0042765502494654314,0.3913590124585667
0.004365645046329294,0.3913590124585667
0.004365645046329294,0.39181620756657903
0.004365645046329294,0.3920448051205852
0.004365645046329294,0.3951308720996685
0.004454739843193158,0.3951308720996685
0.004454739843193158,0.3987884329637673
0.004454739843193158,0.3990170305177735
0.004454739843193158,0.40473196936792777
0.0045438346400570205,0.40473196936792777
0.0045438346400570205,0.4069036461309864
0.0045438346400570205,0.40713224368499257
0.0045438346400570205,0.40964681677906045
0.004632929436920884,0.40964681677906045
0.004632929436920884,0.41193279231912217
0.004632929436920884,0.41216138987312834
0.004632929436920884,0.41421876785918393
0.004722024233784747,0.41421876785918393
0.004722024233784747,0.4144473654131901
0.00481111903064861,0.4144473654131901
0.00481111903064861,0.4145616641901932
0.004900213827512473,0.4145616641901932
0.004900213827512473,0.41479026174419936
0.004989308624376337,0.41479026174419936
0.004989308624376337,0.41501885929820553
0.004989308624376337,0.4170762372842611
0.005078403421240199,0.4170762372842611
0.005078403421240199,0.41719053606126416
0.005078403421240199,0.41741913361527033
0.005078403421240199,0.41810492627728885
0.005167498218104063,0.41810492627728885
0.005167498218104063,0.4217624871413876
0.005256593014967926,0.4217624871413876
0.005256593014967926,0.426334438221511
0.005256593014967926,0.4265630357755172
0.005256593014967926,0.42919190764658816
0.005256593014967926,0.4294205052005943
0.005345687811831789,0.4294205052005943
0.005345687811831789,0.4326208709566808
0.005434782608695652,0.4326208709566808
0.005434782608695652,0.43296376728769004
0.005434782608695652,0.4331923648416962
0.005434782608695652,0.43456395016573324
0.005523877405559516,0.43456395016573324
0.005523877405559516,0.4350211452737456
0.005612972202423378,0.4350211452737456
0.005612972202423378,0.43684992570579495
0.005702066999287242,0.43684992570579495
0.005702066999287242,0.43913590124585666
0.005791161796151105,0.43913590124585666
0.005791161796151105,0.44245056577894615
0.005880256593014968,0.44245056577894615
0.005880256593014968,0.45022288261515603
0.005969351389878831,0.45022288261515603
0.005969351389878831,0.4511372728311807
0.0060584461867426945,0.4511372728311807
0.0060584461867426945,0.4574237055663504
0.006236635780470421,0.4574237055663504
0.006236635780470421,0.4585666933363813
0.006325730577334284,0.4585666933363813
0.006325730577334284,0.45879529089038745
0.006414825374198147,0.45879529089038745
0.006414825374198147,0.4635958395245171
0.00650392017106201,0.4635958395245171
0.00650392017106201,0.4645102297405418
0.0065930149679258735,0.4645102297405418
0.0065930149679258735,0.46553891873356956
0.006682109764789736,0.46553891873356956
0.006682109764789736,0.46565321751057265
0.0067712045616536,0.46565321751057265
0.0067712045616536,0.47273974168476396
0.0068602993585174625,0.47273974168476396
0.0068602993585174625,0.47788318664990287
0.006949394155381326,0.47788318664990287
0.006949394155381326,0.4783403817579152
0.007038488952245189,0.4783403817579152
0.007038488952245189,0.48131214995999544
0.007127583749109052,0.48131214995999544
0.007127583749109052,0.4816550462910047
0.007127583749109052,0.48188364384501087
0.007127583749109052,0.48359812550005715
0.007216678545972915,0.48359812550005715
0.007216678545972915,0.48588410104011887
0.007216678545972915,0.48611269859412504
0.007216678545972915,0.4864555949251343
0.007305773342836779,0.4864555949251343
0.007305773342836779,0.48908446679620526
0.0073948681397006414,0.48908446679620526
0.0073948681397006414,0.4904560521202423
0.007483962936564505,0.4904560521202423
0.007483962936564505,0.4911418447822608
0.007573057733428368,0.4911418447822608
0.007573057733428368,0.491370442336267
0.007751247327156094,0.491370442336267
0.007751247327156094,0.4921705337752886
0.007751247327156094,0.4923991313292948
0.007751247327156094,0.4925134301062979
0.00792943692088382,0.4925134301062979
0.00792943692088382,0.4931992227683164
0.008018531717747683,0.4931992227683164
0.008018531717747683,0.4955994970853812
0.008107626514611548,0.4955994970853812
0.008107626514611548,0.4971996799634244
0.00819672131147541,0.4971996799634244
0.00819672131147541,0.4973139787404275
0.008285816108339273,0.4973139787404275
0.008285816108339273,0.4978854726254429
0.008374910905203136,0.4978854726254429
0.008374910905203136,0.49857126528746143
0.008464005702066998,0.49857126528746143
0.008464005702066998,0.5009715396045262
0.008553100498930863,0.5009715396045262
0.008553100498930863,0.5058863870156589
0.008642195295794726,0.5058863870156589
0.008642195295794726,0.5102297405417762
0.008731290092658588,0.5102297405417762
0.008731290092658588,0.5105726368727854
0.008820384889522451,0.5105726368727854
0.008820384889522451,0.5106869356497885
0.008909479686386316,0.5106869356497885
0.008909479686386316,0.5116013258658132
0.008998574483250178,0.5116013258658132
0.008998574483250178,0.5119442221968225
0.008998574483250178,0.5121728197508286
0.008998574483250178,0.5149159903989027
0.009087669280114041,0.5149159903989027
0.009087669280114041,0.5152588867299119
0.009176764076977904,0.5152588867299119
0.009176764076977904,0.5157160818379244
0.009265858873841768,0.5157160818379244
0.009265858873841768,0.5167447708309522
0.009265858873841768,0.5169733683849583
0.009265858873841768,0.519145045148017
0.00935495367070563,0.519145045148017
0.00935495367070563,0.5196022402560293
0.009444048467569494,0.5196022402560293
0.009444048467569494,0.5214310206880787
0.009533143264433356,0.5214310206880787
0.009533143264433356,0.5239455937821466
0.00962223806129722,0.5239455937821466
0.00962223806129722,0.5359469653674706
0.009711332858161083,0.5359469653674706
0.009711332858161083,0.5360612641444736
0.009800427655024946,0.5360612641444736
0.009800427655024946,0.5372042519145045
0.009889522451888809,0.5372042519145045
0.009889522451888809,0.5385758372385415
0.009978617248752673,0.5385758372385415
0.009978617248752673,0.5402903188935878
0.010067712045616536,0.5402903188935878
0.010067712045616536,0.5461195565207452
0.010156806842480399,0.5461195565207452
0.010156806842480399,0.5469196479597669
0.010245901639344262,0.5469196479597669
0.010245901639344262,0.5473768430677792
0.010424091233071989,0.5473768430677792
0.010424091233071989,0.5490913247228255
0.010513186029935851,0.5490913247228255
0.010513186029935851,0.549777117384844
0.010602280826799714,0.549777117384844
0.010602280826799714,0.5505772088238656
0.010691375623663579,0.5505772088238656
0.010691375623663579,0.5558349525660076
0.010780470420527441,0.5558349525660076
0.010780470420527441,0.5578923305520631
0.010869565217391304,0.5578923305520631
0.010869565217391304,0.5584638244370785
0.010958660014255167,0.5584638244370785
0.010958660014255167,0.5600640073151217
0.011047754811119031,0.5600640073151217
0.011047754811119031,0.5610926963081495
0.011136849607982894,0.5610926963081495
0.011136849607982894,0.5613212938621557
0.011225944404846757,0.5613212938621557
0.011225944404846757,0.5641787632872328
0.011225944404846757,0.564407360841239
0.011225944404846757,0.5678363241513316
0.01131503920171062,0.5678363241513316
0.01131503920171062,0.5698937021373871
0.011404133998574484,0.5698937021373871
0.011404133998574484,0.5726368727854612
0.011493228795438347,0.5726368727854612
0.011493228795438347,0.5727511715624642
0.01158232359230221,0.5727511715624642
0.01158232359230221,0.5736655617784889
0.011671418389166072,0.5736655617784889
0.011671418389166072,0.5758372385415476
0.011760513186029936,0.5758372385415476
0.011760513186029936,0.5770945250885815
0.0118496079828938,0.5770945250885815
0.0118496079828938,0.5782375128586125
0.011938702779757662,0.5782375128586125
0.011938702779757662,0.5783518116356156
0.012027797576621525,0.5783518116356156
0.012027797576621525,0.581666476168705
0.012116892373485389,0.581666476168705
0.012116892373485389,0.5826951651617328
0.012205987170349252,0.5826951651617328
0.012205987170349252,0.5830380614927421
0.012295081967213115,0.5830380614927421
0.012295081967213115,0.5857812321408161
0.012384176764076977,0.5857812321408161
0.012384176764076977,0.5877243113498686
0.012562366357804704,0.5877243113498686
0.012562366357804704,0.5886387015658933
0.012651461154668567,0.5886387015658933
0.012651461154668567,0.5890958966739056
0.01274055595153243,0.5890958966739056
0.01274055595153243,0.5905817807749457
0.012829650748396294,0.5905817807749457
0.012829650748396294,0.5912675734369642
0.012918745545260157,0.5912675734369642
0.012918745545260157,0.5920676648759858
0.01300784034212402,0.5920676648759858
0.01300784034212402,0.5928677563150074
0.013096935138987882,0.5928677563150074
0.013096935138987882,0.5929820550920105
0.013186029935851747,0.5929820550920105
0.013186029935851747,0.5951537318550691
0.01327512473271561,0.5951537318550691
0.01327512473271561,0.5965253171791062
0.013364219529579472,0.5965253171791062
0.013364219529579472,0.5986969939421648
0.013453314326443335,0.5986969939421648
0.013453314326443335,0.5994970853811864
0.0135424091233072,0.5994970853811864
0.0135424091233072,0.600297176820208
0.013720598717034925,0.600297176820208
0.013720598717034925,0.6015544633672419
0.013809693513898788,0.6015544633672419
0.013809693513898788,0.6020116584752543
0.013898788310762652,0.6020116584752543
0.013898788310762652,0.6023545548062635
0.013987883107626515,0.6023545548062635
0.013987883107626515,0.6030403474682821
0.014076977904490378,0.6030403474682821
0.014076977904490378,0.6060121156703623
0.01416607270135424,0.6060121156703623
0.01416607270135424,0.6086409875414333
0.014344262295081968,0.6086409875414333
0.014344262295081968,0.6102411704194766
0.01443335709194583,0.6102411704194766
0.01443335709194583,0.610812664304492
0.014522451888809693,0.610812664304492
0.014522451888809693,0.6126414447365414
0.014611546685673557,0.6126414447365414
0.014611546685673557,0.6129843410675506
0.01470064148253742,0.6129843410675506
0.01470064148253742,0.613441536175563
0.014789736279401283,0.613441536175563
0.014789736279401283,0.6140130300605784
0.014878831076265146,0.6140130300605784
0.014878831076265146,0.6151560178306092
0.01496792587312901,0.6151560178306092
0.01496792587312901,0.6160704080466339
0.015057020669992873,0.6160704080466339
0.015057020669992873,0.6165276031546463
0.015146115466856735,0.6165276031546463
0.015146115466856735,0.6170990970396617
0.015235210263720598,0.6170990970396617
0.015235210263720598,0.6183563835866956
0.015324305060584463,0.6183563835866956
0.015324305060584463,0.6225854383358098
0.015413399857448325,0.6225854383358098
0.015413399857448325,0.62555720653789
0.015502494654312188,0.62555720653789
0.015502494654312188,0.6261287004229055
0.01559158945117605,0.6261287004229055
0.01559158945117605,0.6264715967539147
0.015680684248039915,0.6264715967539147
0.015680684248039915,0.6265858955309178
0.015769779044903776,0.6265858955309178
0.015769779044903776,0.6271573894159332
0.01585887384176764,0.6271573894159332
0.01585887384176764,0.6272716881929363
0.015947968638631505,0.6272716881929363
0.015947968638631505,0.6276145845239456
0.01612615823235923,0.6276145845239456
0.01612615823235923,0.6283003771859641
0.016215253029223095,0.6283003771859641
0.016215253029223095,0.629557663732998
0.016304347826086956,0.629557663732998
0.016304347826086956,0.6300148588410104
0.01639344262295082,0.6300148588410104
0.01639344262295082,0.6305863527260258
0.01648253741981468,0.6305863527260258
0.01648253741981468,0.6327580294890844
0.016571632216678546,0.6327580294890844
0.016571632216678546,0.6332152245970968
0.01666072701354241,0.6332152245970968
0.01666072701354241,0.6350440050291462
0.01674982181040627,0.6350440050291462
0.01674982181040627,0.6353869013601554
0.016838916607270136,0.6353869013601554
0.016838916607270136,0.6358440964681678
0.016928011404133997,0.6358440964681678
0.016928011404133997,0.636186992799177
0.01701710620099786,0.636186992799177
0.01701710620099786,0.6366441879071894
0.017195295794725587,0.6366441879071894
0.017195295794725587,0.6382443707852326
0.01728439059158945,0.6382443707852326
0.01728439059158945,0.6383586695622356
0.017373485388453316,0.6383586695622356
0.017373485388453316,0.6384729683392387
0.017462580185317177,0.6384729683392387
0.017462580185317177,0.6407589438793005
0.01755167498218104,0.6407589438793005
0.01755167498218104,0.642702023088353
0.017640769779044902,0.642702023088353
0.017640769779044902,0.6429306206423592
0.017729864575908767,0.6429306206423592
0.017729864575908767,0.6436164133043777
0.01781895937277263,0.6436164133043777
0.01781895937277263,0.6444165047433993
0.017908054169636492,0.6444165047433993
0.017908054169636492,0.6446451022974055
0.017997148966500356,0.6446451022974055
0.017997148966500356,0.6447594010744085
0.018175338560228082,0.6447594010744085
0.018175338560228082,0.6448736998514116
0.018353528153955807,0.6448736998514116
0.018353528153955807,0.6463595839524517
0.018531717747683536,0.6463595839524517
0.018531717747683536,0.6469310778374672
0.018620812544547397,0.6469310778374672
0.018620812544547397,0.6476168704994857
0.01870990734141126,0.6476168704994857
0.01870990734141126,0.6494456509315351
0.018799002138275126,0.6494456509315351
0.018799002138275126,0.6500171448165505
0.018888096935138987,0.6500171448165505
0.018888096935138987,0.650702937478569
0.019155381325730577,0.650702937478569
0.019155381325730577,0.6513887301405875
0.01924447612259444,0.6513887301405875
0.01924447612259444,0.6521888215796091
0.019333570919458302,0.6521888215796091
0.019333570919458302,0.6535604069036461
0.019422665716322167,0.6535604069036461
0.019422665716322167,0.6539033032346554
0.01951176051318603,0.6539033032346554
0.01951176051318603,0.6543604983426677
0.019600855310049892,0.6543604983426677
0.019600855310049892,0.6553891873356955
0.019779044903777618,0.6553891873356955
0.019779044903777618,0.6556177848897017
0.019868139700641482,0.6556177848897017
0.019868139700641482,0.6565321751057264
0.019957234497505347,0.6565321751057264
0.019957234497505347,0.6580180592067665
0.020046329294369208,0.6580180592067665
0.020046329294369208,0.6585895530917819
0.020135424091233072,0.6585895530917819
0.020135424091233072,0.6590467481997943
0.020402708481824662,0.6590467481997943
0.020402708481824662,0.6591610469767973
0.020491803278688523,0.6591610469767973
0.020491803278688523,0.6605326323008344
0.020580898075552388,0.6605326323008344
0.020580898075552388,0.6609898274088467
0.020669992872416252,0.6609898274088467
0.020669992872416252,0.6611041261858498
0.020848182466143977,0.6611041261858498
0.020848182466143977,0.6628186078408961
0.020937277263007842,0.6628186078408961
0.020937277263007842,0.6638472968339239
0.021026372059871703,0.6638472968339239
0.021026372059871703,0.6639615956109269
0.021115466856735567,0.6639615956109269
0.021115466856735567,0.6643044919419362
0.02120456165359943,0.6643044919419362
0.02120456165359943,0.6644187907189393
0.021293656450463293,0.6644187907189393
0.021293656450463293,0.6645330894959424
0.021382751247327157,0.6645330894959424
0.021382751247327157,0.6652188821579609
0.021471846044191018,0.6652188821579609
0.021471846044191018,0.6657903760429763
0.021560940841054883,0.6657903760429763
0.021560940841054883,0.6664761687049948
0.021650035637918747,0.6664761687049948
0.021650035637918747,0.6673905589210195
0.021739130434782608,0.6673905589210195
0.021739130434782608,0.6689907417990627
0.021828225231646473,0.6689907417990627
0.021828225231646473,0.669447936907075
0.021917320028510334,0.669447936907075
0.021917320028510334,0.6699051320150874
0.022006414825374198,0.6699051320150874
0.022006414825374198,0.6700194307920905
0.022095509622238062,0.6700194307920905
0.022095509622238062,0.6701337295690936
0.022184604419101923,0.6701337295690936
0.022184604419101923,0.6708195222311121
0.022362794012829652,0.6708195222311121
0.022362794012829652,0.6726483026631616
0.022451888809693513,0.6726483026631616
0.022451888809693513,0.673219796548177
0.022808267997148968,0.673219796548177
0.022808267997148968,0.6735626928791862
0.02289736279401283,0.6735626928791862
0.02289736279401283,0.6761915647502572
0.022986457590876693,0.6761915647502572
0.022986457590876693,0.6763058635272603
0.023075552387740558,0.6763058635272603
0.023075552387740558,0.6779060464053035
0.02316464718460442,0.6779060464053035
0.02316464718460442,0.6795062292833467
0.023253741981468283,0.6795062292833467
0.023253741981468283,0.679963424391359
0.023342836778332144,0.679963424391359
0.023342836778332144,0.6800777231683621
0.02343193157519601,0.6800777231683621
0.02343193157519601,0.6801920219453652
0.023610121168923734,0.6801920219453652
0.023610121168923734,0.6804206194993714
0.0236992159657876,0.6804206194993714
0.0236992159657876,0.6805349182763745
0.023877405559515324,0.6805349182763745
0.023877405559515324,0.6808778146073837
0.02396650035637919,0.6808778146073837
0.02396650035637919,0.6827065950394331
0.024144689950106914,0.6827065950394331
0.024144689950106914,0.6832780889244485
0.024233784746970778,0.6832780889244485
0.024233784746970778,0.6844210766944794
0.02432287954383464,0.6844210766944794
0.02432287954383464,0.6845353754714825
0.024411974340698504,0.6845353754714825
0.024411974340698504,0.6848782718024917
0.024501069137562368,0.6848782718024917
0.024501069137562368,0.6857926620185164
0.02459016393442623,0.6857926620185164
0.02459016393442623,0.686592753457538
0.024768353528153954,0.686592753457538
0.024768353528153954,0.6883072351125843
0.02485744832501782,0.6883072351125843
0.02485744832501782,0.6891073265516059
0.024946543121881683,0.6891073265516059
0.024946543121881683,0.6901360155446337
0.025035637918745544,0.6901360155446337
0.025035637918745544,0.6904789118756429
0.02512473271560941,0.6904789118756429
0.02512473271560941,0.6915076008686707
0.02521382751247327,0.6915076008686707
0.02521382751247327,0.69185049719968
0.025302922309337134,0.69185049719968
0.025302922309337134,0.6921933935306892
0.025392017106201,0.6921933935306892
0.025392017106201,0.6923076923076923
0.02548111190306486,0.6923076923076923
0.02548111190306486,0.6934506800777231
0.025570206699928724,0.6934506800777231
0.025570206699928724,0.6939078751857355
0.02574839629365645,0.6939078751857355
0.02574839629365645,0.6940221739627386
0.025837491090520314,0.6940221739627386
0.025837491090520314,0.6944793690707509
0.025926585887384175,0.6944793690707509
0.025926585887384175,0.6963081495028003
0.02601568068424804,0.6963081495028003
0.02601568068424804,0.6973368384958281
0.026104775481111904,0.6973368384958281
0.026104775481111904,0.6975654360498342
0.026193870277975765,0.6975654360498342
0.026193870277975765,0.6976797348268373
0.02628296507483963,0.6976797348268373
0.02628296507483963,0.6981369299348497
0.026372059871703494,0.6981369299348497
0.026372059871703494,0.6990513201508743
0.026461154668567355,0.6990513201508743
0.026461154668567355,0.6991656189278774
0.02663934426229508,0.6991656189278774
0.02663934426229508,0.6992799177048805
0.02690662865288667,0.6992799177048805
0.02690662865288667,0.6995085152588867
0.026995723449750535,0.6995085152588867
0.026995723449750535,0.7003086066979083
0.0270848182466144,0.7003086066979083
0.0270848182466144,0.7013372956909361
0.02717391304347826,0.7013372956909361
0.02717391304347826,0.7015658932449422
0.027263007840342125,0.7015658932449422
0.027263007840342125,0.7029374785689793
0.027352102637205986,0.7029374785689793
0.027352102637205986,0.7030517773459823
0.027530292230933714,0.7030517773459823
0.027530292230933714,0.7032803748999886
0.027619387027797575,0.7032803748999886
0.027619387027797575,0.7033946736769917
0.027797576621525304,0.7033946736769917
0.027797576621525304,0.7046519602240257
0.027886671418389165,0.7046519602240257
0.027886671418389165,0.7048805577780318
0.02797576621525303,0.7048805577780318
0.02797576621525303,0.7053377528860442
0.02806486101211689,0.7053377528860442
0.02806486101211689,0.7059092467710596
0.028153955808980755,0.7059092467710596
0.028153955808980755,0.7060235455480627
0.028421240199572345,0.7060235455480627
0.028421240199572345,0.7061378443250658
0.02859942979330007,0.7061378443250658
0.02859942979330007,0.7067093382100812
0.028688524590163935,0.7067093382100812
0.028688524590163935,0.7072808320950966
0.028777619387027796,0.7072808320950966
0.028777619387027796,0.7076237284261059
0.02886671418389166,0.7076237284261059
0.02886671418389166,0.7083095210881244
0.029044903777619386,0.7083095210881244
0.029044903777619386,0.7085381186421306
0.029223093371347115,0.7085381186421306
0.029223093371347115,0.7088810149731398
0.029312188168210976,0.7088810149731398
0.029312188168210976,0.7092239113041491
0.02940128296507484,0.7092239113041491
0.02940128296507484,0.7094525088581553
0.029579472558802566,0.7094525088581553
0.029579472558802566,0.7095668076351583
0.02966856735566643,0.7095668076351583
0.02966856735566643,0.7115098868442108
0.02975766215253029,0.7115098868442108
0.02975766215253029,0.711738484398217
0.029846756949394156,0.711738484398217
0.029846756949394156,0.7120813807292262
0.02993585174625802,0.7120813807292262
0.02993585174625802,0.7125385758372386
0.030114041339985746,0.7125385758372386
0.030114041339985746,0.7132243684992571
0.030203136136849607,0.7132243684992571
0.030203136136849607,0.7134529660532632
0.03029223093371347,0.7134529660532632
0.03029223093371347,0.7142530574922848
0.030470420527441196,0.7142530574922848
0.030470420527441196,0.7145959538232941
0.03055951532430506,0.7145959538232941
0.03055951532430506,0.7152817464853126
0.030648610121168925,0.7152817464853126
0.030648610121168925,0.7156246428163219
0.030737704918032786,0.7156246428163219
0.030737704918032786,0.7160818379243342
0.03082679971489665,0.7160818379243342
0.03082679971489665,0.7176820208023774
0.030915894511760512,0.7176820208023774
0.030915894511760512,0.7187107097954052
0.0311831789023521,0.7187107097954052
0.0311831789023521,0.7190536061264144
0.03162865288667142,0.7190536061264144
0.03162865288667142,0.7192822036804206
0.03171774768353528,0.7192822036804206
0.03171774768353528,0.7201965938964453
0.031806842480399146,0.7201965938964453
0.031806842480399146,0.72111098411247
0.03189593727726301,0.72111098411247
0.03189593727726301,0.7213395816664762
0.03198503207412687,0.7213395816664762
0.03198503207412687,0.7215681792204823
0.03207412687099073,0.7215681792204823
0.03207412687099073,0.7219110755514916
0.03225231646471846,0.7219110755514916
0.03225231646471846,0.7223682706595039
0.032341411261582326,0.7223682706595039
0.032341411261582326,0.722482569436507
0.03243050605844619,0.722482569436507
0.03243050605844619,0.7227111669905132
0.03251960085531005,0.7227111669905132
0.03251960085531005,0.7232826608755286
0.03260869565217391,0.7232826608755286
0.03260869565217391,0.7233969596525317
0.03269779044903778,0.7233969596525317
0.03269779044903778,0.7245399474225626
0.03278688524590164,0.7245399474225626
0.03278688524590164,0.7253400388615842
0.032875980042765506,0.7253400388615842
0.032875980042765506,0.7262544290776088
0.03296507483962936,0.7262544290776088
0.03296507483962936,0.7265973254086181
0.03305416963649323,0.7265973254086181
0.03305416963649323,0.7270545205166304
0.03314326443335709,0.7270545205166304
0.03314326443335709,0.7273974168476397
0.033232359230220956,0.7273974168476397
0.033232359230220956,0.7279689107326551
0.03349964362081254,0.7279689107326551
0.03349964362081254,0.7285404046176706
0.03358873841767641,0.7285404046176706
0.03358873841767641,0.7287690021716767
0.03367783321454027,0.7287690021716767
0.03367783321454027,0.7297976911647045
0.033766928011404136,0.7297976911647045
0.033766928011404136,0.7301405874957138
0.03394511760513186,0.7301405874957138
0.03394511760513186,0.7308263801577323
0.03403421240199572,0.7308263801577323
0.03403421240199572,0.7310549777117384
0.03412330719885959,0.7310549777117384
0.03412330719885959,0.7316264715967539
0.03421240199572345,0.7316264715967539
0.03421240199572345,0.73185506915076
0.034301496792587316,0.73185506915076
0.034301496792587316,0.7320836667047662
0.034390591589451174,0.7320836667047662
0.034390591589451174,0.7324265630357755
0.03465787598004277,0.7324265630357755
0.03465787598004277,0.7341410446908218
0.03474697077690663,0.7341410446908218
0.03474697077690663,0.7353983312378558
0.03501425516749822,0.7353983312378558
0.03501425516749822,0.7359698251228712
0.03510334996436208,0.7359698251228712
0.03510334996436208,0.7363127214538805
0.03519244476122595,0.7363127214538805
0.03519244476122595,0.7365413190078867
0.035281539558089804,0.7365413190078867
0.035281539558089804,0.7366556177848897
0.03537063435495367,0.7366556177848897
0.03537063435495367,0.736998514115899
0.0355488239486814,0.736998514115899
0.0355488239486814,0.7371128128929021
0.03563791874554526,0.7371128128929021
0.03563791874554526,0.7373414104469083
0.035727013542409126,0.7373414104469083
0.035727013542409126,0.7385986969939422
0.035816108339272984,0.7385986969939422
0.035816108339272984,0.7390558921019545
0.03590520313613685,0.7390558921019545
0.03590520313613685,0.7395130872099669
0.03599429793300071,0.7395130872099669
0.03599429793300071,0.7407703737570008
0.03608339272986458,0.7407703737570008
0.03608339272986458,0.7408846725340039
0.03617248752672844,0.7408846725340039
0.03617248752672844,0.7412275688650132
0.0362615823235923,0.7412275688650132
0.0362615823235923,0.7421419590810379
0.03643977191732003,0.7421419590810379
0.03643977191732003,0.7428277517430564
0.03652886671418389,0.7428277517430564
0.03652886671418389,0.7430563492970625
0.03679615110477548,0.7430563492970625
0.03679615110477548,0.7457995199451366
0.036885245901639344,0.7457995199451366
0.036885245901639344,0.746371013830152
0.03697434069850321,0.746371013830152
0.03697434069850321,0.7465996113841582
0.037241625089094794,0.7465996113841582
0.037241625089094794,0.7467139101611613
0.03741981468282252,0.7467139101611613
0.03741981468282252,0.7470568064921705
0.03750890947968639,0.7470568064921705
0.03750890947968639,0.7480854954851983
0.03759800427655025,0.7480854954851983
0.03759800427655025,0.7481997942622014
0.037776193870277974,0.7481997942622014
0.037776193870277974,0.7483140930392045
0.0379543834640057,0.7483140930392045
0.0379543834640057,0.75037147102526
0.03804347826086957,0.75037147102526
0.03804347826086957,0.7507143673562693
0.038132573057733425,0.7507143673562693
0.038132573057733425,0.7515144587952909
0.03822166785459729,0.7515144587952909
0.03822166785459729,0.751628757572294
0.038310762651461154,0.751628757572294
0.038310762651461154,0.7528860441193279
0.03848895224518888,0.7528860441193279
0.03848895224518888,0.753000342896331
0.038667141838916605,0.753000342896331
0.038667141838916605,0.7538004343353526
0.03875623663578047,0.7538004343353526
0.03875623663578047,0.7548291233283804
0.038845331432644334,0.7548291233283804
0.038845331432644334,0.7554006172133958
0.0389344262295082,0.7554006172133958
0.0389344262295082,0.755743513544405
0.03902352102637206,0.755743513544405
0.03902352102637206,0.7558578123214081
0.03911261582323592,0.7558578123214081
0.03911261582323592,0.7560864098754143
0.03929080541696365,0.7560864098754143
0.03929080541696365,0.7566579037604297
0.039379900213827514,0.7566579037604297
0.039379900213827514,0.758372385415476
0.0396471846044191,0.758372385415476
0.0396471846044191,0.7590581780774945
0.03982537419814683,0.7590581780774945
0.03982537419814683,0.7592867756315007
0.040270848182466144,0.7592867756315007
0.040270848182466144,0.75962967196251
0.04053813257305773,0.75962967196251
0.04053813257305773,0.7598582695165161
0.04071632216678546,0.7598582695165161
0.04071632216678546,0.7600868670705223
0.040805416963649324,0.7600868670705223
0.040805416963649324,0.7614584523945593
0.04089451176051319,0.7614584523945593
0.04089451176051319,0.7615727511715624
0.040983606557377046,0.7615727511715624
0.040983606557377046,0.7628300377185964
0.04107270135424091,0.7628300377185964
0.04107270135424091,0.7629443364955995
0.041518175338560226,0.7629443364955995
0.041518175338560226,0.7631729340496056
0.04160727013542409,0.7631729340496056
0.04160727013542409,0.7632872328266087
0.041696364932287955,0.7632872328266087
0.041696364932287955,0.7640873242656303
0.041874554526015684,0.7640873242656303
0.041874554526015684,0.7645445193736427
0.04196364932287954,0.7645445193736427
0.04196364932287954,0.7647731169276488
0.042052744119743406,0.7647731169276488
0.042052744119743406,0.7648874157046519
0.04214183891660727,0.7648874157046519
0.04214183891660727,0.7653446108126642
0.042230933713471135,0.7653446108126642
0.042230933713471135,0.7654589095896673
0.042320028510335,0.7654589095896673
0.042320028510335,0.7659161046976798
0.04240912330719886,0.7659161046976798
0.04240912330719886,0.7663732998056921
0.04249821810406272,0.7663732998056921
0.04249821810406272,0.7668304949137045
0.042587312900926586,0.7668304949137045
0.042587312900926586,0.7669447936907076
0.04267640769779045,0.7669447936907076
0.04267640769779045,0.7670590924677106
0.042765502494654314,0.7670590924677106
0.042765502494654314,0.767516287575723
0.04285459729151817,0.767516287575723
0.04285459729151817,0.7687735741227569
0.0430327868852459,0.7687735741227569
0.0430327868852459,0.7690021716767631
0.04321097647897363,0.7690021716767631
0.04321097647897363,0.7694593667847754
0.043300071275837494,0.7694593667847754
0.043300071275837494,0.770259458223797
0.04338916607270135,0.770259458223797
0.04338916607270135,0.7707166533318094
0.043478260869565216,0.7707166533318094
0.043478260869565216,0.7723168362098526
0.04356735566642908,0.7723168362098526
0.04356735566642908,0.7725454337638588
0.04374554526015681,0.7725454337638588
0.04374554526015681,0.7730026288718711
0.04383464005702067,0.7730026288718711
0.04383464005702067,0.7735741227568865
0.044191019244476125,0.7735741227568865
0.044191019244476125,0.7747171105269174
0.04463649322879544,0.7747171105269174
0.04463649322879544,0.7748314093039205
0.044725588025659305,0.7748314093039205
0.044725588025659305,0.7757457995199452
0.04481468282252316,0.7757457995199452
0.04481468282252316,0.7766601897359698
0.04490377761938703,0.7766601897359698
0.04490377761938703,0.7767744885129729
0.04499287241625089,0.7767744885129729
0.04499287241625089,0.7770030860669791
0.04517106200997862,0.7770030860669791
0.04517106200997862,0.7772316836209853
0.04534925160370634,0.7772316836209853
0.04534925160370634,0.7774602811749914
0.045438346400570206,0.7774602811749914
0.045438346400570206,0.7778031775060007
0.045616535994297935,0.7778031775060007
0.045616535994297935,0.7783746713910161
0.04570563079116179,0.7783746713910161
0.04570563079116179,0.779517659161047
0.04579472558802566,0.779517659161047
0.04579472558802566,0.7813464395930964
0.045972915181753386,0.7813464395930964
0.045972915181753386,0.7814607383700994
0.04606200997861725,0.7814607383700994
0.04606200997861725,0.7820322322551149
0.04624019957234497,0.7820322322551149
0.04624019957234497,0.782146531032118
0.04632929436920884,0.782146531032118
0.04632929436920884,0.7826037261401303
0.0464183891660727,0.7826037261401303
0.0464183891660727,0.7827180249171334
0.04659657875980043,0.7827180249171334
0.04659657875980043,0.7831752200251457
0.04677476835352815,0.7831752200251457
0.04677476835352815,0.7834038175791519
0.04686386315039202,0.7834038175791519
0.04686386315039202,0.7836324151331581
0.04695295794725588,0.7836324151331581
0.04695295794725588,0.7839753114641673
0.047042052744119746,0.7839753114641673
0.047042052744119746,0.7840896102411704
0.0471311475409836,0.7840896102411704
0.0471311475409836,0.7845468053491828
0.04722024233784747,0.7845468053491828
0.04722024233784747,0.7846611041261858
0.0473984319315752,0.7846611041261858
0.0473984319315752,0.7850040004571951
0.047576621525302926,0.7850040004571951
0.047576621525302926,0.7853468967882044
0.04766571632216678,0.7853468967882044
0.04766571632216678,0.7856897931192136
0.04775481111903065,0.7856897931192136
0.04775481111903065,0.7860326894502229
0.04784390591589451,0.7860326894502229
0.04784390591589451,0.7867184821122414
0.04793300071275838,0.7867184821122414
0.04793300071275838,0.7872899759972568
0.04820028510334996,0.7872899759972568
0.04820028510334996,0.787518573551263
0.04837847469707769,0.787518573551263
0.04837847469707769,0.7879757686592753
0.048467569493941556,0.7879757686592753
0.048467569493941556,0.7883186649902846
0.048556664290805414,0.7883186649902846
0.048556664290805414,0.7886615613212938
0.04864575908766928,0.7886615613212938
0.04864575908766928,0.7887758600982969
0.049091233071988594,0.7887758600982969
0.049091233071988594,0.7898045490913247
0.04918032786885246,0.7898045490913247
0.04918032786885246,0.7899188478683278
0.04926942266571632,0.7899188478683278
0.04926942266571632,0.7907189393073494
0.04935851746258019,0.7907189393073494
0.04935851746258019,0.7910618356383586
0.04944761225944405,0.7910618356383586
0.04944761225944405,0.7911761344153617
0.04953670705630791,0.7911761344153617
0.04953670705630791,0.7912904331923648
0.04971489665003564,0.7912904331923648
0.04971489665003564,0.7914047319693679
0.05007127583749109,0.7914047319693679
0.05007127583749109,0.791519030746371
0.05033856022808268,0.791519030746371
0.05033856022808268,0.7918619270773802
0.05042765502494654,0.7918619270773802
0.05042765502494654,0.7923191221853926
0.050516749821810404,0.7923191221853926
0.050516749821810404,0.7925477197393987
0.05069493941553813,0.7925477197393987
0.05069493941553813,0.7934621099554234
0.050784034212402,0.7934621099554234
0.050784034212402,0.7938050062864327
0.05087312900926586,0.7938050062864327
0.05087312900926586,0.7939193050634358
0.05096222380612972,0.7939193050634358
0.05096222380612972,0.7944907989484512
0.051051318602993584,0.7944907989484512
0.051051318602993584,0.7948336952794605
0.05131860299358518,0.7948336952794605
0.05131860299358518,0.7949479940564635
0.0514967925873129,0.7949479940564635
0.0514967925873129,0.7950622928334666
0.051585887384176764,0.7950622928334666
0.051585887384176764,0.7952908903874728
0.05167498218104063,0.7952908903874728
0.05167498218104063,0.795519487941479
0.05185317177476835,0.795519487941479
0.05185317177476835,0.7962052806034975
0.051942266571632215,0.7962052806034975
0.051942266571632215,0.7964338781575037
0.052120456165359944,0.7964338781575037
0.052120456165359944,0.7968910732655161
0.05229864575908767,0.7968910732655161
0.05229864575908767,0.7970053720425192
0.05238774055595153,0.7970053720425192
0.05238774055595153,0.7972339695965254
0.052476835352815394,0.7972339695965254
0.052476835352815394,0.7978054634815408
0.05265502494654312,0.7978054634815408
0.05265502494654312,0.7979197622585439
0.05274411974340699,0.7979197622585439
0.05274411974340699,0.7982626585895531
0.05292230933713471,0.7982626585895531
0.05292230933713471,0.7983769573665562
0.05327868852459016,0.7983769573665562
0.05327868852459016,0.7984912561435593
0.05345687811831789,0.7984912561435593
0.05345687811831789,0.7988341524745686
0.053545972915181754,0.7988341524745686
0.053545972915181754,0.7990627500285747
0.05363506771204562,0.7990627500285747
0.05363506771204562,0.7991770488055778
0.05372416250890948,0.7991770488055778
0.05372416250890948,0.799405646359584
0.05381325730577334,0.799405646359584
0.05381325730577334,0.7996342439135902
0.05399144689950107,0.7996342439135902
0.05399144689950107,0.7998628414675963
0.054080541696364934,0.7998628414675963
0.054080541696364934,0.8003200365756087
0.0541696364932288,0.8003200365756087
0.0541696364932288,0.800777231683621
0.05452601568068425,0.800777231683621
0.05452601568068425,0.8013487255686365
0.054793300071275836,0.8013487255686365
0.054793300071275836,0.802148817007658
0.054971489665003564,0.802148817007658
0.054971489665003564,0.8026060121156704
0.05506058446186743,0.8026060121156704
0.05506058446186743,0.8029489084466797
0.05523877405559515,0.8029489084466797
0.05523877405559515,0.8032918047776889
0.05541696364932288,0.8032918047776889
0.05541696364932288,0.8036347011086982
0.055506058446186744,0.8036347011086982
0.055506058446186744,0.8039775974397074
0.05559515324305061,0.8039775974397074
0.05559515324305061,0.8042061949937136
0.055684248039914466,0.8042061949937136
0.055684248039914466,0.8044347925477198
0.055862437633642195,0.8044347925477198
0.055862437633642195,0.8045490913247229
0.056040627227369924,0.8045490913247229
0.056040627227369924,0.8050062864327352
0.05612972202423378,0.8050062864327352
0.05612972202423378,0.8056920790947537
0.056218816821097646,0.8056920790947537
0.056218816821097646,0.8059206766487599
0.056575196008553104,0.8059206766487599
0.056575196008553104,0.806034975425763
0.05666429080541696,0.806034975425763
0.05666429080541696,0.8064921705337753
0.056753385602280826,0.8064921705337753
0.056753385602280826,0.8066064693107784
0.05684248039914469,0.8066064693107784
0.05684248039914469,0.8068350668647846
0.05702066999287242,0.8068350668647846
0.05702066999287242,0.8069493656417877
0.05710976478973628,0.8069493656417877
0.05710976478973628,0.8070636644187907
0.05719885958660014,0.8070636644187907
0.05719885958660014,0.8085495485198309
0.057287954383464006,0.8085495485198309
0.057287954383464006,0.8088924448508401
0.05764433357091946,0.8088924448508401
0.05764433357091946,0.8091210424048463
0.057822523164647185,0.8091210424048463
0.057822523164647185,0.8094639387358555
0.058000712758374914,0.8094639387358555
0.058000712758374914,0.8095782375128586
0.05808980755523877,0.8095782375128586
0.05808980755523877,0.8099211338438679
0.058178902352102636,0.8099211338438679
0.058178902352102636,0.810149731397874
0.0582679971489665,0.810149731397874
0.0582679971489665,0.8109498228368957
0.05862437633642195,0.8109498228368957
0.05862437633642195,0.8110641216138987
0.058713471133285816,0.8110641216138987
0.058713471133285816,0.8111784203909018
0.05880256593014968,0.8111784203909018
0.05880256593014968,0.811407017944908
0.058891660727013545,0.811407017944908
0.058891660727013545,0.8115213167219111
0.0589807555238774,0.8115213167219111
0.0589807555238774,0.8116356154989142
0.05915894511760513,0.8116356154989142
0.05915894511760513,0.8118642130529203
0.059248039914468996,0.8118642130529203
0.059248039914468996,0.8120928106069265
0.05942622950819672,0.8120928106069265
0.05942622950819672,0.8124357069379358
0.05960441910192445,0.8124357069379358
0.05960441910192445,0.8126643044919419
0.05969351389878831,0.8126643044919419
0.05969351389878831,0.8130072008229512
0.059782608695652176,0.8130072008229512
0.059782608695652176,0.8132357983769574
0.05987170349251604,0.8132357983769574
0.05987170349251604,0.8135786947079666
0.06013898788310763,0.8135786947079666
0.06013898788310763,0.8138072922619728
0.06049536707056308,0.8138072922619728
0.06049536707056308,0.814150188592982
0.060673556664290806,0.814150188592982
0.060673556664290806,0.8149502800320036
0.06085174625801853,0.8149502800320036
0.06085174625801853,0.8151788775860098
0.06138631503920171,0.8151788775860098
0.06138631503920171,0.8155217739170191
0.06147540983606557,0.8155217739170191
0.06147540983606557,0.8164361641330438
0.061831789023521024,0.8164361641330438
0.061831789023521024,0.8170076580180592
0.06200997861724875,0.8170076580180592
0.06200997861724875,0.8174648531260715
0.06218816821097648,0.8174648531260715
0.06218816821097648,0.8175791519030746
0.06245545260156807,0.8175791519030746
0.06245545260156807,0.818036347011087
0.06272273699215966,0.818036347011087
0.06272273699215966,0.8183792433420962
0.06281183178902353,0.8183792433420962
0.06281183178902353,0.8187221396731055
0.06290092658588739,0.8187221396731055
0.06290092658588739,0.8189507372271116
0.06299002138275124,0.8189507372271116
0.06299002138275124,0.8190650360041147
0.0630791161796151,0.8190650360041147
0.0630791161796151,0.8191793347811178
0.06325730577334283,0.8191793347811178
0.06325730577334283,0.819407932335124
0.0633464005702067,0.819407932335124
0.0633464005702067,0.8196365298891302
0.06343549536707056,0.8196365298891302
0.06343549536707056,0.8197508286661332
0.06352459016393443,0.8197508286661332
0.06352459016393443,0.8198651274431363
0.06361368496079829,0.8198651274431363
0.06361368496079829,0.8199794262201394
0.06370277975766216,0.8199794262201394
0.06370277975766216,0.8202080237741456
0.06388096935138989,0.8202080237741456
0.06388096935138989,0.8203223225511487
0.0640591589451176,0.8203223225511487
0.0640591589451176,0.8204366213281518
0.06423734853884533,0.8204366213281518
0.06423734853884533,0.8206652188821579
0.0643264433357092,0.8206652188821579
0.0643264433357092,0.8210081152131672
0.06441553813257306,0.8210081152131672
0.06441553813257306,0.8215796090981826
0.06450463292943692,0.8215796090981826
0.06450463292943692,0.8216939078751857
0.06459372772630079,0.8216939078751857
0.06459372772630079,0.8219225054291919
0.06468282252316465,0.8219225054291919
0.06468282252316465,0.8222654017602011
0.06477191732002852,0.8222654017602011
0.06477191732002852,0.8224939993142073
0.06486101211689238,0.8224939993142073
0.06486101211689238,0.8226082980912104
0.06495010691375623,0.8226082980912104
0.06495010691375623,0.8229511944222196
0.0650392017106201,0.8229511944222196
0.0650392017106201,0.8230654931992227
0.06512829650748396,0.8230654931992227
0.06512829650748396,0.8231797919762258
0.06521739130434782,0.8231797919762258
0.06521739130434782,0.8232940907532289
0.06539558089807555,0.8232940907532289
0.06539558089807555,0.8235226883072351
0.06548467569493942,0.8235226883072351
0.06548467569493942,0.8236369870842382
0.06566286528866715,0.8236369870842382
0.06566286528866715,0.8238655846382443
0.06584105488239486,0.8238655846382443
0.06584105488239486,0.8239798834152474
0.06593014967925873,0.8239798834152474
0.06593014967925873,0.8245513773002628
0.06601924447612259,0.8245513773002628
0.06601924447612259,0.8246656760772659
0.06610833927298645,0.8246656760772659
0.06610833927298645,0.8248942736312721
0.06646471846044191,0.8248942736312721
0.06646471846044191,0.8251228711852783
0.06664290805416964,0.8251228711852783
0.06664290805416964,0.8253514687392844
0.06682109764789736,0.8253514687392844
0.06682109764789736,0.8254657675162875
0.06699928724162509,0.8254657675162875
0.06699928724162509,0.8256943650702937
0.06708838203848895,0.8256943650702937
0.06708838203848895,0.8262658589553091
0.06726657163221668,0.8262658589553091
0.06726657163221668,0.8263801577323122
0.06735566642908054,0.8263801577323122
0.06735566642908054,0.8264944565093153
0.06744476122594441,0.8264944565093153
0.06744476122594441,0.8266087552863184
0.06753385602280827,0.8266087552863184
0.06753385602280827,0.8269516516173276
0.06762295081967214,0.8269516516173276
0.06762295081967214,0.8275231455023431
0.06771204561653599,0.8275231455023431
0.06771204561653599,0.8283232369413648
0.06780114041339985,0.8283232369413648
0.06780114041339985,0.8284375357183679
0.06797933000712758,0.8284375357183679
0.06797933000712758,0.828551834495371
0.06815751960085531,0.828551834495371
0.06815751960085531,0.8288947308263802
0.06824661439771917,0.8288947308263802
0.06824661439771917,0.8290090296033833
0.06851389878831077,0.8290090296033833
0.06851389878831077,0.8294662247113956
0.06860299358517463,0.8294662247113956
0.06860299358517463,0.8300377185964111
0.06878118317890235,0.8300377185964111
0.06878118317890235,0.8302663161504172
0.06887027797576621,0.8302663161504172
0.06887027797576621,0.8303806149274203
0.06922665716322167,0.8303806149274203
0.06922665716322167,0.8307235112584296
0.06931575196008553,0.8307235112584296
0.06931575196008553,0.8308378100354327
0.06967213114754098,0.8308378100354327
0.06967213114754098,0.8319807978054635
0.06993941553813257,0.8319807978054635
0.06993941553813257,0.8320950965824666
0.07029579472558803,0.8320950965824666
0.07029579472558803,0.8323236941364728
0.07047398431931576,0.8323236941364728
0.07047398431931576,0.832552291690479
0.07056307911617961,0.832552291690479
0.07056307911617961,0.832666590467482
0.07065217391304347,0.832666590467482
0.07065217391304347,0.8327808892444851
0.07074126870990734,0.8327808892444851
0.07074126870990734,0.8333523831295006
0.0708303635067712,0.8333523831295006
0.0708303635067712,0.8336952794605098
0.07091945830363507,0.8336952794605098
0.07091945830363507,0.833923877014516
0.07100855310049893,0.833923877014516
0.07100855310049893,0.8342667733455252
0.0710976478973628,0.8342667733455252
0.0710976478973628,0.8343810721225283
0.07127583749109052,0.8343810721225283
0.07127583749109052,0.8349525660075438
0.0715431218816821,0.8349525660075438
0.0715431218816821,0.8351811635615499
0.07172131147540983,0.8351811635615499
0.07172131147540983,0.8354097611155561
0.0718104062722737,0.8354097611155561
0.0718104062722737,0.8355240598925592
0.07207769066286529,0.8355240598925592
0.07207769066286529,0.8358669562235684
0.07216678545972915,0.8358669562235684
0.07216678545972915,0.8359812550005715
0.07243406985032075,0.8359812550005715
0.07243406985032075,0.8362098525545777
0.0725231646471846,0.8362098525545777
0.0725231646471846,0.8363241513315808
0.07261225944404846,0.8363241513315808
0.07261225944404846,0.8367813464395931
0.07270135424091233,0.8367813464395931
0.07270135424091233,0.8371242427706024
0.07279044903777619,0.8371242427706024
0.07279044903777619,0.8373528403246085
0.07305773342836779,0.8373528403246085
0.07305773342836779,0.8374671391016116
0.07323592302209551,0.8374671391016116
0.07323592302209551,0.8375814378786147
0.07332501781895938,0.8375814378786147
0.07332501781895938,0.8376957366556178
0.07341411261582323,0.8376957366556178
0.07341411261582323,0.8378100354326209
0.0735032074126871,0.8378100354326209
0.0735032074126871,0.837924334209624
0.07359230220955096,0.837924334209624
0.07359230220955096,0.8380386329866271
0.07377049180327869,0.8380386329866271
0.07377049180327869,0.8383815293176363
0.07385958660014255,0.8383815293176363
0.07385958660014255,0.8384958280946394
0.07394868139700642,0.8384958280946394
0.07394868139700642,0.8387244256486456
0.07403777619387028,0.8387244256486456
0.07403777619387028,0.8391816207566579
0.07421596578759801,0.8391816207566579
0.07421596578759801,0.839295919533661
0.07430506058446187,0.839295919533661
0.07430506058446187,0.8394102183106641
0.07439415538132572,0.8394102183106641
0.07439415538132572,0.8395245170876672
0.07466143977191732,0.8395245170876672
0.07466143977191732,0.8397531146416733
0.07475053456878118,0.8397531146416733
0.07475053456878118,0.8399817121956795
0.07483962936564505,0.8399817121956795
0.07483962936564505,0.8400960109726826
0.07492872416250891,0.8400960109726826
0.07492872416250891,0.8402103097496857
0.07501781895937278,0.8402103097496857
0.07501781895937278,0.8403246085266888
0.07537419814682822,0.8403246085266888
0.07537419814682822,0.840553206080695
0.07555238774055595,0.840553206080695
0.07555238774055595,0.840667504857698
0.07564148253741981,0.840667504857698
0.07564148253741981,0.8408961024117042
0.07573057733428368,0.8408961024117042
0.07573057733428368,0.8412389987427135
0.07581967213114754,0.8412389987427135
0.07581967213114754,0.8413532975197165
0.07599786172487527,0.8413532975197165
0.07599786172487527,0.8418104926277289
0.07608695652173914,0.8418104926277289
0.07608695652173914,0.8420390901817351
0.076176051318603,0.8420390901817351
0.076176051318603,0.8421533889587381
0.07626514611546685,0.8421533889587381
0.07626514611546685,0.8422676877357412
0.07662152530292231,0.8422676877357412
0.07662152530292231,0.8424962852897474
0.07671062009978617,0.8424962852897474
0.07671062009978617,0.8427248828437536
0.0771560940841055,0.8427248828437536
0.0771560940841055,0.8428391816207567
0.07724518888096935,0.8428391816207567
0.07724518888096935,0.8431820779517659
0.07751247327156094,0.8431820779517659
0.07751247327156094,0.8434106755057721
0.0776015680684248,0.8434106755057721
0.0776015680684248,0.8435249742827752
0.07769066286528867,0.8435249742827752
0.07769066286528867,0.8436392730597783
0.07777975766215253,0.8436392730597783
0.07777975766215253,0.8438678706137844
0.07822523164647184,0.8438678706137844
0.07822523164647184,0.8442107669447937
0.07902708481824662,0.8442107669447937
0.07902708481824662,0.844553663275803
0.07938346400570206,0.844553663275803
0.07938346400570206,0.8448965596068122
0.07947255880256593,0.8448965596068122
0.07947255880256593,0.8451251571608184
0.0795616535994298,0.8451251571608184
0.0795616535994298,0.8456966510458338
0.07973984319315752,0.8456966510458338
0.07973984319315752,0.8458109498228369
0.08018531717747683,0.8458109498228369
0.08018531717747683,0.8462681449308492
0.0802744119743407,0.8462681449308492
0.0802744119743407,0.8464967424848554
0.08036350677120456,0.8464967424848554
0.08036350677120456,0.8467253400388616
0.08054169636493229,0.8467253400388616
0.08054169636493229,0.8476397302548863
0.08116535994297933,0.8476397302548863
0.08116535994297933,0.8478683278088924
0.08134354953670705,0.8478683278088924
0.08134354953670705,0.8479826265858955
0.08152173913043478,0.8479826265858955
0.08152173913043478,0.8480969253628986
0.08169992872416251,0.8480969253628986
0.08169992872416251,0.8483255229169048
0.08187811831789024,0.8483255229169048
0.08187811831789024,0.8484398216939079
0.08205630791161796,0.8484398216939079
0.08205630791161796,0.848668419247914
0.08214540270848182,0.848668419247914
0.08214540270848182,0.8487827180249171
0.08241268709907341,0.8487827180249171
0.08241268709907341,0.8490113155789233
0.08250178189593728,0.8490113155789233
0.08250178189593728,0.8492399131329295
0.08285816108339274,0.8492399131329295
0.08285816108339274,0.8493542119099325
0.08294725588025659,0.8493542119099325
0.08294725588025659,0.8494685106869356
0.08303635067712045,0.8494685106869356
0.08303635067712045,0.8496971082409418
0.08321454027084818,0.8496971082409418
0.08321454027084818,0.849925705794948
0.08330363506771205,0.849925705794948
0.08330363506771205,0.8502686021259572
0.08357091945830364,0.8502686021259572
0.08374910905203137,0.8502686021259572
0.08374910905203137,0.8506114984569665
0.08392729864575908,0.8506114984569665
0.08392729864575908,0.8508400960109727
0.08401639344262295,0.8508400960109727
0.08401639344262295,0.8509543947879757
0.08419458303635068,0.8509543947879757
0.08419458303635068,0.8510686935649788
0.08428367783321454,0.8510686935649788
0.08428367783321454,0.8514115898959881
0.0843727726300784,0.8514115898959881
0.0843727726300784,0.8515258886729912
0.08446186742694227,0.8515258886729912
0.08446186742694227,0.8518687850040004
0.08455096222380613,0.8518687850040004
0.08455096222380613,0.8519830837810035
0.08472915181753386,0.8519830837810035
0.08472915181753386,0.8522116813350097
0.08499643620812544,0.8522116813350097
0.08499643620812544,0.8523259801120128
0.0850855310049893,0.8523259801120128
0.0850855310049893,0.8525545776660189
0.08517462580185317,0.8525545776660189
0.08517462580185317,0.8531260715510344
0.08553100498930863,0.8531260715510344
0.08553100498930863,0.8535832666590467
0.0856200997861725,0.8535832666590467
0.0856200997861725,0.853926162990056
0.08579828937990021,0.853926162990056
0.08579828937990021,0.8541547605440621
0.08597647897362794,0.8541547605440621
0.08597647897362794,0.8542690593210652
0.08615466856735567,0.8542690593210652
0.08615466856735567,0.8544976568750714
0.08624376336421953,0.8544976568750714
0.08624376336421953,0.8546119556520745
0.0863328581610834,0.8546119556520745
0.0863328581610834,0.8548405532060807
0.08642195295794726,0.8548405532060807
0.08642195295794726,0.8551834495370899
0.08660014255167499,0.8551834495370899
0.08660014255167499,0.855297748314093
0.08668923734853884,0.855297748314093
0.08668923734853884,0.8557549434221053
0.08686742694226657,0.8557549434221053
0.08686742694226657,0.8558692421991084
0.08713471133285816,0.8558692421991084
0.08713471133285816,0.8559835409761115
0.08758018531717748,0.8559835409761115
0.08758018531717748,0.8562121385301177
0.08766928011404133,0.8562121385301177
0.08766928011404133,0.8565550348611269
0.08793656450463293,0.8565550348611269
0.08793656450463293,0.8567836324151331
0.08811475409836066,0.8567836324151331
0.08811475409836066,0.8568979311921362
0.08838203848895225,0.8568979311921362
0.08838203848895225,0.8570122299691393
0.08847113328581611,0.8570122299691393
0.08847113328581611,0.8573551263001485
0.08864932287954383,0.8573551263001485
0.08864932287954383,0.8574694250771516
0.0887384176764077,0.8574694250771516
0.0887384176764077,0.8576980226311578
0.08891660727013542,0.8576980226311578
0.08891660727013542,0.857926620185164
0.08900570206699929,0.857926620185164
0.08900570206699929,0.8581552177391701
0.08909479686386315,0.8581552177391701
0.08909479686386315,0.8582695165161732
0.08918389166072702,0.8582695165161732
0.08918389166072702,0.8584981140701794
0.08927298645759088,0.8584981140701794
0.08927298645759088,0.8587267116241856
0.08971846044191019,0.8587267116241856
0.08971846044191019,0.8589553091781917
0.08980755523877405,0.8589553091781917
0.08980755523877405,0.8590696079551948
0.08989665003563792,0.8590696079551948
0.08989665003563792,0.859298205509201
0.09007483962936565,0.859298205509201
0.09007483962936565,0.8595268030632073
0.09016393442622951,0.8595268030632073
0.09016393442622951,0.8596411018402104
0.09025302922309338,0.8596411018402104
0.09025302922309338,0.8597554006172134
0.09060940841054882,0.8597554006172134
0.09060940841054882,0.8598696993942165
0.09069850320741268,0.8598696993942165
0.09069850320741268,0.8600982969482227
0.09096578759800428,0.8600982969482227
0.09096578759800428,0.8602125957252258
0.09105488239486814,0.8602125957252258
0.09105488239486814,0.860441193279232
0.09141126158232359,0.860441193279232
0.09141126158232359,0.860555492056235
0.09150035637918745,0.860555492056235
0.09150035637918745,0.8606697908332381
0.09167854597291518,0.8606697908332381
0.09167854597291518,0.8607840896102412
0.09185673556664291,0.8607840896102412
0.09185673556664291,0.8610126871642474
0.09203492516037064,0.8610126871642474
0.09203492516037064,0.8611269859412505
0.0921240199572345,0.8611269859412505
0.0921240199572345,0.8612412847182536
0.09230220955096223,0.8612412847182536
0.09230220955096223,0.8615841810492628
0.09256949394155381,0.8615841810492628
0.09256949394155381,0.861812778603269
0.09265858873841767,0.861812778603269
0.09265858873841767,0.8619270773802721
0.09292587312900927,0.8619270773802721
0.09292587312900927,0.8620413761572752
0.09328225231646471,0.8620413761572752
0.09328225231646471,0.8621556749342782
0.09337134711332858,0.8621556749342782
0.09337134711332858,0.8627271688192937
0.09346044191019244,0.8627271688192937
0.09346044191019244,0.8629557663732998
0.09372772630078403,0.8629557663732998
0.09372772630078403,0.8630700651503029
0.09390591589451176,0.8630700651503029
0.09390591589451176,0.863184363927306
0.09444048467569494,0.863184363927306
0.09444048467569494,0.8634129614813122
0.09470776906628653,0.8634129614813122
0.09470776906628653,0.8636415590353184
0.0947968638631504,0.8636415590353184
0.0947968638631504,0.8638701565893245
0.09497505345687812,0.8638701565893245
0.09497505345687812,0.8640987541433307
0.09515324305060585,0.8640987541433307
0.09515324305060585,0.8642130529203338
0.0952423378474697,0.8642130529203338
0.0952423378474697,0.8643273516973369
0.09542052744119743,0.8643273516973369
0.09542052744119743,0.8646702480283461
0.09559871703492516,0.8646702480283461
0.09559871703492516,0.8651274431363585
0.09604419101924448,0.8651274431363585
0.09604419101924448,0.8653560406903646
0.0962223806129722,0.8653560406903646
0.0962223806129722,0.8654703394673677
0.09657875980042765,0.8654703394673677
0.09657875980042765,0.8655846382443708
0.09675694939415538,0.8655846382443708
0.09675694939415538,0.865813235798377
0.09746970776906629,0.865813235798377
0.09746970776906629,0.8660418333523832
0.09764789736279401,0.8660418333523832
0.09764789736279401,0.8662704309063893
0.09773699215965788,0.8662704309063893
0.09773699215965788,0.8664990284603955
0.09800427655024947,0.8664990284603955
0.09800427655024947,0.8666133272373986
0.09818246614397719,0.8666133272373986
0.09818246614397719,0.8668419247914048
0.09836065573770492,0.8668419247914048
0.09836065573770492,0.867184821122414
0.09844975053456878,0.867184821122414
0.09844975053456878,0.8675277174534233
0.09862794012829651,0.8675277174534233
0.09898431931575195,0.8680992113384387
0.09907341411261582,0.8680992113384387
0.09907341411261582,0.868442107669448
0.099607982893799,0.868442107669448
0.099607982893799,0.8686707052234541
0.09969707769066287,0.8686707052234541
0.09969707769066287,0.8687850040004572
0.09978617248752673,0.8687850040004572
0.09978617248752673,0.8688993027774603
0.1003207412687099,0.8688993027774603
0.1003207412687099,0.8690136015544634
0.10049893086243764,0.8690136015544634
0.10049893086243764,0.8691279003314665
0.10067712045616536,0.8691279003314665
0.10067712045616536,0.869813692993485
0.10076621525302923,0.869813692993485
0.10076621525302923,0.8699279917704881
0.10165716322166786,0.8699279917704881
0.10165716322166786,0.8701565893244942
0.10183535281539557,0.8701565893244942
0.10183535281539557,0.8704994856555035
0.10219173200285103,0.8704994856555035
0.10219173200285103,0.8707280832095097
0.1022808267997149,0.8707280832095097
0.1022808267997149,0.8709566807635158
0.10254811119030649,0.8709566807635158
0.10254811119030649,0.871185278317522
0.10290449037776193,0.871185278317522
0.10290449037776193,0.8714138758715282
0.10308267997148966,0.8714138758715282
0.10308267997148966,0.8715281746485313
0.10352815395580899,0.8715281746485313
0.10352815395580899,0.8718710709795405
0.1037063435495367,0.8718710709795405
0.1037063435495367,0.8719853697565436
0.1039736279401283,0.8722139673105498
0.1039736279401283,0.872442564864556
0.10406272273699216,0.872442564864556
0.10406272273699216,0.872556863641559
0.10415181753385602,0.872556863641559
0.10415181753385602,0.8726711624185621
0.10459729151817534,0.8726711624185621
0.10459729151817534,0.8727854611955652
0.10477548111190306,0.8727854611955652
0.10477548111190306,0.8728997599725683
0.10486457590876692,0.8728997599725683
0.10486457590876692,0.8733569550805806
0.10539914468995011,0.8733569550805806
0.10539914468995011,0.8734712538575837
0.10548823948681398,0.8734712538575837
0.10548823948681398,0.8735855526345868
0.10593371347113328,0.8735855526345868
0.10593371347113328,0.873814150188593
0.10620099786172488,0.873814150188593
0.10664647184604419,0.8741570465196022
0.10664647184604419,0.8743856440736084
0.10673556664290805,0.8743856440736084
0.10673556664290805,0.8744999428506115
0.10709194583036351,0.8744999428506115
0.10709194583036351,0.8746142416276146
0.10727013542409124,0.8746142416276146
0.10727013542409124,0.87518573551263
0.10825017818959373,0.87518573551263
0.10825017818959373,0.8753000342896331
0.10860655737704918,0.8753000342896331
0.10860655737704918,0.8754143330666362
0.10869565217391304,0.8754143330666362
0.10869565217391304,0.8755286318436393
0.1087847469707769,0.8755286318436393
0.1087847469707769,0.8756429306206424
0.1090520313613685,0.8756429306206424
0.1090520313613685,0.8757572293976454
0.10914112615823236,0.8757572293976454
0.10914112615823236,0.8758715281746485
0.10958660014255167,0.8758715281746485
0.10958660014255167,0.8759858269516516
0.10967569493941554,0.8759858269516516
0.10967569493941554,0.8761001257286547
0.10985388453314326,0.8761001257286547
0.10985388453314326,0.8763287232826609
0.10994297933000713,0.8763287232826609
0.10994297933000713,0.8769002171676763
0.11012116892373486,0.8769002171676763
0.11038845331432644,0.8772431134986856
0.11038845331432644,0.8774717110526917
0.11163578047042053,0.8774717110526917
0.11163578047042053,0.8775860098296948
0.11190306486101212,0.8775860098296948
0.11190306486101212,0.8777003086066979
0.11208125445473985,0.8777003086066979
0.11208125445473985,0.877814607383701
0.11234853884533143,0.877814607383701
0.11234853884533143,0.8779289061607041
0.11270491803278689,0.8779289061607041
0.11270491803278689,0.8780432049377072
0.11288310762651461,0.8780432049377072
0.11288310762651461,0.8781575037147102
0.11306129722024234,0.8781575037147102
0.11306129722024234,0.8787289975997257
0.11315039201710621,0.8787289975997257
0.11315039201710621,0.8789575951537318
0.11341767640769779,0.8789575951537318
0.11341767640769779,0.879186192707738
0.11368496079828938,0.879186192707738
0.11368496079828938,0.8794147902617442
0.11377405559515325,0.8794147902617442
0.11377405559515325,0.8795290890387473
0.11386315039201711,0.8795290890387473
0.11386315039201711,0.8796433878157504
0.11395224518888097,0.8799862841467596
0.11395224518888097,0.8801005829237627
0.11413043478260869,0.8801005829237627
0.11413043478260869,0.8802148817007658
0.11439771917320028,0.8802148817007658
0.11439771917320028,0.8803291804777689
0.11448681397006415,0.8803291804777689
0.11448681397006415,0.880557778031775
0.11457590876692801,0.880557778031775
0.11457590876692801,0.8806720768087781
0.11475409836065574,0.8806720768087781
0.11475409836065574,0.8807863755857812
0.11493228795438347,0.8807863755857812
0.11493228795438347,0.8809006743627843
0.11528866714183891,0.8809006743627843
0.11528866714183891,0.8810149731397874
0.11546685673556664,0.8810149731397874
0.11546685673556664,0.8811292719167905
0.11564504632929437,0.8811292719167905
0.11564504632929437,0.8812435706937936
0.1158232359230221,0.8812435706937936
0.1158232359230221,0.8813578694707966
0.11591233071988596,0.8813578694707966
0.11591233071988596,0.8815864670248028
0.11600142551674983,0.8815864670248028
0.11600142551674983,0.8817007658018059
0.11617961511047754,0.8817007658018059
0.11617961511047754,0.881815064578809
0.11626870990734141,0.881815064578809
0.11626870990734141,0.8819293633558121
0.116535994297933,0.8819293633558121
0.116535994297933,0.8820436621328152
0.1172487526728439,0.8820436621328152
0.1172487526728439,0.8821579609098182
0.1175160370634355,0.8821579609098182
0.1175160370634355,0.8823865584638244
0.11831789023521026,0.8823865584638244
0.11831789023521026,0.8825008572408275
0.11858517462580186,0.8825008572408275
0.11858517462580186,0.8826151560178306
0.11876336421952959,0.8826151560178306
0.11876336421952959,0.8827294547948337
0.1189415538132573,0.8827294547948337
0.1189415538132573,0.8829580523488398
0.11911974340698503,0.8829580523488398
0.11911974340698503,0.883186649902846
0.1192088382038489,0.883186649902846
0.1192088382038489,0.8834152474568522
0.12063435495367071,0.8834152474568522
0.12063435495367071,0.8835295462338553
0.12099073414112615,0.8835295462338553
0.12099073414112615,0.8836438450108584
0.12116892373485388,0.8836438450108584
0.12116892373485388,0.8837581437878614
0.12125801853171775,0.8837581437878614
0.12125801853171775,0.8838724425648645
0.12143620812544548,0.8838724425648645
0.12143620812544548,0.8839867413418676
0.12170349251603706,0.8839867413418676
0.12170349251603706,0.8842153388958738
0.12214896650035638,0.8842153388958738
0.12214896650035638,0.8843296376728769
0.12232715609408411,0.8843296376728769
0.12232715609408411,0.88444393644988
0.1225944404846757,0.88444393644988
0.1225944404846757,0.8846725340038861
0.12295081967213115,0.8846725340038861
0.12295081967213115,0.8847868327808892
0.12303991446899501,0.8847868327808892
0.12303991446899501,0.8852440278889016
0.12312900926585887,0.8852440278889016
0.12312900926585887,0.8853583266659046
0.1235744832501782,0.8853583266659046
0.1235744832501782,0.8855869242199108
0.12375267284390591,0.8855869242199108
0.12375267284390591,0.885815521773917
0.12393086243763364,0.885815521773917
0.12393086243763364,0.8859298205509201
0.12410905203136137,0.8859298205509201
0.12410905203136137,0.8860441193279232
0.1242872416250891,0.8860441193279232
0.1242872416250891,0.8865013144359355
0.12446543121881683,0.8865013144359355
0.12446543121881683,0.8868442107669448
0.12455452601568068,0.8868442107669448
0.12455452601568068,0.8869585095439478
0.12491090520313614,0.8869585095439478
0.12491090520313614,0.8870728083209509
0.125,0.8870728083209509
0.125,0.887187107097954
0.1252672843905916,0.887187107097954
0.1252672843905916,0.8873014058749571
0.12544547398431932,0.8873014058749571
0.12544547398431932,0.8874157046519602
0.1255345687811832,0.8874157046519602
0.1255345687811832,0.8875300034289633
0.12580185317177478,0.8875300034289633
0.12580185317177478,0.8876443022059664
0.12606913756236635,0.8876443022059664
0.12606913756236635,0.8877586009829694
0.12633642195295794,0.8877586009829694
0.12633642195295794,0.8878728997599725
0.1266928011404134,0.8878728997599725
0.1266928011404134,0.8879871985369756
0.12678189593727726,0.8879871985369756
0.12678189593727726,0.8881014973139787
0.126960085531005,0.8881014973139787
0.126960085531005,0.888444393644988
0.12731646471846045,0.888444393644988
0.12731646471846045,0.8887872899759972
0.12749465431218818,0.8887872899759972
0.12749465431218818,0.8889015887530003
0.1278510334996436,0.8889015887530003
0.1278510334996436,0.8890158875300034
0.12794012829650747,0.8890158875300034
0.12794012829650747,0.8892444850840096
0.1286528866714184,0.8892444850840096
0.1286528866714184,0.8893587838610126
0.1293656450463293,0.8893587838610126
0.1293656450463293,0.8894730826380157
0.1300784034212402,0.8894730826380157
0.1300784034212402,0.8895873814150188
0.13061297220242338,0.8895873814150188
0.13061297220242338,0.8897016801920219
0.13070206699928724,0.8897016801920219
0.13070206699928724,0.889815978969025
0.1307911617961511,0.889815978969025
0.1307911617961511,0.8899302777460281
0.13096935138987884,0.8899302777460281
0.13096935138987884,0.8900445765230312
0.13114754098360656,0.8900445765230312
0.13114754098360656,0.8902731740770373
0.1313257305773343,0.8902731740770373
0.1313257305773343,0.8908446679620529
0.1322166785459729,0.8908446679620529
0.1322166785459729,0.890958966739056
0.13230577334283677,0.890958966739056
0.13230577334283677,0.891073265516059
0.13239486813970064,0.891073265516059
0.13239486813970064,0.8914161618470683
0.13257305773342837,0.8914161618470683
0.13257305773342837,0.8918733569550806
0.13266215253029223,0.8918733569550806
0.13266215253029223,0.8921019545090868
0.1327512473271561,0.8921019545090868
0.1327512473271561,0.8922162532860899
0.13284034212401996,0.8922162532860899
0.13284034212401996,0.892330552063093
0.13292943692088383,0.892330552063093
0.13292943692088383,0.8924448508400961
0.1330185317177477,0.8924448508400961
0.1330185317177477,0.8925591496170991
0.13319672131147542,0.8925591496170991
0.13319672131147542,0.8926734483941022
0.13382038488952244,0.8926734483941022
0.13382038488952244,0.8929020459481084
0.1339094796863863,0.8929020459481084
0.1339094796863863,0.8930163447251115
0.1344440484675695,0.8930163447251115
0.1344440484675695,0.8932449422791177
0.13480042765502495,0.8932449422791177
0.13480042765502495,0.8934735398331238
0.1351568068424804,0.8934735398331238
0.1351568068424804,0.89370213738713
0.13533499643620814,0.89370213738713
0.13533499643620814,0.8938164361641331
0.1356022808267997,0.8938164361641331
0.1356022808267997,0.8939307349411362
0.13569137562366357,0.8939307349411362
0.13569137562366357,0.8941593324951423
0.1358695652173913,0.8941593324951423
0.1358695652173913,0.8943879300491485
0.13595866001425516,0.8943879300491485
0.13595866001425516,0.8945022288261516
0.13604775481111903,0.8945022288261516
0.13604775481111903,0.8946165276031547
0.1361368496079829,0.8946165276031547
0.1361368496079829,0.8948451251571609
0.13667141838916608,0.8948451251571609
0.13667141838916608,0.895073722711167
0.13693870277975767,0.895073722711167
0.13693870277975767,0.8951880214881701
0.13702779757662154,0.8951880214881701
0.13702779757662154,0.8953023202651732
0.1371168923734854,0.8953023202651732
0.1371168923734854,0.8954166190421763
0.13729508196721313,0.8954166190421763
0.13729508196721313,0.8955309178191794
0.13791874554526015,0.8955309178191794
0.13791874554526015,0.8956452165961825
0.13800784034212402,0.8956452165961825
0.13800784034212402,0.8957595153731855
0.1382751247327156,0.8957595153731855
0.1382751247327156,0.8958738141501886
0.13836421952957947,0.8958738141501886
0.13836421952957947,0.8959881129271917
0.13845331432644334,0.8959881129271917
0.13845331432644334,0.8962167104811979
0.13863150392017107,0.8962167104811979
0.13863150392017107,0.8964453080352041
0.1388096935138988,0.8964453080352041
0.1388096935138988,0.8970168019202195
0.13943335709194582,0.8970168019202195
0.13943335709194582,0.8973596982512287
0.139967925873129,0.8973596982512287
0.139967925873129,0.8974739970282318
0.14094796863863152,0.8974739970282318
0.14094796863863152,0.897702594582238
0.14148253741981467,0.897702594582238
0.14148253741981467,0.8979311921362442
0.14157163221667854,0.8979311921362442
0.14157163221667854,0.8980454909132473
0.14174982181040627,0.8980454909132473
0.14174982181040627,0.8983883872442565
0.141928011404134,0.8983883872442565
0.141928011404134,0.8985026860212596
0.14201710620099786,0.8985026860212596
0.14201710620099786,0.8986169847982627
0.14210620099786173,0.8986169847982627
0.14210620099786173,0.8988455823522689
0.14237348538845332,0.8988455823522689
0.14237348538845332,0.899074179906275
0.14255167498218105,0.899074179906275
0.14255167498218105,0.8993027774602812
0.1429080541696365,0.8993027774602812
0.1429080541696365,0.8996456737912905
0.14299714896650034,0.8996456737912905
0.14299714896650034,0.8997599725682935
0.1430862437633642,0.8997599725682935
0.1430862437633642,0.8999885701222997
0.14317533856022807,0.8999885701222997
0.14317533856022807,0.9001028688993028
0.14326443335709194,0.9001028688993028
0.14326443335709194,0.9002171676763059
0.14353171774768353,0.9002171676763059
0.14353171774768353,0.9005600640073151
0.1436208125445474,0.9005600640073151
0.1436208125445474,0.9006743627843182
0.14424447612259444,0.9006743627843182
0.14424447612259444,0.9007886615613213
0.1443335709194583,0.9007886615613213
0.1443335709194583,0.9013601554463367
0.14468995010691377,0.9013601554463367
0.14468995010691377,0.9015887530003429
0.1448681397006415,0.9015887530003429
0.1448681397006415,0.9018173505543491
0.14540270848182466,0.9018173505543491
0.14540270848182466,0.9019316493313522
0.14549180327868852,0.9019316493313522
0.14549180327868852,0.9020459481083553
0.1457590876692801,0.9020459481083553
0.1457590876692801,0.9022745456623614
0.14611546685673557,0.9022745456623614
0.14611546685673557,0.9025031432163676
0.14620456165359944,0.9025031432163676
0.14620456165359944,0.9026174419933707
0.1462936564504633,0.9026174419933707
0.1462936564504633,0.9028460395473769
0.14638275124732716,0.9028460395473769
0.14638275124732716,0.903074637101383
0.14647184604419103,0.903074637101383
0.14647184604419103,0.9031889358783861
0.14682822523164646,0.9031889358783861
0.14682822523164646,0.9033032346553892
0.14709550962223805,0.9033032346553892
0.14709550962223805,0.9034175334323923
0.14727369921596578,0.9034175334323923
0.14727369921596578,0.9035318322093954
0.14736279401282965,0.9035318322093954
0.14736279401282965,0.9036461309863985
0.14754098360655737,0.9036461309863985
0.14754098360655737,0.9037604297634015
0.14780826799714897,0.9037604297634015
0.14780826799714897,0.9038747285404046
0.14861012116892375,0.9038747285404046
0.14861012116892375,0.9039890273174077
0.14878831076265145,0.9039890273174077
0.14878831076265145,0.9041033260944108
0.14932287954383464,0.9041033260944108
0.14932287954383464,0.9042176248714139
0.14950106913756236,0.9042176248714139
0.14950106913756236,0.904331923648417
0.1505702066999287,0.904331923648417
0.1505702066999287,0.90444622242542
0.15065930149679257,0.90444622242542
0.15065930149679257,0.9046748199794262
0.15092658588738417,0.9046748199794262
0.15092658588738417,0.9047891187564293
0.15146115466856735,0.9047891187564293
0.15146115466856735,0.9049034175334324
0.15163934426229508,0.9049034175334324
0.15163934426229508,0.9050177163104355
0.15172843905915895,0.9050177163104355
0.15172843905915895,0.9051320150874386
0.1525302922309337,0.9051320150874386
0.1525302922309337,0.9053606126414447
0.15270848182466143,0.9053606126414447
0.15270848182466143,0.9054749114184478
0.1527975766215253,0.9054749114184478
0.1527975766215253,0.9055892101954509
0.15333214540270848,0.9055892101954509
0.15333214540270848,0.9058178077494571
0.15386671418389167,0.9058178077494571
0.15386671418389167,0.9059321065264602
0.1544903777619387,0.9059321065264602
0.1544903777619387,0.9061607040804663
0.15484675694939415,0.9061607040804663
0.15484675694939415,0.9062750028574694
0.154935851746258,0.9062750028574694
0.154935851746258,0.9063893016344725
0.15502494654312188,0.9063893016344725
0.15502494654312188,0.9065036004114756
0.1552031361368496,0.9065036004114756
0.1552031361368496,0.9066178991884787
0.15538132573057734,0.9066178991884787
0.15538132573057734,0.9067321979654818
0.15555951532430506,0.9067321979654818
0.15555951532430506,0.9068464967424849
0.15564861012116893,0.9068464967424849
0.15564861012116893,0.9069607955194879
0.15582679971489666,0.9069607955194879
0.15582679971489666,0.9071893930734941
0.15645046329294368,0.9071893930734941
0.15645046329294368,0.9073036918504972
0.15653955808980755,0.9073036918504972
0.15653955808980755,0.9075322894045034
0.1571632216678546,0.9075322894045034
0.1571632216678546,0.9076465881815065
0.1578759800427655,0.9076465881815065
0.1578759800427655,0.9077608869585095
0.1581432644333571,0.9077608869585095
0.1581432644333571,0.9078751857355126
0.15867783321454026,0.9078751857355126
0.15867783321454026,0.9081037832895188
0.158856022808268,0.9081037832895188
0.158856022808268,0.9082180820665219
0.1591233071988596,0.9082180820665219
0.1591233071988596,0.908332380843525
0.15939059158945118,0.908332380843525
0.15939059158945118,0.908446679620528
0.15965787598004277,0.908446679620528
0.15965787598004277,0.9086752771745342
0.15974697077690664,0.9086752771745342
0.15974697077690664,0.9087895759515373
0.1598360655737705,0.9087895759515373
0.1598360655737705,0.9089038747285404
0.15992516037063437,0.9089038747285404
0.15992516037063437,0.9090181735055435
0.1602815395580898,0.9090181735055435
0.1602815395580898,0.9091324722825466
0.16037063435495366,0.9091324722825466
0.16037063435495366,0.9092467710595497
0.16045972915181753,0.9092467710595497
0.16045972915181753,0.9093610698365527
0.16072701354240912,0.9093610698365527
0.16072701354240912,0.9094753686135558
0.16090520313613685,0.9094753686135558
0.16090520313613685,0.909703966167562
0.16108339272986458,0.909703966167562
0.16108339272986458,0.9098182649445651
0.1619743406985032,0.9098182649445651
0.1619743406985032,0.9099325637215682
0.16215253029223092,0.9099325637215682
0.16215253029223092,0.9103897588295805
0.1622416250890948,0.9103897588295805
0.1622416250890948,0.9105040576065836
0.16241981468282252,0.9105040576065836
0.16241981468282252,0.9106183563835867
0.1626870990734141,0.9106183563835867
0.1626870990734141,0.911075551491599
0.16286528866714184,0.911075551491599
0.16286528866714184,0.9111898502686021
0.16313257305773343,0.9111898502686021
0.16313257305773343,0.9113041490456052
0.1634889522451889,0.9113041490456052
0.1634889522451889,0.9114184478226083
0.16393442622950818,0.9114184478226083
0.16393442622950818,0.9115327465996114
0.16402352102637205,0.9115327465996114
0.16402352102637205,0.9118756429306206
0.1641126158232359,0.9118756429306206
0.1641126158232359,0.9119899417076237
0.16455808980755524,0.9119899417076237
0.16455808980755524,0.9121042404846268
0.1646471846044191,0.9121042404846268
0.1646471846044191,0.912332838038633
0.16473627940128296,0.912332838038633
0.16473627940128296,0.912447136815636
0.16500356379187456,0.912447136815636
0.16500356379187456,0.9125614355926391
0.1656272273699216,0.9125614355926391
0.1656272273699216,0.9126757343696422
0.1658054169636493,0.9126757343696422
0.1658054169636493,0.9127900331466453
0.16598360655737704,0.9127900331466453
0.16598360655737704,0.9129043319236484
0.1660727013542409,0.9129043319236484
0.1660727013542409,0.9130186307006515
0.16714183891660728,0.9130186307006515
0.16714183891660728,0.9132472282546577
0.16821097647897362,0.9132472282546577
0.16821097647897362,0.9133615270316607
0.1687455452601568,0.9133615270316607
0.1687455452601568,0.9134758258086638
0.16883464005702067,0.9134758258086638
0.16883464005702067,0.9135901245856669
0.16910192444761227,0.9135901245856669
0.16910192444761227,0.9139330209166762
0.16928011404134,0.9139330209166762
0.16928011404134,0.9140473196936792
0.16954739843193156,0.9140473196936792
0.16954739843193156,0.9141616184706823
0.16999287241625088,0.9141616184706823
0.16999287241625088,0.9142759172476854
0.17008196721311475,0.9142759172476854
0.17008196721311475,0.9145045148016916
0.17026015680684248,0.9145045148016916
0.17026015680684248,0.9146188135786947
0.17052744119743407,0.9146188135786947
0.17052744119743407,0.9147331123556978
0.17061653599429794,0.9147331123556978
0.17061653599429794,0.9148474111327008
0.17079472558802566,0.9148474111327008
0.17079472558802566,0.9149617099097039
0.17088382038488953,0.9149617099097039
0.17088382038488953,0.915076008686707
0.17177476835352815,0.915076008686707
0.17177476835352815,0.9151903074637101
0.171863863150392,0.9151903074637101
0.171863863150392,0.9153046062407132
0.1721311475409836,0.9153046062407132
0.1721311475409836,0.9155332037947194
0.17222024233784747,0.9155332037947194
0.17222024233784747,0.9157618013487255
0.17248752672843906,0.9157618013487255
0.17248752672843906,0.9158761001257286
0.17257662152530293,0.9158761001257286
0.17257662152530293,0.9159903989027317
0.1726657163221668,0.9159903989027317
0.1726657163221668,0.9161046976797348
0.17284390591589452,0.9161046976797348
0.17284390591589452,0.916447594010744
0.17293300071275838,0.916447594010744
0.17293300071275838,0.9165618927877471
0.1731111903064861,0.9165618927877471
0.1731111903064861,0.9166761915647502
0.17328937990021384,0.9166761915647502
0.17328937990021384,0.9169047891187564
0.17346756949394154,0.9169047891187564
0.17346756949394154,0.9172476854497656
0.17391304347826086,0.9172476854497656
0.17391304347826086,0.9173619842267687
0.17400213827512473,0.9173619842267687
0.17400213827512473,0.9174762830037718
0.17426942266571632,0.9174762830037718
0.17426942266571632,0.9178191793347811
0.1743585174625802,0.9178191793347811
0.1743585174625802,0.9179334781117842
0.17444761225944405,0.9179334781117842
0.17444761225944405,0.9180477768887872
0.17462580185317178,0.9180477768887872
0.17462580185317178,0.9181620756657903
0.17560584461867426,0.9181620756657903
0.17560584461867426,0.9183906732197965
0.17605131860299358,0.9183906732197965
0.17605131860299358,0.9185049719967996
0.17640769779044904,0.9185049719967996
0.17640769779044904,0.9186192707738027
0.1764967925873129,0.9186192707738027
0.1764967925873129,0.9188478683278088
0.1767640769779045,0.9188478683278088
0.1767640769779045,0.9189621671048119
0.17712045616535993,0.9189621671048119
0.17712045616535993,0.919076465881815
0.1772095509622238,0.919076465881815
0.1772095509622238,0.9194193622128243
0.17738774055595152,0.9194193622128243
0.17738774055595152,0.9195336609898274
0.17765502494654312,0.9195336609898274
0.17765502494654312,0.9196479597668304
0.17774411974340698,0.9196479597668304
0.17774411974340698,0.9197622585438335
0.17783321454027085,0.9197622585438335
0.17783321454027085,0.9199908560978397
0.17801140413399857,0.9199908560978397
0.17801140413399857,0.9201051548748428
0.17836778332145403,0.9201051548748428
0.17836778332145403,0.9202194536518459
0.1784568781183179,0.9202194536518459
0.1784568781183179,0.920333752428849
0.1787241625089095,0.920333752428849
0.1787241625089095,0.9205623499828551
0.17881325730577335,0.9205623499828551
0.17881325730577335,0.9207909475368613
0.1793478260869565,0.9207909475368613
0.1793478260869565,0.9209052463138644
0.17979330007127584,0.9209052463138644
0.17979330007127584,0.9210195450908675
0.18032786885245902,0.9210195450908675
0.18032786885245902,0.9212481426448736
0.1804169636493229,0.9212481426448736
0.1804169636493229,0.9213624414218767
0.18068424803991448,0.9213624414218767
0.18068424803991448,0.9214767401988798
0.18077334283677834,0.9214767401988798
0.18077334283677834,0.921705337752886
0.1808624376336422,0.921705337752886
0.1808624376336422,0.9218196365298891
0.18112972202423377,0.9218196365298891
0.18112972202423377,0.9219339353068923
0.18139700641482537,0.9219339353068923
0.18139700641482537,0.9220482340838954
0.18148610121168923,0.9220482340838954
0.18148610121168923,0.9221625328608984
0.1815751960085531,0.9221625328608984
0.1815751960085531,0.9226197279689108
0.182287954383464,0.9226197279689108
0.182287954383464,0.922848325522917
0.18291161796151104,0.922848325522917
0.18291161796151104,0.92296262429992
0.1830007127583749,0.92296262429992
0.1830007127583749,0.9230769230769231
0.18380256593014968,0.9230769230769231
0.18380256593014968,0.9231912218539262
0.18415894511760514,0.9231912218539262
0.18415894511760514,0.9233055206309293
0.18433713471133287,0.9233055206309293
0.18433713471133287,0.9234198194079324
0.18442622950819673,0.9234198194079324
0.18442622950819673,0.9235341181849355
0.18522808267997148,0.9235341181849355
0.18522808267997148,0.9239913132929478
0.18558446186742694,0.9239913132929478
0.18558446186742694,0.9241056120699509
0.18585174625801854,0.9241056120699509
0.18585174625801854,0.924219910846954
0.186208125445474,0.924219910846954
0.186208125445474,0.9243342096239571
0.1866535994297933,0.9243342096239571
0.1866535994297933,0.9245628071779632
0.1870990734141126,0.9245628071779632
0.1870990734141126,0.9246771059549663
0.1879009265858874,0.9246771059549663
0.1879009265858874,0.9247914047319694
0.18825730577334285,0.9247914047319694
0.18825730577334285,0.9249057035089725
0.1885245901639344,0.9249057035089725
0.1885245901639344,0.9250200022859756
0.188791874554526,0.9250200022859756
0.188791874554526,0.9251343010629787
0.18977191732002852,0.9251343010629787
0.18977191732002852,0.9253628986169848
0.19039558089807554,0.9253628986169848
0.19039558089807554,0.9254771973939879
0.19093014967925873,0.9254771973939879
0.19093014967925873,0.9257057949479941
0.19119743406985032,0.9257057949479941
0.19119743406985032,0.9258200937249972
0.1919992872416251,0.9258200937249972
0.1919992872416251,0.9260486912790034
0.19208838203848896,0.9260486912790034
0.19208838203848896,0.9262772888330095
0.19217747683535283,0.9262772888330095
0.19217747683535283,0.9263915876100126
0.1924447612259444,0.9263915876100126
0.1924447612259444,0.9265058863870157
0.19306842480399145,0.9265058863870157
0.19306842480399145,0.926848782718025
0.19360299358517463,0.926848782718025
0.19360299358517463,0.926963081495028
0.1939593727726301,0.926963081495028
0.1939593727726301,0.9270773802720311
0.19404846756949395,0.9270773802720311
0.19404846756949395,0.9273059778260373
0.19422665716322166,0.9273059778260373
0.19422665716322166,0.9274202766030404
0.1956521739130435,0.9274202766030404
0.1956521739130435,0.9275345753800435
0.19663221667854597,0.9275345753800435
0.19663221667854597,0.9276488741570466
0.1970776906628653,0.9276488741570466
0.1970776906628653,0.9281060692650589
0.19725588025659302,0.9281060692650589
0.19725588025659302,0.928220368042062
0.19734497505345688,0.928220368042062
0.19734497505345688,0.9284489655960682
0.1975231646471846,0.9284489655960682
0.1975231646471846,0.9287918619270774
0.19787954383464007,0.9287918619270774
0.19787954383464007,0.9292490570350898
0.1982359230220955,0.9292490570350898
0.1982359230220955,0.9297062521431021
0.1987704918032787,0.9297062521431021
0.1987704918032787,0.9298205509201052
0.1994832501781896,0.9298205509201052
0.1994832501781896,0.9299348496971083
0.19966143977191733,0.9299348496971083
0.19966143977191733,0.9300491484741114
0.1997505345687812,0.9300491484741114
0.1997505345687812,0.9301634472511144
0.20010691375623663,0.9301634472511144
0.20010691375623663,0.9303920448051206
0.20037419814682822,0.9303920448051206
0.20037419814682822,0.9305063435821237
0.20081967213114754,0.9305063435821237
0.20081967213114754,0.9306206423591268
0.20126514611546686,0.9306206423591268
0.20126514611546686,0.9307349411361299
0.2014433357091946,0.9307349411361299
0.2014433357091946,0.930963538690136
0.20197790449037775,0.930963538690136
0.20197790449037775,0.9310778374671391
0.2023342836778332,0.9310778374671391
0.2023342836778332,0.9311921362441422
0.20269066286528867,0.9311921362441422
0.20269066286528867,0.9313064350211453
0.20277975766215253,0.9313064350211453
0.20277975766215253,0.9314207337981484
0.20295794725588026,0.9314207337981484
0.20295794725588026,0.9315350325751515
0.20304704205274413,0.9315350325751515
0.20304704205274413,0.9316493313521546
0.20384889522451888,0.9316493313521546
0.20384889522451888,0.9317636301291576
0.20438346400570206,0.9317636301291576
0.20438346400570206,0.9318779289061607
0.2045616535994298,0.9318779289061607
0.2045616535994298,0.9321065264601669
0.2048289379900214,0.9321065264601669
0.2048289379900214,0.93222082523717
0.20491803278688525,0.93222082523717
0.20491803278688525,0.9323351240141731
0.2052744119743407,0.9323351240141731
0.2052744119743407,0.9324494227911762
0.20554169636493227,0.9324494227911762
0.20554169636493227,0.9325637215681792
0.20634354953670705,0.9325637215681792
0.20634354953670705,0.9326780203451823
0.20643264433357092,0.9326780203451823
0.20643264433357092,0.9327923191221854
0.2072344975053457,0.9327923191221854
0.2072344975053457,0.9329066178991885
0.2083927298645759,0.9329066178991885
0.2083927298645759,0.9330209166761916
0.20848182466143977,0.9330209166761916
0.20848182466143977,0.9331352154531947
0.20946186742694226,0.9331352154531947
0.20946186742694226,0.9333638130072008
0.20964005702066998,0.9333638130072008
0.20964005702066998,0.9334781117842039
0.20972915181753385,0.9334781117842039
0.20972915181753385,0.933592410561207
0.2098182466143977,0.933592410561207
0.2098182466143977,0.9337067093382101
0.21026372059871704,0.9337067093382101
0.21026372059871704,0.9338210081152132
0.2108873841767641,0.9338210081152132
0.2108873841767641,0.9339353068922163
0.21106557377049182,0.9339353068922163
0.21106557377049182,0.9340496056692194
0.21142195295794725,0.9340496056692194
0.21142195295794725,0.9341639044462224
0.21186742694226657,0.9341639044462224
0.21186742694226657,0.9342782032232255
0.21195652173913043,0.9342782032232255
0.21195652173913043,0.9343925020002286
0.21213471133285816,0.9343925020002286
0.21213471133285816,0.9345068007772317
0.21249109052031362,0.9345068007772317
0.21249109052031362,0.9346210995542348
0.21338203848895224,0.9346210995542348
0.21338203848895224,0.934849697108241
0.2137384176764077,0.934849697108241
0.2137384176764077,0.934963995885244
0.21427298645759088,0.934963995885244
0.21427298645759088,0.9353068922162533
0.21462936564504634,0.9353068922162533
0.21462936564504634,0.9355354897702595
0.21525302922309336,0.9355354897702595
0.21525302922309336,0.9356497885472626
0.2158766928011404,0.9356497885472626
0.2158766928011404,0.9357640873242656
0.21605488239486814,0.9357640873242656
0.21605488239486814,0.9358783861012687
0.21730220955096222,0.9358783861012687
0.21730220955096222,0.9359926848782718
0.2175694939415538,0.9359926848782718
0.2175694939415538,0.9361069836552749
0.21774768353528154,0.9361069836552749
0.21774768353528154,0.936221282432278
0.21819315751960086,0.936221282432278
0.21819315751960086,0.9363355812092811
0.21872772630078405,0.9363355812092811
0.21872772630078405,0.9364498799862842
0.2189950106913756,0.9364498799862842
0.2189950106913756,0.9365641787632872
0.21944048467569494,0.9365641787632872
0.21944048467569494,0.9366784775402903
0.2195295794725588,0.9366784775402903
0.2195295794725588,0.9367927763172934
0.21997505345687812,0.9367927763172934
0.21997505345687812,0.9369070750942965
0.220064148253742,0.9369070750942965
0.220064148253742,0.9371356726483027
0.22077690662865287,0.9371356726483027
0.22077690662865287,0.9372499714253058
0.22175694939415538,0.9372499714253058
0.22175694939415538,0.9373642702023088
0.22184604419101925,0.9373642702023088
0.22184604419101925,0.937592867756315
0.22211332858161084,0.937592867756315
0.22211332858161084,0.9377071665333181
0.22229151817533857,0.9377071665333181
0.22229151817533857,0.9378214653103212
0.22273699215965787,0.9378214653103212
0.22273699215965787,0.9379357640873243
0.22309337134711332,0.9379357640873243
0.22309337134711332,0.9380500628643273
0.22336065573770492,0.9380500628643273
0.22336065573770492,0.9381643616413304
0.22425160370634356,0.9381643616413304
0.22425160370634356,0.9383929591953366
0.22434069850320743,0.9383929591953366
0.22434069850320743,0.9385072579723397
0.224607982893799,0.9385072579723397
0.224607982893799,0.9387358555263459
0.22514255167498218,0.9387358555263459
0.22514255167498218,0.938850154303349
0.22523164647184604,0.938850154303349
0.22523164647184604,0.938964453080352
0.22540983606557377,0.938964453080352
0.22540983606557377,0.9390787518573551
0.22549893086243764,0.9390787518573551
0.22549893086243764,0.9394216481883644
0.2261225944404847,0.9394216481883644
0.2261225944404847,0.9395359469653675
0.2270135424091233,0.9395359469653675
0.2270135424091233,0.9397645445193736
0.22710263720598717,0.9397645445193736
0.22710263720598717,0.9398788432963767
0.22736992159657876,0.9398788432963767
0.22736992159657876,0.9399931420733798
0.22834996436208124,0.9399931420733798
0.22834996436208124,0.9401074408503829
0.22852815395580897,0.9401074408503829
0.22852815395580897,0.940221739627386
0.22879543834640056,0.940221739627386
0.22879543834640056,0.9403360384043891
0.2292409123307199,0.9403360384043891
0.2292409123307199,0.9404503371813921
0.2301318602993585,0.9404503371813921
0.2301318602993585,0.9405646359583952
0.23022095509622237,0.9405646359583952
0.23022095509622237,0.9406789347353983
0.23057733428367783,0.9406789347353983
0.23057733428367783,0.9407932335124014
0.231111903064861,0.9407932335124014
0.231111903064861,0.9409075322894045
0.23120099786172488,0.9409075322894045
0.23120099786172488,0.9412504286204137
0.23129009265858874,0.9412504286204137
0.23129009265858874,0.9414790261744199
0.2320919458303635,0.9414790261744199
0.2320919458303635,0.9418219225054292
0.23351746258018533,0.9418219225054292
0.23351746258018533,0.9421648188364384
0.23387384176764078,0.9421648188364384
0.23387384176764078,0.9422791176134415
0.23654668567355666,0.9422791176134415
0.23654668567355666,0.9423934163904446
0.2367248752672844,0.9423934163904446
0.2367248752672844,0.9425077151674477
0.2374376336421953,0.9425077151674477
0.2374376336421953,0.9426220139444508
0.23761582323592303,0.9426220139444508
0.23761582323592303,0.9427363127214539
0.23850677120456165,0.9427363127214539
0.23850677120456165,0.942850611498457
0.23895224518888097,0.942850611498457
0.23895224518888097,0.94296491027546
0.23930862437633643,0.94296491027546
0.23930862437633643,0.9430792090524631
0.24011047754811118,0.9430792090524631
0.24011047754811118,0.9431935078294662
0.24144689950106915,0.9431935078294662
0.24144689950106915,0.9433078066064693
0.24207056307911617,0.9433078066064693
0.24207056307911617,0.9434221053834724
0.2422487526728439,0.9434221053834724
0.2422487526728439,0.9435364041604755
0.24242694226657163,0.9435364041604755
0.24242694226657163,0.9436507029374785
0.2425160370634355,0.9436507029374785
0.2425160370634355,0.9437650017144816
0.24260513186029936,0.9437650017144816
0.24260513186029936,0.9438793004914847
0.24269422665716323,0.9438793004914847
0.24269422665716323,0.9439935992684878
0.24313970064148255,0.9439935992684878
0.24313970064148255,0.944222196822494
0.2436742694226657,0.944222196822494
0.2436742694226657,0.9443364955994971
0.2439415538132573,0.9443364955994971
0.2439415538132573,0.9445650931535032
0.24403064861012116,0.9445650931535032
0.24403064861012116,0.9446793919305063
0.24411974340698503,0.9446793919305063
0.24411974340698503,0.9447936907075094
0.24429793300071276,0.9447936907075094
0.24429793300071276,0.9449079894845125
0.24483250178189594,0.9449079894845125
0.24483250178189594,0.9450222882615156
0.2456343549536707,0.9450222882615156
0.24581254454739843,0.9450222882615156
0.24607982893799002,0.9450222882615156
0.24607982893799002,0.9451365870385187
0.24625801853171775,0.9451365870385187
0.24625801853171775,0.9453651845925248
0.2463471133285816,0.9453651845925248
0.2463471133285816,0.9454794833695279
0.24652530292230934,0.9454794833695279
0.24652530292230934,0.945593782146531
0.24777263007840342,0.945593782146531
0.24777263007840342,0.9457080809235341
0.24795081967213115,0.9457080809235341
0.24795081967213115,0.9458223797005372
0.24839629365645047,0.9458223797005372
0.24839629365645047,0.9461652760315464
0.24866357804704206,0.9461652760315464
0.24866357804704206,0.9462795748085495
0.25008909479686386,0.9462795748085495
0.25008909479686386,0.9463938735855526
0.2502672843905916,0.9463938735855526
0.2502672843905916,0.9466224711395588
0.2509800427655025,0.9466224711395588
0.2509800427655025,0.9467367699165619
0.25142551674982183,0.9467367699165619
0.25142551674982183,0.946851068693565
0.25187099073414115,0.946851068693565
0.25187099073414115,0.946965367470568
0.25294012829650747,0.946965367470568
0.25294012829650747,0.9471939650245742
0.25392017106201,0.9471939650245742
0.25392017106201,0.9473082638015773
0.25427655024946544,0.9473082638015773
0.25427655024946544,0.9474225625785804
0.2549002138275125,0.9474225625785804
0.2549002138275125,0.9475368613555835
0.2556129722024234,0.9475368613555835
0.2556129722024234,0.9476511601325865
0.256503920171062,0.9476511601325865
0.256503920171062,0.9477654589095896
0.2572166785459729,0.9477654589095896
0.2572166785459729,0.9478797576865927
0.2577512473271561,0.9478797576865927
0.2577512473271561,0.9479940564635958
0.2580185317177477,0.9479940564635958
0.2580185317177477,0.9481083552405989
0.2581967213114754,0.9481083552405989
0.2581967213114754,0.948222654017602
0.258464005702067,0.948222654017602
0.258464005702067,0.9483369527946051
0.25908766928011406,0.9483369527946051
0.25908766928011406,0.9485655503486112
0.25971133285816106,0.9485655503486112
0.25971133285816106,0.9486798491256143
0.2603349964362081,0.9486798491256143
0.2603349964362081,0.9489084466796205
0.261047754811119,0.9489084466796205
0.261047754811119,0.9490227454566236
0.26176051318602994,0.9490227454566236
0.26176051318602994,0.9491370442336267
0.26202779757662154,0.9491370442336267
0.26202779757662154,0.9492513430106297
0.2629187455452602,0.9492513430106297
0.2629187455452602,0.9493656417876328
0.26300784034212404,0.9493656417876328
0.26300784034212404,0.949594239341639
0.2631860299358518,0.949594239341639
0.2631860299358518,0.9497085381186421
0.2632751247327156,0.9497085381186421
0.2632751247327156,0.9498228368956452
0.26434426229508196,0.9498228368956452
0.26434426229508196,0.9499371356726483
0.2656806842480399,0.9499371356726483
0.2656806842480399,0.9500514344496513
0.2657697790449038,0.9500514344496513
0.2657697790449038,0.9502800320036575
0.26612615823235924,0.9502800320036575
0.26612615823235924,0.9503943307806606
0.2664825374198147,0.9503943307806606
0.2664825374198147,0.9505086295576637
0.2676407697790449,0.9505086295576637
0.2676407697790449,0.9506229283346668
0.2679080541696365,0.9506229283346668
0.2679080541696365,0.9508515258886729
0.2680862437633642,0.9508515258886729
0.2680862437633642,0.9513087209966853
0.2686208125445474,0.9513087209966853
0.2686208125445474,0.9514230197736884
0.2687990021382751,0.9514230197736884
0.2687990021382751,0.9515373185506915
0.2690662865288667,0.9515373185506915
0.2690662865288667,0.9516516173276945
0.27129365645046327,0.9516516173276945
0.27129365645046327,0.9518802148817007
0.2722736992159658,0.9518802148817007
0.2722736992159658,0.9519945136587038
0.27263007840342124,0.9519945136587038
0.27263007840342124,0.95222311121271
0.2727191732002851,0.95222311121271
0.2727191732002851,0.9523374099897131
0.27307555238774056,0.9523374099897131
0.27307555238774056,0.9524517087667161
0.2731646471846044,0.9524517087667161
0.2731646471846044,0.9525660075437192
0.27405559515324307,0.9525660075437192
0.27405559515324307,0.9526803063207223
0.27476835352815393,0.9526803063207223
0.27476835352815393,0.9527946050977254
0.2751247327156094,0.9527946050977254
0.2751247327156094,0.9529089038747285
0.27574839629365644,0.9529089038747285
0.27574839629365644,0.9530232026517316
0.2761047754811119,0.9530232026517316
0.2761047754811119,0.9531375014287348
0.2763720598717035,0.9531375014287348
0.2763720598717035,0.9532518002057379
0.27699572344975054,0.9532518002057379
0.27699572344975054,0.9533660989827409
0.2770848182466144,0.9533660989827409
0.2770848182466144,0.953480397759744
0.2776193870277976,0.953480397759744
0.2776193870277976,0.9535946965367471
0.2785103349964362,0.9535946965367471
0.2785103349964362,0.9538232940907533
0.27913399857448323,0.9538232940907533
0.27913399857448323,0.9539375928677564
0.27957947255880256,0.9539375928677564
0.27957947255880256,0.9540518916447595
0.2810049893086244,0.9540518916447595
0.2810049893086244,0.9541661904217625
0.281272273699216,0.9541661904217625
0.281272273699216,0.9542804891987656
0.28180684248039917,0.9542804891987656
0.28180684248039917,0.9543947879757687
0.2841233071988596,0.9543947879757687
0.2841233071988596,0.9545090867527718
0.28492516037063437,0.9545090867527718
0.28492516037063437,0.9546233855297749
0.28519244476122596,0.9546233855297749
0.28519244476122596,0.954737684306778
0.2861724875267284,0.954737684306778
0.2861724875267284,0.9550805806377872
0.28643977191732,0.9550805806377872
0.28643977191732,0.9551948794147903
0.2876870990734141,0.9551948794147903
0.2876870990734141,0.9553091781917934
0.2882216678545973,0.9553091781917934
0.2882216678545973,0.9554234769687965
0.2890235210263721,0.9554234769687965
0.2890235210263721,0.9555377757457996
0.28911261582323594,0.9555377757457996
0.28911261582323594,0.9556520745228027
0.2894689950106914,0.9556520745228027
0.2894689950106914,0.9558806720768088
0.289736279401283,0.9558806720768088
0.289736279401283,0.9559949708538119
0.28991446899501067,0.9559949708538119
0.28991446899501067,0.956109269630815
0.29044903777619385,0.956109269630815
0.29044903777619385,0.9563378671848212
0.2928545972915182,0.9563378671848212
0.2928545972915182,0.9564521659618243
0.2939237348538845,0.9564521659618243
0.2939237348538845,0.9565664647388273
0.29410192444761224,0.9565664647388273
0.29410192444761224,0.9566807635158304
0.29436920883820383,0.9566807635158304
0.29436920883820383,0.9567950622928335
0.29454739843193156,0.9567950622928335
0.29454739843193156,0.9569093610698366
0.29481468282252316,0.9569093610698366
0.29481468282252316,0.9570236598468397
0.29508196721311475,0.9570236598468397
0.29508196721311475,0.9571379586238428
0.2957056307911618,0.9571379586238428
0.2957056307911618,0.9572522574008459
0.29632929436920885,0.9572522574008459
0.29632929436920885,0.9573665561778489
0.29713114754098363,0.9573665561778489
0.29713114754098363,0.957480854954852
0.29748752672843903,0.957480854954852
0.29748752672843903,0.9575951537318551
0.2977548111190306,0.9575951537318551
0.2977548111190306,0.9577094525088582
0.2996258018531718,0.9577094525088582
0.2996258018531718,0.9578237512858613
0.3012295081967213,0.9578237512858613
0.3012295081967213,0.9580523488398675
0.3016749821810406,0.9580523488398675
0.3016749821810406,0.9582809463938736
0.3022095509622238,0.9582809463938736
0.3022095509622238,0.9585095439478798
0.302744119743407,0.9585095439478798
0.302744119743407,0.9586238427248829
0.3037241625089095,0.9586238427248829
0.3037241625089095,0.958738141501886
0.3039914468995011,0.958738141501886
0.3039914468995011,0.9589667390558921
0.30479330007127586,0.9589667390558921
0.30479330007127586,0.9590810378328952
0.3050605844618674,0.9590810378328952
0.3050605844618674,0.9591953366098983
0.30523877405559513,0.9591953366098983
0.30523877405559513,0.9593096353869014
0.30595153243050605,0.9593096353869014
0.30595153243050605,0.9594239341639045
0.3063079116179615,0.9594239341639045
0.3063079116179615,0.9595382329409076
0.3065751960085531,0.9595382329409076
0.3065751960085531,0.9597668304949137
0.30666429080541696,0.9597668304949137
0.30666429080541696,0.9598811292719168
0.3071097647897363,0.9598811292719168
0.3071097647897363,0.9599954280489199
0.30773342836778333,0.9599954280489199
0.30773342836778333,0.960109726825923
0.3082679971489665,0.960109726825923
0.3082679971489665,0.9602240256029261
0.308624376336422,0.9602240256029261
0.308624376336422,0.9603383243799292
0.3087134711332858,0.9603383243799292
0.3087134711332858,0.9604526231569323
0.30880256593014965,0.9604526231569323
0.30880256593014965,0.9605669219339353
0.30933713471133284,0.9605669219339353
0.30933713471133284,0.9606812207109384
0.309871703492516,0.9606812207109384
0.309871703492516,0.9609098182649446
0.31058446186742694,0.9609098182649446
0.31058446186742694,0.9610241170419477
0.31085174625801854,0.9610241170419477
0.31085174625801854,0.9611384158189508
0.31397006414825374,0.9611384158189508
0.31397006414825374,0.9612527145959538
0.3145046329294369,0.9612527145959538
0.3145046329294369,0.9613670133729569
0.3145937277263008,0.9613670133729569
0.3145937277263008,0.96148131214996
0.31468282252316465,0.96148131214996
0.31468282252316465,0.9615956109269631
0.31655381325730575,0.9615956109269631
0.31655381325730575,0.9617099097039662
0.31708838203848894,0.9617099097039662
0.31708838203848894,0.9618242084809693
0.31735566642908053,0.9618242084809693
0.31735566642908053,0.9619385072579724
0.3178902352102637,0.9619385072579724
0.3178902352102637,0.9620528060349754
0.3181575196008553,0.9620528060349754
0.3181575196008553,0.9621671048119785
0.31833570919458304,0.9621671048119785
0.31833570919458304,0.9622814035889816
0.3184248039914469,0.9622814035889816
0.3184248039914469,0.9623957023659847
0.3186920883820385,0.9623957023659847
0.3186920883820385,0.9625100011429878
0.31878118317890236,0.9625100011429878
0.31878118317890236,0.9626242999199909
0.32002851033499646,0.9626242999199909
0.32002851033499646,0.962738598696994
0.32020669992872414,0.962738598696994
0.32020669992872414,0.962852897473997
0.32065217391304346,0.962852897473997
0.32065217391304346,0.9629671962510001
0.3208303635067712,0.9629671962510001
0.3208303635067712,0.9630814950280032
0.32243406985032075,0.9630814950280032
0.32243406985032075,0.9631957938050063
0.32270135424091234,0.9631957938050063
0.32270135424091234,0.9634243913590125
0.32287954383464007,0.9634243913590125
0.32287954383464007,0.9635386901360156
0.3230577334283678,0.9635386901360156
0.3230577334283678,0.9636529889130186
0.32403777619387025,0.9636529889130186
0.32403777619387025,0.9637672876900217
0.32653243050605846,0.9637672876900217
0.32653243050605846,0.9638815864670248
0.3267106200997862,0.9638815864670248
0.3267106200997862,0.9639958852440279
0.32706699928724164,0.9639958852440279
0.32706699928724164,0.9642244827980341
0.3290270848182466,0.9642244827980341
0.3290270848182466,0.9643387815750372
0.3295616535994298,0.9643387815750372
0.3295616535994298,0.9644530803520402
0.3328581610833927,0.9644530803520402
0.3328581610833927,0.9645673791290433
0.3331254454739843,0.9645673791290433
0.3331254454739843,0.9646816779060464
0.3341945830363507,0.9646816779060464
0.3341945830363507,0.9647959766830495
0.33499643620812547,0.9647959766830495
0.33499643620812547,0.9649102754600526
0.335263720598717,0.9649102754600526
0.335263720598717,0.9650245742370557
0.3355310049893086,0.9650245742370557
0.3355310049893086,0.9651388730140588
0.3357982893799002,0.9651388730140588
0.3357982893799002,0.9652531717910618
0.33615466856735565,0.9652531717910618
0.33615466856735565,0.9653674705680649
0.33695652173913043,0.9653674705680649
0.33695652173913043,0.9655960681220711
0.33820384889522453,0.9655960681220711
0.33820384889522453,0.9657103668990742
0.33980755523877404,0.9657103668990742
0.33980755523877404,0.9658246656760773
0.3398966500356379,0.9658246656760773
0.3398966500356379,0.9659389644530804
0.34052031361368496,0.9659389644530804
0.34052031361368496,0.9660532632300834
0.34123307198859587,0.9660532632300834
0.34123307198859587,0.9661675620070865
0.34435138987883107,0.9661675620070865
0.34435138987883107,0.9662818607840896
0.34755880256593014,0.9662818607840896
0.34755880256593014,0.9663961595610927
0.34853884533143265,0.9663961595610927
0.34853884533143265,0.9665104583380958
0.34978617248752675,0.9665104583380958
0.34978617248752675,0.9666247571150989
0.3499643620812545,0.9666247571150989
0.3499643620812545,0.966739055892102
0.35023164647184607,0.966739055892102
0.35023164647184607,0.9669676534461081
0.35165716322166785,0.9669676534461081
0.35165716322166785,0.9670819522231112
0.3525481111903065,0.9670819522231112
0.3525481111903065,0.9671962510001143
0.35343905915894513,0.9671962510001143
0.35343905915894513,0.9673105497771174
0.3543300071275837,0.9673105497771174
0.3543300071275837,0.9674248485541205
0.3544191019244476,0.9674248485541205
0.3544191019244476,0.9675391473311236
0.3548645759087669,0.9675391473311236
0.3548645759087669,0.9676534461081266
0.35522095509622237,0.9676534461081266
0.35522095509622237,0.9677677448851297
0.3562009978617249,0.9677677448851297
0.3562009978617249,0.9678820436621328
0.3582501781895937,0.9678820436621328
0.3582501781895937,0.9679963424391359
0.35860655737704916,0.9679963424391359
0.35860655737704916,0.968110641216139
0.360032074126871,0.968110641216139
0.360032074126871,0.9682249399931421
0.3607448325017819,0.9682249399931421
0.3607448325017819,0.9683392387701452
0.36110121168923737,0.9683392387701452
0.36110121168923737,0.9684535375471482
0.3614575908766928,0.9684535375471482
0.3614575908766928,0.9685678363241513
0.3619030648610121,0.9685678363241513
0.3619030648610121,0.9686821351011544
0.36279401282965074,0.9686821351011544
0.36279401282965074,0.9687964338781575
0.36546685673556667,0.9687964338781575
0.36546685673556667,0.9689107326551606
0.3655559515324305,0.9689107326551606
0.3655559515324305,0.9690250314321637
0.36591233071988594,0.9690250314321637
0.36591233071988594,0.9691393302091668
0.36662508909479685,0.9691393302091668
0.36662508909479685,0.9692536289861698
0.3667141838916607,0.9692536289861698
0.3667141838916607,0.9693679277631729
0.3670705630791162,0.9693679277631729
0.3670705630791162,0.969482226540176
0.36867426942266573,0.969482226540176
0.36867426942266573,0.9695965253171791
0.3703670705630791,0.9695965253171791
0.3703670705630791,0.9697108240941822
0.3706343549536707,0.9697108240941822
0.3706343549536707,0.9698251228711853
0.3709016393442623,0.9698251228711853
0.3709016393442623,0.9699394216481884
0.37125801853171775,0.9699394216481884
0.37125801853171775,0.9700537204251914
0.3718816821097648,0.9700537204251914
0.3718816821097648,0.9702823179791976
0.3725944404846757,0.9702823179791976
0.3725944404846757,0.9703966167562007
0.3741981468282252,0.9703966167562007
0.3741981468282252,0.9705109155332038
0.3747327156094084,0.9705109155332038
0.3747327156094084,0.9706252143102069
0.37508909479686386,0.9706252143102069
0.37508909479686386,0.97073951308721
0.37660370634354956,0.97073951308721
0.37660370634354956,0.970853811864213
0.3767818959372773,0.970853811864213
0.3767818959372773,0.9709681106412161
0.3773164647184604,0.9709681106412161
0.3773164647184604,0.9710824094182192
0.37749465431218815,0.9710824094182192
0.37749465431218815,0.9711967081952223
0.3778510334996436,0.9711967081952223
0.3778510334996436,0.9713110069722254
0.3790983606557377,0.9713110069722254
0.3790983606557377,0.9714253057492285
0.3796329294369209,0.9714253057492285
0.3796329294369209,0.9715396045262316
0.3801674982181041,0.9715396045262316
0.3801674982181041,0.9717682020802377
0.38132573057733427,0.9717682020802377
0.38132573057733427,0.9718825008572408
0.38266215253029223,0.9718825008572408
0.38266215253029223,0.9719967996342439
0.38337491090520315,0.9719967996342439
0.38337491090520315,0.972111098411247
0.38435495367070566,0.972111098411247
0.38435495367070566,0.9722253971882501
0.3844440484675695,0.9722253971882501
0.3844440484675695,0.9723396959652532
0.3851568068424804,0.9723396959652532
0.3851568068424804,0.9724539947422562
0.38622594440484675,0.9724539947422562
0.38622594440484675,0.9725682935192593
0.38649322879543835,0.9725682935192593
0.38649322879543835,0.9726825922962624
0.3871168923734854,0.9726825922962624
0.3871168923734854,0.9727968910732655
0.387384176764077,0.9727968910732655
0.387384176764077,0.9729111898502686
0.3889878831076265,0.9729111898502686
0.3889878831076265,0.9730254886272717
0.39005702066999287,0.9730254886272717
0.39005702066999287,0.9731397874042748
0.3905024946543122,0.9731397874042748
0.3905024946543122,0.9732540861812778
0.39166072701354243,0.9732540861812778
0.39166072701354243,0.9733683849582809
0.392551674982181,0.9733683849582809
0.392551674982181,0.973482683735284
0.3933535281539558,0.973482683735284
0.3933535281539558,0.9735969825122871
0.3950463292943692,0.9735969825122871
0.3950463292943692,0.9737112812892902
0.3956699928724163,0.9737112812892902
0.3956699928724163,0.9738255800662933
0.39575908766928014,0.9738255800662933
0.39575908766928014,0.9739398788432964
0.3982537419814683,0.9739398788432964
0.3982537419814683,0.9740541776202994
0.3985210263720599,0.9740541776202994
0.3985210263720599,0.9741684763973025
0.39914468995010693,0.9741684763973025
0.39914468995010693,0.9742827751743056
0.39967925873129007,0.9742827751743056
0.39967925873129007,0.9743970739513087
0.3998574483250178,0.9743970739513087
0.3998574483250178,0.9745113727283118
0.4001247327156094,0.9745113727283118
0.4001247327156094,0.9746256715053149
0.40270848182466146,0.9746256715053149
0.40270848182466146,0.974739970282318
0.4036885245901639,0.974739970282318
0.4036885245901639,0.974854269059321
0.4037776193870278,0.974854269059321
0.4037776193870278,0.9749685678363241
0.40529223093371347,0.9749685678363241
0.40529223093371347,0.9750828666133272
0.4083214540270848,0.9750828666133272
0.4083214540270848,0.9751971653903303
0.40849964362081254,0.9751971653903303
0.40849964362081254,0.9753114641673334
0.40992516037063437,0.9753114641673334
0.40992516037063437,0.9754257629443365
0.41001425516749823,0.9754257629443365
0.41001425516749823,0.9755400617213396
0.4101033499643621,0.9755400617213396
0.4101033499643621,0.9756543604983426
0.4102815395580898,0.9756543604983426
0.4102815395580898,0.9757686592753457
0.4103706343549537,0.9757686592753457
0.4103706343549537,0.9758829580523488
0.413399857448325,0.9758829580523488
0.413399857448325,0.9759972568293519
0.41429080541696367,0.9759972568293519
0.41429080541696367,0.976111555606355
0.4148253741981468,0.976111555606355
0.4148253741981468,0.9762258543833581
0.4152708481824661,0.9762258543833581
0.4152708481824661,0.9763401531603612
0.4167854597291518,0.9763401531603612
0.4167854597291518,0.9764544519373642
0.41776550249465433,0.9764544519373642
0.41776550249465433,0.9765687507143673
0.41883464005702065,0.9765687507143673
0.41883464005702065,0.9767973482683735
0.42008196721311475,0.9767973482683735
0.42008196721311475,0.9769116470453766
0.42320028510334995,0.9769116470453766
0.42320028510334995,0.9770259458223797
0.4232893799002138,0.9770259458223797
0.4232893799002138,0.9771402445993828
0.4261404133998574,0.9771402445993828
0.4261404133998574,0.9773688421533889
0.42712045616535993,0.9773688421533889
0.42712045616535993,0.977483140930392
0.4274768353528154,0.977483140930392
0.4274768353528154,0.9775974397073951
0.4276550249465431,0.9775974397073951
0.4276550249465431,0.9777117384843982
0.43068424803991445,0.9777117384843982
0.43068424803991445,0.9778260372614013
0.4311297220242338,0.9778260372614013
0.4311297220242338,0.9779403360384044
0.4315751960085531,0.9779403360384044
0.4315751960085531,0.9780546348154074
0.4317533856022808,0.9780546348154074
0.4317533856022808,0.9782832323694136
0.4346935138987883,0.9782832323694136
0.4346935138987883,0.9783975311464167
0.4364754098360656,0.9783975311464167
0.4364754098360656,0.9785118299234198
0.43656450463292945,0.9785118299234198
0.43656450463292945,0.9786261287004229
0.4370099786172488,0.9786261287004229
0.4370099786172488,0.978740427477426
0.43888096935138987,0.978740427477426
0.43888096935138987,0.978854726254429
0.4408410548823949,0.978854726254429
0.4408410548823949,0.9789690250314321
0.441375623663578,0.9789690250314321
0.441375623663578,0.9790833238084352
0.4414647184604419,0.9790833238084352
0.4414647184604419,0.9791976225854383
0.44253385602280826,0.9791976225854383
0.44253385602280826,0.9793119213624414
0.44378118317890236,0.9793119213624414
0.44378118317890236,0.9794262201394445
0.44547398431931573,0.9794262201394445
0.44547398431931573,0.9795405189164476
0.44663221667854597,0.9795405189164476
0.44663221667854597,0.9796548176934506
0.44743406985032075,0.9796548176934506
0.44743406985032075,0.9797691164704537
0.4476122594440485,0.9797691164704537
0.4476122594440485,0.9798834152474568
0.4540270848182466,0.9798834152474568
0.4540270848182466,0.9799977140244599
0.4560762651461155,0.9799977140244599
0.4560762651461155,0.980112012801463
0.45883820384889523,0.980112012801463
0.45883820384889523,0.9802263115784661
0.4597291518175339,0.9802263115784661
0.4597291518175339,0.9803406103554692
0.461600142551675,0.9803406103554692
0.461600142551675,0.9804549091324722
0.4623129009265859,0.9804549091324722
0.4623129009265859,0.9805692079094753
0.4648966500356379,0.9805692079094753
0.4648966500356379,0.9806835066864784
0.47175694939415536,0.9806835066864784
0.47175694939415536,0.9807978054634815
0.47567712045616534,0.9807978054634815
0.47567712045616534,0.9809121042404846
0.476568068424804,0.9809121042404846
0.476568068424804,0.9810264030174877
0.4809337134711333,0.9810264030174877
0.4809337134711333,0.9811407017944908
0.48182466143977193,0.9811407017944908
0.48182466143977193,0.9813692993484969
0.48200285103349966,0.9813692993484969
0.48200285103349966,0.9814835981255
0.483071988595866,0.9814835981255
0.483071988595866,0.9817121956795062
0.4840520313613685,0.9817121956795062
0.4840520313613685,0.9818264944565093
0.4842302209550962,0.9818264944565093
0.4842302209550962,0.9819407932335124
0.4869030648610121,0.9819407932335124
0.4869030648610121,0.9820550920105154
0.4912687099073414,0.9820550920105154
0.4912687099073414,0.9821693907875185
0.49215965787598004,0.9821693907875185
0.49215965787598004,0.9822836895645216
0.49358517462580187,0.9822836895645216
0.49358517462580187,0.9823979883415247
0.49572344975053456,0.9823979883415247
0.49572344975053456,0.9825122871185278
0.49723806129722026,0.9825122871185278
0.49723806129722026,0.9826265858955309
0.497416250890948,0.9826265858955309
0.497416250890948,0.982740884672534
0.4991981468282252,0.982740884672534
0.4991981468282252,0.982855183449537
0.5005345687811832,0.982855183449537
0.5005345687811832,0.9829694822265401
0.5029401282965075,0.9829694822265401
0.5029401282965075,0.9830837810035432
0.5063257305773343,0.9830837810035432
0.5063257305773343,0.9831980797805463
0.5066821097647898,0.9831980797805463
0.5066821097647898,0.9833123785575494
0.5073057733428368,0.9833123785575494
0.5073057733428368,0.9834266773345525
0.5074839629365645,0.9834266773345525
0.5074839629365645,0.9835409761115556
0.5076621525302922,0.9835409761115556
0.5076621525302922,0.9836552748885586
0.5092658588738418,0.9836552748885586
0.5092658588738418,0.9837695736655617
0.5101568068424804,0.9837695736655617
0.5101568068424804,0.9839981712195679
0.5105131860299359,0.9839981712195679
0.5105131860299359,0.984112469996571
0.5126514611546685,0.984112469996571
0.5126514611546685,0.9842267687735741
0.5127405559515325,0.9842267687735741
0.5127405559515325,0.9843410675505772
0.5142551674982181,0.9843410675505772
0.5142551674982181,0.9844553663275804
0.5146115466856735,0.9844553663275804
0.5146115466856735,0.9845696651045834
0.5174625801853172,0.9845696651045834
0.5174625801853172,0.9846839638815865
0.5179971489665004,0.9846839638815865
0.5179971489665004,0.9847982626585896
0.518888096935139,0.9847982626585896
0.518888096935139,0.9849125614355927
0.5199572344975053,0.9849125614355927
0.5199572344975053,0.9850268602125958
0.5200463292943692,0.9850268602125958
0.5200463292943692,0.9851411589895989
0.520848182466144,0.9851411589895989
0.520848182466144,0.985255457766602
0.5231646471846044,0.985255457766602
0.5231646471846044,0.9854840553206081
0.5232537419814682,0.9854840553206081
0.5232537419814682,0.9855983540976112
0.5266393442622951,0.9855983540976112
0.5266393442622951,0.9857126528746143
0.5268175338560228,0.9857126528746143
0.5268175338560228,0.9858269516516174
0.5292230933713471,0.9858269516516174
0.5292230933713471,0.9859412504286205
0.5307377049180327,0.9859412504286205
0.5307377049180327,0.9860555492056235
0.5308267997148967,0.9860555492056235
0.5308267997148967,0.9861698479826266
0.5326977904490378,0.9861698479826266
0.5326977904490378,0.9862841467596297
0.5334996436208126,0.9862841467596297
0.5334996436208126,0.9863984455366328
0.5340342124019958,0.9863984455366328
0.5340342124019958,0.9865127443136359
0.5368852459016393,0.9865127443136359
0.5368852459016393,0.986627043090639
0.5394689950106913,0.986627043090639
0.5394689950106913,0.9867413418676421
0.5401817533856023,0.9867413418676421
0.5401817533856023,0.9868556406446451
0.5402708481824662,0.9868556406446451
0.5402708481824662,0.9869699394216482
0.5425873129009265,0.9869699394216482
0.5425873129009265,0.9870842381986513
0.5458838203848895,0.9870842381986513
0.5458838203848895,0.9871985369756544
0.549447612259444,0.9871985369756544
0.549447612259444,0.9873128357526575
0.5536350677120456,0.9873128357526575
0.5536350677120456,0.9874271345296606
0.5571988595866001,0.9874271345296606
0.5571988595866001,0.9875414333066637
0.5594262295081968,0.9875414333066637
0.5594262295081968,0.9876557320836667
0.5610299358517462,0.9876557320836667
0.5610299358517462,0.9877700308606698
0.5617426942266571,0.9877700308606698
0.5617426942266571,0.9878843296376729
0.5626336421952958,0.9878843296376729
0.5626336421952958,0.987998628414676
0.5637918745545261,0.987998628414676
0.5637918745545261,0.9881129271916791
0.5652173913043478,0.9881129271916791
0.5652173913043478,0.9882272259686822
0.5669992872416251,0.9882272259686822
0.5669992872416251,0.9883415247456853
0.5689593727726301,0.9883415247456853
0.5689593727726301,0.9884558235226883
0.5691375623663578,0.9884558235226883
0.5691375623663578,0.9885701222996914
0.571632216678546,0.9885701222996914
0.571632216678546,0.9886844210766945
0.5766215253029223,0.9886844210766945
0.5766215253029223,0.9887987198536976
0.5789379900213828,0.9887987198536976
0.5789379900213828,0.9889130186307007
0.5813435495367071,0.9889130186307007
0.5813435495367071,0.9890273174077038
0.5815217391304348,0.9890273174077038
0.5815217391304348,0.9891416161847069
0.5823235923022095,0.9891416161847069
0.5823235923022095,0.98925591496171
0.5824126870990735,0.98925591496171
0.5824126870990735,0.989370213738713
0.5890947968638631,0.989370213738713
0.5890947968638631,0.9894845125157161
0.6027263007840342,0.9894845125157161
0.6027263007840342,0.9895988112927192
0.602815395580898,0.9895988112927192
0.602815395580898,0.9897131100697223
0.6044191019244476,0.9897131100697223
0.6044191019244476,0.9898274088467254
0.6045972915181753,0.9898274088467254
0.6045972915181753,0.9899417076237285
0.6097647897362795,0.9899417076237285
0.6097647897362795,0.9900560064007315
0.611992159657876,0.9900560064007315
0.611992159657876,0.9901703051777346
0.6150213827512473,0.9901703051777346
0.6150213827512473,0.9902846039547377
0.6223271560940841,0.9902846039547377
0.6223271560940841,0.9903989027317408
0.6235744832501782,0.9903989027317408
0.6235744832501782,0.9905132015087439
0.6239308624376336,0.9905132015087439
0.6239308624376336,0.990627500285747
0.6279401282965075,0.990627500285747
0.6279401282965075,0.9907417990627501
0.6285637918745546,0.9907417990627501
0.6285637918745546,0.9908560978397531
0.6323948681397007,0.9908560978397531
0.6323948681397007,0.9910846953937593
0.6335531004989309,0.9910846953937593
0.6335531004989309,0.9911989941707624
0.6339985744832501,0.9911989941707624
0.6339985744832501,0.9913132929477655
0.6433535281539559,0.9913132929477655
0.6433535281539559,0.9914275917247686
0.643888096935139,0.9914275917247686
0.643888096935139,0.9915418905017717
0.6444226657163221,0.9915418905017717
0.6444226657163221,0.9916561892787747
0.6454027084818247,0.9916561892787747
0.6454027084818247,0.9917704880557778
0.6472736992159658,0.9917704880557778
0.6472736992159658,0.9918847868327809
0.6477191732002852,0.9918847868327809
0.6477191732002852,0.991999085609784
0.6492337847469708,0.991999085609784
0.6492337847469708,0.9921133843867871
0.6527975766215253,0.9921133843867871
0.6527975766215253,0.9922276831637902
0.6569850320741268,0.9922276831637902
0.6569850320741268,0.9923419819407933
0.6619743406985032,0.9923419819407933
0.6619743406985032,0.9924562807177963
0.6695473984319316,0.9924562807177963
0.6695473984319316,0.9925705794947994
0.6813970064148254,0.9925705794947994
0.6813970064148254,0.9926848782718025
0.682911617961511,0.9926848782718025
0.682911617961511,0.9927991770488056
0.6872772630078403,0.9927991770488056
0.6872772630078403,0.9929134758258087
0.6891482537419815,0.9929134758258087
0.6891482537419815,0.9930277746028118
0.6895046329294369,0.9930277746028118
0.6895046329294369,0.9931420733798149
0.6898610121168923,0.9931420733798149
0.6898610121168923,0.993256372156818
0.6909301496792587,0.993256372156818
0.6909301496792587,0.993370670933821
0.6911083392729864,0.993370670933821
0.6911083392729864,0.9934849697108241
0.6924447612259444,0.9934849697108241
0.6924447612259444,0.9935992684878272
0.6977013542409123,0.9935992684878272
0.6977013542409123,0.9937135672648303
0.7018888096935139,0.9937135672648303
0.7018888096935139,0.9938278660418334
0.7034034212401996,0.9938278660418334
0.7034034212401996,0.9939421648188365
0.7034925160370634,0.9939421648188365
0.7034925160370634,0.9940564635958395
0.7071454027084818,0.9940564635958395
0.7071454027084818,0.9941707623728426
0.7100855310049893,0.9941707623728426
0.7100855310049893,0.9942850611498457
0.7130256593014968,0.9942850611498457
0.7130256593014968,0.9943993599268488
0.7208660014255167,0.9943993599268488
0.7208660014255167,0.9945136587038519
0.7393977191732003,0.9945136587038519
0.7393977191732003,0.994627957480855
0.7440306486101211,0.994627957480855
0.7440306486101211,0.9947422562578581
0.7458125445473984,0.9947422562578581
0.7458125445473984,0.9948565550348611
0.7529401282965075,0.9948565550348611
0.7529401282965075,0.9949708538118642
0.7557911617961511,0.9949708538118642
0.7557911617961511,0.9950851525888673
0.7689771917320029,0.9950851525888673
0.7689771917320029,0.9951994513658704
0.7728973627940128,0.9951994513658704
0.7728973627940128,0.9953137501428735
0.773431931575196,0.9953137501428735
0.773431931575196,0.9954280489198766
0.7742337847469708,0.9954280489198766
0.7742337847469708,0.9955423476968797
0.7744119743406985,0.9955423476968797
0.7744119743406985,0.9956566464738827
0.7786885245901639,0.9956566464738827
0.7786885245901639,0.9957709452508858
0.7814504632929437,0.9957709452508858
0.7814504632929437,0.9958852440278889
0.7908054169636494,0.9958852440278889
0.7908054169636494,0.995999542804892
0.7916963649322879,0.995999542804892
0.7916963649322879,0.9961138415818951
0.7926764076977905,0.9961138415818951
0.7926764076977905,0.9962281403588982
0.7983784746970777,0.9962281403588982
0.7983784746970777,0.9963424391359013
0.800160370634355,0.9963424391359013
0.800160370634355,0.9964567379129043
0.8064861012116893,0.9964567379129043
0.8064861012116893,0.9965710366899074
0.8070206699928724,0.9965710366899074
0.8070206699928724,0.9966853354669105
0.8146828225231646,0.9966853354669105
0.8146828225231646,0.9967996342439136
0.8153064861012117,0.9967996342439136
0.8153064861012117,0.9969139330209167
0.8174447612259444,0.9969139330209167
0.8174447612259444,0.9970282317979198
0.8204739843193157,0.9970282317979198
0.8204739843193157,0.9971425305749229
0.8382929436920884,0.9971425305749229
0.8382929436920884,0.9972568293519259
0.8414112615823236,0.9972568293519259
0.8414112615823236,0.997371128128929
0.8507662152530292,0.997371128128929
0.8507662152530292,0.9975997256829352
0.8615466856735566,0.9975997256829352
0.8615466856735566,0.9977140244599383
0.8657341411261582,0.9977140244599383
0.8657341411261582,0.9978283232369414
0.8708125445473984,0.9978283232369414
0.8708125445473984,0.9979426220139445
0.8765146115466856,0.9979426220139445
0.8765146115466856,0.9980569207909475
0.8898788310762652,0.9980569207909475
0.8898788310762652,0.9981712195679506
0.8930862437633642,0.9981712195679506
0.8930862437633642,0.9982855183449537
0.8937990021382751,0.9982855183449537
0.8937990021382751,0.9983998171219568
0.9011047754811119,0.9983998171219568
0.9011047754811119,0.9985141158989599
0.9036885245901639,0.9985141158989599
0.9036885245901639,0.998628414675963
0.9048467569493942,0.998628414675963
0.9048467569493942,0.9987427134529661
0.9131325730577334,0.9987427134529661
0.9131325730577334,0.9988570122299691
0.925071275837491,0.9988570122299691
0.925071275837491,0.9989713110069722
0.9274768353528154,0.9989713110069722
0.9274768353528154,0.9990856097839753
0.9310406272273699,0.9990856097839753
0.9310406272273699,0.9991999085609784
0.9319315751960086,0.9991999085609784
0.9319315751960086,0.9993142073379815
0.9340698503207413,0.9993142073379815
0.9340698503207413,0.9994285061149846
0.9418210976478973,0.9994285061149846
0.9418210976478973,0.9995428048919877
0.95179971489665,0.9995428048919877
0.95179971489665,0.9996571036689907
0.9679258731290092,0.9996571036689907
0.9679258731290092,0.9997714024459938
0.9709550962223806,0.9997714024459938
0.9709550962223806,0.9998857012229969
0.9754098360655737,0.9998857012229969
0.9754098360655737,1.0
1.0,1.0
