feature,coefficient,abs_coefficient
ختك,9.89305380408348,9.89305380408348
كلاب,9.208851857147051,9.208851857147051
وجوه,9.158215200740514,9.158215200740514
امك,9.092488685413453,9.092488685413453
نيك,8.92700180639964,8.92700180639964
جاهل,8.683814517096607,8.683814517096607
شر,8.307178180097539,8.307178180097539
بوصبع,7.808913178551168,7.808913178551168
كلب,7.772602980648383,7.772602980648383
حمار,7.716766135579207,7.716766135579207
زبي,7.542659083490336,7.542659083490336
شكوبي,7.397387445185656,7.397387445185656
الكلب,7.381578019941331,7.381578019941331
المازدا,7.302471929648106,7.302471929648106
الكلاب,7.039584712620267,7.039584712620267
مزيه,-7.021487729810497,7.021487729810497
تكذب,6.960820903214082,6.960820903214082
طحان,6.89447042473064,6.89447042473064
مك,6.8712534857747585,6.8712534857747585
سبي,6.72718850946857,6.72718850946857
علابالي,-6.594044566507045,6.594044566507045
الشعر,6.592187827151944,6.592187827151944
روحي,6.586373538506987,6.586373538506987
الكفار,6.273580505783338,6.273580505783338
كذاب,6.247145037650126,6.247145037650126
الحمير,6.148407864596113,6.148407864596113
باين,6.082532261828673,6.082532261828673
بغل,6.073045443771528,6.073045443771528
الموت,6.047261916543003,6.047261916543003
نقش,6.021360475743928,6.021360475743928
وعلاه,-5.951693736756936,5.951693736756936
روح,5.92281927286769,5.92281927286769
ترمتك,5.905507328907196,5.905507328907196
الذباب,5.854744426362061,5.854744426362061
وجه,5.852968669689736,5.852968669689736
رخيس,5.818095504811942,5.818095504811942
خاين,5.816040923355194,5.816040923355194
العار,5.7813542656258825,5.7813542656258825
عميل,5.775041952954991,5.775041952954991
سراق,5.67666058175691,5.67666058175691
يتمنيك,5.639233579540475,5.639233579540475
اختك,5.636769505030597,5.636769505030597
الكعب,5.6220406874478215,5.6220406874478215
وجهك,5.6169798462860205,5.6169798462860205
كافي,5.525822311474536,5.525822311474536
الابقار,5.504950520595152,5.504950520595152
تفوه,5.494101401314953,5.494101401314953
الزواف,5.4549504738151375,5.4549504738151375
الباجه,5.4522655640869955,5.4522655640869955
nik,5.438537591097451,5.438537591097451
اغتصاب,5.391331474193922,5.391331474193922
ارهابيه,5.350806788284676,5.350806788284676
الصبع,5.339034835220337,5.339034835220337
تفو,5.325549285015955,5.325549285015955
لعنه,5.31624448198809,5.31624448198809
القحبه,5.3149059842938025,5.3149059842938025
مبروك,-5.265838664712613,5.265838664712613
دخلك,5.257478160551223,5.257478160551223
تنبح,5.255737913451975,5.255737913451975
ربكم,5.144958996088119,5.144958996088119
سيادك,5.127338613910221,5.127338613910221
عاهره,5.12139301354825,5.12139301354825
الجاج,-5.107461561220059,5.107461561220059
الخامجه,5.098159099136759,5.098159099136759
عقده العاصمه,5.082813685365124,5.082813685365124
منافق,5.0360513521997845,5.0360513521997845
يماك,5.012880011829019,5.012880011829019
عملاء,5.0082167551871235,5.0082167551871235
تربحكم,5.007997433695779,5.007997433695779
الجاهل,4.986680399622858,4.986680399622858
ياخي,4.978017002869789,4.978017002869789
ينعلك,4.956315128584951,4.956315128584951
جيبك,4.944885378253754,4.944885378253754
القنطه,4.919384151562364,4.919384151562364
كوندور,-4.919288535213648,4.919288535213648
البناء,-4.898881416542462,4.898881416542462
الصهيونيه,4.8944755348772,4.8944755348772
نكتها,4.878084199927356,4.878084199927356
نيشان,-4.874121974047587,4.874121974047587
تمنيك,4.873408424693712,4.873408424693712
عطاي,4.86777703748553,4.86777703748553
خبيث,4.857576053028515,4.857576053028515
شكب,4.836997350365349,4.836997350365349
الخرطي,4.83620834609617,4.83620834609617
الجنود,4.821091761810313,4.821091761810313
yemak,4.808317346049612,4.808317346049612
نكره,4.805985477546706,4.805985477546706
قحبه,4.75058443200333,4.75058443200333
نعدين,4.729623117227726,4.729623117227726
تقود,4.729536450015538,4.729536450015538
مرحبا,-4.71291730245218,4.71291730245218
الخاين,4.707025087622452,4.707025087622452
بنتك,4.705407417042256,4.705407417042256
يقود,4.692794658016809,4.692794658016809
منافقين,4.675602807559932,4.675602807559932
معمره,4.66981503386888,4.66981503386888
جايح,4.666943130072047,4.666943130072047
لكلاب,4.655688302784738,4.655688302784738
يسرق,4.644695390187411,4.644695390187411
شيطان,4.624918867842333,4.624918867842333
khtek,4.612995687062958,4.612995687062958
باباهم,4.604711321826685,4.604711321826685
يحكي,4.599604692672628,4.599604692672628
لقحاب,4.591186063199195,4.591186063199195
فيق,4.587429641093993,4.587429641093993
العظيم استغفر,4.586709923726287,4.586709923726287
كعب,4.5856468583128125,4.5856468583128125
الشياتين,4.563537380146696,4.563537380146696
يديك,4.56147889879667,4.56147889879667
تعاني,-4.549900128052491,4.549900128052491
اليد,-4.543849533897318,4.543849533897318
ماتكم,4.542296728355054,4.542296728355054
ازبي,4.541062883849952,4.541062883849952
الاه,4.5351287149560235,4.5351287149560235
رخس,4.532631646404369,4.532631646404369
اطلع,-4.527223528911291,4.527223528911291
البغل,4.52188088021612,4.52188088021612
106,4.510686769734095,4.510686769734095
الفايحه,4.48157832930652,4.48157832930652
الجهل,4.449412797636797,4.449412797636797
باباك,4.439344476143357,4.439344476143357
خونه,4.43367228180095,4.43367228180095
ذباب,4.421421579618084,4.421421579618084
mok,4.404581184810517,4.404581184810517
نقوشه,4.402652617633436,4.402652617633436
اعطونا,-4.3910972307236635,4.3910972307236635
الدعاره,4.376542028412573,4.376542028412573
كول,4.375765772897325,4.375765772897325
فاسد,4.375413144040855,4.375413144040855
قولت,-4.368390099448477,4.368390099448477
مخك,4.362393947630727,4.362393947630727
تناكت,4.359839900835504,4.359839900835504
تتمنيك,4.35146849743036,4.35146849743036
مولوديه كبيره,4.350337338873884,4.350337338873884
فضلكم,-4.347568405208869,4.347568405208869
خصيتيك,4.33934213566926,4.33934213566926
مثلك,4.318850996935782,4.318850996935782
الفلاحه,4.315189188818046,4.315189188818046
المنجل,4.311227858209703,4.311227858209703
المازده,4.302027144428777,4.302027144428777
يخي,4.296416535343771,4.296416535343771
تحياتي,-4.295329099309154,4.295329099309154
العبيد,4.290402971712258,4.290402971712258
الطحين,4.287899535075469,4.287899535075469
الامام,-4.287333879606146,4.287333879606146
كلبه,4.277712267961185,4.277712267961185
يذلك,4.265131839295836,4.265131839295836
بلماضي,4.263750678348984,4.263750678348984
وخلاك,4.261957870346965,4.261957870346965
قاعك,4.256291619032706,4.256291619032706
زمن,4.251191938732128,4.251191938732128
روحكم,4.246356223827236,4.246356223827236
بال,4.245857034774186,4.245857034774186
يازبي,4.245447288249208,4.245447288249208
يسما,-4.241804341485725,4.241804341485725
zebi,4.234714195938044,4.234714195938044
العميل,4.232306342784934,4.232306342784934
جاك,4.2212258988287985,4.2212258988287985
زكاره,4.220754729049271,4.220754729049271
اشرف,4.216724378796941,4.216724378796941
الطحان,4.216437536924285,4.216437536924285
قبلو,4.216143513782403,4.216143513782403
شرفك,4.2147691947842105,4.2147691947842105
فرج,4.210098770106424,4.210098770106424
يقف,4.201310971479796,4.201310971479796
عقلك,4.19912384440033,4.19912384440033
يذلكم,4.192345157518342,4.192345157518342
اصحاب المال,-4.186773992644344,4.186773992644344
غبغاب,4.1862002762648265,4.1862002762648265
نيكمو,4.176611448315335,4.176611448315335
بعدما,4.163641254779521,4.163641254779521
الهاتف,-4.14814955048782,4.14814955048782
السياسي,-4.145110442831871,4.145110442831871
يدافعوا,4.143065414122659,4.143065414122659
يتم,-4.14159024086717,4.14159024086717
خائن,4.139750486884736,4.139750486884736
ترمتو,4.134749069689342,4.134749069689342
تكلاشي,4.131590389906888,4.131590389906888
نكمك,4.131481838137225,4.131481838137225
الاخرار,4.123562669770092,4.123562669770092
تاوعنا,-4.122755925724489,4.122755925724489
niveau,4.118825055493135,4.118825055493135
احشم,4.116582593842884,4.116582593842884
تحبوش,4.100269135593411,4.100269135593411
تلبسو,4.099656811653342,4.099656811653342
لكعب,4.098755096548045,4.098755096548045
نكحتها,4.09230827795175,4.09230827795175
مونك,4.089679514080842,4.089679514080842
قطيع,4.085124734876287,4.085124734876287
ياخاين,4.078763330934965,4.078763330934965
وليت,4.07764931342359,4.07764931342359
الخرده,4.070834483743656,4.070834483743656
مكن,-4.065688363045992,4.065688363045992
ربك,4.0654637658940045,4.0654637658940045
حيوانات,4.064994642069744,4.064994642069744
مقوده,4.064226682114215,4.064226682114215
رخاس,4.062796101609541,4.062796101609541
دعاره,4.055684123083817,4.055684123083817
رخيص,4.054427405640528,4.054427405640528
ينبحو,4.048449106203855,4.048449106203855
اشغله,4.047334980801585,4.047334980801585
تعطي,4.046849813338164,4.046849813338164
كذب كذب,-4.031925434652139,4.031925434652139
مزابي,4.031602193888839,4.031602193888839
المكعبات,4.028577091722123,4.028577091722123
الوالد,-4.028571570295645,4.028571570295645
افار,4.017241244178942,4.017241244178942
اتقو,4.01700366138889,4.01700366138889
نتم,4.014239109011744,4.014239109011744
غبي,4.004432875047356,4.004432875047356
انتاع,4.003798486943723,4.003798486943723
الغاز,-4.001606601150382,4.001606601150382
kbira,3.9902699134293576,3.9902699134293576
تربحهم,3.9869695341856306,3.9869695341856306
كزبي,3.961732112695201,3.961732112695201
مونيا,3.9574348664852548,3.9574348664852548
وراء,-3.9497765063666344,3.9497765063666344
هكه,3.948798647893653,3.948798647893653
النفاق,3.9442635091333496,3.9442635091333496
ياربك,3.9439810861957043,3.9439810861957043
khtk,3.943011993508985,3.943011993508985
يديروا,-3.935346419715625,3.935346419715625
يالي,3.934332296125253,3.934332296125253
مقود,3.9258461207063218,3.9258461207063218
وهاذوك,3.9132562016615244,3.9132562016615244
يحفظكم,-3.9065240832958215,3.9065240832958215
البكبك,3.89342527493837,3.89342527493837
شريت,-3.8857851409385105,3.8857851409385105
العربيه,-3.8846977669026814,3.8846977669026814
اكل,-3.884160510536399,3.884160510536399
اريد,-3.8824288471532373,3.8824288471532373
قاطع,-3.8774022279007547,3.8774022279007547
الهدف,-3.8766476511676884,3.8766476511676884
ولايه,-3.874496826316249,3.874496826316249
الامن,3.8700823285910766,3.8700823285910766
جبهتها,3.867025053727822,3.867025053727822
الدجال,3.8669350021894684,3.8669350021894684
الاصبع,3.8655433466177778,3.8655433466177778
المحاكم,3.8636345501245524,3.8636345501245524
بش,-3.8629186422723127,3.8629186422723127
لفيلم,-3.8629060129994697,3.8629060129994697
وبوصبع,3.8545924559870826,3.8545924559870826
يرحم امك,3.8528158275114195,3.8528158275114195
شعوب,-3.846917758418035,3.846917758418035
خاءن,3.846056184967895,3.846056184967895
الكعبه,3.8451800894497645,3.8451800894497645
قود,3.83557155996935,3.83557155996935
خرا,3.830342496178158,3.830342496178158
العوده,3.816209588075376,3.816209588075376
قادر,3.8138989242338024,3.8138989242338024
لزرق,3.8132947617688733,3.8132947617688733
yakhi,3.8104513584268287,3.8104513584268287
الحيوان,3.810045366727173,3.810045366727173
اللعنه,3.8092400718197346,3.8092400718197346
يحشي,3.806342303335199,3.806342303335199
الزيتيست,3.804314491720522,3.804314491720522
تهدري,3.8035622739625996,3.8035622739625996
تفووه,3.8033120328912684,3.8033120328912684
ذل,3.795745186207449,3.795745186207449
الاصيل,3.794658142377778,3.794658142377778
ثروته,-3.7942808517250657,3.7942808517250657
roh,3.7927854223819857,3.7927854223819857
صالح ربراب,-3.7889906362846837,3.7889906362846837
العنه,3.786889135727458,3.786889135727458
قعد,3.785642725014641,3.785642725014641
تطياح,3.7827853411815955,3.7827853411815955
المشكل,-3.780156243089672,3.780156243089672
ومولوديه,3.7763810060925276,3.7763810060925276
جيش شعب,-3.77548182192158,3.77548182192158
وليتو,3.7677927565943525,3.7677927565943525
قرن,3.7594096970313164,3.7594096970313164
الهامل,3.7554010938516087,3.7554010938516087
تحشم,3.7517009972098303,3.7517009972098303
خماج,3.7425286714292403,3.7425286714292403
بف,3.741167945122434,3.741167945122434
الخناس,3.7400698555266736,3.7400698555266736
يالبغل,3.739175260701901,3.739175260701901
تامن,3.7330911388196295,3.7330911388196295
المرحاض,3.7322342136468434,3.7322342136468434
مسخ,3.7288191160758113,3.7288191160758113
الزيقو,3.724722726781731,3.724722726781731
صحافه,3.7242588363100047,3.7242588363100047
خويا,-3.722821672398896,3.722821672398896
سراقين,3.7219059653849174,3.7219059653849174
khoya,-3.717890865391309,3.717890865391309
فاشل,3.715075674444644,3.715075674444644
النقوشه,3.710963221242342,3.710963221242342
للعصابه,3.706821071444684,3.706821071444684
لقيط,3.7067604203307694,3.7067604203307694
خياليه,3.7022893004926978,3.7022893004926978
ممكن,-3.698304018609031,3.698304018609031
ماهوش,3.696905424695737,3.696905424695737
متحشمش,3.6965127665631616,3.6965127665631616
فزبي,3.69641036109205,3.69641036109205
ربراب السجن,-3.6951983612461543,3.6951983612461543
كعبه,3.692920642635697,3.692920642635697
بهذه,-3.6904611773365676,3.6904611773365676
روحهم,3.6875694612792875,3.6875694612792875
ونتا,3.6842151527755296,3.6842151527755296
نيكو,3.679735976363882,3.679735976363882
ربي يفرج,3.672186938579554,3.672186938579554
متحشميش,3.671636140913753,3.671636140913753
القحاب,3.665680684528624,3.665680684528624
لسان,3.66390468270895,3.66390468270895
رساله,3.656733596592956,3.656733596592956
الحمد,-3.6561728131242455,3.6561728131242455
وارقد,3.652736310790023,3.652736310790023
هكدا,3.6481809973756483,3.6481809973756483
خرده,3.6478278430335886,3.6478278430335886
ياخذ,3.6434822520450325,3.6434822520450325
قنات,3.643078558570718,3.643078558570718
سفهاء,3.641232331654561,3.641232331654561
سارق,3.64073223206621,3.64073223206621
تفوو,3.6385584151276884,3.6385584151276884
اعطينا,3.633269285293541,3.633269285293541
لاتربحكم,3.6304195928770264,3.6304195928770264
المجرمين,3.6300604788867754,3.6300604788867754
تنصحوني,3.62384314323423,3.62384314323423
عظيم,-3.6218629431408846,3.6218629431408846
والديك,3.6195500361107094,3.6195500361107094
الهايشه,3.612464856126143,3.612464856126143
بعضها,-3.612111022964629,3.612111022964629
رهي,-3.608596497073022,3.608596497073022
ولي,3.6045020247245874,3.6045020247245874
حسبتهم,-3.6037615941600745,3.6037615941600745
يماها,3.6026844095622867,3.6026844095622867
هاهي,3.602142707603197,3.602142707603197
تبيعوها,3.6001332791007314,3.6001332791007314
الجزايري,3.5990139232755767,3.5990139232755767
خليو,3.594852544807333,3.594852544807333
الحركى,3.5939793643334035,3.5939793643334035
harki,3.59293951904712,3.59293951904712
الرخس,3.586118218499941,3.586118218499941
خلاو,3.5846812082185475,3.5846812082185475
نباح,-3.5821566443263206,3.5821566443263206
يساعد,-3.581178529246885,3.581178529246885
منيش,-3.5756049550018587,3.5756049550018587
يسبو,3.5720762839376663,3.5720762839376663
كدبون,3.568788538655226,3.568788538655226
يحرقكم,3.5673456200485028,3.5673456200485028
مثقفين,-3.5640951391985802,3.5640951391985802
يبارك,-3.557334956984757,3.557334956984757
مجلس,3.556379869211309,3.556379869211309
قاري,3.554780368376847,3.554780368376847
ستاتي,3.5456747914478006,3.5456747914478006
السجن,3.5428237473000816,3.5428237473000816
لعزيز,-3.5425266800304733,3.5425266800304733
تبا,3.542358192424215,3.542358192424215
الشرذمه,3.5405873137662147,3.5405873137662147
ديوث,3.5334291882912257,3.5334291882912257
بروحك,3.5328682702905456,3.5328682702905456
الوطنيه,3.529571574039877,3.529571574039877
فعلا,-3.5254315532465093,3.5254315532465093
الوعي,3.5250396306121305,3.5250396306121305
مخي,-3.522620968714669,3.522620968714669
طبون,3.521964517469406,3.521964517469406
السلام,-3.5218793904155534,3.5218793904155534
العبوديه,3.5152986002828306,3.5152986002828306
tfou,3.5120048516089737,3.5120048516089737
الطاهره,3.511909619601777,3.511909619601777
بيتزا,-3.5109901911511106,3.5109901911511106
صالحين,3.509637761503493,3.509637761503493
مجال,3.5087357642392165,3.5087357642392165
اك فاهم,-3.5030131831023215,3.5030131831023215
رخيسه,3.495713430467074,3.495713430467074
حيط,3.490887804863509,3.490887804863509
حساب,3.4881131488682406,3.4881131488682406
التلفاز,-3.4863840307207346,3.4863840307207346
تبون,3.4831522476753323,3.4831522476753323
hena,3.4812196197530936,3.4812196197530936
السراقين,3.479484750428865,3.479484750428865
نديرهم,3.478687682799465,3.478687682799465
تقعد,3.474850513830568,3.474850513830568
بني,3.4742354666721305,3.4742354666721305
فوطيت,3.473912359732889,3.473912359732889
علميه,3.472731796843368,3.472731796843368
السفير الفرنسي,3.471699902583656,3.471699902583656
الخانه,3.4704498936661925,3.4704498936661925
فمك,3.4689005962896196,3.4689005962896196
حشمان,3.4652829869023214,3.4652829869023214
شويه,-3.463389210164947,3.463389210164947
الخماج,3.4563842191723877,3.4563842191723877
مكعب,3.4495224522261796,3.4495224522261796
تلفاز,-3.4483772156004733,3.4483772156004733
المنحرفين,3.446463611602714,3.446463611602714
الشخص,-3.4444866121202047,3.4444866121202047
اخطر,3.444067873351955,3.444067873351955
رجعت,3.4425502746489034,3.4425502746489034
فتنه,3.442414057679399,3.442414057679399
يعيش,-3.438148555251717,3.438148555251717
المكبوتين,3.4373995267709643,3.4373995267709643
مستوي,3.435374961574244,3.435374961574244
يفرج,3.4299805164237305,3.4299805164237305
اودي,-3.4285971156771784,3.4285971156771784
ياعطاي,3.4271987527815897,3.4271987527815897
لقيت روحي,-3.4200201059523043,3.4200201059523043
وربراب,3.418537834125685,3.418537834125685
عباد,3.4151516920234393,3.4151516920234393
حقير,3.4110730081368494,3.4110730081368494
محاكمه,-3.409993930485058,3.409993930485058
اخري,-3.4078055380855123,3.4078055380855123
يعطي,3.4012429951334826,3.4012429951334826
نمي,3.398704085287241,3.398704085287241
بطريقه,-3.3972214728578947,3.3972214728578947
طير,3.3971749728927403,3.3971749728927403
صحبي,3.3950535666371353,3.3950535666371353
قااع,3.394918570830716,3.394918570830716
اسطوره,-3.3944462247466007,3.3944462247466007
الحيوانات,3.3913608972903733,3.3913608972903733
بصراحه,-3.3912819367644236,3.3912819367644236
عجل,3.3893782077834684,3.3893782077834684
يلبس لاكوست,3.3866220591467746,3.3866220591467746
يمثلني,3.3856168633831785,3.3856168633831785
ريحه,3.3851376858337066,3.3851376858337066
المسلمين,-3.3804747833998325,3.3804747833998325
جيري,-3.379686138704714,3.379686138704714
الفم,3.3788356126983388,3.3788356126983388
حياتك,3.377363845252152,3.377363845252152
يدافع,3.3719136577144666,3.3719136577144666
الفايح,3.3689986042032096,3.3689986042032096
يسرا,-3.3675262558569576,3.3675262558569576
واحكي,3.3659810975702062,3.3659810975702062
wala,3.364804854253803,3.364804854253803
نريد,3.359042280460522,3.359042280460522
ربراب عندو,-3.35742617102952,3.35742617102952
الصلاه,3.3571015278547707,3.3571015278547707
طاطا,3.3557093189910083,3.3557093189910083
قحاب,3.354367906647607,3.354367906647607
ايداع,3.351746766830487,3.351746766830487
ربي يبارك,3.349856545068808,3.349856545068808
هبل,3.3491144042484753,3.3491144042484753
منانوك,3.348952451239936,3.348952451239936
ضرب,-3.345341164816206,3.345341164816206
العطاي,3.3433538731153796,3.3433538731153796
روح تعطي,3.3338331763860287,3.3338331763860287
المنطقه,-3.3291174834820954,3.3291174834820954
الاسلاميه,-3.32594452980307,3.32594452980307
ملاح,3.32453968587378,3.32453968587378
الخير,-3.318594384485741,3.318594384485741
التشيع,3.3175144892241506,3.3175144892241506
شبيبه,3.3121168590738064,3.3121168590738064
مزبله,3.305727034552289,3.305727034552289
مزبله التاريخ,3.305727034552289,3.305727034552289
لفرانسي,-3.3036097615738327,3.3036097615738327
camarade,3.3035254154899447,3.3035254154899447
يرث,3.30127872943253,3.30127872943253
القناه,3.295131469519205,3.295131469519205
حابس,3.294639629368729,3.294639629368729
جيبو,3.2927507567660825,3.2927507567660825
يماه,3.290839349575402,3.290839349575402
ياسبي,3.2904477933532896,3.2904477933532896
اليمني,3.2890902883468844,3.2890902883468844
تنيك,3.2885470798128833,3.2885470798128833
تحبهم,-3.284058128310799,3.284058128310799
الاغبياء,3.280947210041939,3.280947210041939
الجزائريين,3.2794904599904826,3.2794904599904826
mo,3.2779576560167385,3.2779576560167385
يلبس,3.2767904397924292,3.2767904397924292
وهم,3.2734208763436023,3.2734208763436023
الخونه,3.2731307777969185,3.2731307777969185
كافره,3.2706834343258455,3.2706834343258455
لعنه اله,3.2694899313509267,3.2694899313509267
بناتهم,3.26919051536192,3.26919051536192
نقي,3.2687926109107095,3.2687926109107095
مدير,3.26752154760428,3.26752154760428
yamak,3.2674601578200297,3.2674601578200297
غاضتني,-3.266523137870483,3.266523137870483
امم,-3.261696311982277,3.261696311982277
العباد,3.259947513906201,3.259947513906201
salam,-3.2592358592489403,3.2592358592489403
ونسمع,3.2555076985302422,3.2555076985302422
جزار,3.254822785330578,3.254822785330578
رمضان,-3.2517907095788665,3.2517907095788665
مبروك خونا,3.2508237296038094,3.2508237296038094
بسيف,3.2503617931804327,3.2503617931804327
ادمن,3.248073973709525,3.248073973709525
الصين,-3.2473801739535184,3.2473801739535184
دعوه,3.2467296954418092,3.2467296954418092
دوار,3.245872968132642,3.245872968132642
حياك,-3.2449067723466753,3.2449067723466753
خنزير,3.241620342319961,3.241620342319961
العيد,-3.240917630192857,3.240917630192857
fel,3.24069774544133,3.24069774544133
الخساره,3.2406753878910752,3.2406753878910752
الكريم,-3.2383131003674164,3.2383131003674164
يعبدو,3.2379550238815438,3.2379550238815438
العمل,-3.2354683207485677,3.2354683207485677
قلوبهم,3.2340096270132346,3.2340096270132346
سخنتلهم,3.2335156445843043,3.2335156445843043
وجها,3.2326908390297153,3.2326908390297153
وحسبنا,3.232662600301742,3.232662600301742
لقلاوي,3.231119425723529,3.231119425723529
قالها,-3.2270387035416332,3.2270387035416332
مولوخيه,3.226972091611644,3.226972091611644
كرشك,3.224675035691662,3.224675035691662
الويل,3.2223564475405806,3.2223564475405806
حارب,-3.2200607813049267,3.2200607813049267
يدافعوا ربراب,3.2197303191549533,3.2197303191549533
hacha,3.2170121034082615,3.2170121034082615
عقول,3.2148806503994525,3.2148806503994525
ومتقاعدي,-3.2116273180494352,3.2116273180494352
الجحيم,3.21062262537137,3.21062262537137
اختو,3.209994626408596,3.209994626408596
كلكم,3.209204139926474,3.209204139926474
مرا,-3.208548976069003,3.208548976069003
فم,3.208474303096233,3.208474303096233
تفتح,-3.2003763373449794,3.2003763373449794
لبلادنا,3.198709811780036,3.198709811780036
السم,3.197701484815323,3.197701484815323
فرات,-3.191647093022392,3.191647093022392
الغساله,-3.1911680271253253,3.1911680271253253
مبروك امير,-3.1900517650932567,3.1900517650932567
لفريت اوملات,3.189498559013556,3.189498559013556
قويه,3.185273729811176,3.185273729811176
تحوسو,3.1848969186265323,3.1848969186265323
kahba,3.184195428231944,3.184195428231944
لابوبال,3.1839101630737137,3.1839101630737137
جيجل,-3.182989191151702,3.182989191151702
قمت,-3.182016929250171,3.182016929250171
لهب,3.1801972376291916,3.1801972376291916
شركه,3.1756354163083125,3.1756354163083125
يدكم,3.1750119694028984,3.1750119694028984
شاهد,3.1744444786289807,3.1744444786289807
الوقوف,-3.1733581217055717,3.1733581217055717
الفساد,3.1728021153950445,3.1728021153950445
بالبركه,-3.1725619141837837,3.1725619141837837
ساهله,3.1715506718372897,3.1715506718372897
شرف,3.1712103455854006,3.1712103455854006
مزوره,-3.1686464666551157,3.1686464666551157
يكره,3.1681217195036386,3.1681217195036386
قودك,3.1678832669617307,3.1678832669617307
بلك,3.165682097875422,3.165682097875422
امه,3.1637362937608366,3.1637362937608366
حيوان,3.1623940790966354,3.1623940790966354
نشوفو,-3.1622810752373867,3.1622810752373867
هذوا,3.159383528218549,3.159383528218549
comme,3.1593036756438573,3.1593036756438573
براند,-3.1587859139479844,3.1587859139479844
زكك,3.1573736508609693,3.1573736508609693
بهلول,3.1559459553383884,3.1559459553383884
hechoun,3.1546970193083683,3.1546970193083683
العميقه,3.15416834135141,3.15416834135141
الفيلم,-3.153726672044805,3.153726672044805
رووح,3.1530323295936515,3.1530323295936515
زك,3.145810146772707,3.145810146772707
بلادهم,3.143918099618572,3.143918099618572
يحكمها,3.141644743178254,3.141644743178254
يتبع,3.140523867393652,3.140523867393652
اصلها,-3.140204348099486,3.140204348099486
يزبي,3.1391864517077837,3.1391864517077837
خرنسا,3.138002534843208,3.138002534843208
زيك,-3.1349265667794963,3.1349265667794963
عفريت,3.134714155935443,3.134714155935443
المرتبه,3.1341793736887484,3.1341793736887484
بركاك,3.1339745134992736,3.1339745134992736
نقشا,3.1337821147698683,3.1337821147698683
كلاتك,3.133302455537008,3.133302455537008
يكلاشي,3.131055532156954,3.131055532156954
المبردعين,3.130010097085996,3.130010097085996
bayen,3.128578696944202,3.128578696944202
التخمارتي,3.1247198624859527,3.1247198624859527
جيزي,-3.115061666129378,3.115061666129378
شبعت,3.1147772507000275,3.1147772507000275
خدمو,3.1141832959583318,3.1141832959583318
بيدق,3.113506416458795,3.113506416458795
اتفوه,3.1134945566167076,3.1134945566167076
افريقيا,3.113360397326587,3.113360397326587
مولوديه يدك,3.1126842465646813,3.1126842465646813
المنصب,3.1122949081787703,3.1122949081787703
فخامه,-3.1117525297386974,3.1117525297386974
بالتوفيق,-3.110292346930586,3.110292346930586
غزه,-3.1092309074858706,3.1092309074858706
موت,3.1084636073443184,3.1084636073443184
امثال,3.1079229259858128,3.1079229259858128
وشكرا,-3.1062336211862704,3.1062336211862704
الهم,-3.104281154997274,3.104281154997274
mazda,3.104008390930945,3.104008390930945
الزين,-3.102971880399915,3.102971880399915
يبدل,3.102878062523862,3.102878062523862
مشهور,3.100194575240949,3.100194575240949
fayah,3.098149670260796,3.098149670260796
تربحك,3.09732969712833,3.09732969712833
خصونا,-3.097114121486907,3.097114121486907
دايمن,3.0970546605074727,3.0970546605074727
تكوني,3.09598660451531,3.09598660451531
قرعه,3.0958636915166626,3.0958636915166626
فالعاصمه,-3.0935072703035815,3.0935072703035815
نهدرو,3.0933845654673946,3.0933845654673946
زب,3.092423536405749,3.092423536405749
التخلف,3.090707159585802,3.090707159585802
يابغل,3.090570830749206,3.090570830749206
امون,3.0900791688281477,3.0900791688281477
مستمره,-3.089665041994924,3.089665041994924
باباكم,3.087264499117779,3.087264499117779
هدرتي,3.085448121106178,3.085448121106178
عرضك,3.0852461961825464,3.0852461961825464
قنطه,3.0826827744601064,3.0826827744601064
تعرق,3.0825275818551447,3.0825275818551447
الطباخه,-3.0794438113123035,3.0794438113123035
تضحك,3.077014189968376,3.077014189968376
التلفون,-3.0762232021886855,3.0762232021886855
ماعندكم,3.0714047443176433,3.0714047443176433
فرع,-3.0702975616183172,3.0702975616183172
العدو,-3.069056706320166,3.069056706320166
شوفو,-3.068310986386981,3.068310986386981
شواكر,-3.067822467924178,3.067822467924178
سيدك,3.0660756946579797,3.0660756946579797
تحشمي,3.066010252617291,3.066010252617291
موش,-3.0650827092626414,3.0650827092626414
قواد,3.063576214346213,3.063576214346213
يدك,3.063480495849391,3.063480495849391
جنرال,3.0623738417377404,3.0623738417377404
kavi,3.0595846695538143,3.0595846695538143
مقطع,3.059126262665828,3.059126262665828
سعرها,-3.056407906286885,3.056407906286885
خايفين,-3.0553416590761735,3.0553416590761735
جميعهم,3.0550252366546733,3.0550252366546733
العاده,3.0537212324423018,3.0537212324423018
ربي يحفظ,3.051219206356753,3.051219206356753
تقدم,-3.050543764637086,3.050543764637086
مانيش قبايليه,-3.0498251258014966,3.0498251258014966
قواوده,3.048337913990545,3.048337913990545
كرف,3.0480953004015263,3.0480953004015263
هدا عندو,-3.045615401952708,3.045615401952708
مشاهير,3.043625019524469,3.043625019524469
بالذل,3.043433897197,3.043433897197
سكر,3.040328613336923,3.040328613336923
يستهل,3.0398255404383945,3.0398255404383945
ربي يجازيك,3.0383741395111077,3.0383741395111077
يجازيك,3.0383741395111077,3.0383741395111077
نخلي,3.0382040325095323,3.0382040325095323
خساره,-3.037839083056661,3.037839083056661
غريب,3.037634107580614,3.037634107580614
لحمار,3.0374738660385376,3.0374738660385376
العين,-3.0369279418637625,3.0369279418637625
tfooh,3.0349453187999305,3.0349453187999305
مقليه,-3.032696729663997,3.032696729663997
المجرم,3.028757691109317,3.028757691109317
خليه,3.0283215383113706,3.0283215383113706
تلقا,3.0270668360736184,3.0270668360736184
مثقف,3.0259129530291906,3.0259129530291906
تعليق,-3.023674213465769,3.023674213465769
المرخس,3.022508805023374,3.022508805023374
ينيك,3.021038463403547,3.021038463403547
مغربيه,-3.020259128288485,3.020259128288485
الايام,-3.0200940008186556,3.0200940008186556
khi,3.01894713605774,3.01894713605774
باعو,3.016965158937147,3.016965158937147
طريقك,-3.0145157451384827,3.0145157451384827
عمال,3.0143532750057025,3.0143532750057025
hmar,3.012735024572514,3.012735024572514
لحقت,3.012392103061129,3.012392103061129
جوده,-3.0122569973666455,3.0122569973666455
فرحانين,3.011028998772414,3.011028998772414
الاول,-3.0109218729358007,3.0109218729358007
خليهم,3.0105633282738182,3.0105633282738182
خرجتو,3.0097605052185927,3.0097605052185927
يحمي,-3.009191071345328,3.009191071345328
وتكتب,3.007540614685013,3.007540614685013
ينتقم,3.0072415323989756,3.0072415323989756
موجود,-3.006230012281117,3.006230012281117
حكومه,3.0036305048741405,3.0036305048741405
خير منك,3.00011487563828,3.00011487563828
ربما,-2.9995193728092935,2.9995193728092935
يفسر,2.999426991935988,2.999426991935988
واضح,-2.998313648790279,2.998313648790279
ضهرك,2.997954496144173,2.997954496144173
الحراك المبارك,2.997239750755664,2.997239750755664
جحش,2.99718937211649,2.99718937211649
الحلو,2.994222293857827,2.994222293857827
القايد,2.994162569935736,2.994162569935736
الشاويه,-2.9937409215846627,2.9937409215846627
نظام,2.9930889536536807,2.9930889536536807
خامج,2.9930103044002023,2.9930103044002023
توجد,-2.991286708044718,2.991286708044718
المفروض,-2.990793795562227,2.990793795562227
ماتهم,2.9906927155105993,2.9906927155105993
السومه,-2.9849165569667004,2.9849165569667004
معني,-2.9829882528081866,2.9829882528081866
موك,2.982899113168652,2.982899113168652
الامر,-2.982441946490004,2.982441946490004
التفكير,-2.9823389694763494,2.9823389694763494
فحل,-2.980835188661135,2.980835188661135
الاركان,2.9804719162399773,2.9804719162399773
روعه,-2.9767198627338094,2.9767198627338094
الجيش الوطني,2.9764614779198415,2.9764614779198415
السيما,-2.974948479991291,2.974948479991291
ربي يشفيك,2.973804815327999,2.973804815327999
بابشع,2.9704454708228485,2.9704454708228485
اعتبره,2.968817863896108,2.968817863896108
الشرفاء,2.9683729340669167,2.9683729340669167
تعهم,-2.967307341047622,2.967307341047622
خراي,2.967061605286937,2.967061605286937
والعصابه,2.964758926255078,2.964758926255078
روح تقود,2.9644022880711907,2.9644022880711907
لواحد,2.964372399418339,2.964372399418339
نيك امك,-2.9637043003095305,2.9637043003095305
المانيا,-2.9628720212214326,2.9628720212214326
الكلمه,-2.962837506298036,2.962837506298036
دبر,2.961293186481314,2.961293186481314
التوالات,2.9586851834172254,2.9586851834172254
مازالت,-2.9584547963001713,2.9584547963001713
اله اكبر,-2.956649426786221,2.956649426786221
جمهور,-2.9549003379787386,2.9549003379787386
واياكم,-2.953931460926995,2.953931460926995
ناكر,2.9538017918306,2.9538017918306
بالبراكه,-2.9531505866170824,2.9531505866170824
tahya,2.9521270175633534,2.9521270175633534
اصلن,-2.9518151392695184,2.9518151392695184
شيكورك,2.9515214225987627,2.9515214225987627
الاستحمار,2.950824842670006,2.950824842670006
المبلغ,-2.9505005962642175,2.9505005962642175
مافيها,2.950157983559973,2.950157983559973
ايديهم,2.9482089538928813,2.9482089538928813
nike,2.9462718658236744,2.9462718658236744
الرقم,-2.9439489320804566,2.9439489320804566
بوتبون,2.9413085480745575,2.9413085480745575
خموس,-2.9407985247000155,2.9407985247000155
عبيد ربراب,2.938100786577529,2.938100786577529
القدام,-2.937751685675372,2.937751685675372
نق,2.935900322677472,2.935900322677472
hirak,-2.934587132234305,2.934587132234305
ymak,2.9342681795321384,2.9342681795321384
نحوس,-2.9336417515277664,2.9336417515277664
كبير,2.9335731884820033,2.9335731884820033
يحفظك اخي,2.9320359987946576,2.9320359987946576
ماتعرفش,-2.9314360046042363,2.9314360046042363
لذلك,2.9304929267601754,2.9304929267601754
طاح,-2.928095448787444,2.928095448787444
ياخذ حقه,2.9254420226227453,2.9254420226227453
عنا,-2.92538106697701,2.92538106697701
رها,2.9241406157801895,2.9241406157801895
طويله,-2.924103931339428,2.924103931339428
فتان,2.9240455207165486,2.9240455207165486
ابوك,2.922276942196083,2.922276942196083
الكذاب,2.9217442001215437,2.9217442001215437
العاصميه,2.9210356206695254,2.9210356206695254
admin,2.9199567670804187,2.9199567670804187
اكره,2.9192980100562558,2.9192980100562558
الغبي,2.9170070872269007,2.9170070872269007
شفتو,2.9168124604823693,2.9168124604823693
اغلبيه الشعب,-2.9161401576215744,2.9161401576215744
بسيط,-2.914645163999637,2.914645163999637
هاتف,-2.91218267158914,2.91218267158914
الذل,2.9121783286330736,2.9121783286330736
خداعين,2.912135084948674,2.912135084948674
وكتاش,-2.90945526960719,2.90945526960719
ناك,2.9094106238721764,2.9094106238721764
مستوى,2.9077204182972793,2.9077204182972793
طماع,2.9064542830105644,2.9064542830105644
نبقي,-2.9062743739073458,2.9062743739073458
امشي نيك,-2.903168408265575,2.903168408265575
عميقين,2.901829490461018,2.901829490461018
زيرو,2.9002010350713237,2.9002010350713237
دقايق,2.899766057192952,2.899766057192952
مهبول,2.899133789550287,2.899133789550287
وحداد,2.8984803424939716,2.8984803424939716
حتشون,2.8974398020796404,2.8974398020796404
اليمين,-2.8966521300035053,2.8966521300035053
fitna,2.894000194134236,2.894000194134236
والعداله,2.8930446287952534,2.8930446287952534
المساجد,-2.8907205639094937,2.8907205639094937
واعره,-2.8904140031955246,2.8904140031955246
يبني,2.889615503597451,2.889615503597451
الجمعه,2.8885979883533035,2.8885979883533035
تقيسها,2.8885354580099465,2.8885354580099465
وعد,2.8868604740371087,2.8868604740371087
تهدرو,2.886562116122865,2.886562116122865
لاسيادك,2.8860083346224608,2.8860083346224608
الاتصال,-2.8852805133201413,2.8852805133201413
na9ch,2.8845425319030356,2.8845425319030356
ربراب يروح,2.884236199202685,2.884236199202685
يصلي,-2.8823323550679256,2.8823323550679256
ربراب حداد,2.8818344140818457,2.8818344140818457
غدوه,2.88166257558491,2.88166257558491
عبيد,2.8794711005073386,2.8794711005073386
فطوركم,-2.8790554333022538,2.8790554333022538
حاشاكم,2.878472369840718,2.878472369840718
الانسان,-2.876056342840917,2.876056342840917
لدزاير,2.875710875593696,2.875710875593696
خامجه,2.875505658580464,2.875505658580464
حركي,2.8748546348403377,2.8748546348403377
kbir,2.874623526011115,2.874623526011115
داهيه,-2.8734333186521135,2.8734333186521135
اثناء,-2.873006283205186,2.873006283205186
لوكان جيت,2.872004459321843,2.872004459321843
الحق,-2.8712986545395975,2.8712986545395975
تستاهل خير,-2.869015539816157,2.869015539816157
المخنثين,2.8671899488220616,2.8671899488220616
جيران,2.8669955313354176,2.8669955313354176
برندت,-2.8662398052857236,2.8662398052857236
يصلح,-2.8654096440870007,2.8654096440870007
الحركي,2.865241995870119,2.865241995870119
المافيا,2.863446841829502,2.863446841829502
زريعه,2.8634140951741376,2.8634140951741376
حبو,-2.861504325658327,2.861504325658327
لنفسه,-2.8610248007538464,2.8610248007538464
اخلاق,2.8609636534902783,2.8609636534902783
عايشه,2.8594252939090876,2.8594252939090876
الشوارع,-2.8590695817988325,2.8590695817988325
تاعهم,2.858081586988103,2.858081586988103
الفتن,-2.8570386682583937,2.8570386682583937
لمادا,-2.8568914417691254,2.8568914417691254
تافه,2.856880732197566,2.856880732197566
الزمن,2.856262793445318,2.856262793445318
حياكم,-2.8548980560907786,2.8548980560907786
قدام لجناس,-2.8543163177670388,2.8543163177670388
الفيسبوك,2.8535962957985843,2.8535962957985843
يلعن,2.853281616234193,2.853281616234193
نحوسو,-2.8531153198792265,2.8531153198792265
وقتهم,-2.852897144017075,2.852897144017075
العاشر,2.85204263934105,2.85204263934105
التافه,2.8513847642072108,2.8513847642072108
بالتقسيط,-2.8502257027821747,2.8502257027821747
ربراب سرق,-2.8499984737121604,2.8499984737121604
frite,-2.8480917298014283,2.8480917298014283
مبارك,-2.8452681874900057,2.8452681874900057
يسير,-2.842264645800084,2.842264645800084
الزبي,2.8421594052133563,2.8421594052133563
فرخ,2.8420187664222123,2.8420187664222123
هذو,2.841990169755178,2.841990169755178
طرد,2.839005567721994,2.839005567721994
نقوشا,2.83880022037333,2.83880022037333
الفريت اوملات,-2.8381228950767285,2.8381228950767285
تعسو,2.8380660850081414,2.8380660850081414
وماتعرفش,-2.8376651323184308,2.8376651323184308
محاوله,-2.8375459510137078,2.8375459510137078
مهرج,2.8354999646067753,2.8354999646067753
حداد طحكوت,-2.8337916855736816,2.8337916855736816
الانحطاط,2.8316884116343997,2.8316884116343997
تخدم,2.8316444192072447,2.8316444192072447
البوراك,-2.827880791509342,2.827880791509342
الازمه,-2.826861539408768,2.826861539408768
بهدلتونا,2.8228751249948045,2.8228751249948045
اوقفوا,-2.822390761295544,2.822390761295544
وبعض,2.8193390065565964,2.8193390065565964
نكتو,2.8192170027654844,2.8192170027654844
جودرونج,-2.819020590244669,2.819020590244669
هكذاك,-2.818915418484422,2.818915418484422
راءحه,2.8187686969550527,2.8187686969550527
الحي,-2.8186271326078476,2.8186271326078476
عندو,2.8169910760171857,2.8169910760171857
نحسبو,-2.8147306552176183,2.8147306552176183
براني,-2.8139072140489207,2.8139072140489207
مقاطعين,2.813160162264291,2.813160162264291
cha3b,2.8093679752584206,2.8093679752584206
جزاءري,-2.808777283225588,2.808777283225588
انتهي,2.8085643887403964,2.8085643887403964
المتقاعدين,-2.8072152240380253,2.8072152240380253
حوله,2.806951315585659,2.806951315585659
bladek,2.806766070102647,2.806766070102647
الاقل,-2.806721480986638,2.806721480986638
الرجيم,2.805559260367918,2.805559260367918
اجد,-2.805484304220892,2.805484304220892
مقارنه,2.8053999049253386,2.8053999049253386
الورقه بلاكي,2.8051797786869104,2.8051797786869104
بلاكي,2.8051797786869104,2.8051797786869104
حسنه,2.8047121487244366,2.8047121487244366
اساسي,2.803922424328066,2.803922424328066
الزبل,2.8038551157390663,2.8038551157390663
كون درت,-2.8028590455915245,2.8028590455915245
امثالك,2.8022722074779907,2.8022722074779907
انني,2.800224334173387,2.800224334173387
العاصمه,-2.80006570720122,2.80006570720122
المستعمر,2.7992371744363,2.7992371744363
تخمارت,2.7986782352635466,2.7986782352635466
معكم,-2.798323661554066,2.798323661554066
المركز,-2.7981752894234644,2.7981752894234644
شكبي,2.7980794228453445,2.7980794228453445
مثيره,2.7975128638416615,2.7975128638416615
ويعرف,-2.7938168717391765,2.7938168717391765
نموت,-2.793611235830696,2.793611235830696
جمعيه,-2.791089650410727,2.791089650410727
اشهر,-2.790956257164136,2.790956257164136
بالمخدرات,2.7909426257030012,2.7909426257030012
يريدون,-2.7884975859488828,2.7884975859488828
كمنتير,2.7884353144741185,2.7884353144741185
والعرب,2.7883003254515164,2.7883003254515164
الجماعه,2.7869387566109247,2.7869387566109247
الله ينعلك,2.786189346481164,2.786189346481164
تحكو,2.7859710938368893,2.7859710938368893
ينبح,2.785012377437705,2.785012377437705
فايح,2.783990114865618,2.783990114865618
حلاب,2.7835522842497773,2.7835522842497773
الملفات,2.7822419685965665,2.7822419685965665
غلطه,2.782095066354222,2.782095066354222
الوسم,2.7820245951968605,2.7820245951968605
اللصوص,2.781717910015188,2.781717910015188
هوايش,2.780559054114966,2.780559054114966
نتمنالك,2.7802387979466205,2.7802387979466205
نطيب,-2.780212712014369,2.780212712014369
تقدر تشري,2.77958798614792,2.77958798614792
نخش,2.776336120473294,2.776336120473294
yemmak,2.775350703486331,2.775350703486331
بداو,2.7734551715758196,2.7734551715758196
wlid,2.773447140142634,2.773447140142634
تناخت,2.773209925621247,2.773209925621247
سيخرج,-2.7725930402567425,2.7725930402567425
منشور,2.7722202251686516,2.7722202251686516
نيكمك,2.772104484249457,2.772104484249457
يرحمكم,2.77173464155378,2.77173464155378
فالجزاير,-2.7713629200759753,2.7713629200759753
مرخس,2.770605917359086,2.770605917359086
العقده,2.7701725409184053,2.7701725409184053
هدرتك,2.76920218181524,2.76920218181524
ينصرك,2.76814571816737,2.76814571816737
السفاح,2.767832162567446,2.767832162567446
العينين,2.766967423974957,2.766967423974957
نزار,2.7660543854132515,2.7660543854132515
جايحه,2.7650924446616596,2.7650924446616596
اخي,-2.7640713274248125,2.7640713274248125
يفهم,2.7639896961179926,2.7639896961179926
اخره,2.7636079214369933,2.7636079214369933
دزب,2.762467484282828,2.762467484282828
لناس,-2.7596441134851326,2.7596441134851326
بقاعك,2.7556480615152177,2.7556480615152177
ذر,2.754107353418336,2.754107353418336
يعرفون,2.7539314149682257,2.7539314149682257
ربحناهم,2.753681347726917,2.753681347726917
اهلك,2.753648752344911,2.753648752344911
رواح,2.7528998917939487,2.7528998917939487
الغاء,-2.7528207987943056,2.7528207987943056
مبروك ربي,-2.7512931926819144,2.7512931926819144
السفيه,2.75112507067174,2.75112507067174
ينحي,2.750537703351221,2.750537703351221
البنه,-2.74970571811057,2.74970571811057
ملحد,2.7494308692176084,2.7494308692176084
تغسل,-2.746752935790396,2.746752935790396
فرشه,2.745600358962592,2.745600358962592
الاعداء,2.7442784273917598,2.7442784273917598
الله اكبر,-2.744212149143621,2.744212149143621
يضرب,2.74399130834839,2.74399130834839
اصلح,2.7429720491015894,2.7429720491015894
لهاد,2.7425851356646653,2.7425851356646653
va,2.7389522096312904,2.7389522096312904
الاغنياء,-2.737048391364476,2.737048391364476
نستناو,-2.736728132751691,2.736728132751691
تالم صمت,-2.734698642423452,2.734698642423452
تالم,-2.732385172382975,2.732385172382975
النمر,2.7322978111358958,2.7322978111358958
اشاهد,2.7287965065059665,2.7287965065059665
واضحه,2.7275726599368872,2.7275726599368872
ولادنا,2.7274762796903613,2.7274762796903613
السكوت,2.7268846818413803,2.7268846818413803
عبده,2.7267536246970887,2.7267536246970887
ابطال,-2.724536924276394,2.724536924276394
اساس,-2.7242839234009177,2.7242839234009177
drs,2.72324544006897,2.72324544006897
فانت,2.7227056067332676,2.7227056067332676
خدمه,-2.7213543603723407,2.7213543603723407
نلعب,-2.721334582888886,2.721334582888886
ونا,2.7211856300779247,2.7211856300779247
اصاحبي,2.7198150153032086,2.7198150153032086
الزمان,2.71940632235764,2.71940632235764
افراد العصابه,2.7186795486549644,2.7186795486549644
الشيء,2.7172265918886045,2.7172265918886045
قبايليه,-2.7160077955425157,2.7160077955425157
ولاد,2.7143512980170423,2.7143512980170423
طريق ربي,2.714140073847491,2.714140073847491
التعليقات,2.712746001831336,2.712746001831336
لديكم,-2.7104829362845537,2.7104829362845537
بلاد الشهداء,2.710394196555094,2.710394196555094
موالفه,-2.7103020074852324,2.7103020074852324
لودوكسي,-2.710060334712938,2.710060334712938
بدل,-2.7096020881406266,2.7096020881406266
تحرض,2.708707343421918,2.708707343421918
بانت,-2.707466423411195,2.707466423411195
الجزء,2.707393480613463,2.707393480613463
بو صبع,2.707109778874625,2.707109778874625
باطلاق,-2.7066584001103426,2.7066584001103426
الله يبارك,-2.705714951099569,2.705714951099569
يرد,-2.7043433122598466,2.7043433122598466
يملك,2.7041892895124144,2.7041892895124144
التطبيع,2.702572928380996,2.702572928380996
النقود,-2.7025531052757374,2.7025531052757374
الخبيثه,2.7016405422326804,2.7016405422326804
sahbi,-2.70042760190471,2.70042760190471
السميد,-2.6989922941661315,2.6989922941661315
اعط,2.6986307867772266,2.6986307867772266
تزوج,2.6980408930236583,2.6980408930236583
مناصب,2.6979732724272107,2.6979732724272107
حركه,2.6977573024085193,2.6977573024085193
ربي يستر,-2.6974666432257712,2.6974666432257712
تعجبني,-2.6968565459215976,2.6968565459215976
الجنوب,-2.69555993500764,2.69555993500764
نقولهم,2.695300085561007,2.695300085561007
بدء,-2.6946838399041235,2.6946838399041235
قناتك,2.693192751465396,2.693192751465396
تحيا القايد,2.692300946120483,2.692300946120483
اصبر,-2.6918263607061665,2.6918263607061665
الفاسدين,2.691780595690549,2.691780595690549
اسبي,2.691577426577089,2.691577426577089
التفاهات,-2.6905290111366775,2.6905290111366775
سيدهم,2.689200285209785,2.689200285209785
ياواحد,2.68890976940834,2.68890976940834
تعطيه,2.688786227484586,2.688786227484586
افتخر,2.688753874298557,2.688753874298557
شكل,-2.6882853040668606,2.6882853040668606
التصعيد,-2.687277518021268,2.687277518021268
ادعو,2.6857117066127882,2.6857117066127882
اعرف,-2.6856242704772013,2.6856242704772013
hab,2.684476834301589,2.684476834301589
اعبد,-2.684437625414092,2.684437625414092
لقبايلي,2.684316097576354,2.684316097576354
ماندير,-2.683868169175823,2.683868169175823
فا,-2.683663184159731,2.683663184159731
انتي,2.6833743779286854,2.6833743779286854
نتاعها,-2.6833444600531737,2.6833444600531737
الرايه,2.683334362931847,2.683334362931847
تشهي,-2.682711646065793,2.682711646065793
ماتحكيش,-2.682630387677758,2.682630387677758
الكاشير,2.682364251577618,2.682364251577618
بصحتك,-2.6822407911128265,2.6822407911128265
الثدي,-2.6812180563910903,2.6812180563910903
تلفزيون,-2.6811573450525135,2.6811573450525135
حياتكم,2.680915212906745,2.680915212906745
جيشنا,-2.6808150395466113,2.6808150395466113
النجاحات,-2.6806841033094595,2.6806841033094595
اله يبارك,-2.679619414434512,2.679619414434512
شكاره,2.6778017760123127,2.6778017760123127
حصلنا,-2.6751448210307607,2.6751448210307607
كنتي,2.674075716941546,2.674075716941546
لورد,2.673948007390453,2.673948007390453
نربح,-2.673114069019932,2.673114069019932
ميديرش,-2.671276775924249,2.671276775924249
شخصيه,-2.6696746976928583,2.6696746976928583
كفاه,2.6687948625024265,2.6687948625024265
tiz,2.668784282237715,2.668784282237715
كذب,2.668672712571038,2.668672712571038
طابو,2.66731691630959,2.66731691630959
جامعه,-2.6668476091441535,2.6668476091441535
بارك,-2.6667889919066536,2.6667889919066536
اخواته,2.666327657845068,2.666327657845068
is,2.666092822854538,2.666092822854538
خصني,-2.6655935687401957,2.6655935687401957
لول,2.6651129801994675,2.6651129801994675
الحلو المر,2.661290680161539,2.661290680161539
السبه,-2.6594473914168364,2.6594473914168364
الشتا,2.658566414219662,2.658566414219662
جماعت,2.658480538414792,2.658480538414792
يزوج,2.657983582871466,2.657983582871466
صالح,-2.6534792325667413,2.6534792325667413
وجوهكم,2.6520895892795533,2.6520895892795533
تلبس,2.651843568294684,2.651843568294684
ربراب دار,2.6492137510102545,2.6492137510102545
يخرط,2.6471233309342685,2.6471233309342685
دايره,2.64645818622541,2.64645818622541
الكوكايين,-2.645170828767361,2.645170828767361
السوق,2.6444836624417647,2.6444836624417647
حاكمين,2.6432128661551055,2.6432128661551055
اخرج,2.64208848343317,2.64208848343317
زامل,2.6413613433634957,2.6413613433634957
حبيت نسقسيك,2.64121769467393,2.64121769467393
الصوص,2.640253459334234,2.640253459334234
امن,2.63939952487687,2.63939952487687
bayan,2.6393989678277534,2.6393989678277534
دعاء,-2.6389570944581724,2.6389570944581724
ماعلاباليش,-2.6383530709660112,2.6383530709660112
الدول,-2.6383461412388893,2.6383461412388893
لبناء,-2.637721832207525,2.637721832207525
الو,-2.6376134862593985,2.6376134862593985
مافيهاش,-2.6356634606258766,2.6356634606258766
nk,2.6354619159875288,2.6354619159875288
قليط,2.6346921819413303,2.6346921819413303
زبيده,2.634381009436353,2.634381009436353
عشاء,-2.633617294087338,2.633617294087338
تبداو,2.6334259341200563,2.6334259341200563
بالنسبه,-2.633180630596295,2.633180630596295
بكل اسف,2.6331359434814416,2.6331359434814416
الحركه,2.632712625730115,2.632712625730115
قلت,-2.631305006787306,2.631305006787306
تخدم فاليتيمه,-2.6274204958639524,2.6274204958639524
كرعين,2.627028563787832,2.627028563787832
مينداك,2.6255016901004105,2.6255016901004105
ياولد,2.624771721366222,2.624771721366222
حابه,-2.623816902216727,2.623816902216727
مكشوفه,-2.623443541933077,2.623443541933077
المكعب,2.622923218820428,2.622923218820428
بدوي,2.622744414853953,2.622744414853953
الادمن,2.622137909003207,2.622137909003207
العراس,2.622137265471382,2.622137265471382
تقودو,2.6211079278449056,2.6211079278449056
الله اله,-2.6209883646575536,2.6209883646575536
حمايه,-2.6209849479673126,2.6209849479673126
بردو,2.620607340155281,2.620607340155281
ميمز,2.6205005056212527,2.6205005056212527
بقداه,-2.619228318452465,2.619228318452465
الاحرار الشرفاء,-2.6180705001029234,2.6180705001029234
قبضه,2.617851985488846,2.617851985488846
محروقه,2.6176292331818822,2.6176292331818822
سليمه,2.617432398336689,2.617432398336689
تخلي,2.6170944423166986,2.6170944423166986
الماسونيه,2.6156672534304435,2.6156672534304435
يحفظك استاذ,2.614898789531047,2.614898789531047
النسل,-2.614670729817656,2.614670729817656
فرنسا,2.6135584250139776,2.6135584250139776
العديان,2.6129793174071385,2.6129793174071385
جزائر جديده,2.612835922745777,2.612835922745777
وحداد وطحكوت,2.612677586160539,2.612677586160539
ربراب وحداد,2.6126592159655,2.6126592159655
اتمني,-2.6126072872884665,2.6126072872884665
ربي يهديك,2.612302744106267,2.612302744106267
الاواني,-2.6103302004230575,2.6103302004230575
حفظ,2.6100092859256887,2.6100092859256887
العداله سجنت,2.608697099806804,2.608697099806804
سجنت,2.608697099806804,2.608697099806804
باينا,2.6078013798459545,2.6078013798459545
اربك,-2.6066063631404712,2.6066063631404712
وراهم,2.6060534257613575,2.6060534257613575
خليه يقعد,2.60408571171288,2.60408571171288
ka3ba,2.6037688762635356,2.6037688762635356
المرخص,2.6037394587162024,2.6037394587162024
العزيمه,2.6037361013815894,2.6037361013815894
بلاصه,2.6035431142428673,2.6035431142428673
الكيران,-2.6023490502148388,2.6023490502148388
khtak,2.6013017033769357,2.6013017033769357
كالكلب,2.5968374902242424,2.5968374902242424
تنبحو,2.596596574275966,2.596596574275966
الاصنام,2.594652354452616,2.594652354452616
تعرفو,2.594057143857694,2.594057143857694
نجم,-2.5929772570092484,2.5929772570092484
الحاج,-2.592431339326848,2.592431339326848
مشكل,-2.591636150797716,2.591636150797716
ينعلكم,2.5914075677993753,2.5914075677993753
نقاز,-2.5908465817930946,2.5908465817930946
الواحد,-2.5896380347300347,2.5896380347300347
عصابات,2.5892299788982944,2.5892299788982944
وكيل,-2.5874801345537835,2.5874801345537835
مابقاش,-2.586833126110218,2.586833126110218
تاريخ,2.5859112264423345,2.5859112264423345
اصناف,-2.585689038682433,2.585689038682433
ميحبوش,-2.5847520316930153,2.5847520316930153
قستهاش,-2.584743531282701,2.584743531282701
اللهم,-2.578403451895576,2.578403451895576
سوه,2.577400135636578,2.577400135636578
ايران,2.576838916304402,2.576838916304402
يسيل,2.575136365162223,2.575136365162223
بابا,-2.5748894135088194,2.5748894135088194
الماك,-2.5732089791408788,2.5732089791408788
خرجوا,-2.5727404837731185,2.5727404837731185
اقول,2.572549034739084,2.572549034739084
وتروح,2.5690934539937897,2.5690934539937897
الصحابه,2.5680941744110544,2.5680941744110544
وسته,2.5671951878547703,2.5671951878547703
يعملون,2.5666639229707777,2.5666639229707777
اخطينا,2.566170113621692,2.566170113621692
الشهر,-2.5661234523896392,2.5661234523896392
خلص,2.5656292267844765,2.5656292267844765
دياراس,2.5643412422477225,2.5643412422477225
قروب الساعه,2.5637129642832694,2.5637129642832694
الشعب الجزايري,2.563451543436349,2.563451543436349
منتوجات,-2.5630602250221712,2.5630602250221712
بالصحه,-2.561319587457414,2.561319587457414
يحفظك طاطا,2.5596855760662454,2.5596855760662454
نشوفوا,2.557697696012499,2.557697696012499
بوترمه,2.557451654664979,2.557451654664979
روحك,2.5568042239650786,2.5568042239650786
شهاده صحفي,-2.5557656935956974,2.5557656935956974
وبن,2.554795905075075,2.554795905075075
افهمه,2.5531650098257774,2.5531650098257774
يسرحون,2.5531301420125283,2.5531301420125283
جهل,-2.5524179510486067,2.5524179510486067
ta3ti,2.5522384138277925,2.5522384138277925
حثاله,2.5517244656951488,2.5517244656951488
ماماهم,2.5507018440837785,2.5507018440837785
الدم,2.5506214989709357,2.5506214989709357
تخبط,2.5501074793022833,2.5501074793022833
اكسو,2.5493512561336926,2.5493512561336926
تحيه,-2.5491725226346644,2.5491725226346644
لحاسين,2.5485580489797637,2.5485580489797637
تدافع,2.547956753994684,2.547956753994684
بول,2.547001085112789,2.547001085112789
كتر,2.545592392888784,2.545592392888784
الشرق,-2.5455149793997958,2.5455149793997958
ارحلو,2.5452918997297056,2.5452918997297056
لخرا,2.544662191753308,2.544662191753308
دياراس مخابرات,2.544370975883164,2.544370975883164
لمثل,-2.544079531777975,2.544079531777975
معدوده,2.5439477944328663,2.5439477944328663
نيفو,2.5436412322197417,2.5436412322197417
ربراب راهو,-2.5431162228025985,2.5431162228025985
زينو,2.542618629770765,2.542618629770765
تقدر,-2.541717071129846,2.541717071129846
فايحه,2.5407302140412007,2.5407302140412007
قليله,-2.538131391164963,2.538131391164963
بفف,2.536567571453628,2.536567571453628
نقول,-2.5362599618102624,2.5362599618102624
غاضه,2.5361802279858554,2.5361802279858554
ههخخ,2.5360125040867314,2.5360125040867314
تندم,2.5357400971594783,2.5357400971594783
okay,2.5356990086490203,2.5356990086490203
بلادك,2.5343289227711043,2.5343289227711043
العنوان,-2.534076318143193,2.534076318143193
علبالي,2.53338885608546,2.53338885608546
سور,-2.5333107966849693,2.5333107966849693
يصل,2.5316226350949163,2.5316226350949163
افهم,2.530767715011806,2.530767715011806
والفتنه,2.5304400952217905,2.5304400952217905
تقول,-2.5291603362966084,2.5291603362966084
داءما,-2.52808885725918,2.52808885725918
العدم,-2.5263528856059376,2.5263528856059376
ولد ماكرون,2.5261732232304324,2.5261732232304324
خليل,-2.52495746816654,2.52495746816654
بانتلي,-2.52349779091691,2.52349779091691
السلطه,-2.5228640380370506,2.5228640380370506
داركم,2.5225742527873747,2.5225742527873747
غامل,2.5224284346194388,2.5224284346194388
سعر,-2.522404630896564,2.522404630896564
ونتي,2.5222978228639255,2.5222978228639255
خونا,-2.5218914791099194,2.5218914791099194
بدات,-2.5215938803781284,2.5215938803781284
راصك,-2.521329856483199,2.521329856483199
وهذي,2.5212016695742867,2.5212016695742867
تبقي,2.5207645016095284,2.5207645016095284
يرحم الوالد,-2.520668898682178,2.520668898682178
الفرن,-2.5197773446287295,2.5197773446287295
سجن ربراب,2.5193749746219742,2.5193749746219742
نتاعنا,2.5188611840811244,2.5188611840811244
بلبركه,-2.5173377277314772,2.5173377277314772
رخص,2.5168507634792547,2.5168507634792547
lacoste,-2.5160847975012435,2.5160847975012435
نحرقو,2.5156200238546136,2.5156200238546136
اسلام,-2.515519401293313,2.515519401293313
الخبيث,2.515069964042967,2.515069964042967
9bayli,2.5139978480078033,2.5139978480078033
زاده,-2.513516481466288,2.513516481466288
اليابان,-2.5135147368241317,2.5135147368241317
نعيش,-2.5114494104630998,2.5114494104630998
القضيه قضيه,2.5102574307717265,2.5102574307717265
كلامك,2.5099505222255596,2.5099505222255596
لعصابه,2.5093991794214374,2.5093991794214374
مايعرفوش,-2.509111616499744,2.509111616499744
مبقاتش,2.5084809718602727,2.5084809718602727
الزيطوط,2.508145207982974,2.508145207982974
المجتمع,2.507307023374635,2.507307023374635
بالذات,-2.506594561560582,2.506594561560582
بيع,-2.506270504407737,2.506270504407737
حنين,-2.505183890731708,2.505183890731708
vrai,-2.5051504401593,2.5051504401593
مور,2.504947830361164,2.504947830361164
ااه,2.5044752248066757,2.5044752248066757
القادمه,-2.5032121671723186,2.5032121671723186
ضحكتو,-2.5030612851569907,2.5030612851569907
سكيكده,-2.502448580174052,2.502448580174052
النمل,-2.501485000864173,2.501485000864173
التعليق,-2.5009978740311554,2.5009978740311554
مكبوتين,2.499455435794397,2.499455435794397
الوضع,-2.4976873866768234,2.4976873866768234
حقيقي,2.4958891970424095,2.4958891970424095
يعسوا,-2.4956556478034955,2.4956556478034955
جبان,2.49559004261538,2.49559004261538
فراس,2.4950850544314562,2.4950850544314562
يرحمه,-2.4946033443535813,2.4946033443535813
الذوباب,2.4923866183420236,2.4923866183420236
مصريه,-2.4922458521487365,2.4922458521487365
وهدا,-2.4921101722603285,2.4921101722603285
طالح,2.4912044299633993,2.4912044299633993
fe,2.4909011255449696,2.4909011255449696
لحال,2.490366439098968,2.490366439098968
امبعد اهدر,-2.488564370756275,2.488564370756275
العاهره,2.4874118264804754,2.4874118264804754
rahi,2.485452967428104,2.485452967428104
اضعف,-2.4853214273326727,2.4853214273326727
الحديد,2.4850697555939614,2.4850697555939614
دشره,2.4834180379965836,2.4834180379965836
مزور,2.483330569087581,2.483330569087581
احتكر,2.4832243596562362,2.4832243596562362
شرطه,2.4829464977177707,2.4829464977177707
عمر امي,2.4829045586865965,2.4829045586865965
والمشكل,2.4815237830959522,2.4815237830959522
والتاريخ,2.4811216050963196,2.4811216050963196
عصابه,2.4807800246840253,2.4807800246840253
الانذال,2.480385875869166,2.480385875869166
شك,-2.4803766403107277,2.4803766403107277
الياجوره,-2.4802279604938704,2.4802279604938704
اعلم,-2.4800553500349083,2.4800553500349083
ak,2.4800488976119563,2.4800488976119563
يجوك,-2.4799719720543054,2.4799719720543054
وكنت,-2.478537115429521,2.478537115429521
فيلم,-2.478464083560058,2.478464083560058
يهودي,2.4780132979260685,2.4780132979260685
ولاقوه,-2.477285088301448,2.477285088301448
سعيد بوتفليقه,2.477054500980543,2.477054500980543
اصحاب الفرشيطه,2.47701881982921,2.47701881982921
اخذها,2.4753158722499258,2.4753158722499258
بصحتهم,-2.4753042999623016,2.4753042999623016
العقوبه,-2.4749830591570494,2.4749830591570494
اطلاقا,2.4744248405569307,2.4744248405569307
ربي يشفيه,2.473326603181054,2.473326603181054
مثلما,2.473119191873515,2.473119191873515
الشعب واعي,2.472167526967245,2.472167526967245
احترمي,2.471516056057093,2.471516056057093
نساو,-2.469890342215207,2.469890342215207
خاصني,-2.469841777503218,2.469841777503218
نبيك,-2.4677844343469024,2.4677844343469024
شكام,2.465929848926439,2.465929848926439
نعرفوك,2.465926576780366,2.465926576780366
ويعسو,-2.465197496423841,2.465197496423841
عادله,-2.464828741057242,2.464828741057242
فرر,-2.464610376354317,2.464610376354317
داسيا,-2.4620893496367575,2.4620893496367575
نقطه بيع,-2.4619171871850556,2.4619171871850556
رائعه,-2.4604251301953126,2.4604251301953126
وجه الشر,2.460035879353955,2.460035879353955
nique,2.459710938326145,2.459710938326145
ركي,2.4595831309284,2.4595831309284
روحو تقودو,2.4593028010171456,2.4593028010171456
اليمن,2.4592305260532705,2.4592305260532705
وخاصه,2.459173444967122,2.459173444967122
سمعتهم,2.4581891694646063,2.4581891694646063
بحجه,2.457808111659796,2.457808111659796
راءعه,-2.456720182274767,2.456720182274767
wela,2.454700419258837,2.454700419258837
بوراك,-2.454507263505981,2.454507263505981
mis,2.4533894801335725,2.4533894801335725
الاولاد,-2.4530717317156685,2.4530717317156685
خدع,2.451562987886601,2.451562987886601
ماميدو,2.451035124908219,2.451035124908219
فريت,-2.4508054495628393,2.4508054495628393
اصعب,-2.4485067096693256,2.4485067096693256
يدمرهم,2.448498450425082,2.448498450425082
ياربي,2.448431842920893,2.448431842920893
براندت,-2.44799137999746,2.44799137999746
ينتحر,2.447955054197814,2.447955054197814
وزيت,2.4478779127123143,2.4478779127123143
بقره الاركان,2.447022116587511,2.447022116587511
كرك,2.446609303153606,2.446609303153606
برد كرك,2.446609303153606,2.446609303153606
البقاء,2.4460369168979583,2.4460369168979583
تميز,-2.44598728183627,2.44598728183627
هدا الكلام,-2.442474433449937,2.442474433449937
القهوي,2.4415299960644496,2.4415299960644496
ظهر,2.4414057524707626,2.4414057524707626
مقوله,2.440556698286946,2.440556698286946
سرطان,2.4403533345984205,2.4403533345984205
الكبير,2.44029524734256,2.44029524734256
تطور,-2.4398098209988412,2.4398098209988412
كانوا,-2.438491141023806,2.438491141023806
قالمه,-2.4374824306556504,2.4374824306556504
خرطي,2.4369828854952322,2.4369828854952322
عهد,-2.4365788777497763,2.4365788777497763
اوملات,2.436363922401933,2.436363922401933
متعاطف معا,-2.433926618451785,2.433926618451785
مشي عسكريه,2.430564268057177,2.430564268057177
مازلت,2.430485503433779,2.430485503433779
اولا,-2.429858064178923,2.429858064178923
الاطباء,2.4297783405802535,2.4297783405802535
والجنرال,-2.4291804884218493,2.4291804884218493
نم,2.4286615599095067,2.4286615599095067
يقوم,2.4284965962435514,2.4284965962435514
نشر الفتنه,-2.4283621000875812,2.4283621000875812
للبلاد,2.42813474202345,2.42813474202345
السؤال,-2.4279923690875966,2.4279923690875966
النهاءي,2.4277132618203985,2.4277132618203985
amchi,2.427342311708681,2.427342311708681
ظالما,-2.4270213638119724,2.4270213638119724
ارضي,-2.4265119533669908,2.4265119533669908
ماماك,2.4241932338176055,2.4241932338176055
شواكركم,2.424121012585942,2.424121012585942
حفره,2.421867915940277,2.421867915940277
تحير,-2.421176957038034,2.421176957038034
والكلاب,2.421080083814968,2.421080083814968
وعلاش,-2.4208217898640982,2.4208217898640982
الخرى,2.4207479819448605,2.4207479819448605
مباشره,-2.4203722507309395,2.4203722507309395
شنو,2.4196596142994626,2.4196596142994626
يارب,-2.419631434410898,2.419631434410898
العصيان,-2.4195493150567415,2.4195493150567415
يحسب,-2.4193892568580586,2.4193892568580586
حقيقيه,-2.419248469685978,2.419248469685978
الشيات,2.4180400214442392,2.4180400214442392
وجعك,2.4159998254428325,2.4159998254428325
العسكريه,-2.415903608800293,2.415903608800293
حكايه,-2.415893530741598,2.415893530741598
عنصريه,2.4155707642987267,2.4155707642987267
القلوب,-2.41530647215959,2.41530647215959
اخوه,-2.4142997357947276,2.4142997357947276
الزب,2.41419499132976,2.41419499132976
الشمس,2.413835409280785,2.413835409280785
تبقى,2.413265943201256,2.413265943201256
عسكريه دوله,2.4128565533228716,2.4128565533228716
لديها,2.412282876931602,2.412282876931602
زرع,2.411011779918676,2.411011779918676
ولد قدور,-2.411000222195897,2.411000222195897
احكم,2.410565976166812,2.410565976166812
نك,2.4104788782856708,2.4104788782856708
zbi,2.4103365315856546,2.4103365315856546
شيعه,2.4091818367916225,2.4091818367916225
تموتوا,2.4084404191036,2.4084404191036
يرحلو,2.4066138857925354,2.4066138857925354
المديه,-2.405671925580357,2.405671925580357
انتهى,2.405545196149988,2.405545196149988
بيلي,2.404778440753811,2.404778440753811
اردت,2.40342015585735,2.40342015585735
عطاو,2.4022108644843247,2.4022108644843247
ثمن,-2.40173120634637,2.40173120634637
عيت,2.3972569659942558,2.3972569659942558
العسكر يسقط,2.396224968651135,2.396224968651135
الصبر,-2.394677540379629,2.394677540379629
مكانها,2.39450899618172,2.39450899618172
يهدي,2.3939933583947286,2.3939933583947286
بهدا,-2.392406579357724,2.392406579357724
شيات,2.391601394549983,2.391601394549983
الريح,2.3912532347365523,2.3912532347365523
ربراب زكاره,2.390090519425353,2.390090519425353
سءال,-2.389853582922054,2.389853582922054
الحرقه,-2.3894089906842035,2.3894089906842035
حريه,-2.3873964535312253,2.3873964535312253
لخراي,2.386604868805756,2.386604868805756
الاستخبارات,2.386475430314482,2.386475430314482
باقي,2.3860417038991173,2.3860417038991173
بو,2.385099514650596,2.385099514650596
ولد,2.3840172338778163,2.3840172338778163
الاعظم,2.3836685935284425,2.3836685935284425
قليطي,2.381888505825772,2.381888505825772
وادي,-2.3818253836089363,2.3818253836089363
الشعب كامل,-2.3814224728103928,2.3814224728103928
قهوين,2.3808419993697667,2.3808419993697667
برج,-2.37998134631652,2.37998134631652
تحريض,2.3781591223305094,2.3781591223305094
معترف,2.3781494971475183,2.3781494971475183
يتبعك,2.376846152701319,2.376846152701319
جزائري,-2.3758804178392796,2.3758804178392796
يخدمو,-2.3753072052707536,2.3753072052707536
بترول,-2.3743134632077605,2.3743134632077605
العاهرات,2.3735499938124813,2.3735499938124813
سؤال,-2.3729052578378482,2.3729052578378482
الدرجه,2.372482435034106,2.372482435034106
وكذب,2.3716734146222853,2.3716734146222853
كلامه,2.371533671982192,2.371533671982192
لص,2.3708441184065117,2.3708441184065117
عيد,-2.3706646094203996,2.3706646094203996
نشوف,2.36923925990815,2.36923925990815
يستعملو,-2.3670348213601935,2.3670348213601935
ويرحم,2.3658158371613585,2.3658158371613585
ouled,2.365744083456504,2.365744083456504
واقيلا,-2.3652647289073077,2.3652647289073077
فالشارع,-2.3651449172909014,2.3651449172909014
نقدر نشري,2.365017600519905,2.365017600519905
بالواحد,2.3645500388598344,2.3645500388598344
يقرا,2.3635625339746236,2.3635625339746236
نعبدوا ربي,2.3635116275953694,2.3635116275953694
لوط,2.3631393899425555,2.3631393899425555
قوم لوط,2.3631393899425555,2.3631393899425555
الريزو,-2.3618872910275193,2.3618872910275193
شرعي,2.361829617160386,2.361829617160386
حسابك,2.3606758574641318,2.3606758574641318
شعار,-2.3606433680415915,2.3606433680415915
رشيد,2.3603968808116975,2.3603968808116975
البيع,-2.3582034921710977,2.3582034921710977
يارخيس,2.3573895868731296,2.3573895868731296
المطالعه,-2.357067481087403,2.357067481087403
اليمنى,2.3563073294658814,2.3563073294658814
3lina,2.355302290511817,2.355302290511817
بهايم,2.35516943030462,2.35516943030462
مانديرو,-2.354069847405627,2.354069847405627
بحر,-2.3540275091584184,2.3540275091584184
لاحول,2.353986231085037,2.353986231085037
متكونش,-2.3523599728987,2.3523599728987
سقسي,-2.351657828537996,2.351657828537996
ينادون,-2.350492940403883,2.350492940403883
يعبدوهم,-2.3490519176119644,2.3490519176119644
ملا,2.348653782007889,2.348653782007889
موجوده,-2.3484523944101805,2.3484523944101805
السءال,-2.3482374916608797,2.3482374916608797
جال ربراب,2.3479111832883897,2.3479111832883897
وقيله,2.34666410070845,2.34666410070845
نسب,2.346556105898328,2.346556105898328
قمه,2.3463789651062794,2.3463789651062794
تدي,2.346321888989995,2.346321888989995
مرات,2.3453175327636493,2.3453175327636493
يديرها,-2.345024451990155,2.345024451990155
وتبا,2.3443961767476345,2.3443961767476345
احكمو,2.3438666557743497,2.3438666557743497
منك,2.343286858667756,2.343286858667756
سطيف,-2.3415392187069757,2.3415392187069757
خاطري,-2.340825189905483,2.340825189905483
يوجد,-2.3403720462868374,2.3403720462868374
غساله,-2.3399852647657595,2.3399852647657595
بنينه,-2.338740888908332,2.338740888908332
الجزايريه,-2.338385158061281,2.338385158061281
هرب,2.338191320316753,2.338191320316753
الفاحش,-2.3367977306438767,2.3367977306438767
مصالح,-2.334851656573329,2.334851656573329
التوفيق,-2.3348368994125592,2.3348368994125592
بشحال,-2.334310346314963,2.334310346314963
يدها,2.3339828415379484,2.3339828415379484
mère,2.3338151941361516,2.3338151941361516
يحفظك شر,2.3330763841385807,2.3330763841385807
ضحايه,-2.332230017419785,2.332230017419785
قل,-2.332036069811936,2.332036069811936
استغباء,2.3318270753739623,2.3318270753739623
خانه,2.3310166634945233,2.3310166634945233
دوم,2.3303775225079817,2.3303775225079817
الخري,2.329681569741127,2.329681569741127
مشاريعه,2.3294636656283965,2.3294636656283965
النبي,-2.328805174304845,2.328805174304845
سادويتش,-2.3284756012269585,2.3284756012269585
مالقري,2.327315289095365,2.327315289095365
نهار,2.326450394682885,2.326450394682885
نيك مو,2.325508843188282,2.325508843188282
فداء,-2.3253420973494268,2.3253420973494268
عنوانكم,-2.325158668917726,2.325158668917726
ماهمش,2.324697518619314,2.324697518619314
لامريكا,2.323723656166402,2.323723656166402
لاحول باله,2.323446795586825,2.323446795586825
ياكل,2.3234001824856203,2.3234001824856203
شريتها,-2.31924584348119,2.31924584348119
الحليب,-2.31921553012718,2.31921553012718
نتاعك,2.3168890247380483,2.3168890247380483
الهجاله,2.31550306550203,2.31550306550203
معاناه,2.313845345468828,2.313845345468828
تولد,-2.3133067974308936,2.3133067974308936
الماليه,2.310720528963155,2.310720528963155
الصحراء,2.310348569672749,2.310348569672749
قتلوه,-2.3091202484045827,2.3091202484045827
اله ينعلك,2.30768650633362,2.30768650633362
خويا لطفي,2.3073692591172814,2.3073692591172814
فارغ,2.3072149772659083,2.3072149772659083
يفرح,-2.307161386049699,2.307161386049699
يحبش الخير,2.3070108155532303,2.3070108155532303
حاجه بدون,2.304787637076018,2.304787637076018
بجايه تيزي,-2.3038425426477036,2.3038425426477036
لاحول ولاقوه,-2.303339288070176,2.303339288070176
وانت اقعد,2.30230782654662,2.30230782654662
تخسر,2.3008579945341925,2.3008579945341925
باه,2.3000433240695513,2.3000433240695513
شحال مليحه,2.2996761351869144,2.2996761351869144
يبقاو,2.2989408849338875,2.2989408849338875
معنى,-2.2962511886947867,2.2962511886947867
الموضوع,2.2959858989889965,2.2959858989889965
تصلو,2.2959601581325204,2.2959601581325204
بروند,-2.2955446044925285,2.2955446044925285
يعطيكم الصحه,-2.2947329276153665,2.2947329276153665
نقدر,-2.2945618836696755,2.2945618836696755
لمواطن,2.2926232272035825,2.2926232272035825
يلعبو,-2.2922277445290935,2.2922277445290935
نيخ,2.2921990297916626,2.2921990297916626
العربي زيطوط,-2.2916490270646,2.2916490270646
الزيتون,2.2916234651304435,2.2916234651304435
الخنزير,2.290835099515554,2.290835099515554
يسيبورتو,-2.2901232476481264,2.2901232476481264
القلاوي,2.290069840660526,2.290069840660526
يكذبو,-2.288991299763481,2.288991299763481
تبع,-2.288935442396373,2.288935442396373
lqahba,2.288782195580293,2.288782195580293
شهيتني,-2.2877658046859874,2.2877658046859874
بع,2.287574841451582,2.287574841451582
الحقوق,-2.287493505379377,2.287493505379377
سامه,2.287050785118495,2.287050785118495
اكبر,2.286912238909684,2.286912238909684
زيطوطه,2.2864081341948355,2.2864081341948355
بالناس,2.2858155425444897,2.2858155425444897
ويرحم امك,2.2845306769768308,2.2845306769768308
الفرفاره,2.2843818049806113,2.2843818049806113
عباده,2.2843490571078724,2.2843490571078724
سقوط,2.28353043793908,2.28353043793908
المتخلفين,2.282357566181373,2.282357566181373
انها,-2.282286554070252,2.282286554070252
يسيبورتي,2.2820489962301536,2.2820489962301536
راكم ديرو,2.281510575476146,2.281510575476146
حق ربي,-2.2812827578960184,2.2812827578960184
قدس,-2.281203339846135,2.281203339846135
دراهمكم,2.280735644789214,2.280735644789214
زيت,-2.280357003860795,2.280357003860795
المحتله,-2.2792670840145193,2.2792670840145193
ماتنساوش,2.2778737912783122,2.2778737912783122
حذاري,2.2771587582046795,2.2771587582046795
دراهم ظهر,2.276705500478404,2.276705500478404
جدار,-2.2759405539547206,2.2759405539547206
ينعل,2.2753405151804826,2.2753405151804826
امازيغي حر,2.274604395233927,2.274604395233927
البعض,2.274559851616844,2.274559851616844
تعطيو,2.273259718143131,2.273259718143131
تدمير,-2.273179931850885,2.273179931850885
فرونسي,2.2721614063767586,2.2721614063767586
قدك,2.2718562731180407,2.2718562731180407
كيفك,2.2704981955956076,2.2704981955956076
يرحمهم,-2.270447362028627,2.270447362028627
دوله مدينه,2.2688861294356792,2.2688861294356792
تركيا,-2.2683970326413143,2.2683970326413143
طباخه,-2.2680837963040883,2.2680837963040883
كادو,2.2675433776535883,2.2675433776535883
لعنك,2.266007916032842,2.266007916032842
الكوشه,-2.265307217831527,2.265307217831527
خسرت,-2.2642777439530724,2.2642777439530724
لهاد الدرجه,2.2634847561920304,2.2634847561920304
الرب,2.263361331766079,2.263361331766079
يجيبوا,-2.26323101719398,2.26323101719398
دينك,-2.2626901798859915,2.2626901798859915
بحاجه,2.2618135178762215,2.2618135178762215
اهدر,2.261765584009314,2.261765584009314
طع,2.2615388206849523,2.2615388206849523
العفو,-2.2613462109185942,2.2613462109185942
نهبل,-2.2603247189062317,2.2603247189062317
الجنسيه الفرنسيه,-2.259998476500931,2.259998476500931
الب,2.259760788033362,2.259760788033362
احتكار,2.259638746834875,2.259638746834875
تنساش,2.259502885405659,2.259502885405659
لندن,-2.2579593469910426,2.2579593469910426
لبنان,2.257518434191151,2.257518434191151
الحقره,2.2572442966173627,2.2572442966173627
المغرب ليبيا,2.2562897328093996,2.2562897328093996
اكس,2.2562320525963977,2.2562320525963977
ماهيش,-2.2556968114862026,2.2556968114862026
الديمقراطيه,-2.2556867214079506,2.2556867214079506
المشكله,2.2552149177266174,2.2552149177266174
لاختك,2.253631125851877,2.253631125851877
الاخبار,-2.2530172791759657,2.2530172791759657
اعطوني,-2.251961299168393,2.251961299168393
dawla,-2.25143972402374,2.25143972402374
غسله,2.2512666655785165,2.2512666655785165
غاليه,2.2510804365617108,2.2510804365617108
دنيا اخره,2.2499303953084167,2.2499303953084167
كبول,2.249542740138794,2.249542740138794
الدستور,2.249462941926779,2.249462941926779
السب والشتم,-2.2491961899764226,2.2491961899764226
نيكماتهم,2.2486268947446644,2.2486268947446644
استحمار,2.2484799489447402,2.2484799489447402
انقرضو,2.247466426604219,2.247466426604219
منظمه,2.247209035511216,2.247209035511216
بان,2.2458295022327044,2.2458295022327044
اعراب,2.2456042352831527,2.2456042352831527
ماتخافش,2.2454455336625245,2.2454455336625245
خي,2.244060976728346,2.244060976728346
الاغيول,2.243394104733579,2.243394104733579
الاخت,-2.2427208373907077,2.2427208373907077
روحي صلي,2.2426606650037155,2.2426606650037155
استاذ الفاضل,2.2425793490788637,2.2425793490788637
لحرام,2.2422158561863808,2.2422158561863808
خانزه,2.2419289044365533,2.2419289044365533
زيتوت,2.241243146203881,2.241243146203881
نبح,2.2408471856323438,2.2408471856323438
المصانع,-2.240605102350579,2.240605102350579
القديمه,-2.2402038696138407,2.2402038696138407
تهبل,-2.240162754531455,2.240162754531455
الراعي,-2.2381732164830987,2.2381732164830987
الزوافي,-2.236703763389023,2.236703763389023
جابوه العسكر,2.2366868422389206,2.2366868422389206
الثامنه,-2.2362895417465443,2.2362895417465443
نخدم,-2.23610933540548,2.23610933540548
بوتسريقه,2.2355987671237583,2.2355987671237583
حسني,2.2352238078886986,2.2352238078886986
الخل,-2.234933695992776,2.234933695992776
طحاحنه,2.234500965573479,2.234500965573479
باموال الشعب,-2.2344906464499386,2.2344906464499386
القمح,-2.234202536225479,2.234202536225479
اهبط,2.2341859407559967,2.2341859407559967
الخاص,-2.233295767304249,2.233295767304249
صافي,-2.231005818264773,2.231005818264773
سكران,2.2307177155178826,2.2307177155178826
الصيف,-2.2301944107883065,2.2301944107883065
تيعو,-2.229927964699883,2.229927964699883
طاءره,-2.2298744532567314,2.2298744532567314
الاسد,-2.229103528077785,2.229103528077785
اشبع,2.2284661471520835,2.2284661471520835
ثقه,-2.2282040416884454,2.2282040416884454
بومدين,2.2277564700124257,2.2277564700124257
ps,2.2272191146321845,2.2272191146321845
تخلا,2.2270483069018225,2.2270483069018225
تمنراست,-2.2269998471649393,2.2269998471649393
grave,-2.2268453005364566,2.2268453005364566
النور,-2.226048924141445,2.226048924141445
وحد,2.225791901291718,2.225791901291718
درت الفتنه,-2.2257745094679673,2.2257745094679673
والشيته,2.225743094004981,2.225743094004981
ارمي,2.2254847863413154,2.2254847863413154
المستويات,-2.224211617159974,2.224211617159974
بروبلام,-2.2239157094489372,2.2239157094489372
يرحم القايد,2.2213013334577614,2.2213013334577614
امين,-2.221047060739397,2.221047060739397
hechon,2.2204112663317104,2.2204112663317104
سياسه,-2.2203308005187727,2.2203308005187727
هاد,2.2200833142236664,2.2200833142236664
دجاج,-2.219753922404584,2.219753922404584
الاغنيه,-2.2186320809124718,2.2186320809124718
القدم,2.218537076006996,2.218537076006996
مرض,-2.216691266683653,2.216691266683653
باينين,-2.2161061230078976,2.2161061230078976
اصلا,2.2160912145336713,2.2160912145336713
القانون,-2.216080554609882,2.216080554609882
lfitna,2.2158324242034784,2.2158324242034784
الهاشتاق,-2.2156757020931614,2.2156757020931614
ياخانز,2.214509634582732,2.214509634582732
rkhis,2.2137126802381437,2.2137126802381437
زادا,-2.2134677554180007,2.2134677554180007
اعوذ,2.2130145054716155,2.2130145054716155
وعود,-2.2127328816671645,2.2127328816671645
الطلبه,-2.2122416151145465,2.2122416151145465
نوضو,-2.2120339712816106,2.2120339712816106
نستنا,-2.211466959189266,2.211466959189266
يديكم,2.211362304609706,2.211362304609706
مزال مزال,-2.2103097363224506,2.2103097363224506
كوستيم,2.2095921116817094,2.2095921116817094
الف الف,-2.2094711473048454,2.2094711473048454
البترول,2.2087926906586297,2.2087926906586297
وطن,2.2082413681388067,2.2082413681388067
فلن,2.2079636706881183,2.2079636706881183
ساعه,-2.2075836033642964,2.2075836033642964
يولد,-2.2072433883201,2.2072433883201
حتشون يماك,2.2068217441571405,2.2068217441571405
فخر العرب,-2.206630476502919,2.206630476502919
نيتك,2.206046418770962,2.206046418770962
هداك,2.205486200824688,2.205486200824688
المجاهدين,-2.2052938252535483,2.2052938252535483
اولاد فرنسا,2.2037481387789364,2.2037481387789364
ويطول,2.203314677368504,2.203314677368504
شابه,-2.2031286299739046,2.2031286299739046
عمدا,-2.2017438642860423,2.2017438642860423
بسكو,2.2014650418958412,2.2014650418958412
لحكايه,-2.2014633636860697,2.2014633636860697
عم,-2.20138991947469,2.20138991947469
alf,-2.2011888442529792,2.2011888442529792
الفرق,-2.2006037444917625,2.2006037444917625
خريه,2.2003925954240144,2.2003925954240144
المزيد,-2.1998743634819586,2.1998743634819586
يستجيب,-2.1991905074847544,2.1991905074847544
يباركلك,2.198881300980868,2.198881300980868
فافا,2.198772507498838,2.198772507498838
خطا,-2.1979940170372294,2.1979940170372294
طلع,-2.1972129663738884,2.1972129663738884
يكن يوما,2.1968095630430122,2.1968095630430122
مر,2.195587907943971,2.195587907943971
عيناني,2.1937315520263443,2.1937315520263443
تبعي,2.1925900119280013,2.1925900119280013
الغيره,2.192524528293614,2.192524528293614
ديالك,2.1918593752238986,2.1918593752238986
الحمله الانتخابيه,-2.1915375851676364,2.1915375851676364
وشحال,-2.1905446708219016,2.1905446708219016
اله تربحكم,2.1905270033056863,2.1905270033056863
العربي,-2.1901185339955442,2.1901185339955442
البعير,2.189728420516246,2.189728420516246
بصفتي,2.189648788653601,2.189648788653601
امان,-2.1875704253187473,2.1875704253187473
ليبيري,-2.1875251386588856,2.1875251386588856
الرحله,-2.18719174983863,2.18719174983863
يحب,2.1863583518434697,2.1863583518434697
السلام قبايلي,2.1861282802700255,2.1861282802700255
يرحمها,-2.1859792757632084,2.1859792757632084
الميلادي,2.1840718919429203,2.1840718919429203
بوعلام,-2.183550656514144,2.183550656514144
يدخلو,2.1835034887815095,2.1835034887815095
خوتي,-2.1832309813612363,2.1832309813612363
حاسبهم,2.183104757526447,2.183104757526447
تطبيق,-2.1826898243823383,2.1826898243823383
يسلمك,-2.182610980222864,2.182610980222864
نحتشون,2.1822888673014074,2.1822888673014074
قعرتها,2.1802766445552098,2.1802766445552098
لبس,-2.1802542263180467,2.1802542263180467
سوني,2.1797539888974353,2.1797539888974353
يتنحاو,2.1788760609022457,2.1788760609022457
وحدو,-2.1785047059505573,2.1785047059505573
ملبسه,2.17833245720847,2.17833245720847
بحجم قاره,2.1775405187663197,2.1775405187663197
متوفره,-2.176601089169695,2.176601089169695
لله,-2.176555726823845,2.176555726823845
الصوره,-2.176450257999104,2.176450257999104
دورجين,2.17628842514819,2.17628842514819
كون جيتي,2.1759976740331948,2.1759976740331948
يحل,2.175884908187524,2.175884908187524
تشجع,-2.1753785681930196,2.1753785681930196
انشالله,-2.1748277451775837,2.1748277451775837
لفاهم,2.1741715262411243,2.1741715262411243
ماني,2.1736069507158295,2.1736069507158295
الاكترونيه,2.1729623683413344,2.1729623683413344
لاحول قوه,2.17165876027013,2.17165876027013
تسمى,-2.1715975304224324,2.1715975304224324
تقولي,-2.1708570912967784,2.1708570912967784
ياوحد,2.1707234017617107,2.1707234017617107
سينياليو,2.169968562720865,2.169968562720865
يجرو,2.1695318944571715,2.1695318944571715
يرحمو,-2.169317884764808,2.169317884764808
عبر,-2.1689068552992725,2.1689068552992725
وكيلهم,2.166759490324731,2.166759490324731
ربي يحفظك,2.1667311556618754,2.1667311556618754
المدبر,2.166094761688591,2.166094761688591
جو,-2.165952770097792,2.165952770097792
يفتح,-2.1657438884668716,2.1657438884668716
مداير,2.165108803964894,2.165108803964894
اله يذلك,2.164899309995608,2.164899309995608
صوالحو,2.1647219112355707,2.1647219112355707
نضرب,2.1638473055593948,2.1638473055593948
برافو برافو,2.16319175977688,2.16319175977688
يرزقك,-2.1631457679257178,2.1631457679257178
يربح,-2.162210016561793,2.162210016561793
مجهول,2.1616903760340223,2.1616903760340223
زوجها,2.1611149402958714,2.1611149402958714
سفاره,2.1605707948946424,2.1605707948946424
بريكه,-2.1591057319716414,2.1591057319716414
رحله,-2.159039572740185,2.159039572740185
زادكا,-2.158698778936389,2.158698778936389
الداخليه,-2.1579760713532954,2.1579760713532954
مانيش,2.1577406543174904,2.1577406543174904
فسوف,2.156564992109511,2.156564992109511
والقاءمه,2.1560219509664713,2.1560219509664713
هذوك,-2.156016036585826,2.156016036585826
كيفيه,-2.1560132157852863,2.1560132157852863
افتحو,-2.1554718585052397,2.1554718585052397
بقاو,-2.1541729901816704,2.1541729901816704
الشعب السيد,-2.1523513460140578,2.1523513460140578
وفقك,-2.1522786097611037,2.1522786097611037
يتسما,-2.151281566343192,2.151281566343192
يعود,-2.151250899392805,2.151250899392805
ميور,-2.151050514078863,2.151050514078863
هاهو,-2.150506886177311,2.150506886177311
محل,-2.149295345644678,2.149295345644678
روح تركد,2.1489911209857224,2.1489911209857224
واصبحت,2.147946465333151,2.147946465333151
المشاكل,-2.1478625507905003,2.1478625507905003
العمليه,2.1478399609125916,2.1478399609125916
قالت,-2.1478359526565556,2.1478359526565556
قط,-2.1474912795435905,2.1474912795435905
للاسف,-2.146209463108679,2.146209463108679
ونتا اقعد,2.1457477305913613,2.1457477305913613
يفرجها,-2.1454825669859576,2.1454825669859576
ولاد فرنسا,2.1452694245342125,2.1452694245342125
رحمه شفقه,2.1451137590913145,2.1451137590913145
وافتخر,-2.1449602744545744,2.1449602744545744
مدنيه,-2.1444456755941546,2.1444456755941546
وحده شريك,-2.144434765504613,2.144434765504613
نكتنا بيها,2.1441558386761166,2.1441558386761166
نكتنا,2.1441558386761166,2.1441558386761166
الدنوب,-2.1440401205466078,2.1440401205466078
بالتوفيق استاذ,2.1439701466676926,2.1439701466676926
ماشاء,-2.143477143031343,2.143477143031343
شريته,-2.142913553180226,2.142913553180226
اسميتك,-2.142913194664186,2.142913194664186
شئ,-2.141789668027748,2.141789668027748
رجوع,-2.141588132214749,2.141588132214749
ولاد ربراب,2.140870636697522,2.140870636697522
يتفرجو,-2.14027192083476,2.14027192083476
خصاره,2.1402466593887866,2.1402466593887866
ماليه,-2.139661683913831,2.139661683913831
يلزم,-2.138509524552101,2.138509524552101
تقول صح,2.1379763156495124,2.1379763156495124
ويحفظك,-2.137493246982689,2.137493246982689
البسيط,-2.1361674292590638,2.1361674292590638
تبغي,-2.135586901363004,2.135586901363004
ثروه,2.1343568130002994,2.1343568130002994
المولوديه,-2.1341228401283803,2.1341228401283803
عوده,2.132678578297842,2.132678578297842
العلم,-2.1316205019852226,2.1316205019852226
كون,2.1314058551385955,2.1314058551385955
يجيك,2.1309844756451497,2.1309844756451497
يعلمون,-2.130276792062688,2.130276792062688
زيدلها,-2.1299178599078603,2.1299178599078603
سيستام,2.129723991168163,2.129723991168163
ياناس,-2.129293411783243,2.129293411783243
رياضيات,2.128862046136264,2.128862046136264
قصر,-2.128853298954254,2.128853298954254
يتبعهم,2.1287423298737655,2.1287423298737655
البلاد العباد,-2.1265429048515303,2.1265429048515303
تتحمل,-2.1263282039270734,2.1263282039270734
خويه,-2.126305904243351,2.126305904243351
غالطه,2.1258008882282375,2.1258008882282375
يسعد,-2.1256804304183543,2.1256804304183543
ليكم,2.125356669142043,2.125356669142043
يدل,2.124902177228435,2.124902177228435
يتبعو,2.1248243058919845,2.1248243058919845
اعلان,-2.1246438298321886,2.1246438298321886
اشتريته,2.124210552382087,2.124210552382087
الزجاج,-2.1234711214008626,2.1234711214008626
بالفرونسي,2.123424513875137,2.123424513875137
تسكن,2.1230303006204,2.1230303006204
البلطجيه,2.1228412951052227,2.1228412951052227
فهمت,-2.122653651936613,2.122653651936613
الاسوء,-2.122466561159812,2.122466561159812
العالم,2.1220662208688283,2.1220662208688283
العصابه الجديده,-2.1213106499559173,2.1213106499559173
حمله,2.1200327954756264,2.1200327954756264
نحبها,-2.1199350747113694,2.1199350747113694
فالدزاير,-2.1187881718566266,2.1187881718566266
استغلال,-2.1184826098818883,2.1184826098818883
السعر,-2.117924497434024,2.117924497434024
اولاد,2.117388848274573,2.117388848274573
مالي,-2.116765424221771,2.116765424221771
بالشعب,2.114591289520782,2.114591289520782
كلمه,-2.114142749765488,2.114142749765488
الهي,2.1136929683065206,2.1136929683065206
الرسميه,-2.113557156221741,2.113557156221741
اووه,-2.113380062033533,2.113380062033533
عمي سلال,2.112328611527982,2.112328611527982
فقيرا,-2.1115965072013543,2.1115965072013543
عنصري,2.1115330084623127,2.1115330084623127
يجوز,-2.1109411819534385,2.1109411819534385
ربراب اكبر,2.1102251034891486,2.1102251034891486
والم,2.1099630209093205,2.1099630209093205
غلق,-2.1096281527685554,2.1096281527685554
الخائن,2.1092010241472634,2.1092010241472634
الامارات,2.1089694023132117,2.1089694023132117
مهنه,-2.1083309129038885,2.1083309129038885
فساد,2.105877515684859,2.105877515684859
تحيا,-2.1054558734650954,2.1054558734650954
يلعب,-2.1041361785576522,2.1041361785576522
الجامع,-2.1020822964766164,2.1020822964766164
كرشو تبن,-2.1018439403738824,2.1018439403738824
تبن,-2.1018439403738824,2.1018439403738824
نعل,2.101781464294146,2.101781464294146
مواطن,-2.1015976748378224,2.1015976748378224
تبون مزور,2.1014515172727766,2.1014515172727766
يشق,-2.101074260463222,2.101074260463222
الفعلي,-2.100865931777511,2.100865931777511
ربي يهديكم,2.100804140729048,2.100804140729048
الملك,-2.1006896053121618,2.1006896053121618
نشوفك,2.1006839371466985,2.1006839371466985
بسكره,-2.0991443519608013,2.0991443519608013
البخس,2.0985183570836288,2.0985183570836288
والقواده,2.098515178476095,2.098515178476095
ولاد الحرام,2.0982327977402453,2.0982327977402453
ابيك,2.098194490820343,2.098194490820343
نعيمه,-2.097980283124772,2.097980283124772
الله الله,-2.097198798078952,2.097198798078952
حر,-2.0970292794621983,2.0970292794621983
كتبت,-2.0947529784715293,2.0947529784715293
الخرا,2.0942557570489617,2.0942557570489617
هدو,2.0940122404896835,2.0940122404896835
تجري,-2.0934737810042594,2.0934737810042594
كنتم,2.093401790057387,2.093401790057387
اكبر منك,2.093074332996917,2.093074332996917
دنيه,2.0927357635890296,2.0927357635890296
يعس,-2.092270748830296,2.092270748830296
لاي,-2.091758647730109,2.091758647730109
لوخرين,2.0880720299668174,2.0880720299668174
جوعتوني,-2.0877773332338694,2.0877773332338694
جمعت كامل,-2.0873092533975517,2.0873092533975517
ياخاوتي,2.087167814894654,2.087167814894654
رزقه,-2.087029123635623,2.087029123635623
بانتلك,2.0852945324707535,2.0852945324707535
بانتلك علينا,2.0852945324707535,2.0852945324707535
ثانيا,-2.085184710392103,2.085184710392103
خيار,-2.084245639142524,2.084245639142524
جنه,-2.083913555424118,2.083913555424118
مسانده,-2.0822321967759643,2.0822321967759643
بقا,-2.081541360284292,2.081541360284292
الخبر,-2.080920039160999,2.080920039160999
يلعنكم,2.080666120425353,2.080666120425353
فرنسيه,2.080534201475566,2.080534201475566
خوا,-2.079860416090082,2.079860416090082
القمه,-2.078947983532181,2.078947983532181
حلوف,2.07850380604571,2.07850380604571
مافيا,2.0783104385211773,2.0783104385211773
لباباك,2.0776290367801935,2.0776290367801935
وقعد,2.076953935056314,2.076953935056314
يدافعو,2.076863446958307,2.076863446958307
يكسر ايديهم,2.076598842683071,2.076598842683071
يكسر,2.076598842683071,2.076598842683071
inchallah,-2.0765139370233365,2.0765139370233365
اشياء,-2.0763914162463872,2.0763914162463872
سكان,-2.0763343337691875,2.0763343337691875
وامير,-2.076061886794396,2.076061886794396
الهجوم,-2.0748446787145682,2.0748446787145682
برافو,-2.0747338525684045,2.0747338525684045
اعطني,-2.0734379883500083,2.0734379883500083
يشفي,-2.073414879510881,2.073414879510881
ترميك,2.073115015394587,2.073115015394587
القرن,-2.072038289789104,2.072038289789104
نسقسيكم,-2.0718677444451195,2.0718677444451195
منكم,2.071778760640494,2.071778760640494
ياعميل,2.0715114245419923,2.0715114245419923
التاريخ,-2.0713525578889587,2.0713525578889587
ياكلب,2.0713153498570427,2.0713153498570427
التسعينات,2.0711332247047536,2.0711332247047536
اتقي,-2.07048315380087,2.07048315380087
ولايتي,-2.0702026097821116,2.0702026097821116
لكلام,2.0692433924583398,2.0692433924583398
يدعم,-2.0689396227088115,2.0689396227088115
تولو,2.067864393952563,2.067864393952563
فضلك,-2.067815238153169,2.067815238153169
مزالك,2.0675456600567923,2.0675456600567923
هدري,2.0669552795429245,2.0669552795429245
ياكلو,2.066597077750705,2.066597077750705
بالحلال,2.0658656612991426,2.0658656612991426
الارهاب,2.065180066680777,2.065180066680777
كاينه,-2.064990171168325,2.064990171168325
نساء,2.0649762467467374,2.0649762467467374
ومنيش,-2.0647894502700734,2.0647894502700734
جوع,2.064670318228438,2.064670318228438
يلحق,-2.063742892070219,2.063742892070219
موجه,-2.0634509058996358,2.0634509058996358
البسبوسه,-2.063152420641491,2.063152420641491
مانعرفش,2.0627254607193386,2.0627254607193386
رجال الاعمال,2.0625643531670756,2.0625643531670756
يوفقك خويا,2.0625318274421014,2.0625318274421014
ربراب رجل,-2.0624972689600667,2.0624972689600667
خويا امير,-2.0620769607578646,2.0620769607578646
جاتك,-2.061446229737942,2.061446229737942
النظام الفاسد,2.061023585138409,2.061023585138409
روحي شوفي,-2.060920946147732,2.060920946147732
لانكم,-2.060820379177229,2.060820379177229
انشاء,-2.0595106920704422,2.0595106920704422
تسلم,-2.0589525573823693,2.0589525573823693
اتقوا,-2.0583842362281652,2.0583842362281652
والمغرب,-2.058121220129768,2.058121220129768
يحفظ بلادنا,2.057481288226378,2.057481288226378
حابين,2.0571508613316993,2.0571508613316993
بالفيديو,2.0557413316653372,2.0557413316653372
تشبع,2.054470281502165,2.054470281502165
طغاو,2.053681835466526,2.053681835466526
علامات قروب,2.052711310376879,2.052711310376879
تشينا,-2.052097799321504,2.052097799321504
الخموس,-2.0520650962878175,2.0520650962878175
المصداقيه,-2.0512695133218597,2.0512695133218597
مدنيه مشي,2.0503434698754734,2.0503434698754734
يخم,2.049289175954173,2.049289175954173
وحدها,-2.048449860034576,2.048449860034576
دانون,2.04833213895991,2.04833213895991
المسءوليه,-2.0479862964679105,2.0479862964679105
سيناريو,-2.0479742594956054,2.0479742594956054
بلدان,-2.0478023075223604,2.0478023075223604
رجلو,-2.0475995287799336,2.0475995287799336
نتمكن,-2.047404166779812,2.047404166779812
ملاين,-2.0462919920829403,2.0462919920829403
مزالو,-2.0453739631752055,2.0453739631752055
ولقبايل,-2.0446265491330036,2.0446265491330036
الشعار,2.0445202629284815,2.0445202629284815
غردايه,-2.0442961741229246,2.0442961741229246
يدعي,2.044202279216834,2.044202279216834
تهدر مولوديه,2.0436524724083025,2.0436524724083025
نسمع راي,-2.0435256167140414,2.0435256167140414
البوليس,-2.042144103265358,2.042144103265358
طريق,-2.0421030595641465,2.0421030595641465
رجله,2.0412685213568884,2.0412685213568884
القران,2.041198206183451,2.041198206183451
جمع,-2.039962517600791,2.039962517600791
زينه,2.039635227056353,2.039635227056353
نلحقو,2.038461495923001,2.038461495923001
مزالهم,-2.037347033497706,2.037347033497706
مشي ربراب,2.0372630186438663,2.0372630186438663
ابتداءي,2.0370623131679646,2.0370623131679646
افسدوا,2.0366207389536344,2.0366207389536344
الخزينه,2.0358751255029706,2.0358751255029706
كلهم,2.0358316427187506,2.0358316427187506
فورا,2.0346865166895283,2.0346865166895283
ربراب غيره,2.034589249137282,2.034589249137282
دخلنا,-2.034324775672466,2.034324775672466
الزامل,2.0332992986520355,2.0332992986520355
دارولو,2.0323536832454625,2.0323536832454625
قالك ربراب,2.0319956540036155,2.0319956540036155
الصعبه,-2.0316899454257205,2.0316899454257205
ذكي,-2.0313998255309365,2.0313998255309365
whd,2.0313087772575398,2.0313087772575398
الازرق,2.031079494695903,2.031079494695903
الوزير,-2.0300625409267523,2.0300625409267523
جزاءر جديده,2.0300091249005816,2.0300091249005816
مفيده,2.029433002231403,2.029433002231403
التنفيذ,-2.0293947985481,2.0293947985481
العمله,2.029374230535152,2.029374230535152
يحدث,-2.028508768857707,2.028508768857707
يدين,2.0278507877265564,2.0278507877265564
نييك,2.027736904398214,2.027736904398214
فظلكم,-2.0274111376449606,2.0274111376449606
الحمله,-2.026474123327373,2.026474123327373
المتعلق,2.0260500682439435,2.0260500682439435
اومبعد,-2.025613507263195,2.025613507263195
التخريب,2.024717588753993,2.024717588753993
الكبيره,2.0240165808644703,2.0240165808644703
تهريب,-2.0233230212227267,2.0233230212227267
حاضرين,2.0232672768125046,2.0232672768125046
الخطر,-2.0226881553552367,2.0226881553552367
ريحت,-2.022421581386666,2.022421581386666
الطيب,-2.0219466369766024,2.0219466369766024
يروج,-2.021830376352042,2.021830376352042
ينال,-2.0210365385421936,2.0210365385421936
اسباب,-2.020576260447387,2.020576260447387
اسطوري,-2.020344349046552,2.020344349046552
احمق,2.020329000920961,2.020329000920961
باينه تكمل,-2.019946715478235,2.019946715478235
الوفاق,-2.019553719134002,2.019553719134002
يستاهل,-2.019425594955644,2.019425594955644
ونص,-2.0175695958866475,2.0175695958866475
هايل,-2.0175161240896835,2.0175161240896835
مثلهم,2.017496169276566,2.017496169276566
دوله القانون,-2.0172549724556963,2.0172549724556963
يقولو,2.017181411529102,2.017181411529102
كتابه,2.0171013608196287,2.0171013608196287
الخام,-2.016643238129291,2.016643238129291
طبعا,-2.014875735101017,2.014875735101017
الفءه,2.0148700951515317,2.0148700951515317
بوخرص,-2.014387490802754,2.014387490802754
اشحال,-2.014195124121507,2.014195124121507
قبره,-2.0141278755900998,2.0141278755900998
النشطاء,2.0137518610289478,2.0137518610289478
معشر,2.0134625088276223,2.0134625088276223
فتحت,-2.013190620075436,2.013190620075436
يعطيوهم,-2.012752754554711,2.012752754554711
نجاح,-2.0113625619940763,2.0113625619940763
بدايه,-2.011339239355762,2.011339239355762
القبايل,2.01086951907807,2.01086951907807
فحله,-2.010468106942541,2.010468106942541
حوست,-2.010340042446346,2.010340042446346
تطيحي,2.0088997346311386,2.0088997346311386
الحلوف,2.0088729924668822,2.0088729924668822
لفرونسي,2.008388182225975,2.008388182225975
لباز,2.008276236064077,2.008276236064077
مقلي,-2.007909006779742,2.007909006779742
كبش فداء,-2.0072211924340158,2.0072211924340158
الهزات,-2.0068816134319123,2.0068816134319123
سيادو,2.0059435320448125,2.0059435320448125
داو,2.0058895124827223,2.0058895124827223
الام,-2.0049737740061855,2.0049737740061855
يرحم يماك,2.004598330684273,2.004598330684273
سبحانو,-2.0040513303086844,2.0040513303086844
ديرلهم,-2.003553272865535,2.003553272865535
الكذب,2.003413563954606,2.003413563954606
خرج الشعب,2.0031130779695334,2.0031130779695334
عزيزه,-2.002613108160102,2.002613108160102
بحجه دعم,-2.00115056410773,2.00115056410773
الانتخابيه,2.000945755331414,2.000945755331414
ولوكال,-2.00075982568118,2.00075982568118
نقولك,1.9998469884497025,1.9998469884497025
تخدم روحك,1.9998033768916446,1.9998033768916446
فتسعينات,1.9994718742541775,1.9994718742541775
اموال,-1.9975187828554621,1.9975187828554621
نورمالمو,1.9971693026522719,1.9971693026522719
زوج دورو,1.9965599679137975,1.9965599679137975
تكلفه,-1.9952747402233497,1.9952747402233497
العافيه,1.9946087864340096,1.9946087864340096
الخاءن,1.994388723089307,1.994388723089307
بلاك,-1.9942862050331773,1.9942862050331773
بوتاف,1.9937070430518888,1.9937070430518888
النشور,-1.9937049549879828,1.9937049549879828
متسرب,1.99235619232127,1.99235619232127
متسرب مدرسي,1.99235619232127,1.99235619232127
مدرسي,1.99235619232127,1.99235619232127
الجزايرين,1.9922773448410032,1.9922773448410032
البقره,-1.9922336920875554,1.9922336920875554
وزبي,1.9919329528362744,1.9919329528362744
قياده,-1.9913430767974143,1.9913430767974143
نتيجه,1.9910987665435542,1.9910987665435542
يلحقش لعنب,1.9903045072952024,1.9903045072952024
حدث,-1.9901590449223125,1.9901590449223125
يتكلمو,-1.9895467201435284,1.9895467201435284
منتوج,-1.9893791225020416,1.9893791225020416
ماعندناش,-1.9878129158276667,1.9878129158276667
رك,1.9876804739573137,1.9876804739573137
الصحافي,-1.987678124131629,1.987678124131629
مخبرات,1.9876513346158105,1.9876513346158105
ابعث,-1.987292376266072,1.987292376266072
بيت الراحه,1.9861445849088528,1.9861445849088528
مبردع,-1.9853371708681202,1.9853371708681202
معترف بيها,1.9851472933766907,1.9851472933766907
لخضر,-1.984861240271267,1.984861240271267
ينطق,1.9848568968011455,1.9848568968011455
حمد,-1.9844217298405928,1.9844217298405928
عاجل,-1.9843136110277808,1.9843136110277808
الانتخابات,-1.9842523368803506,1.9842523368803506
غلا,1.984189004726034,1.984189004726034
انتظر,-1.983639246946329,1.983639246946329
الصور,-1.9832025552351167,1.9832025552351167
اكتر,-1.9827095337099985,1.9827095337099985
الكاذبه,1.982149754312477,1.982149754312477
yaw,1.9818099065254056,1.9818099065254056
الطاقه,-1.9816541126817557,1.9816541126817557
عندما,1.9810531977265746,1.9810531977265746
منطقه,-1.9799187903528874,1.9799187903528874
يسيبورتي مولوديه,-1.9787404926046868,1.9787404926046868
المدعو,1.9782898303377778,1.9782898303377778
حبس,1.9779415726427778,1.9779415726427778
فعلها,-1.976789354349908,1.976789354349908
البريك,-1.9765927049747076,1.9765927049747076
ملايين,-1.9759742530583568,1.9759742530583568
عزه,1.975419697082939,1.975419697082939
يشوفو,1.9748214345193615,1.9748214345193615
ربراب فرنسي,-1.9740867651179859,1.9740867651179859
المناسب,1.9740215087122457,1.9740215087122457
سلطه,-1.9734031862119126,1.9734031862119126
حاب نعرف,-1.9733414976791388,1.9733414976791388
الورقه,1.9725781136306075,1.9725781136306075
بدا,-1.972509650302281,1.972509650302281
ربراب الفاسد,1.9723596784510484,1.9723596784510484
عارف,1.9723507791133128,1.9723507791133128
ناكلو,1.9715520848540242,1.9715520848540242
عملي,-1.9709169877016537,1.9709169877016537
نسمع سولكينغ,1.970684140649932,1.970684140649932
مفروض,-1.9699654782826164,1.9699654782826164
بدماء الشهداء,-1.9699196809115733,1.9699196809115733
كره منك,1.9699155668961255,1.9699155668961255
باختصار,1.9698665997466915,1.9698665997466915
لدار,1.96909232460664,1.96909232460664
رياض,-1.9690193960380897,1.9690193960380897
لجيش,1.96821305352994,1.96821305352994
الجديد,-1.9682064353138495,1.9682064353138495
ديرها,1.967469529752192,1.967469529752192
متوسط,1.967282523119423,1.967282523119423
الرابعه متوسط,1.967282523119423,1.967282523119423
دوله وطنيه,-1.965887237244003,1.965887237244003
وطنيه ماشي,-1.965887237244003,1.965887237244003
السيار,1.9652080393677498,1.9652080393677498
ويضحك,1.9645374085303695,1.9645374085303695
لغتك,1.9643031403829898,1.9643031403829898
المنتوج,-1.964126794603361,1.964126794603361
ويدك,1.96363930873188,1.96363930873188
الفئه,1.963493735203609,1.963493735203609
المعرفه,-1.9629756159679983,1.9629756159679983
عسكري,1.962077590464195,1.962077590464195
رابعه,1.9616097221592472,1.9616097221592472
كريم,-1.9608707019615361,1.9608707019615361
تناك,1.9607872546225236,1.9607872546225236
بيضاء,-1.960761271119436,1.960761271119436
افكاره,1.9602509723922301,1.9602509723922301
يفتخر,-1.9594243898942711,1.9594243898942711
نكون,-1.9586799680307558,1.9586799680307558
الغرب,-1.9585436361572375,1.9585436361572375
لمزيد,-1.9581742021712394,1.9581742021712394
اسمحلي,-1.9575797794188043,1.9575797794188043
امير لعقوبه,1.9574133069799171,1.9574133069799171
مازدا,1.9572124111170166,1.9572124111170166
جديده جزائر,1.9570140714625288,1.9570140714625288
بنين,-1.9563799815887593,1.9563799815887593
خبر,-1.9555431338763962,1.9555431338763962
لفرنسا,1.9539107379236014,1.9539107379236014
التم,1.9537153563211298,1.9537153563211298
عمي ربراب,-1.9535124183249957,1.9535124183249957
وهما,-1.9531959198861533,1.9531959198861533
يسلك,-1.9526313017724497,1.9526313017724497
احشمي,1.9523597076289565,1.9523597076289565
ربراب فاسد,1.952072292400853,1.952072292400853
اجمعين,-1.9507964455489286,1.9507964455489286
حرمه,-1.9503810338076157,1.9503810338076157
الطغاه,1.9501723247621503,1.9501723247621503
تحذر,1.9501064708734284,1.9501064708734284
يشافي,-1.9496686362386304,1.9496686362386304
اشباه,1.9495781224406543,1.9495781224406543
رابحين,-1.949320608838461,1.949320608838461
فالصح,1.9488949591127254,1.9488949591127254
خطيك,-1.9485091359793352,1.9485091359793352
سروال مزير,-1.948343949129074,1.948343949129074
كونيناف ربراب,-1.9480261138047295,1.9480261138047295
والامارات,1.947933889174964,1.947933889174964
يدعموه,1.946977616305757,1.946977616305757
سورتو,1.9467388760258246,1.9467388760258246
ياولاد,1.9451593864742167,1.9451593864742167
صاحب,1.9436284517292322,1.9436284517292322
بناء,-1.9432579136801231,1.9432579136801231
لعنكم,1.9420734435613913,1.9420734435613913
يهدر,1.9419827758884134,1.9419827758884134
خافي,1.9418701200006598,1.9418701200006598
كانو يعملون,1.9408225790104234,1.9408225790104234
يجيبهالكم,1.9408146772672907,1.9408146772672907
الادب,-1.9394455141637932,1.9394455141637932
الرغايه,-1.9394446448488896,1.9394446448488896
لانه,1.9384710070548425,1.9384710070548425
ويشافي,-1.9383580030990957,1.9383580030990957
لعار,-1.9381710619941286,1.9381710619941286
رايح,-1.9381635695122617,1.9381635695122617
للعار,-1.9381302118889028,1.9381302118889028
الخامج,1.937817115510353,1.937817115510353
مراكش,1.9372511573115756,1.9372511573115756
الحر,-1.9370494022533202,1.9370494022533202
البوتفليقي,-1.9369848333194266,1.9369848333194266
قلو,1.9361371871250401,1.9361371871250401
خرجونا,1.9360598379468554,1.9360598379468554
الكلبه,1.935994600179202,1.935994600179202
المجتمعات,-1.9356633644807753,1.9356633644807753
يم,-1.9347633605764014,1.9347633605764014
خرجت,-1.934472369963963,1.934472369963963
متوفر,-1.9344209635226934,1.9344209635226934
سرقه,-1.9342345401009644,1.9342345401009644
جاد,-1.933424171214544,1.933424171214544
جاد وهبي,-1.933424171214544,1.933424171214544
وهبي,-1.933424171214544,1.933424171214544
لاسف,-1.9333267512670191,1.9333267512670191
قولها,1.93329369527295,1.93329369527295
صدقت,-1.932993644318693,1.932993644318693
تفاعل,-1.9317171490745975,1.9317171490745975
عقل,1.9315200361254594,1.9315200361254594
عبد,1.9311929498643003,1.9311929498643003
الصالح,1.931111609403426,1.931111609403426
الحديث,-1.9305838010205123,1.9305838010205123
bel,1.9303264906881352,1.9303264906881352
ستغفر,-1.9300860663619717,1.9300860663619717
مخنث,1.9296515234560514,1.9296515234560514
وميعرفش,-1.929470546487192,1.929470546487192
نصيحه,1.9288162916698193,1.9288162916698193
قنوات العار,-1.928217827191997,1.928217827191997
رفيق,-1.9280361290689316,1.9280361290689316
نسيت,-1.9275196198022546,1.9275196198022546
النقش,1.9272331798048599,1.9272331798048599
ربي ماشي,-1.9271641737748455,1.9271641737748455
جامع,1.926989600785713,1.926989600785713
بالخير,1.926588303467719,1.926588303467719
تلحق,-1.9263345072711864,1.9263345072711864
كملوها,-1.9261717563493357,1.9261717563493357
القصه,1.9257539698826507,1.9257539698826507
بنات الفاميليا,1.9256358372918503,1.9256358372918503
ارضهم,1.9249602815682787,1.9249602815682787
الزطله,1.9247115042396554,1.9247115042396554
ماضي,1.923414059521232,1.923414059521232
ربكم ربراب,1.9223867520511257,1.9223867520511257
اطيب,-1.9221082552316122,1.9221082552316122
يابوصبع,1.9220347850326287,1.9220347850326287
حافظوا,-1.9217434955198434,1.9217434955198434
لبيع,-1.9216378750587235,1.9216378750587235
الله يذلك,1.9216229983601447,1.9216229983601447
السماح,-1.9215727997435676,1.9215727997435676
جاورها,-1.921393921142277,1.921393921142277
تعيي,1.921291274183435,1.921291274183435
احح,1.920188271735315,1.920188271735315
ليهود,1.9195908161375423,1.9195908161375423
نديرلك,1.9195187671055975,1.9195187671055975
خوه,-1.9188342806553715,1.9188342806553715
مكلاه,1.918137243348251,1.918137243348251
خيرلك,1.9181166086082366,1.9181166086082366
يشفيه ويعافيه,1.917392024282709,1.917392024282709
ويعافيه,1.917392024282709,1.917392024282709
ترتاح,1.9172501766323407,1.9172501766323407
المصنع,-1.9171521235782474,1.9171521235782474
الف مبرووك,-1.9165003081067886,1.9165003081067886
الجامعات,-1.9160758681007763,1.9160758681007763
المستوى,1.9157851763616744,1.9157851763616744
الفرصه,-1.915749411044031,1.915749411044031
ربرابهم,1.915046614924962,1.915046614924962
زوجته,1.9148905228332607,1.9148905228332607
حبيت,-1.913948072116218,1.913948072116218
شال,1.9122984233267755,1.9122984233267755
الحروب,-1.9121393501162016,1.9121393501162016
فرار,-1.9120917410940457,1.9120917410940457
المعارضه,1.9119073640426878,1.9119073640426878
الخاين طالح,1.9110626669711046,1.9110626669711046
aalik,-1.9098713901142366,1.9098713901142366
نامن,1.9097240106747073,1.9097240106747073
شريك,1.909558984956342,1.909558984956342
الطف,-1.9090574711779398,1.9090574711779398
لزم,1.9085228198193513,1.9085228198193513
وصفه,-1.9081368583240004,1.9081368583240004
زواف,1.9069374714176197,1.9069374714176197
حقهم,-1.9056300720321968,1.9056300720321968
امكن,-1.905405536826443,1.905405536826443
والاخوه,1.9041328288263981,1.9041328288263981
المفيد,1.903851331219595,1.903851331219595
المهربين,-1.9031502467786492,1.9031502467786492
ومبعد,1.9028887942059816,1.9028887942059816
افرانسا,1.902156189631672,1.902156189631672
تبانلي,-1.9020052001710341,1.9020052001710341
لدرجه,1.9018149986910708,1.9018149986910708
ادرار,-1.901192610127863,1.901192610127863
الجنسيات,1.8992563901056416,1.8992563901056416
الجنسيات خويا,1.8992563901056416,1.8992563901056416
ابعثولنا,-1.8991228668581912,1.8991228668581912
تاكلو,1.8989896635348151,1.8989896635348151
لاعب,1.898588781357774,1.898588781357774
التكوين,-1.8977960291795692,1.8977960291795692
اطلق,1.8977952687295745,1.8977952687295745
اموال الشعب,-1.8976219852497322,1.8976219852497322
اسال,1.8965908039949617,1.8965908039949617
الحراك الشعبي,-1.8961189511228598,1.8961189511228598
ثروه ربراب,1.8954002976740727,1.8954002976740727
الزلزله,1.8951649043494376,1.8951649043494376
مسيره,-1.8949701503524627,1.8949701503524627
اتمنى,-1.8949602085546051,1.8949602085546051
يليق,1.8945075577380022,1.8945075577380022
الهاشتاغ,-1.8943152431769517,1.8943152431769517
rebbi,-1.8941298269883617,1.8941298269883617
koulchi,-1.8938340757094054,1.8938340757094054
ننتظر,-1.8932693483490626,1.8932693483490626
انضمو,-1.8925464406849217,1.8925464406849217
تزيد,1.8922934217320488,1.8922934217320488
ضريبيه,1.8917247203653218,1.8917247203653218
يحبو,-1.8912868118566315,1.8912868118566315
قديم,1.8910976502748968,1.8910976502748968
الجانب,1.8908230119284635,1.8908230119284635
علاقته,1.889797642880969,1.889797642880969
وتعرف,1.8894486274172058,1.8894486274172058
خلونا,-1.889363161589682,1.889363161589682
يجب,-1.8884051236017227,1.8884051236017227
وحدك,1.8882265912691365,1.8882265912691365
يحشر,1.8877578167771758,1.8877578167771758
غلط يخلص,-1.887493687875566,1.887493687875566
اديداس,-1.8871786466307314,1.8871786466307314
بالمختصر,1.8868416744038898,1.8868416744038898
الرخيس,1.8867423793879943,1.8867423793879943
سرقوا,-1.8863463726702734,1.8863463726702734
عيب,1.8859809712483582,1.8859809712483582
حوايج,-1.8858898804332782,1.8858898804332782
نجيب,1.885778172861558,1.885778172861558
مظلوم,-1.885670539473088,1.885670539473088
يستثمر,-1.8855875733742282,1.8855875733742282
ربي يكون,1.8850163221841287,1.8850163221841287
قبرو,1.883817547224318,1.883817547224318
نولو,-1.8835823531384006,1.8835823531384006
المختصر,1.8835573646579915,1.8835573646579915
دي,1.8825705944442503,1.8825705944442503
يتربحك,1.882222813939614,1.882222813939614
تكونوا,1.8816574447200285,1.8816574447200285
صدقوني,1.8815659499195416,1.8815659499195416
المواطنين,1.881460103340614,1.881460103340614
الله عز,-1.8812331164490592,1.8812331164490592
مارانيش,-1.8804880690638763,1.8804880690638763
نضحك,-1.880332541579504,1.880332541579504
حدود,-1.879832179359743,1.879832179359743
شروط,1.87971739469157,1.87971739469157
خوكم,-1.879639643904855,1.879639643904855
سوء,-1.879554514540602,1.879554514540602
صالح يكره,1.8793001311093078,1.8793001311093078
ربراب كونيناف,1.8790273017796264,1.8790273017796264
قستها,-1.8786461695838677,1.8786461695838677
اهلا,-1.8778502724080992,1.8778502724080992
لانها,-1.877399539333393,1.877399539333393
ارهابي,1.877076915164042,1.877076915164042
تفوق,-1.8769765705683503,1.8769765705683503
فاعلون,1.8753985020681323,1.8753985020681323
ولي عندو,1.8753435207927556,1.8753435207927556
سيريو,-1.8745334379236667,1.8745334379236667
تحكم,1.8742809113045338,1.8742809113045338
والجاج,-1.8742148473868434,1.8742148473868434
ينصرو,1.8741354681955225,1.8741354681955225
وينصر,-1.8740781163182316,1.8740781163182316
يشبه,1.873503248949111,1.873503248949111
الرسمي,-1.8731191242837755,1.8731191242837755
المرتبه الاولي,1.8729756660507197,1.8729756660507197
المجرمون,-1.8720629878206165,1.8720629878206165
لمولوديه,1.8715141188920899,1.8715141188920899
الحاكمه,1.869167994796716,1.869167994796716
اورو,1.8687565486172908,1.8687565486172908
عمو,1.8685630283994177,1.8685630283994177
قعدت,1.866989182349609,1.866989182349609
tout,1.8663202210031422,1.8663202210031422
مسلم,1.8626286700136392,1.8626286700136392
يطالبون باطلاق,-1.8625276198775056,1.8625276198775056
يعاون,1.8624397040471614,1.8624397040471614
موالفين,1.8611330312981251,1.8611330312981251
تفهم,-1.8608883363613011,1.8608883363613011
علاجال,1.8599924830101657,1.8599924830101657
اندلسي,-1.8598829883240997,1.8598829883240997
ديما عقابهم,1.8596961539905428,1.8596961539905428
صلاح,-1.8590337376695856,1.8590337376695856
سعيد,-1.858923018080501,1.858923018080501
يعينكم,-1.8586726387970436,1.8586726387970436
بدون تخريب,-1.8583906341185044,1.8583906341185044
القهوه,-1.8581260134908046,1.8581260134908046
طاحت,1.8567973899196726,1.8567973899196726
ويجيك يقولك,-1.8553543559270018,1.8553543559270018
ويجيك,-1.8553543559270018,1.8553543559270018
دوله مدنيه,-1.8543550644912294,1.8543550644912294
ازول ازول,-1.853759103408913,1.853759103408913
عمري,1.8535891768576918,1.8535891768576918
عزيز,-1.853253123222165,1.853253123222165
شمس,1.8519663674576967,1.8519663674576967
خايف,1.8517766641956543,1.8517766641956543
الاراضي,-1.8514569490456416,1.8514569490456416
الفردوس,1.8513755836435541,1.8513755836435541
وخلي,-1.8511881315643304,1.8511881315643304
تسمع,1.8508575897366524,1.8508575897366524
ربي يهدي,1.8499553565279871,1.8499553565279871
قجال,-1.8497202351131397,1.8497202351131397
صفحه,1.849144288010219,1.849144288010219
وعندما,1.8481495859278463,1.8481495859278463
الدي,-1.8472234707091089,1.8472234707091089
جزائر,-1.8467138019086347,1.8467138019086347
اعتقال,-1.8457350436378228,1.8457350436378228
مادارش,1.8454521007178275,1.8454521007178275
وزيد,1.8451162357342408,1.8451162357342408
مصيرهم,1.8450468359259315,1.8450468359259315
السحب,-1.84485989904878,1.84485989904878
المواصفات,-1.8433612025974535,1.8433612025974535
العلماني,1.843197198678653,1.843197198678653
القوه,-1.8430874677074724,1.8430874677074724
العموميه,1.8425933981258726,1.8425933981258726
لنزار,-1.842009102865939,1.842009102865939
اصلو,1.8419626443521262,1.8419626443521262
كتاب,-1.841526555601431,1.841526555601431
لحم,1.8414289867990572,1.8414289867990572
يستغلوها,1.841342081650059,1.841342081650059
خافي ربي,1.8409388592109164,1.8409388592109164
غابه,-1.8405198958824842,1.8405198958824842
درتو,1.840121766675341,1.840121766675341
الذهب,-1.8393254024104095,1.8393254024104095
الزهر,-1.8390192611699265,1.8390192611699265
ناقه,1.8386815157792618,1.8386815157792618
وكمل,-1.838573450727454,1.838573450727454
لمال,-1.8383812496562242,1.8383812496562242
والعار,1.8377752312430822,1.8377752312430822
حامض,-1.8375161486472538,1.8375161486472538
المعني,1.835140853374771,1.835140853374771
باتم,1.834079792958193,1.834079792958193
ولدي,-1.833987498651292,1.833987498651292
يقولك,1.8335710941219927,1.8335710941219927
التراث,-1.83174175767036,1.83174175767036
ساكت,1.8316413897164756,1.8316413897164756
طماعين,1.8313484337639392,1.8313484337639392
عمو نكاز,-1.8310261185474714,1.8310261185474714
صمت,1.8295180825332584,1.8295180825332584
الضربه,-1.8293805985719758,1.8293805985719758
فالناس,1.8293695800304717,1.8293695800304717
الرساله,-1.8293368871977824,1.8293368871977824
با,1.8291894004323748,1.8291894004323748
سرق,1.8290308568916898,1.8290308568916898
ساره,-1.8283498548525077,1.8283498548525077
مايديرش,1.8279986395906915,1.8279986395906915
العفن,1.8274423580938568,1.8274423580938568
فر,-1.8265203060347601,1.8265203060347601
حلو,1.8254591705724055,1.8254591705724055
فالكلام,-1.8250187933446596,1.8250187933446596
الصراحه,-1.8249095836040128,1.8249095836040128
غاضو,-1.824799636169372,1.824799636169372
عنده,-1.8246152311231094,1.8246152311231094
العالم بحاجه,1.8246000296905471,1.8246000296905471
ثوره,-1.8245946178789576,1.8245946178789576
مولوديه ويدك,1.8244573939331103,1.8244573939331103
قدرت,-1.8242414293334364,1.8242414293334364
تكلوها,-1.8237774181398805,1.8237774181398805
ولما,1.8235516253010036,1.8235516253010036
يوفق,-1.8223089878807894,1.8223089878807894
اخونا,-1.8219288359953583,1.8219288359953583
يدلك,1.8219151778413216,1.8219151778413216
ادير,1.8216154177180206,1.8216154177180206
الاغلبيه يحبوهاش,1.8215069295226891,1.8215069295226891
ظهر الاغلبيه,1.8215069295226891,1.8215069295226891
يحبوهاش,1.8215069295226891,1.8215069295226891
جايك,1.8214373046661911,1.8214373046661911
المستوي,1.821296151938489,1.821296151938489
لابد,1.8207893293823287,1.8207893293823287
يوصل,-1.820735670516885,1.820735670516885
اسامه,1.8201964005719993,1.8201964005719993
نصف,-1.8196455663680366,1.8196455663680366
التضامن,-1.8195177475501987,1.8195177475501987
الاصبع الازرق,1.8189337266036103,1.8189337266036103
يخلصو,-1.818606888022414,1.818606888022414
مكه,1.8182088692295302,1.8182088692295302
درك,-1.818201100655638,1.818201100655638
شء,-1.8180617500017169,1.8180617500017169
شنقريحه,1.8179669151327702,1.8179669151327702
ارحلوا,-1.817262187395038,1.817262187395038
حياه الرفاهيه,1.816782854199341,1.816782854199341
تعرفش,-1.816095878053368,1.816095878053368
العيش,-1.81605157471471,1.81605157471471
المراه الجزائريه,1.8158455213736353,1.8158455213736353
وتشوف,1.8158169156252546,1.8158169156252546
ليه,-1.8153565342590132,1.8153565342590132
معندي,-1.8149184405593999,1.8149184405593999
تعلن,-1.8146497767513254,1.8146497767513254
الفيديو,1.8141005760284026,1.8141005760284026
وملك,-1.813884570912792,1.813884570912792
وسكر,1.8130695447956966,1.8130695447956966
مول,1.8129984008862365,1.8129984008862365
حفضك,-1.8123642202016272,1.8123642202016272
احوالكم,-1.8111841176579033,1.8111841176579033
المعطوبين,1.8102314498761105,1.8102314498761105
الرجل,-1.8098147927046933,1.8098147927046933
يطالبون,-1.8097968978132541,1.8097968978132541
كره القدم,-1.80976941379309,1.80976941379309
الشعبيه,-1.8095193797290285,1.8095193797290285
تحكي,1.8087123827796845,1.8087123827796845
شعر,1.8085716306943198,1.8085716306943198
ملياردار,-1.8085317461655983,1.8085317461655983
اخبار,-1.808510667943148,1.808510667943148
وكم,-1.8082765655507294,1.8082765655507294
يديرو,1.8082158792920267,1.8082158792920267
صوفيا,1.8080005112912578,1.8080005112912578
ياخذ مجراه,-1.807614354395684,1.807614354395684
مجراه,-1.807614354395684,1.807614354395684
الدماء,1.8075461818709582,1.8075461818709582
الشرعيه,-1.8075114747853052,1.8075114747853052
لدرجه انك,-1.807331319366262,1.807331319366262
العظيم,-1.806884312930617,1.806884312930617
واما,1.806583920768955,1.806583920768955
تبان,1.805756356252022,1.805756356252022
مقمل,1.8056972760791834,1.8056972760791834
اله يهديكم,-1.8047693143374874,1.8047693143374874
رواحهم,1.8043604295616722,1.8043604295616722
chkon,-1.8042558458986826,1.8042558458986826
الامنيه,-1.8042403064588168,1.8042403064588168
وحدي,-1.8037053124074063,1.8037053124074063
دمك,1.8032424060747676,1.8032424060747676
خليها,1.8027019584936217,1.8027019584936217
دماء,1.802318460312059,1.802318460312059
اخطيكم,1.8022505199772874,1.8022505199772874
الولد,-1.8020527535193658,1.8020527535193658
بالعكس,1.8019894725879992,1.8019894725879992
تهتز,-1.8019038313660831,1.8019038313660831
فالشعب علا,1.8017274117648872,1.8017274117648872
تحي,-1.8015776326913593,1.8015776326913593
يخضع,-1.801136193664964,1.801136193664964
البالون,1.800790445215823,1.800790445215823
ويقلك,-1.8006749931725679,1.8006749931725679
دول,-1.800523073110145,1.800523073110145
يحطونا,1.799887132638014,1.799887132638014
اله الاحرار,-1.7990820259931712,1.7990820259931712
تخدموا,-1.7980452237722517,1.7980452237722517
عندوا,1.7976657930753632,1.7976657930753632
يخرج ربراب,-1.797239081786609,1.797239081786609
بالمختصر المفيد,1.796948397938072,1.796948397938072
جابلي,-1.7968965706327344,1.7968965706327344
مراه,1.7957183037031677,1.7957183037031677
يعطيكم,1.7939390186123205,1.7939390186123205
يبعثون,-1.7930500044308684,1.7930500044308684
الشلف,-1.7928899617835394,1.7928899617835394
اصلي,1.7928234377284942,1.7928234377284942
نشري,-1.7922210853378826,1.7922210853378826
محامين,1.7921294716304428,1.7921294716304428
انجازات,1.7920468992753118,1.7920468992753118
المالك,1.7915954113236403,1.7915954113236403
يمكني,-1.791581789934506,1.791581789934506
وطنيه,-1.7915366235502277,1.7915366235502277
ولاكن,-1.7914115351035127,1.7914115351035127
مساكين,1.7906772751379663,1.7906772751379663
الحسد,1.7905766895138417,1.7905766895138417
سمعه,1.790035339209939,1.790035339209939
لافراد,1.7898974433831651,1.7898974433831651
يموتو,-1.7897117463985783,1.7897117463985783
المعقول,-1.7883102227806325,1.7883102227806325
الكره,1.7877948355423146,1.7877948355423146
روح امك,1.7870080120606195,1.7870080120606195
يعلم,1.78674637445739,1.78674637445739
تاعنا,1.7861690736442584,1.7861690736442584
لهيه,-1.7845467789961535,1.7845467789961535
امنوا,-1.7843751095151197,1.7843751095151197
تحصل,1.7843341401569612,1.7843341401569612
معا القباءل,-1.7841272356183475,1.7841272356183475
جد متعاطف,-1.7841272356183475,1.7841272356183475
لنظام,1.7837123975969262,1.7837123975969262
حطيت,-1.7826780624011915,1.7826780624011915
فرقه,1.78263905278439,1.78263905278439
حمير,1.7822562189976572,1.7822562189976572
الكحله,-1.7821556817344593,1.7821556817344593
خبير,1.781055103445553,1.781055103445553
الماركه,1.780918798808874,1.780918798808874
لونها,-1.7804732420726164,1.7804732420726164
لحمير,1.7801081508784604,1.7801081508784604
اسحب,-1.7796202828575174,1.7796202828575174
وبعدها,1.7794644008990264,1.7794644008990264
الجلفه,-1.7790655124938453,1.7790655124938453
الفواتير,-1.7784849951756514,1.7784849951756514
ياسي,1.7783810554966322,1.7783810554966322
شرفنا,1.7780736435180629,1.7780736435180629
امراه,-1.7780704777275358,1.7780704777275358
سعدي,1.7772712747821937,1.7772712747821937
حسبيا,1.7766421524178433,1.7766421524178433
ناطحه,-1.7757726076927742,1.7757726076927742
chab,1.7756439686930896,1.7756439686930896
بيكم,1.7749932069117125,1.7749932069117125
لوح,1.7742046222637151,1.7742046222637151
يسقط حكم,1.7739807879158964,1.7739807879158964
اصول قباءليه,-1.7735857705271216,1.7735857705271216
اصول,-1.7735857705271216,1.7735857705271216
يديها,1.7734140463053651,1.7734140463053651
متابعين,-1.7728155429239079,1.7728155429239079
تقلهم,1.7727912786249316,1.7727912786249316
مشاركه,1.7725223889909523,1.7725223889909523
حاملين,1.7724235386474125,1.7724235386474125
عاي,1.771980173757407,1.771980173757407
كلش,-1.7719487530336437,1.7719487530336437
cha,-1.7718257744025332,1.7718257744025332
بنك,1.7712402031022498,1.7712402031022498
اختي,-1.7699346817645676,1.7699346817645676
ارخس,1.7697928115669315,1.7697928115669315
قلب,-1.7696476075831948,1.7696476075831948
الله يهديكم,-1.7694787410862707,1.7694787410862707
اسعد,-1.769227725263153,1.769227725263153
وكان,-1.7686925011626495,1.7686925011626495
اختفاء طاب,1.7684559063552847,1.7684559063552847
اهدرونا اختفاء,1.7684559063552847,1.7684559063552847
اهدرونا,1.7684559063552847,1.7684559063552847
ملياردير,1.7684439487622172,1.7684439487622172
وهران,-1.7683708526471271,1.7683708526471271
يحيا,-1.7675486157400386,1.7675486157400386
الاف,1.7670253405447571,1.7670253405447571
الواقع,-1.7669660440672548,1.7669660440672548
متعاطف,-1.7668530980802035,1.7668530980802035
اتقو الله,1.766192308030965,1.766192308030965
والشتم,1.7661226555698808,1.7661226555698808
شيء مبروك,1.766118063594051,1.766118063594051
فن,-1.7653931100576619,1.7653931100576619
اويحيا,-1.7653420492759218,1.7653420492759218
15,-1.7648102561947954,1.7648102561947954
طرق,-1.764777985907719,1.764777985907719
استاذ امير,-1.7647761305012764,1.7647761305012764
تقريبا,-1.7644233125379973,1.7644233125379973
عاده,-1.7637798271951068,1.7637798271951068
صحاب,-1.7628265080192747,1.7628265080192747
التاريخ الميلادي,1.7620954503846438,1.7620954503846438
كا,1.7620435438179518,1.7620435438179518
تهمه الارهاب,-1.7618487727345042,1.7618487727345042
نادي,-1.7617767475352888,1.7617767475352888
بالبيض بغل,1.7615446537291168,1.7615446537291168
يرزق يشاء,-1.7610174694974974,1.7610174694974974
بخير,-1.7608131589348666,1.7608131589348666
رب,-1.7608070138068033,1.7608070138068033
التحقيق,-1.7606699662784862,1.7606699662784862
عدم,-1.760285161472912,1.760285161472912
فارغه,-1.7602621099934417,1.7602621099934417
شوف,1.7594466940001132,1.7594466940001132
كليب,1.7590462299257446,1.7590462299257446
ايام,-1.7582507051667646,1.7582507051667646
حسبتونا,1.757134518479552,1.757134518479552
باباه,1.7570273719174365,1.7570273719174365
الامانه,-1.7566054452117983,1.7566054452117983
والقواوده,1.7564967455937979,1.7564967455937979
اوروبا,-1.7562577068489977,1.7562577068489977
يعطيك,1.756241216923021,1.756241216923021
بالجزاءر,-1.7559682163577992,1.7559682163577992
لاني,-1.755823882481074,1.755823882481074
دعم,-1.755668812471165,1.755668812471165
اكدلي,-1.7556348748115036,1.7556348748115036
شاويه,-1.7555684982953215,1.7555684982953215
وجيت,1.7548427656665517,1.7548427656665517
مانعرف,-1.7544324833784077,1.7544324833784077
الرابط,-1.7544130500596695,1.7544130500596695
ورمضان,1.754276220518143,1.754276220518143
راكي,1.7537578091374386,1.7537578091374386
اعراض الناس,1.7536184408276299,1.7536184408276299
احشم روحك,1.7535758192430309,1.7535758192430309
عسكريه,-1.7525773539862366,1.7525773539862366
bla,1.7524305610336455,1.7524305610336455
تشري,-1.7524145649407237,1.7524145649407237
يجي,1.7520974613491065,1.7520974613491065
ختي,-1.7512915247549432,1.7512915247549432
لحق,1.751037679213185,1.751037679213185
يشري,1.7509523273817231,1.7509523273817231
rouh,1.750733838822047,1.750733838822047
جمله,1.7504407995879676,1.7504407995879676
تقاطع,1.749152829153333,1.749152829153333
خارج الحدود,1.7491412504948742,1.7491412504948742
والتهرب,1.7488069463251297,1.7488069463251297
والتهرب الضريبي,1.7488069463251297,1.7488069463251297
الضريبي,1.7488069463251297,1.7488069463251297
كفر,1.7488056857074843,1.7488056857074843
انتضر,-1.7485494243371775,1.7485494243371775
ديدين كلاش,1.74804273568064,1.74804273568064
ثلاجه,-1.7477450419659946,1.7477450419659946
زدت,1.7473041598898615,1.7473041598898615
بالف,-1.7472528483270513,1.7472528483270513
غالي,-1.746873859940891,1.746873859940891
نعرف,-1.7467795549372278,1.7467795549372278
لايك,-1.7463491515661076,1.7463491515661076
امانه,-1.7462502372302116,1.7462502372302116
المفسدين,1.7461304422650508,1.7461304422650508
ونتوما,1.7460462431467576,1.7460462431467576
النظام العسكري,1.7459868441248416,1.7459868441248416
رسمي,-1.745895436318596,1.745895436318596
الضاله,1.745864112592757,1.745864112592757
mabrouk,-1.744629822008568,1.744629822008568
الخزي,1.7442391528020496,1.7442391528020496
جماعه القايد,1.7441515720453418,1.7441515720453418
قداه,-1.7440955020213735,1.7440955020213735
مابين,1.743939111149981,1.743939111149981
تحاسب,-1.7438978262584546,1.7438978262584546
الشيوخ,1.7438280803799973,1.7438280803799973
اله عز,-1.7435085180614514,1.7435085180614514
تخون,-1.743331201577504,1.743331201577504
تفتخر,1.7425110765084362,1.7425110765084362
جياحه,1.741604520090895,1.741604520090895
العدل,-1.7415996498674535,1.7415996498674535
كلشي مبروك,-1.741140103838611,1.741140103838611
غدار,-1.741001130189335,1.741001130189335
العبه,-1.7409195930207035,1.7409195930207035
العنب,1.7405564368344149,1.7405564368344149
صراله,-1.7402144234535617,1.7402144234535617
ناس تيزي,1.7401221196092682,1.7401221196092682
يطغاو,-1.7400013097981282,1.7400013097981282
تبارك,-1.7395443903146106,1.7395443903146106
علابالك,-1.7389466694627695,1.7389466694627695
لعنه الله,1.7383933899793294,1.7383933899793294
تهنينا,1.7378979057404162,1.7378979057404162
نسقسيك,-1.737893385603847,1.737893385603847
يسكتوهم,-1.7378779201212016,1.7378779201212016
غايه,-1.737663571670606,1.737663571670606
اميين,-1.7358537157252159,1.7358537157252159
جايه,-1.7356269732600005,1.7356269732600005
السعوديه,1.7352387802805684,1.7352387802805684
وانتوما,1.7352092515020852,1.7352092515020852
يغرد,-1.7347262052871149,1.7347262052871149
انقش,1.7344959169005303,1.7344959169005303
الله تربحك,1.7341449202147825,1.7341449202147825
كلنا ربراب,-1.7332367696119486,1.7332367696119486
وراسي,-1.7330404697203419,1.7330404697203419
قلبك,1.7330121791592072,1.7330121791592072
تقطع,1.7324704508024786,1.7324704508024786
عنها,-1.732005862653055,1.732005862653055
طفل,1.7311733045782263,1.7311733045782263
هدوك قوم,1.7308851690621307,1.7308851690621307
الصيانه,-1.730701792596942,1.730701792596942
الخراي,1.730161431670422,1.730161431670422
عينيك,1.72948312526119,1.72948312526119
دائما,-1.7291785508018869,1.7291785508018869
البيض,1.728201900010712,1.728201900010712
تصبح,-1.7280868573352888,1.7280868573352888
وحدكم,1.7280242385135993,1.7280242385135993
تسليم,-1.7279820033398716,1.7279820033398716
نفسو,1.7277795606797255,1.7277795606797255
توجه,1.7275211744791505,1.7275211744791505
وتزيد,1.7274216794149113,1.7274216794149113
ماعندنا,-1.7274059697363993,1.7274059697363993
طالب,1.7270002364695851,1.7270002364695851
الحاله,-1.7267283908076538,1.7267283908076538
الظالمين,-1.7264642409603386,1.7264642409603386
تشعل,1.7253438288910858,1.7253438288910858
صراحه,-1.7250100277061173,1.7250100277061173
اغبياء,1.7243957759663384,1.7243957759663384
وليتي,1.723663231387306,1.723663231387306
طز,1.7234052514235867,1.7234052514235867
بالباركه,-1.7231146446886396,1.7231146446886396
منتخب,-1.7229395911181151,1.7229395911181151
ابدا,1.7215786554059,1.7215786554059
حط,-1.721339375267986,1.721339375267986
لغنه,1.7207972340699222,1.7207972340699222
والمزيد,-1.7206577462659425,1.7206577462659425
جديد,-1.7198265887461104,1.7198265887461104
الجنه,-1.7194763821654953,1.7194763821654953
الضمان,-1.7192558176945796,1.7192558176945796
فرونسا,1.7191431922446452,1.7191431922446452
الحزن,-1.7186453174016332,1.7186453174016332
تحياتنا,-1.718346542534148,1.718346542534148
اون,-1.7177466874204999,1.7177466874204999
رمي,-1.7176348164919704,1.7176348164919704
المغاربه,-1.7173770331251683,1.7173770331251683
الاجتماعي,-1.7172342076253782,1.7172342076253782
اعداء الوطن,-1.716928790217546,1.716928790217546
صدق,-1.716534366894053,1.716534366894053
الساحات العموميه,1.7164940235861716,1.7164940235861716
الساحات,1.7164940235861716,1.7164940235861716
تخفيضات,-1.71628884501473,1.71628884501473
نسيت ختك,1.7158260404467807,1.7158260404467807
اولادكم,1.7157381605206172,1.7157381605206172
انشاله,-1.7153574116876313,1.7153574116876313
الله يذلكم,1.7153410926260728,1.7153410926260728
عمك,-1.714039879499378,1.714039879499378
تحيا المولوديه,1.713706569879007,1.713706569879007
يحاسب,1.713624326908369,1.713624326908369
التصميم,-1.7134479342853441,1.7134479342853441
معيش,-1.713038503102857,1.713038503102857
tahdar,1.7125248799640773,1.7125248799640773
نرزقكم,-1.7124491351386306,1.7124491351386306
متضامن,-1.712392789954195,1.712392789954195
حيا,-1.7122883699653557,1.7122883699653557
يشرب,-1.7122514885048383,1.7122514885048383
يخمو,-1.711318768187965,1.711318768187965
الوسواس,1.7107638832126904,1.7107638832126904
تقني,-1.7107447410078156,1.7107447410078156
العقد,1.7106683367023245,1.7106683367023245
الزيت السكر,1.7100479844130987,1.7100479844130987
لتونس,-1.7100233924145491,1.7100233924145491
تدخل,1.7094841638250797,1.7094841638250797
ماجر,1.708769275865154,1.708769275865154
رشيد نكاز,1.7076051009183408,1.7076051009183408
سنوات,1.7073679251327076,1.7073679251327076
تعترف,1.7068148508348207,1.7068148508348207
اولاد لحرام,1.70617834040143,1.70617834040143
اقعدو,1.7061625416145116,1.7061625416145116
دنك,1.706046346318355,1.706046346318355
اخي العربي,1.7057976998856879,1.7057976998856879
معطوبين,-1.7056123047675562,1.7056123047675562
معطوبين الجيش,-1.7056123047675562,1.7056123047675562
المرحله,1.7055936814690758,1.7055936814690758
خويا لعزيز,-1.7038511701094494,1.7038511701094494
الاغواط,-1.7027449285513834,1.7027449285513834
معتوب,1.7026422399245593,1.7026422399245593
الحاكم,-1.7017534802619376,1.7017534802619376
حتان,-1.700836337230936,1.700836337230936
وجماعتو,-1.7000901873293157,1.7000901873293157
ليوم,-1.699676954441411,1.699676954441411
هذا,1.6994939451299673,1.6994939451299673
قولي,-1.6989515334794596,1.6989515334794596
للحراك,-1.69888587086271,1.69888587086271
باتري,-1.6985196661354265,1.6985196661354265
بلا بيض,-1.6982260208685969,1.6982260208685969
والدين,1.6978079253177385,1.6978079253177385
اغنيه,-1.6971552615253553,1.6971552615253553
خدام,1.6967529387417322,1.6967529387417322
نسيت القايد,-1.6963615674284898,1.6963615674284898
الصابر,-1.696143866198827,1.696143866198827
وصل,1.6961426358604643,1.6961426358604643
سمانه,1.6959682243348262,1.6959682243348262
عله,1.6958355117109911,1.6958355117109911
بلاد,1.6958346271043816,1.6958346271043816
كشف,1.695792369372561,1.695792369372561
مخبارات ارهابيه,1.6954085622648847,1.6954085622648847
الروم,1.6948821926704218,1.6948821926704218
مانع,1.6943319108566741,1.6943319108566741
حفتر,1.6940939529450456,1.6940939529450456
القمع,1.6940907962455323,1.6940907962455323
السب,-1.6937608059652414,1.6937608059652414
بلا مزيه,-1.693303174897943,1.693303174897943
ومنافقين,1.693242994025424,1.693242994025424
اكتشاف,-1.6932125004865954,1.6932125004865954
الحمدالله,-1.6929926572782787,1.6929926572782787
حياتي,-1.692701552860417,1.692701552860417
الجندي,-1.6921542733039505,1.6921542733039505
الشرف,-1.6919356127561838,1.6919356127561838
الجيفه,1.691105278070462,1.691105278070462
جميله,-1.6908044417032002,1.6908044417032002
قع,1.6905402094907185,1.6905402094907185
النساء,1.6903075225037398,1.6903075225037398
الطريق,1.6882925862160152,1.6882925862160152
bien,-1.6875518090084414,1.6875518090084414
نخرج,-1.687010593627981,1.687010593627981
التعليم,-1.6866871356998112,1.6866871356998112
برواحكم,1.6862837181399888,1.6862837181399888
الرخص,1.6847950925278317,1.6847950925278317
دير الفتنه,-1.6831843492397933,1.6831843492397933
الاستفسار,-1.6827212089968704,1.6827212089968704
الاغلبيه,-1.6821618456302267,1.6821618456302267
الغناء,-1.6820255725947029,1.6820255725947029
يعطيك مصيبه,1.6817791116195757,1.6817791116195757
الصحه,-1.6811655420115188,1.6811655420115188
قلهم,1.681001204472628,1.681001204472628
تنوض,-1.6809820734216312,1.6809820734216312
استاذنا الفاضل,-1.680873342706946,1.680873342706946
pnl,-1.6807752123272661,1.6807752123272661
شيات ربراب,1.6804473545606726,1.6804473545606726
الاجهزه,-1.6799492021330538,1.6799492021330538
متقولش,1.6793193002814784,1.6793193002814784
وسي,1.6792064659992163,1.6792064659992163
طليبه,1.6791600491631595,1.6791600491631595
لراهم,1.6791409181886379,1.6791409181886379
عس,1.6788960528431771,1.6788960528431771
rt,-1.6784764472396712,1.6784764472396712
تموشنت,-1.6784398175212354,1.6784398175212354
طول,1.677933083723952,1.677933083723952
تبدلو,1.6775450065621855,1.6775450065621855
عدل,1.6773978119146962,1.6773978119146962
اسهل,-1.6766302653126819,1.6766302653126819
والجبن,1.6760347881266466,1.6760347881266466
يسمي,-1.6755419572017036,1.6755419572017036
12,-1.6749102021729396,1.6749102021729396
لدينا,-1.6748507474154128,1.6748507474154128
يسخف,1.674223528770457,1.674223528770457
جزائريه,-1.6742201694848937,1.6742201694848937
عمار,1.6734181839565418,1.6734181839565418
حشون,1.673402212070033,1.673402212070033
يعود الشعب,-1.6728564654609508,1.6728564654609508
الكرسي,-1.672663944983388,1.672663944983388
jus,-1.6718195975603884,1.6718195975603884
تقدرو,-1.6716554278826008,1.6716554278826008
بربي,1.6711178477531528,1.6711178477531528
اهميه,-1.6709746312287188,1.6709746312287188
دم,1.6706652361759406,1.6706652361759406
خمم روحك,1.6703130164499,1.6703130164499
متعه,-1.6698074297753256,1.6698074297753256
وهيا,-1.6687105577609163,1.6687105577609163
الزيت,-1.6685799060004844,1.6685799060004844
طرف العصابه,1.6685269028011025,1.6685269028011025
هبلوا,-1.6681645477261422,1.6681645477261422
اعراس,-1.6681610097530717,1.6681610097530717
المولوتوف,-1.668158178543849,1.668158178543849
توك,1.6670488034531101,1.6670488034531101
مبرووك,-1.6666827903216768,1.6666827903216768
هادو,1.6660122257075314,1.6660122257075314
عامين,1.6659169957231192,1.6659169957231192
نعمه,-1.6654699713257057,1.6654699713257057
اسود,1.66510617802883,1.66510617802883
الاستاذ,-1.6650305562743033,1.6650305562743033
علينا كلب,1.664330901483502,1.664330901483502
مولوديا,1.664295340050042,1.664295340050042
قلي,-1.6640943005742437,1.6640943005742437
اله يذلكم,1.6633358422379276,1.6633358422379276
ساركازم,-1.6629496941428272,1.6629496941428272
الشباب,1.6625045069799465,1.6625045069799465
غبيه,1.662465349165737,1.662465349165737
دقيقتين,1.662465349165737,1.662465349165737
حادثه,-1.6622036369827107,1.6622036369827107
نسي,1.6620059677327395,1.6620059677327395
ضحك,-1.661284316488285,1.661284316488285
ديجا,1.6610525384103754,1.6610525384103754
الفقاقير,1.6610011668951752,1.6610011668951752
نهايه,-1.66086134441718,1.66086134441718
لعقوبا,1.660273851214661,1.660273851214661
شبكه,1.6598556443382442,1.6598556443382442
قوادين,1.6595488294998537,1.6595488294998537
الغله,1.6595379416252396,1.6595379416252396
تبكي,-1.6594792475015165,1.6594792475015165
اكبر شعب,-1.6594127335212292,1.6594127335212292
الدجاج,-1.6592747845370224,1.6592747845370224
كليتي,1.658049317774686,1.658049317774686
المستضعفين,-1.6572548001835803,1.6572548001835803
اشهد,1.6570109689853152,1.6570109689853152
ضدو,1.657006383672076,1.657006383672076
عبله,1.656365865500731,1.656365865500731
مفهمتش,-1.6556428428276715,1.6556428428276715
خاير,1.6552786517642841,1.6552786517642841
نطالب,-1.6542981190787938,1.6542981190787938
شاوي امازيغي,1.6541257441091293,1.6541257441091293
وكل شيء,-1.653621391119998,1.653621391119998
هخ,1.653485923499076,1.653485923499076
افضل,-1.6534717306622009,1.6534717306622009
علامات,-1.6534176189514311,1.6534176189514311
المعبد,-1.6530194734614836,1.6530194734614836
الرزق الله,-1.6527282944022574,1.6527282944022574
نقولكم,-1.65266595499556,1.65266595499556
تحمل,-1.650508583608972,1.650508583608972
جاء,-1.6503821954656737,1.6503821954656737
القافله,-1.6500051583280104,1.6500051583280104
ويتبع,1.6498642767037783,1.6498642767037783
مبروك لعقوبه,-1.6495289973879776,1.6495289973879776
dkhl,1.6493824943655084,1.6493824943655084
الدليل,-1.6489391252533747,1.6489391252533747
عاءله,1.6483550256084343,1.6483550256084343
طرطاق,1.64817257877382,1.64817257877382
ومنبعد,-1.6477665901012704,1.6477665901012704
ثانيه,-1.6469156814077215,1.6469156814077215
زياده,-1.6465406505358904,1.6465406505358904
دابا,-1.6465218176045695,1.6465218176045695
الاموال المنهوبه,-1.646159984264744,1.646159984264744
كاس جي,-1.64609429673515,1.64609429673515
يستقيل,-1.6457479445536014,1.6457479445536014
فكاش,1.645531846721772,1.645531846721772
لافي,1.6455200180524803,1.6455200180524803
ضغط,-1.6454477534311214,1.6454477534311214
يمكنني,-1.6452632514706715,1.6452632514706715
استفزاز,1.644600283744759,1.644600283744759
لعلام,-1.6438381569086453,1.6438381569086453
يسخن,-1.6436568975365013,1.6436568975365013
يوفقك,-1.6432528782513016,1.6432528782513016
سيتي,1.642971796013273,1.642971796013273
وانت درت,1.6425295123935326,1.6425295123935326
ابناء,-1.6425043364333085,1.6425043364333085
حشوهالك,1.6421676708730257,1.6421676708730257
القضيه,-1.6417299653369497,1.6417299653369497
هاداك,1.6417170383630613,1.6417170383630613
يحكمو,1.6413668902462824,1.6413668902462824
تخير,1.641287104668112,1.641287104668112
بالون,1.6411502092338142,1.6411502092338142
انصار السياسي,-1.6409153238114973,1.6409153238114973
حكايتك روح,1.6403058139788156,1.6403058139788156
سلام ورحمه,-1.6393711183210096,1.6393711183210096
سلام,-1.6392183758433296,1.6392183758433296
قولو امين,-1.6389938842955052,1.6389938842955052
الصح,-1.6389344230781298,1.6389344230781298
ومهما,1.6386276174799188,1.6386276174799188
2019,1.6384062761789489,1.6384062761789489
وطيح,1.6377154344814997,1.6377154344814997
مرتك,1.6369225983169906,1.6369225983169906
شفت,-1.6357405163391405,1.6357405163391405
المسكين,1.63532483181868,1.63532483181868
مازالو,1.6351514530638374,1.6351514530638374
منطقه القبائل,-1.6343610054425095,1.6343610054425095
سرقلك,1.6340915480469698,1.6340915480469698
سرقلك قناتك,1.6340915480469698,1.6340915480469698
عادل,-1.6337751820537205,1.6337751820537205
زاد,-1.6334293308133825,1.6334293308133825
قلب ورب,1.633283583992035,1.633283583992035
ورب,1.633283583992035,1.633283583992035
تعالي,-1.6328505241565698,1.6328505241565698
مرتزقه,1.6323042574466178,1.6323042574466178
نحتاج,-1.6321429753908423,1.6321429753908423
رابعه ابتدائي,1.631443835267151,1.631443835267151
مومن,-1.629934225536248,1.629934225536248
دستور,-1.6297171902124294,1.6297171902124294
ثروات,1.6295574141040372,1.6295574141040372
القوي,-1.6291437243784392,1.6291437243784392
المجالات,1.6289618258654868,1.6289618258654868
نلقاك,1.6288664238922348,1.6288664238922348
الطومبولا,-1.6286208463104779,1.6286208463104779
الحراك,-1.6274715092906136,1.6274715092906136
الرئيس,-1.627283959155478,1.627283959155478
الحريره,-1.6262845355892401,1.6262845355892401
الضيقه,-1.6262540692971832,1.6262540692971832
لانك,1.6262167850995077,1.6262167850995077
مزالكم,1.6260251149118485,1.6260251149118485
نزيدلك,1.6252523892762987,1.6252523892762987
حتي ربراب,1.6248092086237365,1.6248092086237365
هايله,-1.6245704596793198,1.6245704596793198
عيني,-1.6244333358383507,1.6244333358383507
الطرقات,1.6234728787405033,1.6234728787405033
يخسرلك الجهاز,1.6222746835031752,1.6222746835031752
حشاكم,1.622115487848928,1.622115487848928
دين,1.6219873867851902,1.6219873867851902
حاس,-1.6219779698273227,1.6219779698273227
الاستهلاكي,-1.621148949424691,1.621148949424691
ساهل,1.620699257787099,1.620699257787099
يبيعه,1.6206116876187517,1.6206116876187517
نحترم,1.6203209193120172,1.6203209193120172
يرجعوا,1.6189130063955557,1.6189130063955557
الحلقه,1.6188110452277933,1.6188110452277933
لربي,-1.618286990441418,1.618286990441418
مايشقاش,-1.617273959252615,1.617273959252615
سينو,1.6170157367519078,1.6170157367519078
ماتشريشزيتربراب,-1.616929625006259,1.616929625006259
البشر,-1.6168706339426613,1.6168706339426613
ول,1.6163309313023393,1.6163309313023393
هوا,1.6152049662419643,1.6152049662419643
ديرونا,1.6143662758903148,1.6143662758903148
السلمي,1.6134951424527435,1.6134951424527435
يطيحو,1.6134593631634102,1.6134593631634102
يولو,-1.6130694848044265,1.6130694848044265
الاخضر,-1.6126715179144855,1.6126715179144855
شواكرو,1.6121291323222564,1.6121291323222564
معطوب راجل,1.6120701368565888,1.6120701368565888
وانتي,1.6112758355400119,1.6112758355400119
المجرمه,1.6109232330969723,1.6109232330969723
تسمي,-1.6108375235420453,1.6108375235420453
راجع,-1.6104898426641814,1.6104898426641814
ليا,-1.6102361179692373,1.6102361179692373
خلو,-1.6101336271720788,1.6101336271720788
مغلطتش,-1.6100433309604236,1.6100433309604236
نبغيها,-1.6087379395962325,1.6087379395962325
نرزقكم واياهم,-1.6082392849432627,1.6082392849432627
واياهم,-1.6082392849432627,1.6082392849432627
الشجره,1.608226304566764,1.608226304566764
تتكلم,1.6074139646779395,1.6074139646779395
غزوات,1.6059640663013346,1.6059640663013346
ابناء الجزاءر,1.6057921961002233,1.6057921961002233
ردوا بالكم,1.6019753940746368,1.6019753940746368
ايليو,-1.6013570687828884,1.6013570687828884
مشروع,-1.6010224478307127,1.6010224478307127
اله تربحك,1.6008514028194125,1.6008514028194125
lokan,1.6007048589713466,1.6007048589713466
يحرق,1.6003882700781351,1.6003882700781351
الوالي,1.600162494105556,1.600162494105556
علما,-1.5999609518829159,1.5999609518829159
والغاز,-1.5999397777748912,1.5999397777748912
اعمارنا,-1.599566426270961,1.599566426270961
الجهاز,1.5994289363368914,1.5994289363368914
تستهل,-1.5990141267837472,1.5990141267837472
مجرد,1.5989928428105955,1.5989928428105955
الله احرار,-1.598499624840393,1.598499624840393
فالاسواق العالميه,1.5982639364022777,1.5982639364022777
فالاسواق,1.5982639364022777,1.5982639364022777
نخسرو,1.598176037177526,1.598176037177526
رسميا,1.5978324722725756,1.5978324722725756
بعيدا,-1.5974918091729506,1.5974918091729506
مصر,-1.5974039666984683,1.5974039666984683
الرد,-1.5972047304431551,1.5972047304431551
الله يوم,1.596511246186703,1.596511246186703
اعرفو,-1.5952446080912495,1.5952446080912495
يحفظهم,-1.594732379621598,1.594732379621598
نزيد,-1.5946183830250753,1.5946183830250753
مواطن بسيط,-1.5946172814270052,1.5946172814270052
راو,-1.5943151454247873,1.5943151454247873
لاطوسط,1.5941371957630903,1.5941371957630903
الخير للبلاد,1.5940996121892361,1.5940996121892361
الدرك,-1.5935448464478374,1.5935448464478374
فلبلاد,1.593511302698661,1.593511302698661
راس,1.5931208629459948,1.5931208629459948
ومزال,-1.5915182339305605,1.5915182339305605
انها الحقيقه,-1.5913524830433288,1.5913524830433288
اصبح,1.5904661141186671,1.5904661141186671
قلك,1.5903384467913537,1.5903384467913537
وكي,1.5902547239710856,1.5902547239710856
دواء,1.589831015501832,1.589831015501832
استاد,-1.5895625844327397,1.5895625844327397
داير روحك,1.5894647211473205,1.5894647211473205
لبحر,1.5894470466850836,1.5894470466850836
ريح طاح,-1.5890616502865211,1.5890616502865211
اقراو,-1.5888340379799735,1.5888340379799735
بمطالب,1.588765807765801,1.588765807765801
كرسي,-1.5885604927073758,1.5885604927073758
كيلو سكر,1.5885557600619704,1.5885557600619704
بينتنا,1.5874347524741694,1.5874347524741694
الزواوله,1.5871821356362263,1.5871821356362263
فرحتلك,-1.5865475346735967,1.5865475346735967
حصل,1.586368703358451,1.586368703358451
الاخ,-1.5862907853957142,1.5862907853957142
الجايح,1.5855290763451597,1.5855290763451597
يسلمكم,-1.5852905488886944,1.5852905488886944
وطني,-1.5852283594656882,1.5852283594656882
براويه,1.5849439111534291,1.5849439111534291
ندو,-1.5846150122107263,1.5846150122107263
عايشين رحمه,-1.5843473051407906,1.5843473051407906
الازمات,-1.5840908448625206,1.5840908448625206
وانت,1.5838924446852427,1.5838924446852427
ذكر,1.5837892380702834,1.5837892380702834
تجيب تفاعل,-1.5837165387787675,1.5837165387787675
بالكم,1.5834222711986339,1.5834222711986339
هاديك,1.5830547778216364,1.5830547778216364
وكما,-1.5826805476189283,1.5826805476189283
جد,1.582638141879851,1.582638141879851
مريضه,1.582334558915859,1.582334558915859
قايد,1.582219804150607,1.582219804150607
السيوله,1.5821239673142604,1.5821239673142604
المراه,1.581226149655523,1.581226149655523
الثبات,-1.5807897473682886,1.5807897473682886
السلام شحال,-1.5805455608604846,1.5805455608604846
وخوها,1.5805062904796625,1.5805062904796625
نقطه,1.5799732576612373,1.5799732576612373
الجزاءر الجديده,-1.5795949400164309,1.5795949400164309
العثمانيه,-1.579160526087833,1.579160526087833
جيلالي,-1.5790037513111113,1.5790037513111113
الشارع,-1.5788182828669979,1.5788182828669979
المغربي,1.5785468758795702,1.5785468758795702
اخطيك,1.5768997518620358,1.5768997518620358
اليم,-1.5768649774650407,1.5768649774650407
بحد,1.5765933772784984,1.5765933772784984
تبني,-1.576504675338782,1.576504675338782
وجاهله,1.576291075336259,1.576291075336259
ابيض,-1.576025210795507,1.576025210795507
اشري,-1.5756814838456545,1.5756814838456545
البحر,-1.5754329885055265,1.5754329885055265
ارواحي,-1.5754204667597376,1.5754204667597376
الو وينك,-1.574915997254921,1.574915997254921
فعلتم,-1.5747827943729769,1.5747827943729769
الكدب,1.5744937026698966,1.5744937026698966
ساكنه,-1.5733868198289198,1.5733868198289198
العميد,-1.572939635644077,1.572939635644077
تموت,1.572706535642083,1.572706535642083
تاجرو,1.572453208716932,1.572453208716932
بولحيه,1.5719756004404144,1.5719756004404144
نضيف,-1.5717724785166556,1.5717724785166556
تدخلو,-1.5717066583179602,1.5717066583179602
والديكم,-1.571638243314831,1.571638243314831
تربيه,-1.5715928661384886,1.5715928661384886
ولي يحوس,-1.571390652882271,1.571390652882271
الجفاف,1.5713228021540961,1.5713228021540961
ردكم,-1.5707434511383442,1.5707434511383442
وقيلا,-1.5706634968634028,1.5706634968634028
حمادي,-1.5695735158151973,1.5695735158151973
امرهم,-1.5682565228819612,1.5682565228819612
جديده,-1.56784458029257,1.56784458029257
الوقت,-1.5675192688304531,1.5675192688304531
البشريه,-1.567347182402139,1.567347182402139
ماتشوفش,-1.5673303915090155,1.5673303915090155
الكورونا,-1.5670654331730054,1.5670654331730054
تشيع,-1.566906262633639,1.566906262633639
كثره,-1.5667639242507405,1.5667639242507405
المخ,-1.5660745430276548,1.5660745430276548
منين,-1.5655409279585744,1.5655409279585744
بوتبريره,1.5653098628788404,1.5653098628788404
طرده,1.5652947614921966,1.5652947614921966
تخري,1.5652103163846398,1.5652103163846398
كروشهم,1.5648583574211898,1.5648583574211898
المدفاه,-1.564787412129121,1.564787412129121
لتما,-1.564446112726569,1.564446112726569
بابلو,-1.56385397438952,1.56385397438952
البريد,-1.5637736538964302,1.5637736538964302
20 سنه,1.5632471992183272,1.5632471992183272
فاحش,1.5630871554537402,1.5630871554537402
صبع,1.5630353225388918,1.5630353225388918
ناكو,1.5626332897923982,1.5626332897923982
سيدنا محمد,-1.5618878205387865,1.5618878205387865
عطاولك,1.5618147857925935,1.5618147857925935
فوطا,-1.5616730585854126,1.5616730585854126
يتبعوك,1.5609721333038853,1.5609721333038853
اصلهم,1.5605757846579227,1.5605757846579227
معندكش,1.560299755428985,1.560299755428985
يدي,1.560225662761797,1.560225662761797
المواهب,-1.5597574037277437,1.5597574037277437
والان,1.559635338808987,1.559635338808987
والكذب,1.5593737047317997,1.5593737047317997
سبحانه,1.5592891550037966,1.5592891550037966
يغفرله,-1.559081854220375,1.559081854220375
يطلع,1.5588536431016884,1.5588536431016884
بالسلاح,-1.5587087570465845,1.5587087570465845
وجماعته,1.5585588450728824,1.5585588450728824
تقاشر,1.5584406652514116,1.5584406652514116
وفي الوقت,1.5582557592390178,1.5582557592390178
استقلال,1.5576742976413598,1.5576742976413598
تمدولي,-1.5575878864883386,1.5575878864883386
ولدنا,1.5567160601034669,1.5567160601034669
خليده,1.5563808248729976,1.5563808248729976
الربح,-1.5552472031200364,1.5552472031200364
الزواج,-1.5551179893391394,1.5551179893391394
هومن,1.5550208543988464,1.5550208543988464
مات,1.554776690026571,1.554776690026571
العصابات,1.554676774156111,1.554676774156111
اصلك,1.5544424308590545,1.5544424308590545
افاعي,1.5541020677604591,1.5541020677604591
ماكرون,-1.553987646010814,1.553987646010814
يحيا تبون,1.553490508142345,1.553490508142345
نطفه,1.5524634989245105,1.5524634989245105
اكبر لص,1.551001127361789,1.551001127361789
كارثه,1.5505089283327453,1.5505089283327453
دراري,1.5503915190156956,1.5503915190156956
ظالما مظلوما,-1.5495661860916117,1.5495661860916117
بالجزائر,-1.5494595229188501,1.5494595229188501
ويذل,1.549182695568713,1.549182695568713
مضاهرات,-1.5491003370723673,1.5491003370723673
اعلام,1.5484410336297578,1.5484410336297578
يحكو,1.548040294707874,1.548040294707874
علابالي ربي,-1.5478526899775378,1.5478526899775378
نتاع الصح,-1.5474146382966902,1.5474146382966902
املات بالبيض,-1.5473910746257793,1.5473910746257793
طيحلو,-1.546733819791268,1.546733819791268
صحافه العار,1.5463560253724447,1.5463560253724447
ربي سبحانو,-1.5461649141834806,1.5461649141834806
بلادي,-1.5461594700573296,1.5461594700573296
الجي,1.5460078090064744,1.5460078090064744
خاطيني,-1.5458283003167956,1.5458283003167956
معا,1.5449590063580414,1.5449590063580414
يحبس,1.5449339035470477,1.5449339035470477
تعيو,1.5444157032624106,1.5444157032624106
اتكلم,-1.5444100460842698,1.5444100460842698
اوموا,1.5438545859767523,1.5438545859767523
لبلاد ماشي,1.5432445037745233,1.5432445037745233
يهدرو,1.5425838470508875,1.5425838470508875
تحركهم,1.5421915242342894,1.5421915242342894
اليه,-1.5415566404663705,1.5415566404663705
ونلعب,-1.5412847045926725,1.5412847045926725
حول قوه,-1.5406349715803889,1.5406349715803889
ktar,1.5405375924960811,1.5405375924960811
نزل,-1.5404415746688302,1.5404415746688302
العرض,-1.5397696445492461,1.5397696445492461
ميزان,1.539110203910514,1.539110203910514
رؤوس,1.5389909048747867,1.5389909048747867
دراسه,-1.5386933796904017,1.5386933796904017
تعس,1.538539718559366,1.538539718559366
لكان,-1.5383270708638406,1.5383270708638406
ملفات الفساد,-1.5377078573230683,1.5377078573230683
فتح ملفات,-1.5377078573230683,1.5377078573230683
حياكم الله,-1.5372978414833296,1.5372978414833296
الانسانيه,-1.5368287408910437,1.5368287408910437
حياكم اله,-1.5366643939634201,1.5366643939634201
ماتقدرش,-1.5366149157131395,1.5366149157131395
بطل,1.5365745237946333,1.5365745237946333
لجناس,1.536088528923768,1.536088528923768
بعضانا,1.535995624539981,1.535995624539981
نتظر,-1.5354087723376795,1.5354087723376795
بصحتكم,-1.5351118634195646,1.5351118634195646
خرجنا,1.5349387898939892,1.5349387898939892
حديث,-1.5346743131085383,1.5346743131085383
وجهو,1.534571530891437,1.534571530891437
تستاهل,-1.5344644772806662,1.5344644772806662
اشد,-1.5343033676144155,1.5343033676144155
هاد البلاد,1.5335933537026742,1.5335933537026742
حبات,-1.5329729825064573,1.5329729825064573
وكامل,-1.532966619492568,1.532966619492568
مجتمع,-1.5326802109688442,1.5326802109688442
حداد كونيناف,-1.5322843040893528,1.5322843040893528
السيد مات,-1.5320312887826864,1.5320312887826864
الله الاحرار,-1.531951107781582,1.531951107781582
شياطين,-1.5317463150706077,1.5317463150706077
اخرها,1.5316757413916917,1.5316757413916917
يعدكم,-1.5315868551961593,1.5315868551961593
حجر,1.5315372658497945,1.5315372658497945
يخمم,1.531510067472434,1.531510067472434
تعالى,-1.530915471007311,1.530915471007311
السياسيه,1.530850401870229,1.530850401870229
التعبير,-1.530666354190554,1.530666354190554
القيل,-1.5305251178549004,1.5305251178549004
مصانع,1.5304260555302147,1.5304260555302147
سيادكم,1.5299611904567725,1.5299611904567725
سعيد بوتسريقه,-1.5296995232156656,1.5296995232156656
الدينار,-1.5291196173407673,1.5291196173407673
اصله,-1.5289710601062438,1.5289710601062438
الجيش الجزاءري,1.5287877654675162,1.5287877654675162
وجهي,-1.5287120619775656,1.5287120619775656
جام,-1.528589269306871,1.528589269306871
جماعه الكاشير,1.5284376633875616,1.5284376633875616
للفتنه,-1.528112361756659,1.528112361756659
مهيش,-1.5276730254141906,1.5276730254141906
روحو تعطو,1.527468515511234,1.527468515511234
مقصوده,1.527369184288716,1.527369184288716
عندنا,-1.5272931725108896,1.5272931725108896
خو,-1.527231498439057,1.527231498439057
المالي,-1.527185969428532,1.527185969428532
عييت,1.5269886435165838,1.5269886435165838
مول الخانه,1.5268516372680612,1.5268516372680612
قاوي,1.5267998608248956,1.5267998608248956
صادق,-1.525721723184155,1.525721723184155
نكرهو,1.5257166177939476,1.5257166177939476
يؤمن,-1.525313562682,1.525313562682
يستحق,1.5252555939843027,1.5252555939843027
لاجل المال,1.5252207513670148,1.5252207513670148
اطفال,-1.5248514034589185,1.5248514034589185
مدينه,-1.5243538761698172,1.5243538761698172
ابو,-1.522934130135391,1.522934130135391
الجيد,-1.522518098284817,1.522518098284817
لاكن,1.5219406712966181,1.5219406712966181
برلمان,-1.521350398334602,1.521350398334602
مكرا,-1.520812129842302,1.520812129842302
الجيل,-1.5199355807972121,1.5199355807972121
شرورهم,-1.5196924645394059,1.5196924645394059
اعجبني,-1.5192260068329568,1.5192260068329568
يدور,1.5188776042279515,1.5188776042279515
رايس,-1.5188014167056985,1.5188014167056985
يالعصابه,1.5184677579590828,1.5184677579590828
توجيه,1.5184227610114067,1.5184227610114067
الصدور,-1.5183068370350807,1.5183068370350807
ضربه,-1.518274504751245,1.518274504751245
قومي,1.5181083140374723,1.5181083140374723
سمارت,-1.517910938103232,1.517910938103232
لعنك اله,1.5178113453595126,1.5178113453595126
يسقط النضام,-1.5175727854800507,1.5175727854800507
لعشيه,-1.5173185529070652,1.5173185529070652
جليل,-1.5167558635675586,1.5167558635675586
الغسيل,-1.516506294523791,1.516506294523791
جسر,-1.5162077394196674,1.5162077394196674
وكلب,1.5161933373510286,1.5161933373510286
وزياده,1.5160827117035078,1.5160827117035078
يجازيكم,-1.5141917937862983,1.5141917937862983
اله الدين,1.5139536530288817,1.5139536530288817
aya,1.5138326992820321,1.5138326992820321
القمر,-1.513814743966931,1.513814743966931
حجم,-1.513664415969088,1.513664415969088
الكلاب تنبح,1.5133864051561872,1.5133864051561872
همها,1.5131068196264337,1.5131068196264337
امربكا,-1.5130704078212827,1.5130704078212827
تحس,1.5129820705556665,1.5129820705556665
مكين,1.512354865098148,1.512354865098148
تنهار,-1.5121979707845605,1.5121979707845605
بلدنا,-1.5121450084938768,1.5121450084938768
ياكلوا,-1.5118815220070732,1.5118815220070732
جات,-1.5117850910172406,1.5117850910172406
العالم كامل,-1.5113461328020001,1.5113461328020001
الاسلامي,-1.5111246406945738,1.5111246406945738
المنتجات,-1.5109754814709142,1.5109754814709142
وسوف,1.5095851271974596,1.5095851271974596
اسبوع,-1.5092760419440472,1.5092760419440472
قضايا,-1.508996336133396,1.508996336133396
بوصاشي,1.5089780837438562,1.5089780837438562
اخلص,1.5087826081511693,1.5087826081511693
طبيعه,-1.507996489367026,1.507996489367026
ساركوزي,1.5073360858575764,1.5073360858575764
منطقه القباءل,-1.5072907224305654,1.5072907224305654
مذكرات,-1.5072789741283725,1.5072789741283725
رمز,-1.5066866741000082,1.5066866741000082
وجماعه,1.5060248923975705,1.5060248923975705
وجماعه تحيا,1.5060248923975705,1.5060248923975705
راكم رايحين,1.5059688468006005,1.5059688468006005
نفسا,-1.505773995001364,1.505773995001364
روح الله,1.5057331873034447,1.5057331873034447
وذلك,-1.5055735069135754,1.5055735069135754
ياودي,1.505462906187889,1.505462906187889
يخلصوا,1.5054433421538391,1.5054433421538391
بام,1.5053793152509092,1.5053793152509092
اخوتنا,-1.5050298060242866,1.5050298060242866
بعيد,1.504933396844639,1.504933396844639
رزان,-1.5046144958205379,1.5046144958205379
يهديكم,1.504425902579543,1.504425902579543
الشبكه,-1.5039339856002245,1.5039339856002245
بسم,-1.5036039343251402,1.5036039343251402
ديما,-1.5029513173211841,1.5029513173211841
استهدوا,-1.502721970985922,1.502721970985922
شيئ,1.5026297321834658,1.5026297321834658
الوعود الكاذبه,1.5025925434772849,1.5025925434772849
نفسها,-1.5018745171817902,1.5018745171817902
منور,-1.5015207844383485,1.5015207844383485
ولم,1.501236669743101,1.501236669743101
الاحتكار,-1.5009947693484902,1.5009947693484902
تيارت,-1.5005366257059232,1.5005366257059232
التقدير,-1.5000930829402124,1.5000930829402124
يوفقكم,-1.500049688658141,1.500049688658141
بيتران,-1.5000189954526113,1.5000189954526113
تخرب,1.4998972101308896,1.4998972101308896
رضا,1.4996349754646272,1.4996349754646272
يازيطوط,1.4985037004648212,1.4985037004648212
شهريه,1.498321048629502,1.498321048629502
يجيني,1.4980279788264372,1.4980279788264372
السراق,1.4960282043972646,1.4960282043972646
اصبحت معدوده,1.4960140338129153,1.4960140338129153
بايت,1.4959456738748371,1.4959456738748371
المساكين,1.4957845866884842,1.4957845866884842
القومي,1.4956448329201109,1.4956448329201109
شبابنا,1.4939174684701186,1.4939174684701186
العامه,-1.4934591494542826,1.4934591494542826
الاشخاص,1.4923778469895712,1.4923778469895712
الانس,1.4916512577925745,1.4916512577925745
الله والله,1.491066090982625,1.491066090982625
فاش,-1.4906826367431851,1.4906826367431851
تشوفو,1.4905681703568163,1.4905681703568163
لكل,-1.4905064389787968,1.4905064389787968
انعم,-1.4903592418736016,1.4903592418736016
السبب,-1.4903016050526696,1.4903016050526696
تحيا ربراب,-1.4895550046339048,1.4895550046339048
الخميس,-1.489091817721715,1.489091817721715
العالمين,-1.4884749878848058,1.4884749878848058
ياوجه,1.4876459960709483,1.4876459960709483
احرار الجزاءر,-1.4876288674899516,1.4876288674899516
وبي,1.4872042322125187,1.4872042322125187
بذلك,1.4866358251838379,1.4866358251838379
الول,1.486632384468612,1.486632384468612
مطلقه,1.4862055478708207,1.4862055478708207
روحو,1.485872156364041,1.485872156364041
القرار,1.4856987189195991,1.4856987189195991
ارسلت,-1.4848269719471803,1.4848269719471803
ارتقي,1.4846960833789944,1.4846960833789944
لرجل,-1.484678035301927,1.484678035301927
النجاح,-1.484484330117693,1.484484330117693
عندي,-1.484474035411886,1.484474035411886
الانهيار,-1.4844064467996754,1.4844064467996754
دراهم الشعب,1.4841787805290685,1.4841787805290685
درت,-1.4840659126440114,1.4840659126440114
القبايل العرب,-1.4838259597933234,1.4838259597933234
نيك مك,1.4834574092260526,1.4834574092260526
بن علي,-1.4815499996177435,1.4815499996177435
يبدو,1.4811564133174477,1.4811564133174477
نصره,-1.48004488511697,1.48004488511697
نتاع الخليج,1.4792845454327141,1.4792845454327141
جاوبوني,-1.479103725564451,1.479103725564451
نحاو,1.4788314389697226,1.4788314389697226
ربراب سراق,1.4786834080453144,1.4786834080453144
سلميه,-1.4781674802745288,1.4781674802745288
فاليتيمه,1.477867134140283,1.477867134140283
ليزوم,-1.4777235991450912,1.4777235991450912
يستر,-1.477562163592289,1.477562163592289
سبعيني,1.4775458387325233,1.4775458387325233
النمل ياكل,-1.4774173383065867,1.4774173383065867
حياه,1.4773148926628166,1.4773148926628166
حسبنا,-1.4773046807326895,1.4773046807326895
تصفيه حسابات,1.4772382898178869,1.4772382898178869
تنكر,-1.4765039828056177,1.4765039828056177
تنكر الاصل,-1.4765039828056177,1.4765039828056177
شان,1.4762481799310085,1.4762481799310085
يهرب,-1.4758521075928828,1.4758521075928828
المعاصي,-1.4754367608132666,1.4754367608132666
ورقه,-1.4749561836015799,1.4749561836015799
حاكم,1.4748208373142335,1.4748208373142335
والقواده باطل,1.4747306622564398,1.4747306622564398
بالمعلوم والقواده,1.4747306622564398,1.4747306622564398
بالمعلوم,1.4747306622564398,1.4747306622564398
الهزان بالمعلوم,1.4747306622564398,1.4747306622564398
الهزان,1.4747306622564398,1.4747306622564398
وفضلاتها,1.4746820421094173,1.4746820421094173
ويمكر,1.4745692929786471,1.4745692929786471
رمضان كريم,1.474319774382896,1.474319774382896
رجاله,-1.4739616151880202,1.4739616151880202
يهيجو,1.4733285576166406,1.4733285576166406
المعارضين,1.4726214030605775,1.4726214030605775
يجيب الخير,1.4724777769422575,1.4724777769422575
تروح,1.4723926183670712,1.4723926183670712
الاستقاله,-1.47196487950821,1.47196487950821
المرحوم,1.4716214263375347,1.4716214263375347
لجزاءر,-1.4712982885132748,1.4712982885132748
اله الغسيل,-1.470271198928139,1.470271198928139
الامبراطوريه,-1.4697036271738761,1.4697036271738761
rabi yahdik,-1.4693926932338104,1.4693926932338104
عاقل,1.4685058063442378,1.4685058063442378
طويل,-1.4681015435203033,1.4681015435203033
خبث,1.4680059962184502,1.4680059962184502
الدهر,-1.4679537917597791,1.4679537917597791
سمعت,-1.4675541741322076,1.4675541741322076
عالي,-1.4673080151511015,1.4673080151511015
عايشها,1.4670459356745003,1.4670459356745003
لربراب,1.4669277664621965,1.4669277664621965
صافيه,-1.466906989587398,1.466906989587398
تناضل,1.4666796441486154,1.4666796441486154
لباس,-1.4663802623520834,1.4663802623520834
ونيك,1.4660112398910137,1.4660112398910137
الاحتلال,-1.4659425097082812,1.4659425097082812
مدنيه ماشي,-1.4657946185221584,1.4657946185221584
التربيه,-1.4654149693278018,1.4654149693278018
بجايه,-1.464626999685422,1.464626999685422
ماتشريش زيت,1.4636701545792,1.4636701545792
الدراسه,1.4636680764567314,1.4636680764567314
نكرهوكم,1.4635506771223714,1.4635506771223714
يخدم,-1.4634673222244643,1.4634673222244643
خريطه,-1.462919543486969,1.462919543486969
بريطانيا,-1.4629124762737211,1.4629124762737211
وسكر لمده,1.4627730927270004,1.4627730927270004
الزيت وسكر,1.4627730927270004,1.4627730927270004
يلحقوا,-1.462448342765772,1.462448342765772
المواقع,-1.462190505051115,1.462190505051115
تدو,1.4616785524929374,1.4616785524929374
اخواني,-1.4616758269180725,1.4616758269180725
دارو حاجه,-1.461619922459356,1.461619922459356
ماداروهاش,1.4597212102441806,1.4597212102441806
الله ينعلكم,1.4597112803481145,1.4597112803481145
تجبره,1.4592383121851158,1.4592383121851158
الدور,1.4577367070827083,1.4577367070827083
ندخل,-1.4576014871523209,1.4576014871523209
الكهرومنزليه,-1.4575970721294957,1.4575970721294957
ينيكوك,1.4570434310759506,1.4570434310759506
بصحتك تستاهل,-1.4568028689068708,1.4568028689068708
وحدا,-1.4565351601507361,1.4565351601507361
والاحرار,-1.4561053034434013,1.4561053034434013
قديمه,-1.4554426314537483,1.4554426314537483
امركم,1.4549477717560406,1.4549477717560406
بسعر,-1.4536630716257695,1.4536630716257695
هنيئا,-1.4535512367816803,1.4535512367816803
فريطوملات,-1.4535375571544298,1.4535375571544298
فريطوملات بالبيض,-1.4535375571544298,1.4535375571544298
اعطيوني,-1.4532627476220779,1.4532627476220779
نشارك,-1.4527488091867917,1.4527488091867917
تصفيه,-1.4520657160310115,1.4520657160310115
ntouma,1.4520477943844354,1.4520477943844354
لالمانيا,1.451984015364353,1.451984015364353
والحمد,-1.4511782759003546,1.4511782759003546
اراد,-1.4510754084986073,1.4510754084986073
اكبر سراق,1.4507276796483373,1.4507276796483373
المتحده,1.4497604718936168,1.4497604718936168
تنشر,1.449606903826603,1.449606903826603
لبلادك,1.4493339335294397,1.4493339335294397
شكرا المعلومه,1.448959339708953,1.448959339708953
وينعل,1.448356189605945,1.448356189605945
عالميا,-1.4482690338179662,1.4482690338179662
زنقه,-1.4481452461015971,1.4481452461015971
ابكي,-1.447904811366468,1.447904811366468
اختفي,1.4478439084185128,1.4478439084185128
حاجه شابه,-1.4473034999548382,1.4473034999548382
قودو,1.4472627817040644,1.4472627817040644
خاوا,1.447040076531331,1.447040076531331
وانت تحاول,1.4468025226962467,1.4468025226962467
وبزاف,-1.4459767407090318,1.4459767407090318
تبحث,-1.4459248513844394,1.4459248513844394
دوري,1.4459034466209908,1.4459034466209908
عندها,1.4458493550674139,1.4458493550674139
زيطوط,1.445754311126033,1.445754311126033
كنتش,-1.4443892915002283,1.4443892915002283
الكيان,-1.4432733304231287,1.4432733304231287
قضاه,-1.4432399742188742,1.4432399742188742
الجهاد,1.44299978833121,1.44299978833121
يروح يعطي,1.4429097528222483,1.4429097528222483
تحرش,1.4427865232795136,1.4427865232795136
الحمقى,1.4423441341677659,1.4423441341677659
اراضي,-1.4421105321979004,1.4421105321979004
الهاويه,-1.4412588049680164,1.4412588049680164
تلعبي,-1.4409888583523898,1.4409888583523898
الدير,-1.440214574234638,1.440214574234638
مشاكل,-1.4397639310797206,1.4397639310797206
البندقيه,1.439631225771181,1.439631225771181
تمثل,1.4396104367913338,1.4396104367913338
يركب,1.4396038795024757,1.4396038795024757
العقود,-1.4394895664703256,1.4394895664703256
هدا,1.4393115689669715,1.4393115689669715
فاعلم,-1.4391578882205078,1.4391578882205078
معطوبي الجيش,1.4390573267319342,1.4390573267319342
معطوبي,1.4390573267319342,1.4390573267319342
باله العلي,-1.4386777349961648,1.4386777349961648
معناها,-1.4385603911704337,1.4385603911704337
غايضو,1.4378401631069773,1.4378401631069773
البنوك,1.4375663804024352,1.4375663804024352
دوره المياه,1.436389310619716,1.436389310619716
المطبخ,1.436389310619716,1.436389310619716
يطلقوهم,1.436097501042094,1.436097501042094
ابن,-1.4357378253087416,1.4357378253087416
راجعون,-1.4350811492036912,1.4350811492036912
الصحه العافيه,1.4347532956836537,1.4347532956836537
جالهم العبيد,-1.4344131150338504,1.4344131150338504
جالهم,-1.4344131150338504,1.4344131150338504
العبيد غاضهم,-1.4344131150338504,1.4344131150338504
ولعقوبه,-1.4331576229393388,1.4331576229393388
وجوه الشر,1.4330340347594743,1.4330340347594743
ماشافوش,-1.433032153230372,1.433032153230372
جبري,1.432378730127883,1.432378730127883
الصندوق,1.431517609066119,1.431517609066119
30,-1.4309636043724734,1.4309636043724734
ويهدينا,-1.4305177669578926,1.4305177669578926
اصغر,-1.4293855762557814,1.4293855762557814
الثلج,1.4289983503837043,1.4289983503837043
اموال البترول,-1.4289426451975495,1.4289426451975495
nchallah,-1.4287812359778298,1.4287812359778298
يهاجمون,1.428456181527308,1.428456181527308
لحاجه,-1.4274865777391872,1.4274865777391872
الله يشفي,-1.427243577760723,1.427243577760723
زوامل,1.4271587054082682,1.4271587054082682
نهبو,1.4267624556441147,1.4267624556441147
مازلنا,-1.4267153640063686,1.4267153640063686
تحظر,-1.4266654677136243,1.4266654677136243
ياو فاقو,1.4265567101238958,1.4265567101238958
لوناس,-1.4263678496557368,1.4263678496557368
kayna,-1.4255009721830965,1.4255009721830965
لعطاي,1.4247022499988022,1.4247022499988022
بتسويه,-1.4246765030351063,1.4246765030351063
حرب,1.4245342178061835,1.4245342178061835
واحده,-1.4240444253565725,1.4240444253565725
hbb,-1.4238112644988776,1.4238112644988776
تناكو,1.4236115440600012,1.4236115440600012
ترجع,-1.4235870969322177,1.4235870969322177
تصب,-1.4233444324548008,1.4233444324548008
ولينا,1.423236433353181,1.423236433353181
يريدونها,-1.4231168023946519,1.4231168023946519
الجوانب,-1.421877934743709,1.421877934743709
احفظ,-1.4217879532261875,1.4217879532261875
تقولوا,-1.4216503831318876,1.4216503831318876
قطره دم,1.42087017383184,1.42087017383184
بقوه,-1.420776804476616,1.420776804476616
وراه,1.4207435971752516,1.4207435971752516
القايد صالح,-1.4204208906674076,1.4204208906674076
حشون يماك,1.4203881349577812,1.4203881349577812
حاجه,-1.4202340970166487,1.4202340970166487
عنصرين,1.4197532058227815,1.4197532058227815
باتنه,-1.4196049963398798,1.4196049963398798
تيزي وزو,1.4189405850508596,1.4189405850508596
وزو,1.4189405850508596,1.4189405850508596
تيزي,1.4189405850508596,1.4189405850508596
الثلاجه,-1.4189233327687085,1.4189233327687085
للحبس,-1.4181026937274275,1.4181026937274275
اهو,1.4178706630917266,1.4178706630917266
اخذو,1.4172909278274388,1.4172909278274388
had,-1.417087923613664,1.417087923613664
مقستهاش,1.416416410492175,1.416416410492175
العائله,-1.4160799478150192,1.4160799478150192
معمر,1.415916825634294,1.415916825634294
الجنسيه,1.4154846161618602,1.4154846161618602
انتخبت,-1.415348446516097,1.415348446516097
امير ربي,-1.415256548563829,1.415256548563829
شهريا,1.4148709450497807,1.4148709450497807
كوكب الارض,1.4145960582755341,1.4145960582755341
احكيلنا,1.4144752287024729,1.4144752287024729
توقيف,-1.4141950421923983,1.4141950421923983
ياكلك,1.4140654177829624,1.4140654177829624
فالجلفه,-1.414016863000904,1.414016863000904
رهو,-1.414016863000904,1.414016863000904
المشاركه,1.413832165652229,1.413832165652229
لعرب,-1.4136467917076827,1.4136467917076827
بالضبط,-1.4136195613207614,1.4136195613207614
لالا,-1.4135349480032722,1.4135349480032722
الهدره,-1.4131042064811878,1.4131042064811878
الناس تحبو,-1.4127180015224376,1.4127180015224376
ابوني,1.412404217550721,1.412404217550721
نعبد,-1.4122888124137853,1.4122888124137853
الشياتين ربراب,1.4117355384620154,1.4117355384620154
حبو بلادكم,-1.4116372829236095,1.4116372829236095
ليله,-1.4107913373032985,1.4107913373032985
تفعل,-1.4105365431670085,1.4105365431670085
الجيش خارج,-1.410240493869652,1.410240493869652
اراك,-1.409817977428982,1.409817977428982
خطره,-1.409588206034052,1.409588206034052
وثيقه,1.4093854448815686,1.4093854448815686
كويزينيار,-1.4090536644570404,1.4090536644570404
تمنيكه,1.408933203876138,1.408933203876138
فرد,1.4087208866874663,1.4087208866874663
beli,1.408638275998102,1.408638275998102
الوحيد,-1.4084247035146924,1.4084247035146924
الثالثه,1.40823072412591,1.40823072412591
النظر,-1.4075265051577777,1.4075265051577777
تلمو,-1.406928444582317,1.406928444582317
حكايه ربراب,-1.406258293958588,1.406258293958588
حرام شهيتني,-1.406242642609559,1.406242642609559
سمع,-1.4061671505721596,1.4061671505721596
فظلك,1.405454162240046,1.405454162240046
ريتويت,-1.4050381760879815,1.4050381760879815
جيل,1.4047674576750733,1.4047674576750733
ابتدائي,1.404522138093449,1.404522138093449
حكم العسكر,1.4040707522178955,1.4040707522178955
ينتقم منهم,1.4040114529910317,1.4040114529910317
فاسدين,1.403953172627162,1.403953172627162
والارض,1.403729412463345,1.403729412463345
توصل,-1.4034657192163242,1.4034657192163242
المصريون,-1.4031168235760674,1.4031168235760674
omelette,-1.4029398086392728,1.4029398086392728
يخلو,1.4026702060617042,1.4026702060617042
مدينه ماشي,1.4020092200907794,1.4020092200907794
الله محمد,-1.4019316281358971,1.4019316281358971
ويشفي,-1.4015498919598703,1.4015498919598703
be,-1.4014917499371684,1.4014917499371684
ولابد,-1.4008189928710144,1.4008189928710144
يرحم ماتو,-1.4008012788401163,1.4008012788401163
حفظك,1.4007469811647224,1.4007469811647224
سباب,1.4006966377146826,1.4006966377146826
مخبرات ارهابيه,1.3999905741572978,1.3999905741572978
اجتماعيه,-1.399886499619883,1.399886499619883
اعمر,-1.3998776435930818,1.3998776435930818
اوملات شي,1.3997815297704128,1.3997815297704128
اله يهديك,-1.3997672045283827,1.3997672045283827
بعينه,-1.3997374951492925,1.3997374951492925
دخلكم,-1.3984662275017155,1.3984662275017155
وحدهم,-1.397958119539942,1.397958119539942
سومه,-1.3976967158200828,1.3976967158200828
يتحاسبو,1.3975572876660294,1.3975572876660294
قضاء,-1.3971888967363533,1.3971888967363533
بتصرف,-1.3971509303966323,1.3971509303966323
القبض,1.396931512686701,1.396931512686701
مره,-1.3956707755512596,1.3956707755512596
نقاط,-1.395634408991087,1.395634408991087
السمانه,-1.3955959931879254,1.3955959931879254
by,1.3953358731593244,1.3953358731593244
الجزائر اكبر,1.394821888696681,1.394821888696681
المساواه,-1.393526115289418,1.393526115289418
يقوله,1.393045417983313,1.393045417983313
ذكرت,-1.3930027470996649,1.3930027470996649
كامل التراب,-1.3923632620062674,1.3923632620062674
التراب الوطني,-1.3923632620062674,1.3923632620062674
التراب,-1.3923632620062674,1.3923632620062674
لاريني,-1.3913394905457857,1.3913394905457857
العديد,-1.3913282809673893,1.3913282809673893
الاله,1.390870666123304,1.390870666123304
توفر,-1.390772664783374,1.390772664783374
رويبضه,1.3907315602475956,1.3907315602475956
اني,-1.3906677661595395,1.3906677661595395
افضل لعبه,-1.3905037510127678,1.3905037510127678
الحمقي,1.390235796106347,1.390235796106347
الدين,-1.3901011752698131,1.3901011752698131
وزير,1.3893422904865442,1.3893422904865442
مكانه,1.3891938041846172,1.3891938041846172
احشمي روحك,1.389184596861083,1.389184596861083
الحره,-1.38875078362739,1.38875078362739
مجمع,-1.3883430542516961,1.3883430542516961
معروف,1.3882993694055763,1.3882993694055763
قايمين,1.3880233600324214,1.3880233600324214
الكاسكيطا,1.3876941002907544,1.3876941002907544
نحي الكاسكيطا,1.3876941002907544,1.3876941002907544
جدها,-1.387146297654018,1.387146297654018
سيحاسب,1.3871050185371547,1.3871050185371547
الزوالي,-1.3870819546895274,1.3870819546895274
فاقلك,-1.3869339300215062,1.3869339300215062
فالبلاد,1.386894991653571,1.386894991653571
بحول,1.3867772822821074,1.3867772822821074
مشكيتش,-1.3866124742534969,1.3866124742534969
ياه,-1.3863411681414288,1.3863411681414288
يثبت,1.3859145821827186,1.3859145821827186
المثل,-1.3858747304834276,1.3858747304834276
ياخي الكريم,-1.3838861682051864,1.3838861682051864
راب,-1.3835208715612886,1.3835208715612886
درجه,-1.383386232700835,1.383386232700835
توجع,-1.3830017089903899,1.3830017089903899
ازول,-1.3829994101226715,1.3829994101226715
العاءلات,-1.3829441801642046,1.3829441801642046
متخلف,1.3826393535248647,1.3826393535248647
ماكش,1.382458037623771,1.382458037623771
لصوص,1.3820123985933093,1.3820123985933093
تجيبلك,1.3818184790952623,1.3818184790952623
مازالوا,-1.3816575357886562,1.3816575357886562
لفتنه,-1.3815980457095578,1.3815980457095578
نتوم,1.3812026879361117,1.3812026879361117
الغني,-1.3812010124576346,1.3812010124576346
التوبه,1.3807497283938412,1.3807497283938412
يثبتك,1.378738074652633,1.378738074652633
موزع,-1.3787071435460743,1.3787071435460743
كرهت,-1.3786032131149264,1.3786032131149264
النضام,-1.3780704738492149,1.3780704738492149
الشهداء,-1.3776096643863573,1.3776096643863573
ومليون,-1.3774888457882704,1.3774888457882704
مطالبهم,-1.3774013605046,1.3774013605046
ارحلوا ارحلوا,-1.3771917097296975,1.3771917097296975
منيتك,-1.3767860478068912,1.3767860478068912
اله ينعل,1.375814232172136,1.375814232172136
المنكر,-1.3743588006892105,1.3743588006892105
مصيرك,1.3742746263321841,1.3742746263321841
عارفه,1.3740815404600115,1.3740815404600115
انواع,-1.3737847152988134,1.3737847152988134
ريح,1.3737083838441386,1.3737083838441386
رابي,-1.373656039162385,1.373656039162385
اشتري,-1.37347866193909,1.37347866193909
اخي العزيز,-1.3733632182094369,1.3733632182094369
اله يشفي,-1.3724055851497754,1.3724055851497754
منا,-1.3715195948404235,1.3715195948404235
مصطفى,-1.37134801649626,1.37134801649626
دعاء الزلازل,-1.3713172167383865,1.3713172167383865
براقي,-1.3711857998517394,1.3711857998517394
حسابهم,1.37087969738418,1.37087969738418
المبالغ,-1.3705901808551562,1.3705901808551562
قبائلي,1.3704521968758254,1.3704521968758254
اجعل,-1.3703411105049934,1.3703411105049934
مبروك زعيم,-1.3701004147564368,1.3701004147564368
يتحكم,-1.3695281839305615,1.3695281839305615
فهناك,-1.3688991817532694,1.3688991817532694
خاصك,1.368726290898805,1.368726290898805
عايش,1.3686483772437128,1.3686483772437128
الجيش الشعب,-1.3681913240249068,1.3681913240249068
الاسبوع,-1.3679742551110374,1.3679742551110374
ناحيه,1.367886971825138,1.367886971825138
امير المازدا,1.36765750503134,1.36765750503134
يربحو,1.3672711827012343,1.3672711827012343
موضوع,1.3669636624445685,1.3669636624445685
تمدو,-1.3668334886405564,1.3668334886405564
المعنيه,-1.3667155604163328,1.3667155604163328
الخدمه المعنيه,-1.3667155604163328,1.3667155604163328
السيد,-1.3664582956469935,1.3664582956469935
التقشف,-1.3664086318129014,1.3664086318129014
داير,1.3658358309362295,1.3658358309362295
استهزاء,-1.3657529686116645,1.3657529686116645
حزب,1.3656683379006243,1.3656683379006243
دار,1.365395813841177,1.365395813841177
غرب,-1.3653136420918204,1.3653136420918204
فاعل,-1.3650303858519055,1.3650303858519055
امك الطاهره,1.3648272832216692,1.3648272832216692
ياخو,1.3646286366640212,1.3646286366640212
العباده,1.3646116300083515,1.3646116300083515
اعلاه,-1.364226273566339,1.364226273566339
الاخير,-1.3641674144855591,1.3641674144855591
واويحي,-1.3639534481635136,1.3639534481635136
معرفتش,-1.3635622966213985,1.3635622966213985
صديقي,-1.3635405544290233,1.3635405544290233
النصر,-1.3634573595702455,1.3634573595702455
كونت,1.3630291270160622,1.3630291270160622
امين رب,1.362815700195834,1.362815700195834
بوشاش,1.3618661704879467,1.3618661704879467
توم,-1.3616603719580627,1.3616603719580627
يهمني,1.3615508185187009,1.3615508185187009
معنتها,-1.3614493310221778,1.3614493310221778
مواطنين,1.361049093952867,1.361049093952867
اله يرحمو,-1.360943701332789,1.360943701332789
معاشات الوزراء,-1.360827230213044,1.360827230213044
معاشات,-1.360827230213044,1.360827230213044
العون,-1.3604838571001219,1.3604838571001219
شخصيا,-1.3602351897835923,1.3602351897835923
هوا سرق,1.3600249206231358,1.3600249206231358
لراه,1.3598570924136872,1.3598570924136872
يموت,1.3595836908000458,1.3595836908000458
المحليه,-1.3595716284248778,1.3595716284248778
راهو الحبس,-1.3593967791475399,1.3593967791475399
مزيد التالق,1.359329400800944,1.359329400800944
اوتوماتيك,-1.3586534141821611,1.3586534141821611
وتحت,1.357968179394259,1.357968179394259
مدار,-1.357599406723513,1.357599406723513
ارجوكم,-1.3575812131073162,1.3575812131073162
نعبدوا,1.3573164320262137,1.3573164320262137
تكون,1.3571519301937078,1.3571519301937078
الله يهديك,-1.3570357850283306,1.3570357850283306
قروض,1.3568918238429535,1.3568918238429535
يازح,1.3560231908507958,1.3560231908507958
المقاطعه فن,-1.355625097195137,1.355625097195137
يكم,-1.3555999082704846,1.3555999082704846
واقيل,-1.3555029057360313,1.3555029057360313
صغير,-1.3554387087267283,1.3554387087267283
وربي,1.3549409676358157,1.3549409676358157
ديركت,-1.3547017920238296,1.3547017920238296
الموقع,-1.3543819055658946,1.3543819055658946
علاقه,-1.3540377170315145,1.3540377170315145
تزوجو,-1.3536238582989801,1.3536238582989801
بلادو,1.3534709956308595,1.3534709956308595
صاحب الصفحه,1.3533974516366645,1.3533974516366645
استري روحك,1.3530714021448642,1.3530714021448642
استري,1.3530714021448642,1.3530714021448642
انجب,-1.3529243600333867,1.3529243600333867
العملاء,1.352209049492219,1.352209049492219
rajel,1.3520331430300072,1.3520331430300072
خالص,1.3513137496266536,1.3513137496266536
كثرو,1.3504716809281145,1.3504716809281145
اشاء,-1.350354877444031,1.350354877444031
جبنه,-1.3501356353338323,1.3501356353338323
مفسد,1.3496769358084812,1.3496769358084812
مقلتش,1.3493090568957438,1.3493090568957438
سيدهم السعيد,1.3490137081241322,1.3490137081241322
درتي,1.3486018075358586,1.3486018075358586
الوم,1.3485999733098313,1.3485999733098313
يزيدك,-1.3485859959199449,1.3485859959199449
يرحم والديكم,-1.348524793533036,1.348524793533036
العصابه الحاكمه,1.3485039361025357,1.3485039361025357
سامي,-1.3481832120080532,1.3481832120080532
ميزاجوغ,-1.3481016991197945,1.3481016991197945
اللعبه,-1.3477655359701934,1.3477655359701934
الانواع,-1.3475943952316616,1.3475943952316616
لاوامر,-1.346904174010764,1.346904174010764
يحي,-1.3468950353808258,1.3468950353808258
مها,1.3468825013244219,1.3468825013244219
عجب,-1.3466009133393158,1.3466009133393158
اوملات بيض,-1.3461501827398692,1.3461501827398692
rabi,-1.3461487563014036,1.3461487563014036
تقتل,1.3447544782276186,1.3447544782276186
يرجي,-1.3446383634318768,1.3446383634318768
تريدون,-1.343962576649796,1.343962576649796
واحنا,-1.3436256777495958,1.3436256777495958
شعال,-1.3426208593698825,1.3426208593698825
قبايلي حداد,1.3425988268107114,1.3425988268107114
الله تربحكم,1.3420847405054246,1.3420847405054246
الانديه,1.3420027774396723,1.3420027774396723
طغات,-1.3417574297878745,1.3417574297878745
حكم,-1.3407449456584621,1.3407449456584621
بطبيعه الحال,1.3403017964700856,1.3403017964700856
بطبيعه,1.3403017964700856,1.3403017964700856
ياخاين الوطن,1.3401953162216858,1.3401953162216858
حتما,-1.3398612205081413,1.3398612205081413
امسيتك,1.3396936123433199,1.3396936123433199
امسيتك طيبه,1.3396936123433199,1.3396936123433199
احكينا,-1.3394790948094262,1.3394790948094262
داخل الوطن,1.3389662664959177,1.3389662664959177
قضيه,1.3388603966991646,1.3388603966991646
تنفس,-1.3387682972619153,1.3387682972619153
كرفه,1.3382893707360906,1.3382893707360906
قوه,-1.337976945864775,1.337976945864775
متمنيه,-1.3379590552174416,1.3379590552174416
يتحقق,-1.337124366996714,1.337124366996714
مصطفي,-1.3370637485221886,1.3370637485221886
قاصر,1.3367951485934175,1.3367951485934175
فري,-1.3367741682315262,1.3367741682315262
وزاره,1.3364382061221234,1.3364382061221234
نبينا محمد,1.3364331199844506,1.3364331199844506
نبينا,1.3364331199844506,1.3364331199844506
يشافيك,-1.3362030592458887,1.3362030592458887
يوفر,-1.3361904988733735,1.3361904988733735
واه,-1.3361546484224367,1.3361546484224367
دخلو,-1.335921130704989,1.335921130704989
ياسر,1.3355043002633349,1.3355043002633349
فرح,-1.3352872903150705,1.3352872903150705
خير اكون,-1.335075863094916,1.335075863094916
امير تستهل,1.335056146588684,1.335056146588684
اشريت,-1.3346152956032415,1.3346152956032415
ربي يجيب,-1.3346136449530515,1.3346136449530515
شحال يديرو,-1.3346074896271598,1.3346074896271598
توضيح,-1.3345097569757054,1.3345097569757054
نورمالمون,-1.3342546263467776,1.3342546263467776
بوشاشي,1.3341207441172938,1.3341207441172938
كفاش,-1.3339449290585879,1.3339449290585879
يرحمك,-1.3338531628260628,1.3338531628260628
اشرف منك,1.3336149237129484,1.3336149237129484
الصباح,-1.333241679029234,1.333241679029234
نبقاو,1.3320184991012536,1.3320184991012536
الحيط,-1.331942589858631,1.331942589858631
يحسن,-1.3310368773452166,1.3310368773452166
بالطبع,-1.330435473643165,1.330435473643165
ربراب راكم,1.3304047810079782,1.3304047810079782
حشا,-1.3301918854207067,1.3301918854207067
وسيكون,-1.3299593355135126,1.3299593355135126
لزلزال,-1.3295483472316827,1.3295483472316827
ومازلت,1.328683554246896,1.328683554246896
كوكب اليابان,-1.3286403156832085,1.3286403156832085
الخليفه,-1.328487749882498,1.328487749882498
نواحي,1.3283123701817177,1.3283123701817177
تعاير,1.3279981872331312,1.3279981872331312
الشافي,-1.3278462447482233,1.3278462447482233
الجياحه,1.327314703325177,1.327314703325177
تظهر,-1.327041987644397,1.327041987644397
قريبا,-1.3267074741329383,1.3267074741329383
nik mok,1.326211226390812,1.326211226390812
كلبك,1.325557706514096,1.325557706514096
جوع كلبك,1.325557706514096,1.325557706514096
قبايلي ربراب,1.325439460587535,1.325439460587535
بانتلهم,1.3253609702700047,1.3253609702700047
مالك,1.3241695723889957,1.3241695723889957
سيتم,1.324154504336337,1.324154504336337
فما,1.3232804544754369,1.3232804544754369
الحمقي مشاهير,1.3232418076407069,1.3232418076407069
الوراء,-1.3230693845237347,1.3230693845237347
ودعم,1.3226329419825351,1.3226329419825351
الشعارات,-1.3225156871340296,1.3225156871340296
خافو ربي,1.3224367116583593,1.3224367116583593
خافو,1.3224367116583593,1.3224367116583593
لخروف,1.321244689209304,1.321244689209304
250,-1.3210407892470575,1.3210407892470575
عملاء خونه,1.3206491615037803,1.3206491615037803
بعتي,1.3202904969177065,1.3202904969177065
الدوله العثمانيه,-1.320289818028926,1.320289818028926
رجعو,1.319905831734569,1.319905831734569
شكامه,1.3195547743302434,1.3195547743302434
رءوس,1.3190560670577771,1.3190560670577771
الجديده,-1.3188267403195661,1.3188267403195661
يشوفوا,1.3185914699395593,1.3185914699395593
بالاحرار,1.3185757487340748,1.3185757487340748
الواد,1.3185389284423819,1.3185389284423819
الحبيب,1.318537469019359,1.318537469019359
حليمه,-1.318441992044608,1.318441992044608
دافع,1.317850429379277,1.317850429379277
القيمه,-1.3178196254294858,1.3178196254294858
يمكنكم,-1.3178055297645481,1.3178055297645481
شريف,1.3177370366145567,1.3177370366145567
بالمسيله,-1.317691841954231,1.317691841954231
لقطات,1.317024823009786,1.317024823009786
2017,-1.3168659516456824,1.3168659516456824
مليون جزائري,-1.3166384278892482,1.3166384278892482
اله ينعلكم,1.3164390129965724,1.3164390129965724
موتوا,1.316350289720299,1.316350289720299
موتوا بغيضكم,1.316350289720299,1.316350289720299
نحب مولوديه,1.3162703116085144,1.3162703116085144
الادمين,1.3158503915275324,1.3158503915275324
نسيتها,-1.3153783785969242,1.3153783785969242
فهم,-1.315071858339924,1.315071858339924
جزيلا,1.3142384369752993,1.3142384369752993
الحراقه,1.3138807834500177,1.3138807834500177
بحجم,1.3136850198461076,1.3136850198461076
ياطحان,1.3135919103097349,1.3135919103097349
blad,1.3135598621141529,1.3135598621141529
الخليج,1.3135448605397135,1.3135448605397135
مزلت,1.3128632925877521,1.3128632925877521
شرينا,-1.3123855899268455,1.3123855899268455
اوملات البيض,-1.312374642125029,1.312374642125029
بكري,-1.3120338869223316,1.3120338869223316
لقتل,-1.3120156826962528,1.3120156826962528
نضام,1.3119624932324792,1.3119624932324792
مهم,1.3118633222999483,1.3118633222999483
دارك,1.311739888618482,1.311739888618482
يخلصوهم,1.3114470327367334,1.3114470327367334
استغفرو,1.311034382411328,1.311034382411328
يمكنك,-1.3109257095224758,1.3109257095224758
هتلر,-1.310435565927525,1.310435565927525
القبايل رجال,1.310065701861646,1.310065701861646
قلبهم,1.3095582817632256,1.3095582817632256
العموم,-1.309529566519712,1.309529566519712
تبعو,1.309518750307318,1.309518750307318
جيت راجل,1.309367975496709,1.309367975496709
ايا مابقاش,-1.3093472076237767,1.3093472076237767
تلفون,-1.3090673677203757,1.3090673677203757
فدار,1.3081100499165084,1.3081100499165084
غي,1.3080317424144399,1.3080317424144399
الرزق اله,-1.3074872445819754,1.3074872445819754
الداخل,-1.3071524823320673,1.3071524823320673
رجاء,1.3067635896799734,1.3067635896799734
الاسعار,-1.30662338754118,1.30662338754118
يعينوا,-1.306613333845316,1.306613333845316
املا,1.306269210249938,1.306269210249938
قضايا الفساد,-1.3056998601886805,1.3056998601886805
الاوثان,-1.30565803714072,1.30565803714072
خاوتي,-1.305349054086605,1.305349054086605
روحي توبي,1.3045055786797444,1.3045055786797444
توبي,1.3045055786797444,1.3045055786797444
العائلات,-1.3040089912058783,1.3040089912058783
تسيبورتي,-1.3039516372588857,1.3039516372588857
التسويه,1.3038796401740609,1.3038796401740609
لغني,-1.3037898701616424,1.3037898701616424
ختيتو,-1.302807504803848,1.302807504803848
داير حاله,1.3025633717743246,1.3025633717743246
بصحتك امير,-1.3021079098800938,1.3021079098800938
خالد,-1.301758943330071,1.301758943330071
الحمقى مشاهير,1.301626420810168,1.301626420810168
جهويه,-1.301530821817454,1.301530821817454
روح قود,1.3013449274481945,1.3013449274481945
تاني,-1.3007279026002674,1.3007279026002674
علجال,-1.3003672327397466,1.3003672327397466
المناضل,1.3000455097378014,1.3000455097378014
للمزيد,-1.298838639761814,1.298838639761814
تفتحوا,-1.29878394085973,1.29878394085973
البلاد ربي,-1.298749174963831,1.298749174963831
اللول,1.2986405625058235,1.2986405625058235
وكر,-1.297971896827595,1.297971896827595
ماناش,1.2975248697181405,1.2975248697181405
اله يرحمها,-1.2974073690276562,1.2974073690276562
ربحت,-1.2971081933137516,1.2971081933137516
حي الله,-1.2970692719595918,1.2970692719595918
مند,1.2966908643811152,1.2966908643811152
ويقول,-1.2956075535265303,1.2956075535265303
mel,-1.295465123834431,1.295465123834431
اخاف,-1.2953440493031576,1.2953440493031576
يسمى,-1.294939674736606,1.294939674736606
المستحيل,-1.293925768324583,1.293925768324583
اسد,-1.2938866509303908,1.2938866509303908
الجنرال توفيق,1.2938332732054938,1.2938332732054938
الزوجه,-1.2937541601704141,1.2937541601704141
الخبز,-1.2936136824382674,1.2936136824382674
سارق يحاسب,1.2932640522090642,1.2932640522090642
غدوا,1.2931562609310472,1.2931562609310472
عدو,1.293019500217729,1.293019500217729
يصبر,-1.2927804812602863,1.2927804812602863
لقباءل,-1.292206055095315,1.292206055095315
يجري,1.2920735670170904,1.2920735670170904
البرلمان,1.2920449794256015,1.2920449794256015
الخروج الحاكم,-1.2918294129287133,1.2918294129287133
باس,1.2917464784885748,1.2917464784885748
الماصو,-1.2908375464496558,1.2908375464496558
40,-1.2906696151685677,1.2906696151685677
يخرج,-1.2906303901257683,1.2906303901257683
المياه,-1.290296939422989,1.290296939422989
مخو,1.2899138183906165,1.2899138183906165
عروض,1.2896822825153222,1.2896822825153222
الكل,-1.2890273063777669,1.2890273063777669
حياتهم,-1.2888520571966993,1.2888520571966993
تبالي,-1.288822424569482,1.288822424569482
ترتفع,-1.2887239520428386,1.2887239520428386
سيد الريس,-1.2881703905375315,1.2881703905375315
الريس,-1.2881703905375315,1.2881703905375315
امني,1.2877278790916264,1.2877278790916264
قريت,-1.2874468355823203,1.2874468355823203
لطيف,-1.287025413940855,1.287025413940855
عباس,1.2868660026217429,1.2868660026217429
وضعيه,-1.286724519690317,1.286724519690317
مصنع,-1.286644865897947,1.286644865897947
رايت,-1.2861729117561274,1.2861729117561274
نرزقهم,-1.286078553736173,1.286078553736173
بوصبع لزرق,1.285904568624725,1.285904568624725
العاءله,-1.2852651948826184,1.2852651948826184
قلبكم,1.284935733493119,1.284935733493119
صالحه,-1.2846429018707501,1.2846429018707501
وقت الارهاب,-1.284391821862467,1.284391821862467
amir,1.2840475254192294,1.2840475254192294
اصل البسبوسه,-1.2840423884128234,1.2840423884128234
ذنب,1.2835744294063205,1.2835744294063205
رمضان الكريم,-1.283375447725755,1.283375447725755
اله محمد,-1.2829956485682394,1.2829956485682394
والعافيه يارب,1.2824437697705706,1.2824437697705706
يجيبوك,-1.2823198984490092,1.2823198984490092
تحركنا,-1.28177209457738,1.28177209457738
ملقيتش,-1.2817156246911647,1.2817156246911647
راضي,-1.2816455392414676,1.2816455392414676
علابالو,-1.2816344963998212,1.2816344963998212
وقع,-1.2807767949000908,1.2807767949000908
تاعكم,1.2805307011319007,1.2805307011319007
مشارك,1.2800437676179208,1.2800437676179208
ماعندهمش,1.2799824602721266,1.2799824602721266
قالي,-1.2798475095288548,1.2798475095288548
وفرنسا,-1.2796286097799583,1.2796286097799583
الدحداح,-1.2789205021459578,1.2789205021459578
يحفظك ويرحم,1.278687162468508,1.278687162468508
القتال,-1.278605216907964,1.278605216907964
وتاع,1.2777158943918487,1.2777158943918487
كلها,-1.2775378885735091,1.2775378885735091
بكا,1.2773913167278872,1.2773913167278872
عندي ربي,-1.2772532662576572,1.2772532662576572
اتقودو,1.277032957716592,1.277032957716592
هد,-1.2765639295004796,1.2765639295004796
وانا,-1.2762780992364358,1.2762780992364358
يفلح,-1.2761406430147593,1.2761406430147593
كلاك,1.2760236185218128,1.2760236185218128
جدو,1.2759247068932529,1.2759247068932529
الغبار,1.2757312049128313,1.2757312049128313
تواصل,1.275532073041501,1.275532073041501
hata,1.2751928105364423,1.2751928105364423
يتفرج,1.2750008481442296,1.2750008481442296
العظيم حسبي,-1.2748209052961925,1.2748209052961925
الله وحده,-1.2747226017294229,1.2747226017294229
البوليزاريو,-1.2746264836994305,1.2746264836994305
يطول,-1.27427281353578,1.27427281353578
بن شيخ,1.2739422167260284,1.2739422167260284
جدك,-1.2738829438396218,1.2738829438396218
الحكومه,1.2736142030943114,1.2736142030943114
تخريب,-1.27332848897114,1.27332848897114
الاخر,-1.2729437445910432,1.2729437445910432
نكملو,1.2728570045252745,1.2728570045252745
قلوبنا,-1.2721193238790345,1.2721193238790345
الشي,-1.2719043865342552,1.2719043865342552
الفرماج,-1.2715115146398481,1.2715115146398481
ربي يرحمو,-1.270448560951728,1.270448560951728
الغالي,-1.2694549900121788,1.2694549900121788
روحي استري,1.2692156069288922,1.2692156069288922
العصابه تريد,-1.2691237015548889,1.2691237015548889
لكره,-1.2690189151856492,1.2690189151856492
معيشيه,1.2684329756247614,1.2684329756247614
عرفتي,1.267967869359071,1.267967869359071
تضخيم,1.2678847748540867,1.2678847748540867
جزء,1.267373493267667,1.267373493267667
دافع يرزق,1.267201104080246,1.267201104080246
الحاجه حيرتني,1.267201104080246,1.267201104080246
يرزق مثلا,1.267201104080246,1.267201104080246
حيرتني الناس,1.267201104080246,1.267201104080246
حيرتني,1.267201104080246,1.267201104080246
الناس دافع,1.267201104080246,1.267201104080246
هاذوا,-1.266855509177926,1.266855509177926
الاناء ينضح,-1.2668132808578687,1.2668132808578687
الاناء,-1.2668132808578687,1.2668132808578687
ينضح,-1.2668132808578687,1.2668132808578687
page,1.2665796360529502,1.2665796360529502
البربوشه,-1.2665506618337221,1.2665506618337221
ستدفن,1.2662522828374991,1.2662522828374991
مضاهرات حاشده,-1.26570095522627,1.26570095522627
حاشده,-1.26570095522627,1.26570095522627
khir,1.2656474273666296,1.2656474273666296
دافريك,-1.2655060533805926,1.2655060533805926
كوب دافريك,-1.2655060533805926,1.2655060533805926
كوب,-1.2655060533805926,1.2655060533805926
صح,-1.2654770566537128,1.2654770566537128
محمد صلاح,1.265367923165089,1.265367923165089
نعرفو,1.2647093232059823,1.2647093232059823
جابهم,-1.2646013025664815,1.2646013025664815
التلفزيون,1.2645599018747313,1.2645599018747313
روحي تعطي,1.2643568887550696,1.2643568887550696
وليد القحبه,1.264110007320097,1.264110007320097
هجوم,1.263686570976185,1.263686570976185
يسهل,-1.2629716605911114,1.2629716605911114
كونك,1.262796136056278,1.262796136056278
دوام,-1.2626527842497919,1.2626527842497919
الصحون,-1.2625451659046594,1.2625451659046594
وانت دخلك,1.2624463664790118,1.2624463664790118
بيض,-1.2624281133070658,1.2624281133070658
الغه,1.2623056556688204,1.2623056556688204
تحدث,-1.2622471952504084,1.2622471952504084
rani,1.261964457492545,1.261964457492545
ربي وكيلهم,1.261769506822854,1.261769506822854
وشي,-1.2616359614186796,1.2616359614186796
اعداء,-1.2609667526214388,1.2609667526214388
يرجى,-1.2608881421082274,1.2608881421082274
وعلي,1.2606615866771431,1.2606615866771431
بلادنا شابه,-1.260626919574496,1.260626919574496
عيش,1.2606206627456114,1.2606206627456114
يخرج الجيش,-1.2604858063948015,1.2604858063948015
نلبس,-1.2601173949092561,1.2601173949092561
الاشكال,1.2599635261028024,1.2599635261028024
المسؤوليه,-1.259746950418475,1.259746950418475
نهارك,1.2596475367500664,1.2596475367500664
والاه,1.2591157976678644,1.2591157976678644
لقروب,-1.2591126484626216,1.2591126484626216
الانتباه,-1.2585373861086708,1.2585373861086708
comme ça,1.257815844035158,1.257815844035158
يعطيك الصحه,-1.2568298145863168,1.2568298145863168
العشريه,-1.2563125067833116,1.2563125067833116
مبقاش,-1.2559283370863996,1.2559283370863996
النباح,1.2559026658842536,1.2559026658842536
يتمسخر,-1.255733916890177,1.255733916890177
امسح,1.2556781167327975,1.2556781167327975
المدرسه,1.2553311225088182,1.2553311225088182
جلده,-1.2548740713424662,1.2548740713424662
وباباك,1.2548449798997816,1.2548449798997816
الاصل,1.25381542981172,1.25381542981172
حداد ربراب,-1.2535618418532606,1.2535618418532606
ديغول,1.2534305384807083,1.2534305384807083
ياجورا,-1.2528812842651749,1.2528812842651749
قستها كلش,-1.2521022525501153,1.2521022525501153
وشرف,1.2520853527004001,1.2520853527004001
wnta,1.2518969553878432,1.2518969553878432
تقعدي,-1.2517607121619194,1.2517607121619194
دزها,1.2514530535035677,1.2514530535035677
دزها قاعك,1.2514530535035677,1.2514530535035677
الوطن والشعب,-1.2509194897769074,1.2509194897769074
نحرق,-1.2507938321909429,1.2507938321909429
حاجه مليحه,-1.2506308973911668,1.2506308973911668
المنتج,-1.250408034991762,1.250408034991762
الخراب,1.2500265004242235,1.2500265004242235
المقاطعه جالهم,-1.2500197724058948,1.2500197724058948
سامسونق,-1.2497661471654067,1.2497661471654067
يحكم,-1.2497328333452467,1.2497328333452467
معنى الكلمه,1.2488937911472526,1.2488937911472526
باتم معنى,1.2488937911472526,1.2488937911472526
الجزائر,-1.2488499301638551,1.2488499301638551
روح اخطينا,1.2488466590429632,1.2488466590429632
الجزاير,-1.248396028792018,1.248396028792018
مهامه,-1.2482019754137195,1.2482019754137195
الوطني الشعبي,1.2480911933878798,1.2480911933878798
بابانا,1.2477596998133846,1.2477596998133846
mouk,1.2475238872162993,1.2475238872162993
كونو,-1.2474501962867215,1.2474501962867215
واشنو,-1.2472566396870273,1.2472566396870273
لاسقاط,-1.246839735939128,1.246839735939128
نعرفوه,1.2467113031919017,1.2467113031919017
لخروج,-1.2466879397076112,1.2466879397076112
لخروج الجيش,-1.2466879397076112,1.2466879397076112
بلقاسم,1.2463233605391815,1.2463233605391815
عنوان,-1.2461775320794632,1.2461775320794632
عندو شركات,1.2460489907641243,1.2460489907641243
يصوم,-1.2459362253397916,1.2459362253397916
القافله تسير,1.2454312890426593,1.2454312890426593
الفاسد,1.244577505068849,1.244577505068849
بنه,-1.2444742104482596,1.2444742104482596
اتركوا,-1.2441731465546764,1.2441731465546764
نفسك,-1.2439602589248389,1.2439602589248389
الشغل,1.2436588173818721,1.2436588173818721
العاطفه,-1.2432260830292639,1.2432260830292639
صابك وسطهم,-1.242472338382405,1.242472338382405
صابك,-1.242472338382405,1.242472338382405
يروح,-1.2424142393316842,1.2424142393316842
المساس,-1.2413767694706275,1.2413767694706275
ظد,1.2396808437000906,1.2396808437000906
وينت,-1.2391156157943046,1.2391156157943046
صراح,-1.238915756810954,1.238915756810954
اسعد ربراب,-1.238387217362536,1.238387217362536
ليراكي,1.2377112391066172,1.2377112391066172
وقالهم,1.2375537716837288,1.2375537716837288
ولادك,1.2370411298135728,1.2370411298135728
يمهدوا,-1.2369975702769627,1.2369975702769627
يعسوا مصالح,-1.2369975702769627,1.2369975702769627
نحمي,-1.2368261781411465,1.2368261781411465
لمجرد,-1.2366536411427593,1.2366536411427593
مغاربه,1.2363973629412945,1.2363973629412945
السكر الزيت,1.2353466273348856,1.2353466273348856
سلامتك,-1.235225177065573,1.235225177065573
you,1.2348463224898645,1.2348463224898645
المرضى,-1.2346328361360044,1.2346328361360044
الذوق,1.2344303095446738,1.2344303095446738
تخرجي,1.2343956657861264,1.2343956657861264
تمسخرو بينا,-1.2339077597124686,1.2339077597124686
جنه الفردوس,1.2334217299700407,1.2334217299700407
وهوما,1.2332839319359927,1.2332839319359927
بطس,-1.2332372254463992,1.2332372254463992
وهادو,1.2325463929878255,1.2325463929878255
طلعت,1.2321818027068667,1.2321818027068667
تقولولنا,1.2318223354060347,1.2318223354060347
زيت سكر,1.2317430698091176,1.2317430698091176
البرقوق,-1.231291839501096,1.231291839501096
الهيبه,-1.2310829345190895,1.2310829345190895
قتلو,-1.2306479469480156,1.2306479469480156
تشوف,-1.2305757128832113,1.2305757128832113
تقلي,-1.2299170252174314,1.2299170252174314
بشكل,-1.2296407381167533,1.2296407381167533
ويفك,1.2290946446466149,1.2290946446466149
يمنع,-1.2290632914110875,1.2290632914110875
اروع,-1.2281887764960815,1.2281887764960815
جهه,1.2281662887139495,1.2281662887139495
ينالوا,-1.2277981672173317,1.2277981672173317
نبيع,-1.2276949508310158,1.2276949508310158
صاحبي باين,1.2273312137637826,1.2273312137637826
الجواب,-1.2271869990266793,1.2271869990266793
باعوا,1.226642334158722,1.226642334158722
بيعت,1.226642334158722,1.226642334158722
المال بيعت,1.226642334158722,1.226642334158722
تشرشل,1.226642334158722,1.226642334158722
بلدا,-1.2262533423351405,1.2262533423351405
ولي يحب,-1.2256697689508556,1.2256697689508556
معامن,1.225593941317425,1.225593941317425
اله يحفظ,-1.2254491877486864,1.2254491877486864
زد,1.2252835803240614,1.2252835803240614
الشهاده,-1.2250535536702891,1.2250535536702891
الشوك,1.2250477788810092,1.2250477788810092
صاري,-1.2249265315481137,1.2249265315481137
معانا,-1.2246880165365217,1.2246880165365217
الورم,1.224133668129253,1.224133668129253
حق,-1.2240281797825698,1.2240281797825698
امير,1.2235545719720236,1.2235545719720236
اروح,1.2235311361288577,1.2235311361288577
نوع,-1.2234108195303883,1.2234108195303883
ازمه,-1.2231673351132815,1.2231673351132815
زمان,-1.2230663937703516,1.2230663937703516
حمل,-1.2230401430989701,1.2230401430989701
الاورو,1.223011430786103,1.223011430786103
باج,-1.2229635647782773,1.2229635647782773
كلبك يتبعك,1.2228626082814495,1.2228626082814495
الخارج,-1.2228536725483465,1.2228536725483465
تقدير,1.2227784135057032,1.2227784135057032
زبده,-1.221923421606619,1.221923421606619
يمكر,-1.2218665113478506,1.2218665113478506
u20d,-1.2218558133497266,1.2218558133497266
قالوا,-1.221367296200084,1.221367296200084
وشكيب,-1.2213081637580072,1.2213081637580072
يعطيهم الصحه,-1.2213072376737169,1.2213072376737169
مقدرتش,1.221146758662402,1.221146758662402
غلاء,-1.2205435271124168,1.2205435271124168
usma,1.2201907830743115,1.2201907830743115
قتلتونا,1.219661703551768,1.219661703551768
متلي,-1.2193116768098162,1.2193116768098162
حق حقه,-1.2190048429777849,1.2190048429777849
ارخيس,1.2186403443352873,1.2186403443352873
عده,-1.218570237659737,1.218570237659737
نسبه الاسهم,-1.2179167666268023,1.2179167666268023
تنازلت,-1.2179167666268023,1.2179167666268023
الاسهم تنازلت,-1.2179167666268023,1.2179167666268023
الاسهم,-1.2179167666268023,1.2179167666268023
جاتو,-1.217739833591477,1.217739833591477
يسلم,-1.2175813946525385,1.2175813946525385
ويطالب,1.2174542533603605,1.2174542533603605
يبعد,1.2170411289497074,1.2170411289497074
القدس,-1.2167859938711323,1.2167859938711323
السنه الخامسه,-1.2166698352150922,1.2166698352150922
الحقد,-1.216196239038634,1.216196239038634
الوالدين,-1.2161583596667278,1.2161583596667278
الترمه,1.2159422607884336,1.2159422607884336
جه,1.2157853330284492,1.2157853330284492
واين,-1.2154781301739437,1.2154781301739437
الاسود,-1.2154596168065934,1.2154596168065934
والي,-1.215028878553764,1.215028878553764
خوك,1.2149181822977864,1.2149181822977864
الالهه,1.2148066358627005,1.2148066358627005
لمره,-1.2146927702802686,1.2146927702802686
الخروج,1.2144247669333943,1.2144247669333943
يتغير,-1.214064364542428,1.214064364542428
فخامه الشعب,-1.2135118558817861,1.2135118558817861
ظلم,-1.2133774323674207,1.2133774323674207
تجوز,-1.21305368160557,1.21305368160557
وهدر,1.2113755000378106,1.2113755000378106
يعجبني,-1.2109611238572384,1.2109611238572384
جماعه وجده,-1.2108572137250115,1.2108572137250115
جايب,1.210621431767404,1.210621431767404
حال,1.210456965118982,1.210456965118982
ونعمه,-1.2104120134114622,1.2104120134114622
يلبس يسمع,-1.2102699557293826,1.2102699557293826
لباج,1.209670049655596,1.209670049655596
قواده,-1.2096185155208694,1.2096185155208694
نظيف,-1.20763292888338,1.20763292888338
البترول طاحت,1.2075676338813826,1.2075676338813826
تعبك,1.207302679279641,1.207302679279641
وحده,-1.2071457760928384,1.2071457760928384
العصابه,1.2070663098840761,1.2070663098840761
فريت اوملات,-1.2069932740920368,1.2069932740920368
فكيك,-1.2067747895752514,1.2067747895752514
ويسكنه,-1.2067740176639754,1.2067740176639754
يستطيع,1.2067333309953039,1.2067333309953039
الذنوب,-1.206296848802852,1.206296848802852
البراكه,-1.2057998045947598,1.2057998045947598
وكيلهم شياطين,1.205740461542421,1.205740461542421
دوله عسكريه,-1.2056359486033388,1.2056359486033388
معلومات,-1.2049113811608025,1.2049113811608025
نري,1.2042048873281677,1.2042048873281677
لعبهم,-1.2034680951301016,1.2034680951301016
المولوخيه,1.2034537316732328,1.2034537316732328
يسب,-1.2032421585365904,1.2032421585365904
متل,-1.2028164305375613,1.2028164305375613
لمذا,1.2027582128679688,1.2027582128679688
معظم,-1.202377076131736,1.202377076131736
الدنيا والاخره,-1.2023353046002125,1.2023353046002125
والاخره,-1.2023353046002125,1.2023353046002125
واخدم,-1.2017524657027927,1.2017524657027927
اله ونعم,1.201376467476088,1.201376467476088
ربي يعطيك,1.2012974371647884,1.2012974371647884
الغاليه,1.2006932329125612,1.2006932329125612
الحكام,-1.2001934510533327,1.2001934510533327
الهدايا,-1.199832921055566,1.199832921055566
سيدي السعيد,-1.1994507798885512,1.1994507798885512
الرزاق,-1.1993585077814928,1.1993585077814928
اغلب,-1.1992877886502893,1.1992877886502893
يمهل,1.1992062066083602,1.1992062066083602
يمهل يهمل,1.1992062066083602,1.1992062066083602
سمارت شحال,-1.1985229031666949,1.1985229031666949
قلنا,-1.1984756281701583,1.1984756281701583
نتاكد,-1.1981663714550386,1.1981663714550386
يخليكم,-1.1977302868627913,1.1977302868627913
المعطوبين دعوه,1.1972657277942158,1.1972657277942158
دعوه الشعارات,1.1972657277942158,1.1972657277942158
جماعه المعطوبين,1.1972657277942158,1.1972657277942158
وتسبوا الجيش,1.1972657277942158,1.1972657277942158
وتسبوا,1.1972657277942158,1.1972657277942158
الشعارات تبون,1.1972657277942158,1.1972657277942158
خه,-1.197229247401692,1.197229247401692
وينصرنا,1.1971130352308412,1.1971130352308412
شعبي,-1.1968031213518413,1.1968031213518413
انتاعو,1.1965121901829856,1.1965121901829856
يشفيك,-1.1963621946070846,1.1963621946070846
غلط,1.1957925383320231,1.1957925383320231
الشان,1.195618802699418,1.195618802699418
تنهب,-1.1953404293987724,1.1953404293987724
عمر,-1.195114900276696,1.195114900276696
فرماج,-1.1950670680089224,1.1950670680089224
seqsi,-1.195012267279341,1.195012267279341
خير,1.1942784957670416,1.1942784957670416
خيار الناس,-1.193504886931448,1.193504886931448
ذيك,1.1933764939309845,1.1933764939309845
العجب,-1.1932252335660987,1.1932252335660987
تسبي,-1.1932070289404033,1.1932070289404033
حاطها,1.1930813653128136,1.1930813653128136
سعيده,1.1925553116346552,1.1925553116346552
يقوي,1.1925344903249488,1.1925344903249488
نار الفتنه,1.192084370895817,1.192084370895817
تعي,1.1918401535895065,1.1918401535895065
سوره,-1.1916679817709854,1.1916679817709854
بروحي,1.1915991063260865,1.1915991063260865
لصفحه,-1.1915289848076762,1.1915289848076762
ظالم,-1.1899592032433506,1.1899592032433506
غارقه,1.1899238666949243,1.1899238666949243
المزور الكوكاين,1.1897509527948975,1.1897509527948975
تبون المزور,1.1897509527948975,1.1897509527948975
الشرعيه الشعب,1.1897509527948975,1.1897509527948975
يخليك,-1.1896956665615472,1.1896956665615472
الجاهليه,-1.189670207565373,1.189670207565373
الفور,-1.1894159075385744,1.1894159075385744
شحال بنين,-1.1892828542366978,1.1892828542366978
تموت علي,1.1890332289026417,1.1890332289026417
منتوجكم,-1.1890119258772582,1.1890119258772582
تعتبر,-1.188444807959218,1.188444807959218
الحلول,-1.1881977282559169,1.1881977282559169
يرحو,-1.1878505547581706,1.1878505547581706
تمر,-1.1877670620825111,1.1877670620825111
اله يجيب,-1.187562309384242,1.187562309384242
جميل,1.187470016933333,1.187470016933333
بديتو,1.1874294713971678,1.1874294713971678
يلبي,-1.1867317983061203,1.1867317983061203
رحمه ربي,-1.1867254961463012,1.1867254961463012
بارك الله,-1.1865378699711213,1.1865378699711213
زجاج,1.186483760559419,1.186483760559419
عام,-1.18596126145996,1.18596126145996
الاستعمار,1.1855798989282063,1.1855798989282063
لضرب,1.185230226474001,1.185230226474001
مام,-1.1851375803731827,1.1851375803731827
غادي,1.1849826163736563,1.1849826163736563
راقد,1.184912300224587,1.184912300224587
لكنها,-1.184680472586351,1.184680472586351
رحمه الله,-1.1843453631068512,1.1843453631068512
ملخر,1.1841103038219811,1.1841103038219811
سياسه اويحي,1.1839529169660141,1.1839529169660141
حبيت تقول,1.1837783834195654,1.1837783834195654
بتوفيق,-1.1832220001685387,1.1832220001685387
موبيليس,-1.182680534109972,1.182680534109972
rebi,-1.1826367710834573,1.1826367710834573
روح تموت,1.1825524153054907,1.1825524153054907
واي,1.1820091245707716,1.1820091245707716
قرون,1.181716738548371,1.181716738548371
المطار,-1.181568182089614,1.181568182089614
اتعلم,-1.181046768298117,1.181046768298117
وتكذبو,1.1810235777917035,1.1810235777917035
نكرهوكم نكرهوكم,1.1807834710379104,1.1807834710379104
دعوات,-1.180457299901992,1.180457299901992
بعده,-1.1802220866697233,1.1802220866697233
حاسي,-1.1799593945061302,1.1799593945061302
حاسي مسعود,-1.1799593945061302,1.1799593945061302
الدوله غايبه,-1.1794446175041031,1.1794446175041031
غايبه,-1.1794446175041031,1.1794446175041031
التحيه,-1.1794299209443426,1.1794299209443426
نوعيه,-1.179289958345632,1.179289958345632
راحو,1.179068221086193,1.179068221086193
يحط,1.1787101745530515,1.1787101745530515
كونيناف,-1.1782363533130167,1.1782363533130167
نتبع ختك,1.1781672891573187,1.1781672891573187
معروفه,1.1779486964914145,1.1779486964914145
خريج,-1.1778538765845266,1.1778538765845266
ذكره,1.1777573549116154,1.1777573549116154
ديرلي,-1.1776487709983858,1.1776487709983858
الرابعه,1.1773362128600433,1.1773362128600433
منوع,-1.177323530818851,1.177323530818851
سبق,-1.177011785153683,1.177011785153683
امشي,1.176773433842788,1.176773433842788
49,1.1763757137040007,1.1763757137040007
خاوه,-1.176350776846082,1.176350776846082
الهند الصين,-1.1760658417974021,1.1760658417974021
هاشتاغ,-1.175670930069609,1.175670930069609
نيه,-1.175658566665391,1.175658566665391
فخريه,-1.1754572308776976,1.1754572308776976
سلميه سلميه,1.175389827180756,1.175389827180756
مكنش,-1.1753107814129993,1.1753107814129993
يكون,-1.1752917544001484,1.1752917544001484
والعراق,-1.1750536954802464,1.1750536954802464
يجيبو,-1.174889056066261,1.174889056066261
شد,-1.174814790820887,1.174814790820887
باجتك,1.1746113686869195,1.1746113686869195
يستجيب القدر,-1.1732033056273554,1.1732033056273554
فهو,1.1731391899432606,1.1731391899432606
مرت,1.173061340168531,1.173061340168531
نسقسي,-1.172809112324752,1.172809112324752
الراجل,1.172780893440406,1.172780893440406
الباك,-1.1724485240035507,1.1724485240035507
الحقيقي,1.1723759589686784,1.1723759589686784
جداره,-1.172339546448927,1.172339546448927
سواء,1.1722655060014522,1.1722655060014522
تاقه,1.1722640708636771,1.1722640708636771
زيرو اكسو,1.1722640708636771,1.1722640708636771
الخدمه زيرو,1.1722640708636771,1.1722640708636771
اكسو وهران,1.1722640708636771,1.1722640708636771
اخذت تاقه,1.1722640708636771,1.1722640708636771
مكسره الخدمه,1.1722640708636771,1.1722640708636771
تاقه مكسره,1.1722640708636771,1.1722640708636771
الم يكن,1.1720313804277618,1.1720313804277618
الاهم,-1.1712738819096837,1.1712738819096837
بوتف,-1.1706182436030463,1.1706182436030463
يدبر,-1.1704603725453684,1.1704603725453684
كنز,1.170406457507066,1.170406457507066
رزقها,-1.1685146656074432,1.1685146656074432
والا,-1.1676326336444895,1.1676326336444895
الشابه,-1.167586121269112,1.167586121269112
امير dz,-1.1675690341702711,1.1675690341702711
البلد,1.1675018175595915,1.1675018175595915
الاغتصابيه,1.167305898203313,1.167305898203313
انجازات ظهر,1.1672588192289226,1.1672588192289226
نسكن,-1.1666848515269033,1.1666848515269033
فالدار,1.1664853100833241,1.1664853100833241
كرهنا,1.1658118870637884,1.1658118870637884
اندهش,1.1649981962896987,1.1649981962896987
رفض,-1.1648119569264292,1.1648119569264292
مانيش قبايلي,1.164765897272134,1.164765897272134
الثقوب,-1.1635695484116846,1.1635695484116846
صاحبي,1.1631341366956345,1.1631341366956345
يسعدك,-1.162573650940768,1.162573650940768
اخير,-1.1625374420224055,1.1625374420224055
kho,1.1625021302029357,1.1625021302029357
القط,-1.1623905146469036,1.1623905146469036
بالف خير,-1.1623826215166082,1.1623826215166082
تزيدو,-1.1623536658176068,1.1623536658176068
بقره,1.1620234614616076,1.1620234614616076
هاي,-1.1619480798061539,1.1619480798061539
ماما,-1.1615657204920353,1.1615657204920353
زلزال بقوه,-1.1611770546406996,1.1611770546406996
لوقان,-1.1603144297399426,1.1603144297399426
صالحي,1.1601157334154224,1.1601157334154224
نعيمه صالحي,1.1601157334154224,1.1601157334154224
ينجحك,-1.1590946267417752,1.1590946267417752
عيان,1.1589623712302115,1.1589623712302115
منتجات,-1.1588758149208185,1.1588758149208185
يطلق,-1.1585561496407204,1.1585561496407204
بلاصتو,-1.1583333981991912,1.1583333981991912
مزيد,-1.1582965316970562,1.1582965316970562
تنفخ,1.15754182655596,1.15754182655596
سمير,-1.1575082715094125,1.1575082715094125
متقدرش,-1.157208799399448,1.157208799399448
يمد,1.1571812117069338,1.1571812117069338
سابق,-1.1570309938258077,1.1570309938258077
جا يديك,1.1569353763275587,1.1569353763275587
الثكنات,-1.1565239969025285,1.1565239969025285
لكبار,-1.1564813819906066,1.1564813819906066
ناس,-1.156279754677631,1.156279754677631
الكامله,1.1562126177673717,1.1562126177673717
رايتم,-1.1557701541612584,1.1557701541612584
البريطانيه,-1.1557251762336178,1.1557251762336178
الثمن,-1.1556822493924106,1.1556822493924106
امنيتك,-1.155581474130475,1.155581474130475
معانا 201,-1.1551405986577874,1.1551405986577874
غيرو,-1.1551196672259398,1.1551196672259398
كله,1.1551125241102382,1.1551125241102382
راسهم,1.15509678137809,1.15509678137809
الرجال,1.154432480488179,1.154432480488179
توكل,-1.1542662042858112,1.1542662042858112
فاميليا,1.1539085692532123,1.1539085692532123
نقطه البيع,-1.1538597087748808,1.1538597087748808
اكرمكم اله,1.1537802451909291,1.1537802451909291
وارواح معانا,-1.1534447139785744,1.1534447139785744
ينصر الحق,-1.153371197780561,1.153371197780561
اك,-1.1530283645991577,1.1530283645991577
روسنا,1.1529695472947479,1.1529695472947479
المسلحه,-1.1527933996514363,1.1527933996514363
الماء,1.152641116043288,1.152641116043288
لقيتو,-1.1523356027242961,1.1523356027242961
يتنحاوقاع,-1.1519649133466057,1.1519649133466057
ياهذا,1.151752641664958,1.151752641664958
قريب,1.151518333992896,1.151518333992896
يدافع ربراب,1.1506738819024698,1.1506738819024698
hadou,1.1501909469279417,1.1501909469279417
فتن,-1.149486262227544,1.149486262227544
فرحه,-1.1492475754116032,1.1492475754116032
الامر مستحيلا,1.1487748706936411,1.1487748706936411
يقولوا,1.1487169505042982,1.1487169505042982
الرحمان الرحيم,1.1476987817710789,1.1476987817710789
ايضا,-1.1475034825802783,1.1475034825802783
حرق,1.147371066098573,1.147371066098573
لحظه,1.1470304773146873,1.1470304773146873
سوق,1.1468803834418415,1.1468803834418415
عاش,1.1464353792380044,1.1464353792380044
جزايري,-1.146074981060889,1.146074981060889
رام,-1.1460529618170299,1.1460529618170299
اصل اندلسي,-1.145976682053835,1.145976682053835
كدب,1.1457342545863969,1.1457342545863969
يطلب,1.1449605302446855,1.1449605302446855
اتصل,-1.1448299191254072,1.1448299191254072
الله اعلم,-1.1445771381505716,1.1445771381505716
مركز,1.144559929712569,1.144559929712569
الان,-1.1437706510069263,1.1437706510069263
اله اله,-1.143541243056423,1.143541243056423
وسا,-1.1433600798625467,1.1433600798625467
نديرو,-1.1430593699649647,1.1430593699649647
هشام عبود,-1.1430040997782849,1.1430040997782849
عميل لفرنسا,1.1428923328934932,1.1428923328934932
روح اله,1.1428307662528656,1.1428307662528656
مبروك وربي,-1.1422234366118476,1.1422234366118476
الانترنت,-1.1416510131578432,1.1416510131578432
rahom,-1.1415426207239152,1.1415426207239152
كريم طابو,1.1414458632494142,1.1414458632494142
تحوس,1.1414315388635448,1.1414315388635448
يلبسو,-1.1410568058644024,1.1410568058644024
اكبر منافق,1.1410021194453865,1.1410021194453865
فريكو,1.1409557995150417,1.1409557995150417
مباشر,-1.140939678970491,1.140939678970491
يمكن,-1.1408889361244285,1.1408889361244285
للصفحه,-1.1407795195111197,1.1407795195111197
تحرك,1.1400592062882529,1.1400592062882529
بلاد الكفار,1.140009560609467,1.140009560609467
ماشكيتش,-1.1398550417260462,1.1398550417260462
النشر,-1.1391520801913049,1.1391520801913049
الجمله,1.1377924865282096,1.1377924865282096
rab,-1.1371247967986555,1.1371247967986555
تعطو,1.1366501670379008,1.1366501670379008
خص,1.136550267126658,1.136550267126658
غايا,1.1365235496800614,1.1365235496800614
حداد,1.1361309472984096,1.1361309472984096
اسيا,-1.1360431082302778,1.1360431082302778
اصله اسيا,-1.1360431082302778,1.1360431082302778
الفيس,-1.1357630828735568,1.1357630828735568
wlad,1.1357483382052742,1.1357483382052742
سلاح,1.1356420518603565,1.1356420518603565
روحوا,-1.1356220912665325,1.1356220912665325
راهوا,-1.1355355709800432,1.1355355709800432
اعتقل,-1.13526678848849,1.13526678848849
تحيا الجيش,-1.1351887394202567,1.1351887394202567
نظام ارهابي,1.1344707456235272,1.1344707456235272
شاب,1.1339381939028745,1.1339381939028745
ولد قحبه,1.1336822884420021,1.1336822884420021
حول,-1.1335121337890828,1.1335121337890828
هادوك,1.1332428184475667,1.1332428184475667
يحفظك ويسترك,-1.1331964393933995,1.1331964393933995
الله يرحم,-1.1331934745828582,1.1331934745828582
نقدرو,1.132892471616957,1.132892471616957
تظل,1.1325231401182208,1.1325231401182208
ga,1.131826613819777,1.131826613819777
خليفه,-1.1316218289848605,1.1316218289848605
خيرك,1.1314927414001719,1.1314927414001719
يعطيه الصحه,1.1311882065993102,1.1311882065993102
قلبو,1.1310424252380082,1.1310424252380082
لقبائل,-1.1305450536732742,1.1305450536732742
lah,-1.1303561569115401,1.1303561569115401
فعل,-1.1302388689571166,1.1302388689571166
هادا,1.1302122788278501,1.1302122788278501
الفقراء,1.1298838080439777,1.1298838080439777
رديتو,1.1295793221513175,1.1295793221513175
تجويع,-1.1295743555242606,1.1295743555242606
تقول ربراب,-1.129534983712056,1.129534983712056
نفتح,-1.1294206627387227,1.1294206627387227
بفعل,-1.1290804960809144,1.1290804960809144
بفعل فاعل,-1.1290804960809144,1.1290804960809144
algerois,1.1289654549431127,1.1289654549431127
ساكن,-1.1288183408179155,1.1288183408179155
كشما,1.1284511127034018,1.1284511127034018
ني,1.1280235978177287,1.1280235978177287
وكيف,1.1278795500361185,1.1278795500361185
ولايه ورقله,-1.1278271084691178,1.1278271084691178
ماده,1.1276423774049353,1.1276423774049353
تبوون,-1.127636809329862,1.127636809329862
harkis,1.1276241958588629,1.1276241958588629
الابطال,-1.1273085542730157,1.1273085542730157
كبش,1.1271889101359156,1.1271889101359156
يجو,-1.1264665916271404,1.1264665916271404
حداد سيدهم,1.126255510152127,1.126255510152127
الخزره,1.125885988225681,1.125885988225681
حقي,-1.1257785303600056,1.1257785303600056
سوريا,1.125576892045002,1.125576892045002
والدوله,-1.1255667592134435,1.1255667592134435
ودير,1.1254935970748188,1.1254935970748188
الخضر,-1.1253185459974637,1.1253185459974637
نحب,-1.125143227266639,1.125143227266639
ياامير,1.1246723343094194,1.1246723343094194
باغي,1.1245516438442993,1.1245516438442993
ملاير,1.1240451088966923,1.1240451088966923
الله يجيب,-1.1239276052930371,1.1239276052930371
قاره,-1.1236588583237104,1.1236588583237104
تخلاص,-1.1235535837713386,1.1235535837713386
جال,1.1234602235386704,1.1234602235386704
يهنيك,-1.1232886543429803,1.1232886543429803
اله يرحم,-1.1232217862653626,1.1232217862653626
حساء,-1.122254232304226,1.122254232304226
دي زاد,-1.121672928340992,1.121672928340992
عاشت,1.1213447288755227,1.1213447288755227
نعبده,-1.1210185819850964,1.1210185819850964
يغفر,-1.1207943421020718,1.1207943421020718
محاسبه,1.1207191921917272,1.1207191921917272
مولاك,-1.1207050119977553,1.1207050119977553
ورخيس,1.1206548102257605,1.1206548102257605
الانتفاضه,-1.1203808209069237,1.1203808209069237
الله,-1.120262781562875,1.120262781562875
العنصريه,1.1200278777446557,1.1200278777446557
معنديش,-1.1196465422153397,1.1196465422153397
كندور,-1.1194704880342419,1.1194704880342419
زيد,-1.1184174936454496,1.1184174936454496
شعب شكوبي,1.1179139184151385,1.1179139184151385
نفهم,-1.1177032286823552,1.1177032286823552
كليماتيزور,-1.117522837420009,1.117522837420009
واهدر,1.1170202597310899,1.1170202597310899
سويسري,-1.1167332400618712,1.1167332400618712
كونيناف سويسري,-1.1167332400618712,1.1167332400618712
ناس ملاح,1.116670349831822,1.116670349831822
الجسر,1.1166652822899656,1.1166652822899656
mazal,1.116422080843816,1.116422080843816
شرعيه,1.1162885705627101,1.1162885705627101
لف,-1.1161555370076586,1.1161555370076586
ولاو,-1.115993922475781,1.115993922475781
حقوق مسلوبه,-1.1157651441667542,1.1157651441667542
حراك,-1.1156751983497573,1.1156751983497573
السنه الرابعه,1.115595112245384,1.115595112245384
يو,-1.1152847942080788,1.1152847942080788
ديموقراطيه,-1.115067179062127,1.115067179062127
ونحن ناءمون,1.1140954973492787,1.1140954973492787
ناءمون,1.1140954973492787,1.1140954973492787
بكل جداره,-1.1139332883766944,1.1139332883766944
لحمه,1.113770737362199,1.113770737362199
المحلات,-1.113404260144005,1.113404260144005
الجميل,1.111850508480716,1.111850508480716
وطنا,1.1113723668172053,1.1113723668172053
مليوم,-1.1107393184267556,1.1107393184267556
الكيف,-1.1102184785358038,1.1102184785358038
مجتهد,-1.1099852390219205,1.1099852390219205
الوطني,-1.109671884129706,1.109671884129706
قالو,-1.109102547128959,1.109102547128959
تجار الجمله,1.1088041675376934,1.1088041675376934
فالسومه,1.108433236987885,1.108433236987885
جزايريين,1.1080060859567111,1.1080060859567111
القديم,-1.1077648954498815,1.1077648954498815
هها,-1.1077419359457343,1.1077419359457343
حبيبنا,1.1072036945759403,1.1072036945759403
حبيت نسقسيكم,-1.1071145968983174,1.1071145968983174
تغير,-1.1068196257680976,1.1068196257680976
الدنيا الاخره,1.1067146472955953,1.1067146472955953
المجرمين دياراس,1.1064753210614349,1.1064753210614349
منضمه ارهابيه,1.1064753210614349,1.1064753210614349
منضمه,1.1064753210614349,1.1064753210614349
عشاق,-1.1062890397790606,1.1062890397790606
خصو,1.1056006377392105,1.1056006377392105
واسكنه,-1.1055471408360176,1.1055471408360176
واسكنه فسيح,-1.1055471408360176,1.1055471408360176
نيك مها,1.1054747148233273,1.1054747148233273
والدباب,1.1053134562878766,1.1053134562878766
مرتو,-1.104656949108467,1.104656949108467
يحصلو,-1.104334543279476,1.104334543279476
يخرجون,1.1043175889886816,1.1043175889886816
وال,-1.1041865190974014,1.1041865190974014
فالعشريه السوداء,1.1040607822109043,1.1040607822109043
فالعشريه,1.1040607822109043,1.1040607822109043
فقيره,1.1035797846152606,1.1035797846152606
اديو,-1.1035485131639495,1.1035485131639495
اله غسيل,-1.1035098987403633,1.1035098987403633
خمي,1.1033400073557866,1.1033400073557866
سير,1.1032605314612678,1.1032605314612678
قالك,1.1030816998453534,1.1030816998453534
بقيه,-1.1029062487492198,1.1029062487492198
مبروك تستاهل,-1.1028172990845666,1.1028172990845666
الحكومات,-1.1027776286895807,1.1027776286895807
نهب,1.1027237342221308,1.1027237342221308
ايا,1.1026832256877703,1.1026832256877703
تاكيد,1.1020045585611928,1.1020045585611928
عقلهم,1.1015423963529458,1.1015423963529458
وينصرك,-1.101358998150051,1.101358998150051
حقو,-1.1009931211860389,1.1009931211860389
الفكره,1.100951095197177,1.100951095197177
الوكيل,-1.1006692476315845,1.1006692476315845
يغير,-1.1003584417673407,1.1003584417673407
بيدك,-1.100052504958788,1.100052504958788
اتحاد,-1.0997250165309862,1.0997250165309862
ترفع,1.0993973368311236,1.0993973368311236
حوالي,-1.0991666396503526,1.0991666396503526
اعترف,1.0991526193555172,1.0991526193555172
انصحك,-1.0984252346316588,1.0984252346316588
كلاب فرنسا,1.0980244180571406,1.0980244180571406
الماده,1.0964002031814448,1.0964002031814448
الحكمه,-1.0953615086746509,1.0953615086746509
اتق,-1.0949402294085315,1.0949402294085315
نص,1.0947947869846424,1.0947947869846424
نسال,-1.0945408251660953,1.0945408251660953
غلق الحدود,-1.0943589967894418,1.0943589967894418
عكس,1.0939073370199166,1.0939073370199166
والسعيد,1.0936742036590528,1.0936742036590528
نعبد اله,-1.0936448645347676,1.0936448645347676
تنوفيق,1.0935001868653915,1.0935001868653915
الحل الوحيد,1.0929368735451983,1.0929368735451983
هاكدا,-1.0922424233264452,1.0922424233264452
موته,1.092207608342671,1.092207608342671
شيطانكم,1.092051107122646,1.092051107122646
تخفيض,-1.0916798902867528,1.0916798902867528
روح دير,1.09132041806097,1.09132041806097
ولاد الحركي,1.0909700753232403,1.0909700753232403
باعو البلاد,1.0909047769109663,1.0909047769109663
ابي,-1.090748619908096,1.090748619908096
كلب فرانسا,1.090645162465783,1.090645162465783
لهذوك,-1.0905773489860089,1.0905773489860089
وتكون,-1.0903895532779817,1.0903895532779817
الهواء,-1.0902858352335214,1.0902858352335214
نسمع,-1.0901177454203228,1.0901177454203228
يزوجو,1.089982787854615,1.089982787854615
نصيبهم,-1.0899705569213338,1.0899705569213338
الاروبي,-1.0898377452138206,1.0898377452138206
الاتحاد الاروبي,-1.0898377452138206,1.0898377452138206
تلقي,-1.0896742775960833,1.0896742775960833
الجيش,-1.0896536026113761,1.0896536026113761
ديقاج,-1.089345741035773,1.089345741035773
يعرف,-1.0892573925699198,1.0892573925699198
الحاجه الوحيده,-1.0892059885931091,1.0892059885931091
الوحيده,-1.0892059885931091,1.0892059885931091
بلعيز,-1.0889591809819417,1.0889591809819417
عشت,-1.0887219715583918,1.0887219715583918
هدا النضام,-1.0882405808363982,1.0882405808363982
توضيف,1.0881837121620583,1.0881837121620583
تقال,-1.0868508636168739,1.0868508636168739
تجي,1.0868374472637825,1.0868374472637825
برا,-1.0867393999989305,1.0867393999989305
اوكي,-1.0863781131416743,1.0863781131416743
لكنكم,1.0862499939982961,1.0862499939982961
زايد,1.0861314493545313,1.0861314493545313
الحقيقه,1.0858237310000471,1.0858237310000471
مهدرتش,-1.0857626752854892,1.0857626752854892
الهم امين,1.0857278632623233,1.0857278632623233
زيدو,1.0857229636992538,1.0857229636992538
ويحترم,1.0855896884141383,1.0855896884141383
كومنتار,1.0851284844813225,1.0851284844813225
حافله,-1.0843242938634734,1.0843242938634734
يسقط,1.0837768687638556,1.0837768687638556
نخرجو,1.0835782744831963,1.0835782744831963
وماذا,1.0830648101936582,1.0830648101936582
يغنيك,1.0828098957204308,1.0828098957204308
حركه المرور,-1.0826535359629383,1.0826535359629383
براس,1.0826433000968299,1.0826433000968299
تخرا,1.0825508441545844,1.0825508441545844
السلطان,-1.0823100817076265,1.0823100817076265
رجل الاعمال,1.0821294967760187,1.0821294967760187
ربراب ياو,1.081950742647856,1.081950742647856
يشوف,1.0812170900858655,1.0812170900858655
ابليس,-1.0806907980478662,1.0806907980478662
الاسلام,1.080633190727328,1.080633190727328
الوجه,1.0805787233904578,1.0805787233904578
نستفسر,-1.0803396927618372,1.0803396927618372
خلصتي,-1.0798720155099273,1.0798720155099273
رفيعه,-1.0798018594847347,1.0798018594847347
البلاد,-1.079070248686507,1.079070248686507
غاضهم,-1.0786908319398933,1.0786908319398933
املاق,-1.0783471515539949,1.0783471515539949
نزيدلك حاجه,1.0780790383260621,1.0780790383260621
نبيع المنتج,-1.077718354625367,1.077718354625367
ولايه جيجل,-1.077018088654465,1.077018088654465
عندو مشاريع,1.0766502165574028,1.0766502165574028
المنطق,-1.0764517970407899,1.0764517970407899
طاجين,-1.0763732154241756,1.0763732154241756
داعي,-1.0762711482056646,1.0762711482056646
خدامين,-1.0761401125310235,1.0761401125310235
جاب,1.0758899073343848,1.0758899073343848
وفاق,-1.0757737512741785,1.0757737512741785
جيت,1.0753207425633877,1.0753207425633877
القذره,1.0749480950223222,1.0749480950223222
يكونو,-1.0742218075901526,1.0742218075901526
يرحم الشهداء,-1.0738484895939004,1.0738484895939004
فالخارج,1.0737749610107759,1.0737749610107759
تجد,-1.0735141989102956,1.0735141989102956
المطالبه,-1.0735031278316072,1.0735031278316072
لصالح,1.0732296995026138,1.0732296995026138
مافيهش,-1.0730531907665566,1.0730531907665566
رحم,1.0726689339970674,1.0726689339970674
ثمنها,-1.0724121671701201,1.0724121671701201
يهود,1.0721964442073992,1.0721964442073992
هدرت,-1.0721618459630826,1.0721618459630826
فتعليقات,-1.0717065623666204,1.0717065623666204
والشرعيه,1.0715050737334098,1.0715050737334098
السرعه,-1.0708887489302468,1.0708887489302468
جابلي ربي,-1.0706935973864729,1.0706935973864729
اولادهم,-1.0703068220291945,1.0703068220291945
الحكايه,-1.0701613439423805,1.0701613439423805
فرانسا,1.0700012791573648,1.0700012791573648
يحاسبو,1.069185948645817,1.069185948645817
الفشل,1.0686107183665616,1.0686107183665616
امور,1.0674792795309251,1.0674792795309251
تجار,1.0673982590269033,1.0673982590269033
اله يحفظكم,-1.067130560146979,1.067130560146979
الشعب الجزائري,-1.0664205133403717,1.0664205133403717
اتبعوا,1.0662077620893102,1.0662077620893102
المساواه الرجل,-1.0660842249899125,1.0660842249899125
الرجل المراه,-1.0660842249899125,1.0660842249899125
بوراوي المساواه,-1.0660842249899125,1.0660842249899125
بوراوي,-1.0660842249899125,1.0660842249899125
طرف,1.0647904143142712,1.0647904143142712
الطفل,-1.0645894786740198,1.0645894786740198
همك,-1.064391815220102,1.064391815220102
العداله,-1.064351515858531,1.064351515858531
كغ,-1.0634298895792607,1.0634298895792607
دير جام,-1.0630589942883562,1.0630589942883562
توظيف,1.0629834338756794,1.0629834338756794
تماك,-1.0629446454761917,1.0629446454761917
كارطه,-1.0626502270189615,1.0626502270189615
راءع,-1.0623802365205226,1.0623802365205226
يجازيك استاذ,1.0621479879311335,1.0621479879311335
للجزائر,-1.0620979350729949,1.0620979350729949
الخطاب,-1.0617065921980589,1.0617065921980589
يهديهم,-1.0615760413242517,1.0615760413242517
الجزاءير,-1.061387635338539,1.061387635338539
علبالك,1.061308807789381,1.061308807789381
البترول والغاز,-1.0608437947316014,1.0608437947316014
خاوتك,-1.0603596273769709,1.0603596273769709
ادا,-1.0598354937814993,1.0598354937814993
دليل,-1.0596292588403655,1.0596292588403655
حابسين,-1.0595960859821882,1.0595960859821882
مكيف,-1.0595671937457272,1.0595671937457272
très,1.0594620659589595,1.0594620659589595
جاري,1.0591173525283977,1.0591173525283977
شريتو,-1.0587459176543519,1.0587459176543519
علي,1.0587098816671068,1.0587098816671068
يروحو,-1.0585962666403157,1.0585962666403157
تاوعك,-1.058595871483966,1.058595871483966
الهدايا الخاصه,-1.0580873815583074,1.0580873815583074
الموعد,1.0579668700847953,1.0579668700847953
كاذبه,1.057717355000916,1.057717355000916
ربراب ربراب,-1.0575146841554717,1.0575146841554717
حياك اله,-1.0562507582827318,1.0562507582827318
فرصه,-1.0558798762373376,1.0558798762373376
واكبر,1.0557040599610483,1.0557040599610483
عمرك,1.0554153964139914,1.0554153964139914
كلي,-1.055158251457922,1.055158251457922
وشكر,-1.0550254165018271,1.0550254165018271
بذات,1.0549193792940377,1.0549193792940377
خلق,-1.0545023055421008,1.0545023055421008
يقول حامض,-1.0544486971047302,1.0544486971047302
اعاده,-1.0540996119226784,1.0540996119226784
الله يرحمو,-1.0540278574063302,1.0540278574063302
الفورنو,1.0537960667653188,1.0537960667653188
تقتلو اولادكم,-1.0536797146951573,1.0536797146951573
اعتذر,-1.0535763112644396,1.0535763112644396
الشكاره الكاوكاو,-1.0534122408851991,1.0534122408851991
لاجل,1.0533951355966875,1.0533951355966875
امين امين,-1.053164359025499,1.053164359025499
الغربيه,-1.0531605901991488,1.0531605901991488
نيكوهم,1.0531071494656712,1.0531071494656712
الصراع,-1.0530144319510144,1.0530144319510144
تبدل,-1.0527485864442836,1.0527485864442836
النيك,1.0521826745526623,1.0521826745526623
الحريه,-1.0520151252576357,1.0520151252576357
واصل,-1.0518951928803213,1.0518951928803213
المهلبيه,-1.0515096695661408,1.0515096695661408
فاسيليتي,-1.0512257716222373,1.0512257716222373
والسعر,-1.0509885324876147,1.0509885324876147
شراء,-1.050700762775638,1.050700762775638
ايجيب,-1.0504491658071944,1.0504491658071944
صعيب,1.0503838805349022,1.0503838805349022
ويعرفون,-1.0500324556566056,1.0500324556566056
يفهمها,-1.0499486371467965,1.0499486371467965
عرفته,1.0492639081302273,1.0492639081302273
حضر,-1.0491080109995705,1.0491080109995705
طريقه,-1.0490661511209913,1.0490661511209913
حاطين,-1.0488885651251574,1.0488885651251574
يديهم,1.0488043864030479,1.0488043864030479
نيك عمري,1.048360286118545,1.048360286118545
عبان رمضان,1.0476082381305303,1.0476082381305303
عبان,1.0476082381305303,1.0476082381305303
الاحرار دوله,-1.047546055222696,1.047546055222696
الله يرحمه,-1.0473638933865386,1.0473638933865386
صحيحا,-1.0471467925420535,1.0471467925420535
المستورد,-1.0471398010319217,1.0471398010319217
الجبال,-1.0470575595861253,1.0470575595861253
ماتو,-1.0470071038449327,1.0470071038449327
تشوفوا,1.0466788540367844,1.0466788540367844
الصوارد,1.046559788264883,1.046559788264883
الماتش,-1.0465413800078203,1.0465413800078203
يبحث,1.0464564075674616,1.0464564075674616
تحب,-1.04644826427607,1.04644826427607
مخ,1.0458980423640292,1.0458980423640292
عديده,-1.045635070220493,1.045635070220493
اعلي,1.0455528282970208,1.0455528282970208
ليها,1.0452527696052007,1.0452527696052007
اله يسلمك,-1.045081887319642,1.045081887319642
فايسبوك,-1.0450388062820688,1.0450388062820688
الله العظيم,-1.044492146612532,1.044492146612532
نتبع,-1.0443370208387923,1.0443370208387923
يطيح,1.043577236517567,1.043577236517567
ياا,-1.043541872197579,1.043541872197579
جزاءر,-1.043387222449319,1.043387222449319
لحد,-1.043230023800582,1.043230023800582
طيب,1.0426318671763448,1.0426318671763448
مالفتنه,1.0425712221501182,1.0425712221501182
لطفك يارب,1.0423691986660242,1.0423691986660242
يكتب,-1.0423321573911604,1.0423321573911604
الزرقاء,1.0423075242957662,1.0423075242957662
الارهابيين,-1.0421209126300568,1.0421209126300568
رائع,-1.0418612364771624,1.0418612364771624
بلجمعه,1.041456848683708,1.041456848683708
nعلابالي,-1.0408539037169093,1.0408539037169093
حسبيا الله,1.0406386729021586,1.0406386729021586
بنظام,-1.0405133616641342,1.0405133616641342
اناقه,-1.0403431679477748,1.0403431679477748
ادي,1.0402111335828346,1.0402111335828346
ماتنساش,-1.0399861795943652,1.0399861795943652
السراق سراق,1.0399598353574244,1.0399598353574244
لحبس,-1.0397863091691772,1.0397863091691772
رزقهم,-1.039774527073911,1.039774527073911
صفقه,1.0395802523294242,1.0395802523294242
تخرج,-1.0395785053118318,1.0395785053118318
نسيتوها,1.03956922904921,1.03956922904921
رد,-1.039481738135815,1.039481738135815
يغلق,1.0382192148535165,1.0382192148535165
شانك,1.0381522559598662,1.0381522559598662
عاوني,1.037991255123626,1.037991255123626
وملال,-1.0377963101576362,1.0377963101576362
قدر,1.037702107581261,1.037702107581261
بهدلتو بينا,1.03729757332759,1.03729757332759
اله يرحمه,-1.0371428351689287,1.0371428351689287
الفكري,1.0368889801188534,1.0368889801188534
chkoun,-1.0367663992172464,1.0367663992172464
كبيرا,1.0366753007221958,1.0366753007221958
ياخي شعب,-1.0364420324294823,1.0364420324294823
تكبر,-1.0362633865220534,1.0362633865220534
المسلمون,-1.0359512195574159,1.0359512195574159
حروف,1.0352587375823543,1.0352587375823543
باه تجيب,-1.03507229629843,1.03507229629843
تعمل,-1.0349609844384782,1.0349609844384782
نيك ماتكم,1.0347796909724756,1.0347796909724756
فور,-1.0345734318140734,1.0345734318140734
خاطني,-1.0344925659811581,1.0344925659811581
الاخيره,1.0343073168510704,1.0343073168510704
التحكم,-1.0334065262938676,1.0334065262938676
تقلق,-1.0332744910057106,1.0332744910057106
ربي يفرحك,1.0330436993331795,1.0330436993331795
وتحيا,-1.032233712226476,1.032233712226476
تبات,-1.0321801292119155,1.0321801292119155
سب,-1.0320459499498373,1.0320459499498373
حاب يولي,1.031980857320506,1.031980857320506
شهيه,-1.031873595290123,1.031873595290123
شوي,-1.0314335742884901,1.0314335742884901
تسقط المافيا,-1.0313985696399766,1.0313985696399766
ليسو,-1.0311626803600185,1.0311626803600185
اخذت,-1.0305952216027099,1.0305952216027099
اله يلعنكم,1.0305638374451551,1.0305638374451551
ماك,1.0303449200347197,1.0303449200347197
بساطه,-1.0302269857598998,1.0302269857598998
سلمي,-1.0298601707249404,1.0298601707249404
اشفي,-1.02918760320592,1.02918760320592
موقف,-1.0290908050748273,1.0290908050748273
الفاجره,1.0287482072840715,1.0287482072840715
باه تحكي,-1.0286710582180898,1.0286710582180898
خط,-1.0282360502934933,1.0282360502934933
حسناتك,1.028221874735462,1.028221874735462
تصل,1.0279245337568919,1.0279245337568919
بالرغم اني,-1.0277898086060453,1.0277898086060453
كمال,1.0277658830764456,1.0277658830764456
فاهم,1.0276646574577695,1.0276646574577695
والاحترام,-1.027642992155495,1.027642992155495
جمعه,-1.0267732137996912,1.0267732137996912
شيء اسمه,1.0267383838847417,1.0267383838847417
حبيبتي,1.0263890336465622,1.0263890336465622
نفرضو,1.0263637463261668,1.0263637463261668
منيش قبايلي,-1.0261947605161,1.0261947605161
يستاهلو,1.0254280714151138,1.0254280714151138
ضد,1.0253544542484272,1.0253544542484272
عنصريين,1.0253121061599721,1.0253121061599721
الحل,1.0252206566703457,1.0252206566703457
نزيدو,1.025059909332158,1.025059909332158
اموات المسلمين,1.0244331634056778,1.0244331634056778
السكان,-1.0244320935797377,1.0244320935797377
المسءول,-1.0241175112781582,1.0241175112781582
يشفي مريض,-1.024091921021893,1.024091921021893
حاجه فور,-1.023574474438148,1.023574474438148
fils,1.0234585109919025,1.0234585109919025
فري فاير,-1.0232986592383442,1.0232986592383442
لملاير,1.0228353620819903,1.0228353620819903
امي,1.0223888793636384,1.0223888793636384
الصحافه الحره,-1.0219156578727613,1.0219156578727613
استمرو,1.0215896751964764,1.0215896751964764
عرب,1.0214319198102597,1.0214319198102597
بالامس,-1.021371582791641,1.021371582791641
الدراهم,-1.0209523251961845,1.0209523251961845
زواوله,1.020796957664491,1.020796957664491
تخم,1.0206348965645908,1.0206348965645908
والحق,-1.0205916768372727,1.0205916768372727
العفن الاغتصابيه,1.0205529046191733,1.0205529046191733
العسكريه مخابارات,1.0205529046191733,1.0205529046191733
ربهم,-1.020527293304276,1.020527293304276
الحمد نعمه,-1.0203355922602761,1.0203355922602761
شهاده الضمان,-1.0201121462534113,1.0201121462534113
نرزقهم واياكم,-1.019900581783591,1.019900581783591
والشعب,1.0198591673808783,1.0198591673808783
صاحب المنشور,1.01981819898572,1.01981819898572
نديرهم كامل,1.0198063342668688,1.0198063342668688
الطرول,-1.0197316942927772,1.0197316942927772
حا,1.019382966082175,1.019382966082175
البخص,1.0193633971952083,1.0193633971952083
متلعبش,-1.0193431655439773,1.0193431655439773
كلغ,-1.0192807323925295,1.0192807323925295
قستها فرار,-1.0185834210278948,1.0185834210278948
ربراب يدخل,-1.0183356346556287,1.0183356346556287
محترم,1.0183322997414432,1.0183322997414432
فاقو,-1.0182379205307022,1.0182379205307022
سويسرا,-1.017922106450406,1.017922106450406
التواصل,-1.0177511608244652,1.0177511608244652
جده,-1.017485025876324,1.017485025876324
قامت,-1.0174539984545061,1.0174539984545061
للمواطن,1.0171519570869838,1.0171519570869838
والله خير,1.0165924474750991,1.0165924474750991
ويمكر الله,1.0165924474750991,1.0165924474750991
قناوات,-1.0160672619710032,1.0160672619710032
خاوتنا,-1.0160289209509423,1.0160289209509423
ديزاد,1.0157091357866896,1.0157091357866896
رايحين,-1.0153505013018003,1.0153505013018003
ماخلق,-1.0150380291687928,1.0150380291687928
يهدي ماخلق,-1.0150380291687928,1.0150380291687928
محمر,-1.0147761924160512,1.0147761924160512
ولايات,1.0147444988136727,1.0147444988136727
بعدها,-1.0146809130047074,1.0146809130047074
الناس,1.0142996242969258,1.0142996242969258
وكريم طابو,1.0135037493175476,1.0135037493175476
الفسق,1.012816284423987,1.012816284423987
اعطولي,-1.0127703147290772,1.0127703147290772
طلبك,-1.0127313628817451,1.0127313628817451
باله,-1.0122681314439312,1.0122681314439312
هنيءا,-1.0116961003971514,1.0116961003971514
الرقم الاخضر,-1.0112783905742173,1.0112783905742173
سبور,1.010142668519937,1.010142668519937
والبيض,1.0101211824768621,1.0101211824768621
تريد,-1.0098013291293353,1.0098013291293353
سيد,1.0096290954078468,1.0096290954078468
تاجر,-1.0089420785947198,1.0089420785947198
هدف,-1.0086971777829852,1.0086971777829852
si,1.0082036458423713,1.0082036458423713
الفاسده,-1.0080036850994547,1.0080036850994547
معاناه الشعب,1.0071955479262804,1.0071955479262804
المغاربيه,1.0068128628068163,1.0068128628068163
ربي ينتقم,1.0065927147004783,1.0065927147004783
البطوله,-1.0063664698242334,1.0063664698242334
تاحم,1.0061833415665191,1.0061833415665191
اصحابه,-1.0061645190956159,1.0061645190956159
بارك اله,-1.0058797211511976,1.0058797211511976
الموجوده,-1.0058110892257426,1.0058110892257426
يمكرون يمكر,-1.0053510906797858,1.0053510906797858
يمكرون,-1.0053510906797858,1.0053510906797858
التجار,1.005215432646764,1.005215432646764
اندلاع,1.005138995283764,1.005138995283764
بوصباع,1.0051286862245745,1.0051286862245745
يهمها,-1.005070277101087,1.005070277101087
راهو خايف,1.0050230295618672,1.0050230295618672
التصويره,-1.0047512877901421,1.0047512877901421
لتوفيق,1.0046553809906307,1.0046553809906307
bts,1.0043999888284043,1.0043999888284043
الله يسلمك,-1.0041940772093882,1.0041940772093882
الخير ويومك,-1.0039948256942992,1.0039948256942992
ويومك,-1.0039948256942992,1.0039948256942992
نميلو,-1.003959793872517,1.003959793872517
لخرين,-1.003903650705746,1.003903650705746
طبق,-1.0037677073086835,1.0037677073086835
يفرق,1.0034687070543555,1.0034687070543555
المناطق,-1.0031087899356361,1.0031087899356361
خيرات,-1.0024468564337854,1.0024468564337854
العزيزه,-1.0023900293033214,1.0023900293033214
بنعم,1.0018281827705524,1.0018281827705524
العكس,-1.0009082510943408,1.0009082510943408
فكيف,1.0007287335466608,1.0007287335466608
الاسره,-0.9997996069291211,0.9997996069291211
dzayer,0.9995014178979745,0.9995014178979745
السماء,-0.9994462329597625,0.9994462329597625
حره مستقله,-0.9993784130563828,0.9993784130563828
بالخف,-0.9985455252638755,0.9985455252638755
nass,0.99814331564059,0.99814331564059
الصدقه,-0.9976790943890632,0.9976790943890632
تحيه كبيره,-0.997601878639583,0.997601878639583
عذاب اليم,-0.9967751679932741,0.9967751679932741
يمشي,-0.9964006298114472,0.9964006298114472
بسبب,0.996338873677024,0.996338873677024
سراحه,0.9963165168708067,0.9963165168708067
يدوها,-0.9961402180322243,0.9961402180322243
التويت,-0.9959611696385098,0.9959611696385098
يخلطوها,0.9954310273025074,0.9954310273025074
اد,-0.9942852027273572,0.9942852027273572
الجهويه,0.994224387933294,0.994224387933294
ظرف,-0.9939735027091391,0.9939735027091391
فايت,0.9937275808967059,0.9937275808967059
اضعاف,-0.9932594669631121,0.9932594669631121
وشعب,-0.9928601790526033,0.9928601790526033
ابا,0.9927793844543108,0.9927793844543108
تخمم,0.9919904118466657,0.9919904118466657
ساهم,0.9915856881577236,0.9915856881577236
مابعد البيع,-0.9913491999184989,0.9913491999184989
مصيبه,-0.9910547431732576,0.9910547431732576
يجي يركب,0.9903628139860334,0.9903628139860334
ماتش,-0.9897742074120747,0.9897742074120747
خرجتلي,-0.9896229555870215,0.9896229555870215
وعدم,-0.9883116738117005,0.9883116738117005
الدار,-0.9881226029736924,0.9881226029736924
مربي,0.9880310728811614,0.9880310728811614
يوحد,0.9879075666912248,0.9879075666912248
تقل,-0.987876378622792,0.987876378622792
المعاني,-0.9878642744720886,0.9878642744720886
مجاني,-0.987516506449952,0.987516506449952
بلادنا,-0.986604944488766,0.986604944488766
اشهار,-0.9865504268718079,0.9865504268718079
معيشه,0.9865075684285345,0.9865075684285345
يعترف,-0.9855144929948807,0.9855144929948807
المنهوبه,-0.985317558653074,0.985317558653074
الخريه,0.9853091175965039,0.9853091175965039
الوناس,-0.9851721011145694,0.9851721011145694
معطوب الوناس,-0.9851721011145694,0.9851721011145694
دا,0.9850763414158337,0.9850763414158337
كسر الحراك,-0.9844112236996909,0.9844112236996909
للتطبيع,0.9843163013326065,0.9843163013326065
سعوديه,-0.9842062770269216,0.9842062770269216
المستهلك,-0.9833283085317186,0.9833283085317186
عرفته البشريه,0.9831860239961885,0.9831860239961885
يتناطحو,-0.9830028398817977,0.9830028398817977
عمل,-0.9828675657769756,0.9828675657769756
السردين,-0.9825648951774323,0.9825648951774323
شريفه,0.9822150594877851,0.9822150594877851
تعيشي,-0.9820356851655124,0.9820356851655124
المحل,-0.9805517031420156,0.9805517031420156
ياتي,0.9804757280198788,0.9804757280198788
سمحت,0.980452146581778,0.980452146581778
امبعد,0.9800261530106127,0.9800261530106127
حرا,-0.9796668163807185,0.9796668163807185
لقد,-0.9794466586826343,0.9794466586826343
اعطيني وجهك,0.9789164737570116,0.9789164737570116
للبيع,-0.9788029990170928,0.9788029990170928
وسطهم,0.9785785559319048,0.9785785559319048
العبد,-0.9785303541518396,0.9785303541518396
التابعه,-0.9783138765425925,0.9783138765425925
التقدم,-0.9782016202069568,0.9782016202069568
صراح ربراب,-0.9777704856995671,0.9777704856995671
منتجاتنا,-0.9773259471723843,0.9773259471723843
يدعون,0.9772656680731555,0.9772656680731555
bina,-0.9770707445927314,0.9770707445927314
الله يعطيكم,0.976539558667863,0.976539558667863
الثروه,0.9764859515062186,0.9764859515062186
مايخاف,-0.976065983079978,0.976065983079978
عادي,-0.9758960060259906,0.9758960060259906
الاصلي,-0.9755695346117303,0.9755695346117303
صورك,0.9752031873469449,0.9752031873469449
تعود,-0.9750858221698362,0.9750858221698362
انكم,0.974959306046587,0.974959306046587
اخدم,-0.9745109279242233,0.9745109279242233
وقت الصح,-0.9744361031359046,0.9744361031359046
واللي,0.974434185647667,0.974434185647667
صعيبه,-0.9744148492287819,0.9744148492287819
تما,-0.9740051862132635,0.9740051862132635
وقريب,-0.9735359011684558,0.9735359011684558
عمار غول,0.9735167718862343,0.9735167718862343
خياتكم,0.9731738705608126,0.9731738705608126
الحرس,0.9731540864397141,0.9731540864397141
الظن,-0.9730735734521793,0.9730735734521793
العام,-0.9729077912575165,0.9729077912575165
شعب دوله,0.9727350170658264,0.9727350170658264
منهم نساء,-0.972635088489337,0.972635088489337
يسخر قوم,-0.972635088489337,0.972635088489337
قوم قوم,-0.972635088489337,0.972635088489337
منهن,-0.972635088489337,0.972635088489337
يسخر,-0.972635088489337,0.972635088489337
نساء نساء,-0.972635088489337,0.972635088489337
يكتبها,0.9722142436687191,0.9722142436687191
مواقف,-0.9718266097883193,0.9718266097883193
نار,0.9718093985666255,0.9718093985666255
نقاط بيع,-0.971392864378235,0.971392864378235
قله,-0.970888009228915,0.970888009228915
غيرهم,0.9702115814415306,0.9702115814415306
حبيت نفهم,-0.9701277527436205,0.9701277527436205
وجود الواقع,0.9695626130976389,0.9695626130976389
مستمر,-0.9694290019308259,0.9694290019308259
ميزاب,0.9689272033762215,0.9689272033762215
نسا,0.968817583643515,0.968817583643515
وسعيد بوتفليقه,0.9687329605419939,0.9687329605419939
راتب,0.9680653904449622,0.9680653904449622
السلام ورحمه,0.968001938410798,0.968001938410798
والنجاح,-0.9676984627317583,0.9676984627317583
اويحي,-0.9676391781416412,0.9676391781416412
الابرار,-0.9675832984260032,0.9675832984260032
سرق اموال,0.9673855359354067,0.9673855359354067
الفتنه,0.9673407333969133,0.9673407333969133
هبط,0.9669956125117467,0.9669956125117467
بالفرنسيه,0.9667168882010818,0.9667168882010818
ودي,-0.9663860044343866,0.9663860044343866
واحيانا,-0.9662114434617155,0.9662114434617155
بعدنا,-0.9660129867689291,0.9660129867689291
امير اشرف,0.9658480569238362,0.9658480569238362
طبخ,-0.9647547306687727,0.9647547306687727
يحكيها,-0.9645166627469355,0.9645166627469355
روح نيكمك,0.9645134999717331,0.9645134999717331
احلي,-0.9640509118816593,0.9640509118816593
ياوليد,0.964037742358305,0.964037742358305
تحسب,-0.9638847714329243,0.9638847714329243
يقضي,-0.9637878489904705,0.9637878489904705
كرشو,0.9635204377826386,0.9635204377826386
فايق,-0.9634574833155746,0.9634574833155746
جيها,-0.9633383670159295,0.9633383670159295
فانتم,0.9622221903346571,0.9622221903346571
متخافش,-0.9618781570377437,0.9618781570377437
روح ترقد,-0.9615240412434717,0.9615240412434717
وجده,0.9613434822110638,0.9613434822110638
بيان,0.9608808826438386,0.9608808826438386
والسلام,-0.9607974908422704,0.9607974908422704
اله وحده,-0.9607054674247841,0.9607054674247841
يبقوا,0.9597693043062567,0.9597693043062567
الكاوكاو,-0.959502048728155,0.959502048728155
الاخوه كونيناف,-0.959467748912742,0.959467748912742
وفل,0.9594403177302714,0.9594403177302714
دالتك,0.9587736306191421,0.9587736306191421
اسمع,0.9586248352150099,0.9586248352150099
اتقي اله,-0.958539409446941,0.958539409446941
البنات,-0.9585058336566996,0.9585058336566996
صبحت,0.9582557407744707,0.9582557407744707
عالمي,-0.9581564903102187,0.9581564903102187
طرول,0.95804240355892,0.95804240355892
الاعدام,0.9578944623912065,0.9578944623912065
ماشي ربراب,0.9567829221901831,0.9567829221901831
وفقك اله,-0.9564460806546281,0.9564460806546281
لبارح,-0.956438234137752,0.956438234137752
الافضل,0.9563575611123235,0.9563575611123235
اسلاميه,-0.9558654409354564,0.9558654409354564
حكموك,0.9558582746994576,0.9558582746994576
يتدخل,-0.9556799655061702,0.9556799655061702
بركه,-0.9555856743638064,0.9555856743638064
بطار,0.9552138357644678,0.9552138357644678
زوالي,0.954672445901186,0.954672445901186
كع,-0.9545978868559051,0.9545978868559051
الخدمات,-0.9544213644448952,0.9544213644448952
شاءاله,-0.9542921606121053,0.9542921606121053
تبيعو,-0.9539560570743217,0.9539560570743217
راجلك,0.9536072163367151,0.9536072163367151
اماكن,0.9535231120482294,0.9535231120482294
نسبو,0.9534051102641269,0.9534051102641269
بالعمليه,-0.952389754780464,0.952389754780464
حكايتك,0.95142803094254,0.95142803094254
استغفر,-0.9513780735196479,0.9513780735196479
يحصل,0.9513074268137821,0.9513074268137821
العصور,-0.951047986028179,0.951047986028179
يكن,0.9509490888775706,0.9509490888775706
يحوسو,-0.9508376846783233,0.9508376846783233
هدوك,-0.9507236725780401,0.9507236725780401
ولهم,-0.9506882372803906,0.9506882372803906
الجنه رب,0.9503415312147788,0.9503415312147788
تقتلوا,-0.9502829254186705,0.9502829254186705
تقتلوا اولادكم,-0.9502829254186705,0.9502829254186705
هاذا,-0.950148775041721,0.950148775041721
جدد,-0.9497641513502875,0.9497641513502875
نسيتي,-0.9495924755158396,0.9495924755158396
وليد قحبه,0.9492934862840071,0.9492934862840071
وطنه,-0.9491810685196754,0.9491810685196754
بوصبع لبغل,0.9490476144672526,0.9490476144672526
لبغل,0.9490476144672526,0.9490476144672526
اخي امير,-0.9484815896258068,0.9484815896258068
طيبه,-0.9482644291148274,0.9482644291148274
واليوم,-0.9479542116980807,0.9479542116980807
babak,0.9475446762498371,0.9475446762498371
تتمنى,0.9472008765586063,0.9472008765586063
واله,-0.947104401982355,0.947104401982355
بوك,-0.9470796647072582,0.9470796647072582
الجيش الشعبي,0.9467779792549387,0.9467779792549387
نطلبو,0.9466952097228075,0.9466952097228075
الشركه,-0.9463080458692956,0.9463080458692956
الدياراس,0.9452658944835507,0.9452658944835507
يحفضك استاذ,0.9452645168168766,0.9452645168168766
تبسه,-0.9451651351510018,0.9451651351510018
روحك الشعب,0.9451287873539044,0.9451287873539044
تمر عبر,-0.9443145855834973,0.9443145855834973
ارتفاع الاسعار,0.9440251487997954,0.9440251487997954
الجزاءرين,0.9435996883786271,0.9435996883786271
ينعلكم وينعل,0.9435985410135194,0.9435985410135194
وجهك صحيح,0.9432753135270568,0.9432753135270568
عزوجل,0.9428131324395472,0.9428131324395472
معجبوش,0.942789405061764,0.942789405061764
الفوق,-0.9424870627926024,0.9424870627926024
جي,-0.9424578815159658,0.9424578815159658
البارح,0.9423408419296716,0.9423408419296716
شرفاء,-0.942156886696121,0.942156886696121
شحال دار,0.9417787147187135,0.9417787147187135
يمات,-0.9416071680990469,0.9416071680990469
المجال,0.9414109971547197,0.9414109971547197
خلوه,-0.9412007492217733,0.9412007492217733
حاصل,-0.9409378719213822,0.9409378719213822
امين يارب,-0.9404472474740525,0.9404472474740525
محبش,-0.9402681565527317,0.9402681565527317
لكل الاحرار,-0.9402133924981706,0.9402133924981706
نهدر,-0.9397931255631754,0.9397931255631754
جنرالات,0.9396237384195195,0.9396237384195195
مقاطع,-0.9390501713451803,0.9390501713451803
دخله,0.9389191359571881,0.9389191359571881
اله تعالي,0.938868833539742,0.938868833539742
بالفعل,0.9387183228193637,0.9387183228193637
طمعا,0.9386039656532403,0.9386039656532403
وديما,-0.9379714055135007,0.9379714055135007
وديما عقابهم,-0.9379714055135007,0.9379714055135007
قرار,0.9379326079810444,0.9379326079810444
فقولك,0.936802876569821,0.936802876569821
الرزق ربي,-0.9367991115141538,0.9367991115141538
انتخبات,-0.9361172858173608,0.9361172858173608
بنادم,0.9357441777764965,0.9357441777764965
الزلازل,-0.9352455700556708,0.9352455700556708
تملك,0.9349082348011172,0.9349082348011172
سيارات,-0.9345919034138392,0.9345919034138392
نقص,-0.9345780644626833,0.9345780644626833
تاثير,-0.9341510843081482,0.9341510843081482
معترف الاتحاد,0.9340407278433205,0.9340407278433205
اغلاق,-0.9334602662932393,0.9334602662932393
يعمل,0.9334473243412953,0.9334473243412953
شيء مكن,-0.9323535870317058,0.9323535870317058
ماراح,-0.9322470298717596,0.9322470298717596
ويتنحاو,0.9322035209658098,0.9322035209658098
فانيه,-0.9319866829287444,0.9319866829287444
الدنيا فانيه,-0.9319866829287444,0.9319866829287444
المساحه,0.9319063472761708,0.9319063472761708
يطالب,-0.9316307052577186,0.9316307052577186
هاذيك,-0.9313854132079286,0.9313854132079286
اله العظيم,-0.9313185253023464,0.9313185253023464
عسول,0.9311236585673645,0.9311236585673645
تشكمو,0.9309739616955531,0.9309739616955531
الروسيه,0.9309009662829898,0.9309009662829898
حاسب,0.9301202075417494,0.9301202075417494
يوجدو,0.930095370808651,0.930095370808651
غلطت,-0.9300328797843838,0.9300328797843838
مليون الشهر,-0.9296754266015099,0.9296754266015099
رابعه ابتداءي,0.9296299759621576,0.9296299759621576
متدينين,0.9294546541756674,0.9294546541756674
اتقي الله,-0.9294468974122968,0.9294468974122968
تفرغ,-0.9289445245639856,0.9289445245639856
تاكد,-0.9289060262609224,0.9289060262609224
201,0.9288764872950733,0.9288764872950733
استعمار,0.9288721738197192,0.9288721738197192
بملفات,-0.9281798379241986,0.9281798379241986
ماعندناش ثقافه,-0.9281155926936215,0.9281155926936215
ضيعت,0.9280444312997254,0.9280444312997254
معيش الالاف,-0.9279102156213825,0.9279102156213825
ايسكوبار معيش,-0.9279102156213825,0.9279102156213825
بابلو ايسكوبار,-0.9279102156213825,0.9279102156213825
شهر رمضان,-0.927728274373751,0.927728274373751
يجعل,-0.9273897850194689,0.9273897850194689
الجباره,-0.9272682297417957,0.9272682297417957
ماشي عسكريه,0.9270507154523413,0.9270507154523413
الشعب الجيش,0.9269514987493849,0.9269514987493849
البلا,-0.9269021889664171,0.9269021889664171
كلمات,0.9268717894536804,0.9268717894536804
المطلوبين,0.9266994826527484,0.9266994826527484
خصوصا,0.926071961386064,0.926071961386064
doux,0.9258873996679582,0.9258873996679582
الزهره,-0.9256991678939559,0.9256991678939559
طاهره,0.9256720088212866,0.9256720088212866
احشمو,0.9253599282170687,0.9253599282170687
ودير الفتنه,-0.9253299314212531,0.9253299314212531
ربراب ايسكوبار,0.9252729144272612,0.9252729144272612
ايسكوبار وحدو,0.9252729144272612,0.9252729144272612
كولومبيا,0.9252729144272612,0.9252729144272612
كتر ربراب,0.9252729144272612,0.9252729144272612
نص كولومبيا,0.9252729144272612,0.9252729144272612
سكن نص,0.9252729144272612,0.9252729144272612
ايسكوبار غلط,0.9252729144272612,0.9252729144272612
غلط يتحاسب,0.9252729144272612,0.9252729144272612
وحدو سكن,0.9252729144272612,0.9252729144272612
يحرقك,0.9252106091254906,0.9252106091254906
بولايه,-0.9251083290960278,0.9251083290960278
السائق,-0.9247360271263354,0.9247360271263354
جاو,-0.9247330278687156,0.9247330278687156
نسيبورتي مولوديه,-0.9242649144819757,0.9242649144819757
خالد نزار,0.9242146160976408,0.9242146160976408
طزز,0.9241526103029318,0.9241526103029318
الصفحه,0.9238594525170628,0.9238594525170628
الملاير,-0.9236962795745304,0.9236962795745304
ملجا,-0.9228637524365029,0.9228637524365029
كلاو,0.9227784992135346,0.9227784992135346
ثمن السردين,-0.9224709558408078,0.9224709558408078
دعاء الزلزال,-0.9223258363951609,0.9223258363951609
are,0.9215464407296282,0.9215464407296282
فرغ,0.9213416031218612,0.9213416031218612
وجهه,0.9212554744897087,0.9212554744897087
غيرها,-0.9212349095053021,0.9212349095053021
هاد المنشور,-0.9206206205550553,0.9206206205550553
سجل,-0.9199554723303269,0.9199554723303269
والرزق ربي,-0.9198720683783728,0.9198720683783728
البلدين,-0.9198127545826104,0.9198127545826104
عاصمه,-0.9194389693033383,0.9194389693033383
الابواب,-0.9193683736094306,0.9193683736094306
الاجناس,0.91926400378459,0.91926400378459
طيز,0.9191720290992021,0.9191720290992021
انتوما,0.9190400294598642,0.9190400294598642
ghir,0.9188451336841876,0.9188451336841876
سما,-0.9183172782584684,0.9183172782584684
مجرم,0.9181081832257008,0.9181081832257008
الصغير,-0.918101371042701,0.918101371042701
حابه نشري,-0.9180540146540161,0.9180540146540161
زايده,-0.9175214845694747,0.9175214845694747
تستحق,-0.9174973388527988,0.9174973388527988
لاباج,0.9174972029010477,0.9174972029010477
الشعب الجزاءري,-0.9173098217415119,0.9173098217415119
واقع,0.9172484099793095,0.9172484099793095
كاس العالم,0.9171652646109357,0.9171652646109357
انتقام,-0.9171389987749337,0.9171389987749337
نجيبوك,-0.9170850460152622,0.9170850460152622
حبيت نسال,-0.9169855869121695,0.9169855869121695
كثر ربي,-0.9169328186065473,0.9169328186065473
تعصر,-0.9166851450007378,0.9166851450007378
المبادئ,0.9161938203383627,0.9161938203383627
بريئ,-0.9161827899322479,0.9161827899322479
لان,0.9159494504495077,0.9159494504495077
يعي,0.9159159144604073,0.9159159144604073
سن,-0.9157202323703664,0.9157202323703664
اعداءك,-0.9154999982625525,0.9154999982625525
لانهم,0.9153666354290684,0.9153666354290684
الخاصه,-0.9150406212250768,0.9150406212250768
داها,0.9149884166990209,0.9149884166990209
وكونيناف,-0.9148112788855987,0.9148112788855987
وراكي,-0.9143742506329134,0.9143742506329134
ارحم,0.9141037717851225,0.9141037717851225
عجبهمش,-0.9140028037054733,0.9140028037054733
نزيه,0.9138177457471203,0.9138177457471203
تبون المانيا,0.9137038428666283,0.9137038428666283
فالفتنه,0.913311696275567,0.913311696275567
موتي,0.9132755560352814,0.9132755560352814
alah,0.9132697635999136,0.9132697635999136
فقير,0.9128604945076054,0.9128604945076054
swa,0.9120403656852609,0.9120403656852609
داخل,-0.9119782319653001,0.9119782319653001
لودو,0.9119156826030369,0.9119156826030369
بركانا,-0.9118464899247567,0.9118464899247567
ازمه خانقه,0.9111987533369633,0.9111987533369633
خانقه,0.9111987533369633,0.9111987533369633
كلشي,0.9110524658096107,0.9110524658096107
mak,0.9107470591259629,0.9107470591259629
يرحم روح,0.9106983342576851,0.9106983342576851
صاي,0.9105771669657242,0.9105771669657242
بينكم,-0.910184336544756,0.910184336544756
مبروك الشهاده,-0.9101758669649491,0.9101758669649491
مكسره,0.9100807400830694,0.9100807400830694
ha,-0.909571396573501,0.909571396573501
اقسم باله,0.9094123234428091,0.9094123234428091
تستهلك,-0.9091375580832944,0.9091375580832944
الدعاء,0.9090093330795964,0.9090093330795964
فالتسعينات,0.9088387897118283,0.9088387897118283
مخابرات ارهابيه,-0.908611370926683,0.908611370926683
اله وصحبه,-0.9080396408915966,0.9080396408915966
وصحبه,-0.9080396408915966,0.9080396408915966
انصار,0.9078835258571986,0.9078835258571986
دعم ربراب,0.9077687546373107,0.9077687546373107
فاقولك,0.907761513403873,0.907761513403873
رضي,0.9075120641017165,0.9075120641017165
عقيده,-0.9068189687984738,0.9068189687984738
تمثيل,0.9062621186282601,0.9062621186282601
قولنا,-0.905471055678421,0.905471055678421
لوين,0.9050964697475298,0.9050964697475298
لحباس,-0.9048145675204246,0.9048145675204246
بايدن,-0.9047587244157478,0.9047587244157478
مزال,0.9046335124948114,0.9046335124948114
بوصه,-0.9045794471197479,0.9045794471197479
نجاح نجاح,-0.9045015469896218,0.9045015469896218
لتر,0.9044937639535536,0.9044937639535536
سيدتي,-0.9042820509656689,0.9042820509656689
نقعد,0.9042578027334129,0.9042578027334129
ينبغي,-0.9040579043034918,0.9040579043034918
خرج,-0.9038281656875998,0.9038281656875998
يحوس,-0.9029430701869303,0.9029430701869303
وكاين,-0.9026942679294077,0.9026942679294077
حوس,0.9021332015576354,0.9021332015576354
روح حوس,0.9021332015576354,0.9021332015576354
داري,-0.9015317037960173,0.9015317037960173
المحرقه,0.9011130714578497,0.9011130714578497
وقتي,0.9010113213785026,0.9010113213785026
محمد,0.9006560550824649,0.9006560550824649
الاتحاد,-0.9004239024333918,0.9004239024333918
تجيش,-0.9004019089788768,0.9004019089788768
يلم,0.9002040706867339,0.9002040706867339
اقتراب,0.8996367025276604,0.8996367025276604
باطل,-0.8995409318107621,0.8995409318107621
عندكش,0.8994993160761534,0.8994993160761534
انش,-0.8989724630362586,0.8989724630362586
امول,-0.8987438597180939,0.8987438597180939
يحبش,0.8986092746091244,0.8986092746091244
ودرك,0.8983723828279833,0.8983723828279833
ولكل,0.8978352928169807,0.8978352928169807
البديل,-0.8978340610410712,0.8978340610410712
صف,-0.8974850552148464,0.8974850552148464
والعياذ,0.8971647829348105,0.8971647829348105
المنتوجات,0.8971434053114862,0.8971434053114862
الاعلى,-0.8970753191862457,0.8970753191862457
نرد,-0.8970700177501166,0.8970700177501166
السيء,-0.8970457737481133,0.8970457737481133
الدمار,0.8969681631060267,0.8969681631060267
معدوده العالم,0.8968315190749736,0.8968315190749736
الوكيل يالعصابه,0.8968315190749736,0.8968315190749736
يكرهونكم يالعصابه,0.8968315190749736,0.8968315190749736
ايامكم,0.8968315190749736,0.8968315190749736
ايامكم اصبحت,0.8968315190749736,0.8968315190749736
يكرهونكم,0.8968315190749736,0.8968315190749736
السابق,-0.8968083360171213,0.8968083360171213
ياخي جايح,0.8967635209543288,0.8967635209543288
احصل,-0.8965337693827519,0.8965337693827519
الكوكاين وتسبوا,0.8965259630662178,0.8965259630662178
تبون الكوكاين,0.8965259630662178,0.8965259630662178
الرياضيات,0.8963997311761522,0.8963997311761522
سقط,-0.8958142337401811,0.8958142337401811
اله استاذ,-0.8957757438758565,0.8957757438758565
بالسلامه,-0.8955130459015608,0.8955130459015608
الحب,-0.8946603810327618,0.8946603810327618
الخدمه الوطنيه,0.8943952017263904,0.8943952017263904
يبكي,-0.8943743323276669,0.8943743323276669
استاذي,0.8942375894065381,0.8942375894065381
انبح,0.894237430160201,0.894237430160201
ذوي,-0.894001772389081,0.894001772389081
تهانينا,-0.8936306452716672,0.8936306452716672
بيبر,-0.8924438824848971,0.8924438824848971
يحاكم,0.8924204403413616,0.8924204403413616
حضنه,0.8921484584541374,0.8921484584541374
البديل منتوجات,0.8921484584541374,0.8921484584541374
وزيت لورد,0.8921484584541374,0.8921484584541374
كونديا,0.8921484584541374,0.8921484584541374
كونديا وزيت,0.8921484584541374,0.8921484584541374
لورد الحديد,0.8921484584541374,0.8921484584541374
منتوجات مسعد,0.8921484584541374,0.8921484584541374
تاعو,-0.8921325362630838,0.8921325362630838
انتظار ردكم,-0.892076117958463,0.892076117958463
الضعيفه,-0.8907735465839449,0.8907735465839449
كلب فرنسا,0.890669322811274,0.890669322811274
نحشم,-0.8903062883726068,0.8903062883726068
الترك,-0.8901402557276212,0.8901402557276212
بايع,0.8899391651224651,0.8899391651224651
كتب,-0.8899276295027002,0.8899276295027002
اسوء,0.8898702939383818,0.8898702939383818
اله,-0.8896981669156652,0.8896981669156652
مقبول,-0.8894559123992622,0.8894559123992622
المباشر,-0.8892268518811428,0.8892268518811428
المكان,-0.8883004901763698,0.8883004901763698
القلب,-0.887966602970193,0.887966602970193
نعبد الله,-0.886797402367081,0.886797402367081
الكبار,0.8865697165056353,0.8865697165056353
الله استاذ,-0.8861918582064636,0.8861918582064636
ياربراب,-0.8855223973563767,0.8855223973563767
معوقه,0.8837972975577375,0.8837972975577375
السوق العالميه,0.8837826133625274,0.8837826133625274
الضحيه,-0.8836393574413507,0.8836393574413507
صلي,0.8826967918515166,0.8826967918515166
جره,-0.8823048635376406,0.8823048635376406
ويسترك,0.8822857980352148,0.8822857980352148
اعتراف بان,-0.8817371842220506,0.8817371842220506
اعتراف,-0.8817371842220506,0.8817371842220506
يقول,-0.8811000227544099,0.8811000227544099
ضخم,-0.8808017808847902,0.8808017808847902
باكملها,0.8807658219535552,0.8807658219535552
190,-0.8805653348555738,0.8805653348555738
مجرمين,-0.8805602518331369,0.8805602518331369
حروب,-0.8802165821646807,0.8802165821646807
وفات,0.8799959882351981,0.8799959882351981
ماعلابالكش,0.8795501303987017,0.8795501303987017
اكاديمي,0.8793623696456894,0.8793623696456894
التغيير,-0.8789016650863273,0.8789016650863273
وقف,0.8785548476290063,0.8785548476290063
النهايه,-0.8783286244775593,0.8783286244775593
اقسم,0.8775548921544983,0.8775548921544983
وهذاك,0.8775329009663742,0.8775329009663742
تولي,0.8773642568388073,0.8773642568388073
والاقتصاديه,0.8767388910102627,0.8767388910102627
والاجتماعيه,0.8767388910102627,0.8767388910102627
والاجتماعيه والاقتصاديه,0.8767388910102627,0.8767388910102627
متاكد,-0.8766931589544257,0.8766931589544257
السكن,-0.8766388270358051,0.8766388270358051
نهار حكموك,0.8765374561147183,0.8765374561147183
هواري,0.8763206901048938,0.8763206901048938
مين,0.8759447120750583,0.8759447120750583
معسكر,-0.8755868368437837,0.8755868368437837
حي,0.8754521114701355,0.8754521114701355
الجن,-0.8753144409972919,0.8753144409972919
اعراض,-0.8752931567665048,0.8752931567665048
دارت,-0.8751129082363448,0.8751129082363448
تراب,-0.8751079185445024,0.8751079185445024
البيت,0.8748656293508913,0.8748656293508913
جميعكم,0.8748469964598696,0.8748469964598696
فيا,0.8746566240032742,0.8746566240032742
يقاطع,-0.8739215059109927,0.8739215059109927
اله يحفظك,-0.8739092308107537,0.8739092308107537
نسبه,0.873040249468569,0.873040249468569
vive amir,0.8727039128682614,0.8727039128682614
تحل,-0.8725139170855002,0.8725139170855002
ريحو,0.8724998835249115,0.8724998835249115
جزايرين,0.8723118589837676,0.8723118589837676
الانتخاب,-0.8717997921310708,0.8717997921310708
جيدا,0.8716805417062405,0.8716805417062405
وربي يرحام,0.8716440128153302,0.8716440128153302
يرحام,0.8716440128153302,0.8716440128153302
وتقول,0.8712581542488157,0.8712581542488157
حلم,-0.8711761324087046,0.8711761324087046
دورو,-0.8709350541115226,0.8709350541115226
وخلاص,-0.8706515514902723,0.8706515514902723
الاولى,0.8706078559684183,0.8706078559684183
يمكنك اكتشاف,-0.8698071585402326,0.8698071585402326
الخطه,-0.8697670125124529,0.8697670125124529
خداع,0.8696539245334076,0.8696539245334076
شعال يدير,-0.8695953443375427,0.8695953443375427
مال الشعب,-0.8695529038020855,0.8695529038020855
نشجع,0.8691482346640035,0.8691482346640035
تقوم,0.8688158482633865,0.8688158482633865
فكل,-0.8687278697250957,0.8687278697250957
حيا اله,-0.8684448735062235,0.8684448735062235
لحلو,-0.8684111328073432,0.8684111328073432
كثر,0.8682804919223582,0.8682804919223582
العروض,-0.8681831412148971,0.8681831412148971
مولوديه ياخي,0.8681235905341224,0.8681235905341224
فوقهم,-0.8680569392706923,0.8680569392706923
وحتى,0.8677630347318049,0.8677630347318049
ماتشريش,0.8677588958706421,0.8677588958706421
شعرك,0.8675182494287454,0.8675182494287454
تحبوا,0.8675095109180647,0.8675095109180647
قبله,0.8668087660622054,0.8668087660622054
هدر,0.8666588913407383,0.8666588913407383
الوسط,0.8666209999865883,0.8666209999865883
متواصل,-0.8661761386860515,0.8661761386860515
المعلومات,-0.8661101389354535,0.8661101389354535
مثله,0.8658648805884234,0.8658648805884234
فرع ورقله,-0.8656658303273244,0.8656658303273244
صديق,-0.8656224492534417,0.8656224492534417
وجه الارض,0.8653034434466416,0.8653034434466416
بوراك مفور,-0.8646377030639547,0.8646377030639547
مفور,-0.8646377030639547,0.8646377030639547
mouloudia,-0.8645845517786164,0.8645845517786164
ظهرت,0.8645327194535573,0.8645327194535573
فوور,-0.8641656960187889,0.8641656960187889
كيلو,-0.8641055933222359,0.8641055933222359
kabyle,0.8639907144841487,0.8639907144841487
حياك الله,-0.8635197512435425,0.8635197512435425
قباءلي,0.8634444129580109,0.8634444129580109
مكش,-0.8634360013808764,0.8634360013808764
العيب,0.8631902747380991,0.8631902747380991
الاحد,-0.8620945457695328,0.8620945457695328
الوكيل حسبنا,-0.8620515553998005,0.8620515553998005
واتقوا,-0.8619973536652223,0.8619973536652223
استرجاع,-0.861305205107662,0.861305205107662
تلبس لاكوست,0.8605802959538154,0.8605802959538154
كلشيء,-0.8601571074490173,0.8601571074490173
بالبطاطا,-0.8596180727135448,0.8596180727135448
وانما,-0.8595147041100538,0.8595147041100538
الاخرى,0.8592038879452228,0.8592038879452228
نيس,-0.858524392269464,0.858524392269464
حسبيا اله,0.8584072244388627,0.8584072244388627
واد,-0.8579740228753056,0.8579740228753056
بون,-0.8579619481836155,0.8579619481836155
بالنضال والتضحيه,-0.8578646867023003,0.8578646867023003
بالنضال,-0.8578646867023003,0.8578646867023003
والتضحيه,-0.8578646867023003,0.8578646867023003
تنحاو,-0.8577007460716151,0.8577007460716151
سيدنا ادم,0.8576484454009244,0.8576484454009244
تقدمت,0.8574493128211342,0.8574493128211342
فرص,0.8574077289020479,0.8574077289020479
دوله العدل,0.8570668159956261,0.8570668159956261
دايرين,0.856381095064031,0.856381095064031
الاجره,0.8563034232662449,0.8563034232662449
وتنبح,0.8562684477850006,0.8562684477850006
جبت,-0.8558142197997671,0.8558142197997671
عاوض اوليدك,0.855683302922431,0.855683302922431
اوليدك,0.855683302922431,0.855683302922431
عاوض,0.855683302922431,0.855683302922431
ارض,-0.8556550725859434,0.8556550725859434
قيمه,-0.855617084754593,0.855617084754593
اصلحها,-0.8550615025477816,0.8550615025477816
سلعه,0.8548587854779903,0.8548587854779903
اشك,-0.8548181554850823,0.8548181554850823
ثدي,-0.8548181554850823,0.8548181554850823
لامراه,-0.8548181554850823,0.8548181554850823
الاموال,0.8546494331135914,0.8546494331135914
بلاص,0.8543599715384732,0.8543599715384732
zitout,0.8542439254863856,0.8542439254863856
قتل,0.8538952927046575,0.8538952927046575
تبيع,-0.8538508315301508,0.8538508315301508
احلى,-0.8534089101402811,0.8534089101402811
يورد,0.8533969407462065,0.8533969407462065
ردوا,0.8533078773429467,0.8533078773429467
روح تخرا,0.8530905061024113,0.8530905061024113
تعارض,0.8527566273230518,0.8527566273230518
اله يرحمك,-0.8522406351993236,0.8522406351993236
يجيبلك,-0.8519177484403924,0.8519177484403924
ويسكنه فسيح,-0.8515350491268425,0.8515350491268425
ستموت,0.851531944630044,0.851531944630044
وبركه,0.8515161884799474,0.8515161884799474
خير وبركه,0.8515161884799474,0.8515161884799474
يتزوج,0.8513918212171099,0.8513918212171099
واقتصاد,-0.8513520909871981,0.8513520909871981
الدوليه,-0.8510351820905895,0.8510351820905895
البلدان,0.8509698934727825,0.8509698934727825
مدرسه,-0.8507556416950164,0.8507556416950164
وجوه الرخص,0.8505679612065671,0.8505679612065671
المنافق,0.8505498492039754,0.8505498492039754
المشع,0.8503579245681961,0.8503579245681961
الحجاب,0.8501288907603224,0.8501288907603224
فريت نحاو,0.8499510014648376,0.8499510014648376
تبارك اله,-0.8498161181513763,0.8498161181513763
ضمان,-0.8491917281274968,0.8491917281274968
عالميه,0.8491219354878388,0.8491219354878388
متنخلعوش,-0.848489900847768,0.848489900847768
الجديده نتاع,0.8484277219506735,0.8484277219506735
عجبتني,-0.8483138675477683,0.8483138675477683
باك,-0.8477914911363866,0.8477914911363866
امير تستاهل,-0.8470827372241556,0.8470827372241556
نخم,-0.8469896598291271,0.8469896598291271
نعبد فري,0.846793354302225,0.846793354302225
سا,0.8465667744906569,0.8465667744906569
ريت,-0.8462489261961572,0.8462489261961572
نحبو مولوديه,0.8462421222587123,0.8462421222587123
الجنرالات,0.8458085144713974,0.8458085144713974
الازعاج,-0.8453612770278998,0.8453612770278998
نهبت,-0.8451197961218714,0.8451197961218714
دوله الحق,-0.8449917849836871,0.8449917849836871
جورج,-0.8449074923607163,0.8449074923607163
ارهاب,0.8447914533699433,0.8447914533699433
قاتل,0.8444353844516206,0.8444353844516206
وتجيب,0.8444039760168348,0.8444039760168348
جهنامه,0.8440931346205187,0.8440931346205187
تغيير,0.8433554046251959,0.8433554046251959
تخطيط,-0.8427126114421086,0.8427126114421086
كنا,0.8422992475107588,0.8422992475107588
معليش,-0.841604787366004,0.841604787366004
طيح,0.8415875259664722,0.8415875259664722
شعب,0.8412965441414929,0.8412965441414929
ويبقي,0.840933497300972,0.840933497300972
الدرس,-0.8401304946471168,0.8401304946471168
ماقديت,-0.8396468055183641,0.8396468055183641
الاساس,-0.8395669571212838,0.8395669571212838
الحراك الحل,-0.8395555323078739,0.8395555323078739
الارقام,0.8391602908209953,0.8391602908209953
القانون الجميع,0.8391137451665692,0.8391137451665692
محدوده,-0.8387714707714876,0.8387714707714876
الجزاءر,-0.8384831890748217,0.8384831890748217
اقعد,0.8383271382219263,0.8383271382219263
والباقي,-0.8378416138948149,0.8378416138948149
صحتك,0.8373796126578275,0.8373796126578275
الافريقيه,-0.8371249892621276,0.8371249892621276
تومي,0.8370727386207382,0.8370727386207382
الوطن الشعب,-0.8369740005646203,0.8369740005646203
والحمد لله,-0.8368734153090528,0.8368734153090528
اوو,0.8367644882281491,0.8367644882281491
فريق,-0.8367468918918107,0.8367468918918107
الاف العائلات,-0.8366441447744832,0.8366441447744832
رايحه,0.8364990811543899,0.8364990811543899
قضيه وطن,-0.8363217890278286,0.8363217890278286
دج,0.835469904965218,0.835469904965218
احد,-0.8354533934910285,0.8354533934910285
كبرنات فرنسا,-0.8353527444160579,0.8353527444160579
كبرنات,-0.8353527444160579,0.8353527444160579
زغماتي,0.835180406354519,0.835180406354519
فطور,0.834460000215808,0.834460000215808
ولى,0.834423900744976,0.834423900744976
لازملك,0.8343130369178342,0.8343130369178342
محمد العربي,-0.8342999345423007,0.8342999345423007
غنا,-0.8340074739801694,0.8340074739801694
ليل,-0.8339130384485995,0.8339130384485995
اشخاص,0.8338851428804842,0.8338851428804842
متزيدش,-0.8337725604697703,0.8337725604697703
اله يعطيكم,0.8331240022105015,0.8331240022105015
يحفظلك,0.8329863416071072,0.8329863416071072
تنتمي,-0.8318870772413137,0.8318870772413137
صور,-0.8314201754816917,0.8314201754816917
تملكون,0.8310784767651812,0.8310784767651812
يضحون,-0.8306314011272699,0.8306314011272699
الشكام,0.830332005292913,0.830332005292913
يتم الرد,-0.8300101162144207,0.8300101162144207
hommes,0.8298174204495206,0.8298174204495206
المستعان,-0.8297052891674892,0.8297052891674892
عندي محل,-0.828960913738135,0.828960913738135
المخدرات,-0.8287317916826641,0.8287317916826641
تونس,-0.8286345078958632,0.8286345078958632
بشيشه,-0.8282414648586353,0.8282414648586353
ليبيا,-0.8278425175723924,0.8278425175723924
عميل فرنسا,0.8272592566455771,0.8272592566455771
بسبابو,-0.8269447267093973,0.8269447267093973
ملال,0.8265604836212861,0.8265604836212861
ماعندكش,0.8257100315622743,0.8257100315622743
باستعمال,0.825696800199269,0.825696800199269
يعلي,-0.8255890453492568,0.8255890453492568
الشعب عايش,-0.8248379034723465,0.8248379034723465
الدراسي,0.8243614500188182,0.8243614500188182
دارلكم,-0.8241515680025142,0.8241515680025142
يريد,-0.8236989410303445,0.8236989410303445
وحتي,0.8233974252198621,0.8233974252198621
براي,0.8233798646875964,0.8233798646875964
بني فرح,-0.8229448481030311,0.8229448481030311
بشار,-0.8226554557641097,0.8226554557641097
لبلاد,0.8223482058836648,0.8223482058836648
rouhi,0.82234315145727,0.82234315145727
الذبان,0.8215384389884804,0.8215384389884804
مخبي,-0.8212977685160877,0.8212977685160877
محامي,0.8210768432853757,0.8210768432853757
ورحمه,-0.8208610938397557,0.8208610938397557
راها,0.8208364306866389,0.8208364306866389
عاجلا,0.820684800392897,0.820684800392897
الهه,-0.8206196952728055,0.8206196952728055
الستر,-0.8204973455961527,0.8204973455961527
ينيكو,0.8198954352469928,0.8198954352469928
سلموا,-0.819669504060879,0.819669504060879
سلموا السلطه,-0.819669504060879,0.819669504060879
متروحش,0.8195415398734073,0.8195415398734073
معايا,-0.8194959791010906,0.8194959791010906
خصك,0.81935260077976,0.81935260077976
ومشي,0.8191228688828572,0.8191228688828572
دك,0.8191214699107977,0.8191214699107977
بسم اله,-0.8189505397565385,0.8189505397565385
قاهر,-0.8189439136996337,0.8189439136996337
مسانده ربراب,-0.8183892308163492,0.8183892308163492
كسر,0.818287749578035,0.818287749578035
ربي يحفظكم,-0.8181110265985407,0.8181110265985407
متقاعدي الجيش,-0.8178605234806134,0.8178605234806134
هاذه,-0.8176187423567364,0.8176187423567364
العالمي,-0.8171983173752586,0.8171983173752586
نشالله,-0.8171292294821383,0.8171292294821383
تموتو,0.81712463740466,0.81712463740466
الله يرحمك,-0.816968553998132,0.816968553998132
القبايل ربراب,-0.816855962459309,0.816855962459309
وجوه البخص,0.8167056963604268,0.8167056963604268
تهدر,0.8164321313568629,0.8164321313568629
راجل,0.8164187752967276,0.8164187752967276
هاكا,0.8160945357829328,0.8160945357829328
ناجح,0.8156482150242449,0.8156482150242449
باموال,0.8153337185777778,0.8153337185777778
التفاعل,-0.8153076845970868,0.8153076845970868
علماء,0.8150329030713274,0.8150329030713274
باغين,-0.8147871215928074,0.8147871215928074
عيشين,0.8142414341440788,0.8142414341440788
ندعموك,-0.8140051256155221,0.8140051256155221
اعيش,-0.8134751917971152,0.8134751917971152
وامريكا,0.813456961053698,0.813456961053698
مزور جابوه,0.8132034908658469,0.8132034908658469
طلبت,0.8128247836662161,0.8128247836662161
زعيم,0.8124294539323192,0.8124294539323192
وربراب وحداد,0.8122199339684657,0.8122199339684657
لرض,-0.8121465325476899,0.8121465325476899
شرق,0.8116102124190508,0.8116102124190508
وربي يوفقك,-0.8112465092381143,0.8112465092381143
نتاع ربراب,0.8106931782539174,0.8106931782539174
ولالا,-0.8106660648593691,0.8106660648593691
الله يرحمهم,-0.8105803489655888,0.8105803489655888
يعبد,-0.8103728298857592,0.8103728298857592
رجل,0.8103520535701058,0.8103520535701058
ربراب ربي,-0.8101087850990116,0.8101087850990116
المحترم,-0.8099379104961039,0.8099379104961039
تفكر,-0.8095905358099128,0.8095905358099128
دواب,0.8095721966127222,0.8095721966127222
روحو قودو,0.8095145085816655,0.8095145085816655
الصمد,-0.8094203287114629,0.8094203287114629
الصمد يلد,-0.8094203287114629,0.8094203287114629
يلد,-0.8094203287114629,0.8094203287114629
مازالنا,-0.8092777414033222,0.8092777414033222
فهذا,-0.8090293209577916,0.8090293209577916
الاف العاءلات,-0.8089808360952699,0.8089808360952699
ربراب ملاك,-0.8088968111109408,0.8088968111109408
وعله,0.8086971119072153,0.8086971119072153
متعاملين بلادنا,0.8086971119072153,0.8086971119072153
انواع الزيوت,0.8086971119072153,0.8086971119072153
الزيوت,0.8086971119072153,0.8086971119072153
ايبا دير,0.8086971119072153,0.8086971119072153
ربراب اموت,0.8086971119072153,0.8086971119072153
وعله تموت,0.8086971119072153,0.8086971119072153
وبركه متعاملين,0.8086971119072153,0.8086971119072153
سلعه ربراب,0.8086971119072153,0.8086971119072153
الزيوت خير,0.8086971119072153,0.8086971119072153
فرنسا ايبا,0.8086971119072153,0.8086971119072153
اموت,0.8086971119072153,0.8086971119072153
بلادنا وعله,0.8086971119072153,0.8086971119072153
متعاملين,0.8086971119072153,0.8086971119072153
العلامه,0.8086754276217376,0.8086754276217376
بالعقل,0.808612078096592,0.808612078096592
قصف,-0.8083597749543125,0.8083597749543125
الاعاقه,-0.8077371374125302,0.8077371374125302
لاخر,0.8074842158442247,0.8074842158442247
اله اخي,-0.8068551314783936,0.8068551314783936
ايحي,0.8067857435046892,0.8067857435046892
نقاطعوا,-0.8064305886803241,0.8064305886803241
يرحمك رياض,-0.8063753214710517,0.8063753214710517
بعضاكم,0.8063323088083485,0.8063323088083485
نقاط البيع,-0.806160621058502,0.806160621058502
يعطيكم غمه,0.805845183634561,0.805845183634561
الفرشيطي,0.8057266549867215,0.8057266549867215
والصلاه,-0.805720310661862,0.805720310661862
العالمين والصلاه,-0.805720310661862,0.805720310661862
ويعيش,-0.8056645501153786,0.8056645501153786
حسبنا اله,-0.805259911419275,0.805259911419275
مصير,-0.805153606929739,0.805153606929739
وينوض,-0.8046222183570562,0.8046222183570562
انتوما تقدرو,-0.8045820490037398,0.8045820490037398
مابقاتش تصلح,-0.8045820490037398,0.8045820490037398
الديسكات,-0.8045820490037398,0.8045820490037398
تقدرو تستغلوها,-0.8045820490037398,0.8045820490037398
الديسكات مابقاتش,-0.8045820490037398,0.8045820490037398
عندنا انتوما,-0.8045820490037398,0.8045820490037398
احنا الديسكات,-0.8045820490037398,0.8045820490037398
الكريمه,-0.8036324777588462,0.8036324777588462
اودي روح,0.8036263207901263,0.8036263207901263
حارب الصين,-0.8035414876204757,0.8035414876204757
بالرغم,0.8033995902547646,0.8033995902547646
الوعود,0.8019590431626414,0.8019590431626414
فاهمه,-0.8016998768694438,0.8016998768694438
nas,0.8012786275424493,0.8012786275424493
90,0.8010758321172471,0.8010758321172471
الحياه,-0.8009105564638682,0.8009105564638682
خسرو,0.8004075141130877,0.8004075141130877
السنه النبويه,0.8000692494723926,0.8000692494723926
النبويه,0.8000692494723926,0.8000692494723926
وعاش,-0.7993632236331157,0.7993632236331157
ربراب يبيع,0.7992619709164313,0.7992619709164313
شهاده,0.7991532596361351,0.7991532596361351
اصل البوراك,-0.7990927740604588,0.7990927740604588
وكبيره,-0.7984957192650959,0.7984957192650959
يارب العالمين,-0.7984321730728616,0.7984321730728616
سعره,-0.7978620452919187,0.7978620452919187
قلت تبون,-0.7978252693651143,0.7978252693651143
لشهر,-0.7977413027776183,0.7977413027776183
يكفي,0.7977358721045602,0.7977358721045602
ويبارك,-0.7972096384573777,0.7972096384573777
وسط,-0.7971265437613436,0.7971265437613436
الله ونعم,0.7969951088253912,0.7969951088253912
شركات,-0.7967237334031362,0.7967237334031362
الخير جاي,0.7966978041413124,0.7966978041413124
باجه,-0.7965293942689318,0.7965293942689318
القنوات,-0.795879652779162,0.795879652779162
للجزاير,-0.7956819806124801,0.7956819806124801
واخر,-0.7956368485306624,0.7956368485306624
سيدهم ربراب,0.7951814846820285,0.7951814846820285
histoire,0.7939152130448129,0.7939152130448129
المستقبل,0.7937628488127119,0.7937628488127119
عرق,-0.7934853917581569,0.7934853917581569
نفتخر,-0.7931030146743613,0.7931030146743613
جماعه الدشره,0.7928327299655055,0.7928327299655055
معليهش جات,0.7928327299655055,0.7928327299655055
جات سيدهم,0.7928327299655055,0.7928327299655055
وجيشهم,0.7928327299655055,0.7928327299655055
الدشره يسبو,0.7928327299655055,0.7928327299655055
وجيشهم معليهش,0.7928327299655055,0.7928327299655055
بلادهم ويسبو,0.7928327299655055,0.7928327299655055
يسبو بلادهم,0.7928327299655055,0.7928327299655055
دورونج,-0.7926571665310543,0.7926571665310543
الدفاع,-0.792548798514045,0.792548798514045
نحبو,-0.7924378400415134,0.7924378400415134
مدرجات,-0.7920517039673209,0.7920517039673209
عمليه,-0.7915430544516723,0.7915430544516723
وليد فرانسا,0.7907673483366866,0.7907673483366866
يضحكو,-0.7907237036017272,0.7907237036017272
حذف,-0.7898411561860541,0.7898411561860541
خشيه املاق,-0.7894705695611228,0.7894705695611228
اولادكم خشيه,-0.7894705695611228,0.7894705695611228
خشيه,-0.7894705695611228,0.7894705695611228
صراتلي,-0.7892582008319634,0.7892582008319634
ماطبقتش,-0.7891753984074732,0.7891753984074732
خدمه البيع,-0.7889661812818225,0.7889661812818225
جزاء اهل,-0.7885471286824264,0.7885471286824264
ربي يوفق,-0.7881139749277847,0.7881139749277847
عبد الله,0.7876571209076734,0.7876571209076734
اقرا,0.7875787286332229,0.7875787286332229
لتدخل,-0.7872055259722242,0.7872055259722242
بالمرصاد,0.7870475926504061,0.7870475926504061
نجحت,-0.7870405334794847,0.7870405334794847
تلمسان,-0.7869450411410889,0.7869450411410889
يزيدو,-0.7865818171108805,0.7865818171108805
املاق نرزقكم,-0.7865044187638026,0.7865044187638026
الاجابه,-0.786380059061769,0.786380059061769
وانتم,0.7863724478137638,0.7863724478137638
بسم الله,-0.7862043036491394,0.7862043036491394
كلام,-0.7858819956303923,0.7858819956303923
تبناها المصريون,-0.7857098623186595,0.7857098623186595
تبناها,-0.7857098623186595,0.7857098623186595
كين,-0.7853619657480062,0.7853619657480062
يجيه,0.7853082563172944,0.7853082563172944
اله احرار,-0.7851334813223484,0.7851334813223484
الرجاله,0.7848095406180591,0.7848095406180591
سلم,0.7845249270776503,0.7845249270776503
المره الجايه,-0.7839874027019434,0.7839874027019434
وكره كره,-0.7838409785045286,0.7838409785045286
نيك متكم,0.7837425341261977,0.7837425341261977
متكم,0.7837425341261977,0.7837425341261977
وهكذا,0.783355738549912,0.783355738549912
وبرك,-0.783338193033415,0.783338193033415
تستطيع,-0.7831938092294571,0.7831938092294571
لجبال,0.7829547244774461,0.7829547244774461
امام,-0.7829290085100862,0.7829290085100862
خمم,0.782792769242664,0.782792769242664
اليهود,-0.7827846002775671,0.7827846002775671
اثبت,-0.7827500417135237,0.7827500417135237
جزاءرين,0.7826533633600865,0.7826533633600865
جزاير,-0.7826154127040199,0.7826154127040199
25,-0.7824413745165937,0.7824413745165937
الاسباب,-0.7821004555555238,0.7821004555555238
انتا,0.7820528695690444,0.7820528695690444
الاحزاب,-0.7819280271888384,0.7819280271888384
ياخذ الحق,0.7819198983210182,0.7819198983210182
يرحم,0.781828485118594,0.781828485118594
باسكو,0.7815346898911354,0.7815346898911354
ويمكرون ويمكر,0.7813852253024632,0.7813852253024632
ويمكرون,0.7813852253024632,0.7813852253024632
اله يوفقك,-0.7813560726872628,0.7813560726872628
مكانو,0.7809622772945864,0.7809622772945864
الحاضر,-0.780927940121932,0.780927940121932
bayna,0.7807998326980802,0.7807998326980802
هدفهم,-0.7807454063392971,0.7807454063392971
امك الغاليه,0.7803911352378347,0.7803911352378347
ميكي,-0.7801410461452865,0.7801410461452865
مليحه,-0.7800390688150085,0.7800390688150085
ذرك,-0.7799955608495295,0.7799955608495295
بيها,-0.7798428324082408,0.7798428324082408
كامل الشعب,0.7795727994778262,0.7795727994778262
diro,0.779234809337772,0.779234809337772
شاءالله,-0.7791400820282728,0.7791400820282728
العلماء,-0.7791167765017549,0.7791167765017549
غيرك,-0.778310820427987,0.778310820427987
دراجي,0.7782572474445517,0.7782572474445517
باه تهدر,0.7781488185222906,0.7781488185222906
يتعلم,-0.7775481190777201,0.7775481190777201
ونت,0.7766867847057554,0.7766867847057554
يحيا الجيش,0.7766423929006752,0.7766423929006752
للشعب,-0.7765898543344886,0.7765898543344886
اول,-0.7764609783363051,0.7764609783363051
يتامرون,-0.7763966158775779,0.7763966158775779
البيضاء,0.776327683067885,0.776327683067885
ياجدك,0.7759309045820816,0.7759309045820816
زمره,-0.7757617830099833,0.7757617830099833
خلينا,-0.7754625112411144,0.7754625112411144
رحمه,-0.7754318894289371,0.7754318894289371
تكن,0.7752333511319935,0.7752333511319935
بعينيه,0.775130083948857,0.775130083948857
الصدق المصداقيه,-0.7746703061818028,0.7746703061818028
مفقود,-0.7746470679711955,0.7746470679711955
وصح,0.7745839695065866,0.7745839695065866
الحمد الله,0.7739949534799027,0.7739949534799027
الاسلاك,0.7739249023667034,0.7739249023667034
ميتين,0.7737509765758145,0.7737509765758145
حيا الله,-0.7736328380235316,0.7736328380235316
koul,0.7732587781640944,0.7732587781640944
وكاس,0.7732024958790917,0.7732024958790917
يم يم,-0.7726565616311094,0.7726565616311094
سياسي معارض,0.7723112335691031,0.7723112335691031
بصيغه,-0.7719043079644266,0.7719043079644266
الشخص تقولو,-0.7719043079644266,0.7719043079644266
تقولو ماتشريش,-0.7719043079644266,0.7719043079644266
العالم الشخص,-0.7719043079644266,0.7719043079644266
التجارب,-0.7719043079644266,0.7719043079644266
ماتشريش بصيغه,-0.7719043079644266,0.7719043079644266
يصرا,-0.7718210623078913,0.7718210623078913
اتحاد العاصمه,-0.7717519024741684,0.7717519024741684
wa,-0.7712736468740714,0.7712736468740714
وهل,-0.7711510843434635,0.7711510843434635
المركزي,0.7710903707279969,0.7710903707279969
يطبق,0.770950404837172,0.770950404837172
بكثره,-0.7703087806757505,0.7703087806757505
مفهمنا,0.7698848514187446,0.7698848514187446
ستري روحك,0.7691172492578648,0.7691172492578648
ستري,0.7691172492578648,0.7691172492578648
التيليفون,-0.7689261096357152,0.7689261096357152
غليزان,-0.7686065024590928,0.7686065024590928
السلطه لشعب,-0.7684187696596967,0.7684187696596967
استاذ زيتوت,-0.7682528700242404,0.7682528700242404
والله,-0.7682037463388338,0.7682037463388338
الهواتف,-0.7680150061327397,0.7680150061327397
تخلط,0.7678922019789832,0.7678922019789832
تبهدلوناش,0.7677917728566849,0.7677917728566849
الوطن الغالي,-0.7675827889210073,0.7675827889210073
السرقه,0.7675614107199279,0.7675614107199279
ظالمه,0.7675177726275869,0.7675177726275869
محاربه,-0.7673097879663202,0.7673097879663202
داوي,0.7670662179463574,0.7670662179463574
رحمها,0.7667304851132167,0.7667304851132167
قدمت,0.7656872771821637,0.7656872771821637
60,-0.7654045291977969,0.7654045291977969
دايك,0.7646118010402246,0.7646118010402246
جامي,-0.7640090151312832,0.7640090151312832
مبروك خويا,0.7635287346169184,0.7635287346169184
لرجال,0.7634451305011138,0.7634451305011138
دراهمو,0.763225790731569,0.763225790731569
الاحرار الحمد,-0.762862210730625,0.762862210730625
فقراء,0.7628602466755484,0.7628602466755484
زيدلهم,-0.7628119698378799,0.7628119698378799
توجور,0.762744306609729,0.762744306609729
المرور,-0.7627306388213781,0.7627306388213781
جماعه تعبد,0.7625708568300281,0.7625708568300281
frites,0.7621753027181979,0.7621753027181979
عاليا,-0.7621476865246772,0.7621476865246772
خبر عاجل,0.7618980739506203,0.7618980739506203
الاواءل,-0.7615998562317047,0.7615998562317047
الجيش الجزائري,0.7615554350454435,0.7615554350454435
تعرف,0.7614299930389872,0.7614299930389872
وشتم,0.7613914657953292,0.7613914657953292
المفضل,0.76137527044268,0.76137527044268
زهره,0.7611582841565571,0.7611582841565571
رب الدزاير,0.760370228669683,0.760370228669683
زوافي,0.7603659603230981,0.7603659603230981
ايسكوبار,0.7600650311948698,0.7600650311948698
وامير ديزاد,-0.7600131956354527,0.7600131956354527
واصبحو,0.7599383613286395,0.7599383613286395
rakom,0.7595729992484144,0.7595729992484144
وسيله,-0.7592873030290144,0.7592873030290144
تكلمت,-0.7591790831675436,0.7591790831675436
goumi,0.759107927233302,0.759107927233302
فتح نقطه,-0.7584490032718599,0.7584490032718599
تحقيق,-0.7582467685659454,0.7582467685659454
خرمنك,0.757985669529806,0.757985669529806
لحد الساعه,-0.7579060956721348,0.7579060956721348
قدرك,0.7574420656196114,0.7574420656196114
اسعار,-0.7570013406399217,0.7570013406399217
ويجعلو اهل,-0.7569802728898151,0.7569802728898151
ويجعلو,-0.7569802728898151,0.7569802728898151
وزمان,-0.7568487544726773,0.7568487544726773
شفتها,-0.7568392511560942,0.7568392511560942
حكام,0.7565881366486931,0.7565881366486931
الباكالوريا,-0.7565405513392636,0.7565405513392636
الدير والو,-0.7563594891600882,0.7563594891600882
عمرها,0.7563511993574137,0.7563511993574137
المجرب,-0.7561995176502967,0.7561995176502967
ربي يرحم,0.7561749799412139,0.7561749799412139
ولاد لقحاب,0.7555632237581769,0.7555632237581769
وبين,-0.7553448483512919,0.7553448483512919
الامين,-0.7547447900145279,0.7547447900145279
الرحيم,0.7544325069914379,0.7544325069914379
يدفع,0.7539811629255655,0.7539811629255655
يتفكر,0.7538095857606931,0.7538095857606931
مام با,0.7537416034545152,0.7537416034545152
الرحمان,0.7536500654952935,0.7536500654952935
الالاف العائلات,-0.7534519697736521,0.7534519697736521
اسطح,-0.7531872427203493,0.7531872427203493
يسمعو,-0.7529735711850014,0.7529735711850014
البق,0.7528581315621836,0.7528581315621836
لعقوبه,0.7522385175245097,0.7522385175245097
وهاذو,-0.7522272018513522,0.7522272018513522
خويا ربي,-0.7521681127182596,0.7521681127182596
اضراب,-0.7520265563849461,0.7520265563849461
معارض,-0.7519980254021633,0.7519980254021633
ميزان حسناتك,0.7516412646450322,0.7516412646450322
تحلبت,0.7515390162220658,0.7515390162220658
دوره,-0.7508261930661337,0.7508261930661337
الامازيغ,-0.7506400139154528,0.7506400139154528
رح,-0.7504253989748255,0.7504253989748255
الخلق,0.7502659698193093,0.7502659698193093
ارجو,-0.7501654972332455,0.7501654972332455
الوندال,-0.7493629969140291,0.7493629969140291
تاتو,-0.7493629969140291,0.7493629969140291
وغجر,-0.7493629969140291,0.7493629969140291
غبغاب تاتو,-0.7493629969140291,0.7493629969140291
بالمنتوجات,-0.7493629969140291,0.7493629969140291
تاتو بالمنتوجات,-0.7493629969140291,0.7493629969140291
وغجر الرومان,-0.7493629969140291,0.7493629969140291
تهاجمو,-0.7493629969140291,0.7493629969140291
تهاجمو غبغاب,-0.7493629969140291,0.7493629969140291
قالك تهاجمو,-0.7493629969140291,0.7493629969140291
الهاشتاق قالك,-0.7493629969140291,0.7493629969140291
بالمنتوجات الاجنبيه,-0.7493629969140291,0.7493629969140291
الرومان يناقرو,-0.7493629969140291,0.7493629969140291
يناقرو الهاشتاق,-0.7493629969140291,0.7493629969140291
يناقرو,-0.7493629969140291,0.7493629969140291
الاجنبيه السعوديه,-0.7493629969140291,0.7493629969140291
الرومان,-0.7493629969140291,0.7493629969140291
فائده,0.7491251976460103,0.7491251976460103
سيدنا,-0.7486783041513531,0.7486783041513531
منيش عارف,-0.7485178900199606,0.7485178900199606
عثماني,-0.748393015890427,0.748393015890427
بعت,0.7480966169735658,0.7480966169735658
تكسب,-0.7480619928524512,0.7480619928524512
رءيس,0.7479122861775961,0.7479122861775961
mouloudia kbira,0.7476146338419533,0.7476146338419533
بينما,0.7473206120924482,0.7473206120924482
السنوات,-0.7468663668901003,0.7468663668901003
zid,-0.7467008388203497,0.7467008388203497
احرار,0.7462958120785949,0.7462958120785949
وقاع,0.746097234518798,0.746097234518798
لخطرش,0.7460655924003969,0.7460655924003969
للجميع,0.7456435416089764,0.7456435416089764
تفكرت,0.7452084660943027,0.7452084660943027
واقف,-0.7447053927634284,0.7447053927634284
نفتح نقطه,-0.7442787525202775,0.7442787525202775
rouh nik,0.7438969064717837,0.7438969064717837
يكونوا,-0.7436045850078535,0.7436045850078535
امريكا,-0.7432842137674665,0.7432842137674665
انجبت,-0.7432156039194167,0.7432156039194167
مفور اروع,-0.7431681250150497,0.7431681250150497
اللهم امين,0.7430799227657658,0.7430799227657658
العسكري,0.7430661131768517,0.7430661131768517
ذوي الحقوق,-0.7428273814341861,0.7428273814341861
اجل,0.7426115645450995,0.7426115645450995
سنه,0.7422200252879965,0.7422200252879965
لمزيد المعلومات,-0.742132330372785,0.742132330372785
الجزائر الجديده,-0.7419984970966588,0.7419984970966588
وسلم,-0.7413030477848774,0.7413030477848774
رسم,-0.7410219662522584,0.7410219662522584
زبل,0.7409483076895682,0.7409483076895682
لاسيادهم,0.7405371136636562,0.7405371136636562
ويعلم,-0.7405135805074058,0.7405135805074058
الشيطان,-0.7404109916673065,0.7404109916673065
ايدي,-0.7400598706031081,0.7400598706031081
اطلقوا,0.739959654305985,0.739959654305985
خاطيني كامل,-0.7393155475025666,0.7393155475025666
يكمن,-0.739046512363793,0.739046512363793
بركا,-0.7388403897560222,0.7388403897560222
وكره,0.7387298037071206,0.7387298037071206
المقبور,-0.7380876246127989,0.7380876246127989
زوج,0.7379912470378716,0.7379912470378716
تسلك,0.7375982866989862,0.7375982866989862
بخصوص,-0.7374660283976878,0.7374660283976878
ملفات,0.7371549220951388,0.7371549220951388
الصغار,-0.7371420330847006,0.7371420330847006
اله يرحمهم,-0.7371147894445764,0.7371147894445764
الطريقه,-0.7370080262801659,0.7370080262801659
تنافيقي,0.7370044402890753,0.7370044402890753
معتمد,-0.7368533085453002,0.7368533085453002
اقول بابلو,-0.7366290102338795,0.7366290102338795
ربراب يشغل,-0.7366290102338795,0.7366290102338795
الكرامه,0.7360879073029997,0.7360879073029997
لاستقلال,-0.7356529951365601,0.7356529951365601
امر,-0.7352671453292388,0.7352671453292388
السعيد بوتفليقه,-0.7350491389986438,0.7350491389986438
ثقافه,-0.7349469868958791,0.7349469868958791
الخاج,-0.7338995754084181,0.7338995754084181
اعليك,0.733630331754501,0.733630331754501
والسكر,0.7335562889216081,0.7335562889216081
الطرد,-0.7330115970969109,0.7330115970969109
يخص,-0.7328833656152103,0.7328833656152103
ولكم,-0.7324789921098126,0.7324789921098126
وبدون,-0.7321694148533037,0.7321694148533037
الله اخي,-0.732157786818659,0.732157786818659
المواطن البسيط,-0.7321433267869507,0.7321433267869507
فشل,-0.7320831335166327,0.7320831335166327
الحمار,0.7319917091871145,0.7319917091871145
يمص دمك,0.7319198965510056,0.7319198965510056
ماتخليش ربراب,0.7319198965510056,0.7319198965510056
قوتك بالحلال,0.7319198965510056,0.7319198965510056
يمص,0.7319198965510056,0.7319198965510056
دمك ياكل,0.7319198965510056,0.7319198965510056
تكسب قوتك,0.7319198965510056,0.7319198965510056
ربراب ياكلك,0.7319198965510056,0.7319198965510056
ماتخليش,0.7319198965510056,0.7319198965510056
بالحلال ماتخليش,0.7319198965510056,0.7319198965510056
ياكلك تعبك,0.7319198965510056,0.7319198965510056
تعبك بسهوله,0.7319198965510056,0.7319198965510056
قوتك,0.7319198965510056,0.7319198965510056
تخاف,-0.7319059051103993,0.7319059051103993
قايد صالح,0.7308955935446063,0.7308955935446063
روراوه,0.7307611610793109,0.7307611610793109
نعبد ختك,0.7302411696971493,0.7302411696971493
طرف امير,-0.7301977084474002,0.7301977084474002
مانشروش,-0.729774958821711,0.729774958821711
يستهلو,-0.7296047337992762,0.7296047337992762
زيتوت ربي,0.7291834747144611,0.7291834747144611
عشره,-0.7287730753881343,0.7287730753881343
فالحبس,-0.7283478392323329,0.7283478392323329
لاباس,-0.72807039106737,0.72807039106737
الالاف العاءلات,-0.7279935473964395,0.7279935473964395
الايمان,0.7275919823460747,0.7275919823460747
نشري وحده,-0.7275261270840435,0.7275261270840435
فاز,0.7272889429515378,0.7272889429515378
يشعل,-0.7271707213878382,0.7271707213878382
لاكوست,-0.7266631178064294,0.7266631178064294
نتمني,0.7266232061235305,0.7266232061235305
الفريق,-0.726201621246592,0.726201621246592
قاعد,0.7258212274479202,0.7258212274479202
صحفي محترف,0.7257933585381903,0.7257933585381903
نيك موك,0.7255492492299074,0.7255492492299074
بالجبن,-0.7254476075846618,0.7254476075846618
استاذ ويرحم,0.7254285928631069,0.7254285928631069
يبقى,-0.725416002467702,0.725416002467702
تيري,0.7252320545629634,0.7252320545629634
الامازيغيه,0.7249305240263386,0.7249305240263386
القوم,-0.7248434133645709,0.7248434133645709
وسوء,0.7244528451690294,0.7244528451690294
خارج الوطن,0.7242848115243308,0.7242848115243308
matoub,-0.7241003516592234,0.7241003516592234
عدد,0.7239550484408438,0.7239550484408438
ويتنحاو قع,-0.7238302900617316,0.7238302900617316
وعلي حداد,0.7235380268922206,0.7235380268922206
ثقافه المقاطعه,-0.7224244704605619,0.7224244704605619
دوله,0.7223365110217796,0.7223365110217796
لقحبه,0.7220435179850745,0.7220435179850745
لايف,0.7219862109783137,0.7219862109783137
استاذ,0.7217387266634245,0.7217387266634245
راحت,-0.7211736475334466,0.7211736475334466
التحرير الوطني,-0.7211308640930626,0.7211308640930626
الجيش التحرير,-0.7211308640930626,0.7211308640930626
الشقيق,-0.7209041486617366,0.7209041486617366
الله يحفظك,-0.7208646543761693,0.7208646543761693
المواد,-0.7206599606086957,0.7206599606086957
امير راجل,-0.7205221491855308,0.7205221491855308
وعليكم,-0.720012867010358,0.720012867010358
اله يسهل,-0.7198366895737438,0.7198366895737438
باريس,0.7194051251512367,0.7194051251512367
الانسياق,-0.7190106382733668,0.7190106382733668
شوروم,0.7189541010900211,0.7189541010900211
ترى,0.7189131347939777,0.7189131347939777
رواحكم,-0.718827326046188,0.718827326046188
غراتان,-0.7187322387968355,0.7187322387968355
معني الكلمه,0.7186652469263012,0.7186652469263012
باتم معني,0.7186652469263012,0.7186652469263012
ادافع,0.7184197166693435,0.7184197166693435
جناته,-0.7182235540614023,0.7182235540614023
القبايلي,0.7179551158982397,0.7179551158982397
لاصحابها,-0.7163928101811232,0.7163928101811232
عميق,0.716152784576923,0.716152784576923
المزيد التالق,-0.7159820571053217,0.7159820571053217
تحليل,-0.7154943264266321,0.7154943264266321
العلي العظيم,0.7151710972092113,0.7151710972092113
والله العظيم,0.7146988093395035,0.7146988093395035
الميدان,0.7138676277542676,0.7138676277542676
صحيح,0.7134842429496282,0.7134842429496282
بباك,0.7131883890416177,0.7131883890416177
زواج,-0.7128951936497848,0.7128951936497848
نفسي,0.7128545309051177,0.7128545309051177
harkis goumi,0.7125520467392772,0.7125520467392772
ouled franca,0.7125520467392772,0.7125520467392772
بدماء,0.7122697601581663,0.7122697601581663
الشيته,0.7122316785827698,0.7122316785827698
تحبو,0.7119965888615197,0.7119965888615197
فرن,-0.7118991876104684,0.7118991876104684
ربي ياخذ,0.7115241756955895,0.7115241756955895
سيدكم,0.7113196636424576,0.7113196636424576
منضومه,0.7112966856145303,0.7112966856145303
حتي,-0.711255822588397,0.711255822588397
اهلهم,-0.7109995973416788,0.7109995973416788
ديدين البندقيه,0.7106193159310211,0.7106193159310211
نعبد ربي,0.7106179648399932,0.7106179648399932
تتنحاو,-0.7104883465793418,0.7104883465793418
والجزائر,0.7104086433155601,0.7104086433155601
القايد الصالح,0.7099707475341525,0.7099707475341525
الصالحه,-0.7096856105741827,0.7096856105741827
تغرق,-0.7094234850147803,0.7094234850147803
عافيه,-0.7093546224337876,0.7093546224337876
قوقل,-0.7092442362522691,0.7092442362522691
ماعليش,-0.7091055378810673,0.7091055378810673
موهبه,0.7090251538972947,0.7090251538972947
كلنا,-0.7086087281871936,0.7086087281871936
متقاعدي,-0.7085759655711602,0.7085759655711602
مالو,0.7084141069259514,0.7084141069259514
الرذيله,0.7083535681798578,0.7083535681798578
المتقدم,0.7083398046125395,0.7083398046125395
المتخلف,0.7083398046125395,0.7083398046125395
تضرب,-0.7082210176038165,0.7082210176038165
خضر,-0.7081959305922062,0.7081959305922062
يجد,-0.7080440779338296,0.7080440779338296
لحراش,0.7080143103494261,0.7080143103494261
سروال,0.7078008205083915,0.7078008205083915
مبروك والعاقبه,-0.7077741167263571,0.7077741167263571
لهذه,0.7075025003943984,0.7075025003943984
حياتنا,-0.7074560356777124,0.7074560356777124
ولاد لحرام,0.7073793348420537,0.7073793348420537
جربيه,-0.7072778638836287,0.7072778638836287
يقراو,0.7068965395259206,0.7068965395259206
عليا,-0.706850395654257,0.706850395654257
لشعب,-0.7068316138262872,0.7068316138262872
داله,-0.7068257719408595,0.7068257719408595
بكل,-0.7067967213618633,0.7067967213618633
فراك,0.7067030362496076,0.7067030362496076
شباب قسنطينه,0.7066476032913289,0.7066476032913289
تقولو,-0.7066166942072729,0.7066166942072729
بهدلتو,0.7065825709400813,0.7065825709400813
ساندويتش فريت,0.7059392216972048,0.7059392216972048
كالعاده,-0.7058384445337625,0.7058384445337625
نروح,-0.7057198842625891,0.7057198842625891
مزيد النجاح,-0.7055715950961116,0.7055715950961116
صايي,0.7055387154713073,0.7055387154713073
يلقاو,0.7055238441660585,0.7055238441660585
قلبها,-0.7053400899668,0.7053400899668
ولادها,0.704786123347318,0.704786123347318
الانبياء,-0.7045455826552585,0.7045455826552585
ردو,-0.7043506893157859,0.7043506893157859
امتيازات,-0.7042937693437549,0.7042937693437549
hadra,0.7039259287478253,0.7039259287478253
بقيت,-0.7035663392093756,0.7035663392093756
للوطن,-0.7033739519097689,0.7033739519097689
روح ينيكوك,0.7027681514547904,0.7027681514547904
شوفي,-0.7027557376027055,0.7027557376027055
التاليه,-0.7026819304861074,0.7026819304861074
الاتصال الارقام,-0.7026819304861074,0.7026819304861074
الارقام التاليه,-0.7026819304861074,0.7026819304861074
روح احشم,0.7025521065482686,0.7025521065482686
سيد ربراب,-0.7023168003228164,0.7023168003228164
اليه راجعون,-0.7015719636536656,0.7015719636536656
للاستقلال,-0.701419447448924,0.701419447448924
ابرز,-0.7013542729348908,0.7013542729348908
bsahtek,-0.7009197560131781,0.7009197560131781
نسجل,-0.7001007679457658,0.7001007679457658
برحمته,-0.6998931779306216,0.6998931779306216
ربي يهنيك,-0.6998337925123079,0.6998337925123079
العرش,-0.6990097597751813,0.6990097597751813
يعاقب,0.6989828060528321,0.6989828060528321
يظلم,0.6988925146469294,0.6988925146469294
معطوب ماشي,-0.6987806181772328,0.6987806181772328
يبارك ويزيد,-0.698751551108097,0.698751551108097
طاب,0.6986413454003708,0.6986413454003708
اكيد,-0.698459749817195,0.698459749817195
حقوقه,0.6983479840993865,0.6983479840993865
اطلقو صراح,-0.6982590345365736,0.6982590345365736
مبروك اخي,-0.6979329660538982,0.6979329660538982
تخراي,0.6976696686298921,0.6976696686298921
روحي تخراي,0.6976696686298921,0.6976696686298921
قلبي,-0.6966635515919878,0.6966635515919878
تستهلك الطاقه,-0.6964642194741333,0.6964642194741333
متفكرونيش,0.6961945383637184,0.6961945383637184
جربتها,-0.6959216357914023,0.6959216357914023
معطوب صح,-0.6957836973123279,0.6957836973123279
جميعا,-0.695641751321725,0.695641751321725
تضمن,0.6953649891419631,0.6953649891419631
شي مبروك,-0.6951175784184952,0.6951175784184952
فقر,-0.6950516846740977,0.6950516846740977
ياارب,-0.6938728495334406,0.6938728495334406
برب,0.6938682316883797,0.6938682316883797
واللي خدامين,-0.6933671982029429,0.6933671982029429
ربرب,-0.6932689934099995,0.6932689934099995
شيء,-0.6932426513406899,0.6932426513406899
مثال,0.6932323938311734,0.6932323938311734
جزاء,-0.6928476688119297,0.6928476688119297
بثلث,0.6927667314475645,0.6927667314475645
والتي,-0.6924381434007725,0.6924381434007725
النجاح شاء,-0.6922607373264045,0.6922607373264045
بركاو,0.6922043154967196,0.6922043154967196
يعطيهم,-0.6920113335843725,0.6920113335843725
تمشي,0.6911730919487209,0.6911730919487209
تراجع,0.6910778096471197,0.6910778096471197
تحاول,-0.6909967468009326,0.6909967468009326
ربراب جيش,-0.6907856408064759,0.6907856408064759
خمسه,-0.6903715921213918,0.6903715921213918
تستهل خير,0.6903418957441396,0.6903418957441396
تندمو,0.690314485757455,0.690314485757455
ربي يحفضك,0.6900090560386541,0.6900090560386541
اغلبيه,0.6897369962493435,0.6897369962493435
والجنرالات,-0.6895074290849349,0.6895074290849349
العسكر والجنرالات,-0.6895074290849349,0.6895074290849349
المنشور,0.6894617810498807,0.6894617810498807
اولادنا,0.6893532572809858,0.6893532572809858
حاير,0.6889649308885393,0.6889649308885393
الاقرب,-0.6887664092391745,0.6887664092391745
مولاه,-0.6886983384564181,0.6886983384564181
ريقل,0.6886859423710601,0.6886859423710601
ريقل روحك,0.6886859423710601,0.6886859423710601
لقيت,-0.6880974125596412,0.6880974125596412
مبروك شهاده,-0.687817522329701,0.687817522329701
اسحاق,-0.6876840210535885,0.6876840210535885
عفسه,0.687375660245687,0.687375660245687
ويا,0.6872002690233588,0.6872002690233588
واله العظيم,0.6867446168054728,0.6867446168054728
بالفريت,0.6863625366437371,0.6863625366437371
ولله,0.686053526897759,0.686053526897759
الاخ امير,-0.6860414748946043,0.6860414748946043
دنيا,0.6859732113437602,0.6859732113437602
حسيت,-0.6858146310788749,0.6858146310788749
تنجم,0.6854833457532717,0.6854833457532717
يبارك شاء,-0.6854151336069533,0.6854151336069533
قاله,0.6851934550847111,0.6851934550847111
لكل مجتهد,-0.6851453147663797,0.6851453147663797
ينصرنا,0.6848890695250837,0.6848890695250837
مقر,0.6848301375939008,0.6848301375939008
اويحي حداد,-0.6846517310141077,0.6846517310141077
تعلمون,-0.6843988408090773,0.6843988408090773
الدشره,0.6841416133052511,0.6841416133052511
مبروك ولعقوبه,-0.6838284953667788,0.6838284953667788
تعريف,-0.6836443077901023,0.6836443077901023
كلامها,0.6833722576758966,0.6833722576758966
اله واله,0.6832203455496739,0.6832203455496739
سامع,-0.68305973776939,0.68305973776939
اعرف اصلك,0.6826012080927085,0.6826012080927085
ارهابيه تسقط,-0.6825239021941943,0.6825239021941943
تعياو تشكمو,0.6818794027588684,0.6818794027588684
شحال تعياو,0.6818794027588684,0.6818794027588684
عقل وشويه,0.6818794027588684,0.6818794027588684
تعياو,0.6818794027588684,0.6818794027588684
وشويه عزه,0.6818794027588684,0.6818794027588684
وتهزو,0.6818794027588684,0.6818794027588684
عزه شحال,0.6818794027588684,0.6818794027588684
شويه عقل,0.6818794027588684,0.6818794027588684
مثلا شويه,0.6818794027588684,0.6818794027588684
تشكمو وتهزو,0.6818794027588684,0.6818794027588684
هادي,0.6818788003680006,0.6818788003680006
برعايه,0.6818472148594422,0.6818472148594422
اطار,-0.6817775346826097,0.6817775346826097
بلعقل,-0.6811726546039273,0.6811726546039273
الاخري,0.6809227422319127,0.6809227422319127
عز,-0.6807808308026155,0.6807808308026155
نتمنى,0.680660590332406,0.680660590332406
مبروك مبروك,0.6805974009842386,0.6805974009842386
والعياذ باله,0.6803890681744416,0.6803890681744416
الباطل,0.680146088318433,0.680146088318433
متفق,-0.6798770594453598,0.6798770594453598
الحذر,-0.6794821555048803,0.6794821555048803
داعش,0.6792502879199189,0.6792502879199189
اله تبارك,-0.6792311559627262,0.6792311559627262
بسهوله,-0.67905787004958,0.67905787004958
مواد,-0.6782199206803419,0.6782199206803419
اله سلم,-0.6780345349533513,0.6780345349533513
يحفظك شاء,-0.6779755289580794,0.6779755289580794
عرفت,-0.6777239848480598,0.6777239848480598
bravo,-0.6776489829269337,0.6776489829269337
كشفهم,0.6772138642730666,0.6772138642730666
شرق غرب,-0.6770144784687212,0.6770144784687212
نفرح,-0.6770118714810248,0.6770118714810248
ويغفر ويسكنه,-0.6769966941727814,0.6769966941727814
يقعد,-0.6765220379264191,0.6765220379264191
المدنيه,0.6765034989680437,0.6765034989680437
لمنتوجاتكم,-0.6764403899139114,0.6764403899139114
السلامه,0.6763528390773164,0.6763528390773164
ارواح,-0.6760587679791183,0.6760587679791183
اهداف,-0.6757516729407389,0.6757516729407389
سجل اهداف,-0.6757516729407389,0.6757516729407389
الرسول,0.6754492642852568,0.6754492642852568
سريو,-0.6752348510584867,0.6752348510584867
مشتبه,0.6749220635821623,0.6749220635821623
الجبل,-0.6744919484305645,0.6744919484305645
رني,-0.674264445282407,0.674264445282407
ماريكان,-0.6742592442223565,0.6742592442223565
سولكينق,-0.6742219447820517,0.6742219447820517
رجلا,-0.6732212632435147,0.6732212632435147
الله يرحمها,-0.6731550562656471,0.6731550562656471
خيرا,-0.6728314871228549,0.6728314871228549
صبحانو,-0.6725349900082358,0.6725349900082358
خاصه,-0.6721329293362825,0.6721329293362825
قوه بالله,-0.6720961926490197,0.6720961926490197
خونا امير,0.671480394208195,0.671480394208195
مني,-0.6712623738098691,0.6712623738098691
العلي,0.6711614806302578,0.6711614806302578
مبروك لتونس,-0.6711494161662586,0.6711494161662586
رسول اله,-0.6710679623466876,0.6710679623466876
باذن الله,0.6709249591419173,0.6709249591419173
الالاف,-0.670797344135773,0.670797344135773
الحنون,0.6700939853873292,0.6700939853873292
ينيكلك,0.6697031534639478,0.6697031534639478
يتضامن,0.6696884458501031,0.6696884458501031
الصحفي الحر,-0.6691638265953151,0.6691638265953151
الثقه,-0.6682793387622702,0.6682793387622702
amir dz,0.6677470913378684,0.6677470913378684
المصيبه,0.6677358127700905,0.6677358127700905
goumi irhabi,0.6675929216752433,0.6675929216752433
irhabi,0.6675929216752433,0.6675929216752433
irhabi ouled,0.6675929216752433,0.6675929216752433
دير حياتك,0.6674227275177471,0.6674227275177471
الله تبارك,-0.6671866982024861,0.6671866982024861
ماركه,-0.6670069991219287,0.6670069991219287
لوقت,0.6669001351440202,0.6669001351440202
عمره,0.6668873455282253,0.6668873455282253
سيسقط,0.6668738095873702,0.6668738095873702
عربي شاوي,0.6667170048403529,0.6667170048403529
ياو,0.6663752014744007,0.6663752014744007
يحفظك,-0.6663265674674117,0.6663265674674117
وكيلك,0.6662886935940936,0.6662886935940936
والصلاه والسلام,-0.6661932301642871,0.6661932301642871
خصاءص,-0.6660417494168583,0.6660417494168583
قران,-0.6658765503720419,0.6658765503720419
لخدمه,-0.6658406715739827,0.6658406715739827
امنيه,-0.6658245404424845,0.6658245404424845
يومين,-0.6655795309807888,0.6655795309807888
ادم,0.6655761085093158,0.6655761085093158
كذبوا,-0.6649830765954464,0.6649830765954464
كشعب,-0.6649649324324084,0.6649649324324084
وفجاه,0.6645253835149124,0.6645253835149124
يحبوك,-0.6642823024852683,0.6642823024852683
الناس يحبوك,-0.6642823024852683,0.6642823024852683
ويلاقيك,0.664071808881715,0.664071808881715
ويلاقيك بيها,0.664071808881715,0.664071808881715
عرض,-0.6638339987401876,0.6638339987401876
اليد اليد,-0.6636486544405518,0.6636486544405518
الاعراض,0.6636301964623463,0.6636301964623463
تقشف,-0.6635703293833766,0.6635703293833766
تنطق,0.6632913664796782,0.6632913664796782
احترام,0.6628024831892984,0.6628024831892984
مساكن,0.6622933027774132,0.6622933027774132
الحس,-0.6617815077298198,0.6617815077298198
دير الحس,-0.6617815077298198,0.6617815077298198
وعمي,-0.6612459954093197,0.6612459954093197
قتلهم,0.6606160182639947,0.6606160182639947
باذن,-0.6605666476017692,0.6605666476017692
يصدر مذكره,0.6601747673170828,0.6601747673170828
الجزيره,0.6591762739742171,0.6591762739742171
السادس,-0.6589411685459537,0.6589411685459537
الابرياء,0.6588484240789112,0.6588484240789112
القدس عاصمه,0.6586634391326409,0.6586634391326409
غيره,0.6578809019060755,0.6578809019060755
استفسار,-0.6577750075297035,0.6577750075297035
ايت,0.656489541256078,0.656489541256078
يقود البلاد,-0.6560345127968066,0.6560345127968066
النجاح التوفيق,-0.6556384522617749,0.6556384522617749
السفير,-0.6555784853914537,0.6555784853914537
ماراناش,0.6553192585175369,0.6553192585175369
بغيتي,-0.6550405598923381,0.6550405598923381
لكان جات,-0.654897404064092,0.654897404064092
زعمه,0.654665240682717,0.654665240682717
الصدق والمصداقيه,0.6543883501786253,0.6543883501786253
ديالكم,-0.6541926570198675,0.6541926570198675
فاشله,0.6541067940316408,0.6541067940316408
nsiporti,-0.6540393165325179,0.6540393165325179
لله نعمه,-0.6539164816578182,0.6539164816578182
الصحيح,-0.6538921547730105,0.6538921547730105
اسكت,0.6537320088915808,0.6537320088915808
روح استغفر,0.6536922321182469,0.6536922321182469
انفسهم,0.6528753210872117,0.6528753210872117
انسان ناجح,0.6527922302186029,0.6527922302186029
وجاي,0.6517249704466945,0.6517249704466945
قست,0.6514545776891465,0.6514545776891465
العرب,-0.6511170660411719,0.6511170660411719
يوم القيامه,0.6510387431916718,0.6510387431916718
ندير,0.6508768393958515,0.6508768393958515
وضركا,0.6508192576281014,0.6508192576281014
لحكم,-0.6505352624778934,0.6505352624778934
ديالي,-0.650458654213362,0.650458654213362
يساوي,-0.6500920103899576,0.6500920103899576
الحلال,-0.6500900126214211,0.6500900126214211
دير,-0.6500074864802289,0.6500074864802289
وانتا,0.6498712537865134,0.6498712537865134
بوتفليقه اليس,0.649709558776169,0.649709558776169
عهد بوتفليقه,0.649709558776169,0.649709558776169
الحمد لله,0.6496331843185634,0.6496331843185634
اغلبهم,0.6492940450850669,0.6492940450850669
مناش,-0.6491535933431872,0.6491535933431872
سبب,-0.6491263928947523,0.6491263928947523
المهم,-0.6489773331036992,0.6489773331036992
احكي,0.6488300455018052,0.6488300455018052
بلاد المسلمين,0.6487520977150173,0.6487520977150173
الفرنسي,-0.6482678656442523,0.6482678656442523
الله وسلم,0.6481378337520834,0.6481378337520834
منو,0.6480146689148705,0.6480146689148705
لحلو طاجين,-0.6479040329665274,0.6479040329665274
ماشفتش,-0.6479031013052825,0.6479031013052825
هاز,-0.6476460573517305,0.6476460573517305
قبايل,-0.6473332301830592,0.6473332301830592
العزيز,-0.6468637516731823,0.6468637516731823
تلعب,-0.6461887070971385,0.6461887070971385
سياسي,0.6461475981928974,0.6461475981928974
يخلف,0.6460963155575449,0.6460963155575449
تغني,0.6456872734106339,0.6456872734106339
توجد سيوله,0.6455500761573565,0.6455500761573565
خزينه,-0.6455358339336594,0.6455358339336594
دخلت ديدين,-0.6455336858461338,0.6455336858461338
المصالح,0.6450819678770696,0.6450819678770696
يتبعوا,0.6447499564175531,0.6447499564175531
مالغري,0.6444851848173636,0.6444851848173636
تمسخرو,-0.6444092579957177,0.6444092579957177
خوفا,-0.6437954327989228,0.6437954327989228
بحفظ,0.6435141314695576,0.6435141314695576
نوض,-0.6434276459576598,0.6434276459576598
اخوانا,-0.6434032481818516,0.6434032481818516
مستقله,0.6432822699869286,0.6432822699869286
السوداء,0.6430900447622276,0.6430900447622276
مبروك مزيد,-0.6429083437885763,0.6429083437885763
الوطني الجزائري,-0.6425325389613787,0.6425325389613787
اله يعطيك,-0.6422042197319354,0.6422042197319354
الحشر,0.6420536761965864,0.6420536761965864
ورحم,0.6409613768054291,0.6409613768054291
اشيو,0.6402725489032303,0.6402725489032303
الحاجه,0.6401737249770122,0.6401737249770122
طحاحنا,0.639447890214069,0.639447890214069
المزيد النجاحات,-0.639438619015104,0.639438619015104
قوانين,-0.6393461324910885,0.6393461324910885
المصير,-0.6391119512891725,0.6391119512891725
بقمع,0.6387398409947285,0.6387398409947285
السارق,-0.6386400480308865,0.6386400480308865
المسءولين,0.6381978771467367,0.6381978771467367
طلبي,-0.637983296439824,0.637983296439824
اندرويد,-0.6378400795397768,0.6378400795397768
التجاره,0.6375674629420425,0.6375674629420425
شيء ممكن,-0.6374085124070933,0.6374085124070933
الم,-0.6371939774403307,0.6371939774403307
ذالك,0.6369415138094193,0.6369415138094193
فغنسا,0.6367584486303826,0.6367584486303826
روح تلعب,0.636420148972669,0.636420148972669
موقع,0.6362782896966039,0.6362782896966039
المرور والى,-0.6361069426506244,0.6361069426506244
رئيس الجمهوريه,-0.6361069426506244,0.6361069426506244
سراق ربراب,0.6361005101487566,0.6361005101487566
الطبيب,-0.6360860149190714,0.6360860149190714
السعيد,0.6356451620058731,0.6356451620058731
يسترنا,0.6355506429668933,0.6355506429668933
موش بدا,-0.6352391844797504,0.6352391844797504
بدا الالفينات,-0.6352391844797504,0.6352391844797504
الالفينات,-0.6352391844797504,0.6352391844797504
خارج,-0.6350267444881755,0.6350267444881755
free,-0.6348253671563912,0.6348253671563912
ولاه,-0.6345600249799346,0.6345600249799346
تصدر,-0.6344433675649244,0.6344433675649244
شاء,-0.6343335301066669,0.6343335301066669
سولكينج,0.63418599711073,0.63418599711073
اصلها الدوله,-0.6336863295477285,0.6336863295477285
العشريه السوداء,0.6335387968564674,0.6335387968564674
هاشتاق,0.6331506718424041,0.6331506718424041
ويذل يشاء,0.6329954538747365,0.6329954538747365
يعز,0.6329954538747365,0.6329954538747365
يعز يشاء,0.6329954538747365,0.6329954538747365
يشاء ويذل,0.6329954538747365,0.6329954538747365
ابنه,-0.6329359504089342,0.6329359504089342
ويديرو,0.6323734696456962,0.6323734696456962
مؤسف,-0.6322873858036595,0.6322873858036595
الشهادات,-0.6319025572905465,0.6319025572905465
كبيره,0.6310901309016176,0.6310901309016176
الله ربي,-0.6307423259793082,0.6307423259793082
تتخلط,-0.6304904501956193,0.6304904501956193
شكيب خليل,-0.6301060535685413,0.6301060535685413
نشجع مولوديه,-0.6300665983765147,0.6300665983765147
اسب,-0.6300581554232404,0.6300581554232404
نهبوا,-0.6298068666376024,0.6298068666376024
عربي,-0.6297802208272347,0.6297802208272347
موالف,-0.6297216249123371,0.6297216249123371
بيا,-0.6292384039466337,0.6292384039466337
الامطار,0.628617147931845,0.628617147931845
نعلق,-0.6285629673080169,0.6285629673080169
اوربا,0.6279092158094484,0.6279092158094484
فلبحر,0.6277360344046485,0.6277360344046485
بوخروبه,0.6277353929514004,0.6277353929514004
الشعبي,-0.627055941008977,0.627055941008977
يجعلك,-0.6269798632275206,0.6269798632275206
دابه,-0.6269601015437202,0.6269601015437202
ربي,-0.6265648869086787,0.6265648869086787
صعب,0.6264632802148298,0.6264632802148298
سيكون,-0.6264503612330531,0.6264503612330531
مبروك استاذ,-0.6260920256650278,0.6260920256650278
نحورهم,-0.6260463167975874,0.6260463167975874
حكمك عدل,-0.6255164248578463,0.6255164248578463
تقرير,-0.6253001049792162,0.6253001049792162
لحراك,0.6252409288362906,0.6252409288362906
الامه,-0.625025392982366,0.625025392982366
الجمعه نخرجو,0.6241604182636027,0.6241604182636027
ريحو الجمعه,0.6241604182636027,0.6241604182636027
ميزان سكر,0.6241494897862939,0.6241494897862939
سراق ميزان,0.6241494897862939,0.6241494897862939
ديرو,0.6234974763627903,0.6234974763627903
تحيا الشعب,-0.6233792100791723,0.6233792100791723
قواد دخلك,0.623159801989609,0.623159801989609
ينسى,-0.6226373860337192,0.6226373860337192
مغبون,-0.6221770136134954,0.6221770136134954
الاستفاده,0.6219635437138339,0.6219635437138339
ميموار,-0.6217968443019998,0.6217968443019998
فيلا,0.6217886934225986,0.6217886934225986
اللهم احفظ,-0.6216461615772161,0.6216461615772161
رفع اليد,0.6210342917290316,0.6210342917290316
تخلص,-0.6208718935983853,0.6208718935983853
واعطيوني,0.6206946633948041,0.6206946633948041
ماراهيش,-0.6206149628777468,0.6206149628777468
حبيت نشري,-0.6203412775145174,0.6203412775145174
روح نيك,0.6198537936048473,0.6198537936048473
قولو,0.6195703385923612,0.6195703385923612
كونطر,-0.6194295113728784,0.6194295113728784
نقلوه,-0.6191235794967359,0.6191235794967359
زيت نحزسو,-0.6191235794967359,0.6191235794967359
نحزسو,-0.6191235794967359,0.6191235794967359
اسعار متناول,-0.6191235794967359,0.6191235794967359
حوت,-0.6191235794967359,0.6191235794967359
ماعندنا زيت,-0.6191235794967359,0.6191235794967359
حوت نقلوه,-0.6191235794967359,0.6191235794967359
العزيز ربي,-0.6183575623154536,0.6183575623154536
خويا العزيز,-0.6183575623154536,0.6183575623154536
مغلقه,0.6183332543863999,0.6183332543863999
كافر,-0.6178357494094371,0.6178357494094371
يبارك خويا,-0.61749890894348,0.61749890894348
لشهادات,-0.6174374609895971,0.6174374609895971
طلعو,0.6162822927914741,0.6162822927914741
الحقيقيه,0.6162078185153163,0.6162078185153163
اوملات بالبيض,0.6160342008717192,0.6160342008717192
mchi,0.615976294594759,0.615976294594759
وحب,0.6157354898398537,0.6157354898398537
يسمعلك,0.6151986456417903,0.6151986456417903
الشعوب,-0.6149751214338005,0.6149751214338005
منا منهيه,-0.6146120424430457,0.6146120424430457
منهيه,-0.6146120424430457,0.6146120424430457
يسكنها فسيح,0.6143467628444443,0.6143467628444443
يسكنها,0.6143467628444443,0.6143467628444443
aime,-0.6139921284749824,0.6139921284749824
الرحمن الرحيم,-0.6138605262654373,0.6138605262654373
اخواتنا,-0.6136345187520893,0.6136345187520893
كيفو,-0.6136304677269181,0.6136304677269181
هاو,0.6134025241850818,0.6134025241850818
روح تعلم,0.6127671685289487,0.6127671685289487
مزيا,0.6126587332713024,0.6126587332713024
فريده,-0.6122388100789513,0.6122388100789513
منعرف,-0.6121651962393941,0.6121651962393941
كره اليد,-0.6116841833090751,0.6116841833090751
انفسكم,0.6116527492527185,0.6116527492527185
دليل بينه,-0.6109995317291622,0.6109995317291622
بينه,-0.6109995317291622,0.6109995317291622
الصهاينه,-0.6103106885836761,0.6103106885836761
اختيار,-0.6099754284998316,0.6099754284998316
حبيتو,-0.6095657946262927,0.6095657946262927
ايا ربراب,0.6094862747672403,0.6094862747672403
حارب المسلمين,-0.6092920597460179,0.6092920597460179
رحم الله,0.609026376860151,0.609026376860151
quoi,0.6089735537767511,0.6089735537767511
التغير,-0.608895056318966,0.608895056318966
تكرهو,0.6086724304164385,0.6086724304164385
ليراه,-0.6084444533579405,0.6084444533579405
شويا,-0.6078643192055544,0.6078643192055544
نفوذ,-0.607175235670628,0.607175235670628
والوا,0.6068686032004585,0.6068686032004585
ورقله,0.6065594778232037,0.6065594778232037
حكمك,0.6065351400623487,0.6065351400623487
فءه,-0.6062722019236562,0.6062722019236562
علامه,-0.6058907499970216,0.6058907499970216
استرجاع الاموال,-0.6056240350332925,0.6056240350332925
تتحدث,-0.6053649128648412,0.6053649128648412
المجاهد,-0.6050743036105213,0.6050743036105213
يجب علينا,-0.6039465491362989,0.6039465491362989
جيتي,0.603681349041629,0.603681349041629
وفقط,0.6035867567694845,0.6035867567694845
بيهم,-0.6028557572431776,0.6028557572431776
بعضهم,0.6027792363070632,0.6027792363070632
يرحم اموات,0.6026129617900703,0.6026129617900703
ينعلك وينعل,0.6025772168771593,0.6025772168771593
الارهابيه تسقط,0.6025672506164422,0.6025672506164422
franca harkis,0.6019760934985602,0.6019760934985602
بعضنا,-0.6015463980517747,0.6015463980517747
تصلح,0.6014830810712373,0.6014830810712373
نزيد نتاكد,-0.600926543289997,0.600926543289997
wech,0.6006382328168582,0.6006382328168582
والشفافيه,0.6001960450012593,0.6001960450012593
يخدم بلادو,-0.5997511649308754,0.5997511649308754
اتقوا الله,-0.5992562451051177,0.5992562451051177
اله ربي,-0.5992365045566802,0.5992365045566802
يحفضك,0.5992209546335089,0.5992209546335089
كبرت,-0.598447271646455,0.598447271646455
البلغارين,-0.5979994208648459,0.5979994208648459
البلغارين وغجر,-0.5979994208648459,0.5979994208648459
الوندال البلغارين,-0.5979994208648459,0.5979994208648459
تصريح,-0.5979446828589526,0.5979446828589526
حتا,-0.5978975759479866,0.5978975759479866
منطيحوش,0.5978034941034335,0.5978034941034335
يقولون,-0.597514404945224,0.597514404945224
لويزه,-0.5975008448160334,0.5975008448160334
لويزه حنون,-0.5975008448160334,0.5975008448160334
حنون,-0.5975008448160334,0.5975008448160334
شعري,-0.5973089570926617,0.5973089570926617
معنا,-0.5971261313544659,0.5971261313544659
بالدواء,0.5970060475704453,0.5970060475704453
يبيع السكر,-0.5963801679839993,0.5963801679839993
تجيبو,0.5962299860360873,0.5962299860360873
المصابين,-0.596151395553988,0.596151395553988
يسكن,-0.5959591685329119,0.5959591685329119
الاشهار,-0.5957376924271869,0.5957376924271869
قول,-0.5953980927974042,0.5953980927974042
دزاير,-0.5951883664277178,0.5951883664277178
اﻻ,-0.5950392953272547,0.5950392953272547
تعوم,-0.5946197287787015,0.5946197287787015
السور,-0.5946019060958495,0.5946019060958495
عربيه,-0.5944351260790923,0.5944351260790923
مخابرات,-0.5942842230593914,0.5942842230593914
قليل,-0.5940769727071918,0.5940769727071918
فوطو,0.5933993609340897,0.5933993609340897
وصحبه اجمعين,-0.5931270345227251,0.5931270345227251
يغفر ينام,-0.5930248425477843,0.5930248425477843
ينام,-0.5930248425477843,0.5930248425477843
الفوط,-0.5928643952476843,0.5928643952476843
يقسم,0.5927461491260761,0.5927461491260761
لاله,-0.5924788395279867,0.5924788395279867
استثمر,-0.5923772037488603,0.5923772037488603
ويغفر,-0.5918690000939089,0.5918690000939089
تقتلو,-0.5914348190203929,0.5914348190203929
وتقدير,-0.5912215995771946,0.5912215995771946
ماشاء اله,-0.5911384400961969,0.5911384400961969
دور,0.5906534742151386,0.5906534742151386
بابجي,-0.5905935076626804,0.5905935076626804
مال,-0.5904042672040775,0.5904042672040775
نتع,0.5903924545381043,0.5903924545381043
العزم,-0.5893977872444954,0.5893977872444954
حقوق,0.5893018090590321,0.5893018090590321
ديال,0.5891103249370981,0.5891103249370981
بلا شك,0.5890228834277207,0.5890228834277207
جام رتويت,-0.5888727168484714,0.5888727168484714
التعامل,0.5886036182251686,0.5886036182251686
مزير,-0.5885735492454289,0.5885735492454289
الجزائرين,-0.5883742367703448,0.5883742367703448
طيز مك,0.5879389551879316,0.5879389551879316
تان,0.5878166960922331,0.5878166960922331
خطر,-0.5873794426648585,0.5873794426648585
يدير,0.5873489735643892,0.5873489735643892
dir,0.5870950499685639,0.5870950499685639
شيشناق,0.5868072073486461,0.5868072073486461
بنسبه,-0.5866003886166781,0.5866003886166781
عراس,0.5865485661770063,0.5865485661770063
الدولارات,0.5855698565159865,0.5855698565159865
حبا,-0.5849433888738073,0.5849433888738073
غمه,0.5849395928831569,0.5849395928831569
ماشيه,0.584040508902493,0.584040508902493
الزعيم,-0.583768792282087,0.583768792282087
قضيه اعتقال,-0.5836780966987121,0.5836780966987121
الانسياق وراء,-0.5836780966987121,0.5836780966987121
وقحاب,0.5831547008036211,0.5831547008036211
مءسف,-0.5831022988640112,0.5831022988640112
لولاد,-0.5830874790452457,0.5830874790452457
تديو,0.5830680623714942,0.5830680623714942
الحراك استعمال,-0.5828124430353788,0.5828124430353788
لعرب لقبايل,-0.5827099488291533,0.5827099488291533
السخانه,0.5824852904447221,0.5824852904447221
مكروه,-0.5824135662038112,0.5824135662038112
حمود بوعلام,0.5822849432085526,0.5822849432085526
حمود,0.5822849432085526,0.5822849432085526
افتح,0.581485996402346,0.581485996402346
يحفظك استاذي,0.5811297064243214,0.5811297064243214
يمس,-0.5811153061691983,0.5811153061691983
سكن,-0.5809324427538108,0.5809324427538108
تعرض,-0.5805034884211857,0.5805034884211857
موفق,-0.5800520982837293,0.5800520982837293
ينفع,-0.5794239405397676,0.5794239405397676
بانه,-0.5791490617717753,0.5791490617717753
والحركه,-0.5787900351843454,0.5787900351843454
يتكلم,-0.5785442422186651,0.5785442422186651
بالخبز,0.5785384215842434,0.5785384215842434
توبوا,-0.5783761253947136,0.5783761253947136
اله الوكيل,0.5778173002940885,0.5778173002940885
اسرائيل,0.5776435373510649,0.5776435373510649
ركم,-0.577540910688979,0.577540910688979
وجبه,-0.5773329605767904,0.5773329605767904
الطاهره جزاك,0.5771370772866254,0.5771370772866254
عطيني,-0.5770750204214287,0.5770750204214287
اموك,0.5763492574430908,0.5763492574430908
نيك اموك,0.5763492574430908,0.5763492574430908
عمرك يرحم,0.5762670936173316,0.5762670936173316
كامل,0.5758224640752876,0.5758224640752876
زيت ربراب,0.5755057696511066,0.5755057696511066
المشكل الشعب,-0.5749545043861003,0.5749545043861003
عسكر,0.5748657229043684,0.5748657229043684
سابقا,-0.5747938830968903,0.5747938830968903
عاود,0.5746970789424484,0.5746970789424484
مبروك العاقبه,-0.5746950202574467,0.5746950202574467
ماراكش,0.5746863699898012,0.5746863699898012
الثابتين,-0.5746344968001805,0.5746344968001805
الاحرار الثابتين,-0.5746344968001805,0.5746344968001805
ونعم,-0.5745670675557899,0.5745670675557899
والعاقبه,-0.57411547548941,0.57411547548941
اليسار,-0.5735716768872039,0.5735716768872039
تحلم,0.573478171391275,0.573478171391275
ذبحوا الشعب,0.573233654520926,0.573233654520926
ذبحوا,0.573233654520926,0.573233654520926
كلاش,-0.572829357364838,0.572829357364838
المسيح الدجال,-0.5715898442656915,0.5715898442656915
المسيح,-0.5715898442656915,0.5715898442656915
رب العالمين,-0.5715898012766742,0.5715898012766742
dz,-0.5714265869844115,0.5714265869844115
انهم,0.5714108819480919,0.5714108819480919
ydir,-0.5712675277157261,0.5712675277157261
الرحمن,-0.5706460412510175,0.5706460412510175
صل,-0.5704409819439603,0.5704409819439603
العاب,-0.5701436572976669,0.5701436572976669
سراح ربراب,-0.5699440489646669,0.5699440489646669
عقده,0.5698503979244608,0.5698503979244608
متاحدين,0.5696199520913778,0.5696199520913778
مار,-0.5695844765215391,0.5695844765215391
عمليات,-0.5695108937605651,0.5695108937605651
السجون,-0.5693581843806331,0.5693581843806331
السيد ربراب,-0.5692788996737399,0.5692788996737399
يرجعوها,-0.5690670514966524,0.5690670514966524
el,0.5690305966912327,0.5690305966912327
اخي الكريم,0.568943161117055,0.568943161117055
لاسرائيل,-0.568724256727069,0.568724256727069
يظهر,-0.568287076294521,0.568287076294521
غاندي,0.5681379790235404,0.5681379790235404
مغادره,0.5680972260839094,0.5680972260839094
تعك,0.567716498170244,0.567716498170244
جيد,0.5675634513881418,0.5675634513881418
وارواح,0.56737758766822,0.56737758766822
لوكان جيتي,0.5673613872037757,0.5673613872037757
يمثل,0.5671450806640296,0.5671450806640296
يمكنكم الاتصال,-0.5670442775626985,0.5670442775626985
يخرجوا,0.5667541035965186,0.5667541035965186
اخواننا,-0.5661337891310864,0.5661337891310864
الوصوص,-0.5654380074565242,0.5654380074565242
البونديه الوصوص,-0.5654380074565242,0.5654380074565242
البونديه,-0.5654380074565242,0.5654380074565242
اخينا,-0.5653604357286895,0.5653604357286895
المزيد النجاح,-0.5653017191379723,0.5653017191379723
صادقين,-0.565188639775358,0.565188639775358
الثالث,-0.5650151702919989,0.5650151702919989
نسال الله,-0.5649468187539131,0.5649468187539131
لخارج,-0.5649045184534126,0.5649045184534126
يعاندو,-0.5648292572535095,0.5648292572535095
كات,-0.5643597783132174,0.5643597783132174
بعدو,-0.564293659597155,0.564293659597155
يسمعوا,-0.5639179583812239,0.5639179583812239
حسادين,0.5638063914635817,0.5638063914635817
اعجاب,0.5638029324467988,0.5638029324467988
سيدي,0.5637564201504669,0.5637564201504669
الحشيش,0.5637510952676082,0.5637510952676082
المرتزقه,-0.5635403505587464,0.5635403505587464
الصهيوني,-0.5633688940512582,0.5633688940512582
اللهم اني,0.5633260955979341,0.5633260955979341
ربنا,-0.5631333505932227,0.5631333505932227
حاجه ربي,-0.562972835791179,0.562972835791179
نكونوا,-0.562858133593753,0.562858133593753
يبيعو,0.5628332706301581,0.5628332706301581
تحيا الجزائر,0.5627212876379051,0.5627212876379051
ظاهره,0.5625977204539269,0.5625977204539269
الذراري,-0.5623277246826633,0.5623277246826633
مبروك اسد,-0.5621866135850416,0.5621866135850416
انتظار,0.5618040048081095,0.5618040048081095
امشي لعنه,0.5614198227236009,0.5614198227236009
منهم,0.5613148274846372,0.5613148274846372
الدل,0.5613062795285401,0.5613062795285401
الاستقلال,-0.5604942633204176,0.5604942633204176
مثواه,-0.5604762428554934,0.5604762428554934
ومخلي شعبو,-0.5602456884690584,0.5602456884690584
ومخلي,-0.5602456884690584,0.5602456884690584
شعبو,-0.5602456884690584,0.5602456884690584
شعبو يطلب,-0.5602456884690584,0.5602456884690584
ايقافه,0.560062630970766,0.560062630970766
المسلسل,-0.5599693117916263,0.5599693117916263
بالاخص,0.5597431120034433,0.5597431120034433
ماديا,0.5596222740180375,0.5596222740180375
رضي اله,-0.5593345242040645,0.5593345242040645
صناعه,0.5592888534023022,0.5592888534023022
ونتوم,0.5588293461802797,0.5588293461802797
وزن,-0.558512161421501,0.558512161421501
amin,-0.5584750211723232,0.5584750211723232
رايه,0.5582155466814588,0.5582155466814588
مسكين,0.5579821590069552,0.5579821590069552
وانا اليه,-0.5579466738429916,0.5579466738429916
راسك,0.5578411289164587,0.5578411289164587
يترشح,-0.557833518479188,0.557833518479188
نسبورتي,-0.5578175089412376,0.5578175089412376
طفله,0.5572113735625428,0.5572113735625428
اعقابهم,-0.5571984573932043,0.5571984573932043
امير ديما,-0.5571526348675657,0.5571526348675657
التوجه,-0.5571335883892399,0.5571335883892399
والحره,0.5569576936876334,0.5569576936876334
خصائص,-0.5567783840454567,0.5567783840454567
وتقولوا,0.5566651103668301,0.5566651103668301
واله خير,0.5565198357893651,0.5565198357893651
ويمكر اله,0.5565198357893651,0.5565198357893651
اعطيني,-0.5562611671944148,0.5562611671944148
سولكينغ,-0.5560145127082021,0.5560145127082021
مسخره,-0.5559857117138738,0.5559857117138738
زطشي,0.5559181050579093,0.5559181050579093
لعقوبه لمزيد,-0.5557935648743004,0.5557935648743004
الاذكار,-0.5556921206761205,0.5556921206761205
يدريسو,0.555365025612091,0.555365025612091
اله لغه,-0.5550141350480754,0.5550141350480754
العسر,-0.5538947990675994,0.5538947990675994
مقابل,0.5536696928362241,0.5536696928362241
النهار,-0.5527951279142773,0.5527951279142773
امازيغ,-0.5524400895088851,0.5524400895088851
تبارك الله,-0.5521453920438972,0.5521453920438972
بالدجاج,-0.5518172669754733,0.5518172669754733
يجعلها ميزان,0.5515308618015536,0.5515308618015536
يجعلها,0.5515308618015536,0.5515308618015536
الغاشي,0.5514255514191321,0.5514255514191321
سرقت,-0.5514230274761427,0.5514230274761427
عائله,0.5511424621068576,0.5511424621068576
وزيره,0.5511285540645241,0.5511285540645241
سوء السوء,-0.5506500266659372,0.5506500266659372
الجديده سوء,-0.5506500266659372,0.5506500266659372
قضاءك,-0.5505868860627671,0.5505868860627671
الجزائري,-0.5503376517250923,0.5503376517250923
لكوندور,-0.54986523017564,0.54986523017564
ربي يقدر,-0.549427330745431,0.549427330745431
جمهوريه,-0.5487738484527839,0.5487738484527839
لكاش,-0.5486985432260401,0.5486985432260401
عايشين,-0.5483515362877251,0.5483515362877251
الهم احفظ,-0.5482281721704411,0.5482281721704411
مندير,-0.5482109269862675,0.5482109269862675
العملاقه,-0.5481971642447814,0.5481971642447814
الوطن,-0.5481512909631788,0.5481512909631788
الجايه,-0.5479172868615385,0.5479172868615385
الفقير,0.5474016969027429,0.5474016969027429
يداوي,-0.5471038523309935,0.5471038523309935
سيرتو,0.5469563169611185,0.5469563169611185
يسمع,-0.5467644439990882,0.5467644439990882
بغي,0.5466537724159597,0.5466537724159597
صحه,-0.5465478204698223,0.5465478204698223
يجازيك خيرا,0.5464812967234381,0.5464812967234381
رحمته,-0.5463158174760684,0.5463158174760684
المصدر,0.5462443816793175,0.5462443816793175
قيمتها,0.5457216629873045,0.5457216629873045
سريعا,0.5454746151136461,0.5454746151136461
البارحه,-0.5448880625084541,0.5448880625084541
نفسه,-0.5447747987597916,0.5447747987597916
تحبس,-0.5443626610155479,0.5443626610155479
بالمعقول,-0.5441853856794169,0.5441853856794169
توقيف دوليه,0.5440175477153937,0.5440175477153937
خدمات,-0.5439134395161145,0.5439134395161145
بينو,0.5438910057778834,0.5438910057778834
انظال,-0.5434426318213256,0.5434426318213256
الضحك,-0.5433260243225024,0.5433260243225024
ويحميك,0.5433165779098318,0.5433165779098318
اللص,0.543155067003344,0.543155067003344
تعيش,-0.5430389038474518,0.5430389038474518
بفضل,-0.542876589634599,0.542876589634599
اظهار,-0.542388684882831,0.542388684882831
ايي,-0.5423265351801498,0.5423265351801498
الاستقصائيه,-0.542187987009606,0.542187987009606
بكل بساطه,-0.5420322861170652,0.5420322861170652
وسجن,-0.5420310663157961,0.5420310663157961
منهدروش,0.5412706287718925,0.5412706287718925
امالا,0.5411126333323728,0.5411126333323728
محكمه,0.5408184819800517,0.5408184819800517
وجدو,-0.5403797147028211,0.5403797147028211
لديه,-0.5402383573003335,0.5402383573003335
وكانوا,0.5399158132055292,0.5399158132055292
الجزاءري الحر,-0.5398201763083466,0.5398201763083466
قاده,-0.5397211767343184,0.5397211767343184
150,-0.5395885489208327,0.5395885489208327
القائد,-0.5389611650941611,0.5389611650941611
اقتصاديه,0.5389079881223657,0.5389079881223657
مليحا,-0.5387677235411864,0.5387677235411864
الاوليه,-0.5385669020760274,0.5385669020760274
للخارج,-0.537898898487144,0.537898898487144
حقه,0.5378767311390735,0.5378767311390735
معنين,-0.5377542402066692,0.5377542402066692
دراهم,0.5375760898267118,0.5375760898267118
franca,0.5372273040210892,0.5372273040210892
يتقاضي,0.5370395738233468,0.5370395738233468
اعز,-0.5366718923024596,0.5366718923024596
المعطوب,-0.5365651283918206,0.5365651283918206
خشينه,0.5365557153509651,0.5365557153509651
الله صلى,0.536452183428697,0.536452183428697
اختيار الحاكم,-0.5363837637801848,0.5363837637801848
يشغل الاف,-0.5362569902093355,0.5362569902093355
يشغل,-0.5362569902093355,0.5362569902093355
والعاقبه لمزيد,-0.535921114012438,0.535921114012438
يسموه,-0.5357510016409649,0.5357510016409649
مادا يقول,0.5354911489301586,0.5354911489301586
مادا,0.5354911489301586,0.5354911489301586
قدوه,-0.5352505634936152,0.5352505634936152
تكسر,-0.5351445202379203,0.5351445202379203
قالولنا,-0.5346752657780968,0.5346752657780968
الله يعطيك,-0.5346196144092137,0.5346196144092137
خير الماكرين,0.5343078591472408,0.5343078591472408
الماكرين,0.5343078591472408,0.5343078591472408
قاعدين,-0.5336103810911854,0.5336103810911854
الخرنسيه اكرمكم,0.5333074041711511,0.5333074041711511
الخرنسيه,0.5333074041711511,0.5333074041711511
المستدمره,0.5333074041711511,0.5333074041711511
المستدمره خرنسا,0.5333074041711511,0.5333074041711511
خرنسا الفاجره,0.5333074041711511,0.5333074041711511
خيرا قط,0.5333074041711511,0.5333074041711511
لغه المستدمره,0.5333074041711511,0.5333074041711511
رنا,-0.532881797298258,0.532881797298258
فتح فرع,-0.5326539778322962,0.5326539778322962
الرياضه,-0.53255982416269,0.53255982416269
تخمامك,0.5324346652734736,0.5324346652734736
حركه رشاد,0.5324051383805388,0.5324051383805388
يعطو,0.5320149733580558,0.5320149733580558
كابرنات,0.5316107048744109,0.5316107048744109
خطه,0.531495142240907,0.531495142240907
نهار كامل,0.531231036624046,0.531231036624046
قطع غيار,0.5311933258207591,0.5311933258207591
غيار,0.5311933258207591,0.5311933258207591
اقصد,0.5308720400759251,0.5308720400759251
سراح,-0.5302762791389168,0.5302762791389168
اصحاب,0.529874231201898,0.529874231201898
الشعب,0.5295967596800468,0.5295967596800468
والبسبوسه,-0.5295086265094252,0.5295086265094252
معذبهم,-0.5291610553649717,0.5291610553649717
هده,-0.5290832434055476,0.5290832434055476
وخير,0.52876493859588,0.52876493859588
لماذا,0.5287052242257795,0.5287052242257795
الكثير,0.528247168245003,0.528247168245003
لحد الان,-0.5282008750215537,0.5282008750215537
yhdik,0.5278706510776617,0.5278706510776617
كثير,-0.5278513962077237,0.5278513962077237
خم,-0.5275955423334477,0.5275955423334477
تلاجه,-0.5274696899017368,0.5274696899017368
شعبهم,-0.5274493430870553,0.5274493430870553
تاعها,0.5273386919198711,0.5273386919198711
يلعب فبلاصتو,-0.5272879081200067,0.5272879081200067
فبلاصتو,-0.5272879081200067,0.5272879081200067
المنتوجات الفرنسيه,-0.5272539725508056,0.5272539725508056
نعرفوها,0.5270077928157981,0.5270077928157981
كلش مبروك,-0.5269534276365373,0.5269534276365373
افهمو,-0.5269313083921588,0.5269313083921588
يرزق,-0.5267347480726139,0.5267347480726139
الحرام,0.5266660013546232,0.5266660013546232
فاق,0.526487498258926,0.526487498258926
قادرين,-0.5264504117247025,0.5264504117247025
والمناصب,0.5263445709874598,0.5263445709874598
ويجعل مثواه,-0.5262796796490286,0.5262796796490286
يرحمو ويجعل,-0.5262796796490286,0.5262796796490286
تلقاه,-0.5262105706423782,0.5262105706423782
يلقا,0.5261612645941,0.5261612645941
بوس,-0.5256516008474071,0.5256516008474071
امير دي,-0.525627402924417,0.525627402924417
عقابهم,0.5249972167567664,0.5249972167567664
يخرج بمطالب,-0.5249726970038544,0.5249726970038544
السوقيه,-0.5249726970038544,0.5249726970038544
بصفه,-0.5248821680927381,0.5248821680927381
الحبس,0.5248458935256676,0.5248458935256676
بزااف,-0.5247997962432506,0.5247997962432506
pag,0.523956092513117,0.523956092513117
وسمك,0.5234151819709612,0.5234151819709612
قيو,0.5233730549160545,0.5233730549160545
البلاء,-0.5229603087338112,0.5229603087338112
الخر,-0.5227744960075352,0.5227744960075352
ملك,0.5224292726269382,0.5224292726269382
حلال,-0.5215031849677666,0.5215031849677666
نتاهل,0.5214811679208005,0.5214811679208005
نتاهل لكاس,0.5214811679208005,0.5214811679208005
سالت,-0.5214260816534635,0.5214260816534635
نتاعو,-0.5213378644972801,0.5213378644972801
نحبوها,-0.5209117036333161,0.5209117036333161
مولوديه نحبوها,-0.5209117036333161,0.5209117036333161
برامج,-0.5206935848042251,0.5206935848042251
المغربيه,0.5205629161758616,0.5205629161758616
الاستقصاءيه,-0.5205225258633592,0.5205225258633592
جزاءريه,-0.5203558534739856,0.5203558534739856
استغفر الله,-0.5203060668302876,0.5203060668302876
والقانون,0.5202638170905902,0.5202638170905902
يهديك ربي,0.5200423487943209,0.5200423487943209
شطيح,-0.5199735104983864,0.5199735104983864
حت,-0.5199405912700684,0.5199405912700684
تربي,-0.5192394155529708,0.5192394155529708
سلط,-0.518854768102521,0.518854768102521
رني حابه,-0.5186904142142756,0.5186904142142756
غسيل,-0.5181642530043934,0.5181642530043934
الامل,-0.5181370651009911,0.5181370651009911
اولدي,0.5180049563608995,0.5180049563608995
اولي,-0.5172838531803573,0.5172838531803573
تدافعو,0.5169000601236707,0.5169000601236707
حداد واويحي,0.5164688241100165,0.5164688241100165
يدخل,-0.5163448215427415,0.5163448215427415
الحضاره,0.5161206604730237,0.5161206604730237
دعوي,0.5154797704621603,0.5154797704621603
يرحم باباك,-0.5153039673627492,0.5153039673627492
العظيم واتوب,0.5138916514627299,0.5138916514627299
العثمانيون,-0.5134248884854533,0.5134248884854533
عسكريه الشرطه,0.5133741613889683,0.5133741613889683
الشرطه ولد,0.5133741613889683,0.5133741613889683
قحبه الكلب,0.5133741613889683,0.5133741613889683
الحرار دوله,0.5133741613889683,0.5133741613889683
مدني,-0.5132985940177645,0.5132985940177645
ولازم,0.5130962091613356,0.5130962091613356
هاذاك,0.5126624713067062,0.5126624713067062
مستقبل,-0.5121485011059086,0.5121485011059086
صاحب الاصبع,0.5120105469666946,0.5120105469666946
ميعرفش,0.5119426072352304,0.5119426072352304
الاغتصاب,0.5119009784821197,0.5119009784821197
بالبيض وزن,-0.5117516306841987,0.5117516306841987
مشي نيك,0.5117446095176256,0.5117446095176256
متكوم,0.5115015622810907,0.5115015622810907
واصحاب,-0.5114956077146536,0.5114956077146536
wallah,0.5112931393598973,0.5112931393598973
سلام خويا,-0.5110044136719459,0.5110044136719459
الرايس,-0.5109916561985213,0.5109916561985213
وخاصتا,0.51085628292923,0.51085628292923
عار,-0.5104600280286559,0.5104600280286559
راسه,0.5104317990186712,0.5104317990186712
مابقاتش,-0.5103085963586503,0.5103085963586503
شارل,-0.5100428546421285,0.5100428546421285
ويوسع,-0.50975790412966,0.50975790412966
يحذر,0.5097071399728609,0.5097071399728609
الرابط التالي,-0.5094002403198541,0.5094002403198541
كمارتك,0.5092180298536285,0.5092180298536285
خاص,-0.508741842696361,0.508741842696361
ممنوع,-0.5075935243389389,0.5075935243389389
التالق شاء,-0.5074900453743609,0.5074900453743609
النجاح التالق,-0.5074900453743609,0.5074900453743609
اصلها عثماني,-0.5072481279210361,0.5072481279210361
ماشي,-0.5071029927162785,0.5071029927162785
راكم,0.5069821119583443,0.5069821119583443
صله,0.5069771732728703,0.5069771732728703
هك,0.5065284468463611,0.5065284468463611
معندوش شهر,0.5062256136521618,0.5062256136521618
صراتلي الفزيون,0.5062256136521618,0.5062256136521618
الاشهار نبهكم,0.5062256136521618,0.5062256136521618
الماركه خلاتش,0.5062256136521618,0.5062256136521618
لمرار مصلحه,0.5062256136521618,0.5062256136521618
لمرار,0.5062256136521618,0.5062256136521618
حط الجهاز,0.5062256136521618,0.5062256136521618
خسرلي,0.5062256136521618,0.5062256136521618
التقني حط,0.5062256136521618,0.5062256136521618
خاوتي الاشهار,0.5062256136521618,0.5062256136521618
البيع كارثه,0.5062256136521618,0.5062256136521618
خسرلي ديتو,0.5062256136521618,0.5062256136521618
كارثه يخسرلك,0.5062256136521618,0.5062256136521618
نبهكم,0.5062256136521618,0.5062256136521618
خدمات البيع,0.5062256136521618,0.5062256136521618
يهفو,0.5062256136521618,0.5062256136521618
كلاك بوبي,0.5062256136521618,0.5062256136521618
توكل ربي,0.5062256136521618,0.5062256136521618
مابعد اليع,0.5062256136521618,0.5062256136521618
الجهاز توكل,0.5062256136521618,0.5062256136521618
الجهاز كلاك,0.5062256136521618,0.5062256136521618
ديتو شربولي,0.5062256136521618,0.5062256136521618
ديتو,0.5062256136521618,0.5062256136521618
شربولي,0.5062256136521618,0.5062256136521618
شربولي لمرار,0.5062256136521618,0.5062256136521618
اليع خرده,0.5062256136521618,0.5062256136521618
شريتو معندوش,0.5062256136521618,0.5062256136521618
اليع,0.5062256136521618,0.5062256136521618
خرده التقني,0.5062256136521618,0.5062256136521618
بوبي,0.5062256136521618,0.5062256136521618
بوبي صراتلي,0.5062256136521618,0.5062256136521618
والمصداقيه,0.5058548145690008,0.5058548145690008
اضرب,0.5057503389267719,0.5057503389267719
كريمه,-0.5055997297243714,0.5055997297243714
رحت ليه,0.5055003786405802,0.5055003786405802
نيك ماتهم,0.5052800380644664,0.5052800380644664
يرحلوا,-0.504935183431584,0.504935183431584
داوه,-0.5046276004773296,0.5046276004773296
الجرح,-0.5038058705559203,0.5038058705559203
مل,0.5036357675665953,0.5036357675665953
شردمه,0.5035336008227097,0.5035336008227097
تفرج,0.503264469449266,0.503264469449266
جهنم,-0.5032544389565006,0.5032544389565006
الاتحاد الاوروبي,0.5030798642587281,0.5030798642587281
الاوروبي,0.5030798642587281,0.5030798642587281
ثابت,-0.5029492068293995,0.5029492068293995
موقفنا,-0.5029492068293995,0.5029492068293995
موقفنا ثابت,-0.5029492068293995,0.5029492068293995
زي,0.5027115141104134,0.5027115141104134
النعم,-0.5026855761639787,0.5026855761639787
المناظل,-0.5024822354685181,0.5024822354685181
دقيقه,-0.5022560777735007,0.5022560777735007
دخول,-0.50197725483922,0.50197725483922
ملاحظه,-0.5018291044617423,0.5018291044617423
ça,0.5013937773474115,0.5013937773474115
بالاموال,0.5013536736173714,0.5013536736173714
وتهدر,0.5010172311927042,0.5010172311927042
اصبحت,-0.5007404999496643,0.5007404999496643
بربراب,0.5005470241341204,0.5005470241341204
ماشاء الله,-0.5001071765903912,0.5001071765903912
وزين,-0.5000453245815127,0.5000453245815127
ترامب,-0.4997198499031611,0.4997198499031611
دخل لبلاد,0.49911513549563363,0.49911513549563363
والحريه,-0.4988142261474399,0.4988142261474399
زادو,-0.4986072152685368,0.4986072152685368
ياخي خراي,0.498491276858723,0.498491276858723
الاخرين,-0.4978760433622666,0.4978760433622666
عريضه,0.4977937882171932,0.4977937882171932
محمد اله,-0.49772563244289636,0.49772563244289636
الجميع,-0.4973905775587791,0.4973905775587791
عثماني تبناها,-0.4969978738725539,0.4969978738725539
اشرب,0.4968836454512811,0.4968836454512811
استاذ شكرا,0.49681951910419464,0.49681951910419464
الثاني,-0.49566418420347924,0.49566418420347924
الحكم,0.49475930048655214,0.49475930048655214
نشره,0.49450184066672814,0.49450184066672814
يظنون,0.4942552155335141,0.4942552155335141
ايران شيعه,0.4940793181219995,0.4940793181219995
وقلا,0.493928410105926,0.493928410105926
سجن الحراش,0.49357051066070473,0.49357051066070473
فرنسي,-0.4932840326870587,0.4932840326870587
يخرجوهم,-0.4932440875853976,0.4932440875853976
انتخب,0.4929404798244146,0.4929404798244146
مكتب,-0.49293645510656714,0.49293645510656714
وينك,0.492083666816097,0.492083666816097
ميش,0.4918958317053228,0.4918958317053228
راسو,0.49171136001648635,0.49171136001648635
الكلام,-0.491055447020575,0.491055447020575
الخامسه,-0.49059396855536797,0.49059396855536797
قاءمه,0.4904364368078007,0.4904364368078007
فئه,-0.4900660282330337,0.4900660282330337
الناجحين,-0.4899390214683515,0.4899390214683515
وبركاته,-0.4898504854774022,0.4898504854774022
الشاوي,0.4897473796255638,0.4897473796255638
الثلاجات,-0.48936364307389385,0.48936364307389385
لقمه,-0.48931679452339844,0.48931679452339844
الترجمه,-0.4893081759708072,0.4893081759708072
المروك,0.48925108056387445,0.48925108056387445
المهمه,0.48907298750530376,0.48907298750530376
علابيها,0.48881096476417624,0.48881096476417624
زادت,-0.4887942918739332,0.4887942918739332
والوباء,-0.4886301239818967,0.4886301239818967
حرام,0.4883463020407171,0.4883463020407171
كبار,-0.4882354611590933,0.4882354611590933
وتوفيق,-0.4882024604430732,0.4882024604430732
مفهمنا والو,-0.48766366903476815,0.48766366903476815
شده,0.4875339073225624,0.4875339073225624
بنات,-0.4874222384350473,0.4874222384350473
والبعض,0.4873374066645778,0.4873374066645778
يرحلوا يتنحاوقاع,0.48664349017510716,0.48664349017510716
تجيبوه,0.48638398579065195,0.48638398579065195
ونعمه الوكيل,-0.4862182335778048,0.4862182335778048
الداخلي,0.4859152406278651,0.4859152406278651
ليحاسب,0.48557975563729533,0.48557975563729533
جمعت,0.48542210344794684,0.48542210344794684
خير منو,0.48530671579576695,0.48530671579576695
لقلب,0.4851386197173834,0.4851386197173834
دير لقلب,0.4851386197173834,0.4851386197173834
معناه,-0.48479309804840426,0.48479309804840426
لعالم,0.4847865711627214,0.4847865711627214
تبعتلي,-0.4845659298610479,0.4845659298610479
والله اعلم,-0.48423596592663837,0.48423596592663837
الله المستعان,-0.48374889847857,0.48374889847857
قيمه الدينار,-0.4835254730209627,0.4835254730209627
مثواه الجنه,-0.48331417182819997,0.48331417182819997
وشويه,0.483038010160194,0.483038010160194
سيده,0.48298608743095983,0.48298608743095983
فالتوالات,0.48246884322836814,0.48246884322836814
ساندويتش,-0.48166525871211047,0.48166525871211047
باعك,0.4815354040191022,0.4815354040191022
امره,0.4813341466488174,0.4813341466488174
ملفاتهم,-0.48061604818943,0.48061604818943
الله تربحهم,0.48033035145836994,0.48033035145836994
حسبي الله,0.48022649769263076,0.48022649769263076
طول حياتو,0.48004194303474235,0.48004194303474235
يد,0.47992006584383917,0.47992006584383917
تدير,-0.47976801161373533,0.47976801161373533
لوكان,-0.4793865299884626,0.4793865299884626
خويا محمد,-0.47937211008641656,0.47937211008641656
وراني,-0.47875617796155046,0.47875617796155046
يبارك ربي,-0.4786367109034766,0.4786367109034766
اخرى,-0.4785835150217989,0.4785835150217989
الهواري,-0.47843188638296497,0.47843188638296497
حميده الرشام,0.4773734822770967,0.4773734822770967
الرشام,0.4773734822770967,0.4773734822770967
الرشام حميده,0.4773734822770967,0.4773734822770967
توفر حريه,-0.47732023007601565,0.47732023007601565
بغضبك,-0.4771898084891615,0.4771898084891615
تقتلنا بغضبك,-0.4771898084891615,0.4771898084891615
تقتلنا,-0.4771898084891615,0.4771898084891615
وعافنا,-0.4771898084891615,0.4771898084891615
بغضبك تهلكنا,-0.4771898084891615,0.4771898084891615
تهلكنا,-0.4771898084891615,0.4771898084891615
بعذابك وعافنا,-0.4771898084891615,0.4771898084891615
بعذابك,-0.4771898084891615,0.4771898084891615
تهلكنا بعذابك,-0.4771898084891615,0.4771898084891615
انفسنا,-0.47637518223348224,0.47637518223348224
والقادم,-0.47633390418424854,0.47633390418424854
32,-0.47631125760438425,0.47631125760438425
بعمل,-0.47581842303306693,0.47581842303306693
الشريف,0.4754811135611368,0.4754811135611368
وعلى اله,-0.47504860297794144,0.47504860297794144
محمد وعلى,-0.47504860297794144,0.47504860297794144
نجاحات,-0.4750273252329714,0.4750273252329714
وسلال,-0.4746413271648236,0.4746413271648236
الهند,-0.47449821771839307,0.47449821771839307
للشركه,-0.4738348367178272,0.4738348367178272
يحفظك يعطيك,-0.47378215670714013,0.47378215670714013
بالتوفيق شاء,-0.4737736548483851,0.4737736548483851
نعبدو,0.47338968025011635,0.47338968025011635
16,0.47301304022568963,0.47301304022568963
الدوله المدنيه,0.4727896496148892,0.4727896496148892
تنحيه,0.4723006991331956,0.4723006991331956
اعمت,0.4723006991331956,0.4723006991331956
ويقولك,-0.4719244553413662,0.4719244553413662
بناء دوله,-0.4706936263124507,0.4706936263124507
العاهد,0.47068489494306354,0.47068489494306354
روح حكيم,0.47068489494306354,0.47068489494306354
العاهد وكيلك,0.47068489494306354,0.47068489494306354
قلبي خاين,0.47068489494306354,0.47068489494306354
قلبك احرقتلي,0.47068489494306354,0.47068489494306354
يحرقلك,0.47068489494306354,0.47068489494306354
يحرقلك قلبك,0.47068489494306354,0.47068489494306354
خاين العاهد,0.47068489494306354,0.47068489494306354
منسمحلك,0.47068489494306354,0.47068489494306354
منسمحلك ربي,0.47068489494306354,0.47068489494306354
زلازل,-0.47057912887961534,0.47057912887961534
يارب يارب,0.4705242638965597,0.4705242638965597
شكرا,-0.47041504811062473,0.47041504811062473
عنابه,0.4702519958832017,0.4702519958832017
يعطيه,0.4701175937000945,0.4701175937000945
اطلقو,-0.4700341861813273,0.4700341861813273
عبد القادر,-0.4699225416873106,0.4699225416873106
القادر,-0.4699225416873106,0.4699225416873106
عباده الاصنام,-0.4696661896344046,0.4696661896344046
عفوا,-0.4696460851372388,0.4696460851372388
صفعه,0.4695857862684312,0.4695857862684312
سامسونغ,-0.46940563493768284,0.46940563493768284
شرطي,0.46925210491922215,0.46925210491922215
صحابك,-0.46902142679954667,0.46902142679954667
مستحيل,0.46824985206592096,0.46824985206592096
ولد القحبه,0.46818924336415113,0.46818924336415113
يقول ربراب,0.4680754214466053,0.4680754214466053
جربيه سيدتي,-0.46692699354189593,0.46692699354189593
اروع جربيه,-0.46692699354189593,0.46692699354189593
وتهدري,0.46671783718221943,0.46671783718221943
الانقلاب,-0.4664737501487352,0.4664737501487352
الافسيو,0.4664439070666765,0.4664439070666765
راس زبي,0.4663325677181526,0.4663325677181526
اله تربحهم,0.4662655275390058,0.4662655275390058
يحفضك يرحم,0.4659586251617401,0.4659586251617401
عنه,-0.4655893445639006,0.4655893445639006
رقم الهاتف,-0.465104283149854,0.465104283149854
تعراو هدفهم,-0.4649329284891147,0.4649329284891147
الحال صح,-0.4649329284891147,0.4649329284891147
صح امنت,-0.4649329284891147,0.4649329284891147
هدفهم الاحتلال,-0.4649329284891147,0.4649329284891147
تعراو,-0.4649329284891147,0.4649329284891147
امنت,-0.4649329284891147,0.4649329284891147
امنت تعراو,-0.4649329284891147,0.4649329284891147
الاحتلال الزوافي,-0.4649329284891147,0.4649329284891147
بالدولار,-0.46490050777283015,0.46490050777283015
تاكدت,-0.46486714618503133,0.46486714618503133
سيفيتال,-0.4646406787982679,0.4646406787982679
المسعوره,0.4638562614399093,0.4638562614399093
يغني,0.4638314615308176,0.4638314615308176
نوض تخدم,-0.4635908006684661,0.4635908006684661
السيناريو,0.4635009863443467,0.4635009863443467
ماعندهاش,0.46335983924017055,0.46335983924017055
لجزاير,-0.4625601408316567,0.4625601408316567
مشاريع,0.462395044287783,0.462395044287783
خير حياتك,0.46167472137444565,0.46167472137444565
موتك خير,0.46167472137444565,0.46167472137444565
موتك,0.46167472137444565,0.46167472137444565
البلقان,-0.4615501122335822,0.4615501122335822
منطقه البلقان,-0.4615501122335822,0.4615501122335822
فينا,-0.46154687498258473,0.46154687498258473
الخير شاء,-0.4611074055151024,0.4611074055151024
allah,-0.4609845195839052,0.4609845195839052
رجل اعمال,0.46093503723158663,0.46093503723158663
الحمد اله,0.46081637866928704,0.46081637866928704
مساعده,0.4605880577642258,0.4605880577642258
جا,0.46016787702448053,0.46016787702448053
يخليه,0.4601585547858436,0.4601585547858436
يصنعون,0.4600393884050238,0.4600393884050238
ثبون,-0.4596194089269687,0.4596194089269687
جزائريين,0.4595843625735721,0.4595843625735721
فوات,0.4595443334048388,0.4595443334048388
فوات الاوان,0.4595443334048388,0.4595443334048388
الاوان,0.4595443334048388,0.4595443334048388
الخير لبلاد,0.4580720292659815,0.4580720292659815
متر,0.4578735768299198,0.4578735768299198
ميقدر يهدر,0.4578565599724785,0.4578565599724785
نسال اله,-0.4576764129328119,0.4576764129328119
كحله,0.45737572883201894,0.45737572883201894
وطني ربراب,0.45731452311002946,0.45731452311002946
والرئيس,-0.45680354012754154,0.45680354012754154
وحارب,0.45651907312025397,0.45651907312025397
وشوف,0.4552531576275639,0.4552531576275639
للعنصريه,-0.4551984564057322,0.4551984564057322
سوناطراك,0.45493864004187673,0.45493864004187673
مابعد,-0.45443200445156723,0.45443200445156723
عجانه,-0.4542192951814478,0.4542192951814478
وتحل,0.45402527104813334,0.45402527104813334
معليهش,0.4537493467584608,0.4537493467584608
تباعا,-0.45352525425199985,0.45352525425199985
ربراب سارق,0.45328337824832526,0.45328337824832526
يبقي,-0.4531877928202536,0.4531877928202536
الصناعه,-0.45317455945953466,0.45317455945953466
عندو الحق,0.45313414160012194,0.45313414160012194
وحش,0.45301217475570393,0.45301217475570393
هاتف كوندور,-0.4527323115620518,0.4527323115620518
عزما,0.4526691058160061,0.4526691058160061
المال,-0.45236842777927144,0.45236842777927144
للحراش,0.4523441396384847,0.4523441396384847
يطلب اطفال,-0.4520026938631284,0.4520026938631284
وسي تبون,-0.4520026938631284,0.4520026938631284
المانيا يتعالج,-0.4520026938631284,0.4520026938631284
يتعالج ومخلي,-0.4520026938631284,0.4520026938631284
اطفال محتاجين,-0.4520026938631284,0.4520026938631284
عمليات خارج,-0.4520026938631284,0.4520026938631284
خارج وسي,-0.4520026938631284,0.4520026938631284
يتعالج,-0.4520026938631284,0.4520026938631284
جديد نتاع,0.45186525905465597,0.45186525905465597
ثلاجه بروند,-0.4518639493369068,0.4518639493369068
بعنوان,0.45093569744973,0.45093569744973
omelette bel,-0.45079403551030356,0.45079403551030356
رئيسهم,-0.45061176511478646,0.45061176511478646
الصحه والعافيه,-0.4505821367376103,0.4505821367376103
ماقستهاش,-0.45052460686810547,0.45052460686810547
الشعب الجزاءر,0.45039162613609796,0.45039162613609796
الكوكاين,-0.44998019903263586,0.44998019903263586
مالا,-0.44961782839617576,0.44961782839617576
ودار,0.44895682708607954,0.44895682708607954
ربي يخلص,-0.44888060128029966,0.44888060128029966
المقر,-0.44838767038507577,0.44838767038507577
خبزه ولادك,-0.44814452922846054,0.44814452922846054
خوفا خبزه,-0.44814452922846054,0.44814452922846054
باطلاق صراحه,-0.44814452922846054,0.44814452922846054
صراحه خوفا,-0.44814452922846054,0.44814452922846054
وغيرها,-0.448008602280517,0.448008602280517
مسلمين,0.4479037458800831,0.4479037458800831
الصفحات,0.447789097482033,0.447789097482033
والمحافظه,-0.4476005426081091,0.4476005426081091
ادله,0.4475325809850841,0.4475325809850841
مسؤول,0.4473749928789492,0.4473749928789492
سوريا العراق,-0.44724209280045435,0.44724209280045435
roh nik,0.4469948932410799,0.4469948932410799
قالكم,0.4467261406905662,0.4467261406905662
اسف,-0.44656679522197096,0.44656679522197096
كنتش علابالي,-0.4461209790393942,0.4461209790393942
كلب الكلاب,0.44609957139080536,0.44609957139080536
عمال ربراب,-0.4460437690961816,0.4460437690961816
الكفر,-0.44556804906888803,0.44556804906888803
تجو,0.44555129442693864,0.44555129442693864
القرض,-0.44524352290441965,0.44524352290441965
خلال,-0.444992512746169,0.444992512746169
تماما,-0.4444086098413095,0.4444086098413095
فطوركم اجمعين,-0.4442674059790736,0.4442674059790736
خويا المزيد,-0.44396819387748054,0.44396819387748054
رياض بوفجي,-0.44395101155623373,0.44395101155623373
بوفجي,-0.44395101155623373,0.44395101155623373
تسقط,0.44365509662637614,0.44365509662637614
سروالك,-0.44347169745456605,0.44347169745456605
yahdik,0.44342392270515024,0.44342392270515024
طحت,-0.44327957400475926,0.44327957400475926
محفوظه,-0.442872317230028,0.442872317230028
لحل,-0.4426936540006048,0.4426936540006048
السنين,0.4426681121983831,0.4426681121983831
تعلمت,0.442193357749844,0.442193357749844
جنازه,0.4421818404102281,0.4421818404102281
بلا,0.4419516983566158,0.4419516983566158
فتح,-0.44191799574955026,0.44191799574955026
ولاريني,-0.4417732246186795,0.4417732246186795
لاكوست ولاريني,-0.4417732246186795,0.4417732246186795
العربي زيتوت,0.44175518931949315,0.44175518931949315
عيباد,-0.4416047899764808,0.4416047899764808
خلاص,-0.44144227073078035,0.44144227073078035
لكلب,0.4409983017041745,0.4409983017041745
شي,0.440840330038384,0.440840330038384
ميزانك,0.44006021057663297,0.44006021057663297
سنين,-0.439936496984862,0.439936496984862
اييه,-0.43985578453770785,0.43985578453770785
حماره,0.43944513575946875,0.43944513575946875
حبيت نعرف,-0.439108083984856,0.439108083984856
بلادنا شر,0.43881943248045474,0.43881943248045474
والنظام,-0.43874091280340927,0.43874091280340927
الجزاءري,-0.4386137662659629,0.4386137662659629
الشوربه,-0.4385258566072389,0.4385258566072389
بالدجاج اصلها,-0.4385258566072389,0.4385258566072389
والشوربه فريك,-0.4385258566072389,0.4385258566072389
فريك,-0.4385258566072389,0.4385258566072389
الشعيريه,-0.4385258566072389,0.4385258566072389
الشعيريه بالدجاج,-0.4385258566072389,0.4385258566072389
العاصمه والشوربه,-0.4385258566072389,0.4385258566072389
والشوربه,-0.4385258566072389,0.4385258566072389
يلطف,-0.4384714563154897,0.4384714563154897
انظال انظال,-0.4384460935603862,0.4384460935603862
رميها,0.43822716853472543,0.43822716853472543
احدا,0.43811707609017864,0.43811707609017864
اضافه,-0.4373828382867713,0.4373828382867713
اعطي,-0.43736838625863655,0.43736838625863655
نولي,-0.43732773715560036,0.43732773715560036
صحن,-0.43728763794588926,0.43728763794588926
لهاته,-0.4372774227899732,0.4372774227899732
تستحي,-0.43715437907496696,0.43715437907496696
عبيدك,-0.4369681665921378,0.4369681665921378
اريد شراء,-0.43677564747120623,0.43677564747120623
الجمل,-0.43649826257681273,0.43649826257681273
منتجاتنا الرابط,-0.43618394900162283,0.43618394900162283
الريحه,-0.43599070735409773,0.43599070735409773
البقيه,0.4357645415774136,0.4357645415774136
عدنا,-0.43540498133101035,0.43540498133101035
انك,0.43530472117472446,0.43530472117472446
انو,0.4352806945168361,0.4352806945168361
قوي,-0.43521241524875753,0.43521241524875753
باع,0.43464757633768963,0.43464757633768963
الطبيعيه,-0.4345479719642506,0.4345479719642506
لكثير,0.434410854623999,0.434410854623999
اياكم,-0.4339072514709867,0.4339072514709867
اياكم صدق,-0.4339072514709867,0.4339072514709867
مقابله,-0.43389010382645427,0.43389010382645427
يدخل لحبس,-0.43369611277999665,0.43369611277999665
الذى,0.4334071425650324,0.4334071425650324
يوتيوب,-0.4329334697744915,0.4329334697744915
بنت,0.43253810693623207,0.43253810693623207
ينصر,-0.43244190076909983,0.43244190076909983
كامل نشجع,0.43238991235881225,0.43238991235881225
نبدا,-0.43170126734031006,0.43170126734031006
ميسي,0.4316634803387812,0.4316634803387812
haja,0.43149126482501754,0.43149126482501754
وربما,-0.4311622300010923,0.4311622300010923
انشاء اله,0.4311433460104849,0.4311433460104849
يعيشو,-0.4311262534836713,0.4311262534836713
والمخزن,0.42986633378124134,0.42986633378124134
ادخل,-0.42978153583980233,0.42978153583980233
يخلص,0.42957350489170276,0.42957350489170276
الله غالب,0.4294330085706851,0.4294330085706851
وكثر,-0.4293272068230209,0.4293272068230209
لمده,0.42931516457823427,0.42931516457823427
الرسول صل,0.4292579902928001,0.4292579902928001
يساند ربراب,0.4286847902385382,0.4286847902385382
الاعلام,-0.42819149173311355,0.42819149173311355
شاف,-0.42751008118389405,0.42751008118389405
ناشط,-0.42727650377840204,0.42727650377840204
العطله,-0.42717430123732464,0.42717430123732464
الامور,-0.42716062739417304,0.42716062739417304
الله يهدي,-0.4268545421075221,0.4268545421075221
الحصري,-0.42648268867488004,0.42648268867488004
بلع,0.426288693171647,0.426288693171647
جيه,-0.42585030418873737,0.42585030418873737
انتخابات,-0.4256216836281359,0.4256216836281359
بعضاهم,-0.4253558619790804,0.4253558619790804
المدخول,-0.42521897376533,0.42521897376533
الوصيه,-0.42511945991302175,0.42511945991302175
تقسيم,-0.4250095269117365,0.4250095269117365
اختفاء,-0.42435228395444907,0.42435228395444907
هواء,-0.42314604180962384,0.42314604180962384
مكيف هواء,-0.42314604180962384,0.42314604180962384
خلوا,-0.422864320159943,0.422864320159943
حاليا,0.422451917532133,0.422451917532133
ويزيد,-0.42235133712494405,0.42235133712494405
البواقي,-0.4222961714652392,0.4222961714652392
تعملو,0.4222958335958567,0.4222958335958567
حسن,-0.4222756696012004,0.4222756696012004
سيدات,0.42227461717460474,0.42227461717460474
نعرفك,0.42176465617110565,0.42176465617110565
المراديه,0.4217132926073211,0.4217132926073211
حب,0.4216376653613843,0.4216376653613843
تاكل,0.42146947327027456,0.42146947327027456
فى,-0.421118975222795,0.421118975222795
ذروك,0.4207379290946262,0.4207379290946262
اديرو,-0.42029985806003634,0.42029985806003634
mechi,-0.42028748233128926,0.42028748233128926
منلبسش,0.42016724961697005,0.42016724961697005
الشبيبه,-0.41984429844157967,0.41984429844157967
لينا,-0.4196971228642198,0.4196971228642198
يعتبر,-0.4196329695771759,0.4196329695771759
هه,-0.4195350189437275,0.4195350189437275
حياتو,0.4194828725728555,0.4194828725728555
بالتوبه,-0.41942782724279637,0.41942782724279637
مسعود,-0.41873229931051026,0.41873229931051026
حبه,-0.4186063332899272,0.4186063332899272
بيها الجنه,0.4185858927515903,0.4185858927515903
خلصت,-0.4179308463283621,0.4179308463283621
بايته,-0.417529133095821,0.417529133095821
يجي نهار,0.4166149301969593,0.4166149301969593
سلال,0.41658327051904587,0.41658327051904587
ساند,0.41572797762822256,0.41572797762822256
عقليه,0.4155118667658942,0.4155118667658942
يحتضر,0.4154051617011112,0.4154051617011112
شياتين,0.4152137358688073,0.4152137358688073
mi,0.41502146819672747,0.41502146819672747
تصرف,0.414759392259115,0.414759392259115
يوقف,0.41399818721546233,0.41399818721546233
تعكم,0.41387599795191066,0.41387599795191066
40 مليون,0.41324218751108727,0.41324218751108727
جنانه,0.41322272956289213,0.41322272956289213
فسيح جنانه,0.41322272956289213,0.41322272956289213
شايف,-0.4128465786767958,0.4128465786767958
زلزال,0.4127480654860174,0.4127480654860174
بسيطه,-0.41251176612128854,0.41251176612128854
ربراب,0.41167249697537256,0.41167249697537256
فالشعب,0.41159297239724385,0.41159297239724385
يحب يطلع,0.4115926489307593,0.4115926489307593
يعاني,0.41142836601380933,0.41142836601380933
وكلاب,0.4112767122498916,0.4112767122498916
تشبه,-0.4109534074464326,0.4109534074464326
المورال,-0.4109358663561196,0.4109358663561196
حاجه وحده,-0.41082105139778635,0.41082105139778635
كوكب,-0.40982096682626507,0.40982096682626507
بطون,0.4098137726161895,0.4098137726161895
الانجازات,-0.40974157326460126,0.40974157326460126
تخدمو,-0.4094776547596065,0.4094776547596065
ربراب غيرو,-0.40933475334586233,0.40933475334586233
نقولوا,-0.4091575361291155,0.4091575361291155
الخطا,0.40882669914326436,0.40882669914326436
الفرشيطه,-0.40875643574985404,0.40875643574985404
تا,0.40814227662425245,0.40814227662425245
المعتشوب,0.40805009228780387,0.40805009228780387
منكر,0.4074666757801703,0.4074666757801703
مهوش,-0.40738450889919864,0.40738450889919864
وضحاها,0.4073773506869124,0.4073773506869124
تندوف,-0.4066700983375929,0.4066700983375929
قهوي,0.40660346921122437,0.40660346921122437
عسكريه يتنحاوقاع,-0.4064800284359289,0.4064800284359289
الثوم,0.406410958024486,0.406410958024486
الراحه,0.406115308309956,0.406115308309956
جيش,0.4060582436993142,0.4060582436993142
ايقاف,0.4057496840939191,0.4057496840939191
تعلم,-0.4049685016958681,0.4049685016958681
بوداوي,0.4047211025491597,0.4047211025491597
بطاطا,-0.4044654096215923,0.4044654096215923
الصحافه,-0.40423507134716546,0.40423507134716546
بتمويل,0.40338798037630774,0.40338798037630774
بتمويل حركه,0.40338798037630774,0.40338798037630774
الانفصاليه,0.40338798037630774,0.40338798037630774
الماك الانفصاليه,0.40338798037630774,0.40338798037630774
لشركه سيفيتال,0.40338798037630774,0.40338798037630774
نقطه مهمه,0.40338798037630774,0.40338798037630774
حركه الماك,0.40338798037630774,0.40338798037630774
البول,0.4032140098439484,0.4032140098439484
اله المستعان,-0.4031646446682756,0.4031646446682756
الطبقه,0.4024684559638447,0.4024684559638447
بركايك,0.40216388202037817,0.40216388202037817
روح شوف,0.4018410367821403,0.4018410367821403
لهذا,-0.40174106563828643,0.40174106563828643
متستاهلش,0.4015943971236313,0.4015943971236313
المغرب العربي,-0.4012031934372479,0.4012031934372479
بلاصتك,-0.40113792235822443,0.40113792235822443
هدا الشي,-0.40095531116372,0.40095531116372
روح تخدم,0.400695110274655,0.400695110274655
البليده,-0.4004931206252265,0.4004931206252265
سمعناه,-0.400479988283712,0.400479988283712
وجوهم,-0.40045928986274926,0.40045928986274926
الصحفي,0.4003657335443208,0.4003657335443208
التكنولوجيا,-0.40036033960452266,0.40036033960452266
وشكون,0.40000297467097984,0.40000297467097984
نريح,0.39990986904780906,0.39990986904780906
دافعو,-0.3993361875877075,0.3993361875877075
المسيله,-0.3990387689756691,0.3990387689756691
بالحريه,-0.39902091042374827,0.39902091042374827
ترقد,-0.39886326760965396,0.39886326760965396
لاهلا,0.3986193592293841,0.3986193592293841
نورمي,0.3985262925697707,0.3985262925697707
فلابد,-0.398263548751664,0.398263548751664
تغيرت,-0.39813726691194345,0.39813726691194345
قدام,0.39799013085867596,0.39799013085867596
متقاعدين,0.3975387563614515,0.3975387563614515
علي سلعه,0.39745829510135366,0.39745829510135366
علي فرنسا,0.39745829510135366,0.39745829510135366
اموت علي,0.39745829510135366,0.39745829510135366
فالنيك,0.3974019096637612,0.3974019096637612
كاسكيطه,-0.39737429738726204,0.39737429738726204
طلبت ايران,0.39735796113285504,0.39735796113285504
تحرك ايران,0.39735796113285504,0.39735796113285504
ايران ساكن,0.39735796113285504,0.39735796113285504
باقي الولايات,0.39703853522850935,0.39703853522850935
الوصفه,-0.39557784533356655,0.39557784533356655
الضغط,0.3954561774138866,0.3954561774138866
تحيا الجزاءر,0.39533560988169847,0.39533560988169847
الحساب,0.3952952688399337,0.3952952688399337
يتحاسب,-0.3952846887486051,0.3952846887486051
اغنياء,-0.39520678298609585,0.39520678298609585
مازلنا ماعندناش,-0.39492831971049,0.39492831971049
فينا مازلنا,-0.39492831971049,0.39492831971049
غيرو المشكل,-0.39492831971049,0.39492831971049
المشكل فينا,-0.39492831971049,0.39492831971049
والجزاءر,0.3945801177823431,0.3945801177823431
الانظار,0.39455104264431606,0.39455104264431606
التمويل,-0.39432466809503613,0.39432466809503613
بواش,-0.39432261200170843,0.39432261200170843
مت,0.3942187965467431,0.3942187965467431
خارجيه,-0.3936286443218668,0.3936286443218668
ايادي خارجيه,-0.3936286443218668,0.3936286443218668
ويكون,0.393517132608129,0.393517132608129
توجد نقطه,-0.39337159411880024,0.39337159411880024
ليوم الدين,0.3933668699071448,0.3933668699071448
nik swa,0.3933019143346193,0.3933019143346193
الفرد,-0.3930610032809413,0.3930610032809413
يرضي,-0.39269137819112176,0.39269137819112176
شراب,0.3924760325387874,0.3924760325387874
نشكرك,0.3923007573924297,0.3923007573924297
سلامي,0.3918441043728098,0.3918441043728098
يخي نقش,0.39164383707237477,0.39164383707237477
يديه,0.391628606216754,0.391628606216754
الثوره,0.39115858015903315,0.39115858015903315
صنع,0.39114562800861147,0.39114562800861147
حب حب,-0.3911072154374149,0.3911072154374149
يرحمو رياض,-0.3909921436090382,0.3909921436090382
شاوي,-0.39098566294954595,0.39098566294954595
اقسم بالله,0.3909143101341991,0.3909143101341991
شده تزول,-0.3908766111731726,0.3908766111731726
احبك,0.39043879318355884,0.39043879318355884
مبروك وديما,0.39043301449735635,0.39043301449735635
بوعريريج,-0.390426210021117,0.390426210021117
بزياده,-0.39033548036291627,0.39033548036291627
راحه,-0.390263836887404,0.390263836887404
علجال بوتفليقه,-0.39012347139742,0.39012347139742
يشاء,-0.38976203914459295,0.38976203914459295
ربراب سعيد,-0.3888513101105024,0.3888513101105024
فسيح جناته,-0.38881642809301953,0.38881642809301953
ناقه جمل,0.3884121246872784,0.3884121246872784
جمل,0.3884121246872784,0.3884121246872784
bonne,-0.38834387130774584,0.38834387130774584
تكتب,0.38800024428853563,0.38800024428853563
كيفكيف,0.387607079606642,0.387607079606642
بالبيض,-0.38748588980349324,0.38748588980349324
الباقي,0.3869844990652149,0.3869844990652149
يسيبورتيو,-0.3866822687823,0.3866822687823
الدين شاء,-0.38656117374252164,0.38656117374252164
الادق,0.3864571755474143,0.3864571755474143
algérie,0.38629917646779405,0.38629917646779405
ولايه بجايه,-0.3853248764751906,0.3853248764751906
السوء,-0.38525499325549745,0.38525499325549745
فيديوات,-0.3852283768220855,0.3852283768220855
اجي,0.3851061658149881,0.3851061658149881
فكره,-0.385084224832384,0.385084224832384
يلا,-0.3848954248911144,0.3848954248911144
الطرق,-0.38487881943205576,0.38487881943205576
مراض,-0.3847095124594017,0.3847095124594017
الطرف,-0.3841455345018725,0.3841455345018725
لكره اليد,-0.3840600007842155,0.3840600007842155
كاس,-0.3840223544021876,0.3840223544021876
الدول العربيه,-0.3839656592244075,0.3839656592244075
soolking,-0.3837820909177175,0.3837820909177175
تطلب,0.3835210079112076,0.3835210079112076
مسءول,-0.38336789390197096,0.38336789390197096
قلوبكم,0.382726784861059,0.382726784861059
dar,0.38264925948853434,0.38264925948853434
ورحمه اله,-0.38245089739703053,0.38245089739703053
تفوت,0.3823284532335346,0.3823284532335346
المصادر,-0.3822696758593815,0.3822696758593815
اول مره,0.3819403672907377,0.3819403672907377
واستغفاره,-0.3815047690752998,0.3815047690752998
ابن باز,-0.3815047690752998,0.3815047690752998
باز,-0.3815047690752998,0.3815047690752998
مزيد النجاحات,-0.381229285437219,0.381229285437219
دوكا,-0.3801572497309122,0.3801572497309122
والخلود,0.3798832041676168,0.3798832041676168
العصابه الفاسده,-0.3797929179205509,0.3797929179205509
الرجله,-0.37970128957452587,0.37970128957452587
جدا,0.37944171057182574,0.37944171057182574
العقل,-0.37910781118202963,0.37910781118202963
شعب ربراب,-0.37884558440636845,0.37884558440636845
لفوق,0.37873702882971183,0.37873702882971183
لعب,-0.3787030810209281,0.3787030810209281
الفاضل,0.3783521290397866,0.3783521290397866
جنس,0.37826526451618436,0.37826526451618436
وفي,-0.37802037233962626,0.37802037233962626
الجمهوريه,-0.3778952801011709,0.3778952801011709
يسكنو,0.37787042038405366,0.37787042038405366
يسجن,-0.3772878182011332,0.3772878182011332
اكون,0.3769502495428291,0.3769502495428291
khouya,-0.3766315442110435,0.3766315442110435
المعيشه,-0.376624836622926,0.376624836622926
لارهاب,-0.3765160057271849,0.3765160057271849
روحي راكي,0.3764051386340862,0.3764051386340862
علنا,-0.3763665594508963,0.3763665594508963
اشعالها,0.37475432970637984,0.37475432970637984
مبروك علينا,0.37470650069430295,0.37470650069430295
رقم هاتف,-0.3743465976413246,0.3743465976413246
فقد,-0.37418520428233815,0.37418520428233815
الحدود,-0.3740993307380813,0.3740993307380813
التطياح,0.37403136335892395,0.37403136335892395
اسم,-0.37357056269726363,0.37357056269726363
المبارك,0.37353850241923503,0.37353850241923503
ميدو,0.37332079087418923,0.37332079087418923
سعداء,-0.3731295733255586,0.3731295733255586
وناس,0.3730957065269118,0.3730957065269118
راسي,0.37301517223337016,0.37301517223337016
نو,-0.3729903404172411,0.3729903404172411
البنك,0.37280531515610305,0.37280531515610305
ياي,0.37279604536945676,0.37279604536945676
داروها,0.3725375772999688,0.3725375772999688
العسكر,-0.3721630558894427,0.3721630558894427
سعه,-0.3716227210716607,0.3716227210716607
فالربيع,-0.3715385381782939,0.3715385381782939
سمحتم,-0.37137559273219944,0.37137559273219944
روطار,0.37086687369845595,0.37086687369845595
اقرب نقطه,-0.37041932981469455,0.37041932981469455
بالاخبار,0.370126018586434,0.370126018586434
حسبي,0.3698590079684748,0.3698590079684748
دارنا,-0.36925931213759905,0.36925931213759905
سترمون,0.3692004838324058,0.3692004838324058
بالله العلي,-0.36899279978394517,0.36899279978394517
اشتريت,-0.36775801658181845,0.36775801658181845
جال الحراك,-0.36772912133827507,0.36772912133827507
السلطات,0.36765547538931054,0.36765547538931054
وقت الشده,0.36708080649676744,0.36708080649676744
عون,0.36685622062517853,0.36685622062517853
اداها,0.3665922670641856,0.3665922670641856
بدون ضمانات,0.3665922670641856,0.3665922670641856
نصنعلكم,0.3665922670641856,0.3665922670641856
لكانش,0.3665922670641856,0.3665922670641856
لكانش سلعه,0.3665922670641856,0.3665922670641856
الجماعه تنفخ,0.3665922670641856,0.3665922670641856
اداها البنوك,0.3665922670641856,0.3665922670641856
قروض اداها,0.3665922670641856,0.3665922670641856
البنوك الوطنيه,0.3665922670641856,0.3665922670641856
سنين نصنعلكم,0.3665922670641856,0.3665922670641856
ضمانات واعطيوني,0.3665922670641856,0.3665922670641856
ضروريه,0.3665922670641856,0.3665922670641856
اعطيوني قروض,0.3665922670641856,0.3665922670641856
واعطيوني السوق,0.3665922670641856,0.3665922670641856
ضمانات,0.3665922670641856,0.3665922670641856
استثمر ودار,0.3665922670641856,0.3665922670641856
ويقولو استثمر,0.3665922670641856,0.3665922670641856
واعطيوني حمايه,0.3665922670641856,0.3665922670641856
سكر وبيدون,0.3665922670641856,0.3665922670641856
السوق الحصري,0.3665922670641856,0.3665922670641856
الاستخبارات وحمايه,0.3665922670641856,0.3665922670641856
الحصري لكانش,0.3665922670641856,0.3665922670641856
تنفخ ربراب,0.3665922670641856,0.3665922670641856
سلعه معيشيه,0.3665922670641856,0.3665922670641856
وحمايه,0.3665922670641856,0.3665922670641856
ودار اعطيوني,0.3665922670641856,0.3665922670641856
الوطنيه بدون,0.3665922670641856,0.3665922670641856
الحكومه وانا,0.3665922670641856,0.3665922670641856
ماشي كيلو,0.3665922670641856,0.3665922670641856
معيشيه ضروريه,0.3665922670641856,0.3665922670641856
امك فرنسا,0.3664730285544976,0.3664730285544976
قول الحق,-0.3651961810812505,0.3651961810812505
الولايات,0.3648979476933917,0.3648979476933917
موتى,-0.36489002671586396,0.36489002671586396
شريكي,0.36443292621733736,0.36443292621733736
والسلام رسول,-0.3642717382852313,0.3642717382852313
قطع,-0.3638984201473976,0.3638984201473976
اح,-0.36364427106236497,0.36364427106236497
نحوس نعرف,-0.3632936106345175,0.3632936106345175
منفيك نحوس,-0.3632936106345175,0.3632936106345175
كلكار,-0.3632936106345175,0.3632936106345175
منفيك,-0.3632936106345175,0.3632936106345175
نحي كلكار,-0.3632936106345175,0.3632936106345175
نعرف نحي,-0.3632936106345175,0.3632936106345175
ريبيكا,-0.36315736014841915,0.36315736014841915
اولادكم املاق,-0.3627278098634037,0.3627278098634037
يخي حاله,0.3626627716235691,0.3626627716235691
الاقتصاديه,0.36254290782815973,0.36254290782815973
الجلوس,0.36232641848381797,0.36232641848381797
اله الله,0.36193289920660227,0.36193289920660227
اننا,-0.36187096382555173,0.36187096382555173
الشعب خرج,-0.36124896616841,0.36124896616841
الطاعون,-0.361121299454029,0.361121299454029
والبعد,-0.361121299454029,0.361121299454029
وارث,-0.361121299454029,0.361121299454029
الصلوات,-0.361121299454029,0.361121299454029
وترك,-0.361121299454029,0.361121299454029
والمحافظه الصلوات,-0.361121299454029,0.361121299454029
الورثه,-0.361121299454029,0.361121299454029
ابارك,-0.3608008476650053,0.3608008476650053
جيوش,-0.360479150175146,0.360479150175146
داكم,0.35875002215734003,0.35875002215734003
نكتولها,0.35849989253830095,0.35849989253830095
شهر,-0.35835448172679113,0.35835448172679113
يتنحاوقاع يرحلوا,-0.35826660621679723,0.35826660621679723
يرحلوا يرحلوا,-0.35826660621679723,0.35826660621679723
لصباح,0.3581734136176691,0.3581734136176691
الجنرال,-0.35801548131586736,0.35801548131586736
سوفيتال,-0.35800152502977656,0.35800152502977656
اصل,0.3577671185765776,0.3577671185765776
وزيطوط,0.35773132506790956,0.35773132506790956
howa,0.35767882960192166,0.35767882960192166
استطيع,0.3570593200310051,0.3570593200310051
وكذلك,0.3569965601340729,0.3569965601340729
ولماذا,-0.3568860784242377,0.3568860784242377
فلي,0.35676363074995243,0.35676363074995243
الشهريه,0.3559643907669941,0.3559643907669941
تعبدو,-0.3559228818359668,0.3559228818359668
ماهي,-0.35584290830895704,0.35584290830895704
دخل,0.35519197154116944,0.35519197154116944
اوملات بالبطاطا,-0.35449662457532854,0.35449662457532854
طرح,0.3543882475452222,0.3543882475452222
الراس,-0.3543115308653909,0.3543115308653909
ربراب بريء,-0.35413054454789605,0.35413054454789605
frr,-0.35389864946705585,0.35389864946705585
يسعد ربراب,-0.35388872538939925,0.35388872538939925
ونحب,0.35368893900830084,0.35368893900830084
يرحموا,0.3535786727581799,0.3535786727581799
نسمع الراي,-0.3529025334058586,0.3529025334058586
يخاف,-0.3528945763704434,0.3528945763704434
والاعمال,0.35280617944194326,0.35280617944194326
حمد اله,-0.3527715476437359,0.3527715476437359
رانى,-0.352449385615096,0.352449385615096
تغيرو,0.35242484428248305,0.35242484428248305
بقي,0.35202172496015255,0.35202172496015255
هربو,0.3519475039825791,0.3519475039825791
الص,0.35187875109469585,0.35187875109469585
التقنيه,-0.35147542527131437,0.35147542527131437
لله وانا,-0.3514237359699694,0.3514237359699694
وهي,-0.35139480695712844,0.35139480695712844
سمحلي,0.3511773816041915,0.3511773816041915
الاستغفار,-0.35100244449073204,0.35100244449073204
bsh,-0.350790836626857,0.350790836626857
وعميل,-0.3507623920299872,0.3507623920299872
احمد,0.35046330588088404,0.35046330588088404
التالق,-0.35041796877459713,0.35041796877459713
فايده,0.35038432291743044,0.35038432291743044
حمار يقود,0.3502045229142175,0.3502045229142175
لشركه,0.3497245375351595,0.3497245375351595
شارون,0.3495391677426253,0.3495391677426253
نشري ثلاجه,-0.3493551577064739,0.3493551577064739
وتعالي,-0.3489833149297461,0.3489833149297461
سبحانه وتعالي,-0.3489833149297461,0.3489833149297461
مبروك ماشاء,-0.34851972674990783,0.34851972674990783
السلام خاوتي,-0.34835996892714655,0.34835996892714655
العفنه,0.34714906980193666,0.34714906980193666
جذورهم,0.34714906980193666,0.34714906980193666
جذورهم العفنه,0.34714906980193666,0.34714906980193666
sans,0.34705987227050844,0.34705987227050844
الاولي,-0.3469286919341498,0.3469286919341498
ارتفاع,0.34673529273936876,0.34673529273936876
محال,-0.3465497537142985,0.3465497537142985
بلاد زبي,0.3465458880789392,0.3465458880789392
سجن,0.3463638179758097,0.3463638179758097
مشي,-0.3463333105763941,0.3463333105763941
اهي,0.3462056461283828,0.3462056461283828
تبين,-0.345797622646307,0.345797622646307
قولوا,0.34575901075014037,0.34575901075014037
وروح,-0.3457265941458716,0.3457265941458716
يقود امه,0.34558359091363194,0.34558359091363194
حبسولهم ولد,-0.3452718687276736,0.3452718687276736
وايحي وربراب,-0.3452718687276736,0.3452718687276736
وايحي,-0.3452718687276736,0.3452718687276736
يوما,-0.3452063105303585,0.3452063105303585
ذراري,-0.3451500875447743,0.3451500875447743
غول,0.3449367235456897,0.3449367235456897
سلاله,-0.34474123011049107,0.34474123011049107
وليس,0.3444623319420389,0.3444623319420389
المعلومه,-0.34440623865577685,0.34440623865577685
يدخل للحبس,-0.344276055427968,0.344276055427968
تخرجو,0.34368864652257153,0.34368864652257153
فدزاير,0.34346421102693864,0.34346421102693864
عيدك,-0.34294389128630576,0.34294389128630576
ولما يعتقل,0.3426616166388768,0.3426616166388768
مثلا,-0.34261148045648915,0.34261148045648915
ينقص,0.3425545589575523,0.3425545589575523
حاب نفتح,-0.34249165176256896,0.34249165176256896
دار القدس,-0.34238357319245416,0.34238357319245416
اللاعبين,-0.3420044583876519,0.3420044583876519
وفاق سطيف,0.34179309829149374,0.34179309829149374
الامبراطوريه البيزنطيه,-0.34146984705171685,0.34146984705171685
عبر الامبراطوريه,-0.34146984705171685,0.34146984705171685
البيزنطيه,-0.34146984705171685,0.34146984705171685
الامبراطوريه الرومانيه,-0.34146984705171685,0.34146984705171685
الرومانيه,-0.34146984705171685,0.34146984705171685
البلقان عبر,-0.34146984705171685,0.34146984705171685
الرومانيه الامبراطوريه,-0.34146984705171685,0.34146984705171685
الوصفه منطقه,-0.34146984705171685,0.34146984705171685
هده الوصفه,-0.34146984705171685,0.34146984705171685
تلفون كوندور,0.34104375059558395,0.34104375059558395
الف مبروك,-0.34093830535824415,0.34093830535824415
رهم,-0.34048343008945525,0.34048343008945525
سياسيه,-0.34034609919424424,0.34034609919424424
حبابنا,-0.3401251723643662,0.3401251723643662
الخون,-0.33964660449829487,0.33964660449829487
الاعبين,-0.3388845922571718,0.3388845922571718
اقرب,-0.33875091705169996,0.33875091705169996
مجانا,-0.33870149266804034,0.33870149266804034
التالي,-0.3380288707143981,0.3380288707143981
18,-0.337698101369256,0.337698101369256
درتها,0.3372891691879883,0.3372891691879883
زيدان,-0.33676002462371163,0.33676002462371163
ينعل طيز,0.3366880302960227,0.3366880302960227
وبعد,0.33643104697511517,0.33643104697511517
رقم,-0.3363814939048935,0.3363814939048935
ماكش حابس,0.3363607343778287,0.3363607343778287
صغيره,0.3361183122720292,0.3361183122720292
يولي,0.33604902997368474,0.33604902997368474
البيع بالتقسيط,-0.3359572531594779,0.3359572531594779
اخذ,0.3350568864737313,0.3350568864737313
مده,0.33493077195673876,0.33493077195673876
بطرق,0.3343045687898071,0.3343045687898071
ربي يحفظهم,-0.3342866934370138,0.3342866934370138
يكمل,-0.3339912689739532,0.3339912689739532
يوجد دعاء,-0.3335798613230797,0.3335798613230797
مصداقيه,0.3333676521735926,0.3333676521735926
دخلت,-0.3333283591789498,0.3333283591789498
تحلاب,-0.3332257742681705,0.3332257742681705
النار,0.33279952665812623,0.33279952665812623
يتبعوه,0.33262642719835667,0.33262642719835667
المزور,-0.3319530038533022,0.3319530038533022
شهيد,0.3318553810888745,0.3318553810888745
قطره,0.3318143875182775,0.3318143875182775
تسير,-0.33147330703572786,0.33147330703572786
والي خدامين,-0.3314578734420367,0.3314578734420367
خلي,0.3312681255882402,0.3312681255882402
محمد رسول,-0.3310563375748759,0.3310563375748759
حركتهم,-0.33086229221497826,0.33086229221497826
استاذنا,-0.33085009882474825,0.33085009882474825
ينعاد,-0.3306577067566724,0.3306577067566724
لانو,-0.33028614545176493,0.33028614545176493
حمد الله,-0.3301801335904396,0.3301801335904396
معتشوب,0.3301287396074032,0.3301287396074032
فيديو,0.3297077983544226,0.3297077983544226
اليا,-0.3296696542930263,0.3296696542930263
العرش العظيم,-0.32907492364535096,0.32907492364535096
رب العرش,-0.32907492364535096,0.32907492364535096
وغير,0.3290080555250001,0.3290080555250001
مذكره,0.3289758110175049,0.3289758110175049
الحشمه,-0.3285406307646051,0.3285406307646051
مسكينه,0.32806341213086615,0.32806341213086615
يمات يمات,0.3273885230700288,0.3273885230700288
الميت,-0.3270912336490668,0.3270912336490668
العاصميين,-0.32674021173213263,0.32674021173213263
يتحاسبوا,-0.32638668545893745,0.32638668545893745
وجه البخس,0.3254994878282852,0.3254994878282852
حق الشعب,0.3251962047392887,0.3251962047392887
اله يرحموا,0.3246959380999504,0.3246959380999504
بلد,-0.32469585902400716,0.32469585902400716
النيه,0.3245927694965757,0.3245927694965757
10,-0.3242518247112661,0.3242518247112661
امير المزيد,-0.3242472527808529,0.3242472527808529
ايا مزيه,-0.32409509662116237,0.32409509662116237
عالم,0.3236546500424841,0.3236546500424841
ونجي,-0.32358859694754,0.32358859694754
الارباب,0.3235560238318987,0.3235560238318987
الدزاير,-0.32337365197088147,0.32337365197088147
لافريقيا,-0.3230860679780827,0.3230860679780827
حبيبي,-0.3229148995941134,0.3229148995941134
استعمال,0.3223793301659926,0.3223793301659926
قفه,0.3223113039059897,0.3223113039059897
المجد,-0.32223182130458866,0.32223182130458866
واسقاط,0.3221660948183192,0.3221660948183192
واسقاط رايتهم,0.3221660948183192,0.3221660948183192
واعلمهم,0.3221660948183192,0.3221660948183192
التوبه سريعا,0.3221660948183192,0.3221660948183192
الخونه اعداء,0.3221660948183192,0.3221660948183192
ينجح,0.3221660948183192,0.3221660948183192
ينجح بكل,0.3221660948183192,0.3221660948183192
الزلزله تخبط,0.3221660948183192,0.3221660948183192
رايتهم الفرشيطه,0.3221660948183192,0.3221660948183192
سريعا واعلمهم,0.3221660948183192,0.3221660948183192
الشيطاني,0.3221660948183192,0.3221660948183192
رايتهم,0.3221660948183192,0.3221660948183192
الخبيثه سريعا,0.3221660948183192,0.3221660948183192
الشيطاني الخبيث,0.3221660948183192,0.3221660948183192
سريعا واسقاط,0.3221660948183192,0.3221660948183192
الخبيث ينجح,0.3221660948183192,0.3221660948183192
واعلمهم مشروعهم,0.3221660948183192,0.3221660948183192
ولاد رجال,0.3221660948183192,0.3221660948183192
مشكله,-0.32180972347004394,0.32180972347004394
كرامتي,-0.3215356046829882,0.3215356046829882
وربي يرحم,-0.32111514080172127,0.32111514080172127
البحرين,0.3205859010728117,0.3205859010728117
ساكن طلبت,0.3205859010728117,0.3205859010728117
دارها,-0.3196051392949858,0.3196051392949858
صحابي,-0.31956068813898303,0.31956068813898303
تظن,0.31953997267173545,0.31953997267173545
لياسما,0.31925145500962093,0.31925145500962093
نشر,-0.3189275603485822,0.3189275603485822
الشعبي الوطني,0.3187829251732545,0.3187829251732545
سعر الغساله,-0.3185343132495756,0.3185343132495756
الالكتروني,0.31851822030071664,0.31851822030071664
الشركات,0.318231694607703,0.318231694607703
تفوطي,-0.3178820342812554,0.3178820342812554
بنصف,-0.31786926328855947,0.31786926328855947
ويسبو,-0.3176356959589459,0.3176356959589459
ومعنديش,0.3175349041001821,0.3175349041001821
المثقف,-0.31750521926414776,0.31750521926414776
سيوله,0.317380998877735,0.317380998877735
اله يغفر,-0.3168256486520881,0.3168256486520881
سعر الزيت,0.3165944734465064,0.3165944734465064
شا,-0.3165605660738427,0.3165605660738427
معندهاش,0.3163895258659299,0.3163895258659299
خطوه,-0.31627578070877166,0.31627578070877166
للدوله,-0.31608418655755527,0.31608418655755527
اماتكم,0.31590244085140334,0.31590244085140334
يسلام,0.3158012968546371,0.3158012968546371
الحالي,0.31538998329679285,0.31538998329679285
تكن غبي,0.3151015992905575,0.3151015992905575
نحس روحي,0.31468782118397987,0.31468782118397987
jamais,0.3145608288977284,0.3145608288977284
لجميع,-0.3136392603142401,0.3136392603142401
سوه مك,0.3132450129461747,0.3132450129461747
عز وجل,0.31269763513115095,0.31269763513115095
وجل,0.31269763513115095,0.31269763513115095
ارجع,-0.31261816243923585,0.31261816243923585
يهديك,-0.3124339533353358,0.3124339533353358
العضيم,0.3121716776240386,0.3121716776240386
الانبياء والمرسلين,-0.3116757225470021,0.3116757225470021
والمرسلين,-0.3116757225470021,0.3116757225470021
اشرف الانبياء,-0.3116757225470021,0.3116757225470021
والمرسلين سيدنا,-0.3116757225470021,0.3116757225470021
والسلام اشرف,-0.3116757225470021,0.3116757225470021
برحمته الواسعه,-0.3115821706645207,0.3115821706645207
الواسعه,-0.3115821706645207,0.3115821706645207
ناصر,-0.3115442718880723,0.3115442718880723
الشاب,-0.3114699650299829,0.3114699650299829
الحساد,0.311153676663741,0.311153676663741
خرب,-0.3110054076554947,0.3110054076554947
نسمعلكش,0.3108469060569084,0.3108469060569084
فرن ثلاجه,-0.3108088128822171,0.3108088128822171
نشري فرن,-0.3108088128822171,0.3108088128822171
وعلى,0.3105865434943664,0.3105865434943664
43,-0.3105231864049017,0.3105231864049017
الارضيه,0.310422702200512,0.310422702200512
يوم الدين,0.3103443258813209,0.3103443258813209
تكوين,0.3101550580991151,0.3101550580991151
قبله اليس,0.3095900859269764,0.3095900859269764
بضعف سعرهم,0.3095900859269764,0.3095900859269764
خرب حطم,0.3095900859269764,0.3095900859269764
يسب الشعب,0.3095900859269764,0.3095900859269764
بضعف,0.3095900859269764,0.3095900859269764
يستفيد,0.3095900859269764,0.3095900859269764
حاكمين شيء,0.3095900859269764,0.3095900859269764
سعرهم,0.3095900859269764,0.3095900859269764
السعيد نهب,0.3095900859269764,0.3095900859269764
اليس ربراب,0.3095900859269764,0.3095900859269764
اليس سيدهم,0.3095900859269764,0.3095900859269764
الثمن رغم,0.3095900859269764,0.3095900859269764
الافسيو عهد,0.3095900859269764,0.3095900859269764
بنصف الثمن,0.3095900859269764,0.3095900859269764
نهب خرب,0.3095900859269764,0.3095900859269764
الجميع كانوا,0.3095900859269764,0.3095900859269764
كانوا يشوفوا,0.3095900859269764,0.3095900859269764
رغم يستفيد,0.3095900859269764,0.3095900859269764
رضع,0.3095900859269764,0.3095900859269764
رضع الخزينه,0.3095900859269764,0.3095900859269764
العمال المال,0.3095900859269764,0.3095900859269764
شيء الحكومه,0.3095900859269764,0.3095900859269764
اويحي بولكيران,0.3095900859269764,0.3095900859269764
بوتفليقه قبله,0.3095900859269764,0.3095900859269764
بولكيران,0.3095900859269764,0.3095900859269764
حطم,0.3095900859269764,0.3095900859269764
الزيت بضعف,0.3095900859269764,0.3095900859269764
رساله الاخوه,0.3095900859269764,0.3095900859269764
اليس اويحي,0.3095900859269764,0.3095900859269764
الخزينه عهد,0.3095900859269764,0.3095900859269764
احفظ بلادنا,-0.309506282671305,0.309506282671305
والتوفيق,-0.30894714766962356,0.30894714766962356
الكارت,-0.30881625513295663,0.30881625513295663
الهم اني,0.30765207960584046,0.30765207960584046
خارج لبلاد,0.307359039450154,0.307359039450154
لغه,-0.30728295135773853,0.30728295135773853
walou,0.3071785458016332,0.3071785458016332
المغالطات,0.30715879166539173,0.30715879166539173
الله يوفقك,-0.307157087643537,0.307157087643537
فقراء يغنيكم,-0.3069846732126759,0.3069846732126759
يغنيكم,-0.3069846732126759,0.3069846732126759
تسوي,-0.3064498552222977,0.3064498552222977
ويقولو,-0.3064165078393547,0.3064165078393547
سبور فتحت,-0.30633606201278385,0.30633606201278385
سجل ساله,-0.30633606201278385,0.30633606201278385
فتحت جديده,-0.30633606201278385,0.30633606201278385
خويا سجل,-0.30633606201278385,0.30633606201278385
ساله,-0.30633606201278385,0.30633606201278385
مامبا,-0.30633606201278385,0.30633606201278385
مامبا نصف,-0.30633606201278385,0.30633606201278385
نصف ساعه,-0.30633606201278385,0.30633606201278385
ساله سبور,-0.30633606201278385,0.30633606201278385
جديده مامبا,-0.30633606201278385,0.30633606201278385
السان,-0.30622630032664055,0.30622630032664055
انذاك,-0.3062052345055193,0.3062052345055193
حب الوطن,-0.3060644784325896,0.3060644784325896
قباءليه,-0.30591999210592385,0.30591999210592385
افراد,0.305862796911253,0.305862796911253
ماشي خير,0.305509512078293,0.305509512078293
سبان,0.30522714784913413,0.30522714784913413
الاكبر,-0.3049936526387387,0.3049936526387387
والخارج,-0.3049911468602844,0.3049911468602844
الداخل والخارج,-0.3049911468602844,0.3049911468602844
هارب,-0.3047842349180192,0.3047842349180192
السبان,0.30447071103875123,0.30447071103875123
يكذب,-0.30440930473925787,0.30440930473925787
ويديرلك,0.30435598819445114,0.30435598819445114
بهدلتو برواحكم,-0.30416866763105405,0.30416866763105405
نلعب فري,-0.3039501675278538,0.3039501675278538
يبان,0.30365817400136536,0.30365817400136536
والرءيس,0.30348183667909145,0.30348183667909145
بكثير,-0.30288730548743675,0.30288730548743675
الصفات,0.3021836721315549,0.3021836721315549
الفايسبوك,0.30207810670910545,0.30207810670910545
تتبع,0.30136508717325194,0.30136508717325194
اسمه,-0.30134545750355246,0.30134545750355246
نيك حشون,0.3007411180014468,0.3007411180014468
والعقوبه,0.300464959667656,0.300464959667656
orange tchina,0.3001764639305318,0.3001764639305318
tchina,0.3001764639305318,0.3001764639305318
غالط,0.29962155242819216,0.29962155242819216
الرونجاس,-0.29925231247882056,0.29925231247882056
الجزاءر العاصمه,-0.29921621137888266,0.29921621137888266
يبيع,0.29901658050021446,0.29901658050021446
يشد,0.29814243870623014,0.29814243870623014
تري,-0.2979093773517923,0.2979093773517923
14,-0.29772803662725783,0.29772803662725783
الاربعاء,-0.29745065596101683,0.29745065596101683
الجنرال الخاءن,0.297096230000589,0.297096230000589
مريض,0.2966248945451953,0.2966248945451953
السلميه,0.2961299784270701,0.2961299784270701
يذهب,-0.295840368338521,0.295840368338521
المره,-0.29576490437205816,0.29576490437205816
ومبروك,-0.29576340630261033,0.29576340630261033
رافده,0.2954320727715985,0.2954320727715985
علبيها,0.295396798120869,0.295396798120869
مشاء,-0.2953199113231763,0.2953199113231763
اعتقاله,-0.29507867260075965,0.29507867260075965
يطبع,-0.29494298211027487,0.29494298211027487
مقلدينهم,-0.29490939235194213,0.29490939235194213
بامر,0.29427406131743766,0.29427406131743766
قبره روضه,-0.29422691323905964,0.29422691323905964
اقامه,0.2940125172591948,0.2940125172591948
ساعدوني,-0.293903273754099,0.293903273754099
تحطيم,-0.29384001810477994,0.29384001810477994
صل اله,-0.2938191724918154,0.2938191724918154
فرنسا عايش,0.29360142475721185,0.29360142475721185
فرق,0.2933973539459308,0.2933973539459308
ماراهش,-0.2932419541064958,0.2932419541064958
عطاوها,0.2929871240470136,0.2929871240470136
العقيد,-0.29282065148029485,0.29282065148029485
بارسال,-0.29281479895503626,0.29281479895503626
المشاريع,0.29206613255877556,0.29206613255877556
الحديد المشع,0.29191155804244107,0.29191155804244107
الف,-0.2917454363630429,0.2917454363630429
دنيا الاخره,0.2916895437674599,0.2916895437674599
والمحن,-0.2907915932134836,0.2907915932134836
بطن,-0.2907915932134836,0.2907915932134836
صحفي,-0.2906711462865751,0.2906711462865751
الفندق,0.2906575173849953,0.2906575173849953
الخوف,0.2905596371564942,0.2905596371564942
شهوات,-0.29050390787505365,0.29050390787505365
الشرطه,0.29034477901931205,0.29034477901931205
قسنطينه,-0.2897331521043436,0.2897331521043436
قدور,-0.2897017041269266,0.2897017041269266
جابوه,-0.2894617344428878,0.2894617344428878
يربحك,-0.2891965586004905,0.2891965586004905
مقري,0.28917945498707065,0.28917945498707065
نطلع,0.28914950717589233,0.28914950717589233
امازيغيه,-0.2886046765301049,0.2886046765301049
لمعرفه المزيد,-0.28842251959874926,0.28842251959874926
منك التوجه,-0.28842251959874926,0.28842251959874926
لمعرفه,-0.28842251959874926,0.28842251959874926
متخبي,0.288029889124005,0.288029889124005
عندي مشكل,-0.28778256556099485,0.28778256556099485
عميروش,0.2877218932230795,0.2877218932230795
بلبيض,0.2877037873366704,0.2877037873366704
بالهتنا,-0.28751249274359036,0.28751249274359036
نضال,-0.28741566330351676,0.28741566330351676
سقسيها,0.28732161454106087,0.28732161454106087
يقدر,0.2869737304870727,0.2869737304870727
راكم حابين,0.2869329994400791,0.2869329994400791
خدام الشعب,-0.28687259814849203,0.28687259814849203
جيجيل,-0.2867804557630897,0.2867804557630897
خويا خويا,-0.2864427082960174,0.2864427082960174
الجزائريه,-0.28619653298467757,0.28619653298467757
حلوه,0.2861264114295299,0.2861264114295299
وبارك,-0.28610379076842674,0.28610379076842674
اصلها الجزاءر,-0.28594895901373285,0.28594895901373285
الشيخ,0.28593157648262824,0.28593157648262824
دايما,-0.2858491111898975,0.2858491111898975
زوافيه,0.2856571134964172,0.2856571134964172
قبايلي,-0.2852633207879974,0.2852633207879974
فرض,0.28525295037031895,0.28525295037031895
نحي,-0.2851677840541028,0.2851677840541028
مبروك بالتوفيق,-0.284773334786795,0.284773334786795
طيحو,0.28443740330205025,0.28443740330205025
رفع,0.2841287235525644,0.2841287235525644
لافي كلغ,-0.2836775849732503,0.2836775849732503
فريت املات,0.2834701139429104,0.2834701139429104
املات,0.2834701139429104,0.2834701139429104
كثرت,-0.2834534402255899,0.2834534402255899
بوشوارب,-0.2834154746254742,0.2834154746254742
لعنصريه,-0.2832002674857738,0.2832002674857738
وتموت,0.2830168633682776,0.2830168633682776
ماعندي,-0.2826584563551009,0.2826584563551009
التنسقيه,-0.2820508840446616,0.2820508840446616
اخي زيطوط,-0.2820508840446616,0.2820508840446616
النظام يريد,-0.2820508840446616,0.2820508840446616
الاولد,-0.28204904584046714,0.28204904584046714
بريطاني,0.2820446255393751,0.2820446255393751
حقيقه,0.2818910003110261,0.2818910003110261
تيليفون,0.28178525341134886,0.28178525341134886
الاسم,0.28173364048580546,0.28173364048580546
الرفاهيه,0.2816295418329627,0.2816295418329627
كلب رخيص,0.2815495704254899,0.2815495704254899
يحبوا,0.28133488041975946,0.28133488041975946
تقودي,0.2813059214320088,0.2813059214320088
حاسدينهم,-0.2811849908465515,0.2811849908465515
ويرحم روح,0.2809924832849374,0.2809924832849374
الخبزه,-0.2806584773327838,0.2806584773327838
والقال,-0.2806241465204875,0.2806241465204875
اليهم,0.28054854927271655,0.28054854927271655
راهو,0.28026395200979437,0.28026395200979437
امير وديما,-0.2798572742150641,0.2798572742150641
هربت,-0.27973584678858443,0.27973584678858443
اقرب وقت,0.2793873596050077,0.2793873596050077
دعاء خاص,-0.2789555111133052,0.2789555111133052
امرا,-0.278668449367749,0.278668449367749
معطيات,-0.27831186997651697,0.27831186997651697
برج بوعريريج,-0.2781874737331965,0.2781874737331965
جدكم,-0.27814436871334014,0.27814436871334014
الجهويه ربراب,-0.2776627933699857,0.2776627933699857
يدخلونا,0.27745295274934423,0.27745295274934423
مءخرا,-0.27737278306674135,0.27737278306674135
والعياذ بالله,0.2773687321249872,0.2773687321249872
هاربين,-0.2766382121644865,0.2766382121644865
لابال,0.2762314650895306,0.2762314650895306
التغليط,0.2762178054605588,0.2762178054605588
تستناو,0.27606824663344265,0.27606824663344265
صابو,0.27592838342119835,0.27592838342119835
ويدير,-0.2756898399682711,0.2756898399682711
وعي,0.27560957616861276,0.27560957616861276
والعافيه,0.2750174976122573,0.2750174976122573
تاخذ,-0.274901896886278,0.274901896886278
العب,-0.2747172044302409,0.2747172044302409
العمــال,0.27455660162276985,0.27455660162276985
تاكلوا,0.2742827769896914,0.2742827769896914
بتهمه,-0.27419856079109334,0.27419856079109334
نقولو,-0.27397738886443107,0.27397738886443107
البرج,0.2739282155642035,0.2739282155642035
الارهابي,-0.27377064064988343,0.27377064064988343
المنافقين,-0.2736870316178857,0.2736870316178857
خطونا,0.2731384906090484,0.2731384906090484
معجبوش لحال,0.2730601667311305,0.2730601667311305
لحال يدو,0.2730601667311305,0.2730601667311305
ولي معجبوش,0.2730601667311305,0.2730601667311305
يزيد,-0.2723979585545608,0.2723979585545608
ولن,0.27221382918766757,0.27221382918766757
الشده,-0.2715949904563097,0.2715949904563097
غلقو,-0.271517075764202,0.271517075764202
روحها,0.2714148001575814,0.2714148001575814
jsk,-0.2711250791590536,0.2711250791590536
متعرفش,0.27106725304291907,0.27106725304291907
يقود مجموعه,0.2709081232917967,0.2709081232917967
السنه,-0.2707714891923194,0.2707714891923194
تخفيضات لشهر,-0.27036805828868926,0.27036805828868926
لشهر رمضان,-0.27036805828868926,0.27036805828868926
واتوب,-0.2700978285974444,0.2700978285974444
ونخبته,-0.2700826500158529,0.2700826500158529
راجل ارواح,0.2695610717782043,0.2695610717782043
حراق,-0.2686421540395614,0.2686421540395614
رغم,-0.2683318895251611,0.2683318895251611
بيت,0.26749442446989297,0.26749442446989297
المال العام,0.26739575452753034,0.26739575452753034
يابن,0.2666834892293284,0.2666834892293284
حكيم,0.2664891909014174,0.2664891909014174
اسرار,-0.2663821842708323,0.2663821842708323
تعد,-0.2653848339565952,0.2653848339565952
معها,-0.265194167390965,0.265194167390965
الدوله,0.26474111621490376,0.26474111621490376
ناجحه,0.26472968112035433,0.26472968112035433
حي اله,-0.26435124373276686,0.26435124373276686
فالجبال,0.26405076260601196,0.26405076260601196
حقك,-0.2639271925186858,0.2639271925186858
لفريت,0.2638091629006539,0.2638091629006539
الناس كامل,0.26294754588596864,0.26294754588596864
الفرنسيه,-0.26244865209366663,0.26244865209366663
فالدين,-0.26191689744500224,0.26191689744500224
الزياره,-0.2618715229806476,0.2618715229806476
مغربي,0.2618610341233852,0.2618610341233852
الاقتصاد,0.2614131213696271,0.2614131213696271
يتقن,-0.2609035718433135,0.2609035718433135
يهمل,-0.26060996788754975,0.26060996788754975
حد,-0.26030533758818136,0.26030533758818136
وهذه,-0.26013908481819503,0.26013908481819503
ماراكمش,0.26006568957023496,0.26006568957023496
فاليل,-0.2599446638174033,0.2599446638174033
وبارك الله,-0.25974841906381335,0.25974841906381335
سيدك القايد,0.25971886357201424,0.25971886357201424
الخدمه,0.2594745851554598,0.2594745851554598
والف مبروك,-0.2594224806998421,0.2594224806998421
ماشي شابه,0.25815494039125886,0.25815494039125886
نداء,-0.25814978444847075,0.25814978444847075
والزلازل,-0.2580804383749001,0.2580804383749001
وجميع الفتن,-0.2580804383749001,0.2580804383749001
وجميع,-0.2580804383749001,0.2580804383749001
بيدك ماض,-0.2580804383749001,0.2580804383749001
الفقراء عبيدك,-0.2580804383749001,0.2580804383749001
والمحن وجميع,-0.2580804383749001,0.2580804383749001
منجا منك,-0.2580804383749001,0.2580804383749001
فينا حكمك,-0.2580804383749001,0.2580804383749001
والزلازل والمحن,-0.2580804383749001,0.2580804383749001
بنو عبيدك,-0.2580804383749001,0.2580804383749001
بنو,-0.2580804383749001,0.2580804383749001
ماض,-0.2580804383749001,0.2580804383749001
ماض فينا,-0.2580804383749001,0.2580804383749001
عبيدك بنو,-0.2580804383749001,0.2580804383749001
عدل فينا,-0.2580804383749001,0.2580804383749001
ادفع عنا,-0.2580804383749001,0.2580804383749001
منجا,-0.2580804383749001,0.2580804383749001
ونحن الفقراء,-0.2580804383749001,0.2580804383749001
والبراكين,-0.2580804383749001,0.2580804383749001
اله الغني,-0.2580804383749001,0.2580804383749001
عبيدك نواصينا,-0.2580804383749001,0.2580804383749001
الغني ونحن,-0.2580804383749001,0.2580804383749001
والبراكين والزلازل,-0.2580804383749001,0.2580804383749001
ملجا منجا,-0.2580804383749001,0.2580804383749001
نواصينا بيدك,-0.2580804383749001,0.2580804383749001
ادفع,-0.2580804383749001,0.2580804383749001
نواصينا,-0.2580804383749001,0.2580804383749001
لذا,-0.2575591486312251,0.2575591486312251
شبعت رخس,0.2574143692267559,0.2574143692267559
سرق الاف,0.2570095734353467,0.2570095734353467
حابينها,-0.2568000239360499,0.2568000239360499
شفقه,0.25677958919317045,0.25677958919317045
بهدلتي,0.2564125005322823,0.2564125005322823
يشكي,0.2555571227974479,0.2555571227974479
وكيلكم,0.255316147618987,0.255316147618987
ويجعل,-0.2552652618032207,0.2552652618032207
بالبركه خويا,-0.2552352157170161,0.2552352157170161
سيدك ربراب,-0.2549766049532589,0.2549766049532589
فلسطين,0.25467738004565815,0.25467738004565815
ونحن,-0.25464268356480685,0.25464268356480685
المسلمين امين,-0.2538945938350052,0.2538945938350052
امير بوخرص,-0.2533138212451976,0.2533138212451976
مدام,-0.25300415875735244,0.25300415875735244
بيسك,0.2526785851970985,0.2526785851970985
شريت تلفاز,-0.25260717805086796,0.25260717805086796
باب,0.25247830820918155,0.25247830820918155
نيك يماك,0.2521533934765804,0.2521533934765804
يتقاضى,0.25203016337965384,0.25203016337965384
نبنوا,0.25180398506614876,0.25180398506614876
وصلت,0.25172421116979,0.25172421116979
صوت,0.25152264058673746,0.25152264058673746
نيك اماتكم,0.2512997095840434,0.2512997095840434
غدر,-0.25122151232207374,0.25122151232207374
تاتي,0.2511870399517282,0.2511870399517282
فكانت,-0.25081869577809573,0.25081869577809573
امك انجبت,0.25080791509067435,0.25080791509067435
احذر,-0.25075352128896705,0.25075352128896705
انكر,-0.25072603617304473,0.25072603617304473
مفبركه,-0.2505322545832529,0.2505322545832529
عامه,-0.2501269519735973,0.2501269519735973
يزيدش,-0.24994755004563898,0.24994755004563898
فامكم,0.2497525485373143,0.2497525485373143
الفريت,-0.24972928472392197,0.24972928472392197
بالكثير,-0.24960097060951245,0.24960097060951245
فالجزائر,-0.24933528791593057,0.24933528791593057
ولادهم,-0.24902522619038314,0.24902522619038314
رحمه اله,-0.2488724792782745,0.2488724792782745
ربي يهدينا,0.24848324872983168,0.24848324872983168
تجيب,-0.24842218075562789,0.24842218075562789
الاجنبيه,0.24830504978538817,0.24830504978538817
اشباه الرجال,0.2478386561215892,0.2478386561215892
ولايه المسيله,-0.2475009611450787,0.2475009611450787
undefined undefined,0.2473920995313157,0.2473920995313157
نقرا,-0.24705712297392252,0.24705712297392252
باعتقال,0.2468158247795103,0.2468158247795103
عمي,-0.2464692292419928,0.2464692292419928
عرف,0.24641593624271801,0.24641593624271801
الزيت والسكر,-0.24619796900681976,0.24619796900681976
بلاد ميكي,0.24610722500969198,0.24610722500969198
العمال,0.2460149401040132,0.2460149401040132
امشو,0.24594511519829693,0.24594511519829693
احترم,-0.2458187551139939,0.2458187551139939
فريت اومليت,-0.24571005974686838,0.24571005974686838
المر,0.24559711427035108,0.24559711427035108
خوا خوا,-0.24467404761142666,0.24467404761142666
ابري,-0.24388516431046778,0.24388516431046778
حل,-0.24363250088774993,0.24363250088774993
التركيز,0.24345620106386012,0.24345620106386012
لماذا التركيز,0.24345620106386012,0.24345620106386012
قربت,-0.2433911034618219,0.2433911034618219
اكبر كلب,0.24338632313778713,0.24338632313778713
تشرو,0.24334420208636107,0.24334420208636107
اله وسلم,-0.24278526115506122,0.24278526115506122
باين اعليك,0.24264001668716326,0.24264001668716326
صل الله,-0.242077986384886,0.242077986384886
فجاه,0.24163005669240542,0.24163005669240542
لبن,0.24161082682821386,0.24161082682821386
مولوديه,0.24146324388368112,0.24146324388368112
قروب,0.24145709066264637,0.24145709066264637
الحال,-0.24131094205268755,0.24131094205268755
محترف,0.24121553646589658,0.24121553646589658
در,0.24076374832963424,0.24076374832963424
لعبه,0.24069930898100417,0.24069930898100417
الخريطه,-0.2398425949767153,0.2398425949767153
يدرسوا,0.2397341013456662,0.2397341013456662
الحراره,-0.23940811717182428,0.23940811717182428
يهدينا,-0.2389923360122856,0.2389923360122856
بلدي,-0.23869396704770268,0.23869396704770268
طابو حزب,0.23824743944758683,0.23824743944758683
بوشاشي جيلالي,0.23824743944758683,0.23824743944758683
مصلحه الجنرال,0.23824743944758683,0.23824743944758683
يوجد تسجيل,0.23824743944758683,0.23824743944758683
مسير,0.23824743944758683,0.23824743944758683
مسير لشركه,0.23824743944758683,0.23824743944758683
ضمنيا,0.23824743944758683,0.23824743944758683
يقوم بتمويل,0.23824743944758683,0.23824743944758683
يقوم الجنرال,0.23824743944758683,0.23824743944758683
ميره,0.23824743944758683,0.23824743944758683
ذكر ربراب,0.23824743944758683,0.23824743944758683
ضمنيا بان,0.23824743944758683,0.23824743944758683
بدون المرور,0.23824743944758683,0.23824743944758683
تمويل,0.23824743944758683,0.23824743944758683
ذكره ربراب,0.23824743944758683,0.23824743944758683
بخصوص التمويل,0.23824743944758683,0.23824743944758683
فيديو لابن,0.23824743944758683,0.23824743944758683
اعترف ربراب,0.23824743944758683,0.23824743944758683
الطفيليات,0.23824743944758683,0.23824743944758683
الاعتراف,0.23824743944758683,0.23824743944758683
تمويل حركه,0.23824743944758683,0.23824743944758683
سيفيتال ذكر,0.23824743944758683,0.23824743944758683
الطفيليات السياسيه,0.23824743944758683,0.23824743944758683
ذكر السياق,0.23824743944758683,0.23824743944758683
عبد الرحمن,0.23824743944758683,0.23824743944758683
المحامي,0.23824743944758683,0.23824743944758683
باس نذكر,0.23824743944758683,0.23824743944758683
ذكر السيد,0.23824743944758683,0.23824743944758683
يذهبون تونس,0.23824743944758683,0.23824743944758683
العربي عسول,0.23824743944758683,0.23824743944758683
المرور نقاط,0.23824743944758683,0.23824743944758683
الكل الاغلبيه,0.23824743944758683,0.23824743944758683
المحامي ايت,0.23824743944758683,0.23824743944758683
بالتطورات,0.23824743944758683,0.23824743944758683
قناه المغاربيه,0.23824743944758683,0.23824743944758683
المجاهد عبد,0.23824743944758683,0.23824743944758683
صرح,0.23824743944758683,0.23824743944758683
عباس مدني,0.23824743944758683,0.23824743944758683
صرح ضمنيا,0.23824743944758683,0.23824743944758683
الارسيدي,0.23824743944758683,0.23824743944758683
الارسيدي المحامي,0.23824743944758683,0.23824743944758683
يذهبون,0.23824743944758683,0.23824743944758683
المعارضه الخارج,0.23824743944758683,0.23824743944758683
سنوافيكم,0.23824743944758683,0.23824743944758683
نقول الكل,0.23824743944758683,0.23824743944758683
السياق نقطه,0.23824743944758683,0.23824743944758683
الفعلي لشركه,0.23824743944758683,0.23824743944758683
نقاط المراقبه,0.23824743944758683,0.23824743944758683
السياسيه علاقته,0.23824743944758683,0.23824743944758683
بتوجيه,0.23824743944758683,0.23824743944758683
بارسال سيارات,0.23824743944758683,0.23824743944758683
تونس لتمضيه,0.23824743944758683,0.23824743944758683
ربراب مسير,0.23824743944758683,0.23824743944758683
ربراب نقطه,0.23824743944758683,0.23824743944758683
بالتطورات حينها,0.23824743944758683,0.23824743944758683
بالتنسيق,0.23824743944758683,0.23824743944758683
ابن المرحوم,0.23824743944758683,0.23824743944758683
ربراب بخصوص,0.23824743944758683,0.23824743944758683
الداعم,0.23824743944758683,0.23824743944758683
الرحمن ميره,0.23824743944758683,0.23824743944758683
التفاصيل,0.23824743944758683,0.23824743944758683
خطها,0.23824743944758683,0.23824743944758683
ميره صرح,0.23824743944758683,0.23824743944758683
خطها الاعلامي,0.23824743944758683,0.23824743944758683
مواطنه,0.23824743944758683,0.23824743944758683
مواطنه الطفيليات,0.23824743944758683,0.23824743944758683
لابن المجاهد,0.23824743944758683,0.23824743944758683
حذف الخبر,0.23824743944758683,0.23824743944758683
الوجوه المعارضه,0.23824743944758683,0.23824743944758683
حزب الارسيدي,0.23824743944758683,0.23824743944758683
حركه مواطنه,0.23824743944758683,0.23824743944758683
التفاصيل باس,0.23824743944758683,0.23824743944758683
الاحزاب السياسيه,0.23824743944758683,0.23824743944758683
الوجوه,0.23824743944758683,0.23824743944758683
المالك الفعلي,0.23824743944758683,0.23824743944758683
المالك الاصلي,0.23824743944758683,0.23824743944758683
يخص الاحزاب,0.23824743944758683,0.23824743944758683
نذكر ذكره,0.23824743944758683,0.23824743944758683
ربراب يقوم,0.23824743944758683,0.23824743944758683
مدني توجيه,0.23824743944758683,0.23824743944758683
اكد,0.23824743944758683,0.23824743944758683
السياق,0.23824743944758683,0.23824743944758683
ربراب يتهم,0.23824743944758683,0.23824743944758683
امره بشراء,0.23824743944758683,0.23824743944758683
اكد الجنرال,0.23824743944758683,0.23824743944758683
بشراء قناه,0.23824743944758683,0.23824743944758683
سفيان تمويل,0.23824743944758683,0.23824743944758683
الحدوديه يبقوا,0.23824743944758683,0.23824743944758683
السياسيه ظهرت,0.23824743944758683,0.23824743944758683
لتمضيه العطله,0.23824743944758683,0.23824743944758683
بكل لويزه,0.23824743944758683,0.23824743944758683
تسجيل فيديو,0.23824743944758683,0.23824743944758683
عسول بوشاشي,0.23824743944758683,0.23824743944758683
الانفصاليه بالاموال,0.23824743944758683,0.23824743944758683
الانفصاليه ذكر,0.23824743944758683,0.23824743944758683
الخبر نشره,0.23824743944758683,0.23824743944758683
لتمضيه,0.23824743944758683,0.23824743944758683
اغلب المعارضين,0.23824743944758683,0.23824743944758683
العطله يقوم,0.23824743944758683,0.23824743944758683
عنون موقع,0.23824743944758683,0.23824743944758683
الخبر اخفاء,0.23824743944758683,0.23824743944758683
عنون,0.23824743944758683,0.23824743944758683
الخارج ذكر,0.23824743944758683,0.23824743944758683
مباشر الجنرال,0.23824743944758683,0.23824743944758683
ايت العربي,0.23824743944758683,0.23824743944758683
لتدخلهم,0.23824743944758683,0.23824743944758683
حنون كريم,0.23824743944758683,0.23824743944758683
توجهاتها,0.23824743944758683,0.23824743944758683
يتمتعوا,0.23824743944758683,0.23824743944758683
يتمتعوا بصفه,0.23824743944758683,0.23824743944758683
يتهم الجنرال,0.23824743944758683,0.23824743944758683
اخفاء,0.23824743944758683,0.23824743944758683
المراقبه,0.23824743944758683,0.23824743944758683
بامر الجنرال,0.23824743944758683,0.23824743944758683
المراقبه الحدوديه,0.23824743944758683,0.23824743944758683
المهم موضوع,0.23824743944758683,0.23824743944758683
بان ربراب,0.23824743944758683,0.23824743944758683
سنوافيكم بالتطورات,0.23824743944758683,0.23824743944758683
يبقوا يتمتعوا,0.23824743944758683,0.23824743944758683
بامر مباشر,0.23824743944758683,0.23824743944758683
جيلالي سفيان,0.23824743944758683,0.23824743944758683
بامر المالك,0.23824743944758683,0.23824743944758683
ربراب الاعتراف,0.23824743944758683,0.23824743944758683
نسبه الارباح,0.23824743944758683,0.23824743944758683
مهمه الداعم,0.23824743944758683,0.23824743944758683
تعلق بتمويل,0.23824743944758683,0.23824743944758683
توفيق بارسال,0.23824743944758683,0.23824743944758683
توفيق عنون,0.23824743944758683,0.23824743944758683
اخفاء التفاصيل,0.23824743944758683,0.23824743944758683
المرحوم عباس,0.23824743944758683,0.23824743944758683
علاقته بكل,0.23824743944758683,0.23824743944758683
تعلق,0.23824743944758683,0.23824743944758683
توجيه خطها,0.23824743944758683,0.23824743944758683
توجهاتها بامر,0.23824743944758683,0.23824743944758683
الاعلاميه توجهاتها,0.23824743944758683,0.23824743944758683
توفيق المهم,0.23824743944758683,0.23824743944758683
الاعلاميه,0.23824743944758683,0.23824743944758683
الاعلامي,0.23824743944758683,0.23824743944758683
الاعتراف اعترف,0.23824743944758683,0.23824743944758683
توفيق يخص,0.23824743944758683,0.23824743944758683
مهمه اغلب,0.23824743944758683,0.23824743944758683
بكلمه,0.2381445175271002,0.2381445175271002
هب,0.23805778675520145,0.23805778675520145
يوجد فرع,-0.23799440450506593,0.23799440450506593
حمراء,-0.23751670481551232,0.23751670481551232
حوالي اشهر,-0.23751670481551232,0.23751670481551232
التوجه اقرب,-0.23741859817865388,0.23741859817865388
مناصب العمل,0.23712858292426836,0.23712858292426836
الاوراس قسنطينه,-0.23695299751673676,0.23695299751673676
قسنطينه والهضاب,-0.23695299751673676,0.23695299751673676
الاوراس,-0.23695299751673676,0.23695299751673676
فريك اصلها,-0.23695299751673676,0.23695299751673676
والهضاب العليا,-0.23695299751673676,0.23695299751673676
والهضاب,-0.23695299751673676,0.23695299751673676
اصلها الاوراس,-0.23695299751673676,0.23695299751673676
العليا,-0.23695299751673676,0.23695299751673676
ليكون,-0.23664106442348826,0.23664106442348826
لعلم,-0.23661981447784705,0.23661981447784705
مبادره,0.23577864256349387,0.23577864256349387
ورانا,-0.23564031040933622,0.23564031040933622
تباع,-0.23547602421061806,0.23547602421061806
ربي ينصرك,0.23542252031902497,0.23542252031902497
بكوندور,-0.235408396220858,0.235408396220858
بعدم,0.23527189177944585,0.23527189177944585
تعب,-0.23509511098426794,0.23509511098426794
يطول عمر,-0.23484816717385326,0.23484816717385326
اب,0.23462351077674448,0.23462351077674448
شحال,-0.2342828778095466,0.2342828778095466
ميقدرش,0.2337812880261903,0.2337812880261903
بريء,0.23365317813335473,0.23365317813335473
الولايه,0.23332151560201106,0.23332151560201106
نيك سوه,0.23325574669138813,0.23325574669138813
زرع الفتنه,-0.23300471265274364,0.23300471265274364
وينتا,0.2329989852745881,0.2329989852745881
بشراء,-0.23279816266998807,0.23279816266998807
الاخوه,-0.2326016396384496,0.2326016396384496
فقط,-0.23246071075035726,0.23246071075035726
بلادكم,-0.23165671427403015,0.23165671427403015
الرءيس,-0.23132311740860698,0.23132311740860698
رايك,-0.231228375342325,0.231228375342325
التاغ,0.23073694771828443,0.23073694771828443
lounes,-0.2303930616449916,0.2303930616449916
nhag,0.23010974131893672,0.23010974131893672
فالجزاءر,-0.22979386765339874,0.22979386765339874
حكايتهم,-0.22973223985013339,0.22973223985013339
علابالنا,-0.22972532903164283,0.22972532903164283
مقاطعه,-0.2289686097792488,0.2289686097792488
اعلى,-0.22892077481465645,0.22892077481465645
عس ختك,0.2287138294792811,0.2287138294792811
اخراج,0.22865903183069053,0.22865903183069053
اله روح,0.22859336528152396,0.22859336528152396
نربحو,-0.22847812625943303,0.22847812625943303
تمني,0.22824768843476848,0.22824768843476848
واختك,0.22776633348356887,0.22776633348356887
تستاهل الخير,-0.22760772365745066,0.22760772365745066
خاوه خاوه,-0.22733881820948498,0.22733881820948498
منحه,0.22644193825831058,0.22644193825831058
وقت,0.22619278322827693,0.22619278322827693
وكيل الجمهوريه,0.22606453638696464,0.22606453638696464
نسيتو,0.2259182839548225,0.2259182839548225
الخاءن توفيق,0.22528665395799496,0.22528665395799496
الماضيه,-0.22523088760247278,0.22523088760247278
wlh,0.2251829889478329,0.2251829889478329
لشهداءنا,0.22486733702774658,0.22486733702774658
لشهداءنا الابرار,0.22486733702774658,0.22486733702774658
نقنع بوصبع,0.22485199063226155,0.22485199063226155
نقنع,0.22485199063226155,0.22485199063226155
2016,0.22467135733499252,0.22467135733499252
بوحنيكه,0.22424405283703427,0.22424405283703427
تقلدو,0.22424024274516255,0.22424024274516255
يرتاح,-0.22359852766840577,0.22359852766840577
العنصريه دزب,0.2235293533926624,0.2235293533926624
ديك,0.22294256961817083,0.22294256961817083
اولادك,0.22265891806870863,0.22265891806870863
البويره,-0.22250081962640214,0.22250081962640214
المسلمين والمسلمات,-0.22207354344305055,0.22207354344305055
ظهر بطن,-0.22207354344305055,0.22207354344305055
استودعك,-0.22207354344305055,0.22207354344305055
اني استودعك,-0.22207354344305055,0.22207354344305055
والمسلمات,-0.22207354344305055,0.22207354344305055
الفتن ظهر,-0.22207354344305055,0.22207354344305055
والمسلمات بلاد,-0.22207354344305055,0.22207354344305055
استودعك المسلمين,-0.22207354344305055,0.22207354344305055
المشكل مشي,-0.22170887251605434,0.22170887251605434
شتي,-0.2216529740677534,0.2216529740677534
امير ديزاد,0.2213347888114793,0.2213347888114793
gaa3,-0.2211466935780112,0.2211466935780112
يدو,0.2209454766805668,0.2209454766805668
وجه الرخس,0.22059573467546842,0.22059573467546842
نتو,0.21988065677591945,0.21988065677591945
منع,-0.21917636958416395,0.21917636958416395
بغا,0.21905896890484125,0.21905896890484125
واعر,-0.21876410697994242,0.21876410697994242
حبا نشري,-0.21872642703421605,0.21872642703421605
بومرداس,0.21780622528241161,0.21780622528241161
نفوطي,0.21775823910003636,0.21775823910003636
والزيتوت,-0.21663070633419254,0.21663070633419254
لشيء,-0.2165662997187415,0.2165662997187415
وقت الجاهليه,-0.2165581401934765,0.2165581401934765
تحرير,-0.21575463668320213,0.21575463668320213
كيفكم,0.21548495668227866,0.21548495668227866
وتعتبر,-0.21539219950677724,0.21539219950677724
ويخرج,0.2151282582705174,0.2151282582705174
وربي يهدي,-0.21465737402189145,0.21465737402189145
كره,-0.21448209225212755,0.21448209225212755
نك مك,0.21443583710146913,0.21443583710146913
اشد القتل,-0.21419630446913673,0.21419630446913673
الفتنه اشد,-0.21419630446913673,0.21419630446913673
القتل,-0.21419630446913673,0.21419630446913673
العلاقات,-0.2139717136829784,0.2139717136829784
روح نك,0.21373548531559244,0.21373548531559244
تعليقات,0.21360290033556065,0.21360290033556065
وقيل,0.21328714460860868,0.21328714460860868
وتعالى,-0.21328110658775518,0.21328110658775518
سبحانه وتعالى,-0.21328110658775518,0.21328110658775518
العاقبه,-0.21317590753794355,0.21317590753794355
اعتقال ربراب,0.21198739371653147,0.21198739371653147
لابس,-0.21180974635253244,0.21180974635253244
خرانسا,0.21178950619226972,0.21178950619226972
ماناش حابسين,-0.2114124342016382,0.2114124342016382
تمنا,0.21078538632014143,0.21078538632014143
رماد,0.21057665750670682,0.21057665750670682
شاء اله,0.21032527398163273,0.21032527398163273
منتخب الوطني,-0.2102910043488326,0.2102910043488326
كمل,-0.21003741974098894,0.21003741974098894
ايبا,0.20980683594474286,0.20980683594474286
باي باي,0.2097651211711746,0.2097651211711746
لعبو,-0.2092213421073627,0.2092213421073627
حسابو,0.20900944791173795,0.20900944791173795
سوره الاسراء,-0.2084522315016181,0.2084522315016181
الاسراء,-0.2084522315016181,0.2084522315016181
للناس,0.2083726830430709,0.2083726830430709
نحاس,-0.20830715014355333,0.20830715014355333
يخرجو,0.208293375413466,0.208293375413466
toujours,0.20801087520549755,0.20801087520549755
وحده اله,-0.20782605574190288,0.20782605574190288
تصرا,0.2078093080574169,0.2078093080574169
اغفر,-0.20777619918517326,0.20777619918517326
سي,0.20688568717074923,0.20688568717074923
سترك,-0.20680297723630067,0.20680297723630067
سترك يارب,-0.20680297723630067,0.20680297723630067
الرزق,-0.20662084330681196,0.20662084330681196
يجيب,0.20648965259367977,0.20648965259367977
اواه,-0.2060900515987247,0.2060900515987247
نبيح,0.20568819715300019,0.20568819715300019
نورمال,-0.20562417502012006,0.20562417502012006
الرجوع,-0.2052656730349269,0.2052656730349269
رحم اله,-0.2047260112699335,0.2047260112699335
احب,0.2047143376302708,0.2047143376302708
السياسه,-0.20433362520747844,0.20433362520747844
المجد والخلود,0.2040386219339939,0.2040386219339939
قصه,-0.20395711680183837,0.20395711680183837
جيفه,0.20394840101515258,0.20394840101515258
مزالت,0.2038947789008755,0.2038947789008755
بوحده,0.20344382967660174,0.20344382967660174
يفرحك,-0.20301683141039442,0.20301683141039442
الله خير,-0.20267569386934456,0.20267569386934456
غاضهم الحال,0.20216777959572252,0.20216777959572252
3lah,0.20211414255897542,0.20211414255897542
ولات,0.2019590503797524,0.2019590503797524
لماماه,-0.20155538444281157,0.20155538444281157
عنكم,0.20145938820347484,0.20145938820347484
يخف,0.2012600266953509,0.2012600266953509
ونك,0.20111328353270597,0.20111328353270597
وهل يوجد,-0.2005829159757445,0.2005829159757445
بوصبع الحلوف,0.200485870619603,0.200485870619603
undefined,0.2004057983533159,0.2004057983533159
اغيول,0.20026958459545996,0.20026958459545996
لقبايل,0.2000253944424884,0.2000253944424884
بدون,0.19961097350882223,0.19961097350882223
اديه,-0.19959002418525132,0.19959002418525132
قالولي,0.1989366187000822,0.1989366187000822
بشر,-0.19887791058080315,0.19887791058080315
machi,0.1985576661785695,0.1985576661785695
لابن,-0.19841415884540606,0.19841415884540606
طايح,-0.198393108605412,0.198393108605412
شكام فرنسا,0.19829195371471203,0.19829195371471203
السلام تخفيضات,-0.19754665013644757,0.19754665013644757
اله خير,-0.19747770785140434,0.19747770785140434
حاجا,0.19722545079863985,0.19722545079863985
مبروك المزيد,-0.19707380245480063,0.19707380245480063
الغير,-0.19674221720885232,0.19674221720885232
واتوب اليه,-0.1963922794770856,0.1963922794770856
احساس,-0.19615814860433664,0.19615814860433664
هشام,-0.19554461449989557,0.19554461449989557
مصري,-0.19522148953863908,0.19522148953863908
اجهزه,-0.19472849183537122,0.19472849183537122
ماعنديش,-0.19468321822757667,0.19468321822757667
الجميله,-0.19459748221585282,0.19459748221585282
رقبتو,-0.19453149851944593,0.19453149851944593
vive,-0.19447543691760774,0.19447543691760774
ملايكه,0.19422577761623216,0.19422577761623216
نستطيع,0.1938350377981846,0.1938350377981846
تحل الباب,-0.1937516283616784,0.1937516283616784
غسيل كلو,-0.1937516283616784,0.1937516283616784
كلو براند,-0.1937516283616784,0.1937516283616784
كلو,-0.1937516283616784,0.1937516283616784
هيلا,-0.1937516283616784,0.1937516283616784
الباب الفوق,-0.1937516283616784,0.1937516283616784
شريت اله,-0.1937516283616784,0.1937516283616784
مزيدا,-0.19339204142572755,0.19339204142572755
حينها انشاء,0.19336462026649123,0.19336462026649123
المسيره,0.19309129973852962,0.19309129973852962
جل,-0.1929775986169207,0.1929775986169207
نسيبورتي,0.19274367450131547,0.19274367450131547
ملي,0.19239847838712495,0.19239847838712495
هب هب,0.19206352342038246,0.19206352342038246
وله,0.1920365961172757,0.1920365961172757
وداعا,-0.19116328633324445,0.19116328633324445
قطر,-0.19095983619212298,0.19095983619212298
ارض الشهداء,-0.19074869955055096,0.19074869955055096
رئيس,-0.1906592969806917,0.1906592969806917
عرفو,0.19056180333662243,0.19056180333662243
سنجمع,0.19037816841003613,0.19037816841003613
وماشي,0.1902813985764453,0.1902813985764453
الشخصيه,0.1896384630124135,0.1896384630124135
تحليلك,0.18945305350421407,0.18945305350421407
نبكي,-0.1892014270564836,0.1892014270564836
طيز ماتهم,0.18918384225094975,0.18918384225094975
نفسيا,0.1881223992222833,0.1881223992222833
موقع الجزاءر,0.18804970571044577,0.18804970571044577
المنتخب,-0.18763211366920246,0.18763211366920246
نجي,-0.18731873021717244,0.18731873021717244
قباءل,0.18712088375571245,0.18712088375571245
مو,0.18705007072681754,0.18705007072681754
علا,0.18696463880681374,0.18696463880681374
افراد الشعب,-0.1867845387428132,0.1867845387428132
اله يهدي,0.18651826046789194,0.18651826046789194
الجيده,-0.18644190508438124,0.18644190508438124
القبائل,0.18638692788715625,0.18638692788715625
خاوا خاوا,0.18610408055981845,0.18610408055981845
ماتسبش خوك,0.18610408055981845,0.18610408055981845
باه يديرو,0.18610408055981845,0.18610408055981845
باي المستقبل,0.18610408055981845,0.18610408055981845
تعرفو توقيفو,0.18610408055981845,0.18610408055981845
باه ينقص,0.18610408055981845,0.18610408055981845
باسيف,0.18610408055981845,0.18610408055981845
ثغره فساد,0.18610408055981845,0.18610408055981845
ماشي طروطار,0.18610408055981845,0.18610408055981845
عقلك كون,0.18610408055981845,0.18610408055981845
الشعب باه,0.18610408055981845,0.18610408055981845
لوقت تعرفو,0.18610408055981845,0.18610408055981845
توقيفو,0.18610408055981845,0.18610408055981845
الجميل ماشي,0.18610408055981845,0.18610408055981845
نجحو وداعا,0.18610408055981845,0.18610408055981845
نجحو,0.18610408055981845,0.18610408055981845
مابين لعرب,0.18610408055981845,0.18610408055981845
ينقص الضغط,0.18610408055981845,0.18610408055981845
لقاولو,0.18610408055981845,0.18610408055981845
العالم مايخصوش,0.18610408055981845,0.18610408055981845
يسهل ضلموه,0.18610408055981845,0.18610408055981845
لقاولو ثغره,0.18610408055981845,0.18610408055981845
التفرقه الشعب,0.18610408055981845,0.18610408055981845
يعرف قانون,0.18610408055981845,0.18610408055981845
الاعمال الاثرياء,0.18610408055981845,0.18610408055981845
توقيفو طرف,0.18610408055981845,0.18610408055981845
قانون عندو,0.18610408055981845,0.18610408055981845
حقو لوقت,0.18610408055981845,0.18610408055981845
تقدر تسلك,0.18610408055981845,0.18610408055981845
عندو محامين,0.18610408055981845,0.18610408055981845
طروطار سلك,0.18610408055981845,0.18610408055981845
فتنه مابين,0.18610408055981845,0.18610408055981845
نفوذ يعرف,0.18610408055981845,0.18610408055981845
الشارع نجحو,0.18610408055981845,0.18610408055981845
طروطار,0.18610408055981845,0.18610408055981845
ضلموه,0.18610408055981845,0.18610408055981845
طرف الدرك,0.18610408055981845,0.18610408055981845
خوك اتعقلو,0.18610408055981845,0.18610408055981845
ضلموه يجيب,0.18610408055981845,0.18610408055981845
كرطوش بقا,0.18610408055981845,0.18610408055981845
كرطوش,0.18610408055981845,0.18610408055981845
المستقبل الجميل,0.18610408055981845,0.18610408055981845
الضغط الشارع,0.18610408055981845,0.18610408055981845
مايخصوش نفوذ,0.18610408055981845,0.18610408055981845
ماطيحش,0.18610408055981845,0.18610408055981845
ماطيحش لعبهم,0.18610408055981845,0.18610408055981845
غبي ماطيحش,0.18610408055981845,0.18610408055981845
غبي خدم,0.18610408055981845,0.18610408055981845
كون واعي,0.18610408055981845,0.18610408055981845
مايخصوش,0.18610408055981845,0.18610408055981845
يجيب حقو,0.18610408055981845,0.18610408055981845
باسيف تكن,0.18610408055981845,0.18610408055981845
ثغره,0.18610408055981845,0.18610408055981845
واعي خاوا,0.18610408055981845,0.18610408055981845
ماتسبش,0.18610408055981845,0.18610408055981845
لعبهم ماتسبش,0.18610408055981845,0.18610408055981845
خدم عقلك,0.18610408055981845,0.18610408055981845
يديرو فتنه,0.18610408055981845,0.18610408055981845
سلك تقدر,0.18610408055981845,0.18610408055981845
السيارات,-0.18601909107638243,0.18601909107638243
المزيد المعلومات,-0.18597149207673336,0.18597149207673336
الدنيا,-0.18597027775693703,0.18597027775693703
تلعب بعيد,0.1857328947387923,0.1857328947387923
احنا,0.18539523175561878,0.18539523175561878
فل,-0.18508693111276298,0.18508693111276298
كلبك اتبعك,0.18508463819190066,0.18508463819190066
الصحافه الاستقصائيه,-0.1849460238803215,0.1849460238803215
لخر,0.18473058979496815,0.18473058979496815
قبائل,0.184622058252463,0.184622058252463
علي حداد,0.18439723145700396,0.18439723145700396
وسعيد,0.1841964599624219,0.1841964599624219
تربح,-0.1840635584494192,0.1840635584494192
كلب الروم,0.18394397824094288,0.18394397824094288
20,-0.18380698158768724,0.18380698158768724
زيتون,0.1837725698753068,0.1837725698753068
دول العالم,-0.18367218022416343,0.18367218022416343
اكرمكم,0.1834313361112043,0.1834313361112043
ردو بالكم,0.18284965428646685,0.18284965428646685
الوالده,-0.18276483428184523,0.18276483428184523
للعالم,-0.18151477123580229,0.18151477123580229
تحلو,-0.18110909534767303,0.18110909534767303
يلحقش,0.18109318054525947,0.18109318054525947
بلديه,0.1807556970807024,0.1807556970807024
خزينه الدوله,-0.18072906550308868,0.18072906550308868
الاوامر,-0.18071004829810197,0.18071004829810197
سياره,-0.1805744767567579,0.1805744767567579
نكاز,0.1805233769048305,0.1805233769048305
يوجد ولايه,-0.18050513475459556,0.18050513475459556
حصه,-0.1803546236530714,0.1803546236530714
سون سمير,-0.18011870473539918,0.18011870473539918
سون,-0.18011870473539918,0.18011870473539918
ربي يوفقك,-0.17974447184124345,0.17974447184124345
يصدر,-0.17950143636776766,0.17950143636776766
بالجمعه,0.17903818058622095,0.17903818058622095
يديروها,-0.17848235586686567,0.17848235586686567
اعتقد,0.17847226924671572,0.17847226924671572
والمصيبه,0.17827492693913152,0.17827492693913152
والمصيبه الكبيره,0.17827492693913152,0.17827492693913152
frites omelette,-0.17819682300266823,0.17819682300266823
لحيوط,-0.1781074971412498,0.1781074971412498
اومليت,-0.1778260245478666,0.1778260245478666
بكر,0.1773288112361072,0.1773288112361072
طحكوت,0.17716727840025265,0.17716727840025265
يقال,0.17713010534352763,0.17713010534352763
الاخره,0.1770332759217878,0.1770332759217878
صفا,-0.17681244672417182,0.17681244672417182
ادي حكايتك,0.17634898458290996,0.17634898458290996
فهي,-0.17615198062109622,0.17615198062109622
سوندويتش,0.17614231017512852,0.17614231017512852
بامتياز,-0.17559771969843105,0.17559771969843105
المرض,-0.17505958507671893,0.17505958507671893
وشعبها,-0.1749380693446838,0.1749380693446838
تغلق,0.17477496409017684,0.17477496409017684
عنك,0.1741765199292994,0.1741765199292994
نصيب,-0.1741273145596591,0.1741273145596591
اوكل,0.17279467742573443,0.17279467742573443
جيب,-0.17237130948304502,0.17237130948304502
الامم,0.172185855122736,0.172185855122736
مشاء الله,-0.17215547193224554,0.17215547193224554
شاء الله,0.1718392494926673,0.1718392494926673
نتفرج,0.17179958706210666,0.17179958706210666
لحدود,0.17149841233682644,0.17149841233682644
النيف,0.17146412798546815,0.17146412798546815
الحاره,-0.1710134284307707,0.1710134284307707
شء مكن,-0.17094574091108006,0.17094574091108006
شعبها,-0.1706658673131327,0.1706658673131327
حكايتها,0.170333561764467,0.170333561764467
ياخي نقش,0.170275919461806,0.170275919461806
نكونو,-0.17009491539550778,0.17009491539550778
سبيل,-0.1699374194880972,0.1699374194880972
نيك حتشون,0.16968916661100183,0.16968916661100183
الايدي,-0.1696343178554868,0.1696343178554868
فارغي الايدي,-0.1696343178554868,0.1696343178554868
واما الوصيه,-0.1696343178554868,0.1696343178554868
فارغي,-0.1696343178554868,0.1696343178554868
القايد فايح,0.16960368604050857,0.16960368604050857
خبزتكم,0.16954148400439933,0.16954148400439933
التنقل,-0.16951929797307078,0.16951929797307078
انك الله,-0.16947443071537285,0.16947443071537285
قضاؤك,-0.16947443071537285,0.16947443071537285
منك اللهم,-0.16947443071537285,0.16947443071537285
قضاؤك ملجا,-0.16947443071537285,0.16947443071537285
اللهم ادفع,-0.16947443071537285,0.16947443071537285
فينا قضاؤك,-0.16947443071537285,0.16947443071537285
الاسلام دين,-0.1692197162226672,0.1692197162226672
صلاه,-0.16872310375582977,0.16872310375582977
يضربو,-0.16867525098329583,0.16867525098329583
طبيب,-0.16862206268343208,0.16862206268343208
الجنرال الخائن,0.16860745469359129,0.16860745469359129
mca,-0.16846058244670353,0.16846058244670353
رجال اعمال,-0.1683985006637442,0.1683985006637442
الصوالح,-0.16811557127068233,0.16811557127068233
تاعه,-0.16771035225989359,0.16771035225989359
بيع بروند,-0.16757378039147144,0.16757378039147144
تحويل,-0.1671786740775753,0.1671786740775753
فالغربه,-0.16710510918787422,0.16710510918787422
كامله,0.1665970780102899,0.1665970780102899
ليكول,-0.16635973535627493,0.16635973535627493
لكاس,-0.16633433488542979,0.16633433488542979
لكاس العالم,-0.16633433488542979,0.16633433488542979
شباب,0.16574232666489735,0.16574232666489735
بغيضكم,0.16546333510187852,0.16546333510187852
بيع ولايه,-0.1649389697452379,0.1649389697452379
الميمز,-0.16489952797156365,0.16489952797156365
ولاد الكلبه,0.16485133883940892,0.16485133883940892
الحمدله,-0.16475902812263393,0.16475902812263393
شهداء,0.16445272666685953,0.16445272666685953
لمن,-0.16419631262958653,0.16419631262958653
الباب,-0.16400329590952928,0.16400329590952928
واعي,0.16399721977551038,0.16399721977551038
استاذ يرحم,0.16382396939692548,0.16382396939692548
انسان,0.1637438697262985,0.1637438697262985
بالدوله,-0.16363610444484178,0.16363610444484178
يستطع,-0.16363297913840721,0.16363297913840721
طخخ,-0.1631856648848055,0.1631856648848055
لدي,0.16303129680812375,0.16303129680812375
خلوه يخدم,-0.1624057342984923,0.1624057342984923
العالميه,-0.1619322094188997,0.1619322094188997
امها,0.16186530790071427,0.16186530790071427
اهل,-0.16170893802963185,0.16170893802963185
هديه,0.16151841364248506,0.16151841364248506
صلي اله,0.16142066475953573,0.16142066475953573
دوليه,-0.16127969791044616,0.16127969791044616
الشعب فاق,-0.16122521583279692,0.16122521583279692
البطل,0.16099749965594126,0.16099749965594126
مصلحه مابعد,0.1609668567922585,0.1609668567922585
تصور,0.16091755887077205,0.16091755887077205
بينا,0.16090737204851166,0.16090737204851166
ثانيا يوجد,-0.16082066196475506,0.16082066196475506
تقبل,0.16070820768453611,0.16070820768453611
الف شخص,-0.1605010631156788,0.1605010631156788
برنامج,-0.16043743915885383,0.16043743915885383
رحت,-0.15994329982052582,0.15994329982052582
كانهم,0.15986001202509728,0.15986001202509728
توقف,-0.15942898465745556,0.15942898465745556
عنا البلا,-0.159369238291057,0.159369238291057
البلا والبراكين,-0.159369238291057,0.159369238291057
بعيده,0.15909946876642292,0.15909946876642292
شئ ممكن,-0.1586621492610397,0.1586621492610397
ويسكنها,-0.1586209250464647,0.1586209250464647
تعد وتعتبر,-0.1584378461974026,0.1584378461974026
تكلم,0.15827280781238168,0.15827280781238168
يكشف,-0.15819278924948,0.15819278924948
اسراءيل,-0.1579034291408665,0.1579034291408665
اغاني,-0.15787441991581466,0.15787441991581466
وجزايرين,0.15783627576687484,0.15783627576687484
المسلم,-0.15767361516042253,0.15767361516042253
الصحافه الاستقصاءيه,-0.15760105350575243,0.15760105350575243
ويجي,-0.15721735830395647,0.15721735830395647
طخ,-0.15719914070612934,0.15719914070612934
ولايه غليزان,-0.1570277235951182,0.1570277235951182
حملت,-0.15685543647800482,0.15685543647800482
والنميمه,-0.15677804757973476,0.15677804757973476
قابل,0.15660315763532673,0.15660315763532673
العسر يسرا,-0.15581536747380847,0.15581536747380847
معهد,0.1557465202102614,0.1557465202102614
للاشخاص,-0.15548778465048468,0.15548778465048468
جهاز,-0.15522641490515818,0.15522641490515818
نذكر,0.15506823108448528,0.15506823108448528
مخبارات,0.15506282872655772,0.15506282872655772
لصحه,-0.15497198776839835,0.15497198776839835
ضدهم,-0.15496311542549032,0.15496311542549032
العراق,-0.15445414815318367,0.15445414815318367
فالحريه,-0.15444857441182902,0.15444857441182902
الشعب قادر,-0.15436820249839162,0.15436820249839162
باينه,-0.1532138476209529,0.1532138476209529
يرحمه ويسكنه,-0.15313975617441244,0.15313975617441244
بادن,0.1528568065464958,0.1528568065464958
قتلي,0.15283469670762317,0.15283469670762317
الوزراء,0.1524389551881802,0.1524389551881802
ديراكت,-0.15183882321327552,0.15183882321327552
معرفه,-0.15123256955818629,0.15123256955818629
يرجع,0.15109648203479625,0.15109648203479625
يفعل,0.15105485821704515,0.15105485821704515
حريته,-0.15101922975858736,0.15101922975858736
حريه اختيار,-0.15069658976660996,0.15069658976660996
وزير الدفاع,-0.15061399140022635,0.15061399140022635
المجيد,-0.15061399140022635,0.15061399140022635
عبد المجيد,-0.15061399140022635,0.15061399140022635
تسب,-0.15049130361133994,0.15049130361133994
اليس,0.1503778696561527,0.1503778696561527
فالعالم,-0.15031350988601738,0.15031350988601738
بلوزداد,-0.15023861437700806,0.15023861437700806
ونعرفو,0.1499301208693252,0.1499301208693252
طوال,0.14952530442769577,0.14952530442769577
معطوب شهيد,0.14950805608435916,0.14950805608435916
شهيد شهداء,0.14950805608435916,0.14950805608435916
بطن اللهم,-0.1492568279753408,0.1492568279753408
فاسدين وفقط,0.14878993297335294,0.14878993297335294
ورحمه الله,-0.1484429089649366,0.1484429089649366
يتحسب,-0.14838697932014244,0.14838697932014244
لسوق السكر,-0.14813180354185063,0.14813180354185063
لسوق,-0.14813180354185063,0.14813180354185063
بغيتو,-0.14787293470342067,0.14787293470342067
فيروس,-0.1477107317024813,0.1477107317024813
وطحكوت,-0.14769625537217793,0.14769625537217793
تحكيو,-0.14697180745633326,0.14697180745633326
داك,-0.1462837927753574,0.1462837927753574
خبز,-0.1460820806639132,0.1460820806639132
تجاوزت,0.14589964503037323,0.14589964503037323
تتصور,0.14533617125989604,0.14533617125989604
يساند,0.1452699208242856,0.1452699208242856
عنهم,0.1449736663435613,0.1449736663435613
ربرابكم,-0.1448387815490155,0.1448387815490155
مشاء اله,-0.14421794174369695,0.14421794174369695
جاي,-0.1441860686591476,0.1441860686591476
التحرير,-0.1438052080374761,0.1438052080374761
الاوهام,-0.14331884126286992,0.14331884126286992
البوشي,0.14329740382416126,0.14329740382416126
عبود,-0.1432340165611071,0.1432340165611071
يدك زبي,0.14299737566138174,0.14299737566138174
اخوكم,0.14293930452701703,0.14293930452701703
المسؤولين,0.14251211728190613,0.14251211728190613
الجزيره العربيه,-0.1418885850778325,0.1418885850778325
بلاد سيادك,0.1417999924970076,0.1417999924970076
nhar,-0.14176791894660573,0.14176791894660573
روح عس,0.14173547351684426,0.14173547351684426
معندهمش,0.1417064157783833,0.1417064157783833
ديري,0.1416645296783371,0.1416645296783371
لخير,0.14129548228436214,0.14129548228436214
رسول الله,-0.14125903263807496,0.14125903263807496
حليب,0.1412313613513161,0.1412313613513161
اهل العزم,-0.1411739079856545,0.1411739079856545
الحريه تعد,-0.14106138097788495,0.14106138097788495
قيود,-0.14086900271102398,0.14086900271102398
موتي المسلمين,-0.14083104750631464,0.14083104750631464
حاربهم,-0.1406454865771053,0.1406454865771053
التفرقه,-0.14062577071014815,0.14062577071014815
قانون,0.1402545703800577,0.1402545703800577
تعبد,0.14024964228267583,0.14024964228267583
يضحك,0.14024095804045386,0.14024095804045386
يوما اراد,-0.1400511694074857,0.1400511694074857
الشعب يوما,-0.1400511694074857,0.1400511694074857
دو,-0.14001865468943728,0.14001865468943728
قنوات,-0.1400088066626939,0.1400088066626939
يامن,0.13991003871205104,0.13991003871205104
دالك,0.13976243770224814,0.13976243770224814
العقليه,-0.13936912885804162,0.13936912885804162
شيخ,-0.13936881243619784,0.13936881243619784
تسقط العصابه,0.1386793706347462,0.1386793706347462
لمان,0.13848307351053757,0.13848307351053757
الحراش,-0.1384522517297551,0.1384522517297551
مقودين,0.1381149368958855,0.1381149368958855
ربراب لانه,-0.13772906906913535,0.13772906906913535
دورها,0.13708009483970865,0.13708009483970865
حبسولهم,0.13689257709520491,0.13689257709520491
حقروهم,0.13689257709520491,0.13689257709520491
حقروهم حبسولهم,0.13689257709520491,0.13689257709520491
القباءل حقروهم,0.13689257709520491,0.13689257709520491
يحفظ,-0.13687972902119594,0.13687972902119594
الشهداء الابرار,0.1368751655603418,0.1368751655603418
حريه انتقاد,-0.13676710222437743,0.13676710222437743
شخص حق,-0.13676710222437743,0.13676710222437743
التنقل والسفر,-0.13676710222437743,0.13676710222437743
انتقاد,-0.13676710222437743,0.13676710222437743
نقاشا,-0.13676710222437743,0.13676710222437743
والسفر والحركه,-0.13676710222437743,0.13676710222437743
انتقاد الاخرين,-0.13676710222437743,0.13676710222437743
والسفر,-0.13676710222437743,0.13676710222437743
تفعل شيء,-0.13662773217150787,0.13662773217150787
وي,-0.13640977883275035,0.13640977883275035
حسابي,-0.13607413193460227,0.13607413193460227
بنص,-0.13605763102700594,0.13605763102700594
السلام عندي,-0.13593290077236875,0.13593290077236875
امير الصحفي,0.13506125532686503,0.13506125532686503
ثبت,-0.13504567220418204,0.13504567220418204
الزاويه,0.13488310452930652,0.13488310452930652
خير يرحم,0.13486750471820097,0.13486750471820097
زوج كلاب,0.13481287980309112,0.13481287980309112
دراهمهم,0.13481261945613016,0.13481261945613016
بوتفليقه,0.13470162243953115,0.13470162243953115
خويا وربي,-0.13456441767783126,0.13456441767783126
الشكاره,-0.13439289167914106,0.13439289167914106
الهجره,0.13438260696299928,0.13438260696299928
وجعله,-0.1343272857493722,0.1343272857493722
سنه رابعه,0.13395517040176466,0.13395517040176466
وتحيه,0.1338051401446578,0.1338051401446578
معندوش,0.13368899829881056,0.13368899829881056
حضاره,-0.13357359364836954,0.13357359364836954
سلك,0.13321478916874754,0.13321478916874754
بنان,0.13281774220570303,0.13281774220570303
تقرير الطبيب,-0.13254436314860737,0.13254436314860737
فاير,0.13203583523016288,0.13203583523016288
اهم,-0.13149426564920508,0.13149426564920508
الثقافه,0.1314793022840252,0.1314793022840252
الله الوكيل,0.13090486774990012,0.13090486774990012
لعنهم,0.13082725045333962,0.13082725045333962
محرز,0.13035981488049428,0.13035981488049428
الارقام الموجوده,-0.12996913103075777,0.12996913103075777
الموجوده الموقع,-0.12996913103075777,0.12996913103075777
العلم الارقام,-0.12996913103075777,0.12996913103075777
يجازيك خير,0.12908650179545575,0.12908650179545575
يحكموا,-0.12908114529277187,0.12908114529277187
فالواقع,-0.12899596426030535,0.12899596426030535
نديو,0.12807625129881178,0.12807625129881178
اللهم انك,-0.12798522626654146,0.12798522626654146
فالصحراء,0.12781216340678558,0.12781216340678558
مريح,-0.12778650246173814,0.12778650246173814
السكر,0.12759299645408165,0.12759299645408165
اعمال,-0.1274172349231621,0.1274172349231621
يهدي خلق,0.12708986839638756,0.12708986839638756
ربراب جماعه,-0.12666201779041408,0.12666201779041408
الارهابيه,-0.12662896848805855,0.12662896848805855
الحجري,0.12629863946517414,0.12629863946517414
يحاولون,0.12575943246538077,0.12575943246538077
سفيان,-0.12568915745954723,0.12568915745954723
نتاعكم,-0.12558697825167334,0.12558697825167334
نوبل,0.125229449605844,0.125229449605844
الله تعالى,0.125148819751442,0.125148819751442
نشاله,0.12486874649000518,0.12486874649000518
قوم,0.12482553087625618,0.12482553087625618
اغسل فمك,-0.12454138930744789,0.12454138930744789
اغسل,-0.12454138930744789,0.12454138930744789
يعرفو,0.12444362297146255,0.12444362297146255
دام,0.12435629503178262,0.12435629503178262
نقلك,-0.12403161151222968,0.12403161151222968
raki,-0.12339642472683468,0.12339642472683468
طيله,-0.123302445702437,0.123302445702437
علامه علامات,0.12315649529859697,0.12315649529859697
الخناق,-0.12315002936280349,0.12315002936280349
الملايير,-0.122387105934709,0.122387105934709
ولاد بلادي,0.12211300432482372,0.12211300432482372
باسم,-0.12203085715542411,0.12203085715542411
رموز,-0.12155708908628325,0.12155708908628325
كانو,0.12135961091954156,0.12135961091954156
الارباح,-0.12055147147273855,0.12055147147273855
شارع,0.12031144168240128,0.12031144168240128
بهذا,0.12026652807104098,0.12026652807104098
والى,-0.11961510924381304,0.11961510924381304
جزاك اله,-0.11960462335188814,0.11960462335188814
البطاطا,-0.11919104064538254,0.11919104064538254
ينهض,-0.11909088457050189,0.11909088457050189
عصرنا,-0.11909088457050189,0.11909088457050189
فاهمين,-0.11861627705241863,0.11861627705241863
ونزيد,0.1182290525661644,0.1182290525661644
جاءزه,0.11815346471132404,0.11815346471132404
جاءزه نوبل,0.11815346471132404,0.11815346471132404
البلاء والبراكين,-0.11811903309516017,0.11811903309516017
عنا البلاء,-0.11811903309516017,0.11811903309516017
الفرد المجتمع,-0.1177495137459454,0.1177495137459454
يفعله,-0.11769098292115403,0.11769098292115403
صوالح,0.11763027581588179,0.11763027581588179
توريلنا,0.11761264261691257,0.11761264261691257
ونتو,0.11758393374647137,0.11758393374647137
مجموعه,-0.11747916692932216,0.11747916692932216
حاب,0.11722792153970489,0.11722792153970489
اكرانيا,-0.1172073368912823,0.1172073368912823
متخربش,-0.11709485588760049,0.11709485588760049
لمزيد النجاح,-0.11699790451199112,0.11699790451199112
حسبنا الله,-0.11655067368823055,0.11655067368823055
ذبح,0.11630796268656834,0.11630796268656834
يشفيه,-0.11619463214349446,0.11619463214349446
بيديكم,-0.11585426926709277,0.11585426926709277
مازلتو,0.11566597402875346,0.11566597402875346
قلتو,-0.1151552268433507,0.1151552268433507
صلحتي,0.11500296498032002,0.11500296498032002
تجمعي,0.11500296498032002,0.11500296498032002
لعربي,0.1149873688533039,0.1149873688533039
اداره,-0.11451168138413016,0.11451168138413016
عقاب,0.11449736556800887,0.11449736556800887
فرع ولايه,-0.11448059563958192,0.11448059563958192
والاتحاد,-0.11409982478614171,0.11409982478614171
المقاطعه,-0.11363446398595213,0.11363446398595213
تكمل,0.11341400614082292,0.11341400614082292
قولولي,-0.11322787824817176,0.11322787824817176
روضه رياض,0.11278224127973156,0.11278224127973156
رياض الجنه,0.11278224127973156,0.11278224127973156
روضه,0.11278224127973156,0.11278224127973156
الشهري,-0.11216401299342696,0.11216401299342696
طلب,0.11162426153169135,0.11162426153169135
المحاسبه,-0.1112848734798387,0.1112848734798387
لهدرا,-0.11127340336736641,0.11127340336736641
نحس,0.1110145670636835,0.1110145670636835
بالسيف,0.11099076009061944,0.11099076009061944
اغتصبو,0.11063135753148266,0.11063135753148266
الحمراء,-0.11058260142534139,0.11058260142534139
النظام,-0.11042627162261742,0.11042627162261742
بادن الله,0.10989286406552316,0.10989286406552316
اغلق,-0.1098559830754744,0.1098559830754744
مصروف,0.10982371982208074,0.10982371982208074
الشر,0.10952075498222917,0.10952075498222917
حسابات,-0.10938317285154152,0.10938317285154152
المقارون,-0.10920078458871153,0.10920078458871153
الحرار,-0.10900972582834355,0.10900972582834355
ارهابيين,0.10873282867757846,0.10873282867757846
الحرب,0.10840009192344892,0.10840009192344892
حميده,0.10829369607232718,0.10829369607232718
moulodia,0.10789165912356515,0.10789165912356515
فرنسا الزواف,0.10742762439344349,0.10742762439344349
قضاءك ملجا,-0.10740289980639539,0.10740289980639539
فينا قضاءك,-0.10740289980639539,0.10740289980639539
الهم ادفع,-0.10740289980639539,0.10740289980639539
انك اله,-0.10740289980639539,0.10740289980639539
منك الهم,-0.10740289980639539,0.10740289980639539
الهم انك,-0.10740289980639539,0.10740289980639539
يخسرلك,-0.10718466767938005,0.10718466767938005
للعلم,-0.10714769341801485,0.10714769341801485
خدم,0.10687847940839561,0.10687847940839561
زياره,-0.10668948240270724,0.10668948240270724
الحمدلله,-0.10658908269068089,0.10658908269068089
يرحمك خويا,-0.10623400400789493,0.10623400400789493
خويا رياض,-0.10623400400789493,0.10623400400789493
فيقو,-0.10604694338276283,0.10604694338276283
ونورمال,-0.10589668834488157,0.10589668834488157
الفقر,-0.10499224014491551,0.10499224014491551
النواب,0.1047483163697549,0.1047483163697549
ترحلوا,0.10442042769704508,0.10442042769704508
كون جاء,0.10441000603621166,0.10441000603621166
يتحدثون,0.10435556658012392,0.10435556658012392
اليوم,-0.10432467711706776,0.10432467711706776
جاين,0.10430421214909662,0.10430421214909662
تم,-0.10417721340596334,0.10417721340596334
المواقع الواقع,-0.10369638661848436,0.10369638661848436
بلعاني,-0.10343969208864363,0.10343969208864363
يشرف,-0.10340927662709615,0.10340927662709615
قدرتك,0.10308718152293309,0.10308718152293309
ارنا,0.10308718152293309,0.10308718152293309
مانزيدش,-0.10303503778677844,0.10303503778677844
ماهو,-0.10265505129999568,0.10265505129999568
جماعه,0.10240734682217793,0.10240734682217793
يحارب,0.10226542161006476,0.10226542161006476
لالجيرينو,0.10140382142388453,0.10140382142388453
50,-0.10134377641576078,0.10134377641576078
ملف,-0.10116766486325046,0.10116766486325046
معلاباليش,-0.10111464157796243,0.10111464157796243
درجات,-0.10103397505638596,0.10103397505638596
حكمه,0.10092331020853046,0.10092331020853046
اظن,0.10082590877948976,0.10082590877948976
كملو,0.10079881091187387,0.10079881091187387
اريد اعرف,-0.1007319104466929,0.1007319104466929
البلده,-0.10059653822820319,0.10059653822820319
الارض,-0.10023981194543588,0.10023981194543588
الصدق,-0.09918676808980001,0.09918676808980001
ربراب غاضهم,0.09881036560198454,0.09881036560198454
عضم,-0.09843535439888901,0.09843535439888901
القيامه,-0.09842526168830562,0.09842526168830562
اسقاط,-0.09831464206102823,0.09831464206102823
ايادي,0.09826648460450782,0.09826648460450782
نضحكو,-0.09798837028926471,0.09798837028926471
اخويا,-0.09795815930093418,0.09795815930093418
احسن,-0.09764178914613016,0.09764178914613016
الاستعمار الفرنسي,0.09736940988497206,0.09736940988497206
لوطن,0.0972520652240919,0.0972520652240919
اخطونا,-0.09700447926820942,0.09700447926820942
ودوله,0.09597692353001523,0.09597692353001523
المواطن,-0.09589737529985524,0.09589737529985524
ساعات,-0.09550303586700308,0.09550303586700308
امازيغي,0.0953116257266474,0.0953116257266474
قالهم,0.09477101770894157,0.09477101770894157
وكتاه,0.09458037790882493,0.09458037790882493
هاذوك,0.09437709289238908,0.09437709289238908
نبغي,0.09363099811697866,0.09363099811697866
لبنات,-0.09263696084703613,0.09263696084703613
الساعه,-0.09258287416989748,0.09258287416989748
الاخلاق,0.09232171986417785,0.09232171986417785
كرهتونا,-0.0914834085898007,0.0914834085898007
صفقه القرن,0.09127331948577871,0.09127331948577871
الشراب,0.0912459114303918,0.0912459114303918
تبحثون,0.09124342877883611,0.09124342877883611
غاز,0.09118676149757814,0.09118676149757814
مجامله,-0.09114293094327171,0.09114293094327171
راجل وفحل,-0.09110973467135088,0.09110973467135088
وفحل,-0.09110973467135088,0.09110973467135088
تعطي بعيد,0.09110738332344342,0.09110738332344342
يسترك,-0.09110130350049642,0.09110130350049642
تبراي,-0.09106125831111778,0.09106125831111778
المخابرات,-0.09076652058271296,0.09076652058271296
ربراب بريئ,0.09067921074489439,0.09067921074489439
دار الشي,-0.0906057606745993,0.0906057606745993
واله يرحم,-0.09000995223807824,0.09000995223807824
تلفاز بروند,-0.08996995861153245,0.08996995861153245
تعتقل,0.08969461606384192,0.08969461606384192
استغفر اله,0.08941401020466865,0.08941401020466865
عليها,0.08930171795771835,0.08930171795771835
راي,0.08890384969582808,0.08890384969582808
crb,-0.08876747148537023,0.08876747148537023
عقولكم,0.08866529131768033,0.08866529131768033
حبب,-0.08857198271372758,0.08857198271372758
الامن القومي,0.08855836524115233,0.08855836524115233
بزيت,-0.08838174343097524,0.08838174343097524
ماظهر بطن,-0.08796772110666379,0.08796772110666379
ماظهر,-0.08796772110666379,0.08796772110666379
بطن الهم,-0.08796667411135252,0.08796667411135252
دار يخلص,-0.08791478079569408,0.08791478079569408
اله وبركاته,-0.08786227403659731,0.08786227403659731
مرور,0.08724831157342061,0.08724831157342061
لاهي,0.08581495825619986,0.08581495825619986
للجيش,-0.08577210052565054,0.08577210052565054
غني,-0.08565877289287718,0.08565877289287718
اهراس,-0.08496688470321102,0.08496688470321102
سوق اهراس,-0.08496688470321102,0.08496688470321102
اله غالب,0.08495843466188942,0.08495843466188942
محلات,-0.08487616065743465,0.08487616065743465
عذاب,-0.0846349997716589,0.0846349997716589
المسجد,-0.08454465456668447,0.08454465456668447
نعدين باباك,0.084445044873951,0.084445044873951
سوه ختك,0.08377472852125308,0.08377472852125308
يعينك,-0.08351466279845696,0.08351466279845696
وكريم,-0.08328020662018057,0.08328020662018057
البرلماني,-0.08323756091364468,0.08323756091364468
حاب نفهم,-0.08218665462994926,0.08218665462994926
تريكو,-0.08197128316440665,0.08197128316440665
الفنادق,-0.08165285381871058,0.08165285381871058
كلف,-0.08062595494438414,0.08062595494438414
حره,-0.08060834697946817,0.08060834697946817
كحل,-0.08050425355120625,0.08050425355120625
كرش,0.08039217787611913,0.08039217787611913
ميت,0.08031931660592459,0.08031931660592459
فتحتو,-0.08023647126158712,0.08023647126158712
حقنا,0.07989586907252044,0.07989586907252044
وليد,-0.07937575476161933,0.07937575476161933
لاسراءيل,-0.07887630334461025,0.07887630334461025
كافيه,-0.07850759011949533,0.07850759011949533
المساعد,0.07829561250730532,0.07829561250730532
الجزاءريه,0.07791742098853202,0.07791742098853202
واموال,-0.07693290115979672,0.07693290115979672
شكيب,0.07691404677990571,0.07691404677990571
ويحفظ,0.07651596551608536,0.07651596551608536
حسبي اله,-0.07644440849934606,0.07644440849934606
لفترات,-0.07614987033534314,0.07614987033534314
لفترات طويله,-0.07614987033534314,0.07614987033534314
ايمازيغن,0.07571697529621278,0.07571697529621278
eau,-0.07556984706860119,0.07556984706860119
فريت omelette,-0.07556984706860119,0.07556984706860119
وزن château,-0.07556984706860119,0.07556984706860119
château eau,-0.07556984706860119,0.07556984706860119
château,-0.07556984706860119,0.07556984706860119
تربحكم كلاب,0.07538181212168425,0.07538181212168425
انحب,0.07523351761660653,0.07523351761660653
عونك,-0.07476780259466288,0.07476780259466288
استطاع,-0.07444704026514949,0.07444704026514949
رحنا,-0.07382100621224476,0.07382100621224476
الاعمال,-0.07314591380337031,0.07314591380337031
الراي,0.0726293372300989,0.0726293372300989
تحكموا,0.07261875927393838,0.07261875927393838
dima,0.07248539563676418,0.07248539563676418
عبد المالك,0.07215347012151695,0.07215347012151695
فضلك اريد,-0.07182857882382564,0.07182857882382564
راشي,-0.07160822057681882,0.07160822057681882
الشيعه,-0.07158395857523209,0.07158395857523209
مصلحه,0.07152249198182666,0.07152249198182666
شخص,0.07095552406567782,0.07095552406567782
عداله,0.0707621167528437,0.0707621167528437
تولي نورمال,-0.07060212215008427,0.07060212215008427
ولد عباس,-0.07055134680610134,0.07055134680610134
سامط,0.07010987136975916,0.07010987136975916
التقاعد,-0.06978430395636613,0.06978430395636613
الشعب ربراب,0.06958976536630476,0.06958976536630476
فسيح,0.0688129772338388,0.0688129772338388
والرزق,0.06855666830817071,0.06855666830817071
وحنا,-0.06684122227619833,0.06684122227619833
الهيه,-0.06662318555485763,0.06662318555485763
انشاء الله,0.06610979179307391,0.06610979179307391
السلام شريت,-0.06607233610629927,0.06607233610629927
رسول,0.06590119019555828,0.06590119019555828
يعرفش,-0.06586117387978385,0.06586117387978385
خليك,-0.06545288696883549,0.06545288696883549
يوم,0.06438381778249962,0.06438381778249962
مازالك,0.06436321872698879,0.06436321872698879
ونعم الوكيل,-0.06431557122605558,0.06431557122605558
حرت,0.0640267908504145,0.0640267908504145
صدق اله,-0.06401808077491591,0.06401808077491591
بمجرد,0.06397957356070544,0.06397957356070544
القبض ربراب,0.06336069189074199,0.06336069189074199
qbayli,-0.06330707987254913,0.06330707987254913
يهم,-0.0632685682432614,0.0632685682432614
بغيت,-0.06320154394002996,0.06320154394002996
يعيش بيها,-0.06269222478730666,0.06269222478730666
نعلم,-0.06235324164900159,0.06235324164900159
جي دورونج,-0.06233462902185468,0.06233462902185468
فرعون,0.06199394047163801,0.06199394047163801
لاه,0.061974409122089305,0.061974409122089305
امك القحبه,0.06180471763423524,0.06180471763423524
ويسكنها فسيح,-0.0616206763801692,0.0616206763801692
والو,-0.060293462914231315,0.060293462914231315
وكون,0.060139832056981,0.060139832056981
المغرب,0.060108651000123275,0.060108651000123275
كملت,0.05983938436085391,0.05983938436085391
الله يرحموا,0.05943809115089445,0.05943809115089445
الوالد الكريم,-0.05934974072279796,0.05934974072279796
فاءده,-0.05921048448243953,0.05921048448243953
ثلاثه,0.05857867187067268,0.05857867187067268
كارت,0.058459734958815276,0.058459734958815276
تعطيني,0.05843896354207394,0.05843896354207394
اله واتوب,0.0576216094973054,0.0576216094973054
الهاتف الخاص,-0.05749954146789853,0.05749954146789853
هدره,0.05712778639750505,0.05712778639750505
والسجن,-0.056825956745373156,0.056825956745373156
فك,0.05657516963479709,0.05657516963479709
بسوء,0.0565365889283951,0.0565365889283951
وجوه زبي,0.05586618873712474,0.05586618873712474
غامله,-0.05584211910661967,0.05584211910661967
رايهم,0.055811858349853985,0.055811858349853985
توفيق,-0.05522000431448287,0.05522000431448287
الثانيه,0.05512883688469873,0.05512883688469873
التقني,-0.05485054433937774,0.05485054433937774
قناه,-0.05484330322045959,0.05484330322045959
واكثر,-0.05479687330010114,0.05479687330010114
حب وكره,-0.05468412011892212,0.05468412011892212
رضي الله,0.05460883478156152,0.05460883478156152
الخ,0.05408500168616759,0.05408500168616759
بادن اله,0.053861179723948,0.053861179723948
بن,-0.05327832487620875,0.05327832487620875
رءيسهم,0.05325984395935764,0.05325984395935764
لشعب الجزاءري,0.05324937763215193,0.05324937763215193
عاليه,0.05305474187553342,0.05305474187553342
صلى,0.05284339057882053,0.05284339057882053
صلى الله,0.05284339057882053,0.05284339057882053
واله عيب,0.05260240793826528,0.05260240793826528
بمعنى,-0.05258195924782006,0.05258195924782006
غالب,-0.052157046939155356,0.052157046939155356
شادي,-0.05188156905227218,0.05188156905227218
معطوب,-0.05169413105370614,0.05169413105370614
فريتوملات,-0.051622890998420205,0.051622890998420205
بياع,0.051400343738748376,0.051400343738748376
مك القحبه,0.05113058982505695,0.05113058982505695
والدك,0.050829270405978066,0.050829270405978066
يرحم والدك,0.050829270405978066,0.050829270405978066
مطلبنا,0.050723761078053944,0.050723761078053944
الدوله العميقه,0.050723761078053944,0.050723761078053944
حاكمين البلاد,0.05024042619806167,0.05024042619806167
توفيق وربراب,0.04951675414323399,0.04951675414323399
ياو روح,0.049373856923196555,0.049373856923196555
اخيرا,0.04906729820611901,0.04906729820611901
ماش,0.04904912406344066,0.04904912406344066
لقايد,-0.04884926593516302,0.04884926593516302
لمشكل,-0.04871723458438101,0.04871723458438101
الله وبركاته,-0.04869620880380362,0.04869620880380362
اويحيى,-0.04861082350635537,0.04861082350635537
حجه,0.04852998631120133,0.04852998631120133
ارخص,-0.04824436288922112,0.04824436288922112
خريج مدرسه,0.04807354276779681,0.04807354276779681
طيز امك,0.047737405566551344,0.047737405566551344
خيره,-0.047573628648777726,0.047573628648777726
ابقا,0.04740528586967796,0.04740528586967796
ربي يرحمك,-0.04716869653130217,0.04716869653130217
ياخويا,0.046869924175004886,0.046869924175004886
الاحرار,0.04646814688336237,0.04646814688336237
متناول الجميع,-0.04592922393143833,0.04592922393143833
متناول,-0.04592922393143833,0.04592922393143833
نكار,0.04556281581920163,0.04556281581920163
يحميك,0.04445823528801698,0.04445823528801698
اله سبحانه,-0.04402235907032612,0.04402235907032612
صوره,-0.043734354756519246,0.043734354756519246
ضعو,0.043659876059052416,0.043659876059052416
المافيا العسكريه,0.04344622116950057,0.04344622116950057
والف,-0.04300638767542561,0.04300638767542561
ندوها,-0.042999739855250727,0.042999739855250727
المحاكمه,0.042920959607749366,0.042920959607749366
اله دوله,0.04255949451079147,0.04255949451079147
الوضعيه,0.0425297497604828,0.0425297497604828
الجمارك,-0.042239109380716865,0.042239109380716865
tn,-0.04218391880428141,0.04218391880428141
وراك,-0.042163960805552514,0.042163960805552514
نشرت,-0.04215698752823504,0.04215698752823504
ندافع,-0.04172109867268035,0.04172109867268035
تعطيك,0.04170834393358509,0.04170834393358509
سيري,0.04133252458786798,0.04133252458786798
يمر,0.0412759940891479,0.0412759940891479
قوما,0.040863304271649754,0.040863304271649754
قاصد,-0.04080739012564503,0.04080739012564503
الرخس راكم,0.0405356976949941,0.0405356976949941
حقكم,0.04052273285622714,0.04052273285622714
تقولون,-0.040111063715293604,0.040111063715293604
ملاك,0.03999172467518683,0.03999172467518683
عقولهم,0.03906327020065644,0.03906327020065644
موتى المسلمين,-0.03866602633641935,0.03866602633641935
معقد,-0.03842638899956029,0.03842638899956029
نستفادو,0.03841777262652988,0.03841777262652988
العيباد,0.03830659320099674,0.03830659320099674
خير ربي,-0.038214857420489086,0.038214857420489086
منقول,-0.03820150694704354,0.03820150694704354
العمر,-0.03784007051562449,0.03784007051562449
الخبره,0.037305671888038086,0.037305671888038086
اتفاقيه,-0.0372329785093905,0.0372329785093905
فات,0.0372191726921471,0.0372191726921471
تواتي,-0.037045970709946516,0.037045970709946516
اصبحنا,0.03692069402362681,0.03692069402362681
علام,-0.036509632845797405,0.036509632845797405
ديدين,0.03623804282306661,0.03623804282306661
وطحكوت وايحي,-0.036101187362067216,0.036101187362067216
لحلوف,-0.036101187362067216,0.036101187362067216
لحلوف وطحكوت,-0.036101187362067216,0.036101187362067216
قدور لحلوف,-0.036101187362067216,0.036101187362067216
رخيس طحان,0.03582322999002279,0.03582322999002279
اسطوريه,-0.03562580214403702,0.03562580214403702
رجال,-0.03516383948934941,0.03516383948934941
تزال,-0.03500791801680611,0.03500791801680611
اله يقوي,-0.03480933701928885,0.03480933701928885
رزيق,-0.03452045725273462,0.03452045725273462
وجود,0.03404569577496258,0.03404569577496258
لمصلحه,0.033459671445321124,0.033459671445321124
مك نقش,0.03332660623171096,0.03332660623171096
وكل,-0.03327829784705619,0.03327829784705619
الحدوديه,0.03285807031858202,0.03285807031858202
حينها,0.03253724462553271,0.03253724462553271
السلام نحوس,-0.03221750848989025,0.03221750848989025
مك نيك,0.03214077393570148,0.03214077393570148
ارض ارض,0.031916419818649885,0.031916419818649885
باذن اله,-0.031754507325918974,0.031754507325918974
النسا,0.03165709903883205,0.03165709903883205
وهناك,0.031127989564970825,0.031127989564970825
بنفس,-0.030629662454796924,0.030629662454796924
النتيجه,-0.03061374620521835,0.03061374620521835
بالله,-0.030570901321512748,0.030570901321512748
القباءل,0.030486396028676102,0.030486396028676102
يعتقل,0.030304121898349978,0.030304121898349978
chwiya,0.030256466557417153,0.030256466557417153
ليزافير,0.03003926303313967,0.03003926303313967
الاطفال,-0.029957268357020034,0.029957268357020034
فخر,0.02942443800568836,0.02942443800568836
ميقدر,-0.02934595047728719,0.02934595047728719
عبده المعطوب,0.029131576556800372,0.029131576556800372
تهمه,-0.028619552176449542,0.028619552176449542
يبدا,0.028516289713923566,0.028516289713923566
روحي نيك,0.02844591278651597,0.02844591278651597
برد,0.02799743691879028,0.02799743691879028
السي,-0.02787342743281021,0.02787342743281021
يقحب,0.027699128383773315,0.027699128383773315
يشجع,-0.02693719774321611,0.02693719774321611
لعنب,-0.02683742269586303,0.02683742269586303
لعنب يقول,-0.02683742269586303,0.02683742269586303
نزار وتوفيق,-0.02670072369963077,0.02670072369963077
زيطوط امير,-0.026617864619450808,0.026617864619450808
لدوله,-0.026407564565316777,0.026407564565316777
80,0.026374114049177784,0.026374114049177784
الله سبحانه,-0.02552010849231702,0.02552010849231702
جايين,0.025325152118685947,0.025325152118685947
نوميديا,0.025252169685960297,0.025252169685960297
نخلص,0.02512461682228373,0.02512461682228373
ربط,-0.025122171973798606,0.025122171973798606
بخصتي,0.025104950215026144,0.025104950215026144
بخصتي بينا,0.025104950215026144,0.025104950215026144
بركاونا,0.02504000433141299,0.02504000433141299
مكر,0.024527330707081334,0.024527330707081334
خروج,0.024224157921083133,0.024224157921083133
القضاء,0.02413488659225889,0.02413488659225889
مكنوش,0.023867747711794354,0.023867747711794354
كتله,-0.02354878986468117,0.02354878986468117
ندري,0.023163512443829228,0.023163512443829228
وهذا,-0.022990915912590847,0.022990915912590847
اخ,-0.022923440128054,0.022923440128054
نهبوا البلاد,0.022494127638435734,0.022494127638435734
تقود روحك,0.02207558520290305,0.02207558520290305
مباركه,0.02172206740760486,0.02172206740760486
لطفك,0.0214402936983436,0.0214402936983436
وتلفي,0.02068414751713631,0.02068414751713631
تحيا تبون,0.020334525966523888,0.020334525966523888
العالي,0.020289980020885966,0.020289980020885966
يتهم,-0.01960922434625767,0.01960922434625767
نعرفهم,-0.019234883880770763,0.019234883880770763
دارو,0.01852723757426289,0.01852723757426289
جابو,0.018463114874983116,0.018463114874983116
حاله,-0.018161302459875853,0.018161302459875853
واقفين,0.017791276373778923,0.017791276373778923
هدي,0.017634948138757364,0.017634948138757364
ضحيه,0.01748342044878214,0.01748342044878214
اوملات بلبيض,-0.016852075955608663,0.016852075955608663
زين,0.016586134637478253,0.016586134637478253
ارسال,0.016387154650167372,0.016387154650167372
مليون,-0.016316599225563673,0.016316599225563673
لاحد,0.016163781484157366,0.016163781484157366
نقابل,0.016087919359780264,0.016087919359780264
صدق الله,-0.015707954408367236,0.015707954408367236
تسجيل,-0.015628301952366988,0.015628301952366988
وثقه,-0.015428196394081628,0.015428196394081628
لا,-0.015063387973838854,0.015063387973838854
جزاك,0.014977289904923799,0.014977289904923799
سميد,-0.014951286049073613,0.014951286049073613
الله دوله,-0.014782721839285575,0.014782721839285575
نعبدو ربي,0.014581395585634519,0.014581395585634519
بالرجال,0.014372114347458505,0.014372114347458505
العالم كله,-0.014087100048597008,0.014087100048597008
اهل الجنه,-0.013561316046044833,0.013561316046044833
اخوتي,0.013411108676108376,0.013411108676108376
حلقه,-0.012510908022213586,0.012510908022213586
يخليك لينا,-0.0123067450579321,0.0123067450579321
هاجر,0.01208218226792646,0.01208218226792646
باي,-0.011998417851635593,0.011998417851635593
تامر,-0.011982196932107437,0.011982196932107437
اخرجوا,0.011781887139795612,0.011781887139795612
مهمه,0.010922199851225594,0.010922199851225594
معطوب لوناس,0.010205788445876402,0.010205788445876402
نقوش,0.010191162993035326,0.010191162993035326
وضع,0.009747127142036677,0.009747127142036677
زبي نيك,0.009547814237687134,0.009547814237687134
سامح,0.00951310805458238,0.00951310805458238
ماني سامح,0.00951310805458238,0.00951310805458238
orange,-0.009397995451516778,0.009397995451516778
jus orange,-0.009397995451516778,0.009397995451516778
والله يرحم,0.008975414271506969,0.008975414271506969
اموات,0.008483077107236293,0.008483077107236293
لطفي,-0.008096085025968158,0.008096085025968158
وصلنا,0.007955204480125613,0.007955204480125613
علينا,-0.0073097035458231435,0.0073097035458231435
خرجو,0.006294786309687354,0.006294786309687354
السلطه للشعب,0.0057248981874437515,0.0057248981874437515
حياته,-0.005424669945171804,0.005424669945171804
نتاع,0.005182522525344904,0.005182522525344904
مليار,-0.005021500809042274,0.005021500809042274
الانتخبات,-0.004928595387484875,0.004928595387484875
جزاك الله,-0.004110368096206606,0.004110368096206606
النسوان,-0.004099948238489446,0.004099948238489446
الجزائر العاصمه,-0.0038108518102663563,0.0038108518102663563
المطلوب,-0.0034229479105405474,0.0034229479105405474
نيك ربكم,0.0033411388349456218,0.0033411388349456218
رب امك,0.0031822643047891503,0.0031822643047891503
شعره,0.0031822643047891503,0.0031822643047891503
باب الجديد,0.003007319833461216,0.003007319833461216
بنوزه,-0.0028358063127525914,0.0028358063127525914
الزلزال,-0.002482840795498951,0.002482840795498951
عبد السلام,-0.0022358256122766247,0.0022358256122766247
الدوبل,0.0019136136581930324,0.0019136136581930324
خبزه,-0.0019021410489134913,0.0019021410489134913
رشاد,-0.0018815335393056773,0.0018815335393056773
تطبيع,0.001672432638831682,0.001672432638831682
منافق عميل,0.0015280503070993893,0.0015280503070993893
اشكال,-0.0014610581807178117,0.0014610581807178117
ادمين,-0.001426461870403609,0.001426461870403609
القدر,0.0004215253144313765,0.0004215253144313765
importe quoi,0.00013664275692639228,0.00013664275692639228
importe,0.00013664275692639228,0.00013664275692639228
مشلول,-4.538538173727052e-05,4.538538173727052e-05
