feature,coefficient,abs_coefficient
ختك,10.577845670470035,10.577845670470035
وجوه,9.871241401906717,9.871241401906717
كلاب,9.800022176187687,9.800022176187687
نيك,9.629982914735093,9.629982914735093
امك,9.629192211015647,9.629192211015647
شر,8.488260486117005,8.488260486117005
بوصبع,8.003953627711518,8.003953627711518
الكلاب,7.846941290618944,7.846941290618944
حمار,7.755615053896622,7.755615053896622
المازدا,7.599188045807758,7.599188045807758
مزيه,-7.588273211065766,7.588273211065766
تكذب,7.578550260840871,7.578550260840871
كلب,7.559058294242457,7.559058294242457
الكلب,7.558691709379852,7.558691709379852
علابالي,-7.1685553636505945,7.1685553636505945
الكفار,7.035506479522133,7.035506479522133
بغل,7.016559124131806,7.016559124131806
زبي,7.002616323422697,7.002616323422697
شكوبي,6.999488763362929,6.999488763362929
اختك,6.971082689181762,6.971082689181762
سبي,6.922700536867263,6.922700536867263
جاهل,6.812583866041642,6.812583866041642
الحمير,6.709623706542295,6.709623706542295
مك,6.702384921013583,6.702384921013583
لعنه,6.549590539149419,6.549590539149419
عملاء,6.514366990473611,6.514366990473611
وعلاه,-6.36384076295094,6.36384076295094
وجه,6.354669512174674,6.354669512174674
الشعر,6.336040863033747,6.336040863033747
الباجه,6.332525089789099,6.332525089789099
الزواف,6.328199812325688,6.328199812325688
الغاز,-6.260954039893202,6.260954039893202
عميل,6.223778185658417,6.223778185658417
كافي,6.222025033777288,6.222025033777288
تعاني,-6.217012003345283,6.217012003345283
ترمتك,6.2088283722466775,6.2088283722466775
العار,6.192070730549193,6.192070730549193
طحان,6.0936124886194625,6.0936124886194625
الذباب,6.075931679544532,6.075931679544532
nik,6.065745106780152,6.065745106780152
خاين,6.039740330122708,6.039740330122708
سراق,6.030046645756542,6.030046645756542
روحي,6.00588322751481,6.00588322751481
نكره,5.9789153286796255,5.9789153286796255
نقش,5.9699063411956645,5.9699063411956645
الموت,5.9574823726261625,5.9574823726261625
كذاب,5.933130057916104,5.933130057916104
الكعب,5.909503193324025,5.909503193324025
ماكاش,-5.90009435621068,5.90009435621068
تفوه,5.844295358569167,5.844295358569167
وجهك,5.8408004873940325,5.8408004873940325
رخيس,5.819266412379519,5.819266412379519
عاهره,5.725282960264262,5.725282960264262
ياخي,5.689157336749525,5.689157336749525
راك تهدر,-5.643916109468791,5.643916109468791
الصهيونيه,5.6165644481409425,5.6165644481409425
يدافعوا,5.612779441316772,5.612779441316772
يتمنيك,5.5967443266334795,5.5967443266334795
باين,5.596513898121638,5.596513898121638
روح,5.582653926174846,5.582653926174846
الخامجه,5.581053882747492,5.581053882747492
تنبح,5.577983848383436,5.577983848383436
تفو,5.564170249447424,5.564170249447424
وشنو,5.55496912896795,5.55496912896795
ارهابيه,5.544086679417929,5.544086679417929
شيطان,5.517352399246705,5.517352399246705
الابقار,5.506176139893583,5.506176139893583
حاشاكم,5.505537230136703,5.505537230136703
الجاج,-5.412487687867501,5.412487687867501
نتي,5.410445449626301,5.410445449626301
مبروك,-5.366881454883573,5.366881454883573
البناء,-5.328237340357476,5.328237340357476
yemak,5.310707690794002,5.310707690794002
نيشان,-5.306997834161872,5.306997834161872
القنطه,5.305079456411356,5.305079456411356
106,5.285265075033383,5.285265075033383
نعدين,5.277914609238109,5.277914609238109
طاطا,5.271250340694257,5.271250340694257
تربحكم,5.268671836570889,5.268671836570889
تمنيك,5.268475278978487,5.268475278978487
اغتصاب,5.243330170319243,5.243330170319243
تعطي,5.240549586534205,5.240549586534205
هدا واش,5.238960781735764,5.238960781735764
باباهم,5.230183731703693,5.230183731703693
لكلاب,5.223091151955903,5.223091151955903
قحبه,5.2217612996594,5.2217612996594
الخاين,5.221712981377445,5.221712981377445
الدعاره,5.213760771018115,5.213760771018115
يتبع,5.194082621248695,5.194082621248695
يسرق,5.19303489573159,5.19303489573159
لقحاب,5.1631566063449235,5.1631566063449235
ربكم,5.1623523320959155,5.1623523320959155
يقف,5.158015119139385,5.158015119139385
يازبي,5.118677840600917,5.118677840600917
khtek,5.093423101190448,5.093423101190448
وقتاش,-5.091612311694179,5.091612311694179
ينعلك,5.088722566782876,5.088722566782876
نكتها,5.076331222519775,5.076331222519775
الخرطي,5.0683951871375355,5.0683951871375355
المنجل,5.06391130387727,5.06391130387727
منافقين,5.056960800090287,5.056960800090287
بنتك,5.056591473660544,5.056591473660544
يديك,5.050403767349667,5.050403767349667
معمره,5.046913280449509,5.046913280449509
نكمك,5.044296356472922,5.044296356472922
الجنود,5.0285074015009465,5.0285074015009465
يالي,5.021619966172954,5.021619966172954
الوكيل يا,4.999099044357645,4.999099044357645
جيبك,4.979389184707705,4.979389184707705
رخس,4.938320790173265,4.938320790173265
زكاره,4.9154506073065924,4.9154506073065924
الله لا,4.90810806921413,4.90810806921413
القحبه,4.8922515227884515,4.8922515227884515
mok,4.879690803604113,4.879690803604113
جايح,4.87931876069257,4.87931876069257
لكعب,4.8765078917238,4.8765078917238
فرج,4.870216951849917,4.870216951849917
تقود,4.856509645273968,4.856509645273968
العبيد,4.839990057475715,4.839990057475715
الاخرار,4.819729277188289,4.819729277188289
كعب,4.81769640083568,4.81769640083568
خصيتيك,4.81576195324715,4.81576195324715
مونك,4.808661813956164,4.808661813956164
باباك,4.803785186492782,4.803785186492782
المكعبات,4.786977416977999,4.786977416977999
مخك,4.77076671251274,4.77076671251274
تتمنيك,4.760252152897362,4.760252152897362
ازبي,4.760170595437578,4.760170595437578
قولت,-4.746872817730594,4.746872817730594
niveau,4.719712732651496,4.719712732651496
بعدما,4.685626781643843,4.685626781643843
غبغاب,4.682876111826328,4.682876111826328
الجهل,4.681056462646092,4.681056462646092
شعوب,-4.673480909566702,4.673480909566702
ياخاين,4.672293347720571,4.672293347720571
يستهل,4.666411499613347,4.666411499613347
زمن,4.657575073406691,4.657575073406691
اصحاب المال,-4.646043658059063,4.646043658059063
khtk,4.644477319129211,4.644477319129211
ياربك,4.644077116328153,4.644077116328153
يماك,4.641843128827801,4.641843128827801
انتاع,4.636453309222493,4.636453309222493
خبيث,4.631130519578506,4.631130519578506
عقده العاصمه,4.620741633981027,4.620741633981027
مثلك,4.6092626726322585,4.6092626726322585
سيادك,4.598453296561908,4.598453296561908
kbira,4.5863897806910865,4.5863897806910865
خونه,4.585900417525013,4.585900417525013
الاه,4.584129422397307,4.584129422397307
رخاس,4.579527949800478,4.579527949800478
قادر,4.561444336023512,4.561444336023512
فاسد,4.560595327867647,4.560595327867647
نيكمو,4.554129965707784,4.554129965707784
ماتكم,4.55275855418338,4.55275855418338
كول,4.545877244825058,4.545877244825058
تناكت,4.543441931861891,4.543441931861891
ماكان,-4.535811097703473,4.535811097703473
العظيم استغفر,4.529846455532545,4.529846455532545
كوندور,-4.511048961706452,4.511048961706452
اشغله,4.494438771265199,4.494438771265199
النفاق,4.459713605169946,4.459713605169946
السراقين,4.459458990445726,4.459458990445726
اعطونا,-4.455685284879971,4.455685284879971
ياخذ,4.454433231929222,4.454433231929222
سراقين,4.453141540323645,4.453141540323645
بال,4.439440737373951,4.439440737373951
غبي,4.43454060381932,4.43454060381932
اليد,-4.428455135610849,4.428455135610849
مكعب,4.420820440590764,4.420820440590764
وخلاك,4.420564559877765,4.420564559877765
رخيص,4.419795000045093,4.419795000045093
kima,4.414932414691565,4.414932414691565
عقلك,4.412634052130347,4.412634052130347
يذلك,4.411935668757502,4.411935668757502
الشياتين,4.4095834253867645,4.4095834253867645
يخي,4.405297731760201,4.405297731760201
ترمتو,4.404748146108836,4.404748146108836
مقوده,4.397751932947288,4.397751932947288
يسما,-4.394815920330072,4.394815920330072
يحكي,4.394070127098847,4.394070127098847
وليتو,4.387922234777147,4.387922234777147
شكب,4.383066647653994,4.383066647653994
منيش,-4.3771773219156405,4.3771773219156405
يذلكم,4.376318421073951,4.376318421073951
الطحان,4.3739775431396435,4.3739775431396435
نكحتها,4.373286652292082,4.373286652292082
رجعت,4.360652892681028,4.360652892681028
يقود,4.352560155289132,4.352560155289132
مرحبا,-4.340752071694047,4.340752071694047
اخري,-4.32805228099625,4.32805228099625
العميل,4.322616249666897,4.322616249666897
صحافه,4.318348980121818,4.318348980121818
de,4.299924666394743,4.299924666394743
دعاره,4.297762051441048,4.297762051441048
جاك,4.294232938056875,4.294232938056875
ذل,4.284635692768688,4.284635692768688
لسان,4.279633147890951,4.279633147890951
نريد,4.274456387806934,4.274456387806934
ربي يشفيه,4.271747388449871,4.271747388449871
الزيقو,4.270450650804805,4.270450650804805
قود,4.2612866309276,4.2612866309276
وبوصبع,4.261193723706759,4.261193723706759
الفايحه,4.2572431775433355,4.2572431775433355
اطلع,-4.257117743906499,4.257117743906499
يديروا,-4.247584433618178,4.247584433618178
نقوشه,4.247213918261761,4.247213918261761
خرده,4.2469913726014905,4.2469913726014905
يدافع,4.243100421084641,4.243100421084641
نقي,4.238420045566612,4.238420045566612
متحشمش,4.238223742099772,4.238223742099772
تالم,-4.232872077006848,4.232872077006848
حيوانات,4.230636140667668,4.230636140667668
النقوشه,4.226886986818614,4.226886986818614
حشمان,4.226526377967509,4.226526377967509
ماهوش,4.225832792781216,4.225832792781216
يبدل,4.2192555720654275,4.2192555720654275
قاعك,4.218550518506659,4.218550518506659
البغل,4.215517326447898,4.215517326447898
roh,4.21046691008,4.21046691008
دخل لك,4.204370846498476,4.204370846498476
تحياتي,-4.200788466295996,4.200788466295996
تطياح,4.1965449835201705,4.1965449835201705
مونيا,4.194861858796892,4.194861858796892
ولايه,-4.188317208279733,4.188317208279733
نهدرو,4.186840707107001,4.186840707107001
الكذب,4.186608582745596,4.186608582745596
فضلكم,-4.18618520414082,4.18618520414082
منافق,4.185497421275137,4.185497421275137
الصين,-4.182608338822773,4.182608338822773
الخناس,4.17125767849477,4.17125767849477
باين بصح,-4.1702100404254105,4.1702100404254105
يحفظكم,-4.168756188876551,4.168756188876551
اتقو,4.167253126850099,4.167253126850099
لقيط,4.165776457133268,4.165776457133268
الكعبه,4.1594304233755475,4.1594304233755475
خائن,4.158650904779016,4.158650904779016
بهذه,-4.1585188662418044,4.1585188662418044
يا جاهل,4.157715297022917,4.157715297022917
الخرده,4.151480828247915,4.151480828247915
الامن,4.148212770088482,4.148212770088482
يبارك,-4.143534341057557,4.143534341057557
يرث,4.139535217843415,4.139535217843415
معترف,4.138545781148105,4.138545781148105
واش دخلك,4.13738034495066,4.13738034495066
روحكم,4.133978553702965,4.133978553702965
الهاتف,-4.132373646740471,4.132373646740471
فيق,4.129606220289675,4.129606220289675
عقول,4.124090198277859,4.124090198277859
الدجال,4.123076742915199,4.123076742915199
اشرف,4.111700818463389,4.111700818463389
الامام,-4.105707062709193,4.105707062709193
الحلو,4.103978942558044,4.103978942558044
يا خو,-4.102036858033337,4.102036858033337
راه كاين,4.101174824499634,4.101174824499634
نتم,4.0969183743432875,4.0969183743432875
khoya,-4.091756285166712,4.091756285166712
تاوعنا,-4.088501931997583,4.088501931997583
يرحم امك,4.080800781105714,4.080800781105714
الطاهره,4.079534141094994,4.079534141094994
يجيبوا,-4.079036681321821,4.079036681321821
اكل,-4.078439618512892,4.078439618512892
باباكم,4.07818331320422,4.07818331320422
الوطنيه,4.06581337720186,4.06581337720186
خليو,4.052695583698378,4.052695583698378
قمت,-4.046872654376519,4.046872654376519
الشرذمه,4.042489144814545,4.042489144814545
تبون,4.039537308782185,4.039537308782185
مقود,4.036587242097591,4.036587242097591
خماج,4.0359820769830765,4.0359820769830765
المازده,4.0339048102055415,4.0339048102055415
كزبي,4.033080344353815,4.033080344353815
المشكل,-4.032335198325981,4.032335198325981
متحشميش,4.0300211467136124,4.0300211467136124
الصبع,4.028168034992805,4.028168034992805
بش,-4.028145392151615,4.028145392151615
قبلو,4.024957532662778,4.024957532662778
كدبون,4.022199786190695,4.022199786190695
تبيعوها,4.017398856024596,4.017398856024596
صالح ربراب,-4.014123546123958,4.014123546123958
يحشي,4.010454769350167,4.010454769350167
شواكر,-4.00667848255009,4.00667848255009
وهم,4.0046793115953,4.0046793115953
انت,4.004617170792692,4.004617170792692
الخماج,3.9957645604295355,3.9957645604295355
قاري,3.993514095378425,3.993514095378425
للعصابه,3.990198567732686,3.990198567732686
وراء,-3.9901537006696195,3.9901537006696195
جزار,3.983391402532497,3.983391402532497
اخطر,3.9800147670944805,3.9800147670944805
قاطع,-3.976610713766945,3.976610713766945
العنه,3.9747279178782153,3.9747279178782153
عليكم يا,3.974078951924955,3.974078951924955
يا وحد,3.9677545324115364,3.9677545324115364
ثروته,-3.965225532028659,3.965225532028659
حابس,3.9635561693171066,3.9635561693171066
وليت,3.960775337823093,3.960775337823093
ملاح,3.9579101216598582,3.9579101216598582
قنات,3.957749870817162,3.957749870817162
تقعد,3.956905004038748,3.956905004038748
مخي,-3.9528893740553284,3.9528893740553284
ya,3.950552075037155,3.950552075037155
مشهور,3.949696735662644,3.949696735662644
الهامل,3.945678094416313,3.945678094416313
عطاي,3.945335274054306,3.945335274054306
العمل,-3.9414258119715195,3.9414258119715195
لي راك,3.9410761351211674,3.9410761351211674
ربي يفرج,3.9393881815517315,3.9393881815517315
عباد,3.934540517591642,3.934540517591642
لاتربحكم,3.933706786450124,3.933706786450124
شركه,3.9315961286087826,3.9315961286087826
yakhi,3.923509466578969,3.923509466578969
احشم,3.9201183043025076,3.9201183043025076
خويا,-3.9200203806975575,3.9200203806975575
رساله,3.9162251591738633,3.9162251591738633
يفرج,3.9151506691017737,3.9151506691017737
الدستور,3.910835412179676,3.910835412179676
مجلس,3.904234131208307,3.904234131208307
لعزيز,-3.903855629112961,3.903855629112961
خليهم,3.9032926513049895,3.9032926513049895
البكبك,3.9027760019599715,3.9027760019599715
الخانه,3.9023911304526577,3.9023911304526577
القناه,3.9022200037802213,3.9022200037802213
admin,3.8976500719796006,3.8976500719796006
يسرا,-3.8941450767369292,3.8941450767369292
شهاده معترف,3.8919118215239354,3.8919118215239354
بني,3.891629570533418,3.891629570533418
كلبه,3.891266240543629,3.891266240543629
الجاهل,3.8858858102169958,3.8858858102169958
مستمره,-3.8822461331099207,3.8822461331099207
لي يخدم,3.8776897736044114,3.8776897736044114
شغل,3.8755548999608878,3.8755548999608878
مستوى,3.869357832986818,3.869357832986818
فزبي,3.8663213845365556,3.8663213845365556
لزرق,3.8650975821149287,3.8650975821149287
ثما,3.8625892569513103,3.8625892569513103
المنحرفين,3.856031714308185,3.856031714308185
الوالد,-3.855230209515188,3.855230209515188
تفووه,3.848952311823667,3.848952311823667
السياسي,-3.847108955640256,3.847108955640256
المجرم,3.8465240136504297,3.8465240136504297
ستاتي,3.846292494888452,3.846292494888452
اليمني,3.8458685454252826,3.8458685454252826
avec,3.8435208776542584,3.8435208776542584
خياليه,3.838707893785431,3.838707893785431
روحهم,3.837535786645192,3.837535786645192
جبهتها,3.833473334230029,3.833473334230029
مرحبا بيك,-3.8328710789776768,3.8328710789776768
حارب,-3.831392276470844,3.831392276470844
camarade,3.822217407056837,3.822217407056837
الاسلاميه,-3.819045753411594,3.819045753411594
رخيسه,3.8167357719708126,3.8167357719708126
لذلك,3.815078787448312,3.815078787448312
مزبله التاريخ,3.8133896940722773,3.8133896940722773
مزبله,3.8133896940722773,3.8133896940722773
طبون,3.812687834320382,3.812687834320382
كي شغل,-3.8116761924478184,3.8116761924478184
مستوي,3.8073649791489825,3.8073649791489825
العطاي,3.798457294263291,3.798457294263291
مسخ,3.7922681697064684,3.7922681697064684
حقير,3.784028847598188,3.784028847598188
الهدف,-3.7838840481616494,3.7838840481616494
ديوث,3.7821035197321464,3.7821035197321464
يعبدو,3.781829687534994,3.781829687534994
قنطه,3.7807495499776427,3.7807495499776427
الحيوان,3.7804059983030096,3.7804059983030096
تنصحوني,3.7770722329604682,3.7770722329604682
نشوفو,-3.77591059928171,3.77591059928171
بسيف,3.7750384402251096,3.7750384402251096
الفتن,-3.774236710829092,3.774236710829092
المبردعين,3.7714338449248888,3.7714338449248888
بلادهم,3.7710277183972014,3.7710277183972014
الرخس,3.7644970533148827,3.7644970533148827
الحركى,3.7611477101602127,3.7611477101602127
تلبسو,3.760902504688976,3.760902504688976
تبا,3.759547132790461,3.759547132790461
رخص,3.7587224393079186,3.7587224393079186
يحرقكم,3.7586779196582243,3.7586779196582243
الاصبع,3.7563037207783294,3.7563037207783294
تطور,-3.7550984207435567,3.7550984207435567
قرن,3.7550270750817853,3.7550270750817853
عبده,3.752329635288113,3.752329635288113
الفساد,3.751260792836186,3.751260792836186
يكلاشي,3.7494797909155855,3.7494797909155855
خاءن,3.7433424954820835,3.7433424954820835
كلاتك,3.7429764353815926,3.7429764353815926
المانيا,-3.7412152022924885,3.7412152022924885
تافه,3.7380636039376336,3.7380636039376336
نباح,-3.735894921925409,3.735894921925409
خليه,3.735102716889096,3.735102716889096
الانذال,3.7342107628938455,3.7342107628938455
اختو,3.733837224159075,3.733837224159075
المجرمين,3.733626657709621,3.733626657709621
مكن,-3.720441107258505,3.720441107258505
اتفوه,3.719654071465235,3.719654071465235
مزابي,3.7176134156305443,3.7176134156305443
وين راهم,3.7143311235472765,3.7143311235472765
wala,3.7115239187154194,3.7115239187154194
خامج,3.7110831009033243,3.7110831009033243
رمضان,-3.7075850141357196,3.7075850141357196
الوعي,3.707185503282988,3.707185503282988
اريد,-3.7063699966891006,3.7063699966891006
قمه,3.699333973217592,3.699333973217592
امه,3.69804686047189,3.69804686047189
بلماضي,3.696605492631464,3.696605492631464
تنيك,3.6885147330332497,3.6885147330332497
دخلك,3.6877379446888825,3.6877379446888825
الخير,-3.6800107487505764,3.6800107487505764
انا مع,3.674330637087586,3.674330637087586
والديك,3.6704046964484225,3.6704046964484225
المنطقه,-3.670382537169904,3.670382537169904
دايمن,3.6681806843940343,3.6681806843940343
قحاب,3.6658338702104825,3.6658338702104825
ريحه,3.664931819158577,3.664931819158577
لي داير,-3.663949511776893,3.663949511776893
الحيوانات,3.661433351578639,3.661433351578639
تلقا,3.6583851089330692,3.6583851089330692
التلفاز,-3.656203681766527,3.656203681766527
بيتزا,-3.6552273561781314,3.6552273561781314
يادرا,-3.6509637506263477,3.6509637506263477
نيكو,3.6389396688360796,3.6389396688360796
حساب,3.6362493843814065,3.6362493843814065
امم,-3.63622585140089,3.63622585140089
قطيع,3.6332877930425767,3.6332877930425767
الويل,3.632407072599854,3.632407072599854
ربراب راك,-3.6317153243903624,3.6317153243903624
انني,3.6227620385239554,3.6227620385239554
محاكمه,-3.6219606979579435,3.6219606979579435
خدمو,3.6186490799645914,3.6186490799645914
كرك,3.613769931048825,3.613769931048825
تضحك,3.6136884648687455,3.6136884648687455
عظيم,-3.61194905429386,3.61194905429386
مثقفين,-3.6099006684139963,3.6099006684139963
التوالات,3.6080174000204135,3.6080174000204135
لازم تكون,3.603261567068281,3.603261567068281
ينتقم,3.6032020036723944,3.6032020036723944
مازالت,-3.5984309574509172,3.5984309574509172
va,3.5978602438933387,3.5978602438933387
شرفك,3.597751119081525,3.597751119081525
الهايشه,3.597049673486428,3.597049673486428
يساعد,-3.597023055050518,3.597023055050518
فم,3.5963827203190326,3.5963827203190326
ممكن,-3.5959904901203057,3.5959904901203057
سارق,3.595008542540375,3.595008542540375
فمك,3.5933667599109165,3.5933667599109165
وربراب,3.5916515340786264,3.5916515340786264
لابوبال,3.5915768729447057,3.5915768729447057
حسابك,3.585607471537448,3.585607471537448
يعيش كيما,-3.585012763554709,3.585012763554709
تربحهم,3.5835432330404324,3.5835432330404324
فرخ,3.582146364088661,3.582146364088661
بطريقه,-3.578539520513124,3.578539520513124
خدع,3.5754758609310016,3.5754758609310016
الجيش الوطني,3.5666960504491163,3.5666960504491163
وما,-3.566430446444058,3.566430446444058
تسلم,-3.5621927015672217,3.5621927015672217
اسطوره,-3.5606784123747977,3.5606784123747977
خويا لطفي,3.558456096168771,3.558456096168771
تفوو,3.552960452344373,3.552960452344373
موالفه,-3.5526529968977276,3.5526529968977276
قااع,3.5505936201584283,3.5505936201584283
يسبو,3.5498295739820165,3.5498295739820165
ربي يحفظ,3.548345769806211,3.548345769806211
ينبحو,3.5458092110368264,3.5458092110368264
بف,3.5455698982370265,3.5455698982370265
قلت,-3.541345738752212,3.541345738752212
منانوك,3.538935756129371,3.538935756129371
الازمه,-3.5345151667861545,3.5345151667861545
kahba,3.5321976375592246,3.5321976375592246
lacoste,-3.5300348935786996,3.5300348935786996
قاعده,-3.5180540962630102,3.5180540962630102
صحبي,3.516052469806195,3.516052469806195
ذباب,3.5116945910078674,3.5116945910078674
المرخس,3.507873504653744,3.507873504653744
يا ولد,3.506441728042849,3.506441728042849
دعوه,3.5052906119487313,3.5052906119487313
دوم,3.501409117708164,3.501409117708164
dok,3.497440112279175,3.497440112279175
القحاب,3.496186222793822,3.496186222793822
بروحك,3.4951656800318354,3.4951656800318354
اساس,-3.493526603514732,3.493526603514732
بناتهم,3.4916597261909996,3.4916597261909996
مهرج,3.4912943268586862,3.4912943268586862
يضرب,3.489965044357136,3.489965044357136
ياواحد,3.4870446375924975,3.4870446375924975
وجها,3.4866975132228473,3.4866975132228473
فوطيت,3.486026672685845,3.486026672685845
سخنتلهم,3.4829268160299494,3.4829268160299494
يمثلني,3.481461816706846,3.481461816706846
العبوديه,3.480291711561526,3.480291711561526
خلاو,3.476709663243105,3.476709663243105
الشخص,-3.475175830737223,3.475175830737223
الزبي,3.4749954615334997,3.4749954615334997
خرا,3.472413256013346,3.472413256013346
ربك,3.471516224202517,3.471516224202517
sahbi,-3.4700103474337416,3.4700103474337416
fitna,3.465437499734163,3.465437499734163
امثال,3.464762959309477,3.464762959309477
ومولوديه,3.4613639091597634,3.4613639091597634
تستاهل,-3.4584547664995746,3.4584547664995746
زيرو,3.4583715822734757,3.4583715822734757
رهي,-3.457893440890555,3.457893440890555
سور,-3.456098080643914,3.456098080643914
هكدا,3.454988566287513,3.454988566287513
يتم,-3.451769272813442,3.451769272813442
ضرب,-3.450280481191176,3.450280481191176
شريت,-3.449509072461001,3.449509072461001
يحاسب,3.4483921890198816,3.4483921890198816
الجزايري,3.446964571590463,3.446964571590463
شيعه,3.445700884724899,3.445700884724899
ونتا,3.4456875184560594,3.4456875184560594
الجزائريين,3.445040906657766,3.445040906657766
لعنه اله,3.4429874103942035,3.4429874103942035
يدك,3.434935430914881,3.434935430914881
ربما,-3.4331743176250793,3.4331743176250793
kavi,3.433130352160412,3.433130352160412
حيوان,3.4325351893675418,3.4325351893675418
لقلاوي,3.4311647394899834,3.4311647394899834
يماها,3.4307842099399006,3.4307842099399006
مزوره,-3.4296470155565446,3.4296470155565446
الجمعه,3.4278898029057414,3.4278898029057414
العوده,3.426021937903025,3.426021937903025
une,3.4250486906454403,3.4250486906454403
خرنسا,3.424278853895767,3.424278853895767
مولوخيه,3.4226851718110045,3.4226851718110045
المبلغ,-3.4224088300363813,3.4224088300363813
يزبي,3.4194456602852847,3.4194456602852847
yemmak,3.4156097028986143,3.4156097028986143
ماتهم,3.413335196367374,3.413335196367374
ترتيبها,3.4125657088046584,3.4125657088046584
قلوبهم,3.4102783511540107,3.4102783511540107
الفايح,3.4093711795065467,3.4093711795065467
المخنثين,3.4043060073320683,3.4043060073320683
الفيسبوك,3.403715040933721,3.403715040933721
واياكم,-3.4035723535366684,3.4035723535366684
بدل,-3.4030073266699086,3.4030073266699086
وعد,3.4016285365818257,3.4016285365818257
الحديد,3.4014006125363716,3.4014006125363716
الانحطاط,3.39862806772426,3.39862806772426
فتان,3.3964225658805596,3.3964225658805596
لعنك,3.390990017824949,3.390990017824949
شبيبه,3.390702137503125,3.390702137503125
yamak,3.388968457299872,3.388968457299872
خرجونا,3.3885657455011606,3.3885657455011606
ربراب كاين,3.38389654439961,3.38389654439961
يدكم,3.3775900112567894,3.3775900112567894
الرقم,-3.374862148856113,3.374862148856113
بانتلك,3.373460844027676,3.373460844027676
نزار,3.370082196676786,3.370082196676786
منك,3.3670119418069144,3.3670119418069144
تلفاز,-3.364297026421359,3.364297026421359
مدير,3.363548234014222,3.363548234014222
وين راك,-3.3604463141600567,3.3604463141600567
وجوهكم,3.356370431359607,3.356370431359607
دالتك يا,3.351416819778646,3.351416819778646
التشيع,3.3484902363108486,3.3484902363108486
القدام,-3.3399143614731925,3.3399143614731925
خنزير,3.3389011719151362,3.3389011719151362
امون,3.3377795589675294,3.3377795589675294
واحكي,3.335063735036089,3.335063735036089
تحشم,3.334687955861081,3.334687955861081
عنا,-3.3326603985771577,3.3326603985771577
بركاك,3.3318590228008733,3.3318590228008733
zebi,3.330272662362561,3.330272662362561
جيري,-3.3286548507064646,3.3286548507064646
المرتبه,3.3242620093875197,3.3242620093875197
السم,3.323190039387215,3.323190039387215
جيجل,-3.3217178745921045,3.3217178745921045
فالعاصمه,-3.319054458919974,3.319054458919974
ماماك,3.318444175447605,3.318444175447605
اهلك,3.318381688001952,3.318381688001952
غزه,-3.3176137444690257,3.3176137444690257
بوراك,-3.3173005614912476,3.3173005614912476
خرطي,3.3162787272524796,3.3162787272524796
شهيتني,-3.3155724751433233,3.3155724751433233
مولوديه كبيره,3.3138386665062125,3.3138386665062125
صالحين,3.3092812099562163,3.3092812099562163
التلفون,-3.3058312574368873,3.3058312574368873
افار,3.3031576264637144,3.3031576264637144
يملك,3.3021742505349994,3.3021742505349994
nike,3.302113715845167,3.302113715845167
خطا,-3.3001395778858162,3.3001395778858162
الاصيل,3.2995336812659226,3.2995336812659226
المتقاعدين,-3.2989972603119573,3.2989972603119573
خداعين,3.2978566230486175,3.2978566230486175
بلك,3.295882466874863,3.295882466874863
مور,3.2954469337707306,3.2954469337707306
الفم,3.294590995751342,3.294590995751342
يعملون,3.293533450295013,3.293533450295013
vous,3.291890570038994,3.291890570038994
حتشون,3.2911478035484545,3.2911478035484545
اودي,-3.2874693919099123,3.2874693919099123
قبايليه,-3.285997287248802,3.285997287248802
جمهور,-3.285261503516112,3.285261503516112
حكومه,3.2850588749227634,3.2850588749227634
تقدم,-3.2833051041399877,3.2833051041399877
ايداع,3.2826838243410954,3.2826838243410954
ترخف,3.2745290363110056,3.2745290363110056
يالبغل,3.274037189944281,3.274037189944281
الوسم,3.2739870850583976,3.2739870850583976
زب,3.2735925156962358,3.2735925156962358
الخونه,3.2722448147004743,3.2722448147004743
ولاد الحرام,3.2722042528137214,3.2722042528137214
رواح,3.2708099509210937,3.2708099509210937
هبل,3.270485874303957,3.270485874303957
سوه,3.2685265934822616,3.2685265934822616
لوكان جيت,3.2667938755012287,3.2667938755012287
اللعنه,3.2649434614221446,3.2649434614221446
سجن ربراب,3.26050265205642,3.26050265205642
وبعض,3.2563462317025413,3.2563462317025413
التخمارتي,3.2556963957568916,3.2556963957568916
مايعرفوش,-3.254893759317136,3.254893759317136
نحوس,-3.2525741581858654,3.2525741581858654
شاهد,3.252333360104429,3.252333360104429
السكوت,3.2512098958224698,3.2512098958224698
ونسمع,3.2504108053372267,3.2504108053372267
هدا مكان,3.2466562125523875,3.2466562125523875
حتى واحد,-3.242478308423625,3.242478308423625
داركم,3.241980619033987,3.241980619033987
الجزء,3.2410797798758972,3.2410797798758972
وحسبنا,3.239768544534711,3.239768544534711
الكيران,-3.237786148391517,3.237786148391517
ياعدو,3.2366748415393944,3.2366748415393944
تكلاشي,3.236467138392984,3.236467138392984
نتا اك,-3.2341812845601536,3.2341812845601536
الاغبياء,3.231249586334125,3.231249586334125
المافيا,3.231058672454559,3.231058672454559
جمعيه,-3.2307078728447634,3.2307078728447634
ياعميل,3.229024265173852,3.229024265173852
تحكو,3.2289661063566193,3.2289661063566193
لاحول,3.227128508376328,3.227128508376328
محاوله,-3.2250999099080575,3.2250999099080575
اكبر,3.2248297694595247,3.2248297694595247
مبروك ربي,-3.2245652746785516,3.2245652746785516
الاول,-3.221106954774588,3.221106954774588
حنا لي,3.220413721019353,3.220413721019353
مهبول,3.2199066897712902,3.2199066897712902
نتمنالك,3.2180479174796126,3.2180479174796126
يعطي,3.2172892889835665,3.2172892889835665
مقاطعين,3.215689588562698,3.215689588562698
حياك,-3.2141327482623296,3.2141327482623296
العربيه,-3.2121700187305793,3.2121700187305793
العاهرات,3.2081167874598515,3.2081167874598515
شويه,-3.20547735063042,3.20547735063042
تهدرو,3.204696029747891,3.204696029747891
harki,3.197084031758087,3.197084031758087
هرب,3.1957829211585205,3.1957829211585205
طريقك,-3.1942519164724335,3.1942519164724335
كالكلب,3.1941033749860708,3.1941033749860708
زيك,-3.1910285787606094,3.1910285787606094
نتاعنا,3.189484394700448,3.189484394700448
الكذاب,3.1888929379852953,3.1888929379852953
نتا,3.1871449154011136,3.1871449154011136
كاين,-3.185353860184433,3.185353860184433
الحق,-3.1848302368967794,3.1848302368967794
خراي,3.184105660864045,3.184105660864045
سيخرج,-3.181961999896129,3.181961999896129
خساره,-3.181360558881475,3.181360558881475
عبيد,3.180334068786414,3.180334068786414
مبروك خونا,3.1792776293027076,3.1792776293027076
نيكمك,3.1786626370532347,3.1786626370532347
اله اله,-3.1776754229073534,3.1776754229073534
تزوج,3.1776223626708413,3.1776223626708413
بالذل,3.177549432074333,3.177549432074333
ياو ربراب,-3.177420782169649,3.177420782169649
زك,3.1717961451908874,3.1717961451908874
يصل,3.171271912979621,3.171271912979621
اساسي,3.168888093167135,3.168888093167135
العميقه,3.1685605236803913,3.1685605236803913
وهدا,-3.1633139032540027,3.1633139032540027
الفاحش,-3.162722424144407,3.162722424144407
سيدك,3.16246428964568,3.16246428964568
الغبي,3.161759712419468,3.161759712419468
salam,-3.160613772865789,3.160613772865789
التفكير,-3.160048957925169,3.160048957925169
يبات,-3.1587703285787243,3.1587703285787243
وين كنت,-3.1585028000622604,3.1585028000622604
واو,-3.155846881726308,3.155846881726308
نق,3.15338175065714,3.15338175065714
حياتكم,3.1525601473005973,3.1525601473005973
الخساره,3.152519615489675,3.152519615489675
التخلف,3.152305756761932,3.152305756761932
الوقوف,-3.1510118206940922,3.1510118206940922
نقشا,3.150217941242221,3.150217941242221
مبروك عليك,-3.1497766053082743,3.1497766053082743
بسيط,-3.1490551754657883,3.1490551754657883
واعره,-3.1475110299754747,3.1475110299754747
شحال من,3.147284388491939,3.147284388491939
طير,3.1461584951204298,3.1461584951204298
تكوني,3.1457271393804604,3.1457271393804604
الهم,-3.145719865728326,3.145719865728326
اله اكبر,-3.1426802995753467,3.1426802995753467
انسان واش,-3.141936417466875,3.141936417466875
كافره,3.136063170146437,3.136063170146437
بصراحه,-3.1359557070884323,3.1359557070884323
هذوا,3.132203169570354,3.132203169570354
شفتو,3.1311539274063263,3.1311539274063263
الخبيثه,3.129871074701401,3.129871074701401
الجحيم,3.1264072635708913,3.1264072635708913
الاركان,3.124886683001036,3.124886683001036
داهيه,-3.1243919616701654,3.1243919616701654
مجال,3.1239206161103072,3.1239206161103072
تقودو,3.1213727869144425,3.1213727869144425
يبني,3.120375441667728,3.120375441667728
ماعلاباليش,-3.1189355135179198,3.1189355135179198
بيدق,3.1186352638580375,3.1186352638580375
hmar,3.118215101537091,3.118215101537091
الكبيره,3.1154553027816916,3.1154553027816916
القبايل,3.113870999416937,3.113870999416937
نقولك,3.1117544028937254,3.1117544028937254
des,3.1102225802496366,3.1102225802496366
كرشك,3.1100489777353886,3.1100489777353886
ymak,3.107944842410747,3.107944842410747
الشوارع,-3.105297695243006,3.105297695243006
ميديرش,-3.1043141807623336,3.1043141807623336
زينو,3.104151067196011,3.104151067196011
خامجه,3.104147462554584,3.104147462554584
نديرهم,3.1028017076027377,3.1028017076027377
يا الجاهل,3.10253595505929,3.10253595505929
تخلي,3.1007140631914947,3.1007140631914947
الفلاحه,3.0998498384874607,3.0998498384874607
قدك,3.099324414724968,3.099324414724968
باعو,3.0990237348588567,3.0990237348588567
للبلاد,3.098761642624493,3.098761642624493
ولاد,3.0972511006979877,3.0972511006979877
اقتربت,3.096596649045754,3.096596649045754
الاعداء,3.0930428653965394,3.0930428653965394
واصبحت,3.0913544148624816,3.0913544148624816
هدرتي,3.0888761903968653,3.0888761903968653
يعيش,-3.0871112956354962,3.0871112956354962
العيد,-3.082801977393767,3.082801977393767
والعرب,3.081506676314639,3.081506676314639
ايديهم,3.0806941750229235,3.0806941750229235
بالواحد,3.076917261846123,3.076917261846123
عرضك,3.0766833985958835,3.0766833985958835
واش درت,3.0754674787589256,3.0754674787589256
بالبركه,-3.0744629620754624,3.0744629620754624
ربي يجازيك,3.073810886186243,3.073810886186243
يجازيك,3.073810886186243,3.073810886186243
القايد,3.0735403114187663,3.0735403114187663
ادمن,3.073401035077956,3.073401035077956
لي يتبعو,3.0729864999900185,3.0729864999900185
واضح,-3.071615973453727,3.071615973453727
فرنسا,3.067248883564961,3.067248883564961
اووه,-3.0662079408310676,3.0662079408310676
اصلها,-3.0637815933888137,3.0637815933888137
حياتك,3.0611000116695846,3.0611000116695846
العنوان,-3.059222352468666,3.059222352468666
من العاصمه,3.059034479472994,3.059034479472994
شكون راه,3.057636753647664,3.057636753647664
ربي يستر,-3.056849876358915,3.056849876358915
الويل لكم,3.0566374491308412,3.0566374491308412
عمال,3.0562742492731325,3.0562742492731325
روعه,-3.0560933781901674,3.0560933781901674
يسمعوه,3.0559217576795694,3.0559217576795694
mazda,3.055656504906086,3.055656504906086
يابغل,3.0539318411323015,3.0539318411323015
اوه,-3.0528859344746673,3.0528859344746673
جيبو,3.0479142649722033,3.0479142649722033
التافه,3.0471330819833637,3.0471330819833637
بوعلام,-3.0459688520520642,3.0459688520520642
ذر,3.045914862976747,3.045914862976747
كانوا,-3.043891435718761,3.043891435718761
اكره,3.04271367243337,3.04271367243337
بترول,-3.0419674303214035,3.0419674303214035
نقوشا,3.041321602559902,3.041321602559902
الحركه,3.0400750385756754,3.0400750385756754
الزيطوط,3.0398488209728804,3.0398488209728804
tiz,3.0372061438310762,3.0372061438310762
تبع,-3.035726862001915,3.035726862001915
عنصريه,3.0346845964853535,3.0346845964853535
yaw,3.028570336831796,3.028570336831796
اعتبره,3.0280160776154537,3.0280160776154537
تاعهم,3.0275610841687017,3.0275610841687017
عبيد ربراب,3.0258965811392384,3.0258965811392384
الذل,3.0244319427700876,3.0244319427700876
موت,3.024370622227587,3.024370622227587
الناس لي,-3.024318031773068,3.024318031773068
اطلاقا,3.0216182815475294,3.0216182815475294
منكم,3.0196032986413264,3.0196032986413264
ياصحاب,3.019570477075141,3.019570477075141
العديان,3.0194663848998458,3.0194663848998458
براند,-3.0187538816699675,3.0187538816699675
خسرت,-3.0159491777181486,3.0159491777181486
مغربيه,-3.015151553292888,3.015151553292888
يا ربك,3.013711372153548,3.013711372153548
mo,3.012895187054946,3.012895187054946
ياعطاي,3.009382057392204,3.009382057392204
رووح,3.0086893163696278,3.0086893163696278
الياجوره,-3.008359085166896,3.008359085166896
ربراب يروح,3.004365974279426,3.004365974279426
لناس,-3.0041162535583736,3.0041162535583736
احترمي,3.003743764392753,3.003743764392753
هكذاك,-3.003703884585764,3.003703884585764
مزالو,-3.00326387089422,3.00326387089422
دوار,3.001781343165913,3.001781343165913
تهدري,2.9990923523460467,2.9990923523460467
طاح,-2.9972103403980634,2.9972103403980634
فرات,-2.9963701652709975,2.9963701652709975
اشهر,-2.9943378784318195,2.9943378784318195
العربي زيطوط,-2.993171611587703,2.993171611587703
بابشع,2.9931537357186415,2.9931537357186415
ابوك,2.992052579585089,2.992052579585089
tfou,2.99157678099352,2.99157678099352
قرعه,2.991406560856092,2.991406560856092
منشور,2.991067345405691,2.991067345405691
تهدر,2.990844905910348,2.990844905910348
يرحمكم,2.9893825261806946,2.9893825261806946
الاستحمار,2.9888774769298116,2.9888774769298116
ينعلكم,2.988134235879885,2.988134235879885
فخامه,-2.9879996660156003,2.9879996660156003
الصور,-2.987277401766462,2.987277401766462
عصابات,2.9868784737036966,2.9868784737036966
ربراب وحداد,2.9862932444976487,2.9862932444976487
بالنسبه,-2.9845989330379576,2.9845989330379576
خايفين,-2.9832174365076094,2.9832174365076094
ولادنا,2.9826670654780805,2.9826670654780805
بالتوفيق,-2.9825131790650397,2.9825131790650397
من هو,-2.9822951926112293,2.9822951926112293
برندت,-2.981728955446485,2.981728955446485
فاشل,2.9815629348293617,2.9815629348293617
يلعنكم,2.9781108661615443,2.9781108661615443
ناك,2.977391940901037,2.977391940901037
لحال,2.9761433697747384,2.9761433697747384
حياكم,-2.9759403484241376,2.9759403484241376
شوفو,-2.9745704945428377,2.9745704945428377
هادا,2.972219508927191,2.972219508927191
بالبراكه,-2.972060893019734,2.972060893019734
كمنتير,2.9710168248425357,2.9710168248425357
ينيك,2.969946551713453,2.969946551713453
يكره,2.969558939423784,2.969558939423784
لحقت,2.968759164908227,2.968759164908227
نعم,-2.9684203745189706,2.9684203745189706
ساهله,2.9680954922211207,2.9680954922211207
امك انت,-2.967418691261595,2.967418691261595
حبس,2.9665360395403884,2.9665360395403884
تحشمي,2.9625637372935234,2.9625637372935234
اخرج,2.9625200607017113,2.9625200607017113
الحراك المبارك,2.96236171552529,2.96236171552529
الكلمه,-2.961173504701385,2.961173504701385
hacha,2.96050050011765,2.96050050011765
نم,2.9601558926560747,2.9601558926560747
يا طحان,2.9598096158950633,2.9598096158950633
بالك,2.958590481413019,2.958590481413019
الوكيل في,2.9572890145146498,2.9572890145146498
نلعب,-2.9572285046288718,2.9572285046288718
دزب,2.9571113898061503,2.9571113898061503
نيخ,2.9569134014891727,2.9569134014891727
تفتح,-2.9566423894928233,2.9566423894928233
قعد,2.9550039137808546,2.9550039137808546
ركي,2.954492881372586,2.954492881372586
لي يقولك,-2.9513235777918116,2.9513235777918116
دينك,-2.9495791944314576,2.9495791944314576
ناكر,2.9482727914883213,2.9482727914883213
ربي معاك,2.947091979816765,2.947091979816765
اخلاق,2.946616721637224,2.946616721637224
الخائن,2.9461681962412105,2.9461681962412105
فعلا,-2.9451479558277085,2.9451479558277085
خرجتو,2.94389847446227,2.94389847446227
okay,2.9433274352889423,2.9433274352889423
خصونا,-2.941163066696053,2.941163066696053
زكك,2.939223355222897,2.939223355222897
وكتاش,-2.93689655470099,2.93689655470099
افهم,2.934641709655583,2.934641709655583
العاصمه,-2.9346109032153636,2.9346109032153636
اسحب,-2.9328945526694112,2.9328945526694112
وحداد,2.932793424585851,2.932793424585851
منوع,-2.9325502374599215,2.9325502374599215
وزيت,2.9320499659970136,2.9320499659970136
قواوده,2.9318342121035874,2.9318342121035874
تخدم,2.930596275931831,2.930596275931831
جهل,-2.9305209367962926,2.9305209367962926
لورد,2.9295112621194797,2.9295112621194797
هذو,2.9290143382594196,2.9290143382594196
كلشي مبروك,-2.928254069127545,2.928254069127545
بول,2.927659925998501,2.927659925998501
نحرقو,2.9263870601765047,2.9263870601765047
تناخت,2.9260243476710297,2.9260243476710297
والكلاب,2.9244551059984243,2.9244551059984243
ينال,-2.9243894303409106,2.9243894303409106
الجماعه,2.92196197141114,2.92196197141114
ميمز,2.92099009260254,2.92099009260254
ايران,2.9146855202484767,2.9146855202484767
درت تاع,-2.9141465415753927,2.9141465415753927
هوما لي,-2.9134158662114222,2.9134158662114222
البوراك,-2.91336625836593,2.91336625836593
المفروض,-2.9126698845196035,2.9126698845196035
شرف,2.9125266543520403,2.9125266543520403
نبقي,-2.9120800341361974,2.9120800341361974
مشاهير,2.9092140747247055,2.9092140747247055
السيد,-2.9083807997767734,2.9083807997767734
مبروك امير,-2.9068605573735127,2.9068605573735127
الازرق,2.903304944809779,2.903304944809779
ناقه,2.902546369066757,2.902546369066757
علبالي,2.902383822018236,2.902383822018236
رشيد,2.897976604963515,2.897976604963515
امن,2.897258950927755,2.897258950927755
يقرا,2.896791642712069,2.896791642712069
والعصابه,2.8964872496194785,2.8964872496194785
الطباخه,-2.896327835024806,2.896327835024806
فايح,2.8956165286023388,2.8956165286023388
المجتمع,2.895176295204927,2.895176295204927
بالمخدرات,2.8948865990287485,2.8948865990287485
بدوي,2.8947353085110206,2.8947353085110206
مقارنه,2.893934658149636,2.893934658149636
كاين ناس,2.89370756863998,2.89370756863998
لدزاير,2.892680590989189,2.892680590989189
التعليقات,2.892235849357841,2.892235849357841
جزائر جديده,2.8908647522080058,2.8908647522080058
اوقفوا,-2.8906970039299464,2.8906970039299464
ربي يبارك,2.89030771343646,2.89030771343646
lqahba,2.889109899869918,2.889109899869918
بداو,2.88896220102059,2.88896220102059
ياك نتا,-2.8884892207463064,2.8884892207463064
زادا,-2.887859705791423,2.887859705791423
الطاقه,-2.886831973300324,2.886831973300324
المشاكل,-2.885025455214046,2.885025455214046
غامل,2.884806185297214,2.884806185297214
مشكل,-2.884461035621268,2.884461035621268
comme,2.8843028712459478,2.8843028712459478
خصني,-2.883367813727901,2.883367813727901
نجيب,2.882579909262931,2.882579909262931
افراد العصابه,2.880473080335175,2.880473080335175
خموس,-2.879907837198356,2.879907837198356
طرده,2.8758466775500846,2.8758466775500846
khtak,2.8757860971853697,2.8757860971853697
ان تكون,2.8754218286102096,2.8754218286102096
يسير,-2.8749023547281283,2.8749023547281283
البنه,-2.873141175248131,2.873141175248131
فريت,-2.871031104369343,2.871031104369343
وعود,-2.8700218057829447,2.8700218057829447
شنقا,2.8692357029746898,2.8692357029746898
نشوفك,2.867298911827691,2.867298911827691
وهو,2.865622057220914,2.865622057220914
صالح,-2.8638626156144515,2.8638626156144515
الفاسدين,2.863641472465721,2.863641472465721
مي ماشي,2.8634410915609383,2.8634410915609383
التفاهات,-2.862337615591012,2.862337615591012
وسته,2.8611026918250113,2.8611026918250113
drs,2.860669081094623,2.860669081094623
البعض,2.860344305647557,2.860344305647557
العباد,2.8589384160376112,2.8589384160376112
فيك,2.857492044752335,2.857492044752335
اعط,2.857260608669429,2.857260608669429
قستهاش,-2.857225722234772,2.857225722234772
بهدلتونا,2.856842944610349,2.856842944610349
جيشنا,-2.856393953710402,2.856393953710402
شيكورك,2.855486507149912,2.855486507149912
الحاج,-2.855305545932242,2.855305545932242
الكريم,-2.8535797318863194,2.8535797318863194
عيت,2.85350344562501,2.85350344562501
نعيش,-2.853445060958972,2.853445060958972
جزاءري,-2.8529202720311093,2.8529202720311093
يخرط,2.852466243373362,2.852466243373362
الله ينعلك,2.8505605949563786,2.8505605949563786
روحك,2.84935219653279,2.84935219653279
رها,2.8472953070459526,2.8472953070459526
تنبحو,2.8465989591798064,2.8465989591798064
فرحانين,2.845934875490461,2.845934875490461
بوتسريقه,2.8450956247621026,2.8450956247621026
tahya,2.8441786767427337,2.8441786767427337
الطف,-2.843509144181358,2.843509144181358
جيش شعب,-2.842799262439228,2.842799262439228
حركه,2.8418114699459243,2.8418114699459243
تبداو,2.8405198523518544,2.8405198523518544
جايحه,2.840374210790506,2.840374210790506
موك,2.8397885926759296,2.8397885926759296
نهار,2.838530775834467,2.838530775834467
امثالك,2.838430080008958,2.838430080008958
اسباب,-2.8378595240882487,2.8378595240882487
واش داك,-2.837122982175099,2.837122982175099
قليطي,2.8361642554451008,2.8361642554451008
زبيده,2.834613970067423,2.834613970067423
تعليق,-2.8338623719303726,2.8338623719303726
ترامك,2.8337635926716223,2.8337635926716223
تعسو,2.832722800743326,2.832722800743326
النقود,-2.8325490150976766,2.8325490150976766
نربح,-2.8310399151971715,2.8310399151971715
ظالما,-2.82648386210988,2.82648386210988
ta,2.826039723151103,2.826039723151103
يهدي,2.824837891456401,2.824837891456401
وكيل,-2.8228199280937183,2.8228199280937183
قروب الساعه,2.8215654097636085,2.8215654097636085
وقتهم,-2.8207534452115075,2.8207534452115075
حيط,2.820654442580165,2.820654442580165
الكاشير,2.820177786866071,2.820177786866071
زريعه,2.8199883398813896,2.8199883398813896
ادير,2.818806839839683,2.818806839839683
يلعبو,-2.8177232069599043,2.8177232069599043
معني,-2.8164931878360653,2.8164931878360653
يعرفون,2.8161755571299634,2.8161755571299634
اعطينا,2.8154372696494225,2.8154372696494225
مرا,-2.8153975549500716,2.8153975549500716
الحركي,2.8149579853569313,2.8149579853569313
اعرف,-2.8146949973160704,2.8146949973160704
سقوط,2.8117111781836357,2.8117111781836357
اجد,-2.811704224610599,2.811704224610599
دوك يجوك,-2.810352815311115,2.810352815311115
يجوك,-2.810352815311115,2.810352815311115
عبر,-2.8103361172006247,2.8103361172006247
تدير,-2.8090696144479734,2.8090696144479734
اك فاهم,-2.8078729322894644,2.8078729322894644
لنفسه,-2.807757361027351,2.807757361027351
وكنت,-2.8072852453776513,2.8072852453776513
نظام,2.8067804479944463,2.8067804479944463
لهاد,2.806641958206894,2.806641958206894
التطبيع,2.8035282311289875,2.8035282311289875
ياوحد,2.801861389737455,2.801861389737455
توجد,-2.8009510627969494,2.8009510627969494
نموت,-2.8001886505905786,2.8001886505905786
ماهيش,-2.7983329494346854,2.7983329494346854
بيلي,2.7982106135634126,2.7982106135634126
نهبل,-2.7956332921049762,2.7956332921049762
اليمن,2.7952859253549183,2.7952859253549183
ياكافي,2.79522079853588,2.79522079853588
لمواطن,2.7950414929391276,2.7950414929391276
صاري,-2.793737141409485,2.793737141409485
حوله,2.7902521379224408,2.7902521379224408
المسلمين,-2.790043674088245,2.790043674088245
روح تعطي,2.7887131665781344,2.7887131665781344
هداك,2.7879098662676496,2.7879098662676496
الماك,-2.787385807981561,2.787385807981561
يقوم,2.7871191532651625,2.7871191532651625
انتهي,2.7845886252580665,2.7845886252580665
يا,2.783006931527327,2.783006931527327
اثناء,-2.7819329672378306,2.7819329672378306
تزوخ,-2.780284461807094,2.780284461807094
طماعين,2.779826836091352,2.779826836091352
الاصنام,2.7797435780086093,2.7797435780086093
لي تعرف,-2.7772708217388624,2.7772708217388624
ضهرك,2.775749135958402,2.775749135958402
شعبي,-2.7741030266128073,2.7741030266128073
كعبه,2.7733010546770753,2.7733010546770753
المستعمر,2.772411280056718,2.772411280056718
حركي,2.771841494647441,2.771841494647441
سرطان,2.7710024379121228,2.7710024379121228
بلاك,-2.7700912440400423,2.7700912440400423
اخطينا,2.7700616928091897,2.7700616928091897
نتا لي,2.769873874390022,2.769873874390022
كي كان,-2.769759162125215,2.769759162125215
يتبعهم,2.769725449058985,2.769725449058985
كنتي,2.7694631969033012,2.7694631969033012
ولاقوه,-2.7676854271716955,2.7676854271716955
طالح,2.7675141400199808,2.7675141400199808
كرف,2.7666360537548216,2.7666360537548216
قهوين,2.7632850511321143,2.7632850511321143
ملحد,2.7625597366526775,2.7625597366526775
اعلم,-2.7623658629630365,2.7623658629630365
نحوسو,-2.761443657180819,2.761443657180819
الهي,2.7610586722351087,2.7610586722351087
مولوديه يدك,2.76103366113157,2.76103366113157
الايام,-2.760718861789844,2.760718861789844
بوتبون,2.760199971065295,2.760199971065295
نامن,2.7597295725452518,2.7597295725452518
شيات,2.759262281406449,2.759262281406449
الله اكبر,-2.758533444180112,2.758533444180112
ظهر,2.7575759519803382,2.7575759519803382
دقايق,2.757438011570414,2.757438011570414
اسلام,-2.7568001423348365,2.7568001423348365
اش,2.754400221535623,2.754400221535623
دوله القانون,-2.7519918552897598,2.7519918552897598
يا لي,2.750585161998885,2.750585161998885
بحاجه,2.748822935941772,2.748822935941772
وكيلهم,2.7485653832931867,2.7485653832931867
شهاده صحفي,-2.7477523526363945,2.7477523526363945
كفاه,2.747403586960643,2.747403586960643
سيناريو,-2.7467925671418025,2.7467925671418025
حلاب,2.746336323341802,2.746336323341802
طرد,2.745137561403407,2.745137561403407
هاتف,-2.7433159068168678,2.7433159068168678
كلامك,2.7408797417257458,2.7408797417257458
استغلال,-2.7408210632749626,2.7408210632749626
وحداد وطحكوت,2.74062189761036,2.74062189761036
احتكر,2.7405517167189197,2.7405517167189197
زوجها,2.7401023359109535,2.7401023359109535
تحبوش,2.7397878940972884,2.7397878940972884
على ان,2.7359996261944377,2.7359996261944377
tfooh,2.7359836961871498,2.7359836961871498
عليك امير,-2.735310524065692,2.735310524065692
نعبدوا ربي,2.7348032565305127,2.7348032565305127
تربحك,2.734776731912136,2.734776731912136
السوق,2.734080688114053,2.734080688114053
جيزي,-2.733702082526682,2.733702082526682
يحشر,2.732222275239888,2.732222275239888
العقوبه,-2.7304155642701295,2.7304155642701295
pas,2.729556133435626,2.729556133435626
السلام عليكم,-2.729135279548477,2.729135279548477
كنت غالط,-2.7287458413293346,2.7287458413293346
امازيغي حر,2.7272256872118383,2.7272256872118383
الكوكايين,-2.7268442585532044,2.7268442585532044
قبضه,2.726126628043143,2.726126628043143
اله يبارك,-2.7251210801249663,2.7251210801249663
fayah,2.724596325223911,2.724596325223911
amchi,2.7244711218661863,2.7244711218661863
فافا,2.72192519238803,2.72192519238803
القمح,-2.721734192859703,2.721734192859703
تندم,2.7214848765128536,2.7214848765128536
اصاحبي,2.7202888519854516,2.7202888519854516
فا,-2.719728116832779,2.719728116832779
بابا,-2.717842743015537,2.717842743015537
ااه يا,2.716424411568438,2.716424411568438
الاغنياء,-2.7143870041266616,2.7143870041266616
روح تقود,2.712574220486875,2.712574220486875
طابو,2.711381244790072,2.711381244790072
القوه,-2.7101525864965845,2.7101525864965845
وقيله,2.709078251603643,2.709078251603643
الله يبارك,-2.7082007041798817,2.7082007041798817
نمي,2.7076588711712875,2.7076588711712875
رائعه,-2.707247559622052,2.707247559622052
ههخخ,2.706508484270602,2.706508484270602
عصابه,2.705908190417718,2.705908190417718
9bayli,2.7055054697734735,2.7055054697734735
تذكر,2.705266227340738,2.705266227340738
اهو,2.7048370609322756,2.7048370609322756
مشي عسكريه,2.7043127897864068,2.7043127897864068
السلطه,-2.703596932666521,2.703596932666521
مثقف,2.703270372602379,2.703270372602379
حتشون يماك,2.7030180841481855,2.7030180841481855
اكسو,2.702963032336824,2.702963032336824
bayen,2.701705868433321,2.701705868433321
شكبي,2.7003008745432826,2.7003008745432826
حبو,-2.7002586907253514,2.7002586907253514
خير منك,2.6993813838720566,2.6993813838720566
شكل,-2.6990107600856543,2.6990107600856543
اللصوص,2.698476151600171,2.698476151600171
sont,2.69718896044021,2.69718896044021
سيدهم,2.695654375075583,2.695654375075583
زوجته,2.6951093132768698,2.6951093132768698
اقول لك,2.6948371333591408,2.6948371333591408
قالت قاع,-2.6930214485642665,2.6930214485642665
ياخاوتي,2.692518729848547,2.692518729848547
العصابه الجديده,-2.689229767683903,2.689229767683903
اضعف,-2.6889017192693525,2.6889017192693525
بارك,-2.6878275362793183,2.6878275362793183
مقطع,2.687702357245413,2.687702357245413
اخره,2.686151347139969,2.686151347139969
العاده,2.686015373186509,2.686015373186509
روحو تقودو,2.683521127358054,2.683521127358054
والشيته,2.6787602329884974,2.6787602329884974
يموتو,-2.67543237747943,2.67543237747943
طفل,2.675412274660127,2.675412274660127
جوع,2.673995110914605,2.673995110914605
نخلي,2.6739109996154995,2.6739109996154995
ماعندناش,-2.6735370967586514,2.6735370967586514
قالك ربراب,2.6730392826810108,2.6730392826810108
شبعت,2.672611106035542,2.672611106035542
مزالك,2.6723216316174527,2.6723216316174527
طبعا,-2.6713473210351455,2.6713473210351455
جبان,2.6701618224825556,2.6701618224825556
قواد,2.668037854850997,2.668037854850997
ونتي,2.6674055149522986,2.6674055149522986
قالها,-2.667069749645542,2.667069749645542
نقولهم,2.6669820303969263,2.6669820303969263
اعبد,-2.666825216966772,2.666825216966772
سءال,-2.6663477338761417,2.6663477338761417
نحبها,-2.6661959552788717,2.6661959552788717
باينا,2.6660596756162964,2.6660596756162964
ta3ti,2.665293987777615,2.665293987777615
الطريق,2.6650041371282005,2.6650041371282005
في الجزاير,-2.6648006828279023,2.6648006828279023
يماه,2.66466557204914,2.66466557204914
يرحم القايد,2.6639266204010417,2.6639266204010417
لواحد,2.661985546542501,2.661985546542501
ونتوما,2.661889507659266,2.661889507659266
النجاحات,-2.661588840032671,2.661588840032671
الزمن,2.6605456589632883,2.6605456589632883
زينه,2.659998835936308,2.659998835936308
انتي,2.6583298016849186,2.6583298016849186
يصلح,-2.6574385080232714,2.6574385080232714
الاقل,-2.6560927032606205,2.6560927032606205
عالميا,-2.656057748498401,2.656057748498401
نخش,2.655821582273243,2.655821582273243
المساجد,-2.655523548144136,2.655523548144136
شرطه,2.6553260445344407,2.6553260445344407
الغاء,-2.6532139919787,2.6532139919787
نتيجه,2.653086361001954,2.653086361001954
تفهم,-2.653078493929347,2.653078493929347
الخبيث,2.6527596027638274,2.6527596027638274
ياسبي,2.6519545505618844,2.6519545505618844
القديمه,-2.6517866441484057,2.6517866441484057
مكانها,2.650241800531386,2.650241800531386
يا زبي,2.650231458205441,2.650231458205441
الشمس,2.6494889723022235,2.6494889723022235
ياكلب,2.6490218022066347,2.6490218022066347
يا زواف,2.6488830462986455,2.6488830462986455
اسبي,2.64863052049719,2.64863052049719
يحمي,-2.6478080256357126,2.6478080256357126
عميقين,2.646074296755324,2.646074296755324
اليمنى,2.6436229167893144,2.6436229167893144
فان,2.6397243604758924,2.6397243604758924
ماني,2.6379418130577874,2.6379418130577874
الشرق,-2.637469492891454,2.637469492891454
الاتصال,-2.6364477814844833,2.6364477814844833
الاولاد,-2.6362579424253436,2.6362579424253436
خريه,2.6359863003583954,2.6359863003583954
اعوذ,2.6336774979069517,2.6336774979069517
العسكر يسقط,2.6332706453869568,2.6332706453869568
ساعه,-2.633196716787758,2.633196716787758
بروبلام,-2.6330745691340818,2.6330745691340818
راءعه,-2.632753612134515,2.632753612134515
بانتلي,-2.632618455433621,2.632618455433621
بهايم,2.6323701483214563,2.6323701483214563
باطلاق,-2.6322896480694187,2.6322896480694187
نتوما,2.631965587228946,2.631965587228946
يصلي,-2.6318260755787843,2.6318260755787843
والعداله,2.629951333450261,2.629951333450261
منظمه,2.6298516616272014,2.6298516616272014
الاعظم,2.629721168862965,2.629721168862965
بلبركه,-2.628441917392028,2.628441917392028
ما شاء,-2.6282467650655468,2.6282467650655468
تحير,-2.627657011216946,2.627657011216946
الخاءن,2.6271824718589762,2.6271824718589762
نقاز,-2.6266245687278853,2.6266245687278853
صافيه,-2.626027153796973,2.626027153796973
تعجبني,-2.625800216140667,2.625800216140667
افريقيا,2.625473062286056,2.625473062286056
فطوركم,-2.6237325491056884,2.6237325491056884
ربراب عندو,-2.6231836604280114,2.6231836604280114
تخبط,2.621188005994289,2.621188005994289
هدرتك,2.618010763539517,2.618010763539517
اللهم,-2.6165389243929873,2.6165389243929873
فرر,-2.6161250979367683,2.6161250979367683
بالعكس,2.6158166460320342,2.6158166460320342
بيك,2.615591494718626,2.615591494718626
النمل,-2.6152822390983563,2.6152822390983563
تغسل,-2.6152021370876386,2.6152021370876386
ارحلو,2.6147976403067723,2.6147976403067723
اقاله,-2.61461513376992,2.61461513376992
اصحاب الفرشيطه,2.612593658534559,2.612593658534559
يحبش الخير,2.6112828947156665,2.6112828947156665
التصويره,-2.60969696925952,2.60969696925952
السومه,-2.6090721399394985,2.6090721399394985
khi,2.607349213921327,2.607349213921327
الاستخبارات,2.6061607006525027,2.6061607006525027
ينعل,2.6056873243639704,2.6056873243639704
بهدا,-2.6050075631639524,2.6050075631639524
طويله,-2.604522825169746,2.604522825169746
ربي يحفظك,2.6041889235731555,2.6041889235731555
اربك,-2.603781264863748,2.603781264863748
ربي يشفيك,2.601791329972631,2.601791329972631
موجود,-2.600900516660356,2.600900516660356
شخصيه,-2.6004756136455627,2.6004756136455627
نعل,2.5994293234983643,2.5994293234983643
frite,-2.598232522702749,2.598232522702749
يبقاو,2.5981218879685555,2.5981218879685555
الغساله,-2.5968261531031964,2.5968261531031964
سروال مزير,-2.594802920893979,2.594802920893979
يحدث,-2.5936684026236265,2.5936684026236265
معدوده,2.5935232720493295,2.5935232720493295
بيع,-2.5933346126183494,2.5933346126183494
فحل,-2.5921524284076756,2.5921524284076756
بوتبريره,2.5918997614523294,2.5918997614523294
نبيك,-2.5914139518184407,2.5914139518184407
is,2.5911770963567666,2.5911770963567666
وجماعتو,-2.590280117275857,2.590280117275857
وجه الشر,2.589277370105133,2.589277370105133
ويرحم,2.588629198153433,2.588629198153433
داءما,-2.588530422534134,2.588530422534134
يا ربراب,-2.5884881505862722,2.5884881505862722
يرحمه,-2.5860019479850935,2.5860019479850935
بقداه,-2.5838415729199675,2.5838415729199675
خرجوا,-2.5835997806852165,2.5835997806852165
سياسه,-2.5833581667680816,2.5833581667680816
شابه,-2.5819957857909817,2.5819957857909817
الملفات,2.581745377115368,2.581745377115368
وتروح,2.5801206633279055,2.5801206633279055
باموال الشعب,-2.5785994463116064,2.5785994463116064
شهريه,2.578263487975232,2.578263487975232
حر,-2.578074367561039,2.578074367561039
اصلن,-2.5779551685214157,2.5779551685214157
فايحه,2.5770341162431962,2.5770341162431962
الحمله,-2.576275013022073,2.576275013022073
عندو,2.575693412587189,2.575693412587189
صالح يكره,2.5751023255644427,2.5751023255644427
زاده,-2.575069542571511,2.575069542571511
ضرك يطغاو,-2.5750229703316534,2.5750229703316534
حمايه,-2.574627456461796,2.574627456461796
عسكريه دوله,2.5737260297720437,2.5737260297720437
حكايه,-2.571725651163313,2.571725651163313
فسوف,2.571483436064352,2.571483436064352
بعضانا,2.571402991801357,2.571402991801357
مقليه,-2.569906892970297,2.569906892970297
لي كيما,2.5692763272994084,2.5692763272994084
العموميه,2.567248813849654,2.567248813849654
يسيبورتو,-2.567211264077383,2.567211264077383
يوصل,-2.565813630468644,2.565813630468644
ka3ba,2.5653520529216918,2.5653520529216918
دراهمكم,2.565014293795756,2.565014293795756
يريدون,-2.5648960416777427,2.5648960416777427
aalik,-2.564704273220466,2.564704273220466
الموضوع,2.563292905521579,2.563292905521579
ان الله,-2.563283618011895,2.563283618011895
وراهم,2.56300901048073,2.56300901048073
او ربراب,-2.561451770533723,2.561451770533723
بيكم,2.5609972425441767,2.5609972425441767
السب,-2.5608617984776267,2.5608617984776267
خاصني,-2.560482980047867,2.560482980047867
لي خلق,-2.560294637638472,2.560294637638472
نضرب,2.559588732254741,2.559588732254741
hab,2.559528296495543,2.559528296495543
القلاوي,2.5585352751509607,2.5585352751509607
غلق,-2.55831716725666,2.55831716725666
الجزايريه,-2.558239138996718,2.558239138996718
الزين,-2.557978282710377,2.557978282710377
اصبر,-2.5571554183036294,2.5571554183036294
ديرها,2.556660744500686,2.556660744500686
يتبعك,2.5564633403354873,2.5564633403354873
لول,2.55567193940601,2.55567193940601
نعيمه,-2.55480559062313,2.55480559062313
الف الف,-2.553496956123618,2.553496956123618
منتوجات,-2.552850478327658,2.552850478327658
عليك يا,2.552749843648876,2.552749843648876
الصلاه,2.551642787431628,2.551642787431628
بصحتك,-2.5500568304337254,2.5500568304337254
الشرفاء,2.548658578528083,2.548658578528083
بالصحه,-2.547752464058593,2.547752464058593
قويه,2.5471521635630205,2.5471521635630205
مرخس,2.546908811606138,2.546908811606138
الفءه,2.546814304117004,2.546814304117004
تهبل,-2.545550651355418,2.545550651355418
من عندي,2.544611590773054,2.544611590773054
fel,2.544027789849101,2.544027789849101
كاش,-2.5427781020958182,2.5427781020958182
عسكري,2.5410954519626374,2.5410954519626374
والقواده,2.540550580544854,2.540550580544854
كتر,2.538989401952456,2.538989401952456
واش راكم,-2.5389129378056037,2.5389129378056037
فراس,2.5388106032245115,2.5388106032245115
فلبلاد,2.5385313562834337,2.5385313562834337
قليط,2.537942773570208,2.537942773570208
موش,-2.53784916176697,2.53784916176697
قودك,2.5372140504355336,2.5372140504355336
بشحال,-2.5371277168025874,2.5371277168025874
يلبس,2.53644046630636,2.53644046630636
فرع,-2.535674775258051,2.535674775258051
سكر,2.5355985095787608,2.5355985095787608
بومدين,2.5354231888288696,2.5354231888288696
خرج الشعب,2.5353977115763673,2.5353977115763673
تبانلي,-2.5347899885399032,2.5347899885399032
جمع,-2.534687433780592,2.534687433780592
دورجين,2.5346389153773976,2.5346389153773976
اله ينعلك,2.5334510725409087,2.5334510725409087
اصعب,-2.533217812831521,2.533217812831521
اكس,2.5330121118131497,2.5330121118131497
مشكله,-2.532251330849469,2.532251330849469
رايح,-2.529498857862767,2.529498857862767
خونا,-2.5286329947102857,2.5286329947102857
هاد البلاد,2.5284965344143573,2.5284965344143573
العالم,2.527663182125334,2.527663182125334
مكبوتين,2.52681082221797,2.52681082221797
يستعملو,-2.5264631325878573,2.5264631325878573
حابين,2.5261400807636876,2.5261400807636876
بقره الاركان,2.525763843688084,2.525763843688084
الصحراء,2.5249931684632596,2.5249931684632596
تحيه,-2.5249569343099245,2.5249569343099245
داو,2.524864799663129,2.524864799663129
فداء,-2.524588825385354,2.524588825385354
المسءوليه,-2.52279990979673,2.52279990979673
لحق,2.5211639178378604,2.5211639178378604
ياو فيقو,2.519523975328178,2.519523975328178
يلعن,2.519353566876417,2.519353566876417
وشكرا,-2.5185110149877112,2.5185110149877112
عم,-2.5157193421140476,2.5157193421140476
يهديكم يا,-2.5141547421709793,2.5141547421709793
نفسو,2.514097052862747,2.514097052862747
الخرا,2.5135590383457607,2.5135590383457607
يرزقك,-2.51333367099548,2.51333367099548
ouled,2.5128475439606546,2.5128475439606546
الخراي,2.5126362579421717,2.5126362579421717
عايشه,2.5123102925490683,2.5123102925490683
نحترم,2.5118218909167878,2.5118218909167878
ويذل,2.5116464367027533,2.5116464367027533
ولاد فرنسا,2.511362195857187,2.511362195857187
دياراس مخابرات,2.5105662877455712,2.5105662877455712
على ظهر,2.5102815772299105,2.5102815772299105
ماميدو,2.5102677956748036,2.5102677956748036
النشطاء,2.506337019461209,2.506337019461209
غدوه,2.5059381459176744,2.5059381459176744
ياقواد,2.505803836425626,2.505803836425626
هوايش,2.505513876533534,2.505513876533534
الاخبار,-2.505435407569402,2.505435407569402
جديده جزائر,2.505412486080743,2.505412486080743
ويحفظك,-2.5051067817330317,2.5051067817330317
المستويات,-2.5032301272286137,2.5032301272286137
خوتي,-2.5030243754963926,2.5030243754963926
اسال,2.50264511984039,2.50264511984039
جو,-2.500309259579812,2.500309259579812
الرب,2.500039653232561,2.500039653232561
الثامنه,-2.4999696874197124,2.4999696874197124
الكبير,2.499835724714787,2.499835724714787
اشبع,2.4987910084915406,2.4987910084915406
تشهي,-2.498639906222832,2.498639906222832
جنرال,2.4975460976579527,2.4975460976579527
دياراس,2.497526575041755,2.497526575041755
اوملات,2.4972432290650244,2.4972432290650244
نورمالمو,2.497205515490111,2.497205515490111
حرب,2.4952027281468045,2.4952027281468045
متعاطف معا,-2.490953552679353,2.490953552679353
المحتله,-2.49089375942536,2.49089375942536
الحقوق,-2.4908881520066486,2.4908881520066486
بهم,-2.489930899896273,2.489930899896273
دير بالك,-2.48958228035782,2.48958228035782
الاغيول,2.4895088312338154,2.4895088312338154
وعلاش,-2.4891710273097316,2.4891710273097316
يرد,-2.48910379261849,2.48910379261849
كوستيم,2.487268681080491,2.487268681080491
تناك,2.487188157627985,2.487188157627985
سلام عليكم,-2.487086293948026,2.487086293948026
افسدوا,2.486765988768687,2.486765988768687
مزور,2.4855906605985756,2.4855906605985756
يفتح,-2.485417296008869,2.485417296008869
بانت,-2.483726886653834,2.483726886653834
البقاء,2.483253094331589,2.483253094331589
يحفظك استاذ,2.4827458194586915,2.4827458194586915
ربي يهديكم,2.4816238594613313,2.4816238594613313
وتكتب,2.480434283073051,2.480434283073051
نشوفوا,2.4794209182157805,2.4794209182157805
فانت,2.4788529495309697,2.4788529495309697
لاحول ولاقوه,-2.47858644705126,2.47858644705126
يزوج,2.47735456505625,2.47735456505625
قناتك,2.4768641307409323,2.4768641307409323
عندكم,-2.4768326128084297,2.4768326128084297
اولاد فرنسا,2.4765636581453876,2.4765636581453876
مدنيه مشي,2.474773132278648,2.474773132278648
تشبع,2.4743592479590855,2.4743592479590855
كلكم,2.473942794908948,2.473942794908948
amin,-2.4727000271881168,2.4727000271881168
يعس,-2.4726847756809383,2.4726847756809383
رمضان كريم,2.472137672997139,2.472137672997139
هنايا,2.471649584562739,2.471649584562739
ترجع,-2.471572216989387,2.471572216989387
تقدر,-2.4697430420511433,2.4697430420511433
تحيا القايد,2.4697310041722798,2.4697310041722798
يلبس لاكوست,2.466148855158072,2.466148855158072
ماكانش,-2.466070464497829,2.466070464497829
ليهود,2.465525452562496,2.465525452562496
والفتنه,2.4647241009660728,2.4647241009660728
fik,2.462629766464901,2.462629766464901
تجري,-2.459790903716728,2.459790903716728
لزم,2.458796836682235,2.458796836682235
اموال الشعب,-2.4586143039492927,2.4586143039492927
مشاكل,-2.458458805666817,2.458458805666817
الله يذلك,2.456339707518884,2.456339707518884
نسب,2.4538778362605678,2.4538778362605678
سمعه,2.4538757262018334,2.4538757262018334
اغبياء,2.4533372177284223,2.4533372177284223
انتهى,2.453081970313648,2.453081970313648
بصح راك,2.453003485851885,2.453003485851885
الخليج,2.452762980719863,2.452762980719863
استاذ الفاضل,2.4522117885610366,2.4522117885610366
الى الامام,-2.4520158345384555,2.4520158345384555
السفاح,2.451996587435106,2.451996587435106
الدرجه,2.4516766702334745,2.4516766702334745
لوط,2.4516521409497414,2.4516521409497414
قوم لوط,2.4516521409497414,2.4516521409497414
عادله,-2.451371572599639,2.451371572599639
نكون,-2.4510678828388723,2.4510678828388723
غلطه,2.4499499668277527,2.4499499668277527
ak,2.449506480204153,2.449506480204153
يعاون,2.4483233202200743,2.4483233202200743
انشالله,-2.4475250291160346,2.4475250291160346
شك,-2.446835289520834,2.446835289520834
يانقش,2.445854427749162,2.445854427749162
الروم,2.4453769872189883,2.4453769872189883
الراعي,-2.4449091826343885,2.4449091826343885
الجنوب,-2.4446699297885592,2.4446699297885592
داير,2.4425489642142653,2.4425489642142653
ابا,2.441631687030106,2.441631687030106
ثانيا,-2.4410620892813397,2.4410620892813397
مبارك,-2.4401714761735724,2.4401714761735724
احتكار,2.439837513052033,2.439837513052033
يفهم,2.438624663949047,2.438624663949047
نجم,-2.438166714962882,2.438166714962882
سعيد بوتفليقه,2.4375423190383065,2.4375423190383065
مشاريعه,2.4370427153980105,2.4370427153980105
لي حاكمين,2.436785722360735,2.436785722360735
الو,-2.4365896745806244,2.4365896745806244
كلامه,2.4360147111131933,2.4360147111131933
والاخوه,2.435492001868329,2.435492001868329
من جماعه,2.435226003041403,2.435226003041403
للاسف,-2.4342643707970124,2.4342643707970124
3lina,2.433021391008183,2.433021391008183
سرقه,-2.4320994100188926,2.4320994100188926
جال ربراب,2.4316934548569944,2.4316934548569944
اطلق,2.4311755141999853,2.4311755141999853
طز في,2.4311194819684245,2.4311194819684245
البعير,2.428818096605282,2.428818096605282
الانسان,-2.427505078513931,2.427505078513931
جابوه العسكر,2.426918290846446,2.426918290846446
يلزم,-2.4267130499777525,2.4267130499777525
اتقو الله,2.4260646521912914,2.4260646521912914
يسرحون,2.4260248757317537,2.4260248757317537
الكاذبه,2.425075404722337,2.425075404722337
هذا هو,2.4250542882002306,2.4250542882002306
الفريت اوملات,-2.4243921909448503,2.4243921909448503
اسميتك,-2.4243730725406203,2.4243730725406203
الحليب,-2.4243505944936175,2.4243505944936175
برج,-2.4243356421736135,2.4243356421736135
مشروع,-2.4241664953083295,2.4241664953083295
مثلما,2.422860297221095,2.422860297221095
دوك,2.4226694412664527,2.4226694412664527
البريك,-2.422357702265033,2.422357702265033
استغباء,2.4223411798945085,2.4223411798945085
خليه يقعد,2.421698574332961,2.421698574332961
يدعي,2.421283380323586,2.421283380323586
تركيا,-2.4208605042403604,2.4208605042403604
تخلا,2.4203517496917066,2.4203517496917066
خليل,-2.419327430043118,2.419327430043118
دنك,2.418727987240808,2.418727987240808
جوده,-2.4175324823729185,2.4175324823729185
التصعيد,-2.4172297473468456,2.4172297473468456
wlid,2.414630182856965,2.414630182856965
اشتريته,2.4131107712441966,2.4131107712441966
المفيد,2.412853953898694,2.412853953898694
اهدرونا,2.4112303668947463,2.4112303668947463
شكون انت,-2.409884530328462,2.409884530328462
لمال,-2.409133211999181,2.409133211999181
لبناء,-2.4074407091095473,2.4074407091095473
لي يهدر,2.406693761292252,2.406693761292252
هنيئا,-2.406273063567389,2.406273063567389
الشهر,-2.4057606222374988,2.4057606222374988
معكم,-2.405478041955368,2.405478041955368
النظام الفاسد,2.404852252611001,2.404852252611001
الي راهم,2.404820633041368,2.404820633041368
معنى,-2.404247543886229,2.404247543886229
القمع,2.404109129923854,2.404109129923854
اصناف,-2.40301956184374,2.40301956184374
يفرح,-2.402878610358589,2.402878610358589
والمزيد,-2.401118428223506,2.401118428223506
اتمنى,-2.397974206880944,2.397974206880944
طحاحنه,2.3979422731337237,2.3979422731337237
عندما,2.3974039911541896,2.3974039911541896
وكذب,2.3973928831913627,2.3973928831913627
يدين,2.3973849053721707,2.3973849053721707
تشعل,2.396811159485914,2.396811159485914
ينادون,-2.3966324227296516,2.3966324227296516
الاكترونيه,2.39658648849804,2.39658648849804
الملك,-2.396428314700907,2.396428314700907
راك فاهم,2.396271648269115,2.396271648269115
المزيد,-2.3957398399623537,2.3957398399623537
به,-2.394743116400262,2.394743116400262
دنيه,2.3940835982486988,2.3940835982486988
القهوه,-2.3938472201103353,2.3938472201103353
الاواني,-2.3929478348680315,2.3929478348680315
الامارات,2.3925143697584557,2.3925143697584557
وهما,-2.3921415988025836,2.3921415988025836
سعر,-2.39089511859039,2.39089511859039
قليله,-2.39061757423177,2.39061757423177
الشعب راه,2.390312680025195,2.390312680025195
شخصيا,-2.389877710833097,2.389877710833097
ميور,-2.3892128011152596,2.3892128011152596
هذاك,2.3886579551938025,2.3886579551938025
الضيقه,-2.388470513583741,2.388470513583741
في اعراض,2.387109936955442,2.387109936955442
خدمه,-2.3859589143379303,2.3859589143379303
ينبح,2.383752049372918,2.383752049372918
الغيره,2.383040874290847,2.383040874290847
مجهول,2.382768340141651,2.382768340141651
واش دخل,-2.3817095059623554,2.3817095059623554
الحكومه,2.381081535949159,2.381081535949159
راكي,2.3809866973446896,2.3809866973446896
نقولكم,-2.379676168120496,2.379676168120496
اولاد,2.3795446184697013,2.3795446184697013
vrai,-2.3782955866503612,2.3782955866503612
موجوده,-2.3780018694259626,2.3780018694259626
عندها,2.3774972558690584,2.3774972558690584
تخمارت,2.3773883339489816,2.3773883339489816
في فرنسا,2.3770092935609446,2.3770092935609446
تولد,-2.376940878550078,2.376940878550078
القران,2.376563570781177,2.376563570781177
كيفاه,-2.3765055082767637,2.3765055082767637
معاناه,2.375929978121437,2.375929978121437
نيتك,2.3758970203377343,2.3758970203377343
وانتوما,2.3756677520989418,2.3756677520989418
اشاهد,2.375625043009675,2.375625043009675
حقيقي,2.374954336008372,2.374954336008372
جنه,-2.374088649304755,2.374088649304755
يعسوا,-2.3717777664825315,2.3717777664825315
وهيا,-2.3706119884464343,2.3706119884464343
يدها,2.367084923074744,2.367084923074744
ولادك,2.366935113397701,2.366935113397701
المطار,-2.3668021510916843,2.3668021510916843
تنساش,2.366662840007065,2.366662840007065
نطيب,-2.3666039189461032,2.3666039189461032
بريكه,-2.365724604870767,2.365724604870767
التاريخ,-2.3646874774919726,2.3646874774919726
محروقه,2.364575825270212,2.364575825270212
ولد,2.3623897555139215,2.3623897555139215
بلاكي,2.3620482028582845,2.3620482028582845
الورقه بلاكي,2.3620482028582845,2.3620482028582845
حمله,2.361847337336569,2.361847337336569
كاع,2.361840828528596,2.361840828528596
الشاويه,-2.3615886417320286,2.3615886417320286
مسيره,-2.361575152546306,2.361575152546306
زادكا,-2.3608837622543484,2.3608837622543484
خانزه,2.360746345484585,2.360746345484585
راكم ديرو,2.3603412600906792,2.3603412600906792
اله تربحكم,2.360007452345531,2.360007452345531
مفيده,2.358683243827365,2.358683243827365
المصانع,-2.357647169272603,2.357647169272603
يخدمو,-2.3576139336475626,2.3576139336475626
صراله,-2.357453129187383,2.357453129187383
سينياليو,2.3573502953022154,2.3573502953022154
لديكم,-2.353805624772832,2.353805624772832
لنا,-2.353219379659906,2.353219379659906
شواكركم,2.353189485761039,2.353189485761039
شكون,-2.352125230340727,2.352125230340727
ضك,2.351496332949018,2.351496332949018
حنين,-2.3508737490569223,2.3508737490569223
بلاصه,2.3504124990629176,2.3504124990629176
سجن الحراش,2.3499157908791832,2.3499157908791832
ربراب راه,-2.34947248814847,2.34947248814847
قولها,2.349019923416935,2.349019923416935
يروج,-2.347087927006013,2.347087927006013
لحاسين,2.346316375820099,2.346316375820099
اعلان,-2.345004424981498,2.345004424981498
المعارضه,2.3448825711150048,2.3448825711150048
سعيد بوتسريقه,-2.34394330804402,2.34394330804402
اتمني,-2.34356429561028,2.34356429561028
ربراب لا,2.3433543993137516,2.3433543993137516
يعلمون,-2.3426919646194624,2.3426919646194624
ينطق,2.342650642568631,2.342650642568631
الدول,-2.3416041830606713,2.3416041830606713
اخوه,-2.3415064838433346,2.3415064838433346
مناصب,2.3400049321685135,2.3400049321685135
براندت,-2.339905526735794,2.339905526735794
جدار,-2.339561672365014,2.339561672365014
رجلو,-2.337046917254742,2.337046917254742
كي ربراب,-2.335655236001915,2.335655236001915
ياربي,2.3355517764875238,2.3355517764875238
وجيت,2.334781554078393,2.334781554078393
مافيا,2.33428739491691,2.33428739491691
جزائري,-2.333186757757149,2.333186757757149
امشي نيك,-2.3329627066616307,2.3329627066616307
تبعي,2.3326504255303813,2.3326504255303813
لباز,2.3315702582533318,2.3315702582533318
تمنراست,-2.329615631932896,2.329615631932896
مظلوم,-2.329359077437181,2.329359077437181
السيار,2.329087983810639,2.329087983810639
يخمم,2.329062625920596,2.329062625920596
مواطن,-2.3281074726751996,2.3281074726751996
نقول,-2.327478650304955,2.327478650304955
نقدر,-2.326762716009797,2.326762716009797
بحر,-2.324833439459853,2.324833439459853
طع,2.3247199249814385,2.3247199249814385
يحبس,2.3240550960203974,2.3240550960203974
فساد,2.323906489836235,2.323906489836235
امير لعقوبه,2.3234634474186473,2.3234634474186473
زيتوت,2.3233246835941688,2.3233246835941688
العسكريه,-2.322383820067558,2.322383820067558
الانتخابات,-2.321368845433952,2.321368845433952
الحديث,-2.3205086061826417,2.3205086061826417
القهوي,2.320103470820151,2.320103470820151
الله ما,2.319816789210912,2.319816789210912
تحرض,2.319454623317749,2.319454623317749
التوبه,2.3192143171661512,2.3192143171661512
كادو,2.3191235573960096,2.3191235573960096
الوزير,-2.3190902901980484,2.3190902901980484
القادمه,-2.3175097812595915,2.3175097812595915
مع كل,2.3173785022187574,2.3173785022187574
مكشوفه,-2.31718584077234,2.31718584077234
يقولك,2.3167313649784624,2.3167313649784624
قعرتها,2.3166585084622193,2.3166585084622193
متسرب,2.3164506846540016,2.3164506846540016
متسرب مدرسي,2.3164506846540016,2.3164506846540016
مدرسي,2.3164506846540016,2.3164506846540016
تخمم,2.31475970352264,2.31475970352264
الرجل,-2.314341886354845,2.314341886354845
مافيهاش,-2.3141952541164046,2.3141952541164046
حسنه,2.3138315168567636,2.3138315168567636
حمير,2.3136441927439,2.3136441927439
بالناس,2.31272476261107,2.31272476261107
علاجال,2.312648656748349,2.312648656748349
الارهاب,2.312621226050457,2.312621226050457
نتاعك,2.311760119018617,2.311760119018617
تحيا المولوديه,2.3112690084954566,2.3112690084954566
اله فيك,-2.3112688378641595,2.3112688378641595
نتوما يا,2.3098419693605776,2.3098419693605776
كبش فداء,-2.3092737577894766,2.3092737577894766
اويحيا,-2.3088498018008736,2.3088498018008736
اعتقال,-2.307062576465806,2.307062576465806
السوداء,2.3054884820554506,2.3054884820554506
تخون,-2.3054432309124007,2.3054432309124007
صوالحو,2.3044218838617905,2.3044218838617905
الشعب واعي,2.3043926661020793,2.3043926661020793
داسيا,-2.304383713038491,2.304383713038491
جزاءر جديده,2.3040833474607476,2.3040833474607476
خدام,2.303632853929598,2.303632853929598
عقل,2.3027955482873086,2.3027955482873086
الفرن,-2.3025787643074787,2.3025787643074787
ضحايه,-2.302239256495177,2.302239256495177
الله عليهم,2.3014679713977735,2.3014679713977735
ربراب فاسد,2.3009405461533508,2.3009405461533508
التعليق,-2.3005228661124946,2.3005228661124946
العاهره,2.299282815517363,2.299282815517363
مخنث,2.298580878442835,2.298580878442835
نكتو,2.2984215148070573,2.2984215148070573
ارحلوا,-2.2981948228418534,2.2981948228418534
يربح,-2.2974663839501934,2.2974663839501934
خاطري,-2.2972667403867355,2.2972667403867355
هدري,2.2961746781897316,2.2961746781897316
تبن,-2.295617124064282,2.295617124064282
كرشو تبن,-2.295617124064282,2.295617124064282
زامل,2.295353202591827,2.295353202591827
تصلو,2.295280278222365,2.295280278222365
يخم,2.2952029872148674,2.2952029872148674
القلوب,-2.2951912328876434,2.2951912328876434
تديرو,2.2933963262363584,2.2933963262363584
انشاله,-2.293029990600125,2.293029990600125
اتقي,-2.2928796222010206,2.2928796222010206
استحمار,2.2922314071570717,2.2922314071570717
مانيش,2.2916157031818893,2.2916157031818893
الواحد,-2.2913020023650206,2.2913020023650206
السءال,-2.2911593034310407,2.2911593034310407
خالص,2.290804260126919,2.290804260126919
بو,2.2905579626207246,2.2905579626207246
وحدو,-2.2886546590083348,2.2886546590083348
15,-2.2882861563161883,2.2882861563161883
نكتنا بيها,2.2879732459704396,2.2879732459704396
نكتنا,2.2879732459704396,2.2879732459704396
شريك,2.286235428314865,2.286235428314865
تيعو,-2.2853220614299836,2.2853220614299836
وحدكم,2.285105242181941,2.285105242181941
ينصرك,2.283698222117197,2.283698222117197
الحروب,-2.2835118012479527,2.2835118012479527
يتسما,-2.2823402347243973,2.2823402347243973
ثروه,2.281977320741084,2.281977320741084
على ما,2.2817664918921,2.2817664918921
ذكي,-2.2799426282861153,2.2799426282861153
يرحم الوالد,-2.2782209666524276,2.2782209666524276
نخرج,-2.277663631349498,2.277663631349498
سعيد,-2.277373206405109,2.277373206405109
طغاو,2.2770355459973213,2.2770355459973213
حقيقيه,-2.276366092963296,2.276366092963296
والعار,2.2762365927435804,2.2762365927435804
وخاصه,2.2760588609213563,2.2760588609213563
تبا لك,2.275978290650343,2.275978290650343
في السجن,-2.2759573484583813,2.2759573484583813
تعتقل,-2.2759393444578095,2.2759393444578095
خبير,2.27547893468133,2.27547893468133
حفظ,2.2748215865488937,2.2748215865488937
يكسر,2.274583891357385,2.274583891357385
يكسر ايديهم,2.274583891357385,2.274583891357385
بالفيديو,2.274329942261975,2.274329942261975
كي نتا,2.2732889339105165,2.2732889339105165
ربراب حتى,-2.2725070662222873,2.2725070662222873
وادي,-2.2718104810613995,2.2718104810613995
wela,2.2716089125788352,2.2716089125788352
بدات,-2.2707122924280507,2.2707122924280507
يا وليد,2.2704056327048634,2.2704056327048634
ذنب,2.270393245663649,2.270393245663649
سمارت,-2.2702683798841976,2.2702683798841976
خوا,-2.269570191366029,2.269570191366029
بسكو,2.269083232346447,2.269083232346447
دوله مدينه,2.26900679170084,2.26900679170084
واش دار,2.268570232450809,2.268570232450809
anta,2.2682005737235293,2.2682005737235293
ولي,2.2677597182998057,2.2677597182998057
يقولوا,2.2662963858552967,2.2662963858552967
تطبيق,-2.2661338527615604,2.2661338527615604
الديمقراطيه,-2.2658285418089026,2.2658285418089026
قداه,-2.264451716454217,2.264451716454217
بديتو,2.264182596096321,2.264182596096321
تشينا,-2.2632129446993243,2.2632129446993243
by,2.262558591828017,2.262558591828017
البلاد العباد,-2.2620212606443966,2.2620212606443966
دايره,2.2617934068959644,2.2617934068959644
يارب,-2.2613343673918034,2.2613343673918034
had,-2.261221425062608,2.261221425062608
طرق,-2.2610967120717835,2.2610967120717835
قبره,-2.260670264836829,2.260670264836829
المشكل في,-2.260591076007307,2.260591076007307
اهبط,2.260422406433642,2.260422406433642
فتحت,-2.2603332694153058,2.2603332694153058
فيما,2.260091696087331,2.260091696087331
الخاص,-2.2566653455907906,2.2566653455907906
ويرحم امك,2.2557316896217485,2.2557316896217485
الخنزير,2.2554752474922255,2.2554752474922255
المصداقيه,-2.255376036193512,2.255376036193512
يا شكب,2.254274224547333,2.254274224547333
ينحي,2.253282539569738,2.253282539569738
الهجوم,-2.2531150867269183,2.2531150867269183
ضحكتو,-2.2531132395024063,2.2531132395024063
ميحبوش,-2.253107122486983,2.253107122486983
تموتوا,2.252897891338651,2.252897891338651
نشوف,2.2527372502798717,2.2527372502798717
مصريه,-2.2525307267488883,2.2525307267488883
نلحقو,2.2524564536620124,2.2524564536620124
نساو,-2.2517587988777823,2.2517587988777823
نتمكن,-2.2511009805169984,2.2511009805169984
دبر,2.25072760366019,2.25072760366019
كا,2.2502361655737904,2.2502361655737904
بالشعب,2.249768110175198,2.249768110175198
تقول,-2.2478485276168074,2.2478485276168074
شلحي,2.2477325462991415,2.2477325462991415
سؤال,-2.2475175590308765,2.2475175590308765
يلحق,-2.247448160076613,2.247448160076613
الدي,-2.2467716123216865,2.2467716123216865
الله ينعلكم,2.245638474883989,2.245638474883989
الخبر,-2.2453591978225167,2.2453591978225167
معنتها,-2.2449053423646363,2.2449053423646363
لحرام,2.2444664825117795,2.2444664825117795
ابتداءي,2.2433987320807414,2.2433987320807414
تخم,2.2428184167143757,2.2428184167143757
nass,2.2424203007996546,2.2424203007996546
وقالهم,2.2416983457883513,2.2416983457883513
التسعينات,2.241062807385376,2.241062807385376
بيت,2.2409064708737056,2.2409064708737056
انت كي,2.240871633353911,2.240871633353911
الفرفاره,2.2402060452518957,2.2402060452518957
يحسب,-2.2385187761139855,2.2385187761139855
والمغرب,-2.237952787161754,2.237952787161754
توجه,2.237586855794916,2.237586855794916
نيكماتهم,2.237551442450687,2.237551442450687
مي ربي,2.237344259406413,2.237344259406413
السؤال,-2.2369076840100566,2.2369076840100566
ربي يهدي,2.2361054431300715,2.2361054431300715
تعرفش,-2.235323208302726,2.235323208302726
باقي,2.234756844921336,2.234756844921336
hechoun,2.234725828331553,2.234725828331553
نبح,2.2339141960468343,2.2339141960468343
اشهد,2.2335661811322316,2.2335661811322316
السحب,-2.2324369834117594,2.2324369834117594
النبي,-2.231825630245307,2.231825630245307
لاعب,2.2308466501866553,2.2308466501866553
بلاد الشهداء,2.228945928214058,2.228945928214058
تحيا,-2.228769492022457,2.228769492022457
عزيز,-2.228754719566861,2.228754719566861
اغلبيه الشعب,-2.2281408337848525,2.2281408337848525
مهنه,-2.227564387631331,2.227564387631331
قدس,-2.227294585227166,2.227294585227166
الشعب الجزايري,2.227160209743362,2.227160209743362
الاحتلال,-2.226913299161697,2.226913299161697
يا كلب,2.226569744967955,2.226569744967955
الاغنيه,-2.2265269534102865,2.2265269534102865
بروند,-2.22386253988899,2.22386253988899
تدي,2.2235666198856485,2.2235666198856485
الهاشتاغ,-2.2234542253512823,2.2234542253512823
بالحلال,2.223000468130803,2.223000468130803
سطيف,-2.222989125935593,2.222989125935593
با,2.2204552897942316,2.2204552897942316
رابعه,2.2196185376501614,2.2196185376501614
راك,2.2192404316114303,2.2192404316114303
بالفرونسي,2.2186747025805484,2.2186747025805484
kbir,2.217420296398717,2.217420296398717
ki,2.2173987347780826,2.2173987347780826
كل من,2.2172820086826817,2.2172820086826817
نعرف,-2.2162038784688995,2.2162038784688995
مقمل,2.2158836684059926,2.2158836684059926
البقره,-2.2154126329007364,2.2154126329007364
inchallah,-2.21483682722632,2.21483682722632
شريتها,-2.213675319902468,2.213675319902468
عباده,2.2136408737605078,2.2136408737605078
دانون,2.2133159378210845,2.2133159378210845
يجرو,2.213178184990318,2.213178184990318
الجيش خارج,-2.213077954987375,2.213077954987375
فرشه,2.212502696176283,2.212502696176283
مداير,2.2122689604679393,2.2122689604679393
وانت اقعد,2.212235880607912,2.212235880607912
انت تقدر,2.211966148705823,2.211966148705823
اسمحلي,-2.2113767022468487,2.2113767022468487
اردت,2.210510397943074,2.210510397943074
الكره,2.2092077274886623,2.2092077274886623
راك كبير,2.208649405916888,2.208649405916888
الله يرحم,-2.2079435356746804,2.2079435356746804
مباشره,-2.2065682559153084,2.2065682559153084
دعاء,-2.2065640825847463,2.2065640825847463
يبدو,2.2064909605419882,2.2064909605419882
دي,2.2063397072895974,2.2063397072895974
روحي صلي,2.206281911764081,2.206281911764081
امين,-2.2056445235216158,2.2056445235216158
الب,2.2055056167537033,2.2055056167537033
لعنه الله,2.205389527805089,2.205389527805089
لاي,-2.2053094364541894,2.2053094364541894
قصر,-2.204988198521465,2.204988198521465
بزاف,-2.2047861580115136,2.2047861580115136
القصه,2.2046055727131852,2.2046055727131852
صراحه,-2.2045726136765773,2.2045726136765773
الفيلم,-2.2039908014463108,2.2039908014463108
وينصر,-2.203986771865106,2.203986771865106
نيفو,2.2039299865152944,2.2039299865152944
يديرها,-2.20380555538007,2.20380555538007
الريح,2.203728729144744,2.203728729144744
تبون المزور,2.2032115560690158,2.2032115560690158
اندلسي,-2.201986062890466,2.201986062890466
مينداك,2.2019589784756226,2.2019589784756226
نجاح,-2.2013677994443914,2.2013677994443914
حمادي,-2.201124182968736,2.201124182968736
يجيبهالكم,2.200856588847807,2.200856588847807
فرحتلك,-2.2000928217260336,2.2000928217260336
يا بطل,-2.1991082447886363,2.1991082447886363
حريه,-2.198837627379919,2.198837627379919
دجاج,-2.1982309794766777,2.1982309794766777
وشحال,-2.1978642179299337,2.1978642179299337
باختصار,2.1977415456361613,2.1977415456361613
البسيط,-2.19649480227202,2.19649480227202
ارمي,2.196128482561836,2.196128482561836
هكا,2.1957941867625594,2.1957941867625594
بحجم,2.1955203365639293,2.1955203365639293
وطن,2.195180634894355,2.195180634894355
يالعطاي,2.19352447686529,2.19352447686529
نوضو,-2.191219997864416,2.191219997864416
حكايه ربراب,-2.1899434891654295,2.1899434891654295
البيع,-2.189639767630873,2.189639767630873
الجامع,-2.188894323125059,2.188894323125059
نتا مشفتش,-2.188481441336998,2.188481441336998
كبول,2.1883440818987268,2.1883440818987268
اخونا,-2.1880588949891577,2.1880588949891577
التخريب,2.1879355224176376,2.1879355224176376
الحرقه,-2.1862754541793383,2.1862754541793383
الله على,-2.185886021670194,2.185886021670194
الحي,-2.1851248806277628,2.1851248806277628
يشافي,-2.1849365027313534,2.1849365027313534
مخبرات,2.1847665849084383,2.1847665849084383
تعتذر,-2.184635806745477,2.184635806745477
تحوسو,2.1844557030545606,2.1844557030545606
دوره المياه,2.1843369785542386,2.1843369785542386
يشبه,2.18429096760332,2.18429096760332
بسكره,-2.183860926073494,2.183860926073494
يدي,2.183633461396934,2.183633461396934
مصالح,-2.1826553332336776,2.1826553332336776
البخس,2.1824394941633583,2.1824394941633583
درت,-2.1815554600669267,2.1815554600669267
اوو,2.180103873379326,2.180103873379326
سادويتش,-2.1800218470317425,2.1800218470317425
الزلزله,2.1797897782731352,2.1797897782731352
انت كبير,-2.1793796116246695,2.1793796116246695
بان,2.179251876809594,2.179251876809594
رنا,-2.179187761941916,2.179187761941916
يفرجها,-2.178364602697225,2.178364602697225
امبعد اهدر,-2.178109529608815,2.178109529608815
لكان,-2.17687860476937,2.17687860476937
كبيره عليك,2.1765351999952363,2.1765351999952363
معشر,2.176525776527504,2.176525776527504
ياودي,2.1763394507198677,2.1763394507198677
دارولو,2.17585562167286,2.17585562167286
جحش,2.174878669222104,2.174878669222104
مشي ربراب,2.1748132114329852,2.1748132114329852
الثدي,-2.1743782112974226,2.1743782112974226
تبان,2.173705287867199,2.173705287867199
اخي,-2.1734895255752513,2.1734895255752513
طباخه,-2.173031577451978,2.173031577451978
بلاد,2.173024830049026,2.173024830049026
فارغ,2.1726593846690645,2.1726593846690645
ابن,-2.172607037144562,2.172607037144562
سليمه,2.1717924140728195,2.1717924140728195
تعالي,-2.1712833348068106,2.1712833348068106
لله,-2.1711207028616712,2.1711207028616712
جميله,-2.1709143783648757,2.1709143783648757
شكاره,2.169639354052175,2.169639354052175
قع,2.169025385675273,2.169025385675273
فاعل,-2.16816920486004,2.16816920486004
يحبوهاش,2.1675033904221888,2.1675033904221888
ظهر الاغلبيه,2.1675033904221888,2.1675033904221888
فخر العرب,-2.1669819312537104,2.1669819312537104
هذا من,2.1666788846101404,2.1666788846101404
كلمه,-2.1648161280449107,2.1648161280449107
العظيم,-2.1646677323972554,2.1646677323972554
ان يكون,2.1636642382049915,2.1636642382049915
غساله,-2.162943872820105,2.162943872820105
احشمي,2.161973761809609,2.161973761809609
تلعبي,-2.1616011862506044,2.1616011862506044
تشجع,-2.1615897294129773,2.1615897294129773
بدماء الشهداء,-2.161101413696307,2.161101413696307
ديرونا,2.1608317778169166,2.1608317778169166
يرحمو,-2.1606727087927173,2.1606727087927173
نسمع راي,-2.1602409614270957,2.1602409614270957
صدقت,-2.160189497119213,2.160189497119213
جامع,2.159471619313271,2.159471619313271
حفره,2.1587086297568083,2.1587086297568083
لوح,2.157215525117252,2.157215525117252
برافو,-2.1570832918337004,2.1570832918337004
يا منافقين,2.1566810665770824,2.1566810665770824
تولو,2.156599190181686,2.156599190181686
ملا,2.156370738684609,2.156370738684609
الشيء,2.1560201204057483,2.1560201204057483
تحبهم,-2.15571296192671,2.15571296192671
ساكت,2.1541067364818938,2.1541067364818938
نيك مو,2.1539712323912337,2.1539712323912337
ياطحان,2.15391396042415,2.15391396042415
كي انت,2.1539087046033973,2.1539087046033973
كذب,2.1532296182933472,2.1532296182933472
مريضه,2.151967938360337,2.151967938360337
ماليه,-2.151855832847113,2.151855832847113
تعهم,-2.151600647195536,2.151600647195536
ياكل,2.1510785492689632,2.1510785492689632
نييك,2.1509366346844145,2.1509366346844145
نسمع سولكينغ,2.150920515623872,2.150920515623872
بدون تخريب,-2.1508614627298077,2.1508614627298077
يا ناس,-2.149431817118311,2.149431817118311
اله تربحك,2.148909789838843,2.148909789838843
افتحو,-2.148835317761959,2.148835317761959
التحقيق,-2.14879452147681,2.14879452147681
قتلوه,-2.14706552353257,2.14706552353257
ياك,-2.147064556706201,2.147064556706201
ولد قدور,-2.146782210007792,2.146782210007792
الكحله,-2.1467252243089905,2.1467252243089905
خانه,2.1461117836679424,2.1461117836679424
دشره,2.145655878265863,2.145655878265863
بالتقسيط,-2.1448367744663894,2.1448367744663894
الزجاج,-2.144189109394556,2.144189109394556
يثبتك,2.14383282993192,2.14383282993192
على حساب,2.1433907235657803,2.1433907235657803
قياده,-2.1432174552468957,2.1432174552468957
السعوديه,2.142032297575419,2.142032297575419
عهد,-2.1414365581430044,2.1414365581430044
ورمضان,2.1414235147688445,2.1414235147688445
الفئه,2.139873522630538,2.139873522630538
تماك,-2.1395617884966245,2.1395617884966245
الوضع,-2.1391538257379126,2.1391538257379126
ولاد ربراب,2.1390553757970436,2.1390553757970436
الادمن,2.1372919342969663,2.1372919342969663
خلا,2.1371557094590106,2.1371557094590106
متى,-2.1366047988834636,2.1366047988834636
سقسي,-2.13657211528758,2.13657211528758
كلنا ربراب,-2.136205479779382,2.136205479779382
الفرق,-2.1359778886997565,2.1359778886997565
افتخر,2.1353557332487676,2.1353557332487676
انجازات,2.134422383401784,2.134422383401784
الشعب ربراب,-2.1343345912007394,2.1343345912007394
محل,-2.1331972843302602,2.1331972843302602
لحمار,2.132233387302275,2.132233387302275
راه المشكل,-2.1307943079921894,2.1307943079921894
تزيد,2.129905312043686,2.129905312043686
ليكم,2.129571935127791,2.129571935127791
قاع يتحاسبو,2.1293996392285686,2.1293996392285686
تهريب,-2.129090233630369,2.129090233630369
تخيل,2.1283022018811772,2.1283022018811772
رياض,-2.1281190358577637,2.1281190358577637
الاخت,-2.1281016356812072,2.1281016356812072
فيهش,2.128009272458534,2.128009272458534
الخطر,-2.1273345113434847,2.1273345113434847
جاورها,-2.1273049309079304,2.1273049309079304
الهاشتاق,-2.1269852500072406,2.1269852500072406
القبايل كي,-2.126418412759578,2.126418412759578
ولا واش,-2.125312524933685,2.125312524933685
الزيتون,2.125266094073307,2.125266094073307
يحكو,2.1249870736180316,2.1249870736180316
حبيت نسقسيك,2.124795800589109,2.124795800589109
تبقي,2.1246454677803626,2.1246454677803626
ماكاش لي,-2.124281158945613,2.124281158945613
منور,-2.1241677008084285,2.1241677008084285
الحلوف,2.1237241897783323,2.1237241897783323
شكون الي,-2.123239436003155,2.123239436003155
الكدب,2.123007085926577,2.123007085926577
حياتي,-2.1223427591019624,2.1223427591019624
ابعث,-2.1219794348883427,2.1219794348883427
او,2.121701634968402,2.121701634968402
تعطيو,2.120886599425604,2.120886599425604
هل من,-2.1204780992062897,2.1204780992062897
نتاعها,-2.1189458320768106,2.1189458320768106
hirak,-2.1184758314529772,2.1184758314529772
ورقه,-2.1184068875295523,2.1184068875295523
تحي,-2.1180406026608387,2.1180406026608387
وراسي,-2.1179742993450774,2.1179742993450774
ntoma,2.117947695405669,2.117947695405669
قلو,2.117600270107419,2.117600270107419
خرجت,-2.117132793297824,2.117132793297824
زيدو,2.1168501153549846,2.1168501153549846
نصف,-2.1162439821361008,2.1162439821361008
ابوني,2.115170573992365,2.115170573992365
حافظوا,-2.1144708009988027,2.1144708009988027
خرجنا,2.1141585844946835,2.1141585844946835
بنينه,-2.1121208386951418,2.1121208386951418
يتكلمو,-2.1117839406108585,2.1117839406108585
يهودي,2.1107902545952095,2.1107902545952095
وحدي,-2.1107884008670497,2.1107884008670497
يلعب,-2.110572833398439,2.110572833398439
يدعم,-2.110369610453027,2.110369610453027
متوفر,-2.1095518857968623,2.1095518857968623
ماهمش,2.1087164374255196,2.1087164374255196
ماتخافش,2.107305329760403,2.107305329760403
تبدلو,2.1065804564738224,2.1065804564738224
تحوس,2.1062696226358493,2.1062696226358493
لبس,-2.105305108981518,2.105305108981518
ولاكن,-2.104935861993326,2.104935861993326
خبر,-2.10490964191311,2.10490964191311
sur,-2.1048622536683133,2.1048622536683133
ياولاد,2.104103296229738,2.104103296229738
الداخليه,-2.1039339111451683,2.1039339111451683
لبنان,2.10373993837954,2.10373993837954
علاقته,2.1028007672875,2.1028007672875
نسي,2.1027642335867682,2.1027642335867682
العدو,-2.102662028949366,2.102662028949366
هاهو,-2.102616512347068,2.102616512347068
لغتك,2.1021171811277153,2.1021171811277153
حطيت,-2.1020369711161973,2.1020369711161973
اليابان,-2.1014427363137265,2.1014427363137265
يباركلك,2.1014047411591905,2.1014047411591905
الميلادي,2.101262724943763,2.101262724943763
تشويه,2.100905470641742,2.100905470641742
كي زبي,2.100574653999984,2.100574653999984
اصلو,2.1000449492922226,2.1000449492922226
تميز,-2.0994038257305996,2.0994038257305996
سورتو,2.0982868090284694,2.0982868090284694
لخرا,2.098131159094475,2.098131159094475
الجنه,-2.0978799369350885,2.0978799369350885
يجي,2.0973358452034616,2.0973358452034616
شحال مليحه,2.097312710525708,2.097312710525708
اصلا,2.0957967192652576,2.0957967192652576
التنفيذ,-2.094928067740443,2.094928067740443
عمري,2.0948239425753252,2.0948239425753252
الجزاءر الجديده,-2.0941506921413056,2.0941506921413056
سياسه اويحي,2.0941497561720537,2.0941497561720537
خليها,2.09392017916312,2.09392017916312
hechon,2.093858865902999,2.093858865902999
بنك,2.093463023964478,2.093463023964478
الانتخابيه,2.0934051666813454,2.0934051666813454
جاد وهبي,-2.0931036634465645,2.0931036634465645
وهبي,-2.0931036634465645,2.0931036634465645
جاد,-2.0931036634465645,2.0931036634465645
حشاكم,2.093024628092253,2.093024628092253
ولايتي,-2.0928259031829253,2.0928259031829253
زرع,2.0917089471362407,2.0917089471362407
نتا تاع,2.0901261040592076,2.0901261040592076
يهمني,2.089886748267852,2.089886748267852
حقهم,-2.0898061534917476,2.0898061534917476
ريحت,-2.0897156727385746,2.0897156727385746
اه يا,2.0888514426843954,2.0888514426843954
لدار,2.0885752729569855,2.0885752729569855
لك,2.088342538857665,2.088342538857665
مالي,-2.088081060365181,2.088081060365181
راني,-2.0879818158834467,2.0879818158834467
12,-2.087597281865598,2.087597281865598
لاحول ولا,2.0867945928568363,2.0867945928568363
فالناس,2.0846905738018675,2.0846905738018675
طاحت,2.0837934955397186,2.0837934955397186
الغرب,-2.0836697008202556,2.0836697008202556
غاليه,2.0834277281568827,2.0834277281568827
يا عطاي,2.083191810929711,2.083191810929711
بصحتهم,-2.0823037197837437,2.0823037197837437
قط,-2.0821686200423524,2.0821686200423524
ياولد,2.081979939305101,2.081979939305101
مسانده,-2.081092224218214,2.081092224218214
مارس,-2.0793474534795804,2.0793474534795804
دير,-2.079202760056189,2.079202760056189
عنصري,2.079139537526537,2.079139537526537
كيفيه,-2.0785210401623666,2.0785210401623666
القانون,-2.0759276217190683,2.0759276217190683
العمله,2.075875545709751,2.075875545709751
تخرجي,2.075738702965023,2.075738702965023
يستجيب,-2.075030791017847,2.075030791017847
فتنه,2.074446505224761,2.074446505224761
شاويه,-2.073913533060548,2.073913533060548
دينار,2.073278370678015,2.073278370678015
الصالح,2.072669151442349,2.072669151442349
بوخرص,-2.072467160378788,2.072467160378788
واقيلا,-2.072356858925143,2.072356858925143
ديدين كلاش,2.0710239372096293,2.0710239372096293
تع شكوبي,2.070908468896829,2.070908468896829
وحدك,2.0708907515579797,2.0708907515579797
يابوصبع,2.07061447289624,2.07061447289624
بالذات,-2.0694966805731747,2.0694966805731747
مفروض,-2.069014358847801,2.069014358847801
فرقه,2.068291847371833,2.068291847371833
تخري,2.067921454217116,2.067921454217116
بالف,-2.067504774896738,2.067504774896738
تفعل,-2.067411708206731,2.067411708206731
فرار,-2.067188931540676,2.067188931540676
عطاولك,2.0665960449542258,2.0665960449542258
يالعصابه,2.0657001674987754,2.0657001674987754
موالفين,2.0646396359381094,2.0646396359381094
القدم,2.0642751801767196,2.0642751801767196
يسلك,-2.064203920963733,2.064203920963733
الوفاق,-2.063993923796578,2.063993923796578
لفرونسي,2.0630318665421172,2.0630318665421172
يرحمهم,-2.062035361137891,2.062035361137891
فاعلون,2.06151795118038,2.06151795118038
يسعد,-2.061348085649853,2.061348085649853
هادو,2.060723623654616,2.060723623654616
التضامن,-2.0602595480091526,2.0602595480091526
مولوديا,2.0601585739526587,2.0601585739526587
نتا وين,-2.0601092452955374,2.0601092452955374
الله,-2.059603839971418,2.059603839971418
والان,2.0595287403500278,2.0595287403500278
رؤوس,2.059433946526262,2.059433946526262
يخلصوهم,2.0592113555631424,2.0592113555631424
الوسواس,2.0591381867912304,2.0591381867912304
رياضيات,2.057599851644722,2.057599851644722
خطيك,-2.0566644551545825,2.0566644551545825
تاكلو,2.056251874575246,2.056251874575246
ليزوم,-2.0555156060067743,2.0555156060067743
يحفظ بلادنا,2.0554090065027397,2.0554090065027397
اعلام,2.0550387033262973,2.0550387033262973
تدافع,2.0544455451533397,2.0544455451533397
لدينا,-2.053986908297788,2.053986908297788
بالخير,2.053329049051174,2.053329049051174
كانو يعملون,2.0532861041305175,2.0532861041305175
ماشاء,-2.053250373216132,2.053250373216132
ساره,-2.052547389695478,2.052547389695478
فقيرا,-2.0522861410905353,2.0522861410905353
افهمه,2.0521072693617546,2.0521072693617546
الوقت,-2.051328698790316,2.051328698790316
يدل,2.050805919060993,2.050805919060993
النسل,-2.050294052618267,2.050294052618267
يجوز,-2.0498680138079495,2.0498680138079495
ليس,2.049852754785479,2.049852754785479
تبون مزور,2.0495413365580317,2.0495413365580317
متوفره,-2.0492854363600204,2.0492854363600204
كرهت,-2.0489096136158578,2.0489096136158578
ونص,-2.048775356275977,2.048775356275977
مسلم,2.047791116285127,2.047791116285127
وسي,2.0476109730202174,2.0476109730202174
ربي يهديك,2.0469360787384208,2.0469360787384208
امكن,-2.046577337303759,2.046577337303759
بقاو,-2.0463240596117145,2.0463240596117145
ثمن,-2.046311319475964,2.046311319475964
مع ربراب,-2.045942564407183,2.045942564407183
جداره,-2.0456927770925066,2.0456927770925066
متضامن,-2.044719112126526,2.044719112126526
سعرها,-2.0446752835226314,2.0446752835226314
لكره,-2.044218559746024,2.044218559746024
عيناني,2.043324601423988,2.043324601423988
تلفزيون,-2.043117825298124,2.043117825298124
الطلبه,-2.0422652122590454,2.0422652122590454
الخل,-2.0418962990241942,2.0418962990241942
زواف,2.041831793128911,2.041831793128911
تصفيات,-2.041586584567491,2.041586584567491
انا لا,2.041268152074473,2.041268152074473
اقسم باله,2.040487022460858,2.040487022460858
شال,2.04043347705588,2.04043347705588
وقعد,2.0401014811977407,2.0401014811977407
فتسعينات,2.0395229943152597,2.0395229943152597
يتفرجو,-2.039509327153714,2.039509327153714
تجبره,2.0389473281052557,2.0389473281052557
خلص,2.038084251380644,2.038084251380644
يعطيكم الصحه,-2.036766109211025,2.036766109211025
شكون لي,-2.0364520715139545,2.0364520715139545
فتح ملفات,-2.0344626162060373,2.0344626162060373
ملفات الفساد,-2.0344626162060373,2.0344626162060373
يثبت,2.03354388185898,2.03354388185898
كلا,2.0335317384853244,2.0335317384853244
يقولو,2.0334247008041246,2.0334247008041246
لفرنسا,2.0332736716793347,2.0332736716793347
تقولي,-2.032249483321839,2.032249483321839
رشيد نكاز,2.0316648434656153,2.0316648434656153
ساكنه,-2.031493378289964,2.031493378289964
الكوشه,-2.0312339621171236,2.0312339621171236
ولد ماكرون,2.030890382576806,2.030890382576806
الاستفسار,-2.0306352655803037,2.0306352655803037
ربراب يا,-2.0303311070797316,2.0303311070797316
اله يهديك,-2.0299720925040745,2.0299720925040745
ذكرت,-2.0297187758428477,2.0297187758428477
na9ch,2.0287961290692236,2.0287961290692236
رابعه ابتدائي,2.027331951368522,2.027331951368522
حادثه,-2.0273101730964065,2.0273101730964065
يهدر,2.026860753412376,2.026860753412376
وتبا,2.025407566535369,2.025407566535369
المصنع,-2.025085792128874,2.025085792128874
مرات,2.0249752087556865,2.0249752087556865
توضيف,2.024846774027436,2.024846774027436
نقدرو,2.024699710351618,2.024699710351618
لي عندك,2.0243392301182364,2.0243392301182364
تدفع,2.0240320084946735,2.0240320084946735
كثره,-2.0238908184643467,2.0238908184643467
الرخص,2.0235556053631147,2.0235556053631147
اتقو اله,2.023167417954315,2.023167417954315
الاغواط,-2.0227738442128715,2.0227738442128715
تغيير,2.022694906288769,2.022694906288769
شبكه,2.0222049002453395,2.0222049002453395
الفعلي,-2.021939370133589,2.021939370133589
سلطه,-2.0219251500733253,2.0219251500733253
حابه,-2.0206586616880404,2.0206586616880404
اشريت,-2.0199341694945754,2.0199341694945754
لص,2.0198293350092302,2.0198293350092302
صحافه العار,2.018338797744102,2.018338797744102
الحر,-2.0167591369767264,2.0167591369767264
مبروك يا,-2.0165761356491942,2.0165761356491942
الحيط,-2.0158210069996794,2.0158210069996794
قل,-2.0154454834200126,2.0154454834200126
اله يذلك,2.0151427192201714,2.0151427192201714
صافي,-2.01444356822865,2.01444356822865
كبير,2.013410463092774,2.013410463092774
وجماعه تحيا,2.0127624930288555,2.0127624930288555
وجماعه,2.0127624930288555,2.0127624930288555
وجوه الشر,2.012475878470311,2.012475878470311
تحذر,2.0116256881392665,2.0116256881392665
فقولك,2.0115154564251236,2.0115154564251236
دوله مدنيه,-2.0107671853857503,2.0107671853857503
المولوديه,-2.0102296525543917,2.0102296525543917
روح تموت,2.009750881713082,2.009750881713082
يبيعه,2.0094318742539685,2.0094318742539685
ولما,2.008876040461236,2.008876040461236
الخبز,-2.008430745048176,2.008430745048176
خاطيني,-2.007767443804448,2.007767443804448
الحمد,-2.007527236828085,2.007527236828085
لك يا,2.0069217253329774,2.0069217253329774
تحياتنا,-2.0063070222892465,2.0063070222892465
توك,2.004575373439359,2.004575373439359
الثلاجه,-2.0037905843939843,2.0037905843939843
ديما عقابهم,2.0035465649213857,2.0035465649213857
جايب,2.0029031897455103,2.0029031897455103
وصفه,-2.002220091533701,2.002220091533701
راهم يقولو,-2.0021589046584336,2.0021589046584336
نفسك,-2.001881876110238,2.001881876110238
ينضح,-2.0018598999818287,2.0018598999818287
الاناء,-2.0018598999818287,2.0018598999818287
نحتشون,2.0018559732266596,2.0018559732266596
النظام العسكري,2.0016359571015543,2.0016359571015543
alf,-2.001628633953238,2.001628633953238
قولو امين,-2.0012765061930624,2.0012765061930624
لي زوالي,2.0010234387358916,2.0010234387358916
قومي,2.0010176095002103,2.0010176095002103
يحاسبو,2.000438183345589,2.000438183345589
لابد,2.000157033587144,2.000157033587144
مبروك مبروك,1.9996109281395924,1.9996109281395924
حسب,-1.9994984530009239,1.9994984530009239
انقش,1.9982948956880733,1.9982948956880733
اعطوني,-1.9982579404692373,1.9982579404692373
عيد,-1.9975534407248823,1.9975534407248823
وفقك,-1.9974486658594524,1.9974486658594524
الجهاد,1.997284407088943,1.997284407088943
الاجتماعي,-1.9966955307235805,1.9966955307235805
دنيا اخره,1.9952873592164067,1.9952873592164067
جايه,-1.9947333790948918,1.9947333790948918
قايد,1.9944925977707761,1.9944925977707761
التوفيق,-1.9943419508838849,1.9943419508838849
لكلام,1.9939643768788164,1.9939643768788164
مضاهرات,-1.9934031686635254,1.9934031686635254
لعلام,-1.9933153092001317,1.9933153092001317
اقول,1.9925988793304426,1.9925988793304426
لاسف,-1.992383968313403,1.992383968313403
غلطت كي,-1.9921044727005737,1.9921044727005737
مدنيه,-1.9914348383371425,1.9914348383371425
شارع,1.9913394743618915,1.9913394743618915
ناس تيزي,1.9903742547136332,1.9903742547136332
ارهابي,1.9892111013454676,1.9892111013454676
تبارك,-1.9890746940940793,1.9890746940940793
يا عمي,-1.9882489528846736,1.9882489528846736
خيار,-1.9880516902408283,1.9880516902408283
rebbi,-1.987821219168755,1.987821219168755
غالي,-1.9878073634826596,1.9878073634826596
الاروبي,-1.9874138390802016,1.9874138390802016
طرف العصابه,1.9874118244528702,1.9874118244528702
كاينه,-1.9871829687468319,1.9871829687468319
ناطحه,-1.9858616666993238,1.9858616666993238
فن,-1.9857746806863228,1.9857746806863228
عاءله,1.9854070888829733,1.9854070888829733
وجده,1.9814755222096745,1.9814755222096745
زيطوط,1.9809446467804381,1.9809446467804381
كروشهم,1.9806738100298975,1.9806738100298975
المهربين,-1.9785451864574073,1.9785451864574073
تطيحي,1.976277850720386,1.976277850720386
انسان,1.97593154342973,1.97593154342973
نتوم,1.9757618009031184,1.9757618009031184
عقده,1.9756169214218255,1.9756169214218255
تقدرو,-1.9749964468422387,1.9749964468422387
منتخب,-1.9749648946436864,1.9749648946436864
الكرسي,-1.9744725167473287,1.9744725167473287
rabi,-1.9734433750893057,1.9734433750893057
صوفيا,1.9732589327892693,1.9732589327892693
دخلنا,-1.9732550369018271,1.9732550369018271
معا القباءل,-1.9729416491264493,1.9729416491264493
جد متعاطف,-1.9729416491264493,1.9729416491264493
خيرلك,1.9721985014582628,1.9721985014582628
كلشي,1.9719413973323867,1.9719413973323867
نزيدو,1.971316769545059,1.971316769545059
زد,1.9705154521173809,1.9705154521173809
عنوانكم,-1.9699951883218636,1.9699951883218636
نقطه بيع,-1.9690346449015186,1.9690346449015186
البسبوسه,-1.9672382060191893,1.9672382060191893
يوجد,-1.9662746141411112,1.9662746141411112
فرنسيه,1.9659032675580745,1.9659032675580745
يتحاسبو قاع,-1.9653017187520814,1.9653017187520814
لاحول باله,1.9643341677867046,1.9643341677867046
نيك امك,-1.963269659577667,1.963269659577667
وانت,1.9631595853396653,1.9631595853396653
خويا امير,-1.96275192777103,1.96275192777103
فر,-1.9623613772507,1.9623613772507
يكن يوما,1.9622435576745876,1.9622435576745876
اللعبه,-1.9622277206504817,1.9622277206504817
الهدره,-1.9621192852095144,1.9621192852095144
بفف,1.9620226630817261,1.9620226630817261
الخري,1.9613036968156061,1.9613036968156061
بحجه دعم,-1.9604257957305355,1.9604257957305355
فعلها,-1.9588507227453054,1.9588507227453054
تهدر برك,1.9584125152722551,1.9584125152722551
عندهم,-1.9578492455212335,1.9578492455212335
mouk,1.9576067597189608,1.9576067597189608
لحم,1.9571944319950367,1.9571944319950367
فلن,1.956912674775626,1.956912674775626
التصميم,-1.9567834142631437,1.9567834142631437
ناكو,1.9562270886314468,1.9562270886314468
وسكر,1.9557265471613883,1.9557265471613883
نتا كنت,1.9556032912602457,1.9556032912602457
rab,-1.955402667527061,1.955402667527061
نخدم,-1.9547883882006643,1.9547883882006643
كذلك,-1.9546486322068533,1.9546486322068533
اختفي,1.9536463972779075,1.9536463972779075
الله يذلكم,1.9535041965497597,1.9535041965497597
زيت,-1.9525979329252838,1.9525979329252838
ياخي الكريم,-1.95252740497346,1.95252740497346
شرعي,1.9519039363502824,1.9519039363502824
شواكرو,1.9517935754110232,1.9517935754110232
تعرفو,1.9517934962182608,1.9517934962182608
وش تحب,-1.951762796209078,1.951762796209078
لي راه,1.9509082644511697,1.9509082644511697
القافله,-1.9508743573591767,1.9508743573591767
نولو,-1.9506245496595036,1.9506245496595036
تاع الصح,-1.9505567802118076,1.9505567802118076
تطبق,1.9504838516159433,1.9504838516159433
الله يرحمهم,-1.9499048203588543,1.9499048203588543
يعود,-1.9494604786820893,1.9494604786820893
اتقوا,-1.9494126355103687,1.9494126355103687
كلهم,1.9492261578426802,1.9492261578426802
عليك,1.9488658083271613,1.9488658083271613
عيب,1.9480966475554649,1.9480966475554649
القرار,1.9471906186225565,1.9471906186225565
كتبت,-1.947059468695964,1.947059468695964
اعطني,-1.9466599446798978,1.9466599446798978
خافي,1.9465176232139625,1.9465176232139625
نطالب,-1.9450952886706374,1.9450952886706374
مقدرتش,1.9441663517639165,1.9441663517639165
اليه,-1.9426943683379243,1.9426943683379243
قستها,-1.9426312257905909,1.9426312257905909
احكم,1.9420303052053753,1.9420303052053753
قاوي,1.9420174624433013,1.9420174624433013
جاتك,-1.9418892361035232,1.9418892361035232
اختي,-1.941388995599005,1.941388995599005
شكام,1.94083886871911,1.94083886871911
اليمين,-1.939651043112015,1.939651043112015
عدل,1.939460554491942,1.939460554491942
وشي,-1.9393141597682755,1.9393141597682755
رسميا,1.9390206961160266,1.9390206961160266
يخرجون,1.9388958445681823,1.9388958445681823
الوحيد لي,-1.9385265026552465,1.9385265026552465
بالباركه,-1.937656071716972,1.937656071716972
whd,1.9375569912372421,1.9375569912372421
انتظر,-1.9372071186250088,1.9372071186250088
يكم,-1.9371564890791206,1.9371564890791206
الطيب,-1.9369845822958454,1.9369845822958454
لامريكا,1.9363522148195853,1.9363522148195853
يركب,1.936150844076132,1.936150844076132
تمثيل,1.9358982649078142,1.9358982649078142
ولا واحد,-1.9354858703351336,1.9354858703351336
تحصل,1.9351109921597296,1.9351109921597296
قبرو,1.9345422516419482,1.9345422516419482
وخوها,1.9345045443795095,1.9345045443795095
فظلكم,-1.9339661785871396,1.9339661785871396
بلا مزيه,-1.9338893992093595,1.9338893992093595
يرحمها,-1.9336272657933966,1.9336272657933966
فضلك,-1.9334497862964992,1.9334497862964992
حجر,1.9334201464430512,1.9334201464430512
لعشيه,-1.9329967077252435,1.9329967077252435
مجرم,1.9325813677306243,1.9325813677306243
lah,-1.9322669485283663,1.9322669485283663
دواء,1.9322490341016765,1.9322490341016765
ولم,1.9315327451193125,1.9315327451193125
سكان,-1.9312607903509156,1.9312607903509156
ابناء الجزاءر,1.9310817663116133,1.9310817663116133
ضحك,-1.9308124991963882,1.9308124991963882
هذوك,-1.9303890012126614,1.9303890012126614
ختي,-1.9302126548549763,1.9302126548549763
نساء,1.9296278165677685,1.9296278165677685
المشكله,1.9289470810213105,1.9289470810213105
الحراك الشعبي,-1.9288888059073772,1.9288888059073772
مغاربه,1.9286135047660171,1.9286135047660171
شعب معاك,-1.928237532215375,1.928237532215375
الضربه,-1.9270996685168948,1.9270996685168948
قبل,1.926760244913843,1.926760244913843
وفرنسا,-1.9254445217668001,1.9254445217668001
اشحال,-1.9236904180974617,1.9236904180974617
فهمت,-1.9231501282463204,1.9231501282463204
الكيان,-1.9230178547831918,1.9230178547831918
اصلح,1.9224906272932853,1.9224906272932853
سبحانو,-1.9219717072083171,1.9219717072083171
هوا,1.92160601693481,1.92160601693481
صلاح,-1.9215741179811248,1.9215741179811248
يحب,1.9214518920817922,1.9214518920817922
علم,1.9213772679603633,1.9213772679603633
دائما,-1.920757577410109,1.920757577410109
ماتقدرش,-1.9206371114347307,1.9206371114347307
دمك,1.9206167889347172,1.9206167889347172
عنها,-1.9199431522615038,1.9199431522615038
اشفي,-1.9184481695041002,1.9184481695041002
بقا,-1.9181559605772018,1.9181559605772018
خير من,1.9181372367579332,1.9181372367579332
الامانه,-1.9177431263315488,1.9177431263315488
خوه,-1.9176657174993257,1.9176657174993257
معندي,-1.9176473415895818,1.9176473415895818
شعر,1.9172255675302083,1.9172255675302083
طايحه,1.9169581369882576,1.9169581369882576
قالمه,-1.9169484873657179,1.9169484873657179
ابعثولنا,-1.916817748132927,1.916817748132927
حثاله,1.9166762825996564,1.9166762825996564
تشري,-1.9166223934226991,1.9166223934226991
استاد,-1.915167191665948,1.915167191665948
لوخرين,1.9150446542816715,1.9150446542816715
ايليو,-1.9129127899025944,1.9129127899025944
المنشور,1.9128345460579312,1.9128345460579312
الامازيغيه,1.9120087606069507,1.9120087606069507
الزيت السكر,1.911985575592169,1.911985575592169
سمانه,1.9113930033927533,1.9113930033927533
تتكلم,1.9113083046968384,1.9113083046968384
توضيح,-1.9112736423959262,1.9112736423959262
منطقه,-1.9110310811696967,1.9110310811696967
تبقى,1.9108499009501188,1.9108499009501188
يرحلو قاع,1.9105061211996481,1.9105061211996481
يرحلو,1.9105061211996481,1.9105061211996481
يولد,-1.910351155504465,1.910351155504465
alik,1.9084225611262413,1.9084225611262413
الشعب لي,-1.9076149403030604,1.9076149403030604
هاد,1.9073189107798474,1.9073189107798474
حشون,1.9056171963966448,1.9056171963966448
من المفروض,-1.9055658034130136,1.9055658034130136
يحل,1.9050847954437664,1.9050847954437664
ويدك,1.9048242322856166,1.9048242322856166
في وجه,-1.9040675183568407,1.9040675183568407
العين,-1.9038600342735386,1.9038600342735386
يدخلو,1.9036802016284329,1.9036802016284329
rah,-1.9036442357115098,1.9036442357115098
رزقه,-1.9024024619284923,1.9024024619284923
الدير,-1.9020376512039692,1.9020376512039692
بما,1.9018776999477767,1.9018776999477767
نتا باين,1.9013889866750184,1.9013889866750184
الصبر,-1.90128138530171,1.90128138530171
dawla,-1.9009823888623083,1.9009823888623083
ينتحر,1.9009747061015603,1.9009747061015603
يسقط النضام,-1.9000105396668958,1.9000105396668958
تخدم فاليتيمه,-1.8998530461842982,1.8998530461842982
بدا,-1.8997602747499167,1.8997602747499167
ابدا,1.897840494709562,1.897840494709562
يلحقش لعنب,1.8978216911747585,1.8978216911747585
يحبش,1.8977926234474163,1.8977926234474163
مراكش,1.8977423907586666,1.8977423907586666
تصفيه حسابات,1.8970191025735754,1.8970191025735754
الجياحه,1.8968500650555167,1.8968500650555167
بلي بوتفليقه,-1.8967049511901757,1.8967049511901757
الاسد,-1.8963202638144847,1.8963202638144847
السرقه,1.8961682089585459,1.8961682089585459
مالك,1.896098284894893,1.896098284894893
الاسوء,-1.895889258830323,1.895889258830323
المرتزقه,-1.8944477219961604,1.8944477219961604
الحاكمه,1.8943992636475717,1.8943992636475717
معروفه,1.893927005297524,1.893927005297524
الاستهلاكي,-1.8936032868688701,1.8936032868688701
اكتر,-1.8934038183335435,1.8934038183335435
الخ,1.8929914649155004,1.8929914649155004
كتابه,1.892120074267855,1.892120074267855
جات في,1.8920185964685978,1.8920185964685978
واش يصرا,1.8919731492765712,1.8919731492765712
المدعو,1.8917046628904401,1.8917046628904401
طريق,-1.8913149767092476,1.8913149767092476
اطيب,-1.8910317277837063,1.8910317277837063
خريطه,-1.890158615191518,1.890158615191518
يجيك,1.8888389890741282,1.8888389890741282
ربراب رجل,-1.888175828836018,1.888175828836018
الجيش راهم,1.8876502011809615,1.8876502011809615
نسيت القايد,-1.887374474196902,1.887374474196902
قال تعالى,-1.8870761523745094,1.8870761523745094
واويحي,-1.8869816261578851,1.8869816261578851
مغلطتش,-1.886561816050066,1.886561816050066
جليل,-1.8855877705259028,1.8855877705259028
hata,1.8846457137856516,1.8846457137856516
بو صبع,1.8846406707171293,1.8846406707171293
تقريبا,-1.8843659117761424,1.8843659117761424
بيناتنا,-1.883945371408508,1.883945371408508
الحمدالله,-1.8838187859892144,1.8838187859892144
خافي ربي,1.8832468978653027,1.8832468978653027
اخر,1.8829422495805346,1.8829422495805346
وحده,-1.8824493476609472,1.8824493476609472
الجديد,-1.8821385476816879,1.8821385476816879
فارغه,-1.8815625042727393,1.8815625042727393
الجبال,-1.8813789834040986,1.8813789834040986
لاجل المال,1.8812845741841004,1.8812845741841004
صحاب,-1.881106948498549,1.881106948498549
النجاح,-1.8808657177956432,1.8808657177956432
مكنش,-1.8797765035052396,1.8797765035052396
البالون,1.879563401191092,1.879563401191092
ياكلو,1.8782639801371892,1.8782639801371892
اله يهديكم,-1.8781400470889271,1.8781400470889271
ياناس,-1.8776970379010718,1.8776970379010718
koulchi,-1.8754180137361087,1.8754180137361087
يستاهلو,1.8742269217568517,1.8742269217568517
الانهيار,-1.8735096968997202,1.8735096968997202
يعطيه,1.8732862533792924,1.8732862533792924
جزائريه,-1.8731142039030078,1.8731142039030078
الخاين طالح,1.872526318393256,1.872526318393256
يشفي,-1.8724600668097802,1.8724600668097802
خليفه,-1.8721487311311142,1.8721487311311142
رمي,-1.8710786043112821,1.8710786043112821
مجراه,-1.8710221538047795,1.8710221538047795
ياخذ مجراه,-1.8710221538047795,1.8710221538047795
وجهو,1.870586832643663,1.870586832643663
وجعك,1.8705703842051673,1.8705703842051673
ملبسه,1.8704266658785418,1.8704266658785418
امان,-1.870387277754337,1.870387277754337
مبروك لعقوبه,-1.869931079478314,1.869931079478314
الدينار,-1.8693972126418206,1.8693972126418206
نحتاج,-1.8677277413137803,1.8677277413137803
نضام,1.8674912139031643,1.8674912139031643
لكي,-1.8662950471019895,1.8662950471019895
مدينه ماشي,1.8649117686762178,1.8649117686762178
ارخس,1.8644413635879944,1.8644413635879944
المجتمعات,-1.8639343433161888,1.8639343433161888
ترحب,1.8628483769695476,1.8628483769695476
معلومات,-1.8617120330802084,1.8617120330802084
تحركنا,-1.8614215820434716,1.8614215820434716
زاد,-1.8612461748325846,1.8612461748325846
تاريخ,1.861078799677841,1.861078799677841
لكل,-1.8603261932157533,1.8603261932157533
يتفرج,1.8591556481571039,1.8591556481571039
عمك,-1.8586737763903516,1.8586737763903516
والمشكل,1.8586044290089374,1.8586044290089374
chkoun,-1.85859592364375,1.85859592364375
تظهر,-1.857505022616511,1.857505022616511
ماعندهمش,1.8572504359741213,1.8572504359741213
السلام,-1.8563914691623924,1.8563914691623924
بلادك,1.856382915170559,1.856382915170559
ام,-1.8560595985667467,1.8560595985667467
نتاع الخليج,1.8557216827721794,1.8557216827721794
ya admin,-1.855029350566049,1.855029350566049
الى كل,1.8548810679501866,1.8548810679501866
لربراب,1.854751271312099,1.854751271312099
امراه,-1.854639299243397,1.854639299243397
اعراض الناس,1.8541212463646823,1.8541212463646823
خاير,1.8537798819337918,1.8537798819337918
اولادكم,1.8535445395184176,1.8535445395184176
اخطيك,1.8528796988072818,1.8528796988072818
ليا,-1.8528666147274977,1.8528666147274977
هذي فتنه,1.8527009709219602,1.8527009709219602
فيك يا,1.8522415231705138,1.8522415231705138
فيلم,-1.8519366686985108,1.8519366686985108
عائله,1.8513476868091503,1.8513476868091503
لعنكم,1.8508860737055515,1.8508860737055515
كفر,1.8508386057130324,1.8508386057130324
الجامعات,-1.8506746267701122,1.8506746267701122
اجمعين,-1.8495594872803491,1.8495594872803491
فوبيا,-1.8487101499696463,1.8487101499696463
تع شريف,1.84784005940364,1.84784005940364
الدليل,-1.8465873459935414,1.8465873459935414
هاذي هي,-1.8460735972671727,1.8460735972671727
كل شر,1.8460708056897657,1.8460708056897657
لانه,1.8456892122900652,1.8456892122900652
يم,-1.8454650235314234,1.8454650235314234
بسم,-1.8449708002048433,1.8449708002048433
وطنيه ماشي,-1.8446815254368634,1.8446815254368634
دوله وطنيه,-1.8446815254368634,1.8446815254368634
amir dz,1.8437360346348313,1.8437360346348313
لمولوديه,1.8430714742004664,1.8430714742004664
المستضعفين,-1.8430001099149846,1.8430001099149846
بالمختصر المفيد,1.8428485936118306,1.8428485936118306
يجيب الخير,1.8417789767715673,1.8417789767715673
نسقسيكم,-1.841165376453936,1.841165376453936
ترضي,1.8404901508187193,1.8404901508187193
كيفك,1.840383499685567,1.840383499685567
على الدوله,1.8400848466121509,1.8400848466121509
رجع,1.8391156226203047,1.8391156226203047
الكامله,1.8389808902456408,1.8389808902456408
بخير,-1.838859264520855,1.838859264520855
نسيت,-1.838657029990529,1.838657029990529
معطوب راجل,1.8385144709495942,1.8385144709495942
كل خطره,1.8384401420126093,1.8384401420126093
اليك,-1.8381045118503538,1.8381045118503538
دراهم لي,1.8377218129990622,1.8377218129990622
دماء,1.837400798484409,1.837400798484409
حدث,-1.8372827399486689,1.8372827399486689
2019,1.8371796071751312,1.8371796071751312
سوء,-1.8365247897639891,1.8365247897639891
يسلمك,-1.8362690602203255,1.8362690602203255
الوعود الكاذبه,1.8350529973727108,1.8350529973727108
kol,-1.8346898072259714,1.8346898072259714
كاس جي,-1.8341355171563214,1.8341355171563214
يمكر,-1.8337007517187383,1.8337007517187383
فوتنا,-1.833483513142598,1.833483513142598
محمد صلاح,1.833231908968061,1.833231908968061
الحراك,-1.8327001539254728,1.8327001539254728
روح امك,1.8325819642179035,1.8325819642179035
الحاله,-1.8321953774705877,1.8321953774705877
الدم,1.831580492549395,1.831580492549395
رجعو,1.8311283480568812,1.8311283480568812
بالاحرار,1.830729472893828,1.830729472893828
صبع,1.8302582168534753,1.8302582168534753
سكيكده,-1.8296815886731732,1.8296815886731732
bla,1.829321470101445,1.829321470101445
ترفع يدها,1.8291497390839648,1.8291497390839648
الغله,1.8288779760911904,1.8288779760911904
طز,1.8286431270564605,1.8286431270564605
فرونسا,1.8281491159805767,1.8281491159805767
من النجاحات,-1.8278690076838244,1.8278690076838244
وثيقه,1.8277483640030454,1.8277483640030454
الجانب,1.8270260926180137,1.8270260926180137
انعم,-1.8263466868849134,1.8263466868849134
عسكريه,-1.8262506869295907,1.8262506869295907
عس,1.8259458367472223,1.8259458367472223
تاعك,1.8250301676068392,1.8250301676068392
الجيش الجزاءري,1.8245232425907878,1.8245232425907878
تقاطع,1.823638505901205,1.823638505901205
شيئ,1.8236323444343618,1.8236323444343618
متعاطف,-1.8228019416324788,1.8228019416324788
المناسب,1.8215720377941411,1.8215720377941411
يحكمو,1.8213668247125079,1.8213668247125079
كيلو سكر,1.8213200851769884,1.8213200851769884
مقلي,-1.8212617001950386,1.8212617001950386
ندخل,-1.820905394898517,1.820905394898517
الواقع,-1.8207067674790876,1.8207067674790876
معطوبين,-1.820607307652086,1.820607307652086
معطوبين الجيش,-1.820607307652086,1.820607307652086
امانه,-1.8204934149950562,1.8204934149950562
الوم,1.8204219432376114,1.8204219432376114
هدوك قوم,1.8201723934210785,1.8201723934210785
حبيت,-1.8199505259488227,1.8199505259488227
لي خرج,1.819886481438336,1.819886481438336
كون جيتي,1.8198846638815134,1.8198846638815134
زيدلها,-1.816869685007024,1.816869685007024
المستوى,1.8158707588534295,1.8158707588534295
كان من,-1.8154485007858676,1.8154485007858676
الهزات,-1.815163585254885,1.815163585254885
بدايه,-1.8149037293697972,1.8149037293697972
اللص,1.8145488938094219,1.8145488938094219
تديش الصح,-1.8145146619127333,1.8145146619127333
تديش,-1.8145146619127333,1.8145146619127333
طاءره,-1.8141267587215177,1.8141267587215177
الحاكم,-1.813707621845989,1.813707621845989
المنتجات,-1.8132470341097695,1.8132470341097695
العافيه,1.8131370262376805,1.8131370262376805
مولوديه ويدك,1.8128979272082415,1.8128979272082415
تحب,-1.812813894532931,1.812813894532931
وين وصل,1.8119783508595142,1.8119783508595142
حد,1.8117414457613703,1.8117414457613703
ديرلهم,-1.8111991137789452,1.8111991137789452
روحو تعطو,1.8111977478026031,1.8111977478026031
الاطباء,1.8111827042647735,1.8111827042647735
انقرضو,1.8108910592132896,1.8108910592132896
يستثمر,-1.810889182090588,1.810889182090588
كونت,1.8108275843430663,1.8108275843430663
اسطوري,-1.810584854580282,1.810584854580282
يستغلوها,1.8105731361107824,1.8105731361107824
الام,-1.8101205953178248,1.8101205953178248
يطالبون باطلاق,-1.8099225218049664,1.8099225218049664
الامنيه,-1.8094547433626755,1.8094547433626755
شء,-1.8091314888485601,1.8091314888485601
وطنيه,-1.8091296970695627,1.8091296970695627
دستور,-1.80880236937558,1.80880236937558
ps,1.8087977426193882,1.8087977426193882
متضامن مع,-1.8086800681811894,1.8086800681811894
نحسبو,-1.8078689157782795,1.8078689157782795
العصابات,1.8073614732757095,1.8073614732757095
kayna,-1.8063358377429353,1.8063358377429353
تعترف,1.8062638400119158,1.8062638400119158
كلاب فرنسا,1.806000575362271,1.806000575362271
عمرها,1.8054742600971174,1.8054742600971174
rak,1.8050418417924752,1.8050418417924752
افضل لعبه,-1.804209819682726,1.804209819682726
نبينا,1.8038727782098132,1.8038727782098132
نبينا محمد,1.8038727782098132,1.8038727782098132
الشلف,-1.8036602633240295,1.8036602633240295
نهبو,1.8034863440428242,1.8034863440428242
يديها,1.803383991002572,1.803383991002572
يجيبوك,-1.8031731593268374,1.8031731593268374
باتم,1.8029162933622307,1.8029162933622307
اله يذلكم,1.8026367513127326,1.8026367513127326
وجماعته,1.8022280530128407,1.8022280530128407
franca,1.8008405147762334,1.8008405147762334
استفزاز,1.799947992113524,1.799947992113524
سنوات,1.7998929452818755,1.7998929452818755
مشارك,1.7998167228932418,1.7998167228932418
الشعب ان,-1.79921309194156,1.79921309194156
العامه,-1.799077818867972,1.799077818867972
الفيديو,1.7986942523413803,1.7986942523413803
وبعدها,1.798327050371951,1.798327050371951
باباك يا,1.7980183210010992,1.7980183210010992
وهران,-1.7972727410900247,1.7972727410900247
نظيف,-1.796823641884968,1.796823641884968
مند,1.7965524403808242,1.7965524403808242
موجه,-1.7963856991458507,1.7963856991458507
ننتظر,-1.7960214529701366,1.7960214529701366
فايق,-1.7958828432800678,1.7958828432800678
تجيبلك,1.7951275960791173,1.7951275960791173
الخامج,1.7945900952644036,1.7945900952644036
ماضي,1.794573390920872,1.794573390920872
الخام,-1.7935014427528089,1.7935014427528089
وزاره,1.793455597739317,1.793455597739317
المنتوج,-1.7933631224387647,1.7933631224387647
بالمختصر,1.7922238810513205,1.7922238810513205
الماركه,1.7921058206583451,1.7921058206583451
درك,-1.7914722874036226,1.7914722874036226
عارف,1.791067364900429,1.791067364900429
ربراب هو,1.7909426992450466,1.7909426992450466
تحيا ربراب,-1.79040955288336,1.79040955288336
بكري,-1.7900261966280684,1.7900261966280684
la page,1.7899893507361937,1.7899893507361937
وشكيب,-1.7894007109611323,1.7894007109611323
يسيبورتي,1.7890941287548376,1.7890941287548376
مازلت,1.789055713373707,1.789055713373707
البلطجيه,1.788938985252918,1.788938985252918
الخراب,1.788171952796423,1.788171952796423
خي,1.7879729805813949,1.7879729805813949
شفت,-1.7879187226454296,1.7879187226454296
خويا لعزيز,-1.7875393895829093,1.7875393895829093
شريته,-1.7875384618423336,1.7875384618423336
يهرب,-1.7873339545089935,1.7873339545089935
قجال,-1.7866894733220064,1.7866894733220064
مرض,-1.7862985557422066,1.7862985557422066
حاجه فيهم,-1.7861751140655626,1.7861751140655626
وعندما,1.7861017228325375,1.7861017228325375
الفردوس,1.7859145696601817,1.7859145696601817
وجاهله,1.78591263912402,1.78591263912402
تع,1.785892372704327,1.785892372704327
زنقه,-1.7858792679988005,1.7858792679988005
الكلبه,1.7858179174680249,1.7858179174680249
غيرو,-1.7857997335094133,1.7857997335094133
قلبك,1.7857300780754872,1.7857300780754872
الجنسيه,1.785702836302093,1.785702836302093
قلك,1.7853518559126378,1.7853518559126378
rkhis,1.7847182384673754,1.7847182384673754
منه,-1.7845013449840514,1.7845013449840514
خبزتكم,-1.7835132678047108,1.7835132678047108
يخلصو,-1.7834803885067045,1.7834803885067045
الزطله,1.7830180076085935,1.7830180076085935
واحده,-1.7822726790331442,1.7822726790331442
جزائر,-1.781165584829179,1.781165584829179
لحبس,-1.781014628191285,1.781014628191285
خلقت ربي,-1.7809274965086708,1.7809274965086708
خلقت,-1.7809274965086708,1.7809274965086708
ولي يحوس,-1.7808973084198008,1.7808973084198008
عدم,-1.7801917716065436,1.7801917716065436
اخبار,-1.7799491980582745,1.7799491980582745
فرونسي,1.7797115970848025,1.7797115970848025
شروط,1.7793320431355386,1.7793320431355386
لفريت,1.7786294636226339,1.7786294636226339
تسكن,1.7778098658180748,1.7778098658180748
وصل,1.7776909828431244,1.7776909828431244
في بالك,1.7775782236497983,1.7775782236497983
الولد,-1.7768405061317283,1.7768405061317283
hbb,-1.7767237819420716,1.7767237819420716
التجار,1.7758962696102008,1.7758962696102008
تقني,-1.7754633642756732,1.7754633642756732
افكاره,1.775222065636721,1.775222065636721
دخل العنصريه,-1.7748856825350001,1.7748856825350001
يسمي,-1.774810424968609,1.774810424968609
تلبس,1.7744524935053796,1.7744524935053796
من الكذب,-1.7744467687076788,1.7744467687076788
انا,-1.7739375472326302,1.7739375472326302
من الشعب,-1.7737866614298212,1.7737866614298212
لباباك,1.7737743343562489,1.7737743343562489
البندقيه,1.773685963966615,1.773685963966615
شوف,1.7731032125180788,1.7731032125180788
النور,-1.7730035516201195,1.7730035516201195
يمكني,-1.7729395696770616,1.7729395696770616
باس,1.7726260961907843,1.7726260961907843
وكامل,-1.772400075834993,1.772400075834993
حامض,-1.7723039357555765,1.7723039357555765
نت,1.7722586906264735,1.7722586906264735
عالي,-1.7722394454374701,1.7722394454374701
يحيا,-1.7714842919670832,1.7714842919670832
زوج دورو,1.7708606208445188,1.7708606208445188
طويل,-1.770771169331017,1.770771169331017
قالو,-1.7707439124348319,1.7707439124348319
لي دار,-1.7702730967183447,1.7702730967183447
كامل في,-1.7702000581933597,1.7702000581933597
رايس,-1.7699864668201262,1.7699864668201262
ومبعد,1.7698808625407925,1.7698808625407925
شا,-1.7698657576187335,1.7698657576187335
الترمه,1.769848502137522,1.769848502137522
pnl,-1.7684405924893425,1.7684405924893425
بالبيض يا,1.7681354335200867,1.7681354335200867
وتدفن,1.767980252461569,1.767980252461569
يسكتوهم,-1.767675169351595,1.767675169351595
يعدكم,-1.7664754928301467,1.7664754928301467
سرقوا,-1.7653269217258345,1.7653269217258345
وافتخر,-1.7652788684075065,1.7652788684075065
مي تلقاه,1.7647081447232362,1.7647081447232362
لعرب,-1.7646182670355868,1.7646182670355868
اديداس,-1.7642288673897921,1.7642288673897921
يديرو,1.7641807466650368,1.7641807466650368
عشاء,-1.7638877744778756,1.7638877744778756
دول,-1.76366907617017,1.76366907617017
خدامين,-1.763652723091422,1.763652723091422
الاموال المنهوبه,-1.7636282666714838,1.7636282666714838
نرزقكم,-1.7630392374754147,1.7630392374754147
جديد,-1.7629315480565306,1.7629315480565306
الفوق,-1.76278463798595,1.76278463798595
لدرجه,1.7618819883483625,1.7618819883483625
قلي,-1.7615970261651661,1.7615970261651661
الاخر,-1.7608423832975628,1.7608423832975628
ارحلوا ارحلوا,-1.7603215240933658,1.7603215240933658
لا يوجد,-1.7592397180560182,1.7592397180560182
يمكنني,-1.758402193416519,1.758402193416519
اشياء,-1.7576378973453648,1.7576378973453648
هايل,-1.7574485315735526,1.7574485315735526
اصول قباءليه,-1.7567491840371008,1.7567491840371008
اصول,-1.7567491840371008,1.7567491840371008
صاحب,1.756611430293179,1.756611430293179
زيت سكر,1.755848463288405,1.755848463288405
نحب,-1.7558403305606038,1.7558403305606038
واش قودك,1.755534888433739,1.755534888433739
في كاش,1.7552901586725973,1.7552901586725973
حياه,1.7549266438377116,1.7549266438377116
قدرت,-1.7543086891293849,1.7543086891293849
يلبي,-1.753368251323421,1.753368251323421
ورخيس,1.7531875915357122,1.7531875915357122
صدقوني,1.7528546515835393,1.7528546515835393
ملك,1.752662033143247,1.752662033143247
اكبر شعب,-1.7521277040860344,1.7521277040860344
شياطين,-1.7515160894754347,1.7515160894754347
يكن,1.751336541564036,1.751336541564036
يربحو,1.7512638896755013,1.7512638896755013
nti,1.7508592264565368,1.7508592264565368
العفن,1.7493998523069336,1.7493998523069336
رجال الاعمال,1.7492936547756348,1.7492936547756348
toi,1.7485534955556357,1.7485534955556357
الامر,-1.7485194421934949,1.7485194421934949
الجهاز,1.74845725701359,1.74845725701359
المغاربه,-1.7483477031295107,1.7483477031295107
لبيع,-1.748035872231047,1.748035872231047
عليك خونا,1.7466220428349628,1.7466220428349628
be,-1.7465469048856017,1.7465469048856017
ومزال,-1.7461433650100129,1.7461433650100129
وباباك,1.745863627143126,1.745863627143126
اهدر كي,1.7456344930549808,1.7456344930549808
الزامل,1.744936993741894,1.744936993741894
ثروه ربراب,1.7447448059364892,1.7447448059364892
بناء,-1.7445506049515171,1.7445506049515171
يا القهوي,1.7440510344406255,1.7440510344406255
مادام,1.744023584317621,1.744023584317621
مر,1.742528109256055,1.742528109256055
جد,1.7421703298098288,1.7421703298098288
جامعه,-1.7419305003519194,1.7419305003519194
استاذنا الفاضل,-1.7413128015763464,1.7413128015763464
يروح يعطي,1.7411342048745644,1.7411342048745644
kbira 3lik,1.740743566917941,1.740743566917941
الجنسيه الفرنسيه,-1.7406415790509824,1.7406415790509824
تحيا الجيش,-1.7396586621131451,1.7396586621131451
يا احرار,-1.7393969154997821,1.7393969154997821
رواحهم,1.7386005813425272,1.7386005813425272
الصيف,-1.7380840025397069,1.7380840025397069
طالب,1.738054351338167,1.738054351338167
الرد,-1.7379356550529081,1.7379356550529081
غلط يخلص,-1.7379046999679433,1.7379046999679433
محكمه,1.737225071816026,1.737225071816026
السماح,-1.7371561809583231,1.7371561809583231
دخله,1.736759050669045,1.736759050669045
جيل,1.7362250333650708,1.7362250333650708
الشعارات,-1.7360148508054718,1.7360148508054718
يارخيس,1.7358776859623748,1.7358776859623748
نصيحه,1.7355043978924882,1.7355043978924882
كتاب,-1.735390524136288,1.735390524136288
تاعنا,1.7349572281080088,1.7349572281080088
يالمكعب,1.73485537020712,1.73485537020712
تدافعون,-1.734688035688987,1.734688035688987
غايه,-1.7333447248904386,1.7333447248904386
انتم,1.7328462276511576,1.7328462276511576
ثقه,-1.7327217292086625,1.7327217292086625
تقوم,1.7323919591754073,1.7323919591754073
تاع ربراب,1.732273051452719,1.732273051452719
النقش,1.7310519191167055,1.7310519191167055
الاراضي,-1.7304720460919538,1.7304720460919538
ااه,1.7302186522779393,1.7302186522779393
وامير,-1.7301427403642642,1.7301427403642642
كليب,1.7300033413037363,1.7300033413037363
ou,1.7298830441825943,1.7298830441825943
اهلا,-1.729716256828461,1.729716256828461
ول,1.7295290673502715,1.7295290673502715
كون,1.7289752590605285,1.7289752590605285
القمر,-1.7286668221448342,1.7286668221448342
تسما نتا,-1.7279648898769298,1.7279648898769298
القيل,-1.7279562609156283,1.7279562609156283
اسعد,-1.726830099583963,1.726830099583963
لي يقول,1.72599676307869,1.72599676307869
سينو,1.7254820067263066,1.7254820067263066
مقلتش,1.7254163503778466,1.7254163503778466
الاصبع الازرق,1.7253296240778018,1.7253296240778018
مالغري,1.7252083143742754,1.7252083143742754
خصاره,1.7251749219331278,1.7251749219331278
الحريره,-1.724583631520691,1.724583631520691
او في,-1.7242520829799102,1.7242520829799102
ربي يكون,1.7241659840586532,1.7241659840586532
الاحرار اينما,-1.7231096235377474,1.7231096235377474
علما,-1.7220578628778773,1.7220578628778773
كلش,-1.7220430673675373,1.7220430673675373
في مكان,1.721528000500281,1.721528000500281
الله الله,-1.7201593036555232,1.7201593036555232
الف مبرووك,-1.7179021274358701,1.7179021274358701
اولاد لحرام,1.7178260961297622,1.7178260961297622
احوالكم,-1.7174081629573965,1.7174081629573965
باتنه,-1.717388736455702,1.717388736455702
السراق,1.716553319949149,1.716553319949149
omelette,-1.7164227452928604,1.7164227452928604
اليم,-1.7163717630708313,1.7163717630708313
beli,1.7147184232457824,1.7147184232457824
وسوف,1.7146207334735004,1.7146207334735004
نلقاك,1.7145204095823032,1.7145204095823032
اسود,1.7136925833382723,1.7136925833382723
بالسلاح,-1.713489204076464,1.713489204076464
تعس,1.7130710495132166,1.7130710495132166
اعراس,-1.7124401915703948,1.7124401915703948
الريزو,-1.711882743901515,1.711882743901515
غلط,1.7118357596128555,1.7118357596128555
نستناو,-1.7112045523186743,1.7112045523186743
يحصلو,-1.710986657644521,1.710986657644521
المعبد,-1.7103376980769829,1.7103376980769829
البلد,1.7097911528505096,1.7097911528505096
انها,-1.709489769564483,1.709489769564483
جديده,-1.7089778786134118,1.7089778786134118
لاني,-1.7083573157336756,1.7083573157336756
كملوها,-1.70790190580363,1.70790190580363
منتوج,-1.7069481396779365,1.7069481396779365
تريد,-1.7059717804802859,1.7059717804802859
مهامه,-1.705580248774333,1.705580248774333
نسقسيك,-1.7050049420048767,1.7050049420048767
معناها,-1.7043395247760071,1.7043395247760071
استهدوا,-1.7042709732163057,1.7042709732163057
لصالح,1.7041498137477527,1.7041498137477527
معروف,1.7040676133555692,1.7040676133555692
الحمير لي,1.7031920841135837,1.7031920841135837
ذرك,-1.7029703262938651,1.7029703262938651
تدمير,-1.702429883762477,1.702429883762477
محبش,-1.7013376677816747,1.7013376677816747
برلمان,-1.7012319776025833,1.7012319776025833
لندن,-1.701011147573069,1.701011147573069
نتظر,-1.7009671018024404,1.7009671018024404
قاع رانا,-1.7003770572139523,1.7003770572139523
ربراب او,1.6998947897011032,1.6998947897011032
تلحق,-1.6998838334140185,1.6998838334140185
يا فريت,1.6987999486748437,1.6987999486748437
التراث,-1.698623875812834,1.698623875812834
الرابط,-1.6969299298182026,1.6969299298182026
rouh,1.6969196723986901,1.6969196723986901
مراه,1.6966914511123399,1.6966914511123399
دخلكم,-1.696639632040384,1.696639632040384
المالي,-1.696471174631913,1.696471174631913
الزب,1.696138719824589,1.696138719824589
العصابه راهي,-1.6957039575035877,1.6957039575035877
اوروبا,-1.6955451266501487,1.6955451266501487
التاريخ الميلادي,1.6948213277206368,1.6948213277206368
شنو,1.6934025506926134,1.6934025506926134
جابلي,-1.6933849306472601,1.6933849306472601
تنوض,-1.6929505603942263,1.6929505603942263
تكسر,-1.692766063549035,1.692766063549035
البرلمان,1.6926546062095846,1.6926546062095846
ملياردار,-1.692263757082132,1.692263757082132
الضمان,-1.6917061890647485,1.6917061890647485
يوفقك,-1.6917041226229428,1.6917041226229428
خايف,1.6915479229314536,1.6915479229314536
الخريه,1.6909342649304535,1.6909342649304535
كيف كيف,1.690788947381058,1.690788947381058
هاي,-1.68990629311294,1.68990629311294
اهدر,1.6897770509769736,1.6897770509769736
انشاء,-1.6893957592234554,1.6893957592234554
كان في,-1.6893482568624023,1.6893482568624023
تمثل,1.6892652295828166,1.6892652295828166
وفضلاتها,1.6885859022582128,1.6885859022582128
في الله,1.6885738056375155,1.6885738056375155
توجيه,1.6884271385608196,1.6884271385608196
اعطولي,-1.687938672317586,1.687938672317586
اكبر لص,1.6878840175917074,1.6878840175917074
كيما يقول,-1.6870092904473954,1.6870092904473954
تكن,1.6865606772823984,1.6865606772823984
اله الاحرار,-1.6864395883975014,1.6864395883975014
الاستاذ,-1.686232462605759,1.686232462605759
يروحو,-1.6860487881119177,1.6860487881119177
مخبارات ارهابيه,1.6860107472310115,1.6860107472310115
عاجل,-1.6859170081732344,1.6859170081732344
بالون,1.685687214382584,1.685687214382584
يحبو,-1.685453640173797,1.685453640173797
على واش,-1.685353597827575,1.685353597827575
لي,1.6852104900339981,1.6852104900339981
للحراك,-1.684902207961073,1.684902207961073
مكلاه,1.684864063022554,1.684864063022554
هدو,1.6847784702431834,1.6847784702431834
حديث,-1.6846695833977272,1.6846695833977272
الله عز,-1.6843836580344849,1.6843836580344849
ليها,1.684122040720451,1.684122040720451
باينه تكمل,-1.6838004485922349,1.6838004485922349
تاع الجهويه,1.6833867109186698,1.6833867109186698
ناكلو,1.6833420393913885,1.6833420393913885
تمدولي,-1.683279571607272,1.683279571607272
ان هذا,1.6828399239717797,1.6828399239717797
منطقه القبائل,-1.6828036313769976,1.6828036313769976
هادوك,1.682526430929672,1.682526430929672
اعمارنا,-1.682227938667016,1.682227938667016
لافي,1.680517364373575,1.680517364373575
اغنيه,-1.6804586569775597,1.6804586569775597
بالي,-1.6802191573958507,1.6802191573958507
خونا امير,1.6796920476690569,1.6796920476690569
الشارع,-1.679645379986595,1.679645379986595
الجزائر,-1.6786422660763145,1.6786422660763145
الزوجه,-1.678371821367088,1.678371821367088
ساكن,-1.6779621412193395,1.6779621412193395
لحظه,1.6778982978063655,1.6778982978063655
العبه,-1.6778927475030867,1.6778927475030867
وا,-1.6778149158613014,1.6778149158613014
الشيات,1.6772305198398958,1.6772305198398958
تنكر,-1.6771132134665776,1.6771132134665776
الادمين,1.6769836196145325,1.6769836196145325
يشرب,-1.6766971111468028,1.6766971111468028
ميزاجوغ,-1.676493256404964,1.676493256404964
ينصرو,1.6764847302954637,1.6764847302954637
يو,-1.6759932160151896,1.6759932160151896
السعر,-1.6759726281080989,1.6759726281080989
كي جات,1.6757840964504398,1.6757840964504398
تخرب,1.6752321996431256,1.6752321996431256
رانا عايشين,-1.6751970027027097,1.6751970027027097
امسح,1.6748382229215133,1.6748382229215133
وش,1.67414871521392,1.67414871521392
البوتفليقي,-1.673981026374867,1.673981026374867
يهيجو,1.6728093316416446,1.6728093316416446
نك,1.6723053402243404,1.6723053402243404
البوليس,-1.6719046844895518,1.6719046844895518
اله تعالي,1.6702637266870317,1.6702637266870317
وتزيد,1.6696333208040137,1.6696333208040137
رجله,1.6690507700767445,1.6690507700767445
طزز,1.6690210296304944,1.6690210296304944
يجيني,1.66879219657802,1.66879219657802
اطفال,-1.6685505524084931,1.6685505524084931
مالقري,1.6677260224128656,1.6677260224128656
جماعه وجده,-1.6675318437642457,1.6675318437642457
hada,1.6672816602124227,1.6672816602124227
كاين عباد,-1.6666495120505174,1.6666495120505174
اعداء الوطن,-1.6665365513031833,1.6665365513031833
اله عز,-1.6661834283901418,1.6661834283901418
الله العظيم,-1.6661719978079752,1.6661719978079752
نكملو,1.6660265504245928,1.6660265504245928
نعرفوه,1.6659758538385279,1.6659758538385279
الجميل,1.6659651279238101,1.6659651279238101
كي درت,-1.665891684120785,1.665891684120785
غاضو,-1.6657370582056827,1.6657370582056827
صحيحا,-1.665236261695217,1.665236261695217
rakom,1.6651124824670283,1.6651124824670283
الوطن,-1.664528541381066,1.664528541381066
بشكل,-1.6644180697915427,1.6644180697915427
ولدي,-1.6637850167607862,1.6637850167607862
يا ولدي,-1.6637850167607862,1.6637850167607862
بنه,-1.6633060759046243,1.6633060759046243
ندير لي,-1.6630152335060997,1.6630152335060997
فيقو,-1.662516099130758,1.662516099130758
حرام عليكم,-1.6619188722580969,1.6619188722580969
يسخن,-1.661381717854166,1.661381717854166
الحقره,1.6611052472877212,1.6611052472877212
في ترمتك,1.6593750946119699,1.6593750946119699
تاع فتنه,1.6593040472769751,1.6593040472769751
جام,-1.6574988274424296,1.6574988274424296
العميد,-1.6573865868434505,1.6573865868434505
حاكم,1.6573545453343461,1.6573545453343461
كي,1.6558231757963005,1.6558231757963005
250,-1.655656285395532,1.655656285395532
ترفع,1.655644466981854,1.655644466981854
مكه,1.6555017482996786,1.6555017482996786
تبوون,-1.65510039049018,1.65510039049018
درت الفتنه,-1.654942019927666,1.654942019927666
امك الطاهره,1.6544051354905513,1.6544051354905513
تحمل,-1.6538232941419067,1.6538232941419067
ملاير,1.6520643043403183,1.6520643043403183
هادا وين,-1.6516620188859858,1.6516620188859858
rani,1.6501409983402788,1.6501409983402788
لتوفيق,1.6500979071629602,1.6500979071629602
جات,-1.6498965104350332,1.6498965104350332
تع شكبي,1.6495319935351156,1.6495319935351156
الذهب,-1.6494581513078257,1.6494581513078257
كونيناف,-1.6493843341005283,1.6493843341005283
ياسر,1.6490601263564042,1.6490601263564042
مجتمع,-1.6490530490698938,1.6490530490698938
تفوه عليك,1.6487524434305845,1.6487524434305845
مبعد,-1.6486092468344573,1.6486092468344573
على الشعب,1.6485524988398146,1.6485524988398146
اله عليهم,1.6478743082367118,1.6478743082367118
خلو,-1.6472011570257679,1.6472011570257679
مابين,1.6470264063601945,1.6470264063601945
ابيك,1.646965626795042,1.646965626795042
ياربراب,-1.6466426891672936,1.6466426891672936
وحدها,-1.6464158092505756,1.6464158092505756
وانتي,1.6461393459276075,1.6461393459276075
باه,1.6453464926266883,1.6453464926266883
قالك,1.6449364760824605,1.6449364760824605
نتاع الصح,-1.644701480089436,1.644701480089436
بيتران,-1.6440841488698865,1.6440841488698865
وذلك,-1.6439024358634804,1.6439024358634804
يا كعبه,1.6433951486350549,1.6433951486350549
هو الله,-1.6430897015272077,1.6430897015272077
تقدير,1.6429783870687726,1.6429783870687726
شوفت,-1.6429721862475,1.6429721862475
خاوتك,-1.6429619870152448,1.6429619870152448
لمزيد,-1.6428156919111143,1.6428156919111143
بحجه,1.6426419666628491,1.6426419666628491
اقراو,-1.6422559969102477,1.6422559969102477
حياكم الله,-1.6420753695413943,1.6420753695413943
روح قود,1.6420734660903216,1.6420734660903216
الصعبه,-1.6416656494091204,1.6416656494091204
مازالو,1.6412390495186067,1.6412390495186067
القبائل,1.6410637052850368,1.6410637052850368
ترتاح,1.6410599955243095,1.6410599955243095
ياكلوا,-1.6406891568267084,1.6406891568267084
نفسا,-1.6401547580699525,1.6401547580699525
تشوفو,1.639854669137768,1.639854669137768
bel,1.6395719134046858,1.6395719134046858
حسيت,-1.6383952720139385,1.6383952720139385
انجب,-1.638263688290589,1.638263688290589
يستر,-1.63762554908512,1.63762554908512
يستحق,1.6375185598911084,1.6375185598911084
يطلع,1.637175727076739,1.637175727076739
كم,-1.6362329840358982,1.6362329840358982
الثقوب,-1.6354373470823684,1.6354373470823684
كارطه,-1.6353683042705331,1.6353683042705331
ابيض,-1.6352531337942848,1.6352531337942848
الرذيله,1.6347310948129616,1.6347310948129616
مازدا,1.6345778741631176,1.6345778741631176
يشري,1.6332564473913158,1.6332564473913158
وطيح,1.6332500162681003,1.6332500162681003
الله الاحرار,-1.633092278360265,1.633092278360265
جماعه لي,1.6327475223084633,1.6327475223084633
كلي,-1.6311331032807637,1.6311331032807637
فري,-1.6310367233874385,1.6310367233874385
شنقريحه,1.6300282020515393,1.6300282020515393
بابلو,-1.6299077299248503,1.6299077299248503
يا استاذ,1.629834658446185,1.629834658446185
نقدر نشري,1.6289906465195583,1.6289906465195583
يرحم يماك,1.6278476945003137,1.6278476945003137
الحره,-1.6278359083180474,1.6278359083180474
الصوره,-1.6274425442222857,1.6274425442222857
معا,1.6274303256224887,1.6274303256224887
الاموال,1.627397437811404,1.627397437811404
الانس,1.6266428532494168,1.6266428532494168
تخفيضات,-1.6266121596749092,1.6266121596749092
معيش,-1.6264497358668664,1.6264497358668664
تاع,1.6263724599816938,1.6263724599816938
ينيكوك,1.6259457247613194,1.6259457247613194
يسهل,-1.6257339898206529,1.6257339898206529
توبي,1.6256780769325025,1.6256780769325025
روحي توبي,1.6256780769325025,1.6256780769325025
بيض,-1.625544342910847,1.625544342910847
ولا والو,-1.6251134449021882,1.6251134449021882
كنت صغير,-1.6248926139883089,1.6248926139883089
على روحك,1.62411503418587,1.62411503418587
مابقاش,-1.6238531509059786,1.6238531509059786
ريح,1.6238091930052536,1.6238091930052536
المولوتوف,-1.6237079380711625,1.6237079380711625
يا حر,-1.6236610905291293,1.6236610905291293
هنيءا,-1.6232248960402733,1.6232248960402733
الكلب لي,1.6225883601647253,1.6225883601647253
الانديه,1.6224295974765794,1.6224295974765794
فدار,1.622339092000446,1.622339092000446
علاش راك,-1.622310982535669,1.622310982535669
الاشكال,1.622167759894109,1.622167759894109
ولقبايل,-1.6220969206565559,1.6220969206565559
وهدر,1.6220438597633902,1.6220438597633902
واياهم,-1.6219033765536433,1.6219033765536433
نرزقكم واياهم,-1.6219033765536433,1.6219033765536433
العثمانيه,-1.6215530263927194,1.6215530263927194
الفرماج,-1.620741055130993,1.620741055130993
الشعبيه,-1.6197927308568356,1.6197927308568356
عمار غول,1.6191357514851075,1.6191357514851075
ثوره,-1.6187953747843278,1.6187953747843278
علاش غاضهم,-1.6187224565685663,1.6187224565685663
العبيد علاش,-1.6187224565685663,1.6187224565685663
جالهم,-1.6187224565685663,1.6187224565685663
جالهم العبيد,-1.6187224565685663,1.6187224565685663
تعيو,1.618539963048292,1.618539963048292
تهمه الارهاب,-1.6173861430058394,1.6173861430058394
الله والله,1.6172695394093064,1.6172695394093064
الانترنت,-1.617112752368051,1.617112752368051
لعصابه,1.6168534790261666,1.6168534790261666
خيرك,1.6162832540920282,1.6162832540920282
واحد من,1.616048735082779,1.616048735082779
وخلي,-1.6159324333220095,1.6159324333220095
غردايه,-1.6158155777807912,1.6158155777807912
ارسلت,-1.6156881868784265,1.6156881868784265
برا,-1.6154955942552713,1.6154955942552713
صالحي,1.6153723696594475,1.6153723696594475
نعيمه صالحي,1.6153723696594475,1.6153723696594475
تكونوا,1.6151661539575008,1.6151661539575008
الرسميه,-1.614942120765481,1.614942120765481
مجرد,1.6148448845324384,1.6148448845324384
ضريبيه,1.6144635859755245,1.6144635859755245
ضغط,-1.6138679936999756,1.6138679936999756
الروسيه,1.6135088299078626,1.6135088299078626
فرح,-1.6128564552902431,1.6128564552902431
الهاويه,-1.6121838080810877,1.6121838080810877
تنهار,-1.6121464603501923,1.6121464603501923
يطيحو,1.6120034236199186,1.6120034236199186
بالكم,1.6119708099974388,1.6119708099974388
داخل,-1.6114725985244942,1.6114725985244942
الفقراء,1.6113602832397094,1.6113602832397094
المخدرات,-1.6106151678911074,1.6106151678911074
مكانه,1.6096950378788217,1.6096950378788217
يرجي,-1.6091390849624874,1.6091390849624874
والوا,1.6088814277759929,1.6088814277759929
بيد,-1.6086604953065984,1.6086604953065984
يسخف,1.6083443098871506,1.6083443098871506
انضمو,-1.6079937792802208,1.6079937792802208
الجسر,1.6079866252011121,1.6079866252011121
يستطيع,1.6070469476721891,1.6070469476721891
هاداك,1.606752740028868,1.606752740028868
نعبدو ربي,-1.6059048136097527,1.6059048136097527
بربي,1.6058508598353283,1.6058508598353283
العيش,-1.6057971257375643,1.6057971257375643
لا لا,-1.6056033604107556,1.6056033604107556
ربراب اكبر,1.6055500759895298,1.6055500759895298
العدل,-1.6047189011245757,1.6047189011245757
مدار,-1.6046954345336224,1.6046954345336224
الاورو,1.604596454250147,1.604596454250147
جيت,1.604501434048096,1.604501434048096
حمد,-1.6042416569309585,1.6042416569309585
وتعرف,1.6040995247921233,1.6040995247921233
قلب,-1.6039942104773588,1.6039942104773588
الضاله,1.6037534653198862,1.6037534653198862
يحطونا,1.6034392238407917,1.6034392238407917
fi,1.603301632488806,1.603301632488806
يتبعوك,1.6032544700177929,1.6032544700177929
وينعل,1.6032180401525211,1.6032180401525211
بلادو,1.60315282375173,1.60315282375173
ياوجه,1.6024637787045162,1.6024637787045162
زجاج,1.6021727313350926,1.6021727313350926
وبي,1.6018334150630877,1.6018334150630877
معتوب,1.601275697553831,1.601275697553831
قديم,1.601187427448833,1.601187427448833
بالف خير,-1.6007676381198668,1.6007676381198668
دراهم الشعب,1.6006258292753837,1.6006258292753837
تركد خويا,1.6003746677568906,1.6003746677568906
روح تركد,1.6003746677568906,1.6003746677568906
تركد,1.6003746677568906,1.6003746677568906
لانك,1.600231220563012,1.600231220563012
يستاهل,-1.599714998437434,1.599714998437434
راني معاك,1.5993415481878441,1.5993415481878441
الحمقي,1.5986763523232108,1.5986763523232108
جدك,-1.5986172880895329,1.5986172880895329
وكي,1.5984792891641924,1.5984792891641924
تحريض,1.5984766357707998,1.5984766357707998
خاوا,1.5978829973405921,1.5978829973405921
غيره,1.5974805944692185,1.5974805944692185
واي,1.597181288256307,1.597181288256307
كدب,1.5971535691857748,1.5971535691857748
بطل,1.5966563402901255,1.5966563402901255
منين,-1.5963982195106272,1.5963982195106272
بصحتكم,-1.5962413010216345,1.5962413010216345
في الواقع,1.596012086346785,1.596012086346785
بالعمليه,-1.5953829883290385,1.5953829883290385
الفواتير,-1.5951354171314025,1.5951354171314025
تان,1.5943724745434886,1.5943724745434886
يموت,1.5940483413347426,1.5940483413347426
سبحانه,1.5937210930416896,1.5937210930416896
الحاجه الوحيده,-1.593000670496212,1.593000670496212
الوحيده,-1.593000670496212,1.593000670496212
فحله,-1.5925262241839462,1.5925262241839462
الحزن,-1.5920673848724225,1.5920673848724225
راس,1.5919815190183162,1.5919815190183162
بين الشعب,1.5915857637657744,1.5915857637657744
صفحه,1.5914553667039792,1.5914553667039792
روحو,1.5912472287546673,1.5912472287546673
اله ينعل,1.590984900744967,1.590984900744967
الهند الصين,-1.590656718047891,1.590656718047891
ثانيه,-1.5901157716638779,1.5901157716638779
كنا,1.5897713033833807,1.5897713033833807
القمه,-1.5897510943402904,1.5897510943402904
شاوي امازيغي,1.5896905969957351,1.5896905969957351
تعارض,1.5888505146852538,1.5888505146852538
يا شكوبي,1.5884550241798936,1.5884550241798936
ثلاجه,-1.5884512591904956,1.5884512591904956
دافع,1.587948637006729,1.587948637006729
كاين بزاف,1.5875260257759833,1.5875260257759833
تحكم,1.587222366154216,1.587222366154216
ذبحوا الشعب,1.5870647146475416,1.5870647146475416
ذبحوا,1.5870647146475416,1.5870647146475416
نواحي,1.5865942242245663,1.5865942242245663
الحمقي مشاهير,1.5861131489793117,1.5861131489793117
وكاس,1.5859348379737863,1.5859348379737863
لاكن,1.5850606353967873,1.5850606353967873
الجزايرين,1.5845317032767872,1.5845317032767872
اصبحت معدوده,1.5845111445534126,1.5845111445534126
مكين,1.5843758995728323,1.5843758995728323
بواش,-1.5843460739794115,1.5843460739794115
خوك,1.5828787672320277,1.5828787672320277
شمس,1.5828761035357908,1.5828761035357908
كيما نتا,1.5828271196187542,1.5828271196187542
تكبر,-1.5828004471480197,1.5828004471480197
يهاجمون,1.5824418169263017,1.5824418169263017
tahdar,1.5819427871290692,1.5819427871290692
رح,-1.581400831364334,1.581400831364334
تندمو,1.5808033281995106,1.5808033281995106
البريد,-1.5807588724612052,1.5807588724612052
نشري,-1.5794121680035986,1.5794121680035986
نظام ارهابي,1.5782437477885431,1.5782437477885431
عرفتي,1.5779046214862527,1.5779046214862527
حقو,-1.5773953529550153,1.5773953529550153
وسكر لمده,1.577191884126642,1.577191884126642
الدزاير,-1.5766871325601581,1.5766871325601581
وشرف,1.576468688312728,1.576468688312728
بكم,-1.576332572547448,1.576332572547448
التعبير,-1.5758448718070581,1.5758448718070581
هخ,1.575822624201565,1.575822624201565
الحمله الانتخابيه,-1.5757590389059868,1.5757590389059868
منطقه القباءل,-1.575740482179718,1.575740482179718
حصل,1.5748525658614159,1.5748525658614159
كونيناف ربراب,-1.5746359161491703,1.5746359161491703
الخزينه,1.5745439816108535,1.5745439816108535
اشري,-1.574455559720638,1.574455559720638
والشعب,1.5742984746366753,1.5742984746366753
شيء اخر,-1.574263253194861,1.574263253194861
سيدنا محمد,-1.573952773206071,1.573952773206071
سبور,1.5735759977385992,1.5735759977385992
شكون اللي,-1.5723388604167834,1.5723388604167834
استري روحك,1.5718171037825397,1.5718171037825397
استري,1.5718171037825397,1.5718171037825397
الحسد,1.5715214467145961,1.5715214467145961
كنتش,-1.5702125560810638,1.5702125560810638
عده,-1.5700989068223377,1.5700989068223377
ذهب,-1.5699704022982512,1.5699704022982512
لي يسمع,-1.5694785961946263,1.5694785961946263
شيطانكم,1.5693829210024464,1.5693829210024464
ليه,-1.5693502101714436,1.5693502101714436
من شر,1.5684054395390863,1.5684054395390863
تتحمل,-1.568241838977654,1.568241838977654
نلبس,-1.567622152826686,1.567622152826686
خطوات,1.5676107558042784,1.5676107558042784
الثالثه,1.5670393211485243,1.5670393211485243
قلبكم,1.5669080015081676,1.5669080015081676
اميين,-1.566780926369524,1.566780926369524
تغني,1.56630519552318,1.56630519552318
له,-1.5652134289969986,1.5652134289969986
سمير,-1.5644849195348633,1.5644849195348633
دين,1.5644339261351867,1.5644339261351867
ميزان,1.5643108388816527,1.5643108388816527
قواده,-1.564261427993133,1.564261427993133
حياكم اله,-1.5634975278786207,1.5634975278786207
رفع اليد,1.5634867834044335,1.5634867834044335
اورو,1.5634713797167932,1.5634713797167932
الصدور,-1.563154531896318,1.563154531896318
كبش,1.5630486687911171,1.5630486687911171
انواع,-1.5630233103336173,1.5630233103336173
يازيطوط,1.5623893668267461,1.5623893668267461
مستمر,-1.5618117566659209,1.5618117566659209
كل شي,-1.5617923220151193,1.5617923220151193
bik,1.561562875071383,1.561562875071383
البترول,1.5613630004435732,1.5613630004435732
انتخبت,-1.5609503578246315,1.5609503578246315
سيدهم السعيد,1.5599380511291474,1.5599380511291474
من فضلكم,-1.5598759384212904,1.5598759384212904
الرئيس,-1.559743401400992,1.559743401400992
تناضل,1.5596925694739823,1.5596925694739823
ابكي,-1.559346239540033,1.559346239540033
نري,1.5586620803873819,1.5586620803873819
فهناك,-1.5586067998333861,1.5586067998333861
الاخ,-1.5584008323378664,1.5584008323378664
ويمكر,1.5578831729107183,1.5578831729107183
بشر,-1.5577918939436401,1.5577918939436401
ريح طاح,-1.556958203988916,1.556958203988916
chab,1.5569312774612054,1.5569312774612054
اون,-1.556834214720305,1.556834214720305
امنوا,-1.5564352754285369,1.5564352754285369
تنفس,-1.5564248910146494,1.5564248910146494
اعترف,1.5554549541945721,1.5554549541945721
فتعليقات,-1.5548731521520285,1.5548731521520285
الفقاقير,1.5548604645279316,1.5548604645279316
توجع,-1.5548319558148407,1.5548319558148407
معاشات,-1.5546480152582531,1.5546480152582531
اقسم بالله,1.5546420006749841,1.5546420006749841
والكذب,1.554353485188697,1.554353485188697
ولينا,1.55425076528509,1.55425076528509
املات بالبيض,-1.5540371561001156,1.5540371561001156
اقل,-1.5534650970550916,1.5534650970550916
لي غاضهم,-1.5533850745615718,1.5533850745615718
الدجاج,-1.5531842656791413,1.5531842656791413
امر,-1.5517090936064428,1.5517090936064428
تجيب تفاعل,-1.5516814699559205,1.5516814699559205
قالي,-1.5512774830348959,1.5512774830348959
تحكي,1.5501533157054141,1.5501533157054141
نوع,-1.5498349573953882,1.5498349573953882
مذكرات,-1.549770378572898,1.549770378572898
عروض,1.549027488708717,1.549027488708717
نفس الوقت,1.5471617283030237,1.5471617283030237
حلو,1.547156891163685,1.547156891163685
وكمل,-1.5469653992059489,1.5469653992059489
حدود,-1.5466248376274734,1.5466248376274734
مدنيه ماشي,-1.5465960724630425,1.5465960724630425
الواد,1.546182713175498,1.546182713175498
عاده,-1.5461243663908444,1.5461243663908444
بنين,-1.5458888004255005,1.5458888004255005
باباه,1.5455090654468002,1.5455090654468002
un,1.5454159286575841,1.5454159286575841
اي,-1.5452118249006073,1.5452118249006073
وتشوف,1.5450601538368047,1.5450601538368047
سعيده,1.5450070901249198,1.5450070901249198
بنادم,1.5449962672055715,1.5449962672055715
chkon,-1.544969524517704,1.544969524517704
هم من,1.5449547002916908,1.5449547002916908
الله يهديكم,-1.5441318192674442,1.5441318192674442
باش تسمع,1.543408375486586,1.543408375486586
عندي,-1.5428242345951262,1.5428242345951262
الفتنه بين,1.5426106050786403,1.5426106050786403
يرحم معطوب,-1.5425398834615314,1.5425398834615314
الربح,-1.5425011039996692,1.5425011039996692
ياكل النمل,-1.5424943453878488,1.5424943453878488
كم انت,1.5422826617970051,1.5422826617970051
في الفتنه,-1.5411671720082993,1.5411671720082993
ولعقوبه,-1.5401493492783835,1.5401493492783835
تستاهل خير,-1.5399612760306223,1.5399612760306223
راك حاب,1.539390768174375,1.539390768174375
الملاير,-1.5386203687526898,1.5386203687526898
باتري,-1.5381060711918584,1.5381060711918584
عمو,1.5380210808761583,1.5380210808761583
وكريم طابو,1.5378616914611547,1.5378616914611547
ضربه,-1.5372819572858671,1.5372819572858671
نتمني,1.5368259522463508,1.5368259522463508
كل شيء,1.536805394713134,1.536805394713134
قلبو,1.5363682279687148,1.5363682279687148
كلبك,1.535871175624417,1.535871175624417
جوع كلبك,1.535871175624417,1.535871175624417
يا الذباب,1.5356330599489432,1.5356330599489432
تزوجو,-1.5352760136259322,1.5352760136259322
المصريون,-1.5351959768209194,1.5351959768209194
تزيدو,-1.534569817340317,1.534569817340317
رسمي,-1.5338910800455423,1.5338910800455423
تخريب,-1.5337983754243452,1.5337983754243452
صحا فطوركم,-1.5331815515560268,1.5331815515560268
يطالبون,-1.5313596933748288,1.5313596933748288
في الشعب,-1.53118138574164,1.53118138574164
حشون يماك,1.5304984095823937,1.5304984095823937
يسقط حكم,1.5303543268433806,1.5303543268433806
يخرج الجيش,-1.5297332313470489,1.5297332313470489
يا سيدي,1.5291368288508533,1.5291368288508533
تقطع,1.5290123391152848,1.5290123391152848
حوست,-1.5286942667962489,1.5286942667962489
سومه,-1.5285589060560303,1.5285589060560303
من يخرج,-1.5279914695603074,1.5279914695603074
يوفق,-1.5277155799253028,1.5277155799253028
عارف بلي,1.5271359084795941,1.5271359084795941
رانا نستناو,-1.527077655382609,1.527077655382609
وطنا,1.526766040817065,1.526766040817065
القرن,-1.5247744258862173,1.5247744258862173
راهوا,-1.5243555883907847,1.5243555883907847
الفاسد,1.524288930166753,1.524288930166753
الخدمه المعنيه,-1.523403614845544,1.523403614845544
البلاد ربي,-1.5228679939865,1.5228679939865
للفتنه,-1.5226715666236164,1.5226715666236164
اروح,1.5223188380385413,1.5223188380385413
عبله,1.5219448207665398,1.5219448207665398
لصوص,1.521421904526788,1.521421904526788
العجب,-1.5208209141436295,1.5208209141436295
وكل شيء,-1.519895071310374,1.519895071310374
يخرج,-1.5197724083754403,1.5197724083754403
حق,-1.5197576916548852,1.5197576916548852
مطالبهم,-1.5185944799901527,1.5185944799901527
قنوات العار,-1.5181118604048474,1.5181118604048474
الجفاف,1.5180930570843203,1.5180930570843203
خلونا,-1.5178154458816013,1.5178154458816013
رضا,1.5164924819296803,1.5164924819296803
انت راك,-1.5163040365548897,1.5163040365548897
نستفسر,-1.516263755255161,1.516263755255161
جايك,1.51619241495808,1.51619241495808
شعار,-1.5160565410867173,1.5160565410867173
غايبه,-1.5153997300143394,1.5153997300143394
امشي,1.5150985625786693,1.5150985625786693
ديالك,1.5150404217685698,1.5150404217685698
قوادين,1.5133560286070102,1.5133560286070102
اويحي,-1.5131100676677505,1.5131100676677505
باعوا,1.512490415072979,1.512490415072979
تشرشل,1.512490415072979,1.512490415072979
المال بيعت,1.512490415072979,1.512490415072979
بيعت,1.512490415072979,1.512490415072979
كيما انت,1.5113841655285751,1.5113841655285751
الشعب الجزائري,-1.5111114443840863,1.5111114443840863
عمار,1.5107446827777662,1.5107446827777662
kabyle,1.5105482061926576,1.5105482061926576
الاحتكار,-1.5103865658002216,1.5103865658002216
الصراحه,-1.5100014975139158,1.5100014975139158
المسؤوليه,-1.509918092065034,1.509918092065034
قدر,1.5098080160158553,1.5098080160158553
يعمل,1.5097247527141344,1.5097247527141344
مصطفي,-1.5094360715999715,1.5094360715999715
ردكم,-1.5094075173096901,1.5094075173096901
مول الخانه,1.5090923403699372,1.5090923403699372
توكل,-1.5090298872116183,1.5090298872116183
روحي استري,1.508649598341605,1.508649598341605
برواحكم,1.5082882057119413,1.5082882057119413
انها الحقيقه,-1.5079084527507953,1.5079084527507953
اعطيني وجهك,1.5078250676083007,1.5078250676083007
القبايل العرب,-1.5072303974902983,1.5072303974902983
تستهل,-1.5065588597580584,1.5065588597580584
الغربيه,-1.5064054454229276,1.5064054454229276
ليس من,1.505581756458711,1.505581756458711
ونيك,1.5055252787653186,1.5055252787653186
الوكيل فيهم,1.5049234350384362,1.5049234350384362
يخسرلك الجهاز,1.5036171076378735,1.5036171076378735
والقواده باطل,1.502942678207906,1.502942678207906
الهزان,1.502942678207906,1.502942678207906
بالمعلوم والقواده,1.502942678207906,1.502942678207906
بالمعلوم,1.502942678207906,1.502942678207906
الهزان بالمعلوم,1.502942678207906,1.502942678207906
والسعر,-1.5028295707604575,1.5028295707604575
بقره,1.5024331684309271,1.5024331684309271
الحراقه,1.502067557226842,1.502067557226842
نعبد,-1.5020549253246873,1.5020549253246873
ملايين,-1.5020251307625654,1.5020251307625654
جده,-1.501779785435216,1.501779785435216
المحليه,-1.5014419288314937,1.5014419288314937
الجنسيات يا,1.5009055026926383,1.5009055026926383
الجنسيات,1.5009055026926383,1.5009055026926383
علامات,-1.5003745745017625,1.5003745745017625
منيتك,-1.50007214664424,1.50007214664424
الرزاق,-1.4978348450652574,1.4978348450652574
العلامه,1.4972777384057352,1.4972777384057352
خيار الناس,-1.4970514803350663,1.4970514803350663
تخدموا,-1.4968148805925783,1.4968148805925783
ذراري,1.496814187545416,1.496814187545416
ربي وكيلهم,1.4965003356123967,1.4965003356123967
يقوي,1.496296735637724,1.496296735637724
الجندي,-1.495629326041837,1.495629326041837
قولي,-1.4952545459020103,1.4952545459020103
التلفزيون,1.494793944405689,1.494793944405689
صح,-1.4942300706160532,1.4942300706160532
معامن,1.4940627201712178,1.4940627201712178
زياده,-1.494040124947141,1.494040124947141
اولا,-1.4935326640965925,1.4935326640965925
تفوق,-1.4931467263073797,1.4931467263073797
تحدث,-1.4926933830693256,1.4926933830693256
يولو,-1.492550777318364,1.492550777318364
يتزوج,1.4924853094881547,1.4924853094881547
فهمتش,-1.492331733871946,1.492331733871946
فكيف,1.491429177531262,1.491429177531262
لي قال,-1.4913444800601732,1.4913444800601732
بالجزاءر,-1.4911559156039609,1.4911559156039609
المعطوبين,1.4910666098470005,1.4910666098470005
حط,-1.4906073415914625,1.4906073415914625
ونتا واش,1.490359154317327,1.490359154317327
اخوتنا,-1.4902415963421112,1.4902415963421112
فالبلاد,1.490138894692698,1.490138894692698
عبد,1.4896240393088258,1.4896240393088258
مرتك,1.4895913440764226,1.4895913440764226
الاخضر,-1.4893934391915724,1.4893934391915724
الاحرار دوله,-1.4891351075389536,1.4891351075389536
يحيا تبون,1.4888344234723712,1.4888344234723712
لايك,-1.4887365284734635,1.4887365284734635
بن شيخ,1.4886597282408656,1.4886597282408656
قولنا,-1.4884964228978614,1.4884964228978614
اعطيوني,-1.4879178006272633,1.4879178006272633
ضدو,1.487320901433883,1.487320901433883
ايت,1.48691485641154,1.48691485641154
قضاء,-1.4866719947204239,1.4866719947204239
ya zebi,1.4865623809813566,1.4865623809813566
لدى,1.4862844442848016,1.4862844442848016
لقبائل,-1.4861175963805129,1.4861175963805129
الماصو,-1.4850096296892836,1.4850096296892836
تبعو,1.4849763418787272,1.4849763418787272
يدافعو,1.4846904128213985,1.4846904128213985
ربنا,-1.4842375091789546,1.4842375091789546
ربي ماشي,-1.4838775062409513,1.4838775062409513
والدين,1.4838746582298958,1.4838746582298958
خبث,1.483657718931025,1.483657718931025
البراكه,-1.483448428682415,1.483448428682415
ربي يرحمو,-1.4833552467914364,1.4833552467914364
مهيش,-1.4832875096746077,1.4832875096746077
اكتشاف,-1.4831700983993807,1.4831700983993807
انت وماذا,1.4830500047400077,1.4830500047400077
اسعد ربراب,-1.4830192890418101,1.4830192890418101
اصبح,1.4829410973215025,1.4829410973215025
جيلالي,-1.482887625504918,1.482887625504918
كيما حكايه,-1.4826145172258651,1.4826145172258651
باسكو,1.48247738101944,1.48247738101944
مليحه بزاف,-1.482420844700761,1.482420844700761
حفظك,1.4824057010535974,1.4824057010535974
ندو,-1.4822769664537547,1.4822769664537547
ظهرت,1.4820862201701517,1.4820862201701517
وهذاك,1.4815974504324934,1.4815974504324934
محامي,1.4811902270206951,1.4811902270206951
انت واش,1.4810628452435646,1.4810628452435646
قلب ورب,1.480692134231199,1.480692134231199
ورب,1.480692134231199,1.480692134231199
مدينه,-1.4806413682686526,1.4806413682686526
الدين,-1.48031855240784,1.48031855240784
ربراب حداد,1.4798497898150165,1.4798497898150165
يمهل,1.4796823492277313,1.4796823492277313
لنظام,1.4795621015644527,1.4795621015644527
تصبح,-1.4789782344701434,1.4789782344701434
راجعون,-1.478157903258803,1.478157903258803
بريطانيا,-1.4765870673559232,1.4765870673559232
دوري,1.476464075937159,1.476464075937159
وبن,1.4759594370398064,1.4759594370398064
اصله,-1.4754297682095137,1.4754297682095137
تقولوا,-1.475376611109175,1.475376611109175
بطس,-1.4751698882046893,1.4751698882046893
حرام,1.4749762591141382,1.4749762591141382
السردين,-1.474566985299019,1.474566985299019
صالحه,-1.4742186738410992,1.4742186738410992
قلوبنا,-1.4742101207400797,1.4742101207400797
فلماذا,-1.4735392385717352,1.4735392385717352
الي ما,1.4735183181191314,1.4735183181191314
مساكين,1.4734256590075636,1.4734256590075636
للحبس,-1.4733425347042626,1.4733425347042626
مخ,1.4728872770596007,1.4728872770596007
المعاصي,-1.4722374931053375,1.4722374931053375
يليق,1.4720033929961456,1.4720033929961456
يرحم لي,-1.4716730667305824,1.4716730667305824
روح اخطينا,1.4714998509614796,1.4714998509614796
مركز,1.4709846504962334,1.4709846504962334
خاوه,-1.470351441144948,1.470351441144948
والاحرار,-1.4696037745284307,1.4696037745284307
الحكومات,-1.4693552701875299,1.4693552701875299
اوموا,1.4689472825077368,1.4689472825077368
الجيد,-1.468129708774144,1.468129708774144
علابالك,-1.4679695988913606,1.4679695988913606
لقباءل,-1.4678720047592604,1.4678720047592604
المالك,1.4674550800109645,1.4674550800109645
انتضر,-1.466877676385519,1.466877676385519
انت منافق,1.4667182069847071,1.4667182069847071
الدراسه,1.4657989189688683,1.4657989189688683
ذكر,1.4648368692570983,1.4648368692570983
باجتك,1.4646389491705074,1.4646389491705074
الجنرال توفيق,1.4637765230044424,1.4637765230044424
خير,1.4637602730389008,1.4637602730389008
اموال,-1.4637155848098822,1.4637155848098822
الدرك,-1.4633674332312248,1.4633674332312248
شئ,-1.4632013551364806,1.4632013551364806
الجايح,1.4630274688545446,1.4630274688545446
يطغاو,-1.4628031038402158,1.4628031038402158
عاش,1.4625879706597706,1.4625879706597706
من فضلك,-1.4617640921734827,1.4617640921734827
انتقام,-1.4617536689683663,1.4617536689683663
سلاح,1.4612797984048584,1.4612797984048584
وهادو,1.4611368214472586,1.4611368214472586
بمطالب,1.4606560043038403,1.4606560043038403
الشبكه,-1.4601303297727701,1.4601303297727701
اشتري,-1.459947206265905,1.459947206265905
انت يا,1.459611607259147,1.459611607259147
القط,-1.459301911184672,1.459301911184672
والحق,-1.4589154673502596,1.4589154673502596
الاخيره,1.4589046700058892,1.4589046700058892
داك,1.458321130240312,1.458321130240312
لوناس,-1.4581700291506594,1.4581700291506594
الجيفه,1.456382734077594,1.456382734077594
احفظ,-1.456179853519162,1.456179853519162
بعينه,-1.4558523265141423,1.4558523265141423
يحرق,1.4557466107920058,1.4557466107920058
وسا,-1.455516138159978,1.455516138159978
غدوا,1.4551981005524073,1.4551981005524073
دروك,1.4551789350192765,1.4551789350192765
انت صح,1.4550407043733913,1.4550407043733913
امسيتك طيبه,1.4542453814642118,1.4542453814642118
امسيتك,1.4542453814642118,1.4542453814642118
ملقيتش,-1.4539913113680925,1.4539913113680925
صادقين,-1.4538406486537923,1.4538406486537923
هذيك,-1.4538140806862876,1.4538140806862876
ولد قحبه,1.4534176974952162,1.4534176974952162
mabrouk,-1.4533559345425022,1.4533559345425022
تعمل,-1.4532542344068868,1.4532542344068868
طلبك,-1.4528925259851968,1.4528925259851968
خلصتي,-1.4523565498097484,1.4523565498097484
انفسهم,1.451967960270864,1.451967960270864
راهو في,-1.4517665756910172,1.4517665756910172
كشف,1.4515817032730276,1.4515817032730276
يديكم,1.4505817522354747,1.4505817522354747
هذا المبلغ,-1.4498466155156677,1.4498466155156677
واين,-1.4498326856106019,1.4498326856106019
نسيبورتي مولوديه,-1.4494674986510807,1.4494674986510807
افضل,-1.449290377205734,1.449290377205734
واله,-1.449051818799103,1.449051818799103
شبابنا,1.4481698629731874,1.4481698629731874
البنوك,1.4479107623794838,1.4479107623794838
تعبدو,-1.4474786318338388,1.4474786318338388
wlad,1.4473270518215016,1.4473270518215016
معترف بيها,1.446884075371607,1.446884075371607
ناحيه,1.446596589749679,1.446596589749679
الاسلاك,1.446292352697441,1.446292352697441
تموت علي,1.4459037793579763,1.4459037793579763
الحلقه,1.4456056548104443,1.4456056548104443
يا النقش,1.4454427561173506,1.4454427561173506
على ربي,-1.4454099914078185,1.4454099914078185
اراد,-1.4452559266987268,1.4452559266987268
حوايج,-1.4451987940333506,1.4451987940333506
معندكش,1.444581559503161,1.444581559503161
كره القدم,-1.4444881247393493,1.4444881247393493
فيال,-1.444218276664327,1.444218276664327
رهو,-1.444218276664327,1.444218276664327
في الحراش,1.4440647710573318,1.4440647710573318
تع سبي,1.4440357379322228,1.4440357379322228
نزل,-1.4440233290110631,1.4440233290110631
ماريكان,-1.4440109670915757,1.4440109670915757
يماه لي,1.4438310204665346,1.4438310204665346
علابالي ربي,-1.4436838098902762,1.4436838098902762
بها,-1.443511568989475,1.443511568989475
الرسول,1.443199148413083,1.443199148413083
وكيلهم شياطين,1.443186554464579,1.443186554464579
في عمر,1.4425855825093932,1.4425855825093932
كرسي,-1.4420581450957173,1.4420581450957173
غير شرعي,1.441902677998856,1.441902677998856
هاذوك لي,-1.4403373925468577,1.4403373925468577
سوره,-1.440018762912332,1.440018762912332
ايام,-1.4396024838004082,1.4396024838004082
برعايه,1.4392116406551674,1.4392116406551674
وناس,1.439017989875779,1.439017989875779
اله يشفي,-1.438276671918951,1.438276671918951
bsahtek,-1.4382457539706577,1.4382457539706577
اخرى,-1.4377937965672585,1.4377937965672585
تدعي,-1.4377106817972836,1.4377106817972836
وقف,1.4374402764321037,1.4374402764321037
الريح لي,-1.4373130055242314,1.4373130055242314
كونك,1.437301889757985,1.437301889757985
3la,1.4363172299634057,1.4363172299634057
يحي,-1.435996583842691,1.435996583842691
يجب,-1.435786592223856,1.435786592223856
شركات,-1.4352771676656702,1.4352771676656702
هاتين,1.4349903389835412,1.4349903389835412
نتمنى,1.4340524402396082,1.4340524402396082
بلا بيض,-1.4337712691976816,1.4337712691976816
الجزائر من,-1.4337340782988155,1.4337340782988155
وزير,1.433154640767393,1.433154640767393
مخبرات ارهابيه,1.432470644158226,1.432470644158226
خساره عليكم,-1.4321893359192173,1.4321893359192173
العاءلات,-1.4320954290777483,1.4320954290777483
على جال,1.431826971703819,1.431826971703819
التجارب,-1.431726353269368,1.431726353269368
لجزاءر,-1.4313354946862884,1.4313354946862884
قعدت,1.431333119837695,1.431333119837695
معنديش,-1.4312747107971582,1.4312747107971582
تخسر,1.4310661431266707,1.4310661431266707
يوتيوب,-1.4305490508616412,1.4305490508616412
الصحه العافيه,1.4301846666378706,1.4301846666378706
المياه,-1.429267133847047,1.429267133847047
قاله,1.4275814219691345,1.4275814219691345
جنه الفردوس,1.4268200575839702,1.4268200575839702
ابتدائي,1.4255003276189155,1.4255003276189155
فهم,-1.425205207228562,1.425205207228562
اما,1.4246929269275839,1.4246929269275839
عزه,1.4245761436776474,1.4245761436776474
بسعر,-1.424364568488891,1.424364568488891
عندك,-1.4240421309563898,1.4240421309563898
قودو,1.4240291328748687,1.4240291328748687
الاصل,1.4236471869652902,1.4236471869652902
الحاجه لي,1.4233885072484147,1.4233885072484147
الاوثان,-1.4232031400743388,1.4232031400743388
هم,-1.4230087850927045,1.4230087850927045
صادق,-1.422894716832038,1.422894716832038
وحده لا,-1.4225569008412202,1.4225569008412202
تبكي,-1.4217138000819225,1.4217138000819225
عليهم,-1.4212449533125096,1.4212449533125096
jus,-1.420869434551902,1.420869434551902
المتحده,1.4207338089435415,1.4207338089435415
النساء,1.4206120271794311,1.4206120271794311
سلميه,-1.420027178340297,1.420027178340297
رحم,1.4200068688026442,1.4200068688026442
الصوارد,1.4199549472705129,1.4199549472705129
تستحق,-1.4196249292275809,1.4196249292275809
يدبر,-1.4191471811293779,1.4191471811293779
الانتفاضه,-1.418877920526502,1.418877920526502
العالمين,-1.4183953878395585,1.4183953878395585
حره مستقله,-1.4182900712761997,1.4182900712761997
ياكلك,1.417838577622026,1.417838577622026
من رحم,1.4176102811732674,1.4176102811732674
يشوفوا,1.4171337389801002,1.4171337389801002
الحمقى,1.4170969852097062,1.4170969852097062
بحد,1.4166853568573103,1.4166853568573103
الجاهليه,-1.4154477052551167,1.4154477052551167
الرسمي,-1.415256237463995,1.415256237463995
ياسي,1.4151301495577777,1.4151301495577777
صعب,1.4141542463309797,1.4141542463309797
احرار الجزاءر,-1.4140885613764038,1.4140885613764038
اغلبيه,1.4137418068152805,1.4137418068152805
مها,1.41363008974986,1.41363008974986
الى الجزائر,1.4133526519896809,1.4133526519896809
الناس اللي,1.4128582021582088,1.4128582021582088
خالد,-1.412650954310079,1.412650954310079
حيث,-1.4125681489279382,1.4125681489279382
تموشنت,-1.4118232963614088,1.4118232963614088
شيء مبروك,1.4114421030477942,1.4114421030477942
تفاعل,-1.4113220378394202,1.4113220378394202
تضخيم,1.4111831963926507,1.4111831963926507
فما,1.4111722685831833,1.4111722685831833
قوه,-1.4106165234860961,1.4106165234860961
ناس,-1.4098434838630478,1.4098434838630478
كويزينيار,-1.4098019144808318,1.4098019144808318
فعلتم,-1.4081777945068514,1.4081777945068514
يتحاسبو,1.4075234537283203,1.4075234537283203
راجلك,1.407520274141874,1.407520274141874
عدو,1.4072082640100088,1.4072082640100088
احح,1.4067181843417673,1.4067181843417673
مفسد,1.406608055762487,1.406608055762487
الاخير,-1.4062169518970633,1.4062169518970633
جاوبوني,-1.4056211709984543,1.4056211709984543
راب,-1.4051901330498855,1.4051901330498855
فالفتنه,1.4045251586779908,1.4045251586779908
صفحه تاع,1.4038067250457757,1.4038067250457757
الوراء,-1.4030046913476757,1.4030046913476757
الاغلبيه,-1.4029055104413484,1.4029055104413484
الورقه,1.4024375450188047,1.4024375450188047
الجلفه,-1.4022176156151882,1.4022176156151882
لا حول,-1.4018957018103582,1.4018957018103582
ويعرفون,-1.401353006705395,1.401353006705395
كانش,-1.4008432627988348,1.4008432627988348
ايا,1.4005675618309417,1.4005675618309417
تخلاص,-1.4002347089075895,1.4002347089075895
مازلنا,-1.3994919875650353,1.3994919875650353
المسكين,1.3993177841449584,1.3993177841449584
اين انت,-1.399235410602729,1.399235410602729
اموال البترول,-1.3989657500571342,1.3989657500571342
سامه,1.3988346749260672,1.3988346749260672
يقوله,1.398760868803582,1.398760868803582
nta,1.3973030241330018,1.3973030241330018
السعيد,1.3971558828039394,1.3971558828039394
عليا,-1.3964932592876258,1.3964932592876258
تاعكم,1.395881705977964,1.395881705977964
شرورهم,-1.395802479331915,1.395802479331915
الزوالي,-1.3954420862884138,1.3954420862884138
حشا,-1.3952694815418383,1.3952694815418383
اجتماعيه,-1.3949127123721945,1.3949127123721945
بيناتهم,-1.3946192798890429,1.3946192798890429
بلي كاين,-1.3941153460654498,1.3941153460654498
نضحك,-1.393924475876252,1.393924475876252
البريطانيه,-1.3933953344598442,1.3933953344598442
والي,-1.392915641567793,1.392915641567793
حكم العسكر,1.3927847862082017,1.3927847862082017
معظم,-1.392633166131618,1.392633166131618
نبيع,-1.3923820909829434,1.3923820909829434
نجيبوك,-1.3905809250977827,1.3905809250977827
استاذي,1.390210504865764,1.390210504865764
نعمه,-1.3898188758474566,1.3898188758474566
العون,-1.3884109773189093,1.3884109773189093
معيشه,1.3883735331470881,1.3883735331470881
حول ولا,-1.3881838470742895,1.3881838470742895
وزياده,1.3876697961857718,1.3876697961857718
مهما كان,1.3874638869662757,1.3874638869662757
رجاء,1.387439894723902,1.387439894723902
امول,-1.3872188968210004,1.3872188968210004
الجي,1.387202790368191,1.387202790368191
اناقه,-1.387192816330321,1.387192816330321
كرعين,1.386711595556276,1.386711595556276
انت رخيس,1.386702371081959,1.386702371081959
نوعيه,-1.386673894978279,1.386673894978279
مع العلم,-1.386186739750756,1.386186739750756
هناك,-1.385893660412401,1.385893660412401
العالمي,-1.3856341877357057,1.3856341877357057
تناكو,1.3856012029525258,1.3856012029525258
اله يحفظ,-1.385461338181562,1.385461338181562
قتلهم,1.38527068289794,1.38527068289794
ماجر,1.3846731250034514,1.3846731250034514
وسط,-1.3844868349833517,1.3844868349833517
يسقط,1.384001802685697,1.384001802685697
تهتز,-1.3839374501032702,1.3839374501032702
الجزاءرين,1.383611544350547,1.383611544350547
اله يلعنكم,1.3834112673284873,1.3834112673284873
تكلفه,-1.3832084881196776,1.3832084881196776
دعوات,-1.3831032209646745,1.3831032209646745
الكثير,1.3828100392933973,1.3828100392933973
مقابله,-1.3827824127429915,1.3827824127429915
مصلحته,1.3824225340333445,1.3824225340333445
الغناء,-1.3823814308107019,1.3823814308107019
تواصل,1.3823151608300963,1.3823151608300963
الحقيقيه,1.3817719280833118,1.3817719280833118
الطغاه,1.3817490200100822,1.3817490200100822
ماتشريش زيت,1.3817251668423534,1.3817251668423534
واش تحب,1.3812383581022347,1.3812383581022347
بجايه,-1.3812281977833085,1.3812281977833085
هل,-1.3808834863846928,1.3808834863846928
تدخل,1.380647865091878,1.380647865091878
تع صح,1.3805132137727663,1.3805132137727663
تقول ربراب,-1.3803309312235217,1.3803309312235217
متخلف,1.3800988073054083,1.3800988073054083
نادي,-1.3794226173181683,1.3794226173181683
التكوين,-1.3792765844048234,1.3792765844048234
العلماء,-1.3788751460311344,1.3788751460311344
البخص,1.3787079010763577,1.3787079010763577
في منطقه,-1.3776763008402508,1.3776763008402508
مقوله,1.3774010829856826,1.3774010829856826
الباكالوريا,-1.3771313144055446,1.3771313144055446
جابهم,-1.3769564495814604,1.3769564495814604
الثبات,-1.3767994875086815,1.3767994875086815
اكدلي,-1.3754906819757116,1.3754906819757116
كفاش,-1.37508042337044,1.37508042337044
منا,-1.3749991183202166,1.3749991183202166
لبلاد,1.374263955118396,1.374263955118396
يوفقكم,-1.3741381856749217,1.3741381856749217
درجه,-1.3740745310884706,1.3740745310884706
مومن,-1.3737057222214657,1.3737057222214657
استاذ ويرحم,1.3713378911865033,1.3713378911865033
نتا تهدر,1.3710056836361009,1.3710056836361009
وطنه,-1.3708119370640055,1.3708119370640055
اعمر,-1.3702537868769686,1.3702537868769686
دك,1.3701681570568125,1.3701681570568125
المساواه,-1.3692542375586805,1.3692542375586805
وخاصتا,1.3685636302370796,1.3685636302370796
فمواقع,1.367992957026818,1.367992957026818
كع,-1.3678987238750684,1.3678987238750684
باغي,1.367792740805441,1.367792740805441
اقعدو,1.3676872073610784,1.3676872073610784
ادرار,-1.3676644521701473,1.3676644521701473
يشوفو,1.3670223037101825,1.3670223037101825
رحله,-1.3666926366230474,1.3666926366230474
في حياتي,1.3662700449978598,1.3662700449978598
المشع,1.3660707551316824,1.3660707551316824
الخرى,1.3660287839817817,1.3660287839817817
نهايه,-1.3647033415218723,1.3647033415218723
تروحش,1.3643117795050637,1.3643117795050637
نديرلك,1.3634143042366875,1.3634143042366875
يعطيهم الصحه,-1.3634003375994508,1.3634003375994508
التراب,-1.3624921678838127,1.3624921678838127
كامل التراب,-1.3624921678838127,1.3624921678838127
التراب الوطني,-1.3624921678838127,1.3624921678838127
هذه,-1.362287293023647,1.362287293023647
على هذا,-1.362096300567961,1.362096300567961
قلبهم,1.3620108252975998,1.3620108252975998
دراري,1.3619793648948826,1.3619793648948826
من جيبك,1.361915931360781,1.361915931360781
ورانا معاك,1.3618528800083474,1.3618528800083474
شفقه,1.3614513004391349,1.3614513004391349
الشهاده,-1.3612258554804704,1.3612258554804704
تيارت,-1.3608946095094399,1.3608946095094399
يا سبي,1.3608750260318634,1.3608750260318634
بانتلهم,1.359650674328269,1.359650674328269
lokan,1.358590685895163,1.358590685895163
الخميس,-1.35842879832447,1.35842879832447
لفتنه,-1.3581339092412843,1.3581339092412843
وارواح معانا,-1.3579491880886418,1.3579491880886418
امير المازدا,1.3569045303735119,1.3569045303735119
الكورونا,-1.3566794942940608,1.3566794942940608
mon,-1.3565791715764561,1.3565791715764561
يتنحاو,1.356483274043995,1.356483274043995
ينعلكم وينعل,1.3564735748222838,1.3564735748222838
اكبر سراق,1.3563880223109217,1.3563880223109217
الله يشفي,-1.3559609548147986,1.3559609548147986
ليست,-1.3555748193534434,1.3555748193534434
وحدا,-1.3554685372869844,1.3554685372869844
ربي يعطيك,1.3553446097365796,1.3553446097365796
باموال,1.3552974257682155,1.3552974257682155
يا شيخ,-1.3550414715272863,1.3550414715272863
لانهم,1.3542932966729397,1.3542932966729397
امي,1.3533386388636204,1.3533386388636204
كريم,-1.3528254181924393,1.3528254181924393
العلم,-1.3517837215022375,1.3517837215022375
وانا,-1.3513118992087192,1.3513118992087192
ماعندنا,-1.35117910077726,1.35117910077726
اسيا,-1.3507984576747432,1.3507984576747432
يحفظهم,-1.3505626113021194,1.3505626113021194
شعال,-1.349677808061992,1.349677808061992
بلادي,-1.3469939602408443,1.3469939602408443
يريدونها,-1.3467336091766988,1.3467336091766988
فالجزائر,1.3465979087234077,1.3465979087234077
الهجاله,1.3459530141887237,1.3459530141887237
خليك,-1.3449298626978043,1.3449298626978043
تقل,-1.3442888496265344,1.3442888496265344
والعياذ,1.3439550983394966,1.3439550983394966
تقلي,-1.3438901430074965,1.3438901430074965
المرضى,-1.3438844333584876,1.3438844333584876
جزايري,-1.343461558123125,1.343461558123125
مصيرك,1.343169585147569,1.343169585147569
لي بقا,-1.3431273380906317,1.3431273380906317
الله ربي,-1.3421375178859862,1.3421375178859862
هذا الشعب,1.34155692548404,1.34155692548404
يهود,1.341270667884769,1.341270667884769
يحفظك ويسترك,-1.3412220439355367,1.3412220439355367
الكعب تع,1.340912286272707,1.340912286272707
امركم,1.340852837009356,1.340852837009356
املا,1.3404685037120858,1.3404685037120858
اصل البسبوسه,-1.3402965893447027,1.3402965893447027
ويقول,-1.340272505529326,1.340272505529326
ديرلي,-1.3400169408404077,1.3400169408404077
فكيك,-1.339941946102677,1.339941946102677
محامين,1.339359531539505,1.339359531539505
قصف,-1.3393514675849465,1.3393514675849465
مبروك خويا,1.339322569649515,1.339322569649515
يمد,1.3391097068174895,1.3391097068174895
روح تعلم,1.3389315364761059,1.3389315364761059
شنهي,-1.3388085725388235,1.3388085725388235
الحاضر,-1.3387512270675141,1.3387512270675141
يا صاحب,-1.3387477981222515,1.3387477981222515
شرطي,1.337555240724111,1.337555240724111
ماده,1.3372960190972827,1.3372960190972827
ماشافوش,-1.3372711578559033,1.3372711578559033
مرتو,-1.3371807399047946,1.3371807399047946
طاهره,1.3370584256585238,1.3370584256585238
وتكذبو,1.337048050794237,1.337048050794237
نسيتها,-1.3370271947345798,1.3370271947345798
اموات المسلمين,1.336241459009748,1.336241459009748
موضوع,1.336009998878651,1.336009998878651
كما انت,1.3359940799360681,1.3359940799360681
ربراب كونيناف,1.3359308836337498,1.3359308836337498
روح الله,1.3358805690239675,1.3358805690239675
تضرب,-1.3358091864677075,1.3358091864677075
اخي العزيز,-1.3347161573051047,1.3347161573051047
واه,-1.3342459857060536,1.3342459857060536
الاسبوع,-1.3341021611991815,1.3341021611991815
نقاط,-1.333753815606807,1.333753815606807
الزهر,-1.3330109009683624,1.3330109009683624
هو من,-1.3327629569616923,1.3327629569616923
شان,1.3327317625594943,1.3327317625594943
اروع,-1.3316860157528938,1.3316860157528938
اسبوع,-1.3315951343415027,1.3315951343415027
النصر,-1.3315429360360962,1.3315429360360962
اصلهم,1.3315072107936907,1.3315072107936907
والغاز,-1.331432484356072,1.331432484356072
وحد,1.3313061077180899,1.3313061077180899
زدت,1.331200427308443,1.331200427308443
الازمات,-1.3307955236239437,1.3307955236239437
نبغيها,-1.3307194896018322,1.3307194896018322
فيهم,-1.330703462783811,1.330703462783811
لكم,-1.3305467554767314,1.3305467554767314
روح شوف,1.3302133874770021,1.3302133874770021
اعلي,1.3300460095496436,1.3300460095496436
تاع ختك,1.3298589432209578,1.3298589432209578
نهارك,1.3295916142064637,1.3295916142064637
يمكنكم,-1.3293877814288064,1.3293877814288064
مقستهاش,1.3290160447333617,1.3290160447333617
القايد صالح,-1.3290035851350965,1.3290035851350965
الاستعمار,1.3290016934301527,1.3290016934301527
الحكام,-1.3288625506469711,1.3288625506469711
تمسخرو بينا,-1.3286370360911348,1.3286370360911348
العائله,-1.3286013147407905,1.3286013147407905
30,-1.3282444236623736,1.3282444236623736
والسعيد,1.3280536425082579,1.3280536425082579
رسم,-1.3279864119237867,1.3279864119237867
لمجرد,-1.3270963346393754,1.3270963346393754
وقع,-1.3269876671810066,1.3269876671810066
وكم,-1.3267906718734082,1.3267906718734082
زيد,-1.3264981758409893,1.3264981758409893
tn,1.3262532191875436,1.3262532191875436
السياسيه,1.3262199555514116,1.3262199555514116
يبعثون,-1.3260679304102776,1.3260679304102776
يمنع,-1.3260405416738463,1.3260405416738463
ليوم,-1.325908010602685,1.325908010602685
حسبنا,-1.3258441934718892,1.3258441934718892
ابطال,-1.3249814500048709,1.3249814500048709
نعبد الله,-1.32459775518435,1.32459775518435
الله يهديك,-1.3238801020104065,1.3238801020104065
العرض,-1.3236294789902028,1.3236294789902028
القيمه,-1.3227031847406578,1.3227031847406578
يا مرخس,1.3224502582539757,1.3224502582539757
اخطيكم,1.3224171975939643,1.3224171975939643
محاسبه,1.3221990131164885,1.3221990131164885
تبغي,-1.3220071260263742,1.3220071260263742
نعبدوا,1.3218626683901156,1.3218626683901156
طليبه,1.3210844227195448,1.3210844227195448
فيك استاذ,-1.3210590079395246,1.3210590079395246
كشما,1.3210191053035012,1.3210191053035012
وليد قحبه,1.3204533941853973,1.3204533941853973
نضيف,-1.3203522787942052,1.3203522787942052
قاضي,-1.319928954544838,1.319928954544838
يازح,1.3197154328998537,1.3197154328998537
وش دخلك,1.3193835522034913,1.3193835522034913
حداد,1.3188959832713172,1.3188959832713172
انت في,1.3188823525584692,1.3188823525584692
جدد,-1.3186841954116084,1.3186841954116084
يا حنا,-1.3186331602722263,1.3186331602722263
ديدين البندقيه,1.318053162308622,1.318053162308622
يمهدوا,-1.317873743152833,1.317873743152833
يمهدوا باش,-1.317873743152833,1.317873743152833
ماكرون,-1.317835418520528,1.317835418520528
طبيعه,-1.3174762877166717,1.3174762877166717
عادل,-1.3172564110209217,1.3172564110209217
كرشو,1.3171662736764893,1.3171662736764893
et,1.3171406230095069,1.3171406230095069
خطره,-1.3170316339517798,1.3170316339517798
الحكايه,-1.3169589393239616,1.3169589393239616
حذف,-1.3168792528355804,1.3168792528355804
السجن,1.3165581875841113,1.3165581875841113
عام,-1.316362389545233,1.316362389545233
ليهم,-1.316262893507851,1.316262893507851
ريتويت,-1.3162189932038377,1.3162189932038377
يسب,-1.3161465423599839,1.3161465423599839
تبالي,-1.3154536052266361,1.3154536052266361
ادي,1.315322873595622,1.315322873595622
تخير,1.3152432970229473,1.3152432970229473
نحوس على,-1.3149449841703127,1.3149449841703127
عيني,-1.3149283721163543,1.3149283721163543
الله محمد,-1.3141865979664928,1.3141865979664928
ظد,1.3136549792389447,1.3136549792389447
تحس,1.3133156991907795,1.3133156991907795
الوحيده لي,1.3132180155069697,1.3132180155069697
هديه,1.313180737677582,1.313180737677582
شويه تاع,-1.3129337342294354,1.3129337342294354
en,1.312676045191275,1.312676045191275
الجوانب,-1.3125368559314534,1.3125368559314534
لضرب,1.3124677743594968,1.3124677743594968
وزيد,1.3123960550327,1.3123960550327
الراجل,1.3122234121638905,1.3122234121638905
اله يحفظكم,-1.3116988449411233,1.3116988449411233
يطلب,1.3112210206147967,1.3112210206147967
العصابه الحاكمه,1.3109108522908084,1.3109108522908084
كثرو,1.3107742794433854,1.3107742794433854
القبض,1.3104386861422286,1.3104386861422286
ملجا,-1.3098588543964067,1.3098588543964067
الرزق,-1.309555598948335,1.309555598948335
المعلومات,-1.3095212279254453,1.3095212279254453
مشكيتش,-1.3094330591414554,1.3094330591414554
لعطاي,1.3089943588938462,1.3089943588938462
زوامل,1.3085376636642299,1.3085376636642299
تخدم روحك,1.3084140521671208,1.3084140521671208
قالولنا,-1.308170039628236,1.308170039628236
روراوه,1.307985436860794,1.307985436860794
الاخت رزان,-1.3079382466409477,1.3079382466409477
ربراب سراق,1.3069239622200608,1.3069239622200608
زوالي,1.306779606247333,1.306779606247333
ارواح,-1.306490794621685,1.306490794621685
المسءول,-1.3064517681162058,1.3064517681162058
يرحو,-1.3061583553834604,1.3061583553834604
قضايا الفساد,-1.3060769607437919,1.3060769607437919
من احرار,-1.3058593493935242,1.3058593493935242
ولا غير,-1.3058350444484164,1.3058350444484164
لي بغا,-1.3058175852047689,1.3058175852047689
اوتوماتيك,-1.3058135211463073,1.3058135211463073
الدرس,-1.305738886257488,1.305738886257488
معايا,-1.3056370721989932,1.3056370721989932
ايها الذين,-1.3054667717249466,1.3054667717249466
لعقوبا,1.305153232202241,1.305153232202241
بعد ما,-1.3050951328731353,1.3050951328731353
جاري,1.30456817623638,1.30456817623638
سلميه سلميه,1.3044122998774335,1.3044122998774335
ايه تحوس,-1.3043626831554689,1.3043626831554689
مكاش,1.3034590075543055,1.3034590075543055
اسد,-1.303430393683328,1.303430393683328
اتركوا,-1.3030977768725747,1.3030977768725747
جدو,1.3028930508463448,1.3028930508463448
الاجهزه,-1.3022260635707419,1.3022260635707419
تديه,1.3020351764224711,1.3020351764224711
جزء,1.3018407646733088,1.3018407646733088
الا بالله,-1.3015545651029976,1.3015545651029976
يهدرو,1.3007818962750988,1.3007818962750988
صراح,-1.3000256506264303,1.3000256506264303
اعجبني,-1.2999021505177204,1.2999021505177204
تشوفها,1.299765570034556,1.299765570034556
hadak,-1.2995894112915949,1.2995894112915949
نبقاو,1.2990502221898206,1.2990502221898206
الابرياء,1.2989549716529671,1.2989549716529671
تحرش,1.2988565066566742,1.2988565066566742
يسعدك,-1.2983915865924096,1.2983915865924096
الفشل,1.2981526427723349,1.2981526427723349
داها,1.297359578163653,1.297359578163653
اشرب,1.2969886748367119,1.2969886748367119
اجعل,-1.2969643329148342,1.2969643329148342
الرابعه,1.2967263547513743,1.2967263547513743
تحسب,-1.296612314077028,1.296612314077028
حيا,-1.2962955148309359,1.2962955148309359
لخر,1.2961403969851675,1.2961403969851675
ghir,1.2959593391559976,1.2959593391559976
شد,-1.29417083709095,1.29417083709095
يرحم باباك,-1.2933842331389203,1.2933842331389203
الاله,1.293148040940233,1.293148040940233
وحده شريك,-1.2928733219849184,1.2928733219849184
يتامرون,-1.2928434640210147,1.2928434640210147
الحكمه,-1.2927078173237574,1.2927078173237574
وسيكون,-1.2926860021359512,1.2926860021359512
جاء,-1.2922799056810617,1.2922799056810617
امير تستهل,1.2921893241596891,1.2921893241596891
كيما,1.291799338762487,1.291799338762487
هاو,1.2915409780939913,1.2915409780939913
نحي الكاسكيطا,1.291364134965068,1.291364134965068
الكاسكيطا,1.291364134965068,1.291364134965068
كلاك,1.2913025099094007,1.2913025099094007
تسيبورتي,-1.2910286860079532,1.2910286860079532
استقلال,1.2909448973012094,1.2909448973012094
يتحاسب,-1.2900210393402307,1.2900210393402307
وراه,1.2898672765560195,1.2898672765560195
يا من,1.2897683976756225,1.2897683976756225
مات,1.2897543054710778,1.2897543054710778
رجل الاعمال,1.2897499879579488,1.2897499879579488
يدير,1.289518357642247,1.289518357642247
المستورد,-1.2894155594710714,1.2894155594710714
خافو ربي,1.2891789863367122,1.2891789863367122
خافو,1.2891789863367122,1.2891789863367122
الخاج,-1.2886682878314148,1.2886682878314148
دواب,1.2885607107264936,1.2885607107264936
واهدر,1.2881662895074943,1.2881662895074943
رءوس,1.288154031846545,1.288154031846545
الله فيك,-1.2881437886478126,1.2881437886478126
مجمع,-1.2876066790523684,1.2876066790523684
يزيدو,-1.2875035210719408,1.2875035210719408
بام,1.2874563551291056,1.2874563551291056
nchallah,-1.2867639732360008,1.2867639732360008
فرصه,-1.2866251093439292,1.2866251093439292
wach,1.2858369267645562,1.2858369267645562
يسكن,-1.2852774656980692,1.2852774656980692
اعلاه,-1.284813490602038,1.284813490602038
الجيش لا,1.2847206184043949,1.2847206184043949
تعود,-1.2843379841932558,1.2843379841932558
فرنسي,-1.2841266938785116,1.2841266938785116
حذاري,1.2836932898856135,1.2836932898856135
ذوي,-1.283036206744019,1.283036206744019
شهريا,1.2830351364924788,1.2830351364924788
الانتباه,-1.2823940266857776,1.2823940266857776
ينتقم منهم,1.2819681524265432,1.2819681524265432
نيك مها,1.2819442265698324,1.2819442265698324
تاع الماء,-1.2813859969474117,1.2813859969474117
التقدير,-1.2810163966042107,1.2810163966042107
مليون جزائري,-1.280086663226917,1.280086663226917
فظلك,1.2795411264023462,1.2795411264023462
محال,1.2788784360409264,1.2788784360409264
قاع,1.2788445014031657,1.2788445014031657
تجوز,-1.2786621407292313,1.2786621407292313
العائلات,-1.2786419572715604,1.2786419572715604
فريطوملات,-1.278406560587032,1.278406560587032
فريطوملات بالبيض,-1.278406560587032,1.278406560587032
مواطن بسيط,-1.27820168597723,1.27820168597723
وتنبح,1.2778422926748676,1.2778422926748676
تعطو,1.2774634101561024,1.2774634101561024
وانت واش,1.2774435630434275,1.2774435630434275
الاف,1.2767431470858488,1.2767431470858488
الفور,-1.2766847988170695,1.2766847988170695
ينجحك,-1.2766283667941802,1.2766283667941802
عارفه,1.2763845252241963,1.2763845252241963
قلنا,-1.276367501893533,1.276367501893533
المغربي,1.276303073518183,1.276303073518183
الذنوب,-1.2762094416334484,1.2762094416334484
باعو البلاد,1.2761771236391397,1.2761771236391397
brk,-1.2760390311515524,1.2760390311515524
راو,-1.2755537244048674,1.2755537244048674
قروض,1.274742056128216,1.274742056128216
بالرغم,1.2736797164340992,1.2736797164340992
اسرائيل,1.27307627731584,1.27307627731584
يا ودي,-1.2730755629685124,1.2730755629685124
que,-1.2730422187891202,1.2730422187891202
تسمي,-1.2730235200962492,1.2730235200962492
السنه الرابعه,1.2727819175939805,1.2727819175939805
تع الصح,1.272554789706399,1.272554789706399
امنيتك,1.272554215560422,1.272554215560422
مصر,-1.272451630946958,1.272451630946958
العربي,-1.2721727037751411,1.2721727037751411
معنا,-1.2721266700019,1.2721266700019
المواقع,-1.2720111800747103,1.2720111800747103
جيت راجل,1.2716889848752253,1.2716889848752253
صعيب,1.271572908119998,1.271572908119998
نصره,-1.270817376407121,1.270817376407121
تمدو,-1.2702753833282294,1.2702753833282294
المفسدين,1.268465321008139,1.268465321008139
الوالي,1.268323716539037,1.268323716539037
الاتحاد,-1.2679826267878185,1.2679826267878185
فانتم,1.2678573864990368,1.2678573864990368
ويا,1.2664788197906844,1.2664788197906844
وجوه البخص,1.266285858041309,1.266285858041309
يرجى,-1.2661763438898468,1.2661763438898468
النضام,-1.2658988833943432,1.2658988833943432
دليل,-1.265771040310253,1.265771040310253
واللي,1.2654337123120007,1.2654337123120007
الجواب,-1.265395901844397,1.265395901844397
وانما,-1.265115216471098,1.265115216471098
موبيليس,-1.2650314347101277,1.2650314347101277
كما,1.264105091991905,1.264105091991905
سيرتو,1.2633053265049934,1.2633053265049934
allah,-1.2630765058895084,1.2630765058895084
انتاعو,1.2627826201726657,1.2627826201726657
فيها غير,1.2625780679354013,1.2625780679354013
blad,1.2620484956457836,1.2620484956457836
خرجتلي,-1.2616117208853315,1.2616117208853315
من المعلومات,-1.2610836044296796,1.2610836044296796
الاحرار مكان,-1.2604687941040273,1.2604687941040273
افاعي,1.2600382545785713,1.2600382545785713
انتما,-1.2599920143895786,1.2599920143895786
بهدلتو,1.2593257118506267,1.2593257118506267
قضايا,-1.259119231111297,1.259119231111297
ليله,-1.2590360293865277,1.2590360293865277
البلدين,-1.2587659250525742,1.2587659250525742
عقليه,1.258515149751482,1.258515149751482
باستعمال,1.2584100871432629,1.2584100871432629
يا خاين,1.2579390303115512,1.2579390303115512
الداخل,-1.2576945569983873,1.2576945569983873
نسال,-1.2574553981182899,1.2574553981182899
نقطه,1.2574406670051879,1.2574406670051879
ربي يجيب,-1.257373209668819,1.257373209668819
سوف,-1.2563182390295093,1.2563182390295093
يلبسو,-1.2558029536010646,1.2558029536010646
توفر,-1.255195709973503,1.255195709973503
تعاير,1.2551850189666272,1.2551850189666272
البيض,1.2547270111623707,1.2547270111623707
انجبت,-1.2546360280360451,1.2546360280360451
تقتل,1.2536228463416268,1.2536228463416268
mouloudia,-1.2536227030517855,1.2536227030517855
بساطه,-1.253498058439913,1.253498058439913
نحمي,-1.2531536652113529,1.2531536652113529
النشر,-1.2530923072978666,1.2530923072978666
الانسانيه,-1.2529857459970066,1.2529857459970066
عندنا,-1.2524848598842395,1.2524848598842395
نديرهم كامل,1.2524637032887118,1.2524637032887118
وتكون,-1.2524178951803266,1.2524178951803266
ياكلاب,1.252235793341818,1.252235793341818
الحقيقي,1.2521985316510218,1.2521985316510218
دوام,-1.2519701779714136,1.2519701779714136
امرهم,-1.2512153809017277,1.2512153809017277
يجد,-1.2503564908405205,1.2503564908405205
تاني,-1.2502082575973466,1.2502082575973466
وكان,-1.2498601647579164,1.2498601647579164
الجزائر اكبر,1.2498366775696585,1.2498366775696585
koul,1.249724677816515,1.249724677816515
لا اله,-1.2494286040162594,1.2494286040162594
كاذبه,1.249147528921116,1.249147528921116
حاجه شابه,-1.249084087208297,1.249084087208297
رانا,-1.2489748950070636,1.2489748950070636
لي راهو,-1.2488736705857046,1.2488736705857046
اتقي الله,-1.2488441905426493,1.2488441905426493
ميزاب,1.248839947795464,1.248839947795464
al,1.2483038223548162,1.2483038223548162
يدافع عن,1.2482976844042808,1.2482976844042808
التربيه,-1.2480413151948853,1.2480413151948853
بوتف,-1.2476484518358715,1.2476484518358715
حزب,1.2474014375586824,1.2474014375586824
لله على,-1.246951336875037,1.246951336875037
حاكمين,1.2468844940637849,1.2468844940637849
يا حكومه,1.2467980714755609,1.2467980714755609
لباج,1.246719338778049,1.246719338778049
حاسي,-1.2467065111531865,1.2467065111531865
حاسي مسعود,-1.2467065111531865,1.2467065111531865
الشي,-1.2464879689872792,1.2464879689872792
وجهه,1.2460781643041914,1.2460781643041914
في المغرب,-1.2460676080279431,1.2460676080279431
معانا,-1.2456627053683063,1.2456627053683063
هؤلاء,1.2445074720781297,1.2445074720781297
ضخم,-1.2443069655367054,1.2443069655367054
يجازيكم,-1.2439095296763474,1.2439095296763474
خويه,-1.2438135097804892,1.2438135097804892
الاغتصابيه,1.2433438798778664,1.2433438798778664
نو,-1.2432272340781911,1.2432272340781911
قله,-1.2429808474950497,1.2429808474950497
البشريه,-1.242584794790634,1.242584794790634
الموقع,-1.2425766856581297,1.2425766856581297
wa,-1.242439081454346,1.242439081454346
الافضل,1.2418138537169923,1.2418138537169923
الفاسده,-1.2417892578097398,1.2417892578097398
المباشر,-1.2415946969778593,1.2415946969778593
خه,-1.241406369034591,1.241406369034591
لباس,-1.241122899190848,1.241122899190848
نقاط البيع,-1.2409214668216488,1.2409214668216488
الفرصه,-1.2406587296912746,1.2406587296912746
وبزاف,-1.2404444584223384,1.2404444584223384
ديما,-1.2398686344515375,1.2398686344515375
يعطيك الصحه,-1.239813247221398,1.239813247221398
عمل,-1.2396442927858895,1.2396442927858895
الحمقى مشاهير,1.2392921063790385,1.2392921063790385
من الحمقى,1.2392921063790385,1.2392921063790385
فتن,-1.2388053276146425,1.2388053276146425
التحكم,-1.238618466017764,1.238618466017764
صفقه,1.2385495416664059,1.2385495416664059
المولوخيه,1.238144916416811,1.238144916416811
اوملات بالبيض,1.2377189127575463,1.2377189127575463
التقشف,-1.237709291478781,1.237709291478781
معهم,1.2375661135838203,1.2375661135838203
صلي,1.2375648595872815,1.2375648595872815
زيرو اكسو,1.2375244807661192,1.2375244807661192
مكسره الخدمه,1.2375244807661192,1.2375244807661192
الخدمه زيرو,1.2375244807661192,1.2375244807661192
تاقه,1.2375244807661192,1.2375244807661192
عندهم تاقه,1.2375244807661192,1.2375244807661192
اكسو وهران,1.2375244807661192,1.2375244807661192
تاقه مكسره,1.2375244807661192,1.2375244807661192
بعده,-1.2372485244583478,1.2372485244583478
الامبراطوريه,-1.2369943790837818,1.2369943790837818
نكرهو,1.2369484243329383,1.2369484243329383
يعطيك,1.2368399798686205,1.2368399798686205
علجال,-1.2368136543407087,1.2368136543407087
الغني,-1.2366136816997415,1.2366136816997415
كوب,-1.2365913804431956,1.2365913804431956
كوب دافريك,-1.2365913804431956,1.2365913804431956
دافريك,-1.2365913804431956,1.2365913804431956
الجيل,-1.2362725962023726,1.2362725962023726
المنكر,-1.2361527883600851,1.2361527883600851
شاء الله,1.2361270146402574,1.2361270146402574
الى مزبله,1.2357042208486604,1.2357042208486604
يسلمكم,-1.235696911422887,1.235696911422887
الفريق,-1.2355731456072974,1.2355731456072974
القذره,1.2351202061789888,1.2351202061789888
بلدنا,-1.2348257187215796,1.2348257187215796
الوالدين,-1.2340608284328836,1.2340608284328836
انو,1.233886696473214,1.233886696473214
البيت,1.2337254237762718,1.2337254237762718
عكس,1.23356046338358,1.23356046338358
اولادهم,-1.233369754206495,1.233369754206495
مصطفى,-1.2331840023944098,1.2331840023944098
سنه من,1.2328678644196815,1.2328678644196815
انت لي,1.2324549498306037,1.2324549498306037
احد,-1.232322415059056,1.232322415059056
في ربراب,1.2322605658076948,1.2322605658076948
اسف,1.2320164283364328,1.2320164283364328
حسبيا,1.2307356656545732,1.2307356656545732
يطول,-1.2306744893865178,1.2306744893865178
واذا,1.2305967842601102,1.2305967842601102
نسمع,-1.2301940031537997,1.2301940031537997
اله يرحمو,-1.229943519939524,1.229943519939524
قاره,-1.2297011082016955,1.2297011082016955
خم,-1.2292600494927501,1.2292600494927501
الرحمان الرحيم,1.2288604853411664,1.2288604853411664
المراه,1.2282799739497101,1.2282799739497101
الكاوكاو,-1.228105746504348,1.228105746504348
الله انا,1.2279345750167625,1.2279345750167625
راك تعرف,-1.22776745926688,1.22776745926688
سلال,1.2275511816481748,1.2275511816481748
الخارج,-1.2275334548108419,1.2275334548108419
كبرنات فرنسا,-1.2271775069498192,1.2271775069498192
كبرنات,-1.2271775069498192,1.2271775069498192
دنيا,1.2263748883634527,1.2263748883634527
طاجين,-1.2260199122250353,1.2260199122250353
نتبع ختك,1.225317640694791,1.225317640694791
في عنابه,-1.2252946696034903,1.2252946696034903
يا ولاد,1.2248089235676107,1.2248089235676107
ارهاب,1.2244568018272688,1.2244568018272688
لي عندو,-1.2242050136797138,1.2242050136797138
راهي دافع,1.223983916123302,1.223983916123302
فريت املات,1.2236171644234834,1.2236171644234834
املات,1.2236171644234834,1.2236171644234834
نجي,1.2226346483169803,1.2226346483169803
بالبراكه عليك,-1.2218756601815017,1.2218756601815017
الشهداء,-1.2218345649075304,1.2218345649075304
مكرا,-1.2215207156816976,1.2215207156816976
يشاء,1.2209256849850165,1.2209256849850165
دعم,-1.220844219934511,1.220844219934511
راه يحكي,1.2206087332506075,1.2206087332506075
مانعرف,-1.2203543776169512,1.2203543776169512
المخ,-1.2181721425551482,1.2181721425551482
معدوده العالم,1.2180911326265778,1.2180911326265778
ايامكم,1.2180911326265778,1.2180911326265778
فيكم يالعصابه,1.2180911326265778,1.2180911326265778
ايامكم اصبحت,1.2180911326265778,1.2180911326265778
انكم,1.2179603456013002,1.2179603456013002
امير ربي,-1.2178909910023281,1.2178909910023281
الرساله,-1.2178087237987443,1.2178087237987443
قريبا,-1.2178029337333196,1.2178029337333196
كريمه,-1.2177866718896746,1.2177866718896746
اضرب,1.2174414267773654,1.2174414267773654
الجمله,1.2168223019429274,1.2168223019429274
تحل,-1.2164010309116138,1.2164010309116138
لوقان,-1.2163798684081804,1.2163798684081804
الاعاقه,-1.2163159232462304,1.2163159232462304
غي,1.2159035680030676,1.2159035680030676
موزع,-1.2153647255224809,1.2153647255224809
ياو فاقو,1.2147354184731585,1.2147354184731585
فلي,1.2145144237272696,1.2145144237272696
قاع كلاب,1.2144711406074866,1.2144711406074866
بالمسيله,-1.2133172508056238,1.2133172508056238
مول,1.2131883862951194,1.2131883862951194
المركزي,1.2131594375206776,1.2131594375206776
حبيت نسقسيكم,-1.2125608845482467,1.2125608845482467
وضعيه,-1.2123397696896558,1.2123397696896558
المنتج,-1.2113073229788995,1.2113073229788995
مبرووك,-1.2106504090805366,1.2106504090805366
العزيز,-1.2105973393220533,1.2105973393220533
الفورنو,1.210434700729409,1.210434700729409
نسكن,-1.2099434807484486,1.2099434807484486
اله تربحهم,1.207459177924067,1.207459177924067
عميروش,1.2072853820413625,1.2072853820413625
اسطح,-1.2068997775262995,1.2068997775262995
le,1.2067869043609434,1.2067869043609434
الميمز,-1.2063708606741244,1.2063708606741244
تبني,-1.2062342081936759,1.2062342081936759
الولايات,1.2060349659344243,1.2060349659344243
تخرج,-1.2057855678985796,1.2057855678985796
وتحت,1.2056573366478862,1.2056573366478862
تحرك,1.2048316534276886,1.2048316534276886
الهيبه,-1.204435969125985,1.204435969125985
المرحله,1.204375406191426,1.204375406191426
hadou,1.2040445318314823,1.2040445318314823
ربي نتا,-1.2036573342291335,1.2036573342291335
واصل,-1.203474646145778,1.203474646145778
ثروات,1.2033161345658665,1.2033161345658665
rabi yahdik,-1.2031838656023652,1.2031838656023652
في الفايسبوك,1.202949790615912,1.202949790615912
انصار,1.2028263926462954,1.2028263926462954
تجي,1.2024664650114898,1.2024664650114898
على ربراب,1.202366541560219,1.202366541560219
من المغرب,-1.2023274001807902,1.2023274001807902
وربي,1.2022080982345298,1.2022080982345298
كان ربراب,1.2019215426327583,1.2019215426327583
مليار دولار,1.2019125975738723,1.2019125975738723
استغفرو,1.201754186590958,1.201754186590958
واما,1.201746223068947,1.201746223068947
مالا,-1.2015186350251565,1.2015186350251565
سمع,-1.2000513821865202,1.2000513821865202
الجديده,-1.199693321890162,1.199693321890162
كن,1.199518204265817,1.199518204265817
بلي صح,-1.1989797633096384,1.1989797633096384
صدق,-1.1988809561377174,1.1988809561377174
لصفحه,-1.198115763923934,1.198115763923934
شاب,1.197899992821632,1.197899992821632
لانها,-1.1977728873198465,1.1977728873198465
عامين,1.1975065647301264,1.1975065647301264
طرطاق,1.1973085244605823,1.1973085244605823
التم,1.1972607452346293,1.1972607452346293
تاكيد,1.1966251664945793,1.1966251664945793
الاشخاص,1.1962368071242744,1.1962368071242744
ياوليد,1.19615266795795,1.19615266795795
كارثه,1.1953715467328765,1.1953715467328765
غادي,1.1951437771316067,1.1951437771316067
harkis,1.1948943993490826,1.1948943993490826
الى,1.1943366949575203,1.1943366949575203
لحد,-1.1933692001170546,1.1933692001170546
التعليم,-1.1933542134170627,1.1933542134170627
لي عايش,-1.1928844171995894,1.1928844171995894
اين انتم,1.1928194358097488,1.1928194358097488
حاجه,-1.1927023682318192,1.1927023682318192
الزيت,-1.1923222161718696,1.1923222161718696
تصب,-1.1921489535722427,1.1921489535722427
انت عايش,1.1920895343950548,1.1920895343950548
خليده,1.1920521212339799,1.1920521212339799
جال الحراك,-1.1919376525738705,1.1919376525738705
الخليفه,-1.191733265380893,1.191733265380893
في عمرك,1.1915737994603752,1.1915737994603752
ياامير,1.1913162455866204,1.1913162455866204
العاطفه,-1.1908285698324446,1.1908285698324446
ولا ولا,-1.1908052918451575,1.1908052918451575
قولو,1.1904220972963375,1.1904220972963375
عديده,-1.1901834032155254,1.1901834032155254
سابق,-1.1897278319564193,1.1897278319564193
حبيبتي,1.189638236566359,1.189638236566359
امبعد,1.1891100464796263,1.1891100464796263
ملاين,-1.1887561727799196,1.1887561727799196
كوكب,-1.1886060748614389,1.1886060748614389
ديالك يا,1.1885573082495986,1.1885573082495986
الذي,-1.187689034162723,1.187689034162723
بلادنا,-1.1872287733772557,1.1872287733772557
مشاركه,1.1867359717887347,1.1867359717887347
لي راكم,1.1866317819430183,1.1866317819430183
زواوله,1.1863254390502347,1.1863254390502347
ندير,1.185962313252478,1.185962313252478
الحياه,-1.1854680794572843,1.1854680794572843
في دوله,1.185268108285981,1.185268108285981
شانك,1.1845905918005808,1.1845905918005808
ينالوا,-1.1844715699796409,1.1844715699796409
بيهم,-1.1844651777746515,1.1844651777746515
nsiporti,-1.1844519589621014,1.1844519589621014
لهذه,1.184123476655326,1.184123476655326
مالو,1.1840659758514254,1.1840659758514254
صديقي,-1.183995801487261,1.183995801487261
خارج الحدود,1.183898780943517,1.183898780943517
لانكم,-1.1837213564841238,1.1837213564841238
فرد,1.1831938415651897,1.1831938415651897
تسليم,-1.1827519052687137,1.1827519052687137
طرف,1.1826964278996916,1.1826964278996916
بل,-1.1826250173923005,1.1826250173923005
الجيش الشعب,-1.1825675387313257,1.1825675387313257
يوحد,1.1823800762284224,1.1823800762284224
موتي,1.18212874750383,1.18212874750383
مصانع,1.1820522145051624,1.1820522145051624
مام,-1.1819370764383956,1.1819370764383956
حكايتك,1.1813968713060856,1.1813968713060856
اشد,-1.1813265000114368,1.1813265000114368
مازالوا,-1.1812559865503434,1.1812559865503434
تحاسب,-1.1809216392478445,1.1809216392478445
فالجزاءر,1.1809205830098406,1.1809205830098406
اك,-1.1804250966749399,1.1804250966749399
لودو,1.1801186348360382,1.1801186348360382
نكرهوكم,1.1800739572663743,1.1800739572663743
باين عليك,1.179356629462157,1.179356629462157
المقبور,-1.179026095411813,1.179026095411813
نصيبهم,-1.1784468245785356,1.1784468245785356
كاين قبايل,1.1782870460248474,1.1782870460248474
منافقين كاين,1.1782870460248474,1.1782870460248474
نعرفوك,1.1781111604313952,1.1781111604313952
دقيقتين,1.178011642176833,1.178011642176833
كلها,-1.1779184747534572,1.1779184747534572
مقصوده,1.1777532139983273,1.1777532139983273
انما,1.1775901579176935,1.1775901579176935
فوطاو,1.1769521818738544,1.1769521818738544
في هاذ,-1.1769123327690159,1.1769123327690159
haka,-1.1768784973437312,1.1768784973437312
اسوء,1.176863313947195,1.176863313947195
صباح,-1.1768157200102414,1.1768157200102414
واسكنه,-1.176168736978404,1.176168736978404
واسكنه فسيح,-1.176168736978404,1.176168736978404
تسمى,-1.175817666489011,1.175817666489011
بالخبز,1.1758057606142809,1.1758057606142809
القوي,-1.175569442103162,1.175569442103162
المجال,1.1751071894745884,1.1751071894745884
نحاو,1.174919828239321,1.174919828239321
الرخيس,1.1744364369680738,1.1744364369680738
نزيدلك,1.1739868324599578,1.1739868324599578
فايت,1.173675831960308,1.173675831960308
بالطبع,-1.173509280210857,1.173509280210857
روح اله,1.1731623144064935,1.1731623144064935
لحمه,1.17195520756186,1.17195520756186
الانتخاب,-1.1719530144019255,1.1719530144019255
دوله عسكريه,-1.1716328277843364,1.1716328277843364
هدرت,-1.1715781418994176,1.1715781418994176
اهدر على,1.1715496975125732,1.1715496975125732
سا,1.1715054571183976,1.1715054571183976
الوكيل فيكم,-1.1714254784106628,1.1714254784106628
خص,1.1710765076656173,1.1710765076656173
الحب,-1.1710588504865531,1.1710588504865531
العب,-1.1707120939788453,1.1707120939788453
من الحراك,1.1704246922661374,1.1704246922661374
منتجاتنا,-1.170350512688584,1.170350512688584
الزوافي,-1.170057233409663,1.170057233409663
العديد,-1.1699782792862654,1.1699782792862654
جل,-1.1698775641096826,1.1698775641096826
اخواني,-1.1695630149740817,1.1695630149740817
يضحكو,-1.1684424428470832,1.1684424428470832
نتاكد,-1.1684223135344158,1.1684223135344158
تريدون,-1.1683251333202749,1.1683251333202749
الغالي,-1.1677919125134122,1.1677919125134122
سباب,1.1677529916841114,1.1677529916841114
الثالث,-1.1676596940609227,1.1676596940609227
يومين,-1.167074606821138,1.167074606821138
دزها,1.1664590069662006,1.1664590069662006
الزواوله,1.166372629545319,1.166372629545319
تسمع,1.1662259859454924,1.1662259859454924
يحرقك,1.1662045029451698,1.1662045029451698
تراب,-1.1661691171112272,1.1661691171112272
صحيح,1.1660789231933184,1.1660789231933184
عربيه,-1.1656213084427576,1.1656213084427576
والله,-1.1650286139092847,1.1650286139092847
عشاق,-1.1644590176450267,1.1644590176450267
لحمير,1.164244641129513,1.164244641129513
فاسدين,1.1637954229956704,1.1637954229956704
الاسلامي,-1.1635454487142824,1.1635454487142824
خصوصا,1.1635303347036845,1.1635303347036845
داير كي,1.163402573887428,1.163402573887428
يهديكم,1.1632519916681068,1.1632519916681068
تجار الجمله,1.163021865737849,1.163021865737849
السمانه,-1.1629326882327802,1.1629326882327802
ترفض,-1.1627913242907715,1.1627913242907715
ma,1.162767657974284,1.162767657974284
اراضي,-1.162664538245566,1.162664538245566
يا وجوه,1.1621672823691984,1.1621672823691984
عندو مشاريع,1.1621642588416743,1.1621642588416743
ديركت,-1.1616942676386315,1.1616942676386315
رحمه الله,-1.1616507375658935,1.1616507375658935
نيك مك,1.1616379600836138,1.1616379600836138
اشهار,-1.161559337820866,1.161559337820866
اثبت,-1.1614384090145082,1.1614384090145082
انا من,-1.1611435260177783,1.1611435260177783
الكيف,-1.1610090621458806,1.1610090621458806
نفهم,-1.1608158885328586,1.1608158885328586
يرحم الشهداء,-1.1606439145595446,1.1606439145595446
ديك,-1.1600903585676865,1.1600903585676865
جزاءرين,1.1593351612109504,1.1593351612109504
الاجناس,1.1592551833815208,1.1592551833815208
تلفون,-1.1589530510365302,1.1589530510365302
هدي,1.1587933253922935,1.1587933253922935
ونحن ناءمون,1.1587085319370491,1.1587085319370491
ناءمون,1.1587085319370491,1.1587085319370491
واحد ما,1.1584069417134546,1.1584069417134546
ربي يهنيك,-1.1580589952833822,1.1580589952833822
الاخرى,1.1578930105840926,1.1578930105840926
الصحون,-1.157815304362267,1.157815304362267
طحكوت,-1.1577180928580064,1.1577180928580064
الاعلى,-1.1576856413586363,1.1576856413586363
ظلم,-1.1576466801389225,1.1576466801389225
الكلام,-1.1575809378378248,1.1575809378378248
بوشاشي,1.1565650697122287,1.1565650697122287
يعني,-1.1561644806951343,1.1561644806951343
نعبدو,1.1558117627890887,1.1558117627890887
3lik,1.1557953075316973,1.1557953075316973
ياسمين,-1.1551744396061363,1.1551744396061363
تنازلت,-1.1551744396061363,1.1551744396061363
نسبه الاسهم,-1.1551744396061363,1.1551744396061363
الاسهم,-1.1551744396061363,1.1551744396061363
واش,1.155129368149429,1.155129368149429
السارق,-1.1550218105713579,1.1550218105713579
وكيف,1.1543622849963429,1.1543622849963429
منطيحوش,1.154125822903776,1.154125822903776
اهميه,-1.1540299213915786,1.1540299213915786
زعمه,1.1530571938849339,1.1530571938849339
رجاله,-1.1529341569321094,1.1529341569321094
لطفك يارب,1.152887085160944,1.152887085160944
نزيه,1.1526664039136798,1.1526664039136798
بعدها,-1.1526017724746853,1.1526017724746853
المستحيل,-1.1525419032309192,1.1525419032309192
يعطيكم,1.152533980547799,1.152533980547799
امير dz,-1.1524264182056554,1.1524264182056554
عسكر,1.1520833097628644,1.1520833097628644
قرار,1.1519766197585284,1.1519766197585284
باش,-1.1518503464822436,1.1518503464822436
يحسن,-1.1517677093197987,1.1517677093197987
اله ونعم,1.1512733424766697,1.1512733424766697
مدرسه,-1.1511432378723987,1.1511432378723987
وعدم,-1.1511252374207444,1.1511252374207444
ياو مكانش,1.1509769015407927,1.1509769015407927
قاع لي,1.1509769015407927,1.1509769015407927
مكانش قاع,1.1509769015407927,1.1509769015407927
رفض,-1.1508591845549094,1.1508591845549094
منضمه,1.1500551477952843,1.1500551477952843
منضمه ارهابيه,1.1500551477952843,1.1500551477952843
ياجورا,-1.1498849548683758,1.1498849548683758
ترفد,1.1496940507411528,1.1496940507411528
الجيش,-1.149206993320177,1.149206993320177
اله يرحمها,-1.1489738216838834,1.1489738216838834
طبق,-1.1487585166174368,1.1487585166174368
فالخارج,1.1487032019524632,1.1487032019524632
وتاع,1.1483982772502963,1.1483982772502963
ياو,1.1483513563570908,1.1483513563570908
توقيف,-1.1480445294405586,1.1480445294405586
احكينا,-1.1478936455558337,1.1478936455558337
يزيدك,-1.1476108165950358,1.1476108165950358
دراهمو,1.1476076938434174,1.1476076938434174
واش دعوه,1.1472062507052607,1.1472062507052607
دعوه الشعارات,1.1472062507052607,1.1472062507052607
المعطوبين واش,1.1472062507052607,1.1472062507052607
وتسبوا,1.1472062507052607,1.1472062507052607
جماعه المعطوبين,1.1472062507052607,1.1472062507052607
الشعارات تبون,1.1472062507052607,1.1472062507052607
طاب,1.1470411468398007,1.1470411468398007
موهبه,1.1463035316527963,1.1463035316527963
سارق يحاسب,1.1461934945349066,1.1461934945349066
شراء,-1.1461668106281357,1.1461668106281357
يلم,1.145963762246365,1.145963762246365
الاعدام,1.1459360976520896,1.1459360976520896
وجه الارض,1.1457986157586961,1.1457986157586961
حياه الرفاهيه,1.144632731452517,1.144632731452517
تغرق,-1.144550953710402,1.144550953710402
غرب,-1.1442584928960313,1.1442584928960313
انتم مجرد,1.1440973134422208,1.1440973134422208
وجود,1.1438720595358365,1.1438720595358365
بركاو,1.1434743644500902,1.1434743644500902
اطلقو صراح,-1.143403754208003,1.143403754208003
الله اعلم,-1.1432934391214131,1.1432934391214131
تجد,-1.1425529724744983,1.1425529724744983
متعه,-1.1421475173525077,1.1421475173525077
الحاجه,1.1420406923768391,1.1420406923768391
زغماتي,1.1418807482340048,1.1418807482340048
وقت الصح,-1.1418623402338377,1.1418623402338377
ربراب,1.141115710282752,1.141115710282752
المقاطعه هي,-1.141023165627355,1.141023165627355
مساكن,1.1408269795672634,1.1408269795672634
عرفته,1.1408247745422928,1.1408247745422928
لى,1.1407753873520368,1.1407753873520368
مرتزقه,1.1402558322106333,1.1402558322106333
شعب,1.14014950050978,1.14014950050978
فريكو,1.1399836591874157,1.1399836591874157
معيشيه,1.139973167668606,1.139973167668606
المسلحه,-1.1399065694028967,1.1399065694028967
المدرسه,1.1399029811948063,1.1399029811948063
ابي,-1.1390265008155487,1.1390265008155487
ولكل,1.1388065313521367,1.1388065313521367
ذكره,1.1386011273813965,1.1386011273813965
وال,-1.1384276692753816,1.1384276692753816
يرزق فيكم,1.1381810119205973,1.1381810119205973
لي حيرتني,1.1381810119205973,1.1381810119205973
حيرتني الناس,1.1381810119205973,1.1381810119205973
فيكم مثلا,1.1381810119205973,1.1381810119205973
حيرتني,1.1381810119205973,1.1381810119205973
راه يرزق,1.1381810119205973,1.1381810119205973
غير على,1.1377643485173277,1.1377643485173277
القافله تسير,1.137670371372548,1.137670371372548
bts,1.1376435454304106,1.1376435454304106
هه,-1.137174795043899,1.137174795043899
الدل,1.136712989444898,1.136712989444898
الدياراس,1.1366387319185893,1.1366387319185893
اشد من,-1.1362699418741153,1.1362699418741153
استعمار,1.1352144511917428,1.1352144511917428
في دزاير,1.1351458665042693,1.1351458665042693
الوكيل,-1.1346736263444417,1.1346736263444417
يا ايها,-1.134542544660782,1.134542544660782
كبيرا,1.134353121555862,1.134353121555862
بنان,-1.1341346060915032,1.1341346060915032
زعما,-1.1337211759755605,1.1337211759755605
عرفته البشريه,1.1335270742272843,1.1335270742272843
له نعمه,-1.1332923271805986,1.1332923271805986
ايقافه,1.1330292026654276,1.1330292026654276
hna,-1.132113858994214,1.132113858994214
زعما ربراب,1.1319301815749312,1.1319301815749312
تخطيط,-1.1318255050640755,1.1318255050640755
الوطني الشعبي,1.1313729018015166,1.1313729018015166
ثمنها,-1.1310754183052318,1.1310754183052318
تخرا,1.1307348721207953,1.1307348721207953
وعلي,1.1303137083326589,1.1303137083326589
لالا,-1.130044823533518,1.130044823533518
خلينا,-1.1299738489798121,1.1299738489798121
اوكي,-1.1299314795546676,1.1299314795546676
جمله,1.1297085148185146,1.1297085148185146
حبات,-1.129429190636655,1.129429190636655
لسنا,1.1293813246934983,1.1293813246934983
فكاش,1.128590154022523,1.128590154022523
تسكن فكاش,1.128590154022523,1.128590154022523
طيب,1.1285392789996793,1.1285392789996793
يلقاو,1.128240059294897,1.128240059294897
حكم,-1.1279721364470392,1.1279721364470392
الشيته,1.1279204738823603,1.1279204738823603
الشرعيه,-1.1278260290025373,1.1278260290025373
وفقك اله,-1.127789562271633,1.127789562271633
فقيره,1.127695430991212,1.127695430991212
الالهه,1.1275311096556946,1.1275311096556946
مازال ما,-1.126731418018019,1.126731418018019
بعيد,1.1264411849668383,1.1264411849668383
مع المقاطعه,1.126288798393964,1.126288798393964
جيدا,1.126103985650344,1.126103985650344
كمال,1.1255965212711139,1.1255965212711139
سبعيني,1.1254662762515375,1.1254662762515375
خلاصه,-1.1250683186603168,1.1250683186603168
خلاصه القول,-1.1250683186603168,1.1250683186603168
التابعه,-1.1249303474657815,1.1249303474657815
لعقوبه,1.1244604226775914,1.1244604226775914
فالشعب,1.124434292801924,1.124434292801924
تهنينا,1.123952801815149,1.123952801815149
نحن,-1.1237458394423103,1.1237458394423103
قديمه,-1.1234689792038992,1.1234689792038992
تكلمت,-1.1233413397805911,1.1233413397805911
sans,-1.123341109361428,1.123341109361428
زمان,-1.1232020338296893,1.1232020338296893
متروحش,1.1229734646428682,1.1229734646428682
ناجح,1.122957415198512,1.122957415198512
تمنيكه,1.1228668490203697,1.1228668490203697
احشمو,1.12263552065755,1.12263552065755
صغيره,1.1224543585719862,1.1224543585719862
صحا,1.122345530560937,1.122345530560937
الفسق,1.1219764790712317,1.1219764790712317
مستقله,1.1217833597119826,1.1217833597119826
الثلج,1.1207089284732936,1.1207089284732936
يا اخي,-1.1200088505101378,1.1200088505101378
الا باله,-1.119782428822472,1.119782428822472
امربكا,-1.1193826815582688,1.1193826815582688
مكانو,1.1193243080429494,1.1193243080429494
تطهير,1.119027351128061,1.119027351128061
جه,1.1188454501202012,1.1188454501202012
من زمان,1.1184818924799391,1.1184818924799391
الحقد,-1.1181683143410117,1.1181683143410117
فخامه الشعب,-1.1176050300008487,1.1176050300008487
الطرف,-1.1174370631912096,1.1174370631912096
تفو عليكم,1.1170657973554288,1.1170657973554288
راك غالط,1.1168667968619066,1.1168667968619066
ردوا,1.1167375724046062,1.1167375724046062
وقت الارهاب,-1.1165962285496092,1.1165962285496092
الدوله العثمانيه,-1.1163739849396106,1.1163739849396106
ترى,1.116298302635989,1.116298302635989
الدماء,1.1159754371759345,1.1159754371759345
خويا ربي,-1.1159309794132097,1.1159309794132097
حياك اله,-1.11531649727835,1.11531649727835
frites,1.1150233518330523,1.1150233518330523
روح دير,1.114710581229545,1.114710581229545
يخدم,-1.1145663715386915,1.1145663715386915
وكذلك,1.114403556520188,1.114403556520188
يقاطع,-1.1142233287671486,1.1142233287671486
ولايات,1.1138277372355632,1.1138277372355632
اتكلم,-1.113613688243844,1.113613688243844
قول,-1.1132174409437066,1.1132174409437066
كره منك,1.1128661275852694,1.1128661275852694
يقول,-1.1120762034286076,1.1120762034286076
صابك,-1.111939711743715,1.111939711743715
يامن صابك,-1.111939711743715,1.111939711743715
اله واله,1.1116207011554644,1.1116207011554644
لاريني,-1.1115661404510244,1.1115661404510244
باش كي,1.111412724332146,1.111412724332146
لتونس,-1.111064483191414,1.111064483191414
بالفعل,1.1106715280871358,1.1106715280871358
الفكري,1.109639592981151,1.109639592981151
في تاريخ,1.1092804143057762,1.1092804143057762
في بجايه,1.1089149062536514,1.1089149062536514
يطلق,-1.1086778348610202,1.1086778348610202
حلال,-1.1083412927886447,1.1083412927886447
الله احرار,-1.108301033258349,1.108301033258349
مخو,1.1081729594796395,1.1081729594796395
matoub,-1.1079038644134371,1.1079038644134371
مع بعض,-1.1078859712418945,1.1078859712418945
جي,-1.1077351751569486,1.1077351751569486
صمت,1.1073851602763733,1.1073851602763733
دم,1.1067863780745824,1.1067863780745824
داعي,-1.1065927564685214,1.1065927564685214
سواء,1.1058079706684327,1.1058079706684327
مصداقيه,1.1056648067550205,1.1056648067550205
الكلاب تنبح,1.1056136736634405,1.1056136736634405
الامر مستحيلا,1.1043846046889803,1.1043846046889803
كلبك يتبعك,1.104281401275269,1.104281401275269
تعبك,1.1039998639442765,1.1039998639442765
الحق بصح,1.1037844363507423,1.1037844363507423
تاحم,1.1030864301840355,1.1030864301840355
جبري,1.1030354818672845,1.1030354818672845
الثروه,1.1025457472584417,1.1025457472584417
حال,1.102351187907784,1.102351187907784
راحو,1.1021010575683994,1.1021010575683994
اله العظيم,-1.1016563834704165,1.1016563834704165
قليل لي,1.1015888990578508,1.1015888990578508
وتقول,1.1014685329531044,1.1014685329531044
يهمها,-1.1014658278040572,1.1014658278040572
يدور,1.101353035690738,1.101353035690738
باجه,-1.1011329151007132,1.1011329151007132
شحال بنين,-1.1011182791355651,1.1011182791355651
منتوجكم,-1.100916492240116,1.100916492240116
فيه,1.1008231208840822,1.1008231208840822
اﻻ,-1.1008067070438767,1.1008067070438767
ازول,-1.1001528032965748,1.1001528032965748
يلحقوا,-1.0997651066530099,1.0997651066530099
je,-1.09947613361823,1.09947613361823
في القمه,-1.0994745750232677,1.0994745750232677
تنوفيق,1.098935179395905,1.098935179395905
نتوما تاني,-1.0985958152978006,1.0985958152978006
ايضا,-1.098484745149539,1.098484745149539
خريج,-1.0978462823414992,1.0978462823414992
الارهابيين,-1.097230083158147,1.097230083158147
ساركازم,-1.097153249021135,1.097153249021135
اندهش,1.0965297676569268,1.0965297676569268
نشجع مولوديه,-1.0964259756566026,1.0964259756566026
نفرضو,1.0961149724671175,1.0961149724671175
ارجوكم,-1.095997449280772,1.095997449280772
نقعد,1.0957719540925805,1.0957719540925805
هي,-1.095440359972274,1.095440359972274
خاطني,-1.0951118563630469,1.0951118563630469
داير حاله,1.0946730141254197,1.0946730141254197
بالله,1.0946547232747248,1.0946547232747248
مربي,1.094564611282445,1.094564611282445
دولار,1.0945204473102452,1.0945204473102452
المثل,-1.0944851096082506,1.0944851096082506
ولايه جيجل,-1.0940693835727215,1.0940693835727215
شكون قال,-1.0939167544268134,1.0939167544268134
ديجا,1.0935526007149354,1.0935526007149354
مكاش منها,1.0934268315328342,1.0934268315328342
مت,1.0933851513626611,1.0933851513626611
نورمي,1.0926896756231077,1.0926896756231077
استاذ امير,-1.0924333600600942,1.0924333600600942
مليح مليح,1.0917822515182802,1.0917822515182802
يترشح,-1.0915217208660846,1.0915217208660846
مباشر,-1.0914987523186934,1.0914987523186934
عاشت,1.090667700357265,1.090667700357265
جماعه تعبد,1.0903961009197765,1.0903961009197765
كثيرا,-1.0902008450823906,1.0902008450823906
تقلق,-1.0898234662782764,1.0898234662782764
اتق,-1.0893673835635715,1.0893673835635715
هي لي,1.089023254585658,1.089023254585658
باقي الولايات,1.0887822602878843,1.0887822602878843
الناس,1.0879887189770525,1.0879887189770525
على نعمه,-1.087801903908226,1.087801903908226
الاصلي,-1.087693111045204,1.087693111045204
حبيت تقول,1.087636966194788,1.087636966194788
حبيتو,-1.0871548489481986,1.0871548489481986
مفهمتش علاه,1.087108403287143,1.087108403287143
ضرك,-1.0869303776934673,1.0869303776934673
تعبر,1.0862647554832972,1.0862647554832972
كوكب اليابان,-1.0860502852331313,1.0860502852331313
نفرح,-1.085591717875963,1.085591717875963
اتصل,-1.0849667797676075,1.0849667797676075
يرحم,1.0847121600976135,1.0847121600976135
201,1.084628566118197,1.084628566118197
انت لست,-1.0842319035653396,1.0842319035653396
يا نقش,1.0841774535627124,1.0841774535627124
صحتك,1.0839559816387423,1.0839559816387423
سولكينغ,-1.0832887056235982,1.0832887056235982
اعداء,-1.0831006953808726,1.0831006953808726
في الدين,-1.0830698942211647,1.0830698942211647
تنتمي,-1.0828906533587055,1.0828906533587055
هتلر,-1.082616909668766,1.082616909668766
يعلم,1.0824616359590087,1.0824616359590087
الى الله,-1.082413937731172,1.082413937731172
يا حمار,1.0820569880938498,1.0820569880938498
رايتم,-1.0818533794953198,1.0818533794953198
وحدو سكن,1.081793926738378,1.081793926738378
ايسكوبار مليح,1.081793926738378,1.081793926738378
مليح لي,1.081793926738378,1.081793926738378
كولومبيا,1.081793926738378,1.081793926738378
ايسكوبار وحدو,1.081793926738378,1.081793926738378
نص كولومبيا,1.081793926738378,1.081793926738378
seqsi,-1.081612040201828,1.081612040201828
ياهذا,1.08133365338712,1.08133365338712
امير اشرف,1.0812203862166028,1.0812203862166028
ntouma,1.0801226196435116,1.0801226196435116
دورونج,-1.0799905933667497,1.0799905933667497
قبائلي,1.0796709153377908,1.0796709153377908
تجار,1.0794527559226268,1.0794527559226268
وزبي,1.0793711802525392,1.0793711802525392
بذات,1.079244676570814,1.079244676570814
هو لي,1.0790823621578676,1.0790823621578676
ان اكون,1.0789019215750237,1.0789019215750237
طبخ,-1.0787221423841784,1.0787221423841784
بينكم,-1.0787083162857274,1.0787083162857274
صغير,-1.0785935702623968,1.0785935702623968
راه عايش,1.0785364764762557,1.0785364764762557
يا بغل,1.078259112774182,1.078259112774182
المرحوم,1.0764916778781848,1.0764916778781848
بيدك,-1.0762999839599883,1.0762999839599883
كليتي,1.0760756308662354,1.0760756308662354
على الله,-1.0754309209511332,1.0754309209511332
20 سنه,1.0752637688268813,1.0752637688268813
شارون,1.0750205987001087,1.0750205987001087
فيهم ربي,-1.0745511728632517,1.0745511728632517
موالف,-1.0744640907560417,1.0744640907560417
عايشين,1.0743277874109203,1.0743277874109203
فقراء,1.0741341605322035,1.0741341605322035
190,-1.0740365610648737,1.0740365610648737
رام,-1.0735348052557812,1.0735348052557812
يجيبو,-1.073417786168024,1.073417786168024
فاهمه,-1.0733819660110773,1.0733819660110773
قتلتونا,1.07329748314315,1.07329748314315
الغسيل,-1.072974939006524,1.072974939006524
اله الغسيل,-1.0729015429603614,1.0729015429603614
سامسونق,-1.072451132047319,1.072451132047319
جسر,-1.072364075237303,1.072364075237303
وشعب,-1.0722098608406396,1.0722098608406396
الدار,-1.0720635489946793,1.0720635489946793
يديهم,1.0720429029230936,1.0720429029230936
والارض,1.0716290687493168,1.0716290687493168
ديدين,-1.0713374350414708,1.0713374350414708
صديق,-1.0709235686934448,1.0709235686934448
تلقي,-1.070601936831311,1.070601936831311
يخليكم,-1.070393026009004,1.070393026009004
طريقه,-1.069605160365928,1.069605160365928
شبه,-1.069236741376051,1.069236741376051
معنين,-1.0691310203750435,1.0691310203750435
ايجيب,-1.069123943862549,1.069123943862549
بك,-1.0687254782200069,1.0687254782200069
شوف نتا,1.0686991545608804,1.0686991545608804
تنهب,-1.0684383733858935,1.0684383733858935
حاسب,1.068203607255183,1.068203607255183
اختفاء,1.0677461450303734,1.0677461450303734
الفيس,-1.0673328298001736,1.0673328298001736
كبير يا,1.0660164172936513,1.0660164172936513
الكبار,1.0654890462660898,1.0654890462660898
نيفو تاعك,1.0652431965033167,1.0652431965033167
غاضهم,-1.0651976842646482,1.0651976842646482
يقال,1.0650855988361025,1.0650855988361025
والدوله,-1.0649266158750432,1.0649266158750432
حركه المرور,-1.0646260635256628,1.0646260635256628
وخلاص,-1.0644664061694546,1.0644664061694546
ولى,1.0641756397497433,1.0641756397497433
قريت,-1.063912587057813,1.063912587057813
سبق,-1.0637750774056935,1.0637750774056935
كندور,-1.0635802727538668,1.0635802727538668
kima nta,1.0635298780556648,1.0635298780556648
تحظر,-1.0631569320790146,1.0631569320790146
قستها فرار,-1.0630586644953872,1.0630586644953872
الاخري,1.0629751308610762,1.0629751308610762
قلبها,-1.062406324425899,1.062406324425899
نرزقهم,-1.0624029223011764,1.0624029223011764
ولد القحبه,1.062127368876957,1.062127368876957
يشافيك,-1.0620932597358423,1.0620932597358423
يتحكم,-1.0616274246335125,1.0616274246335125
يسكنو,1.0610955941004752,1.0610955941004752
ربراب كان,1.0605962995927058,1.0605962995927058
يطيح,1.0605422018390906,1.0605422018390906
عرب,1.0602234970227946,1.0602234970227946
والنجاح,-1.0600636387638276,1.0600636387638276
اعتذر,-1.059927629017926,1.059927629017926
معاك يا,-1.0589549904163038,1.0589549904163038
عين,1.058446581816848,1.058446581816848
فرص,1.0584276454628478,1.0584276454628478
جهه,1.0581725723878928,1.0581725723878928
نيكوهم,1.0573181914717649,1.0573181914717649
ربراب في,1.0568926992599699,1.0568926992599699
الباك,-1.0566200472462035,1.0566200472462035
يوفر,-1.0564988481744588,1.0564988481744588
الو وينك,-1.056295674690001,1.056295674690001
لكل الاحرار,-1.0562539379880507,1.0562539379880507
واليوم,-1.055965449096131,1.055965449096131
المعارضين,1.0555644782936109,1.0555644782936109
يسمى,-1.0553204812255108,1.0553204812255108
سبحان الله,1.0548164842657828,1.0548164842657828
سبحان,1.0548164842657828,1.0548164842657828
احكيلنا,1.0546336110254497,1.0546336110254497
لي راهي,1.054576092341799,1.054576092341799
راتب,1.0545454023258691,1.0545454023258691
معطوبي,1.0536508362326,1.0536508362326
معطوبي الجيش,1.0536508362326,1.0536508362326
الادق,1.0536223653764871,1.0536223653764871
اله يرحم,-1.0535234755724945,1.0535234755724945
rajel,1.0533505773224092,1.0533505773224092
جره,-1.0529560312692834,1.0529560312692834
نيك عمري,1.052585530120281,1.052585530120281
تيزي,1.051890391692687,1.051890391692687
وزو,1.051890391692687,1.051890391692687
تيزي وزو,1.051890391692687,1.051890391692687
القبه,-1.051324008508644,1.051324008508644
راه,1.050913068306374,1.050913068306374
dzayer,1.0503787527823463,1.0503787527823463
امور,1.050194190071982,1.050194190071982
يرزق,-1.0500593800826374,1.0500593800826374
ايسكوبار,1.0497530364856298,1.0497530364856298
متزيدش,-1.049664896057279,1.049664896057279
تنشر,1.049543396759909,1.049543396759909
بطبيعه الحال,1.0491849789410048,1.0491849789410048
بطبيعه,1.0491849789410048,1.0491849789410048
راهم,1.048951869020509,1.048951869020509
دي زاد,-1.0489312990652728,1.0489312990652728
المهم,-1.0485203345389316,1.0485203345389316
بعضاهم,-1.0478223252836885,1.0478223252836885
يخلف,1.0477984744417783,1.0477984744417783
تعتبر,-1.0476940856839103,1.0476940856839103
تسقط المافيا,-1.0473357805666235,1.0473357805666235
مواقف,-1.0472256218303977,1.0472256218303977
انش,-1.0471501045316813,1.0471501045316813
ماتشريشزيتربراب,-1.046943717351204,1.046943717351204
حافله,-1.0467849098280846,1.0467849098280846
واقفين,1.0467655343897138,1.0467655343897138
الحنون,1.0466735871451935,1.0466735871451935
مكش,-1.0465223894346665,1.0465223894346665
التكنولوجيا,-1.0461265728210853,1.0461265728210853
يرحم روح,1.0460259298895098,1.0460259298895098
يقضي,-1.0458036676198583,1.0458036676198583
السخانه,1.045148793574199,1.045148793574199
حبيبنا,1.0448963459223852,1.0448963459223852
توظيف,1.0439149488366193,1.0439149488366193
يا الرب,1.043622443141912,1.043622443141912
الجديده نتاع,1.0435233135639612,1.0435233135639612
البشر,-1.0423665713768646,1.0423665713768646
صل,-1.0418454568523836,1.0418454568523836
دراسه,-1.041730259771847,1.041730259771847
حقا,1.0416225917836468,1.0416225917836468
تعالى,-1.0410771983718545,1.0410771983718545
اتقي اله,-1.0410617154492312,1.0410617154492312
زلزال بقوه,-1.0408319590616246,1.0408319590616246
الكفر,-1.0405112382194281,1.0405112382194281
وكلاب,1.0402887379498076,1.0402887379498076
المدنيه,1.0400894500801579,1.0400894500801579
اشخاص,1.0397392930373788,1.0397392930373788
كنز,1.039250434933512,1.039250434933512
لرجال,1.0391393849826456,1.0391393849826456
كيما هاك,-1.0390383384540969,1.0390383384540969
تستطيع,-1.0387026462202371,1.0387026462202371
الحساب,-1.0382763213192623,1.0382763213192623
غدا,-1.0382714091793943,1.0382714091793943
واحنا,-1.0382066653051483,1.0382066653051483
دج,1.038087173357673,1.038087173357673
صابو,-1.0380067470988128,1.0380067470988128
رديتو,1.0370988992365873,1.0370988992365873
راءع,-1.0369151519567157,1.0369151519567157
خو,-1.0366094991050927,1.0366094991050927
اغلب,-1.0364187255108273,1.0364187255108273
الحكم,1.0363798689054884,1.0363798689054884
نتوما تعبدو,1.0360143331303073,1.0360143331303073
يرحمك يا,-1.035621745146741,1.035621745146741
العنصريه,1.0355224187666023,1.0355224187666023
تصفيه,-1.0352117760081068,1.0352117760081068
الكهرومنزليه,-1.035102181899185,1.035102181899185
من 190,-1.0341293992636813,1.0341293992636813
تحت شعار,-1.0336283481263298,1.0336283481263298
ماتو,-1.0332835630206574,1.0332835630206574
على العصابه,1.033238469885571,1.033238469885571
يتغير,-1.03280997634594,1.03280997634594
موته,1.0327866101737913,1.0327866101737913
comme ça,1.032710399750216,1.032710399750216
بخصوص,-1.032645124751303,1.032645124751303
النيك,1.0320855335322279,1.0320855335322279
حاجه فور,-1.0317848741766864,1.0317848741766864
يجعل,-1.029924133526423,1.029924133526423
لاباج,1.0298654179398277,1.0298654179398277
اخذت,-1.029556957606737,1.029556957606737
ktar,1.0293561152697326,1.0293561152697326
مناصب شغل,1.0284957350146382,1.0284957350146382
الهند,1.0283267369782267,1.0283267369782267
40,-1.028170026325745,1.028170026325745
عنوان,-1.0275184809614364,1.0275184809614364
فالحبس,-1.0274158878928374,1.0274158878928374
ولو,1.0272792176273011,1.0272792176273011
العاءله,-1.0270876955848067,1.0270876955848067
شباب,1.0270024089682834,1.0270024089682834
الدنيا فانيه,-1.0265158451425391,1.0265158451425391
فانيه,-1.0265158451425391,1.0265158451425391
مريح,-1.0260411452025409,1.0260411452025409
قاصر,1.0251823341460695,1.0251823341460695
نسا,1.0251424219539886,1.0251424219539886
49,1.0249173715288833,1.0249173715288833
ذيك,1.0248413786771202,1.0248413786771202
li,1.0247620832300988,1.0247620832300988
انا شاوي,1.0239699866962806,1.0239699866962806
الخطه,-1.0238906433211887,1.0238906433211887
نعرفو,1.023624450694994,1.023624450694994
كغ,-1.0231258191948955,1.0231258191948955
ويسكنه,-1.023036574716766,1.023036574716766
ازمه,-1.0227429536355448,1.0227429536355448
استهزاء,-1.0226642226057279,1.0226642226057279
سوق,1.0225494307044005,1.0225494307044005
شكرا لكم,-1.0224460223929515,1.0224460223929515
تبحث,-1.0224265899241136,1.0224265899241136
diro,1.0221342740424098,1.0221342740424098
بالعقل,1.0218329705688478,1.0218329705688478
هاديك,1.021437789667079,1.021437789667079
hado,-1.021305491862068,1.021305491862068
كل شئ,-1.0211638879313114,1.0211638879313114
تخرج من,1.0207892124208389,1.0207892124208389
يروح,-1.020115817398315,1.020115817398315
حقي,-1.0199391483903069,1.0199391483903069
والبيض,1.0196690380301043,1.0196690380301043
نحو,1.0196633804426807,1.0196633804426807
تاعه,-1.0194300019554625,1.0194300019554625
حروب,-1.0183292821645982,1.0183292821645982
بالبركه عليك,-1.017956247546149,1.017956247546149
ويبارك,-1.0178970352811982,1.0178970352811982
زوافي,1.017617222491351,1.017617222491351
اضعاف,-1.0172801035149028,1.0172801035149028
التحيه,-1.0171615950640822,1.0171615950640822
ترميم,-1.0171600907658536,1.0171600907658536
وديما عقابهم,-1.017037287243371,1.017037287243371
وديما,-1.017037287243371,1.017037287243371
بالضبط,-1.016925263430364,1.016925263430364
يرحمك,-1.016467201209697,1.016467201209697
احب,-1.0164269948389677,1.0164269948389677
ومازلت,1.016175561379368,1.016175561379368
مانيش قبايلي,1.0159671497601304,1.0159671497601304
نشرت,-1.015929130093686,1.015929130093686
ربي سبحانو,-1.0157940381633388,1.0157940381633388
روحك الشعب,1.015408874903202,1.015408874903202
نميلو,-1.0153526259039367,1.0153526259039367
روحوا,-1.0153401892015983,1.0153401892015983
عاجلا,1.0150917393009777,1.0150917393009777
انا والله,-1.0147090436499027,1.0147090436499027
وكره من,-1.0146437775923827,1.0146437775923827
اولادنا,1.0145523516964756,1.0145523516964756
مكانش,-1.0140940856993688,1.0140940856993688
اشباه,1.013972688950365,1.013972688950365
الله ونعم,1.012998394460135,1.012998394460135
والحمد له,-1.0119164224328654,1.0119164224328654
تبدل,-1.0117724365625471,1.0117724365625471
بلي,-1.0111811032963873,1.0111811032963873
تشكمو,1.0110869861321456,1.0110869861321456
جميل,1.0109378881413333,1.0109378881413333
يمكنك,-1.0105137533228112,1.0105137533228112
الجزائري,-1.0100765995994847,1.0100765995994847
مزالكم,1.0100688348898437,1.0100688348898437
يقراو,1.0096362271180956,1.0096362271180956
الرجال,1.0096276009814424,1.0096276009814424
الخطاب,-1.0094826282421265,1.0094826282421265
جاتو,-1.0093697571144276,1.0093697571144276
تبارك الله,-1.0093159497629383,1.0093159497629383
يسخر قوم,-1.0090777967606606,1.0090777967606606
يسخر,-1.0090777967606606,1.0090777967606606
منهن,-1.0090777967606606,1.0090777967606606
روحي تعطي,1.0087743064450272,1.0087743064450272
saha,-1.0086605797908612,1.0086605797908612
نشوف في,1.008270407061101,1.008270407061101
ta3,1.0082552376460028,1.0082552376460028
مزال,1.008008038072625,1.008008038072625
اخواننا في,-1.0074302820448642,1.0074302820448642
في الخارج,-1.0066597163419915,1.0066597163419915
دورو,-1.0064002197532105,1.0064002197532105
الحذر,-1.005857574979778,1.005857574979778
الثكنات,-1.0057942107974875,1.0057942107974875
تجويع,-1.005182273960097,1.005182273960097
اشرف منك,1.0047779542763058,1.0047779542763058
يشفيك,-1.0047623922684117,1.0047623922684117
كاش حاجه,1.0047621412936452,1.0047621412936452
ينصر الحق,-1.0042468692219566,1.0042468692219566
حساء,-1.0042022986004921,1.0042022986004921
زبده,-1.0041597977288692,1.0041597977288692
انتوما تقدرو,-1.0040251668036206,1.0040251668036206
تصلح عندنا,-1.0040251668036206,1.0040251668036206
تستغلوها,-1.0040251668036206,1.0040251668036206
مع الشعب,1.0038094255681755,1.0038094255681755
كانت,-1.0037659014418425,1.0037659014418425
هدر,1.0037179665818374,1.0037179665818374
اصحابه,-1.003701735496712,1.003701735496712
حراك,-1.0035701319894594,1.0035701319894594
ظالم,-1.0031518724894464,1.0031518724894464
مشاريع,1.0024774297035883,1.0024774297035883
الاساس,-1.0016806330218901,1.0016806330218901
غلطت,-1.0015073911697945,1.0015073911697945
ذوي الحقوق,-1.0011663405154505,1.0011663405154505
تحيه كبيره,-1.0008413732668497,1.0008413732668497
من النجاح,-1.0002222348693783,1.0002222348693783
من اجل,1.0001498419910082,1.0001498419910082
لا توجد,1.0001328884787735,1.0001328884787735
ان لم,-0.9999200498835455,0.9999200498835455
وتقدير,-0.9998891788394142,0.9998891788394142
عباس,0.99973494922734,0.99973494922734
خلوه,-0.9995611105085812,0.9995611105085812
اذ,0.9993785685146134,0.9993785685146134
ودعم,0.9989153735247699,0.9989153735247699
ياا,-0.9984285149555161,0.9984285149555161
غني,-0.9976061251873668,0.9976061251873668
الان,-0.9975715634150107,0.9975715634150107
الباطل,0.9975378122973027,0.9975378122973027
مبروك على,-0.9965206680613238,0.9965206680613238
تحلبت,0.9963243418589288,0.9963243418589288
من عندهم,0.9963096776352861,0.9963096776352861
اغلبهم,0.9961123532897,0.9961123532897
وحتي,0.9960568941684322,0.9960568941684322
يبيع السكر,-0.9960055385418791,0.9960055385418791
معاها,-0.9955793020036344,0.9955793020036344
ابناء,-0.9951818500046326,0.9951818500046326
البيضاء,0.994554096746667,0.994554096746667
قبله,0.9945360765061826,0.9945360765061826
الهدايا,-0.9944308897706261,0.9944308897706261
اله غسيل,-0.994257013342786,0.994257013342786
سي,0.9926658170411274,0.9926658170411274
حراق,-0.9926026260056359,0.9926026260056359
فورا,0.992373270144105,0.992373270144105
فاسيليتي,-0.9919453287750288,0.9919453287750288
ثمن السردين,-0.991904735921146,0.991904735921146
مجتهد,-0.9918893814679498,0.9918893814679498
اكيد,-0.9916044847199437,0.9916044847199437
ان كل,0.9915286064100959,0.9915286064100959
اكرمكم اله,0.9914498267362036,0.9914498267362036
دون,-0.99110603112697,0.99110603112697
المحلات,-0.9907192009835392,0.9907192009835392
البرقوق,-0.990278261512324,0.990278261512324
لاجل,0.9902656302544511,0.9902656302544511
كيلو,-0.9899360936489608,0.9899360936489608
يكتب,-0.9891471762929047,0.9891471762929047
الا الله,0.9886601829951408,0.9886601829951408
لحلو,-0.9884846083217611,0.9884846083217611
بارك الله,-0.9880745932275167,0.9880745932275167
كوندور كاش,-0.9878800055200235,0.9878800055200235
تاوعك,-0.9871479996001201,0.9871479996001201
خرانسا,0.9870042758951162,0.9870042758951162
جهويه,-0.98698729609548,0.98698729609548
هاذيك,-0.9868977038560595,0.9868977038560595
كلغ,-0.9866102768655763,0.9866102768655763
كومنتار,0.9859034804835898,0.9859034804835898
عندوا,0.9856939680452298,0.9856939680452298
تاع زبي,0.9848649059690856,0.9848649059690856
دارها,-0.9839692696564721,0.9839692696564721
عسول,0.9837498690539396,0.9837498690539396
يا وجه,0.9835112161273657,0.9835112161273657
جبنه,-0.9832964627659052,0.9832964627659052
قتلو,-0.9826280251555766,0.9826280251555766
اوليدك,0.9823451204701492,0.9823451204701492
الماء,0.9823134856391434,0.9823134856391434
عاليه,0.9821723356953982,0.9821723356953982
وربراب وحداد,0.9819611166772749,0.9819611166772749
الجزائر الجديده,-0.981034432954136,0.981034432954136
الشعب الجزاءري,-0.980904309081997,0.980904309081997
على خاطر,0.9807647881256413,0.9807647881256413
المسلمون,-0.9806477363100385,0.9806477363100385
مليحه,-0.9804969395969946,0.9804969395969946
تحكي عليه,-0.9804043931812959,0.9804043931812959
ولا حتي,-0.9802206286254416,0.9802206286254416
اشاء,-0.9800551213328961,0.9800551213328961
مؤسف,-0.980011775101656,0.980011775101656
مكيف,-0.9799512821548433,0.9799512821548433
تصل,0.9792906904374702,0.9792906904374702
نسال اله,-0.9790831450069692,0.9790831450069692
رضي اله,-0.9788727153319867,0.9788727153319867
تروح,0.9782053108859924,0.9782053108859924
طول,0.9780997880738366,0.9780997880738366
عيش,0.9776480887184548,0.9776480887184548
الورم,0.9770949007512623,0.9770949007512623
المر,0.9767920046255176,0.9767920046255176
فليس,0.9765459816366792,0.9765459816366792
سوريا,0.976380159872042,0.976380159872042
اصلك,0.9763346475192848,0.9763346475192848
الحمار,0.9763095586595557,0.9763095586595557
حسناتك,0.9759237376217007,0.9759237376217007
ربراب ولا,-0.9755650432718815,0.9755650432718815
الوجه,0.9745383507504228,0.9745383507504228
زيدلهم,-0.9744402292147153,0.9744402292147153
لازم,0.9743796730195611,0.9743796730195611
قريب,0.9739223594130376,0.9739223594130376
الجهاز تاعك,0.9738434117430792,0.9738434117430792
اقرا,0.9737192743622696,0.9737192743622696
يدافع على,-0.9733375720216084,0.9733375720216084
امين امين,-0.9732176548125274,0.9732176548125274
تنحاو,-0.9724717678978091,0.9724717678978091
الانسياق,-0.9723632299859165,0.9723632299859165
طيله,0.9720101225160712,0.9720101225160712
au,0.9719749788717771,0.9719749788717771
سلام,-0.9718258972510231,0.9718258972510231
باتم معنى,0.9716964207016627,0.9716964207016627
معنى الكلمه,0.9716964207016627,0.9716964207016627
من نيتك,0.970953698308876,0.970953698308876
يهدي ماخلق,-0.97081123925562,0.97081123925562
ماخلق,-0.97081123925562,0.97081123925562
ta3 mok,0.9706770448121774,0.9706770448121774
دايرين كي,0.9706239585381672,0.9706239585381672
باك,-0.9704826964177561,0.9704826964177561
يخليك,-0.9697395200851554,0.9697395200851554
ربراب ياو,0.9693557390048215,0.9693557390048215
عليكم,-0.9692188854968559,0.9692188854968559
انا شريت,-0.9689227666258547,0.9689227666258547
تبيعو,-0.9684894783896062,0.9684894783896062
منتوجات مسعد,0.9678717634944997,0.9678717634944997
تشرو المنتوجات,0.9678717634944997,0.9678717634944997
وزيت لورد,0.9678717634944997,0.9678717634944997
البديل منتوجات,0.9678717634944997,0.9678717634944997
ديغول,0.9677716428694627,0.9677716428694627
ولاد الحركي,0.9677192974021249,0.9677192974021249
المصابين,-0.9676828425974016,0.9676828425974016
وش قودك,0.9665285638668576,0.9665285638668576
تاثير,-0.965779218925564,0.965779218925564
كاش ما,0.9650165791711444,0.9650165791711444
الغاليه,0.9649852212279915,0.9649852212279915
jus orange,-0.9646951808065581,0.9646951808065581
العزيزه,-0.9640757132441339,0.9640757132441339
تاعو,-0.9640661364528985,0.9640661364528985
الصحه,-0.9640312000222719,0.9640312000222719
وسلم,-0.9639795822675081,0.9639795822675081
هاذه,-0.9635276968905975,0.9635276968905975
شيء اسمه,0.9632667759958377,0.9632667759958377
يفرق,0.9630038835784496,0.9630038835784496
داوه,-0.9628421623274437,0.9628421623274437
ني,0.9628077109663763,0.9628077109663763
البلاء,-0.9622799687187371,0.9622799687187371
الزرقاء,0.9622250471681908,0.9622250471681908
الادمين لي,0.9618559808633058,0.9618559808633058
عرفو,0.9612141728945572,0.9612141728945572
lik,0.9608991267670799,0.9608991267670799
كلنا,-0.9608963120825866,0.9608963120825866
كي ربي,0.9608920942222821,0.9608920942222821
القلب,-0.9607360592356858,0.9607360592356858
ينفع,-0.9603388279314745,0.9603388279314745
بسبب,0.9601353871760658,0.9601353871760658
عند,0.9598179488743164,0.9598179488743164
ترجعو,0.9595078786846468,0.9595078786846468
لاكوست,-0.959327997123079,0.959327997123079
شهيه,-0.958892443003853,0.958892443003853
الدمار,0.9588188750773027,0.9588188750773027
وان,0.958491361549441,0.958491361549441
امين يا,-0.958408176167953,0.958408176167953
الاجره,0.9583136338301427,0.9583136338301427
المناطق,-0.9582651587464177,0.9582651587464177
nik mok,0.9579862281854478,0.9579862281854478
تسوي,-0.9579417961806025,0.9579417961806025
معني الكلمه,0.957749502088188,0.957749502088188
باتم معني,0.957749502088188,0.957749502088188
انا في,0.9576812314211434,0.9576812314211434
لي جاب,0.9576423214376073,0.9576423214376073
الاسود,-0.9571008845100221,0.9571008845100221
كات,-0.9569100967050377,0.9569100967050377
لازم المساواه,-0.9566650561276974,0.9566650561276974
بوراوي,-0.9566650561276974,0.9566650561276974
بوراوي لازم,-0.9566650561276974,0.9566650561276974
الرجل المراه,-0.9566650561276974,0.9566650561276974
من قبل,-0.9566000086563334,0.9566000086563334
اله ينعلكم,0.9564493745715534,0.9564493745715534
والسلام,-0.9559218998582888,0.9559218998582888
شرفاء,-0.9558765748494141,0.9558765748494141
الي,0.9557139194322426,0.9557139194322426
والله ما,0.9549035013929223,0.9549035013929223
شيء ممكن,-0.9548915294862296,0.9548915294862296
حياتهم,-0.9548045376481248,0.9548045376481248
البارح,0.9544991869878445,0.9544991869878445
العسكري,0.9544573731780048,0.9544573731780048
فخريه,-0.9544479591832358,0.9544479591832358
نحبو مولوديه,0.9542859234330737,0.9542859234330737
اطلقو,-0.9539635994500922,0.9539635994500922
ربراب ربراب,-0.9535848085810307,0.9535848085810307
بالنضال والتضحيه,-0.9535485390109277,0.9535485390109277
بالنضال,-0.9535485390109277,0.9535485390109277
سجل,-0.9535291542423545,0.9535291542423545
نتا كي,0.9531053512635669,0.9531053512635669
تسعينات,0.9530563842767854,0.9530563842767854
يقول حامض,-0.9528001872231892,0.9528001872231892
فرنسا كي,0.9527356647429742,0.9527356647429742
اطلقوا,0.9523142842205947,0.9523142842205947
اخراج,0.9521116775772271,0.9521116775772271
المشاركه,0.9521066344096049,0.9521066344096049
يحفضك استاذ,0.9519513326071407,0.9519513326071407
دايره كي,0.9515522555033573,0.9515522555033573
نكرهوكم نكرهوكم,0.9515214957887416,0.9515214957887416
الحشيش,0.9512483419074396,0.9512483419074396
بكلمه,0.9504930035712589,0.9504930035712589
عطاي كيما,0.9502028107719636,0.9502028107719636
واصحاب,-0.9500356647095303,0.9500356647095303
يعطو,0.9499497186199091,0.9499497186199091
خمي,0.9498887521063362,0.9498887521063362
ورقله,0.9498159582777149,0.9498159582777149
سويسرا,-0.9497920665895019,0.9497920665895019
استغفر,-0.9497628095306989,0.9497628095306989
ماناش,0.9497098584050632,0.9497098584050632
امره,0.9495044285636342,0.9495044285636342
الحضاره,0.9492343761085583,0.9492343761085583
اشيو,0.9492303679474866,0.9492303679474866
بوتفليقه اليس,0.9491022058009718,0.9491022058009718
عهد بوتفليقه,0.9491022058009718,0.9491022058009718
جيد,0.9489003533978231,0.9489003533978231
وصح,0.9488203038302487,0.9488203038302487
اعجاب,0.9488179487143308,0.9488179487143308
عمره,0.9485269785562103,0.9485269785562103
والشتم,0.9478110037832808,0.9478110037832808
تمر,-0.9473878875487702,0.9473878875487702
يتضامن,0.9471023085657432,0.9471023085657432
الذبان,0.947002094877652,0.947002094877652
الفكره,0.946598161328598,0.946598161328598
بابانا,0.946238816278122,0.946238816278122
العسر,-0.9461911284311376,0.9461911284311376
لقيت,-0.9454759675737392,0.9454759675737392
روح ترقد,-0.9452548559657742,0.9452548559657742
مزير,-0.9451974313008724,0.9451974313008724
هذي هي,0.945159498373728,0.945159498373728
يصبر,-0.9445434380491938,0.9445434380491938
من يقول,0.9444815128505749,0.9444815128505749
الذي كان,-0.9444539475992281,0.9444539475992281
القايد الصالح,0.9441126651508133,0.9441126651508133
وجاي,0.9436741230553758,0.9436741230553758
الامين,-0.9434834235302273,0.9434834235302273
ياشردمه,0.9433377838134493,0.9433377838134493
استمرو,0.9433377838134493,0.9433377838134493
تملكون,0.9433123576691554,0.9433123576691554
mes,0.9429689506386333,0.9429689506386333
كريم طابو,0.9427146733171782,0.9427146733171782
في كوكب,0.9426282915785694,0.9426282915785694
ثقافه المقاطعه,-0.9425383954425269,0.9425383954425269
يظهر,-0.9424951577733053,0.9424951577733053
اضراب,-0.9418242766954569,0.9418242766954569
الماده,0.9414820108159128,0.9414820108159128
معمر,0.9413452977913641,0.9413452977913641
ليسو,-0.9413107622159569,0.9413107622159569
لقد,-0.941267548512518,0.941267548512518
ترمه,-0.9412112360663643,0.9412112360663643
رويبضه,0.9411288948839807,0.9411288948839807
ماعندهاش,0.9411224217965546,0.9411224217965546
البطوله,-0.9410023457611247,0.9410023457611247
ازول ازول,-0.9403771127082808,0.9403771127082808
اقتراب,0.9396363182018185,0.9396363182018185
ضد,0.9394090084567681,0.9394090084567681
شكراا,-0.9386324758989061,0.9386324758989061
باش تجيب,0.9384369074990635,0.9384369074990635
ودي,-0.9383618463936362,0.9383618463936362
رحمه,-0.9379661890356101,0.9379661890356101
ربراب ربي,-0.9367997119881283,0.9367997119881283
الى يوم,0.9367944764425228,0.9367944764425228
الراحه,0.9367826829487446,0.9367826829487446
روسنا,0.936691125185731,0.936691125185731
اللاعبين,-0.9360431668733994,0.9360431668733994
بريطاني,-0.9360414668480469,0.9360414668480469
من ولايه,-0.9359028435555,0.9359028435555
دارت,-0.9356832564891444,0.9356832564891444
وكما,-0.9349445588198069,0.9349445588198069
نرد,-0.934875253639596,0.934875253639596
الحال,0.9347792475857614,0.9347792475857614
الشجره,0.9347758395922591,0.9347758395922591
يغفر,-0.9346547924200203,0.9346547924200203
بشيشه,-0.9343754871225739,0.9343754871225739
بابلو ايسكوبار,-0.9335979581068944,0.9335979581068944
معيش الالاف,-0.9335979581068944,0.9335979581068944
العكس,-0.9330148794175095,0.9330148794175095
لعبهم,-0.9325233870376061,0.9325233870376061
تعرف,0.9324764360473217,0.9324764360473217
الداخلي,0.9320432332404572,0.9320432332404572
الجزاءري الحر,-0.9319713366733327,0.9319713366733327
يرجعوا,0.9314153297639423,0.9314153297639423
دارك,0.9312331500293833,0.9312331500293833
في العداله,-0.9311386719449615,0.9311386719449615
هنا,-0.9310517999389332,0.9310517999389332
السيوله,0.9304632971210222,0.9304632971210222
اعاده,-0.9303897469139121,0.9303897469139121
فاليتيمه,0.9297087791008646,0.9297087791008646
ترنك,0.9289875490315452,0.9289875490315452
واقع,0.9289090526713638,0.9289090526713638
حميده,0.9286403530145829,0.9286403530145829
تفوطي,-0.9286096694509054,0.9286096694509054
تشيع,-0.9281399925892142,0.9281399925892142
كي يدخل,0.9281202542193051,0.9281202542193051
ولا لا,-0.9278678215523294,0.9278678215523294
يكونوا,-0.927496258964293,0.927496258964293
قدرك,0.9273706539363188,0.9273706539363188
ولدنا,0.9273152633124171,0.9273152633124171
ادا,-0.9272419814958784,0.9272419814958784
رب العالمين,-0.927200926772771,0.927200926772771
للجزائر,-0.9271945963942978,0.9271945963942978
التجاره,0.9271752063880795,0.9271752063880795
حين,-0.9260895678810488,0.9260895678810488
اعتراف بان,-0.9257887049034819,0.9257887049034819
اعتراف,-0.9257887049034819,0.9257887049034819
شغل راك,0.9257867570103054,0.9257867570103054
من العائلات,-0.9249434329709593,0.9249434329709593
اغلاق,-0.9249428666897241,0.9249428666897241
الزواج,-0.9248655296195831,0.9248655296195831
جا يديك,0.9247584279015458,0.9247584279015458
لي جا,0.9247584279015458,0.9247584279015458
ولايه ورقله,-0.9240918089919166,0.9240918089919166
القتال,-0.9236455691616173,0.9236455691616173
فرانسا,0.9236221093194614,0.9236221093194614
الوناس,-0.9233065067470715,0.9233065067470715
معطوب الوناس,-0.9233065067470715,0.9233065067470715
قلوبكم,0.9225714979800781,0.9225714979800781
bsh,-0.9225053896448923,0.9225053896448923
تجو,0.9221034414036076,0.9221034414036076
très,0.921995570751594,0.921995570751594
روحو قودو,0.9214437075447799,0.9214437075447799
غيرك,-0.9214296379168883,0.9214296379168883
يريد ان,-0.9210877061940441,0.9210877061940441
شرعيه,0.9207291650859472,0.9207291650859472
الحرس,0.9206710311705183,0.9206710311705183
بصح كاين,0.9204608821699056,0.9204608821699056
حوس,0.919867278528607,0.919867278528607
روح حوس,0.919867278528607,0.919867278528607
هشام عبود,-0.9198472797955701,0.9198472797955701
khouya,-0.9196354418422763,0.9196354418422763
ويمكر الله,0.9196127544808221,0.9196127544808221
والله خير,0.9196127544808221,0.9196127544808221
الحلول,-0.9192412333289778,0.9192412333289778
كثر,0.9188416913554419,0.9188416913554419
تديو,0.9185873713430287,0.9185873713430287
الحمد له,-0.9184415606086229,0.9184415606086229
النجاح التوفيق,-0.9181959871195261,0.9181959871195261
عليهم يا,-0.9181249362373474,0.9181249362373474
وانتم,0.9172907438088909,0.9172907438088909
تلبس لاكوست,0.9166812433885893,0.9166812433885893
املاق,-0.9163929618635608,0.9163929618635608
واش راك,-0.9163081019810806,0.9163081019810806
معندهمش,0.9161662066051539,0.9161662066051539
عيب عليك,0.9159991844382137,0.9159991844382137
الغبار,0.9153383619013136,0.9153383619013136
تصدر,-0.9150337201240762,0.9150337201240762
محترم,0.9149566407042432,0.9149566407042432
مفهمتش,-0.9149246817913114,0.9149246817913114
اله يرحمه,-0.9146041635181347,0.9146041635181347
فور بزاف,-0.9145598376338427,0.9145598376338427
في اقرب,0.914117256885533,0.914117256885533
الظالمين,-0.9140792304621876,0.9140792304621876
مثله,0.913670165224664,0.913670165224664
خالد نزار,0.9135656272304855,0.9135656272304855
هاذ,0.9135403459597418,0.9135403459597418
يطالب,-0.9135046390833452,0.9135046390833452
khir,0.9132004427854155,0.9132004427854155
تفتحوا,-0.9131202501772621,0.9131202501772621
اتعلم,-0.9129147976157888,0.9129147976157888
سوناطراك,-0.9127416524399633,0.9127416524399633
دوله,0.9127347454281027,0.9127347454281027
يخص,-0.9127238089622799,0.9127238089622799
فالواقع,-0.9126786305235587,0.9126786305235587
rouhi,0.9125430928042375,0.9125430928042375
يسلم,-0.9122692226008039,0.9122692226008039
قضاه,-0.9118261927433132,0.9118261927433132
تخاف,-0.9118078240453545,0.9118078240453545
جماعه,0.9115698027626404,0.9115698027626404
حسبنا اله,-0.911505096931741,0.911505096931741
وكبيره,-0.9114928792687518,0.9114928792687518
بهدلتو بينا,0.9109374643812469,0.9109374643812469
مقري,0.9104156585062082,0.9104156585062082
بالسلامه,-0.9103575544492547,0.9103575544492547
كل سوء,-0.9102878764577829,0.9102878764577829
عن قريب,-0.9099665328784855,0.9099665328784855
رجل اعمال,0.9097345244929895,0.9097345244929895
طحان يا,0.9088687488192904,0.9088687488192904
نفتح,-0.9082145063312272,0.9082145063312272
ولاه,-0.9080458727538586,0.9080458727538586
الاستفاده,0.9079696022508477,0.9079696022508477
قاتل,0.9077229830786877,0.9077229830786877
بالخف,-0.9075751610290254,0.9075751610290254
او حداد,0.9074564848342431,0.9074564848342431
طحت,-0.9072007046733637,0.9072007046733637
فائده,0.9069420785184217,0.9069420785184217
تستاهل كل,-0.9063584169056659,0.9063584169056659
طايح,0.9062857473057457,0.9062857473057457
هوما,0.9061023657659668,0.9061023657659668
ولازم,0.9060598880131463,0.9060598880131463
الحريه,-0.906034283183476,0.906034283183476
يا خبيث,0.9059793740677207,0.9059793740677207
والا,-0.9053746850074853,0.9053746850074853
كره,-0.9053686423265249,0.9053686423265249
افرانسا,0.9051123613665102,0.9051123613665102
ماشي عسكريه,0.9049664503299762,0.9049664503299762
90,0.904957649955846,0.904957649955846
ندعموك,-0.9047695042038265,0.9047695042038265
u20d,-0.904619562927691,0.904619562927691
النسا,-0.9044254356488788,0.9044254356488788
روطار,0.9042696347772923,0.9042696347772923
يا جماعه,-0.9037573074104731,0.9037573074104731
يا الجايح,0.9037551635472627,0.9037551635472627
حاطين,-0.903348774972599,0.903348774972599
الرقم الاخضر,-0.9033437609053129,0.9033437609053129
رب الدزاير,0.9026480014859436,0.9026480014859436
بارك اله,-0.9024918356512871,0.9024918356512871
منلبسش,0.9021255124610288,0.9021255124610288
الالاف من,-0.9020312803659759,0.9020312803659759
قاع ولاد,0.902010150537843,0.902010150537843
ياتي,0.9017228069895815,0.9017228069895815
ترجمه,0.9015715086803601,0.9015715086803601
وفحل,-0.9013569211450195,0.9013569211450195
فعل,-0.9011840982955643,0.9011840982955643
متفق,-0.9010480557694583,0.9010480557694583
كيفكيف,0.9009217801184514,0.9009217801184514
الاولى,0.9007283942327213,0.9007283942327213
تا,0.9006762881643654,0.9006762881643654
تمر عبر,-0.9002019478967646,0.9002019478967646
البحر,-0.8998636236179353,0.8998636236179353
رمضان الكريم,-0.8996366695159186,0.8996366695159186
walou,-0.8995065244873661,0.8995065244873661
مسؤول,0.8994580945044804,0.8994580945044804
rt,-0.8993373424304052,0.8993373424304052
والحمد لله,-0.8989120504713558,0.8989120504713558
الشخصيه,0.8985233999745982,0.8985233999745982
اسحاق,-0.8982558043226395,0.8982558043226395
راك قاعد,-0.898097700583392,0.898097700583392
توصل,-0.8980645135556177,0.8980645135556177
قاده,-0.8977728105982312,0.8977728105982312
مناش,-0.896861493403172,0.896861493403172
اليوم في,-0.8968438654636264,0.8968438654636264
هاكدا,-0.8966770492421694,0.8966770492421694
تاع شكوبي,0.8965316232816847,0.8965316232816847
اصغر,-0.8959939838372192,0.8959939838372192
لعالم,0.89506018295782,0.89506018295782
بصح كي,0.8948126867599447,0.8948126867599447
باين بلي,0.894607391026708,0.894607391026708
ين,-0.8946000329003277,0.8946000329003277
درتو,0.8934858229967358,0.8934858229967358
نزيد,-0.8933426170560043,0.8933426170560043
زايده,-0.8933304813613238,0.8933304813613238
دار يخلص,0.8931770208306038,0.8931770208306038
يكتبها,0.8928485171814737,0.8928485171814737
ولله,0.8926957825346665,0.8926957825346665
اله,-0.8924697117884417,0.8924697117884417
طيز,0.8921681194079899,0.8921681194079899
اصل اندلسي,-0.8921394918382457,0.8921394918382457
يظنون,0.8918737674859958,0.8918737674859958
نجحت,-0.8917303717581657,0.8917303717581657
حركه رشاد,0.8916095763554334,0.8916095763554334
المنطق,-0.8911049486266843,0.8911049486266843
كشعب,-0.8906721384566122,0.8906721384566122
السكر الزيت,0.8905589488868354,0.8905589488868354
تستاهل ربي,-0.8904100159824654,0.8904100159824654
البلا,-0.8903595199476939,0.8903595199476939
بالجزائر,-0.8900313418771283,0.8900313418771283
هكذا,0.8900313329064673,0.8900313329064673
عرفت,-0.8899985139918393,0.8899985139918393
المره الجايه,-0.8899316267938749,0.8899316267938749
انتظار ردكم,-0.8884830164477566,0.8884830164477566
في فلسطين,0.8880674369978061,0.8880674369978061
haja,-0.8880644164544902,0.8880644164544902
صاحبي,0.8879415240639945,0.8879415240639945
مولوديه,0.8875868624961843,0.8875868624961843
نحن لا,-0.8873811184702975,0.8873811184702975
بقيت,-0.8869224297006298,0.8869224297006298
من السماء,-0.8868426777163136,0.8868426777163136
الص,0.8857143048585473,0.8857143048585473
ساهم,0.8856884074971064,0.8856884074971064
مسانده ربراب,-0.8856716181938001,0.8856716181938001
المال,-0.8856214385356675,0.8856214385356675
مكسره,0.8850945124340015,0.8850945124340015
نخسرو,0.8848480966806435,0.8848480966806435
لهيه,-0.8844990613116115,0.8844990613116115
وقريب,-0.8844645108853298,0.8844645108853298
جمعت,-0.8842670092886875,0.8842670092886875
ترتفع,-0.8839997727839604,0.8839997727839604
تبهدلوناش,0.8831315405403788,0.8831315405403788
كنت حاطها,0.8830671156495361,0.8830671156495361
حاطها,0.8830671156495361,0.8830671156495361
بركاو من,0.8819518026849825,0.8819518026849825
الثقه,-0.8818808969118453,0.8818808969118453
فل,-0.8817618961294095,0.8817618961294095
مهوش,-0.8809666210230587,0.8809666210230587
امير وديما,-0.8809386462978901,0.8809386462978901
مدرجات,-0.8808509108471224,0.8808509108471224
لكبار,-0.8804283086403165,0.8804283086403165
احمد,0.8804229230453394,0.8804229230453394
اعراب,0.8802835856797541,0.8802835856797541
بعضاكم,0.8801677601117854,0.8801677601117854
تضمن,-0.879386813091611,0.879386813091611
حول,-0.8788146594245334,0.8788146594245334
عمر,-0.8784187592190169,0.8784187592190169
نهدر,-0.8783411003814569,0.8783411003814569
الستر,-0.8782213767673699,0.8782213767673699
فكل,-0.8778025309634935,0.8778025309634935
تعاطف,-0.8777900647029245,0.8777900647029245
اتحاد,-0.8776239220734895,0.8776239220734895
خويا يا,-0.8775548289803287,0.8775548289803287
استغفر الله,-0.877106570716238,0.877106570716238
العرش,-0.8768910131705664,0.8768910131705664
تربي,-0.8760457219629544,0.8760457219629544
ماهي,-0.8757444373686456,0.8757444373686456
يمر,-0.8753037127168655,0.8753037127168655
الجرح,-0.8751715448890554,0.8751715448890554
تدو,0.8751518774664926,0.8751518774664926
صلى الله,0.8751348802114092,0.8751348802114092
صلى,0.8751348802114092,0.8751348802114092
ضوك,0.8750621905119969,0.8750621905119969
اومبعد,-0.8748440123155796,0.8748440123155796
وقتي,0.8744768000324409,0.8744768000324409
جزاءريه,-0.8742637847594633,0.8742637847594633
تبون الكوكاين,0.8739928444467747,0.8739928444467747
الكوكاين وتسبوا,0.8739928444467747,0.8739928444467747
انذاك,-0.8739643448559636,0.8739643448559636
الله اخي,-0.8733853907789781,0.8733853907789781
dkhl,0.873281593629397,0.873281593629397
قدوه,-0.8727866403312861,0.8727866403312861
راجل,0.872525619090439,0.872525619090439
انت مزال,0.8723406848220302,0.8723406848220302
خرج,-0.8722580136286229,0.8722580136286229
فوقهم,-0.8721819398395806,0.8721819398395806
الول,0.871882117750557,0.871882117750557
يجو,-0.8717761986655118,0.8717761986655118
صراح ربراب,-0.8713771944586768,0.8713771944586768
جزاء اهل,-0.8709262873645047,0.8709262873645047
bravo,-0.8706611509896313,0.8706611509896313
نريح,0.8705756568753188,0.8705756568753188
البوليزاريو,-0.8695840972213943,0.8695840972213943
تلمسان,-0.8695769098397138,0.8695769098397138
حابه نشري,-0.8692899733053463,0.8692899733053463
ولادها,0.8691668296523037,0.8691668296523037
حبيت نفهم,-0.8689343524254657,0.8689343524254657
اله يوفقك,-0.8684350424897398,0.8684350424897398
المستوي,0.8681738223241764,0.8681738223241764
وكتاه,0.8681021547401065,0.8681021547401065
جدا,0.8677536292904957,0.8677536292904957
وطني,-0.8677007818213497,0.8677007818213497
معترف بها,0.8675693500950591,0.8675693500950591
حاب,-0.8675568083240541,0.8675568083240541
مجرمين,-0.8672588097167006,0.8672588097167006
لان,0.866950817096988,0.866950817096988
سميد,0.8666857381892032,0.8666857381892032
عيان,0.8662500079539956,0.8662500079539956
خانقه,0.8658160474865527,0.8658160474865527
فري فاير,-0.8657634992635861,0.8657634992635861
كان ما,0.86540445424607,0.86540445424607
يبحث,0.8653008695430908,0.8653008695430908
رائع,-0.8652940141013051,0.8652940141013051
والجزائر,0.8649113360027373,0.8649113360027373
تخسر انت,0.8648398356364424,0.8648398356364424
حوالي,-0.8644487013110826,0.8644487013110826
وكر,-0.8643982557134346,0.8643982557134346
لمزيد من,-0.863948665116711,0.863948665116711
وبركه,0.8638261852400889,0.8638261852400889
خير وبركه,0.8638261852400889,0.8638261852400889
حابسين,-0.8638243302812325,0.8638243302812325
روح احشم,0.8630233933272896,0.8630233933272896
اله وحده,-0.8623304539873112,0.8623304539873112
يا ادمين,-0.8619997429514643,0.8619997429514643
اقعد,0.8619499560928177,0.8619499560928177
يخليه,0.8619326419728862,0.8619326419728862
تظل,0.8615635600704413,0.8615635600704413
السبب,-0.8613751432745737,0.8613751432745737
الجمل,-0.8606194186117434,0.8606194186117434
متعاملين,0.8605933239966516,0.8605933239966516
وعله,0.8605933239966516,0.8605933239966516
وبركه متعاملين,0.8605933239966516,0.8605933239966516
انواع الزيوت,0.8605933239966516,0.8605933239966516
ايبا دير,0.8605933239966516,0.8605933239966516
الزيوت,0.8605933239966516,0.8605933239966516
اموت,0.8605933239966516,0.8605933239966516
فرنسا ايبا,0.8605933239966516,0.8605933239966516
انت تموت,0.8605933239966516,0.8605933239966516
الزيوت خير,0.8605933239966516,0.8605933239966516
بلادنا وعله,0.8605933239966516,0.8605933239966516
وعله انت,0.8605933239966516,0.8605933239966516
سلعه ربراب,0.8605933239966516,0.8605933239966516
متعاملين بزاف,0.8605933239966516,0.8605933239966516
المنهوبه,-0.8602087585594601,0.8602087585594601
تاعها,0.8600742080324179,0.8600742080324179
ماعندناش ثقافه,-0.859891899707222,0.859891899707222
il,0.8591237954893206,0.8591237954893206
خيرات,-0.8590296459046264,0.8590296459046264
الله يرحمه,-0.8587395020741531,0.8587395020741531
برحمته,-0.858490300400753,0.858490300400753
من جهه,0.858222285168982,0.858222285168982
ارض,-0.8582090335681278,0.8582090335681278
محمر,-0.85814329594091,0.85814329594091
لا تربحهم,-0.8579085818585155,0.8579085818585155
صبحت,0.8576894199536278,0.8576894199536278
هاته,-0.8576661706237764,0.8576661706237764
لراه,0.8576188689363468,0.8576188689363468
سقط,-0.8574843108555446,0.8574843108555446
للمواطن,0.8572488052887389,0.8572488052887389
خاصك,0.857124405341894,0.857124405341894
نسقسي,-0.8568172976154282,0.8568172976154282
البترول والغاز,-0.8563058028898314,0.8563058028898314
خدامين عند,-0.8562262934108629,0.8562262934108629
بدماء,0.8562127905022825,0.8562127905022825
منضومه,0.8560001244067926,0.8560001244067926
بسهوله,-0.8559395534397567,0.8559395534397567
الجزاءير,-0.8555833668648325,0.8555833668648325
اديو,-0.8554335234813164,0.8554335234813164
نيه,-0.8552616039613087,0.8552616039613087
اله تبارك,-0.8546621865328747,0.8546621865328747
فريق,-0.8545671533772747,0.8545671533772747
بوك,-0.8543057540982174,0.8543057540982174
دعاء الزلزال,-0.8542824092231146,0.8542824092231146
روحي يا,0.8535853158314851,0.8535853158314851
قادره,-0.8534613549883205,0.8534613549883205
وحدهم,-0.8532417093046073,0.8532417093046073
يتفكر,0.8530501201737566,0.8530501201737566
لربي,-0.8530421101050093,0.8530421101050093
يشكي,0.8529799749892872,0.8529799749892872
ختيتو,-0.8524700759785686,0.8524700759785686
وقحاب,0.8523859369846668,0.8523859369846668
صباح النور,-0.8523128012772837,0.8523128012772837
امني,0.8520052051215042,0.8520052051215042
ياخي شعب,-0.8518090321620917,0.8518090321620917
في بلادنا,0.851800267729252,0.851800267729252
اللهم احفظ,-0.8517102807195962,0.8517102807195962
يهديهم,-0.8516011577516599,0.8516011577516599
موقف,-0.8512758426363265,0.8512758426363265
جال,0.8512482901314102,0.8512482901314102
مي,-0.8512042284703957,0.8512042284703957
الي بدا,-0.8510210228080402,0.8510210228080402
يجيه,0.8508081055564928,0.8508081055564928
ربراب ملاك,-0.8507247370601659,0.8507247370601659
تماما,-0.8505945899463316,0.8505945899463316
المسيح,-0.8505509281897101,0.8505509281897101
المسيح الدجال,-0.8505509281897101,0.8505509281897101
خير الماكرين,0.8504399501219218,0.8504399501219218
الماكرين,0.8504399501219218,0.8504399501219218
خصك,0.8501321359048437,0.8501321359048437
الجزاءري,-0.849512731176886,0.849512731176886
ديالكم,-0.8484624432434344,0.8484624432434344
الخريطه,-0.848326463631424,0.848326463631424
هادي,0.848058485466957,0.848058485466957
عنده,-0.8473881688961413,0.8473881688961413
نورمال مي,-0.8470983748448598,0.8470983748448598
موتوا,0.8459642124599128,0.8459642124599128
موتوا بغيضكم,0.8459642124599128,0.8459642124599128
ليست قضيه,0.8458931732297591,0.8458931732297591
نطفه,0.8455760686435083,0.8455760686435083
نسال الله,-0.8455182433110058,0.8455182433110058
البربوشه,-0.845457291297639,0.845457291297639
فهو,0.8453259914774635,0.8453259914774635
منيش قبايلي,-0.8452727517120324,0.8452727517120324
بالتوفيق يا,-0.8451854252608927,0.8451854252608927
وربي يوفقك,-0.844939464681346,0.844939464681346
الموجوده,-0.8445474126306196,0.8445474126306196
روح ينيكوك,0.8444926783947452,0.8444926783947452
من هم,-0.8435064821183373,0.8435064821183373
عرض,-0.8433705461705477,0.8433705461705477
القبايلي,0.8432480156387581,0.8432480156387581
يداوي,-0.8431533874049922,0.8431533874049922
نفتح نقطه,-0.8430651978354914,0.8430651978354914
له وانا,-0.8429835695177533,0.8429835695177533
رسول اله,-0.8428051036741834,0.8428051036741834
مواطنين,0.842578632324072,0.842578632324072
ينبغي,-0.8425174703200004,0.8425174703200004
وصحبه,-0.8422347328125315,0.8422347328125315
اله وصحبه,-0.8422347328125315,0.8422347328125315
روح تع,0.8420223524805359,0.8420223524805359
بنسبه,-0.8418337844412693,0.8418337844412693
يبقوا,0.8417185214770909,0.8417185214770909
الهم امين,0.8415181519671444,0.8415181519671444
ثدي,-0.841384203785071,0.841384203785071
اشك,-0.841384203785071,0.841384203785071
نهبت,-0.8413606815676195,0.8413606815676195
بربراب,0.8412406643872692,0.8412406643872692
ها ها,-0.8408442679651187,0.8408442679651187
اكاديمي,0.8405778340891258,0.8405778340891258
غير ربي,-0.8405318655054267,0.8405318655054267
يجب علينا,-0.8404620504799726,0.8404620504799726
واقيل,-0.840360075553402,0.840360075553402
نعلق,-0.8400368718303235,0.8400368718303235
الطفل,-0.840010297399579,0.840010297399579
تتنحاو,-0.8398452821226354,0.8398452821226354
القدس,-0.8392021785404812,0.8392021785404812
يعرف,-0.8388957867028439,0.8388957867028439
نتاهل لكاس,0.8387807202996055,0.8387807202996055
يمص,0.8385682323461237,0.8385682323461237
ماتخليش ربراب,0.8385682323461237,0.8385682323461237
بالحلال ماتخليش,0.8385682323461237,0.8385682323461237
يمص دمك,0.8385682323461237,0.8385682323461237
ربراب ياكلك,0.8385682323461237,0.8385682323461237
ياكلك تعبك,0.8385682323461237,0.8385682323461237
ماتخليش,0.8385682323461237,0.8385682323461237
تعبك بسهوله,0.8385682323461237,0.8385682323461237
قوتك,0.8385682323461237,0.8385682323461237
تكسب قوتك,0.8385682323461237,0.8385682323461237
دمك ياكل,0.8385682323461237,0.8385682323461237
قوتك بالحلال,0.8385682323461237,0.8385682323461237
الترك,-0.8379926746324275,0.8379926746324275
السلطات,0.8377073772973244,0.8377073772973244
وهكذا,0.8373376767090619,0.8373376767090619
تستناو,0.8372378024410168,0.8372378024410168
بركاونا,0.8365501722596395,0.8365501722596395
وكل من,0.8355520151879389,0.8355520151879389
مكاش كعبه,0.8354421584018186,0.8354421584018186
لاخر,0.8353064961075749,0.8353064961075749
ذروك,0.8344741426092134,0.8344741426092134
ماشاء اله,-0.8339463833099395,0.8339463833099395
وشتم,0.8338105347425442,0.8338105347425442
صنع,0.8337129808051014,0.8337129808051014
حرا,-0.8337053783967835,0.8337053783967835
50,-0.8333833704754037,0.8333833704754037
رجال عليك,0.8331002896306169,0.8331002896306169
الصفحه,0.8323618341623169,0.8323618341623169
القوم,-0.8317814632097401,0.8317814632097401
بوداوي,0.831718467430762,0.831718467430762
العشريه,-0.8314234472288338,0.8314234472288338
حي,0.8312285120283468,0.8312285120283468
نعبد اله,-0.8311679500223288,0.8311679500223288
سرقت,-0.830923789116325,0.830923789116325
العزم,-0.8287875864400428,0.8287875864400428
شاءاله,-0.8287864245406821,0.8287864245406821
السكان,-0.8287602678334351,0.8287602678334351
افهمو,-0.8284679698713526,0.8284679698713526
الله يسلمك,-0.828437025745253,0.828437025745253
تما,-0.8283345459640398,0.8283345459640398
معارض,-0.827990521287445,0.827990521287445
توم,-0.827671072992094,0.827671072992094
تفكرت,0.8275519860267022,0.8275519860267022
رايك,0.8270962818751401,0.8270962818751401
الثقافه,0.8269154645502389,0.8269154645502389
خاوتي,-0.8268474040877093,0.8268474040877093
اظن,-0.8267734672743896,0.8267734672743896
للشعب,-0.8267536039332274,0.8267536039332274
بصح,-0.8264124721086062,0.8264124721086062
يبعد,0.8263335340821659,0.8263335340821659
اقصد,0.8263022450809099,0.8263022450809099
الشعوب,-0.8262295039900648,0.8262295039900648
دير الفتنه,-0.8262106989098348,0.8262106989098348
مبقاش,-0.8259446668540468,0.8259446668540468
الحشمه,-0.8257821383601207,0.8257821383601207
راهي,0.8257176725659332,0.8257176725659332
وتجيب,0.8254702829246608,0.8254702829246608
الترجمه,-0.8248488529944372,0.8248488529944372
يسمعو,-0.8246761688560725,0.8246761688560725
مافيهش,-0.8243697009690306,0.8243697009690306
غايا,0.8241202257871001,0.8241202257871001
خطه,0.8239770806440688,0.8239770806440688
pag,0.8235609130073501,0.8235609130073501
الاسلام,0.8233619958434174,0.8233619958434174
تملك,0.82291813621339,0.82291813621339
نديرو,-0.8225933706888323,0.8225933706888323
عاصمه,-0.8217667922041673,0.8217667922041673
رزقها,-0.8214795789210771,0.8214795789210771
من اي,0.8213552501938084,0.8213552501938084
تموتو,0.8203363187539808,0.8203363187539808
الاذكار,-0.820333410856385,0.820333410856385
ماك,0.8201290687555826,0.8201290687555826
تقتلوا اولادكم,-0.8196537406115382,0.8196537406115382
تقتلوا,-0.8196537406115382,0.8196537406115382
من 16,-0.8195247948530471,0.8195247948530471
nعلابالي,-0.8195152484875772,0.8195152484875772
مال الشعب,-0.8193474729693655,0.8193474729693655
لا واحد,-0.8190040643791406,0.8190040643791406
التعامل,0.8188790415799733,0.8188790415799733
قلت تبون,-0.8178355177093153,0.8178355177093153
النهايه,-0.8175797740277729,0.8175797740277729
حوت,-0.8174486298029912,0.8174486298029912
حوت باش,-0.8174486298029912,0.8174486298029912
باش نقلوه,-0.8174486298029912,0.8174486298029912
نقلوه,-0.8174486298029912,0.8174486298029912
نحزسو,-0.8174486298029912,0.8174486298029912
انت خاين,0.8174416720792267,0.8174416720792267
رساله الى,0.8165614414499381,0.8165614414499381
قولوا,0.8159385250168663,0.8159385250168663
بصح لي,0.8157190577334229,0.8157190577334229
طرف امير,-0.8151980225288017,0.8151980225288017
اله يجيب,-0.8149053669532914,0.8149053669532914
dar,0.8144995215622267,0.8144995215622267
زيتوت ربي,0.8141177363497437,0.8141177363497437
اح,-0.8140270741255273,0.8140270741255273
نستناو فيكم,-0.8137722985876142,0.8137722985876142
الخامسه,-0.8136711771551361,0.8136711771551361
الاشهار,-0.8135948057540164,0.8135948057540164
وروح,-0.8134770866752652,0.8134770866752652
تتخلط,0.8133655672110485,0.8133655672110485
اله يرحمك,-0.8131558516285236,0.8131558516285236
تنفخ,0.8126408783652659,0.8126408783652659
الله صلى,0.8123311436298836,0.8123311436298836
وجهك صحيح,0.8123198438884331,0.8123198438884331
يستهلو,-0.8118086047509784,0.8118086047509784
كلب فرنسا,0.8116429324806687,0.8116429324806687
التي لم,0.8116358436117442,0.8116358436117442
تشوف,-0.8110127493848898,0.8110127493848898
البونديه الوصوص,-0.8107905017176035,0.8107905017176035
البونديه,-0.8107905017176035,0.8107905017176035
الوصوص,-0.8107905017176035,0.8107905017176035
الفرشيطي,0.8106495105323862,0.8106495105323862
عميق,0.8105388361198467,0.8105388361198467
الامن القومي,0.8104218323741456,0.8104218323741456
تستحي,-0.8102220450827136,0.8102220450827136
قبايلي ربراب,0.810128802529942,0.810128802529942
الوطن والشعب,-0.8100507360873289,0.8100507360873289
الاخوه كونيناف,-0.8099233781083778,0.8099233781083778
تعلمون,-0.8098470483711127,0.8098470483711127
مدني,-0.8096850868414072,0.8096850868414072
وبين,-0.8094154601781883,0.8094154601781883
ربراب لي,-0.8091124358469792,0.8091124358469792
يقدر,0.8089623379112146,0.8089623379112146
استرجاع,-0.8087048960495937,0.8087048960495937
علام,-0.8084428570469752,0.8084428570469752
الشكاره,-0.808365627900811,0.808365627900811
الصحه والعافيه,-0.8080533422409187,0.8080533422409187
عمليه,-0.8069279867861376,0.8069279867861376
مكروه,-0.8068246755179322,0.8068246755179322
ربي,-0.806590594193006,0.806590594193006
مغادره,0.8063829666695946,0.8063829666695946
الشعبي,-0.8063078384964171,0.8063078384964171
الدوليه,-0.8063071257748204,0.8063071257748204
رواحكم,-0.8057548423808176,0.8057548423808176
قطره دم,0.8055385770681874,0.8055385770681874
نطلبو,0.805183546071241,0.805183546071241
كلما,-0.8049548816624493,0.8049548816624493
قالت,-0.8048916398033233,0.8048916398033233
زمره,-0.8045417947651857,0.8045417947651857
خط,-0.8038241458347515,0.8038241458347515
الاقتصاد,0.8035658344415488,0.8035658344415488
kan,0.8034185616233972,0.8034185616233972
نعبد فري,0.8031457909091773,0.8031457909091773
وزين,-0.8031423937534565,0.8031423937534565
هذ,-0.8027675827089443,0.8027675827089443
السفير,-0.8027556786250414,0.8027556786250414
بريء,0.8026295432858777,0.8026295432858777
هواري,0.8018971588510266,0.8018971588510266
الاهم,-0.8014094517725191,0.8014094517725191
مصنع,-0.8011594501683902,0.8011594501683902
العالم كامل,-0.8008760879958032,0.8008760879958032
usma,0.8003855145490149,0.8003855145490149
تخراي,0.7999449300782516,0.7999449300782516
روحي تخراي,0.7999449300782516,0.7999449300782516
الاحد,-0.7999019835888785,0.7999019835888785
يمشي,-0.7997378887294925,0.7997378887294925
البلدان,0.7994486896941105,0.7994486896941105
قوانين,-0.7992081617397827,0.7992081617397827
ماما,-0.7989925260750375,0.7989925260750375
نفسه,-0.7988953798743572,0.7988953798743572
اله احرار,-0.7985941896196447,0.7985941896196447
عليك خويا,-0.7985324816510386,0.7985324816510386
tu,0.7982849103228097,0.7982849103228097
ال,0.7981358629151081,0.7981358629151081
قران,-0.7976154733377462,0.7976154733377462
الهدايا الخاصه,-0.7972560044027862,0.7972560044027862
الله يجيب,-0.7972427455813844,0.7972427455813844
انك,-0.7972182487232485,0.7972182487232485
لا تربحك,0.7969536886484606,0.7969536886484606
تموت,0.7959232585053052,0.7959232585053052
في الداخل,-0.7954317682972457,0.7954317682972457
ربراب بريء,-0.7953262994113458,0.7953262994113458
اله يسلمك,-0.7952813023880775,0.7952813023880775
ربي يوفق,-0.7952202751145322,0.7952202751145322
السجون,-0.7946538036712842,0.7946538036712842
وفات,0.7944607939090395,0.7944607939090395
كنتم,0.7939944506605731,0.7939944506605731
مكان لا,0.7938575781182704,0.7938575781182704
عنابه,0.7935445719334973,0.7935445719334973
قاهر,-0.7935163905737492,0.7935163905737492
وهذي,0.7934392708247953,0.7934392708247953
اظهار,-0.793356609713898,0.793356609713898
اسلاميه,-0.7933144555653816,0.7933144555653816
بالفريت,0.7931716656261161,0.7931716656261161
عند ربي,-0.7930197951742783,0.7930197951742783
نرزقهم واياكم,-0.7928342196400469,0.7928342196400469
يبارك فيكم,0.79269247515932,0.79269247515932
حياتنا,-0.792627479769493,0.792627479769493
الدشره,0.7923120480359543,0.7923120480359543
شوروم,0.7919169194133163,0.7919169194133163
كافر,-0.7913071241637254,0.7913071241637254
عمرك,0.7909622551131856,0.7909622551131856
rebi,-0.7903276445442121,0.7903276445442121
سلمي,-0.7901055967943559,0.7901055967943559
وليد القحبه,0.7899868876913095,0.7899868876913095
من التالق,0.789925911065721,0.789925911065721
عنك,0.7897029929585058,0.7897029929585058
مقابل,0.7896757100857484,0.7896757100857484
شارل,-0.7894859727125599,0.7894859727125599
ان,-0.7889011945807634,0.7889011945807634
هاتف كوندور,-0.7886352992249921,0.7886352992249921
مرت,0.7883403911033333,0.7883403911033333
علابيها,0.7881720773105386,0.7881720773105386
المزيد من,-0.7878050889508644,0.7878050889508644
خاوتنا,-0.7876848309330329,0.7876848309330329
نزيد نتاكد,-0.7876689256133659,0.7876689256133659
الله من,0.7875903661659004,0.7875903661659004
وسوء,0.7873162927315702,0.7873162927315702
goumi,0.7871346849431635,0.7871346849431635
لخرين,-0.787053288561621,0.787053288561621
بالامس,-0.7870106950853729,0.7870106950853729
وعاش,-0.7868213952722701,0.7868213952722701
احكي,0.7867525742278768,0.7867525742278768
بالجمعه,0.7863443061370328,0.7863443061370328
الشعب هو,-0.7862319416895595,0.7862319416895595
تحيا الجزائر,0.7859178517007608,0.7859178517007608
العشريه السوداء,0.7857908569066181,0.7857908569066181
نيك متكم,0.7845067287274039,0.7845067287274039
سريعا,0.784221397306248,0.784221397306248
نص,0.7838246768242971,0.7838246768242971
خصو,0.7833223319259106,0.7833223319259106
قتلي,0.7831824531145852,0.7831824531145852
اول مره,0.7831520628675049,0.7831520628675049
خرجو,0.7831137257465712,0.7831137257465712
بيك في,-0.782968065965835,0.782968065965835
ديزاد,0.7826987046736328,0.7826987046736328
تحير في,0.7826441698922421,0.7826441698922421
كي سبي,0.7822368461971009,0.7822368461971009
وكلب,0.7813438930462495,0.7813438930462495
في جيجل,-0.7803031339481402,0.7803031339481402
داله,-0.7794645394199098,0.7794645394199098
قصه,-0.778345278968462,0.778345278968462
صلي اله,0.7780940011065445,0.7780940011065445
في ولايه,-0.777851112637766,0.777851112637766
ونعمه,-0.7774978312500338,0.7774978312500338
ياه,-0.7770669294776007,0.7770669294776007
تشوفوا,0.7769162625847066,0.7769162625847066
الله المستعان,-0.7768975422805813,0.7768975422805813
مولوديه ياخي,0.7765124740575746,0.7765124740575746
باج,-0.7763790518773451,0.7763790518773451
الخروج من,0.7755395048836106,0.7755395048836106
ارحم,0.7754107317127877,0.7754107317127877
شهر رمضان,-0.7751195144563755,0.7751195144563755
ضمان,-0.7749935977843936,0.7749935977843936
ادم,0.7748960546400075,0.7748960546400075
بلا شك,0.7747567577841266,0.7747567577841266
نفس,0.7744201635167879,0.7744201635167879
سولكينق,-0.7736937593231923,0.7736937593231923
تدكر,0.7730706154055762,0.7730706154055762
بلاص,0.7725536251209291,0.7725536251209291
جمعه,-0.7723321830191433,0.7723321830191433
ينسى,-0.7721125193628958,0.7721125193628958
ذاك العام,-0.7718043322290522,0.7718043322290522
القضيه,-0.771597170945904,0.771597170945904
غالب,0.7715179073174793,0.7715179073174793
بوصبع لبغل,0.7708471862178383,0.7708471862178383
لبغل,0.7708471862178383,0.7708471862178383
الله يرحمو,-0.770715365649619,0.770715365649619
باله العلي,-0.7706651524658445,0.7706651524658445
تنجم,0.7705833458888841,0.7705833458888841
harkis goumi,0.7702347383498306,0.7702347383498306
ouled franca,0.7702347383498306,0.7702347383498306
يا خي,0.7701819549086938,0.7701819549086938
معسكر,-0.7701116549944004,0.7701116549944004
يشجع,-0.7694861655032698,0.7694861655032698
بنت,0.769477278356324,0.769477278356324
قطع غيار,0.769350589406868,0.769350589406868
هاد المنشور,-0.7693366289374405,0.7693366289374405
باطل,-0.7688166603467472,0.7688166603467472
نقاطعوا,-0.7685877728097465,0.7685877728097465
نيك ماتكم,0.7682823275457641,0.7682823275457641
دوله الحق,-0.768133119138286,0.768133119138286
الغاشي,0.7673306401596311,0.7673306401596311
خارج الوطن,0.7672017468046214,0.7672017468046214
تكون من,0.7668501748172981,0.7668501748172981
فراك,0.766834113390241,0.766834113390241
عشره,-0.7667336236998752,0.7667336236998752
ومبروك,-0.7665818912858673,0.7665818912858673
ربي يحفضك,0.7663297942849089,0.7663297942849089
راك تدي,-0.7660741243159477,0.7660741243159477
جزائريين,0.7659184775996327,0.7659184775996327
والعاقبه لمزيد,-0.7657828319520456,0.7657828319520456
عار,-0.7655562582351851,0.7655562582351851
تهدر على,-0.7655288955429908,0.7655288955429908
باريس,0.7654171241615316,0.7654171241615316
بوراك مفور,-0.7651966040491934,0.7651966040491934
مفور,-0.7651966040491934,0.7651966040491934
يحبوا,0.7648486211058659,0.7648486211058659
فتح,-0.764833456932572,0.764833456932572
بنات,-0.7647443831208248,0.7647443831208248
واش راه,0.7644560984127242,0.7644560984127242
الموعد,0.764118236019394,0.764118236019394
الجزائري في,-0.7641132048847293,0.7641132048847293
وينصرك,-0.7640345662079883,0.7640345662079883
ان ربراب,0.7640113698128326,0.7640113698128326
حاجه مليحه,-0.7638963341825548,0.7638963341825548
انا تاني,-0.7635079159423455,0.7635079159423455
وشكون,0.7632460822399422,0.7632460822399422
المستعان,-0.7628121644741946,0.7628121644741946
اليكم,-0.7619855301846908,0.7619855301846908
خويا العزيز,-0.7619362812825742,0.7619362812825742
صورك,0.7618928466016494,0.7618928466016494
راه يهدر,-0.7617965644580006,0.7617965644580006
اصلحها,-0.7615680514172556,0.7615680514172556
الكريمه,-0.7613634960241977,0.7613634960241977
التسويه,0.760659783428545,0.760659783428545
دبر على,0.7604551849846145,0.7604551849846145
خلاونا,0.7603043381038945,0.7603043381038945
مزالهم,-0.7601422988871772,0.7601422988871772
يحاكم,0.7600725549041404,0.7600725549041404
نقولوا,-0.7599944254166472,0.7599944254166472
ويمكرون ويمكر,0.759839524511961,0.759839524511961
ويمكرون,0.759839524511961,0.759839524511961
يلد,-0.7592593098091769,0.7592593098091769
الصمد,-0.7592593098091769,0.7592593098091769
موش كيما,-0.759063482950803,0.759063482950803
الالفينات,-0.759063482950803,0.759063482950803
مابقاش بزاف,-0.7587033272686109,0.7587033272686109
يعيشو,-0.7587015225714387,0.7587015225714387
كليماتيزور,-0.7574413559008869,0.7574413559008869
كرفه,0.757087281059698,0.757087281059698
هاذ الشيء,0.7570831709098503,0.7570831709098503
الخدمات,-0.7567385190654283,0.7567385190654283
عدد,0.7566914508430417,0.7566914508430417
يحفظك يا,0.7566662043930401,0.7566662043930401
عميل فرنسا,0.7566056323127298,0.7566056323127298
الجايه,-0.7565700893269741,0.7565700893269741
روح يا,0.7564117176185661,0.7564117176185661
اقامه,0.7558921621612398,0.7558921621612398
وهي,-0.7557498445789984,0.7557498445789984
يمكنك اكتشاف,-0.7554696670134043,0.7554696670134043
ويزيد,-0.7554282762972812,0.7554282762972812
الفريت,-0.7547808818154701,0.7547808818154701
صباح الخير,-0.7546819850783368,0.7546819850783368
ايادي,0.7540858865049112,0.7540858865049112
ولاقوه الا,-0.7538140504984999,0.7538140504984999
وجوه الرخص,0.7538032129044686,0.7538032129044686
بالرغم اني,-0.7528425916994878,0.7528425916994878
الثمن,-0.7527011189085159,0.7527011189085159
الدعاء,0.7526592607217767,0.7526592607217767
مولاك,-0.7526044777748919,0.7526044777748919
تبسه,-0.7526012343789329,0.7526012343789329
الله غالب,0.7522962650675994,0.7522962650675994
شرق غرب,-0.7521370890858534,0.7521370890858534
يهنيك,-0.7519286916116538,0.7519286916116538
كذبوا,-0.7518993079154603,0.7518993079154603
منطقه البلقان,-0.7518382205069465,0.7518382205069465
البلقان,-0.7518382205069465,0.7518382205069465
كان معيش,-0.7514319438704327,0.7514319438704327
يتم الرد,-0.7513853911986619,0.7513853911986619
كلاو,0.7511895629944421,0.7511895629944421
غسيل,-0.7507481589259214,0.7507481589259214
ميموار,-0.7506211699068899,0.7506211699068899
وراكي,-0.7504896817062754,0.7504896817062754
ليس في,0.7502279146105469,0.7502279146105469
باب,0.7501677266846518,0.7501677266846518
ورحم,0.7499592231100823,0.7499592231100823
لاله,0.7497131789165897,0.7497131789165897
نحرق,-0.7496792441214026,0.7496792441214026
خطر,-0.7490864030377398,0.7490864030377398
واعطيوني,0.7478597779883089,0.7478597779883089
جزاءر,-0.7477601288258138,0.7477601288258138
ربي يفرحك,0.7476318904800231,0.7476318904800231
مابقاتش,-0.7476242249617707,0.7476242249617707
الله يعطيكم,0.7475822338625039,0.7475822338625039
كوكب الارض,0.7475308493976438,0.7475308493976438
حت,-0.7474519180908842,0.7474519180908842
نسيتي,-0.7467337701521182,0.7467337701521182
في زوج,0.7465681095789319,0.7465681095789319
والاجتماعيه,0.7464973657353898,0.7464973657353898
والاجتماعيه والاقتصاديه,0.7464973657353898,0.7464973657353898
والاقتصاديه,0.7464973657353898,0.7464973657353898
تخلط,0.7461805422662442,0.7461805422662442
وقاع,0.7461176384425383,0.7461176384425383
تغير,-0.7461074457673248,0.7461074457673248
من فظلكم,-0.7457391157605013,0.7457391157605013
يا خماج,0.7455884510296771,0.7455884510296771
الرومان,-0.7451824142434941,0.7451824142434941
يناقرو,-0.7451824142434941,0.7451824142434941
الرومان راهم,-0.7451824142434941,0.7451824142434941
لكي تاتو,-0.7451824142434941,0.7451824142434941
قالك تهاجمو,-0.7451824142434941,0.7451824142434941
الهاشتاق قالك,-0.7451824142434941,0.7451824142434941
الاجنبيه السعوديه,-0.7451824142434941,0.7451824142434941
وغجر,-0.7451824142434941,0.7451824142434941
تهاجمو,-0.7451824142434941,0.7451824142434941
وغجر الرومان,-0.7451824142434941,0.7451824142434941
بالمنتوجات,-0.7451824142434941,0.7451824142434941
بالمنتوجات الاجنبيه,-0.7451824142434941,0.7451824142434941
غبغاب لكي,-0.7451824142434941,0.7451824142434941
راهم يناقرو,-0.7451824142434941,0.7451824142434941
الوندال,-0.7451824142434941,0.7451824142434941
تاتو,-0.7451824142434941,0.7451824142434941
تاتو بالمنتوجات,-0.7451824142434941,0.7451824142434941
نار الفتنه,0.7450987128106498,0.7450987128106498
نشره,0.7449415339669727,0.7449415339669727
تبيع,-0.7442690069851123,0.7442690069851123
بنفس,0.7441517437533152,0.7441517437533152
وجد,0.7441359579584524,0.7441359579584524
تع زبي,0.7437151001991708,0.7437151001991708
واش من,-0.7435744722203527,0.7435744722203527
يتعلم,-0.7426070140573078,0.7426070140573078
بغيتي,-0.742341479844358,0.742341479844358
تقرير,-0.7421942225842842,0.7421942225842842
انتم من,0.7421098869364616,0.7421098869364616
تسبي,-0.7418995307510663,0.7418995307510663
وتهزو,0.7416308710330868,0.7416308710330868
وشويه عزه,0.7416308710330868,0.7416308710330868
مثلا شويه,0.7416308710330868,0.7416308710330868
شويه عقل,0.7416308710330868,0.7416308710330868
شحال تعياو,0.7416308710330868,0.7416308710330868
تعياو تشكمو,0.7416308710330868,0.7416308710330868
عقل وشويه,0.7416308710330868,0.7416308710330868
تشكمو وتهزو,0.7416308710330868,0.7416308710330868
تعياو,0.7416308710330868,0.7416308710330868
نبنوا,0.7416288619893594,0.7416288619893594
اخي امير,-0.7414313234866113,0.7414313234866113
da,-0.7411760360616962,0.7411760360616962
مسكين,0.74093291554331,0.74093291554331
عن,-0.7408779204099234,0.7408779204099234
اييه,-0.7407961663511264,0.7407961663511264
يصرا,-0.7406211924621361,0.7406211924621361
السعيد بوتفليقه,-0.7405292106658249,0.7405292106658249
راهو,0.7400157811342782,0.7400157811342782
ان هناك,-0.7396354018658318,0.7396354018658318
نكتولها,0.7385805720706352,0.7385805720706352
تحلاب,-0.7384340532428394,0.7384340532428394
كل واحد,-0.7376294061557473,0.7376294061557473
كاسكيطه,-0.7376158608280597,0.7376158608280597
حياك الله,-0.7368697740284569,0.7368697740284569
رغم,-0.7361126316922425,0.7361126316922425
نشالله,-0.7358878602890421,0.7358878602890421
نخم,-0.735877109960192,0.735877109960192
كيما لي,0.7354663840510907,0.7354663840510907
خداع,0.7353850879734192,0.7353850879734192
حجم,-0.7351918804535605,0.7351918804535605
فيها من,-0.7351728836086172,0.7351728836086172
السياسه,-0.7345468304361162,0.7345468304361162
بلا,0.7345300667171668,0.7345300667171668
نتوما رجال,0.7342077739917512,0.7342077739917512
لا يمكن,-0.7335650327870044,0.7335650327870044
فءه,-0.7335245971214667,0.7335245971214667
صراتلي,-0.7334813981727476,0.7334813981727476
والعاقبه,-0.7334225758764021,0.7334225758764021
وجهي,-0.7332546436729821,0.7332546436729821
مقاطع,-0.7323882205896338,0.7323882205896338
دير جام,-0.731658639286552,0.731658639286552
لي يجي,-0.731158566465033,0.731158566465033
تكسب,-0.7310457305692246,0.7310457305692246
دايما,-0.7308535285668306,0.7308535285668306
اندلاع,0.7308480323951058,0.7308480323951058
التاليه,-0.7307414190499155,0.7307414190499155
الارقام التاليه,-0.7307414190499155,0.7307414190499155
الالكتروني,0.7307039387200627,0.7307039387200627
جزاء,-0.7304553599269115,0.7304553599269115
قال,-0.7301277511699913,0.7301277511699913
متفكرونيش,0.7299522056465721,0.7299522056465721
ويعيش,-0.7296139863781478,0.7296139863781478
العيباد,-0.7295594563491251,0.7295594563491251
نضال,0.7295584632458577,0.7295584632458577
هاداك لي,0.729472345844754,0.729472345844754
كحله,0.7294378122968838,0.7294378122968838
لجزاير,-0.7294248283171194,0.7294248283171194
اهداف,-0.7293940912022353,0.7293940912022353
كلامها,0.728944673943085,0.728944673943085
متقاعدي الجيش,-0.7286124488197786,0.7286124488197786
الله يعطيك,-0.7285701897003045,0.7285701897003045
التقدم,-0.7285253756925655,0.7285253756925655
اماكن,0.728080963751048,0.728080963751048
اكبر منك,0.7278354108872452,0.7278354108872452
انتوما,0.7276352268597175,0.7276352268597175
يا شعب,0.7275889129819071,0.7275889129819071
اخوانا,-0.7270654735004561,0.7270654735004561
زهره,0.7270352639294038,0.7270352639294038
جدها,-0.7270010382782526,0.7270010382782526
الشعب معاك,0.7268448493482408,0.7268448493482408
بلعقل,-0.7267927082395035,0.7267927082395035
واش راكي,-0.7266116811804518,0.7266116811804518
كلشيء,-0.726516270106925,0.726516270106925
احلي,-0.7264768929157813,0.7264768929157813
وحتى,0.7264664797251607,0.7264664797251607
في صمت,0.7257173916038655,0.7257173916038655
الزب لي,0.7254693505437494,0.7254693505437494
يمكرون يمكر,-0.72541804377607,0.72541804377607
يمكرون,-0.72541804377607,0.72541804377607
العام,-0.7252903147613867,0.7252903147613867
يحفظك ويرحم,0.7251144560913958,0.7251144560913958
محاربه,-0.7246546252264541,0.7246546252264541
زايد,0.724499198514338,0.724499198514338
سب,-0.724497942319572,0.724497942319572
الجيش التحرير,-0.7241727292483274,0.7241727292483274
التحرير الوطني,-0.7241727292483274,0.7241727292483274
في مدينه,-0.7240466426510249,0.7240466426510249
qbayli,-0.7239242703289535,0.7239242703289535
تقولو,-0.7238286602058851,0.7238286602058851
اللول,0.7235548936631769,0.7235548936631769
قلهم,0.7235370161134463,0.7235370161134463
مشتبه,0.7234420181076657,0.7234420181076657
لقحبه,0.7233311358473646,0.7233311358473646
وارواح,0.7231177645795341,0.7231177645795341
الفاجره,0.722932146423167,0.722932146423167
انتا,0.7224744603324234,0.7224744603324234
الوطني,-0.7224437039864122,0.7224437039864122
سيدهم ربراب,0.7222252905544998,0.7222252905544998
ابليس,-0.7221976391040265,0.7221976391040265
وتقولوا,0.7220253519236981,0.7220253519236981
نزيدلك حاجه,0.7216886442566401,0.7216886442566401
تركب,-0.7214838232448294,0.7214838232448294
جميعا,-0.7213478160625328,0.7213478160625328
معاناه الشعب,0.720945844411168,0.720945844411168
فكره,0.7208917153685763,0.7208917153685763
الحرام,0.7208314148880307,0.7208314148880307
اول من,-0.7207887204492562,0.7207887204492562
راسو,0.7207287286588622,0.7207287286588622
جدكم,-0.7207084875069667,0.7207084875069667
بالمرصاد,0.7200794170686443,0.7200794170686443
جزاير,-0.7200447755463166,0.7200447755463166
وفاق,-0.7198013101973151,0.7198013101973151
استاذ,0.719465240520388,0.719465240520388
هدف,-0.7186945998866419,0.7186945998866419
لحاجه,-0.7182786813368011,0.7182786813368011
الجيش الشعبي,0.7182317340231221,0.7182317340231221
التغليط,0.7178876805793499,0.7178876805793499
تربيه,-0.7175439071947877,0.7175439071947877
محمد العربي,-0.7174974970815052,0.7174974970815052
ميزان تاع,0.7172454715581082,0.7172454715581082
توبوا,-0.7171021702590727,0.7171021702590727
سبحانو لي,0.7168104167825635,0.7168104167825635
او روح,0.7167336101604141,0.7167336101604141
بزياده,-0.7165765598909585,0.7165765598909585
استرجاع الاموال,-0.7164387000228539,0.7164387000228539
معانا 201,-0.7164205566403061,0.7164205566403061
يتربحك,0.716112174206005,0.716112174206005
يطبق,0.7160315438372729,0.7160315438372729
والبسبوسه,-0.7157155623365299,0.7157155623365299
يسبو بلادهم,0.715629427870678,0.715629427870678
وجيشهم,0.715629427870678,0.715629427870678
معليهش بصح,0.715629427870678,0.715629427870678
وجيشهم معليهش,0.715629427870678,0.715629427870678
فنهار,-0.7143985573061722,0.7143985573061722
الجزائر لا,-0.7143916619277746,0.7143916619277746
سيرتو لي,-0.7140230380962013,0.7140230380962013
حب وكره,-0.7136825145622143,0.7136825145622143
الاعمال,-0.713580634734448,0.713580634734448
تونس,0.7125097322801078,0.7125097322801078
خلونا من,0.712230570915787,0.712230570915787
وقت الشده,0.711740567890275,0.711740567890275
تبناها المصريون,-0.7116098993192398,0.7116098993192398
تبناها,-0.7116098993192398,0.7116098993192398
في البحر,-0.7114848230436054,0.7114848230436054
اودي روح,0.7107074007513108,0.7107074007513108
شيء مكن,-0.7105387246710949,0.7105387246710949
الطبيب,-0.7092102362961914,0.7092102362961914
نتبع,-0.7089527613321601,0.7089527613321601
نعدين باباك,0.708628069312376,0.708628069312376
نسيبورتي,0.7080537418287493,0.7080537418287493
بوصبع لزرق,0.7072192498586137,0.7072192498586137
ودرك,0.7069412025503448,0.7069412025503448
يد,0.7068891734225963,0.7068891734225963
ديقاج,-0.7068132382300545,0.7068132382300545
مع ختك,0.7067949120663406,0.7067949120663406
المرور,-0.7063364490037625,0.7063364490037625
جناته,-0.7063118706216741,0.7063118706216741
اكون,-0.7058592553764651,0.7058592553764651
تركنا,-0.7054654521064092,0.7054654521064092
ريحو,0.7048641424092079,0.7048641424092079
tout,0.7046373218732072,0.7046373218732072
ميزان حسناتك,0.7042648764482146,0.7042648764482146
بلي انت,0.7041816118927884,0.7041816118927884
اله ربي,-0.7040117180706144,0.7040117180706144
طيبه,-0.703864913161521,0.703864913161521
طحاحنا,0.7038496920118608,0.7038496920118608
طلبت,0.7036528367461936,0.7036528367461936
هاك,0.7036143998039285,0.7036143998039285
ماشي ربراب,-0.7033405095127985,0.7033405095127985
swa,0.7032836276222174,0.7032836276222174
page,0.7032584721316598,0.7032584721316598
صبحانو,-0.7030723046993687,0.7030723046993687
ولا نقاطعوا,-0.7027821944060055,0.7027821944060055
طلعت,0.702451732524355,0.702451732524355
الجمعه نخرجو,0.7022966487197049,0.7022966487197049
اغلق,0.7021882659526951,0.7021882659526951
شردمه,0.7017823038074685,0.7017823038074685
لجيش,0.7015699027410903,0.7015699027410903
او مليون,0.7007862858636256,0.7007862858636256
ولابد,-0.7001463727079011,0.7001463727079011
اندرويد,-0.6996604326752898,0.6996604326752898
توقيف دوليه,0.6994576967440498,0.6994576967440498
كمل,-0.6994126609265975,0.6994126609265975
سنه,0.6986573425505133,0.6986573425505133
بريئ,-0.698353465391605,0.698353465391605
عاد,0.697900938083885,0.697900938083885
ان كان,-0.6976250035947054,0.6976250035947054
نفسها,-0.6973581520518596,0.6973581520518596
اغتصبو,0.6972013225054188,0.6972013225054188
طول حياتو,0.6968309319110438,0.6968309319110438
الاحزاب,-0.696645042703512,0.696645042703512
هدفهم,-0.696343330526965,0.696343330526965
ودار,0.6963339277605768,0.6963339277605768
كرش,-0.6963241865931259,0.6963241865931259
كلام,-0.6962781592678753,0.6962781592678753
لخارج,-0.6961547018116906,0.6961547018116906
تخدمو,0.6960996786924093,0.6960996786924093
والديكم,-0.6959687507827307,0.6959687507827307
يسموه,-0.6958459814621546,0.6958459814621546
تعصر,-0.6958082209015268,0.6958082209015268
دخلو,-0.6954082532732977,0.6954082532732977
تراجع,0.6952509077454057,0.6952509077454057
مزلت,0.6952118315945651,0.6952118315945651
في اي,-0.69485077465887,0.69485077465887
البطل هو,-0.6945941868868147,0.6945941868868147
صل اله,-0.6943650878812753,0.6943650878812753
الصغير,-0.6938938778935076,0.6938938778935076
فريده,-0.6934791682511271,0.6934791682511271
لمده,0.6934736830653768,0.6934736830653768
بكل بساطه,-0.6930408355389196,0.6930408355389196
بلاد المسلمين,0.6921535601961849,0.6921535601961849
ويسكنه فسيح,-0.6919642469287743,0.6919642469287743
goumi irhabi,0.6918658859865494,0.6918658859865494
irhabi,0.6918658859865494,0.6918658859865494
irhabi ouled,0.6918658859865494,0.6918658859865494
الاسباب,-0.6916947624639554,0.6916947624639554
وحنا,-0.6914713195308871,0.6914713195308871
انا عندي,-0.6913985088667471,0.6913985088667471
ساهل,0.6912692873947355,0.6912692873947355
انا قبايلي,0.6910903230904982,0.6910903230904982
تحشم يا,0.6909659568974739,0.6909659568974739
وبرك,-0.6908582659282958,0.6908582659282958
زيت ربراب,0.6908364358808837,0.6908364358808837
الاغتصاب,0.6908176176891423,0.6908176176891423
انت انت,0.6902991406473025,0.6902991406473025
الجزاير,-0.6902517142694482,0.6902517142694482
الزيت والسكر,-0.6900854622906379,0.6900854622906379
فرع في,-0.6895679229781553,0.6895679229781553
سابقا,-0.6893889175058363,0.6893889175058363
المستقبل,0.6887873535531595,0.6887873535531595
تبعتلي,-0.6887724653846877,0.6887724653846877
سيدتي,-0.6887685236472423,0.6887685236472423
رايه,0.6886228986142363,0.6886228986142363
دايك,0.6886180340007406,0.6886180340007406
الاحرار في,-0.6879754722811091,0.6879754722811091
مستقبل,-0.687832946317908,0.687832946317908
صناعه,0.6878265494478242,0.6878265494478242
متقاعدي,-0.6870982271476526,0.6870982271476526
يشعل,-0.6869874991501498,0.6869874991501498
swa ta3,0.6861823343955491,0.6861823343955491
ويلاقيك,0.6860285928564135,0.6860285928564135
ويلاقيك بيها,0.6860285928564135,0.6860285928564135
البلاد,-0.6860110096103536,0.6860110096103536
كيفكم,0.6859128971699933,0.6859128971699933
يباركلك في,0.6856510290960749,0.6856510290960749
الابواب,-0.6854310023649606,0.6854310023649606
وقيلا,-0.6849887617576086,0.6849887617576086
امير راجل,-0.6847379934822937,0.6847379934822937
وربما,-0.684158053414603,0.684158053414603
احرار,0.6838709177530818,0.6838709177530818
في التسعينات,0.6836904798036051,0.6836904798036051
مزيد,-0.6835901099769771,0.6835901099769771
يمس,-0.6833448590060953,0.6833448590060953
برك,0.6833089075365086,0.6833089075365086
زبل,0.6827568920573112,0.6827568920573112
الاسره,-0.6824938738014674,0.6824938738014674
هوا لي,0.6823737648545886,0.6823737648545886
فغنسا,0.6813708969715245,0.6813708969715245
وتحيا,-0.6811403219746521,0.6811403219746521
خصائص,-0.6808709360323277,0.6808709360323277
الله وحده,-0.6802370955660776,0.6802370955660776
من هذه,-0.6800787322292101,0.6800787322292101
القبض على,-0.6798993377314609,0.6798993377314609
جامي,-0.6797745985855063,0.6797745985855063
عليه,-0.67920452541763,0.67920452541763
نعبده,-0.6791141971267722,0.6791141971267722
مليون دولار,-0.678475630297923,0.678475630297923
كابرنات,0.6784712683730068,0.6784712683730068
لعبه,0.6781300467752537,0.6781300467752537
حنون,-0.6781119555866179,0.6781119555866179
لويزه,-0.6781119555866179,0.6781119555866179
لويزه حنون,-0.6781119555866179,0.6781119555866179
قيمه,-0.6780769718401707,0.6780769718401707
خدم,0.6777383868955557,0.6777383868955557
خاصه,-0.6776876270198667,0.6776876270198667
طبون مك,0.6773501749139623,0.6773501749139623
الالاف العاءلات,-0.6772745323031453,0.6772745323031453
الرحمن الرحيم,-0.6772081297342012,0.6772081297342012
فور,-0.6768209090440579,0.6768209090440579
الله يرحمها,-0.6766695362273872,0.6766695362273872
ربراب يشغل,-0.6766247938286865,0.6766247938286865
التي,0.6759868081721019,0.6759868081721019
العبد,-0.6759398555748167,0.6759398555748167
الله يحفظك,-0.6755594281922566,0.6755594281922566
اتقوا الله,-0.6755293281104106,0.6755293281104106
مع,0.6743316122915314,0.6743316122915314
ياي,0.6740525704714692,0.6740525704714692
يتحاسبوا,-0.6739651898598953,0.6739651898598953
نحن نرزقكم,-0.6738410602208448,0.6738410602208448
وفقط,0.6735718373664429,0.6735718373664429
من الدوله,0.6733621902622882,0.6733621902622882
ربهم,-0.6721416191307203,0.6721416191307203
سيفيتال,-0.6718829509562714,0.6718829509562714
حلم,-0.6715754191881976,0.6715754191881976
الافسيو,0.6715524114853317,0.6715524114853317
مابعد,-0.6713653194896066,0.6713653194896066
في الجزائر,0.6710297598322874,0.6710297598322874
اين هي,-0.6705976965851786,0.6705976965851786
صاحب المنشور,0.6705321798648919,0.6705321798648919
حنا في,0.6696572194607074,0.6696572194607074
ساندويتش,-0.6692848430354652,0.6692848430354652
عنه,-0.6684326325381378,0.6684326325381378
franca harkis,0.6680467490688864,0.6680467490688864
لو كان,0.6677233058781976,0.6677233058781976
ولكن,-0.6676254853323769,0.6676254853323769
هاربين,-0.6675653274514374,0.6675653274514374
فطور,0.6675489273924639,0.6675489273924639
الاف العاءلات,-0.6664791588349255,0.6664791588349255
تيليفون,0.666297089712669,0.666297089712669
شعبهم,-0.6660952071923704,0.6660952071923704
فوق الجميع,0.6658505702903946,0.6658505702903946
حي الله,-0.6656940238534927,0.6656940238534927
شكون رئيس,0.6655028518127196,0.6655028518127196
على الجزائر,0.6652615985014417,0.6652615985014417
داوي,0.6651969036182916,0.6651969036182916
وهوما,0.6651399496641537,0.6651399496641537
مع الحق,-0.6647378016369748,0.6647378016369748
تكتب,0.6646421845824674,0.6646421845824674
عربي,-0.6644387114261356,0.6644387114261356
اعداءك,-0.6637995639201116,0.6637995639201116
منع,-0.6637019086392587,0.6637019086392587
يساند ربراب,0.6636213056558036,0.6636213056558036
frr,-0.6635288879574044,0.6635288879574044
دعاء الزلازل,-0.6634163986255212,0.6634163986255212
الخير لي,-0.6629113858031627,0.6629113858031627
الشيطان,-0.6628056304841209,0.6628056304841209
خلال,-0.6627663198181095,0.6627663198181095
سامي,-0.6626982863528558,0.6626982863528558
لي دارها,-0.6625714723604551,0.6625714723604551
الوحيد,-0.6625516054175978,0.6625516054175978
عمي,-0.6624216192088468,0.6624216192088468
ايدي,-0.6620181325148075,0.6620181325148075
الانقلاب,-0.6619639904272964,0.6619639904272964
الثوم,0.6618841993789104,0.6618841993789104
فضلا,-0.6617667714356275,0.6617667714356275
تنافيقي,0.661565236524457,0.661565236524457
التمويل,-0.6614592482940598,0.6614592482940598
نتاعكم,-0.6612913963409411,0.6612913963409411
يهدي ما,-0.6607969875043304,0.6607969875043304
ما خلق,-0.6607969875043304,0.6607969875043304
لوقت,0.6605037880779158,0.6605037880779158
jamais,0.6600334385234017,0.6600334385234017
اله محمد,-0.6597807952377941,0.6597807952377941
وضحاها,0.659639476706008,0.659639476706008
السنه النبويه,0.6594884364108848,0.6594884364108848
النبويه,0.6594884364108848,0.6594884364108848
يبارك فيك,-0.6593650660546316,0.6593650660546316
اليس,0.6591481768577508,0.6591481768577508
وزمان,-0.6590295768401981,0.6590295768401981
مكان وزمان,-0.6590295768401981,0.6590295768401981
بقوه,-0.6587665866429248,0.6587665866429248
حبه,-0.6581758643071373,0.6581758643071373
مهم,0.6580896095784045,0.6580896095784045
دزاير,-0.6580666406778607,0.6580666406778607
بالفرنسيه,0.6578562950064674,0.6578562950064674
خطونا,-0.6576375706458663,0.6576375706458663
2017,-0.6571513714387025,0.6571513714387025
اولي,-0.6567841532341625,0.6567841532341625
كل,-0.6561506860677767,0.6561506860677767
كم سعر,-0.6559001303267363,0.6559001303267363
بابجي,-0.6558584198313628,0.6558584198313628
طرول,0.6555631181605808,0.6555631181605808
غلق الحدود,-0.6554393234291463,0.6554393234291463
اصحاب,0.654933541934459,0.654933541934459
البترول طاحت,0.654404690266159,0.654404690266159
معندوش,0.654248791841136,0.654248791841136
وغيرها,-0.6541618965859629,0.6541618965859629
مذكره,0.6539690580280649,0.6539690580280649
الحل,0.6536288925834104,0.6536288925834104
الصهاينه,-0.6531046397484144,0.6531046397484144
وتوفيق,-0.6528171115206648,0.6528171115206648
وجبه,-0.6525595101395909,0.6525595101395909
ولا مزال,0.6525514988883147,0.6525514988883147
رفيق,-0.6525451021693754,0.6525451021693754
انهم,0.6518678088472586,0.6518678088472586
الانسياق وراء,-0.6517476796911679,0.6517476796911679
قضيه اعتقال,-0.6517476796911679,0.6517476796911679
شهاده الضمان,-0.6512184490788177,0.6512184490788177
اعليك,0.650936894906465,0.650936894906465
نسيتوها,0.6507894699089078,0.6507894699089078
انت تقولي,0.6506287012997681,0.6506287012997681
اصل البوراك,-0.6505195920977649,0.6505195920977649
الافريقيه,-0.6504394146101578,0.6504394146101578
مفقود,-0.6504006160545086,0.6504006160545086
داير روحك,0.6501079055665369,0.6501079055665369
علبيها,0.6500778385228483,0.6500778385228483
المبارك,0.6500302964417337,0.6500302964417337
يالزواف,0.6495387671338685,0.6495387671338685
كاين عرب,-0.6493857781288039,0.6493857781288039
ورحمه,-0.6488136569151011,0.6488136569151011
الفوط,-0.648678431487581,0.648678431487581
تتمنى,0.6483753763336964,0.6483753763336964
فرن,-0.6483327484662738,0.6483327484662738
هاذاك,0.6478311467890462,0.6478311467890462
اليه راجعون,-0.6477563144950564,0.6477563144950564
الجزاءر,-0.6474950635993877,0.6474950635993877
معرفتش,-0.6474841854878012,0.6474841854878012
ولادهم,-0.6470998702603283,0.6470998702603283
هل يوجد,-0.6470732430991735,0.6470732430991735
خوكم,-0.6470490467671642,0.6470490467671642
يقعد,-0.6469238190156428,0.6469238190156428
wla,0.6468452900491111,0.6468452900491111
ميقدرش,0.6467493540786975,0.6467493540786975
كيفاش ندير,-0.6466979466846,0.6466979466846
وعمي,-0.6464855419937859,0.6464855419937859
ها,-0.645653800155951,0.645653800155951
قايد صالح,0.6455111893103951,0.6455111893103951
قاتلنا,-0.6454624096718304,0.6454624096718304
وش دخلكم,-0.6453731253300462,0.6453731253300462
مواد,-0.6449669698290948,0.6449669698290948
اكرمكم,0.644010777589066,0.644010777589066
روضه رياض,0.6439560248059946,0.6439560248059946
العاب,-0.6438176072994511,0.6438176072994511
والتوفيق,-0.6431702811369054,0.6431702811369054
انظال,-0.6430168423871888,0.6430168423871888
صايي,0.642848033188696,0.642848033188696
في المواقع,-0.6428006697155376,0.6428006697155376
يمكنكم الاتصال,-0.6426337209387459,0.6426337209387459
الاتصال بنا,-0.6426337209387459,0.6426337209387459
الذين,-0.6426154622973229,0.6426154622973229
ورانا,-0.6422609315772744,0.6422609315772744
البنات,-0.6420854527704012,0.6420854527704012
الباقي,0.6416958182261666,0.6416958182261666
يحفظك,-0.6412008760111078,0.6412008760111078
خشيه املاق,-0.6406772848424053,0.6406772848424053
اولادكم خشيه,-0.6406772848424053,0.6406772848424053
خشيه,-0.6406772848424053,0.6406772848424053
فيديو,0.6404435558659757,0.6404435558659757
بالرجال,-0.640242060791007,0.640242060791007
الاخره,0.6402384694272977,0.6402384694272977
النجاح شاء,-0.6394896621563022,0.6394896621563022
ساركوزي,0.6390877176942013,0.6390877176942013
سن,-0.6389898684747006,0.6389898684747006
كل خير,-0.6383857117233039,0.6383857117233039
شناوه,-0.6383507158493688,0.6383507158493688
منتجات,-0.6382377447765161,0.6382377447765161
الصدق,-0.6380631532964863,0.6380631532964863
قيمه الدينار,-0.6376062200700245,0.6376062200700245
هذه هي,-0.6375439302610909,0.6375439302610909
يتنحاوقاع,-0.6372031798155394,0.6372031798155394
غليزان,-0.6371956571931329,0.6371956571931329
وربي يرحام,0.6370702322411642,0.6370702322411642
يرحام,0.6370702322411642,0.6370702322411642
الاعراض,0.6370388992985309,0.6370388992985309
باباك شكون,0.6368013992258058,0.6368013992258058
وزيطوط,0.6366842991196656,0.6366842991196656
بلعيز,-0.6366294365836817,0.6366294365836817
صحابك,-0.6364057524426991,0.6364057524426991
واستغفاره,-0.6363998142708861,0.6363998142708861
ابن باز,-0.6363998142708861,0.6363998142708861
باز,-0.6363998142708861,0.6363998142708861
تجيب,-0.6362958790228841,0.6362958790228841
اريد شراء,-0.6360519371802729,0.6360519371802729
كلب فرانسا,0.6360152506804887,0.6360152506804887
كبيره,0.6358258672938533,0.6358258672938533
تشوف بلي,0.6356003931577059,0.6356003931577059
راهي في,0.63454907816993,0.63454907816993
العصابه,0.6344839107187912,0.6344839107187912
kho,0.6344784402888539,0.6344784402888539
لست,0.6340543507934724,0.6340543507934724
رني,-0.6337277902025756,0.6337277902025756
تخدم على,0.6337263877815726,0.6337263877815726
عربي شاوي,0.6336988930458021,0.6336988930458021
مخبي,-0.6336522784964086,0.6336522784964086
اسمع,0.6336160087357983,0.6336160087357983
تحليل,-0.6335541339629464,0.6335541339629464
لن,-0.6334260669604792,0.6334260669604792
يا امير,0.6331995812346782,0.6331995812346782
ترقد,-0.6331846675226889,0.6331846675226889
الفقر,-0.6330547282854392,0.6330547282854392
ارهابيه تسقط,-0.6329821261517474,0.6329821261517474
المنتخب,-0.632707074933862,0.632707074933862
يرحلوا يتنحاوقاع,0.6326433496052807,0.6326433496052807
ليبيا,-0.632437099803281,0.632437099803281
ربي يحفظكم,-0.6323277697825699,0.6323277697825699
دقيقه,-0.6322980901300561,0.6322980901300561
المصير,-0.6321874134075873,0.6321874134075873
سمعت,-0.63188788067731,0.63188788067731
هذا وين,-0.6318875959215332,0.6318875959215332
بلبيض,0.6318806892559014,0.6318806892559014
الاستقاله,-0.6317947010220715,0.6317947010220715
الابرار,-0.6316736172551307,0.6316736172551307
كثير,-0.631491507915993,0.631491507915993
الخير لبلاد,0.6312724001041476,0.6312724001041476
قاءمه,0.63109636289768,0.63109636289768
شي مبروك,-0.631052623459955,0.631052623459955
ضيعت,0.6308119768713305,0.6308119768713305
الشعب الجزاءر,0.6301863695648776,0.6301863695648776
يا كوندور,-0.6295654338180613,0.6295654338180613
مزور جابوه,0.6293346403225087,0.6293346403225087
اخي الكريم,0.6290408772903948,0.6290408772903948
تحبوا,0.6286798104963729,0.6286798104963729
عنكم,-0.628475075843937,0.628475075843937
مده,0.6283151132822704,0.6283151132822704
حتى,-0.6281952357054575,0.6281952357054575
وعافنا,-0.628190611346192,0.628190611346192
تهلكنا بعذابك,-0.628190611346192,0.628190611346192
تقتلنا بغضبك,-0.628190611346192,0.628190611346192
تقتلنا,-0.628190611346192,0.628190611346192
تهلكنا,-0.628190611346192,0.628190611346192
من اللخر,-0.6280675279429234,0.6280675279429234
والصلاه,-0.6280118268895493,0.6280118268895493
العالمين والصلاه,-0.6280118268895493,0.6280118268895493
المهمه,0.6278999694890004,0.6278999694890004
الارهابي,-0.6277239132632761,0.6277239132632761
عبود,-0.6275334637739033,0.6275334637739033
فتح نقطه,-0.6271696503049725,0.6271696503049725
تفرج,0.6267549570470564,0.6267549570470564
البديل,-0.6266461966862079,0.6266461966862079
ذاك,-0.6253198979466005,0.6253198979466005
المروك,0.6249402926316434,0.6249402926316434
اسمه,-0.6247248939726692,0.6247248939726692
جاب,0.6246176960260258,0.6246176960260258
قالولي,0.6245342728777439,0.6245342728777439
قوه الا,-0.6243345307596555,0.6243345307596555
الاجابه,-0.624323672962836,0.624323672962836
بين,0.6240881630630376,0.6240881630630376
موتى,-0.6231693163510194,0.6231693163510194
تستاهلو,0.6230801594104446,0.6230801594104446
ياخو,0.6229485778404421,0.6229485778404421
تشبه,-0.62243893568041,0.62243893568041
الله في,-0.6223774187827182,0.6223774187827182
انفسنا,-0.6223124815131122,0.6223124815131122
مجاني,-0.6221617538787031,0.6221617538787031
نسبو,0.6219597799687635,0.6219597799687635
مك يا,0.621879196160031,0.621879196160031
ونحب,0.6218461808624528,0.6218461808624528
نشجع,0.6210779476039164,0.6210779476039164
املاق نحن,-0.6209905378847329,0.6209905378847329
بفضل,-0.6205310580707858,0.6205310580707858
وقيل,-0.6205212942449447,0.6205212942449447
فيلا,0.62043190911412,0.62043190911412
ماتش,-0.6203646000539026,0.6203646000539026
عالم,-0.620232397980103,0.620232397980103
جزايريين,0.6201059038375161,0.6201059038375161
احشم على,0.6198993948692267,0.6198993948692267
يسيبورتيو,-0.6198805736122653,0.6198805736122653
خسرو,0.6198276464876372,0.6198276464876372
zid,-0.6197912437532642,0.6197912437532642
ربي يحفظهم,-0.6195544014589884,0.6195544014589884
مبروك تستاهل,-0.6191856551253353,0.6191856551253353
فاهم,-0.6191719455086143,0.6191719455086143
بايع,0.6186063456303457,0.6186063456303457
والمحافظه,-0.6184004593227519,0.6184004593227519
الحمدله,-0.618358931615017,0.618358931615017
راضي,-0.6183317296375744,0.6183317296375744
تاعي,-0.6182758754598374,0.6182758754598374
وشكر,-0.6177632138831476,0.6177632138831476
روح تخرا,0.617148995689397,0.617148995689397
تعملو,0.6168521366239519,0.6168521366239519
رهم,-0.6165710888037348,0.6165710888037348
الحديد المشع,0.6160375887476781,0.6160375887476781
الفرد,-0.6153189112885566,0.6153189112885566
او مزال,-0.6150618222548251,0.6150618222548251
المغاربيه,0.6149784249790936,0.6149784249790936
كسر الحراك,-0.6148637739738688,0.6148637739738688
فيا,0.6147488352309524,0.6147488352309524
لي كيفك,0.6146331134892987,0.6146331134892987
وتسبوا في,0.6145744606361174,0.6145744606361174
مخابرات,-0.6145125675313646,0.6145125675313646
الارض,-0.6144525426048582,0.6144525426048582
الاطفال,-0.6139522453285061,0.6139522453285061
قالوا,-0.6139101950988236,0.6139101950988236
مسكينه,0.6138396636229246,0.6138396636229246
رابعه ابتداءي,0.6137662394249871,0.6137662394249871
ما,-0.6132508316862595,0.6132508316862595
في لندن,-0.6131519801600096,0.6131519801600096
تخفيضات لشهر,-0.6128301583746667,0.6128301583746667
وشويه,0.6126414227822224,0.6126414227822224
ينيكلك,0.6125436545633052,0.6125436545633052
مبروك اخي,-0.6125173917204605,0.6125173917204605
دا,0.612065334118849,0.612065334118849
اهي,0.6120289093277219,0.6120289093277219
اتحاد العاصمه,-0.6119928859602437,0.6119928859602437
نتا واش,-0.6114994260119335,0.6114994260119335
راك تشوف,-0.6108141731828063,0.6108141731828063
اعيش,-0.6106909307166285,0.6106909307166285
خرمنك,0.6105112067745567,0.6105112067745567
وسطهم,0.6104525733312636,0.6104525733312636
ولاد لقحاب,0.6103561355210191,0.6103561355210191
عقابهم,0.6103353352217086,0.6103353352217086
ويقولو,-0.6101879184573048,0.6101879184573048
ويسبو,-0.610129322039625,0.610129322039625
نعرفوها,0.60980528602665,0.60980528602665
مهدرتش,-0.6094749499062921,0.6094749499062921
المحل,-0.6094374211872364,0.6094374211872364
16,0.608524035047713,0.608524035047713
وفاق سطيف,0.6079986431578542,0.6079986431578542
سامسونغ,-0.6079050471571996,0.6079050471571996
من عباده,-0.6075101365509549,0.6075101365509549
25,-0.6073002647480824,0.6073002647480824
كنتو,0.6069454623874873,0.6069454623874873
كالعاده,-0.6068446742783226,0.6068446742783226
بيان,0.6067067574567884,0.6067067574567884
بلادنا من,-0.6065659239064715,0.6065659239064715
هل تعلم,0.6063175009646361,0.6063175009646361
غمه,0.6062115632732846,0.6062115632732846
مره,-0.6059236389884028,0.6059236389884028
نفوطي,0.6058886151677362,0.6058886151677362
شخص,0.6051165518617049,0.6051165518617049
يا الرخيس,0.6042257609861409,0.6042257609861409
الشقيق,-0.6037496914897208,0.6037496914897208
علماء,0.6036587491890456,0.6036587491890456
عدنا,-0.6032417806278747,0.6032417806278747
كاين تخفيضات,-0.6028415585129466,0.6028415585129466
الوكيل حسبنا,-0.6024837168603434,0.6024837168603434
البق,0.6023861760672453,0.6023861760672453
رءيس,0.6021518302381809,0.6021518302381809
سلاله,-0.6021213707703937,0.6021213707703937
يكونو,0.6020791910749244,0.6020791910749244
يا جدك,-0.6020298563002185,0.6020298563002185
يجعلك,-0.6020005737272697,0.6020005737272697
فيفري,-0.6019040156175243,0.6019040156175243
فوطو,0.6017980009806424,0.6017980009806424
ربي يرحم,0.6017742237320468,0.6017742237320468
ويتنحاو,0.6015330803369509,0.6015330803369509
وهو اموت,0.6012792161480364,0.6012792161480364
ربراب وهو,0.6012792161480364,0.6012792161480364
فرحه,-0.6009792271414081,0.6009792271414081
ليك,0.6006682406216605,0.6006682406216605
كونو,-0.6006635039617493,0.6006635039617493
aya,0.5998712045639311,0.5998712045639311
ضعو,0.5998623106325098,0.5998623106325098
امنيه,-0.5997501059996282,0.5997501059996282
اذا,-0.5997170414074863,0.5997170414074863
لشهر رمضان,-0.5993677545437227,0.5993677545437227
الا,0.5991419525159594,0.5991419525159594
شكون هدا,-0.5984755868954756,0.5984755868954756
افضل من,0.5982965991209044,0.5982965991209044
men,0.5980032457861812,0.5980032457861812
تخفيض,-0.5976928931439173,0.5976928931439173
راني حاير,0.5975596122651003,0.5975596122651003
من وقت,0.5969704711768943,0.5969704711768943
راك دير,0.5966466673963313,0.5966466673963313
يمثل,-0.5965884308476062,0.5965884308476062
الفرنسي,0.5965448055321896,0.5965448055321896
سنتيم,-0.5964923083581315,0.5964923083581315
بولايه,-0.5964084709387549,0.5964084709387549
في الجيش,0.5960305582223328,0.5960305582223328
بالبطاطا,-0.5959523495621738,0.5959523495621738
كاين رجال,0.5958728710995558,0.5958728710995558
يحصل,0.5958685223787912,0.5958685223787912
يوجد دعاء,-0.595569293232899,0.595569293232899
باب الجديد,0.5948348229312449,0.5948348229312449
شوي,-0.594015679143562,0.594015679143562
يحط,0.5937162153001686,0.5937162153001686
ومعنديش,0.593651742790495,0.593651742790495
واكبر,0.5936125252130412,0.5936125252130412
خشينه,0.5935978813564221,0.5935978813564221
قفه,0.5933011638115973,0.5933011638115973
اوربا,0.5926882218596702,0.5926882218596702
منبعد,-0.5926489635216277,0.5926489635216277
الثلاجات,-0.5923292186509228,0.5923292186509228
اهل العزم,-0.5918868443607159,0.5918868443607159
عندك الحق,0.5916014638458883,0.5916014638458883
ياارب,-0.5909274399235446,0.5909274399235446
حلقه,-0.5908396010413282,0.5908396010413282
حيا اله,-0.5907127195162243,0.5907127195162243
حكمك,0.5907075573806055,0.5907075573806055
شاف,-0.5906407699024175,0.5906407699024175
وين راه,0.5906217828379573,0.5906217828379573
شحال دار,0.5904039831036235,0.5904039831036235
حسبي الله,0.5900126058957804,0.5900126058957804
البطاطا,0.5899222035780048,0.5899222035780048
زطشي,0.5898586695565242,0.5898586695565242
خارجيه,0.5897275872415044,0.5897275872415044
ايادي خارجيه,0.5897275872415044,0.5897275872415044
الحل الوحيد,0.589477993651615,0.589477993651615
تفووه عليك,0.5892499901927448,0.5892499901927448
من بعد,-0.5889270530446087,0.5889270530446087
بالجبن,-0.5882055307911702,0.5882055307911702
يارب يارب,0.587760613364951,0.587760613364951
العرب,-0.5876272913552928,0.5876272913552928
المجاهد,-0.5874299157173846,0.5874299157173846
قست,0.5870679771536387,0.5870679771536387
يحفظك يعطيك,-0.5868474232629382,0.5868474232629382
طيح,0.5863992381081722,0.5863992381081722
كافيه,0.5861992655660713,0.5861992655660713
كونطر,-0.5859640909892041,0.5859640909892041
اله استاذ,-0.585749886519919,0.585749886519919
الحبيب,0.5857332429179712,0.5857332429179712
نورمال,-0.5857166435086406,0.5857166435086406
ربراب اذا,-0.5856381969952843,0.5856381969952843
من اين,-0.5854678195932221,0.5854678195932221
فيها,0.585401951502586,0.585401951502586
شكامه,0.5849590457286666,0.5849590457286666
فيجب,0.5848212736977535,0.5848212736977535
المسءولين,0.5847832402608328,0.5847832402608328
قوم,0.5846887498223826,0.5846887498223826
والى,-0.584407942237383,0.584407942237383
بامر,0.5841228162912817,0.5841228162912817
عزيزه,-0.5840300769674542,0.5840300769674542
نقطه البيع,-0.5833418764900951,0.5833418764900951
اولادك,0.5828023096394734,0.5828023096394734
ابرز,-0.5825722180113606,0.5825722180113606
ميكي,-0.5825338762242157,0.5825338762242157
صوالح,0.5824888955383642,0.5824888955383642
الدولارات,0.582433081817115,0.582433081817115
والجزاءر,0.5822793571417966,0.5822793571417966
باذن الله,0.5822362623241257,0.5822362623241257
استثمر,-0.5821482199485913,0.5821482199485913
بالدجاج,-0.5819361247520832,0.5819361247520832
يا سي,-0.581831420227928,0.581831420227928
سمحلي,0.581813051073234,0.581813051073234
بياع,0.5815908511128415,0.5815908511128415
تقال,-0.5815824097801119,0.5815824097801119
يمات,-0.5814433016022522,0.5814433016022522
خوفا,-0.5810802428496922,0.5810802428496922
قروب,0.5809907315844405,0.5809907315844405
الرحيم,0.5808921044097322,0.5808921044097322
ولا تقتلوا,-0.5808477790713216,0.5808477790713216
السلطه لشعب,-0.5808385032253899,0.5808385032253899
كسر,0.5803829866915328,0.5803829866915328
لي خدم,0.5793163512311102,0.5793163512311102
توجور,0.5791674623824918,0.5791674623824918
قبايلي بصح,-0.5789833022589577,0.5789833022589577
رزق,0.5788692478413725,0.5788692478413725
تخمامك,0.5788512429446726,0.5788512429446726
خطوه,0.5776779178584751,0.5776779178584751
ايه علابالي,-0.5776643642604253,0.5776643642604253
احنا,0.5776304665220571,0.5776304665220571
ميت,0.5775860363272719,0.5775860363272719
حداد ربراب,-0.5762781114384206,0.5762781114384206
ايحي,0.5762335312112072,0.5762335312112072
بعضنا,-0.5757803680169395,0.5757803680169395
دور,0.5757605409333727,0.5757605409333727
القباءل,0.5751337303982896,0.5751337303982896
في انتظار,-0.5747971702784801,0.5747971702784801
افتح,0.5747042349339456,0.5747042349339456
قسنطينه,-0.5743787823617087,0.5743787823617087
بعيده,-0.5742291892352519,0.5742291892352519
ايقاف,0.5741410782666719,0.5741410782666719
تحبو,0.5739515361124964,0.5739515361124964
هل توجد,-0.5737904325743923,0.5737904325743923
فريت اوملات,-0.5736723556863138,0.5736723556863138
وانا اليه,-0.5734990221710575,0.5734990221710575
اه,0.5732911949232717,0.5732911949232717
يا اما,0.5730053265058995,0.5730053265058995
معندوش شهر,0.5729366664776548,0.5729366664776548
خلاتش خاوتي,0.5729366664776548,0.5729366664776548
ديتو شربولي,0.5729366664776548,0.5729366664776548
اليع خرده,0.5729366664776548,0.5729366664776548
اليع,0.5729366664776548,0.5729366664776548
كلاك بوبي,0.5729366664776548,0.5729366664776548
يهفو,0.5729366664776548,0.5729366664776548
شربولي لمرار,0.5729366664776548,0.5729366664776548
شربولي,0.5729366664776548,0.5729366664776548
كارثه يخسرلك,0.5729366664776548,0.5729366664776548
مكانش حط,0.5729366664776548,0.5729366664776548
شهر خسرلي,0.5729366664776548,0.5729366664776548
ديتو,0.5729366664776548,0.5729366664776548
ياكلو الغبار,0.5729366664776548,0.5729366664776548
خلاتش,0.5729366664776548,0.5729366664776548
خرده التقني,0.5729366664776548,0.5729366664776548
خسرلي كي,0.5729366664776548,0.5729366664776548
يهفو فيكم,0.5729366664776548,0.5729366664776548
خسرلي,0.5729366664776548,0.5729366664776548
التقني مكانش,0.5729366664776548,0.5729366664776548
البيع راهي,0.5729366664776548,0.5729366664776548
نبهكم,0.5729366664776548,0.5729366664776548
خراي يا,0.5728725102078011,0.5728725102078011
خياتكم,0.5727030115297682,0.5727030115297682
تحت,-0.5726210176669689,0.5726210176669689
قالها منانوك,-0.5724198916809506,0.5724198916809506
عثماني,-0.5722118847587232,0.5722118847587232
دوله العدل,0.5718175400249362,0.5718175400249362
فشل,-0.5716727591236305,0.5716727591236305
شادي,-0.5714734553878522,0.5714734553878522
لخير,0.5714268545702883,0.5714268545702883
كنت,0.571333090615502,0.571333090615502
يكون,-0.5712190779627524,0.5712190779627524
ماكش حابس,0.5710327729510059,0.5710327729510059
اعطيني,-0.5703187025891673,0.5703187025891673
rana,0.5696754774782954,0.5696754774782954
كتب,-0.5695407199751484,0.5695407199751484
دعاء خاص,-0.5694439050901351,0.5694439050901351
وامريكا,0.5693005934687758,0.5693005934687758
بباك,0.5690849213717618,0.5690849213717618
كلمات,0.5686343018164994,0.5686343018164994
اعتقل,-0.568383041032176,0.568383041032176
الايمان,0.5682589053654078,0.5682589053654078
لحيوط,-0.5680721103877616,0.5680721103877616
الاواءل,-0.5672927875884929,0.5672927875884929
لعب,-0.5672562701485528,0.5672562701485528
هربو,-0.5666124716768739,0.5666124716768739
سلامتك,-0.56641488188903,0.56641488188903
الوطن الغالي,-0.5663124619864293,0.5663124619864293
باين نتا,0.5661483516843554,0.5661483516843554
kima hada,0.5661180345953092,0.5661180345953092
نفتخر,-0.5658953057970624,0.5658953057970624
مليح,-0.5651485348188542,0.5651485348188542
شوف واش,0.5650441490301067,0.5650441490301067
جيش,0.5649882908200121,0.5649882908200121
اقتصاديا,-0.5649473421527372,0.5649473421527372
انبح,0.5649155747522847,0.5649155747522847
مريض,0.5642255148560584,0.5642255148560584
يجري,0.5641742578214609,0.5641742578214609
bien,-0.5640323544599749,0.5640323544599749
الادب,-0.5640128348504011,0.5640128348504011
مصير,-0.5639410843401962,0.5639410843401962
منا منهيه,-0.5637490895153554,0.5637490895153554
منهيه,-0.5637490895153554,0.5637490895153554
يبكي,-0.5632431243065092,0.5632431243065092
كل يوم,0.5627584338841154,0.5627584338841154
تحاول,-0.5625868475944342,0.5625868475944342
انت انسان,0.5619890500392563,0.5619890500392563
ان يكونوا,-0.5615839800968254,0.5615839800968254
برد,0.5612759063813945,0.5612759063813945
التواصل,-0.5611548038986178,0.5611548038986178
امير تستاهل,-0.560820451271081,0.560820451271081
شريتو,-0.5607089848838599,0.5607089848838599
الا ان,0.5606038711875747,0.5606038711875747
قال صلى,0.5602082593193851,0.5602082593193851
تندوف,-0.5601775370741574,0.5601775370741574
المكان,-0.5601756631834129,0.5601756631834129
لذا,-0.5599027375577271,0.5599027375577271
نشري وحده,-0.5586214231844476,0.5586214231844476
شكرك ربي,0.5586207343041975,0.5586207343041975
شكرك,0.5586207343041975,0.5586207343041975
انت اكبر,0.5580842097146751,0.5580842097146751
نحب مولوديه,0.5575454944110562,0.5575454944110562
ملياردير,0.5573604199864133,0.5573604199864133
قول الحق,-0.5571205078867427,0.5571205078867427
في الدوله,-0.5570465195987873,0.5570465195987873
mais,-0.5566747852304025,0.5566747852304025
اختيار,-0.5563812833847038,0.5563812833847038
سامع,-0.5562974505190408,0.5562974505190408
لكوندور,-0.5562238828361165,0.5562238828361165
نيك موك,0.5560867155524631,0.5560867155524631
هربت,-0.5560607050588289,0.5560607050588289
تبين,-0.5548592435617035,0.5548592435617035
والصلاه والسلام,-0.5544383744110749,0.5544383744110749
ريقل روحك,0.5536799484968558,0.5536799484968558
ريقل,0.5536799484968558,0.5536799484968558
لغه المستدمره,0.5535155698424229,0.5535155698424229
المستدمره,0.5535155698424229,0.5535155698424229
المستدمره خرنسا,0.5535155698424229,0.5535155698424229
الخرنسيه,0.5535155698424229,0.5535155698424229
خرنسا الفاجره,0.5535155698424229,0.5535155698424229
خيرا قط,0.5535155698424229,0.5535155698424229
الخرنسيه اكرمكم,0.5535155698424229,0.5535155698424229
استطيع,0.5532747605276074,0.5532747605276074
بركا,-0.5529906737188369,0.5529906737188369
شرق,0.5529162706041731,0.5529162706041731
بطن,-0.5528945204111955,0.5528945204111955
وما بطن,-0.5528945204111955,0.5528945204111955
والمحن,-0.5528945204111955,0.5528945204111955
زيد معاهم,-0.552777901988859,0.552777901988859
تخلص,-0.5525978408743989,0.5525978408743989
نا,-0.5524922463890782,0.5524922463890782
قايمين,0.5523509774196637,0.5523509774196637
قيمتها,-0.5522295762198237,0.5522295762198237
معذبهم,-0.5518641557545009,0.5518641557545009
يتحسب,-0.5513398551452191,0.5513398551452191
ميش,0.5513039771128299,0.5513039771128299
القنوات,-0.5511477825315778,0.5511477825315778
شهوات,-0.5509680469695922,0.5509680469695922
يتدخل,-0.5509270122772018,0.5509270122772018
يحيا الجيش,0.5507415812985783,0.5507415812985783
محترف,0.5506444408880566,0.5506444408880566
بس,-0.5505540035497584,0.5505540035497584
جنازه,0.5503960113424958,0.5503960113424958
بالاموال,0.5501701830866113,0.5501701830866113
جا,0.5498714481357078,0.5498714481357078
بالتوبه,-0.5496981263703469,0.5496981263703469
نسجل,-0.5494311842566234,0.5494311842566234
انت فخر,-0.5494062113187076,0.5494062113187076
لماذا,0.5484435377910943,0.5484435377910943
امك الغاليه,0.5482429886894966,0.5482429886894966
يحفضك,0.5478761676382115,0.5478761676382115
يساوي,-0.5477327913374145,0.5477327913374145
بما فيهم,0.5477018028562374,0.5477018028562374
histoire,0.5475244405878764,0.5475244405878764
crb,-0.5474689885383561,0.5474689885383561
فسيح جنانه,0.5471213352048356,0.5471213352048356
جنانه,0.5471213352048356,0.5471213352048356
خمم على,0.5466117872748195,0.5466117872748195
وراني,-0.5454085930477957,0.5454085930477957
قبائل,0.5453574805366611,0.5453574805366611
قبايل,-0.545174305024682,0.545174305024682
تاع فرنسا,0.5442382692962501,0.5442382692962501
الاعبين,-0.5436201363664412,0.5436201363664412
مزال كاين,0.5433487113407905,0.5433487113407905
تمسخرو,-0.543263126548491,0.543263126548491
تحبس,0.5431587480692206,0.5431587480692206
لهذا,-0.5425839298131444,0.5425839298131444
زيتون,0.5423586307521594,0.5423586307521594
من صفحه,-0.5421267871913343,0.5421267871913343
درتي,0.5417361717713204,0.5417361717713204
نعبد ختك,0.5415774297861122,0.5415774297861122
اسطوريه,0.5414646931887956,0.5414646931887956
البلغارين,-0.5413009756208633,0.5413009756208633
البلغارين وغجر,-0.5413009756208633,0.5413009756208633
الوندال البلغارين,-0.5413009756208633,0.5413009756208633
ودير,0.5411705216001983,0.5411705216001983
والسكر,0.5410374241962282,0.5410374241962282
ختك لي,0.5405985168988319,0.5405985168988319
روحي راكي,0.5405537117688888,0.5405537117688888
يعاني,0.5404427124872104,0.5404427124872104
روحي شوفي,-0.5403907791374414,0.5403907791374414
الاكبر,-0.5402441382996043,0.5402441382996043
لا يجب,0.540183373649119,0.540183373649119
اين,-0.5400829972414236,0.5400829972414236
يحكم,-0.5386690062767411,0.5386690062767411
ويدير,-0.5378844657108791,0.5378844657108791
ناس ملاح,0.5376734997430936,0.5376734997430936
مشي في,-0.5373069624674522,0.5373069624674522
امك فرنسا,0.5371856873716017,0.5371856873716017
نورمالمون,-0.5370302371726056,0.5370302371726056
مقر,0.5369458684980544,0.5369458684980544
دالك,-0.536497741769886,0.536497741769886
يتبعوا,0.5364824603249128,0.5364824603249128
ريت,-0.5361088689421755,0.5361088689421755
يلعب فبلاصتو,-0.535779558785495,0.535779558785495
فبلاصتو,-0.535779558785495,0.535779558785495
يشغل الاف,-0.5357057572962197,0.5357057572962197
يشغل,-0.5357057572962197,0.5357057572962197
اموات,0.5356352867157016,0.5356352867157016
غيرها,-0.5354678607612916,0.5354678607612916
كلبك اتبعك,0.5352483430991926,0.5352483430991926
بهدلتي,0.5349051315524225,0.5349051315524225
ويغفر,-0.5347904344092932,0.5347904344092932
واعر,-0.5339384002625263,0.5339384002625263
منحه,0.5338459317827615,0.5338459317827615
نقص,-0.5337279162245198,0.5337279162245198
لا وجود,0.5335574696333646,0.5335574696333646
ليسوا,0.5322856581762366,0.5322856581762366
يريد,-0.531777355049922,0.531777355049922
الارهابيه تسقط,0.5317722018325136,0.5317722018325136
الحس,-0.5314497349815168,0.5314497349815168
دير الحس,-0.5314497349815168,0.5314497349815168
نيك اموك,0.5314174544938679,0.5314174544938679
اموك,0.5314174544938679,0.5314174544938679
دايرين,0.5313842758214823,0.5313842758214823
تزوجو فقراء,-0.5311249717708095,0.5311249717708095
فقراء يغنيكم,-0.5311249717708095,0.5311249717708095
فهي,-0.531092166004711,0.531092166004711
rouh nik,0.5310028906153222,0.5310028906153222
الازعاج,-0.5308587378787565,0.5308587378787565
نكونو,-0.530839269373001,0.530839269373001
العيب,0.5307560904181046,0.5307560904181046
راحت,-0.530731819760859,0.530731819760859
ينام,-0.5305977799311922,0.5305977799311922
وصحبه اجمعين,-0.5302312799743045,0.5302312799743045
جاو,-0.5300267393726751,0.5300267393726751
الله يرحمك,-0.5299907986075347,0.5299907986075347
mchi,0.5298926420682779,0.5298926420682779
جايين,0.5297695807552297,0.5297695807552297
تومي,0.5296127600490352,0.5296127600490352
الشعب,0.5294715535204834,0.5294715535204834
التفاعل,-0.5294248490069149,0.5294248490069149
كل ما,0.5292102553150828,0.5292102553150828
اصله اسيا,-0.5290447023974063,0.5290447023974063
الهه,-0.5288707462524482,0.5288707462524482
تنطق,0.5287852534210932,0.5287852534210932
ادمين,0.5287550549744122,0.5287550549744122
لطفك,-0.5284790513228831,0.5284790513228831
دار,0.5284486466899151,0.5284486466899151
يفرحك,-0.5280983701589994,0.5280983701589994
كيفاش,-0.5277792581086773,0.5277792581086773
وسعيد بوتفليقه,0.5277407568576555,0.5277407568576555
مساء,-0.5274144111192656,0.5274144111192656
خصاءص,-0.5272322221811357,0.5272322221811357
شعرك,0.5270152370090228,0.5270152370090228
ندافع,-0.526975774527621,0.526975774527621
اننا,-0.526506550228545,0.526506550228545
الجن,-0.5259475475669996,0.5259475475669996
hommes,0.5256845455909203,0.5256845455909203
في ميزان,0.5251566687509623,0.5251566687509623
يحفظك من,0.5249945840317497,0.5249945840317497
الثاني,-0.5247968748307436,0.5247968748307436
سراح ربراب,-0.5247404772138184,0.5247404772138184
فاق,0.5241796508073089,0.5241796508073089
يعرفو,0.5240304569304863,0.5240304569304863
ندوها,0.5239965192246882,0.5239965192246882
كره اليد,-0.523817656883832,0.523817656883832
العظيم واتوب,0.5234797370219119,0.5234797370219119
الجيش الجزائري,0.5234314603974211,0.5234314603974211
fih,0.5233416801567413,0.5233416801567413
نعم الوكيل,0.5232045550389351,0.5232045550389351
تستهل كل,0.5230446720714412,0.5230446720714412
قباءلي,0.5230022278816381,0.5230022278816381
لاباس,0.5226944116258404,0.5226944116258404
بايته,-0.5226823553962664,0.5226823553962664
امريكا,-0.5225963067537056,0.5225963067537056
وامير ديزاد,-0.5223129423241627,0.5223129423241627
المواد,-0.5221064651538682,0.5221064651538682
يربحك,-0.5220617606323813,0.5220617606323813
دير في,0.5220121289596973,0.5220121289596973
اعرفو,-0.5219407830630959,0.5219407830630959
مبروك ولعقوبه,-0.5216259414186831,0.5216259414186831
علاه,-0.5203740813850691,0.5203740813850691
الفاضل,0.5201522222059438,0.5201522222059438
دخلت,-0.5199138176025315,0.5199138176025315
اجي,0.5192196122690433,0.5192196122690433
تباعا,-0.5189393937920822,0.5189393937920822
تحركهم,0.518623987503486,0.518623987503486
بلع,0.5186002832512454,0.5186002832512454
كي تشوف,-0.5185717854576065,0.5185717854576065
انظال انظال,-0.518257436968056,0.518257436968056
حتي,-0.5177380041022066,0.5177380041022066
ربي ياخذ,0.5174251116403975,0.5174251116403975
نجاحات,-0.5172681194688076,0.5172681194688076
زادت,-0.5164952980489834,0.5164952980489834
est,-0.516296082594833,0.516296082594833
يا خامجه,0.5159868530245957,0.5159868530245957
هاذو,-0.5158223819585656,0.5158223819585656
كنت راجل,0.5154552212257426,0.5154552212257426
صاحبي باين,0.5150824703067791,0.5150824703067791
وهل,0.5149749484615953,0.5149749484615953
quoi,0.5147078912368573,0.5147078912368573
منها,-0.5143732590475631,0.5143732590475631
الاوروبي,0.5136099253419386,0.5136099253419386
الاتحاد الاوروبي,0.5136099253419386,0.5136099253419386
تستهلك,-0.5135379714824131,0.5135379714824131
اله يعطيك,-0.5133580564369763,0.5133580564369763
موفق,-0.5131692257265021,0.5131692257265021
نتفرج,0.5131554931822319,0.5131554931822319
ايسكوبار معيش,-0.512804860340219,0.512804860340219
شيشناق,0.5126946128371463,0.5126946128371463
مني,-0.5119608478337034,0.5119608478337034
يوم الدين,0.5116754362563598,0.5116754362563598
ماعنديش,-0.5115120858868286,0.5115120858868286
نتا ريح,0.51133154803549,0.51133154803549
معطوب ماشي,-0.5110586351599027,0.5110586351599027
علبالك,0.5106241591694057,0.5106241591694057
قنوات,0.5098346019989789,0.5098346019989789
وليس,0.5095967835899088,0.5095967835899088
مغلقه,0.5094062451116592,0.5094062451116592
تظن,0.5093867632138624,0.5093867632138624
زين,0.5093762856777359,0.5093762856777359
التوجه,-0.5092587990525635,0.5092587990525635
خمسه,-0.5092313889527587,0.5092313889527587
الشركه,-0.509153225785176,0.509153225785176
بعد البيع,0.5089873146872069,0.5089873146872069
moulodia,-0.5088370638671477,0.5088370638671477
طرح,0.5084439923228156,0.5084439923228156
زلزال,0.5084045144865811,0.5084045144865811
ينيكو,0.5083693287014994,0.5083693287014994
يستقيل,-0.5082759259490208,0.5082759259490208
كمارتك,0.50780508245921,0.50780508245921
على وجه,-0.5076780749351993,0.5076780749351993
اواه,0.5076162693231018,0.5076162693231018
نبدا,-0.5073565577587568,0.5073565577587568
تقشف,-0.5063222329706725,0.5063222329706725
الواسعه,-0.5063071178289487,0.5063071178289487
تولي,0.5062908903516136,0.5062908903516136
خلي,0.5062598122198906,0.5062598122198906
يهديك يا,0.5054773867079568,0.5054773867079568
mazal,0.5054004373767049,0.5054004373767049
راي,0.5049391224531191,0.5049391224531191
الانبياء,-0.5048952403999832,0.5048952403999832
واد,0.5048673961126322,0.5048673961126322
بعد,-0.5039394542901525,0.5039394542901525
الوصيه,-0.503797860422563,0.503797860422563
تربحكم يا,0.5036873525471868,0.5036873525471868
الصحافه,-0.5036628169289699,0.5036628169289699
واتوب,0.5033473450799162,0.5033473450799162
بشار,-0.5031032544866098,0.5031032544866098
شاوي,-0.5029021770802902,0.5029021770802902
بلاصتك,-0.5027312340327849,0.5027312340327849
للخارج,-0.5026472449233683,0.5026472449233683
الثابتين,-0.502599381997916,0.502599381997916
كل شيئ,0.501576349293181,0.501576349293181
نقاط بيع,-0.500908426822407,0.500908426822407
للجميع,0.5006202241499124,0.5006202241499124
يخليك لينا,-0.5005715461557075,0.5005715461557075
التويت,-0.5004847118384278,0.5004847118384278
ديموقراطيه,-0.5000673951567147,0.5000673951567147
رحم الله,0.4987904861532244,0.4987904861532244
الدنيا,-0.49873035477985117,0.49873035477985117
الدول العربيه,-0.4982760908657596,0.4982760908657596
وترك,-0.4982311749841399,0.4982311749841399
الورثه,-0.4982311749841399,0.4982311749841399
وارث,-0.4982311749841399,0.4982311749841399
الطاعون,-0.4982311749841399,0.4982311749841399
الصلوات,-0.4982311749841399,0.4982311749841399
يا وارث,-0.4982311749841399,0.4982311749841399
والبعد,-0.4982311749841399,0.4982311749841399
انتظار,0.4980490116698259,0.4980490116698259
كشفهم,0.49785250103153117,0.49785250103153117
خبر عاجل,0.49750546805648355,0.49750546805648355
نحورهم,-0.49732605937738755,0.49732605937738755
mel,-0.4972987982524547,0.4972987982524547
يسكنها فسيح,0.4971836562797001,0.4971836562797001
يسكنها,0.4971836562797001,0.4971836562797001
كي الكلب,0.4969903878197994,0.4969903878197994
دير لقلب,0.49696865955495295,0.49696865955495295
حركتهم,-0.49660470774643234,0.49660470774643234
وكانوا,0.49638367423752033,0.49638367423752033
تصريح,-0.49620582412432807,0.49620582412432807
32,-0.4959315069781688,0.4959315069781688
يارب العالمين,-0.49537465604890224,0.49537465604890224
يا منافق,0.495247476692557,0.495247476692557
احدا,-0.49498753090458814,0.49498753090458814
كل الخير,-0.49451020353592795,0.49451020353592795
رقم,-0.49449793197377967,0.49449793197377967
ولايه بجايه,-0.4943037800654417,0.4943037800654417
منكر,0.4939856521720955,0.4939856521720955
محمد,0.4939293270920707,0.4939293270920707
ومخلي شعبو,-0.4937434798927423,0.4937434798927423
شعبو يطلب,-0.4937434798927423,0.4937434798927423
ومخلي,-0.4937434798927423,0.4937434798927423
شعبو,-0.4937434798927423,0.4937434798927423
فريتوملات,-0.4932653400982224,0.4932653400982224
بعتي,0.4930474117696729,0.4930474117696729
شبعت رخس,0.49267388805428425,0.49267388805428425
ga,-0.4919323457989178,0.4919323457989178
مفهمنا,0.49134978176333516,0.49134978176333516
رب,-0.4911933353560775,0.4911933353560775
لجميع,-0.4906352984329571,0.4906352984329571
مبروك لتونس,-0.4902514018806041,0.4902514018806041
الانتخبات,0.4901150238580597,0.4901150238580597
يبيعو,0.48995517960975465,0.48995517960975465
عن طريق,-0.48994975786475836,0.48994975786475836
على الاقل,-0.48966937177639336,0.48966937177639336
اولادكم من,-0.48946510409456806,0.48946510409456806
اختيار الحاكم,-0.4892075788775383,0.4892075788775383
توجد سيوله,0.48919103180406276,0.48919103180406276
عندي مشكل,-0.4887420802167146,0.4887420802167146
واحد,-0.4880652324656838,0.4880652324656838
ولات,-0.4879029057790003,0.4879029057790003
فطوركم اجمعين,-0.4872345798103954,0.4872345798103954
الوطني الجزائري,-0.4870973002621853,0.4870973002621853
خلاص,-0.4866838560430927,0.4866838560430927
فالغربه,-0.4864173311129441,0.4864173311129441
دراجي,0.4863121988654436,0.4863121988654436
ماشي غير,-0.4862681477232999,0.4862681477232999
مليار,-0.48611911442620753,0.48611911442620753
مساعده,0.48603724993004976,0.48603724993004976
في,-0.4856263278494634,0.4856263278494634
اله يرحمهم,-0.48559777840653495,0.48559777840653495
يا عميل,0.4855516385790344,0.4855516385790344
مثواه,-0.48525550119848876,0.48525550119848876
وسجن,-0.48509093562553307,0.48509093562553307
راسك,0.4850714489215958,0.4850714489215958
فى,-0.48487703937656773,0.48487703937656773
راك عايش,0.48470735181735874,0.48470735181735874
دراهمهم,-0.4845925618887384,0.4845925618887384
كبرت,-0.4834889852208346,0.4834889852208346
يا شكام,0.4834839326593466,0.4834839326593466
اشتريت,-0.4833976534244573,0.4833976534244573
وتحل,0.48269282705120264,0.48269282705120264
خلصتها,0.48242536099021566,0.48242536099021566
يخرجو,-0.4822957596191725,0.4822957596191725
عليك من,0.4821985540865129,0.4821985540865129
bonne,-0.48216476165886757,0.48216476165886757
قاع يعني,0.48177092035449404,0.48177092035449404
التيليفون,-0.48162148836830665,0.48162148836830665
محمد وعلى,-0.4815352852736556,0.4815352852736556
وعلى اله,-0.4815352852736556,0.4815352852736556
ثبون,-0.4809601551401973,0.4809601551401973
نولي,-0.48088491851809334,0.48088491851809334
اضافه,-0.48036450377969775,0.48036450377969775
الرحمن,-0.4802849297365531,0.4802849297365531
لي سرق,0.48018281799476864,0.48018281799476864
من ربراب,0.48014605864462057,0.48014605864462057
اويحي حداد,-0.47978152137030367,0.47978152137030367
يمكن ان,-0.47954295170628186,0.47954295170628186
الحجاب,0.4793559355904819,0.4793559355904819
ياخذ الحق,0.47931097361244596,0.47931097361244596
السيد ربراب,-0.4792105089581128,0.4792105089581128
معك,-0.4790237786792764,0.4790237786792764
الصباح,-0.47866701579395615,0.47866701579395615
الجزيره,0.47831536031868815,0.47831536031868815
يجعلها,0.4780834162562129,0.4780834162562129
الجهويه,0.4779687462895087,0.4779687462895087
القانون فوق,-0.47745794223435783,0.47745794223435783
يتبعوه,0.4774011181219535,0.4774011181219535
الله فيكم,-0.47733807070304285,0.47733807070304285
روح نيكمك,0.4772071916928936,0.4772071916928936
توقف,0.4767723192797208,0.4767723192797208
هذا النظام,0.4767310912420896,0.4767310912420896
صاي,0.4766704414011296,0.4766704414011296
زوج,-0.4764202846621276,0.4764202846621276
غيرو المشكل,-0.4764054157460479,0.4764054157460479
لي مازلنا,-0.4764054157460479,0.4764054157460479
فينا حنا,-0.4764054157460479,0.4764054157460479
المشكل فينا,-0.4764054157460479,0.4764054157460479
مازلنا ماعندناش,-0.4764054157460479,0.4764054157460479
في كل,-0.4757109602519827,0.4757109602519827
حنا بلاد,0.47557557563121816,0.47557557563121816
العلي العظيم,0.47554552385119236,0.47554552385119236
عبيدك,-0.47547573421454087,0.47547573421454087
ملال,0.4754397394111298,0.4754397394111298
يسمع,-0.4751929739849528,0.4751929739849528
ملفاتهم,-0.47499215394835403,0.47499215394835403
نقولو,-0.47496789679538925,0.47496789679538925
شراب,0.47486635873734373,0.47486635873734373
لارهاب,-0.4746341318661909,0.4746341318661909
ماشاء الله,-0.47462646704555195,0.47462646704555195
كيما راكم,0.4745192310136582,0.4745192310136582
استاذنا,-0.4742440917663131,0.4742440917663131
جهنم,-0.4740565045963091,0.4740565045963091
تطالب,-0.4739647831554149,0.4739647831554149
تتبع,0.47376322403301635,0.47376322403301635
تيري,-0.4737158282394044,0.4737158282394044
التفرقه,-0.4737075644895296,0.4737075644895296
وجهك كي,0.47361391278723436,0.47361391278723436
مكانش منها,0.47332204313387743,0.47332204313387743
الي راك,0.47331376961216914,0.47331376961216914
فاقلك,-0.47320933657077996,0.47320933657077996
بالاخص,0.47309078936957516,0.47309078936957516
الاستغفار,-0.47231530240631314,0.47231530240631314
كحل,0.4722274066587791,0.4722274066587791
الي في,-0.47220728921426686,0.47220728921426686
النار,0.472089052962895,0.472089052962895
حبيت نشري,-0.4720688816319759,0.4720688816319759
وسيله,-0.4719798346860777,0.4719798346860777
لست قبايلي,-0.47174466778974666,0.47174466778974666
كلاش,-0.471685477908331,0.471685477908331
دخل لبلاد,0.4714978983449795,0.4714978983449795
الجباره,-0.4714801913444501,0.4714801913444501
ydir,-0.4713874832341645,0.4713874832341645
حقوق,0.4711224554264907,0.4711224554264907
مك كي,0.4710861667421587,0.4710861667421587
العمال,0.47101862783058734,0.47101862783058734
التالي,-0.4708810626600849,0.4708810626600849
خمم,-0.470335475481195,0.470335475481195
البنك,0.47032028277285726,0.47032028277285726
عفسه,0.46960762636172704,0.46960762636172704
الله تبارك,-0.4693853494367098,0.4693853494367098
fiha,0.46922634374354866,0.46922634374354866
لجناس,0.4690501368344263,0.4690501368344263
تحياتي لك,-0.4690363893348061,0.4690363893348061
زعيم,0.46880739779200925,0.46880739779200925
عمليات,-0.4685783395906031,0.4685783395906031
روح نيك,0.46853052544790896,0.46853052544790896
والمحافظه على,-0.46845583059339063,0.46845583059339063
زبي فيكم,0.468317934840283,0.468317934840283
فاقو,-0.46829690253093714,0.46829690253093714
نعبد ربي,0.4682311900086759,0.4682311900086759
حليب,-0.46813415687161314,0.46813415687161314
يم يم,-0.46802159477238114,0.46802159477238114
المرض,-0.46789084637662315,0.46789084637662315
خبز,-0.4674749640270533,0.4674749640270533
20,0.46742483975682897,0.46742483975682897
مسءول,-0.46608801187155563,0.46608801187155563
سنه رابعه,0.46606328682597686,0.46606328682597686
يسعد ربراب,-0.4652022774287295,0.4652022774287295
يشفي كل,-0.4650949382022044,0.4650949382022044
مو لي,0.4641862143653915,0.4641862143653915
بالاخبار,0.464070247338426,0.464070247338426
ايها,0.46394863646487033,0.46394863646487033
ولد عباس,-0.46392170837286345,0.46392170837286345
اليد في,-0.4639054898435507,0.4639054898435507
اله يسهل,-0.46387950864017846,0.46387950864017846
مثال,0.4636782014053247,0.4636782014053247
الراس,-0.4635030886657966,0.4635030886657966
ينصرنا,0.46332061252580814,0.46332061252580814
مكتب,-0.463317600046309,0.463317600046309
غول,0.4630849925965688,0.4630849925965688
من عند,0.46260889071940575,0.46260889071940575
شويا,-0.462352314013486,0.462352314013486
وتعالى,-0.4622823668350659,0.4622823668350659
سبحانه وتعالى,-0.4622823668350659,0.4622823668350659
كامل فيهم,0.4617262682166187,0.4617262682166187
ارتفاع,0.46112650542298994,0.46112650542298994
نتاهل,0.46087813179633014,0.46087813179633014
التوبه سريعا,0.4607453366865382,0.4607453366865382
ولاد رجال,0.4607453366865382,0.4607453366865382
ينجح بكل,0.4607453366865382,0.4607453366865382
ينجح,0.4607453366865382,0.4607453366865382
الهواء,-0.4604953291159183,0.4604953291159183
الوصفه,-0.4604243048577689,0.4604243048577689
معليش,-0.4597196014993357,0.4597196014993357
الاوليه,-0.4597022469235724,0.4597022469235724
من,0.45923258016412877,0.45923258016412877
انفسكم,0.45889993816904656,0.45889993816904656
مصيبه,-0.4582677818582158,0.4582677818582158
في روحك,-0.45821231568856946,0.45821231568856946
هارب,-0.45808856194238146,0.45808856194238146
علينا,-0.4578772127187236,0.4578772127187236
الكل,-0.457523365490502,0.457523365490502
ابو,-0.4569676929970268,0.4569676929970268
مش,0.4564547501378452,0.4564547501378452
لي راهم,-0.4561715817275557,0.4561715817275557
لقايد,-0.4561008337500141,0.4561008337500141
اولدي,0.4558301380704417,0.4558301380704417
يكفي,0.4555600089365723,0.4555600089365723
دابه,-0.4550906532986315,0.4550906532986315
حاشا,-0.4550644519416905,0.4550644519416905
حركه الماك,0.45490908046359696,0.45490908046359696
بتمويل حركه,0.45490908046359696,0.45490908046359696
بتمويل,0.45490908046359696,0.45490908046359696
لشركه سيفيتال,0.45490908046359696,0.45490908046359696
نقطه مهمه,0.45490908046359696,0.45490908046359696
الانفصاليه,0.45490908046359696,0.45490908046359696
الماك الانفصاليه,0.45490908046359696,0.45490908046359696
نيكمك يا,0.45486591530228404,0.45486591530228404
نطلع,0.4547328267337181,0.4547328267337181
الخزره,0.45436015070084995,0.45436015070084995
ثقافه,-0.4543338788269217,0.4543338788269217
نعرفك,0.45420808054210854,0.45420808054210854
قادر على,0.453864847854235,0.453864847854235
يسترنا,0.45352552748616787,0.45352552748616787
قوقل,-0.4534951302592911,0.4534951302592911
كاين غير,0.45342393893613525,0.45342393893613525
هاكا,0.4530494589145591,0.4530494589145591
لينا,-0.4530486719641285,0.4530486719641285
تبارك اله,-0.4524014085502745,0.4524014085502745
وكيلك,0.45232355838530636,0.45232355838530636
يقسم,0.451413216039233,0.451413216039233
الحراش,-0.4511932654531627,0.4511932654531627
سراح,-0.45109297048849517,0.45109297048849517
هما,0.45108736665444427,0.45108736665444427
اعمت,0.4510393486355309,0.4510393486355309
تنحيه,0.4510393486355309,0.4510393486355309
اتفاقيه,0.4510210068989481,0.4510210068989481
خدمات,-0.4509165844432747,0.4509165844432747
لالجيرينو,0.45074002808739466,0.45074002808739466
تحلو,-0.4506821690042503,0.4506821690042503
بزااف,-0.45023250345834687,0.45023250345834687
سيارات,-0.45001381827681197,0.45001381827681197
التغير,-0.44990300178200426,0.44990300178200426
free,-0.44955673946640007,0.44955673946640007
راحه,-0.44945545170771906,0.44945545170771906
الله نعم,0.44944243884572305,0.44944243884572305
يبان,-0.44942958443935516,0.44942958443935516
شكون اكبر,0.4491551198358696,0.4491551198358696
قبله اليس,0.4491551198358696,0.4491551198358696
نهب خرب,0.4491551198358696,0.4491551198358696
اكبر رجل,0.4491551198358696,0.4491551198358696
اليس اويحي,0.4491551198358696,0.4491551198358696
الثمن رغم,0.4491551198358696,0.4491551198358696
اويحي بولكيران,0.4491551198358696,0.4491551198358696
الجميع كانوا,0.4491551198358696,0.4491551198358696
اليس ربراب,0.4491551198358696,0.4491551198358696
اليس سيدهم,0.4491551198358696,0.4491551198358696
شيء الحكومه,0.4491551198358696,0.4491551198358696
شوفوا,0.4491551198358696,0.4491551198358696
خرب حطم,0.4491551198358696,0.4491551198358696
يستفيد,0.4491551198358696,0.4491551198358696
كانوا يشوفوا,0.4491551198358696,0.4491551198358696
خير ربي,0.4489910618783018,0.4489910618783018
استعمال,0.448746220251437,0.448746220251437
من القتل,0.44873174599356586,0.44873174599356586
المقارون,0.44788948130339673,0.44788948130339673
يرحمو ويجعل,-0.44773540633345266,0.44773540633345266
ويجعل مثواه,-0.44773540633345266,0.44773540633345266
الارضيه,-0.4475715035199897,0.4475715035199897
رئيسهم,-0.44756120790169984,0.44756120790169984
اديه,0.4473972445285379,0.4473972445285379
بعضهم,0.447339258097743,0.447339258097743
اغاني,-0.4472003844212913,0.4472003844212913
تجاوزت,0.44694947555032954,0.44694947555032954
والحركه,-0.44692933139879526,0.44692933139879526
التنسقيه,-0.44689195456211367,0.44689195456211367
والمصداقيه,0.4468059347101519,0.4468059347101519
فتح فرع,-0.44659812913715663,0.44659812913715663
هو,-0.446547393759771,0.446547393759771
تحويل,-0.4462045414846153,0.4462045414846153
فليل,-0.4459581952379861,0.4459581952379861
ميقدر يهدر,0.4457621616581915,0.4457621616581915
بدون,0.4456350467194649,0.4456350467194649
نشري ثلاجه,-0.44493980771746555,0.44493980771746555
الاثم,0.4448796995285297,0.4448796995285297
راك صح,-0.444068738113824,0.444068738113824
شفتها,-0.44362767554638105,0.44362767554638105
القديم,-0.44350695643176896,0.44350695643176896
الطاهره جزاك,0.4434137038646851,0.4434137038646851
العلي,0.4432838348936508,0.4432838348936508
حوالي اشهر,-0.44296805039048803,0.44296805039048803
ترميك,0.442708667731096,0.442708667731096
معناه,-0.44227664656854626,0.44227664656854626
بلي ربراب,-0.44227346528438966,0.44227346528438966
هك,0.4418806656955806,0.4418806656955806
صور,-0.4417782586397195,0.4417782586397195
لي في,0.4414250472368661,0.4414250472368661
raki,-0.44112703399257464,0.44112703399257464
شاء,0.44099830950836705,0.44099830950836705
خوا خوا,-0.44071502491817366,0.44071502491817366
يبقي,0.4406901130759759,0.4406901130759759
لشعب,-0.440338167974715,0.440338167974715
عليها,-0.43994577790338657,0.43994577790338657
تعلن,-0.4398560935550833,0.4398560935550833
هاذي,0.439785091901029,0.439785091901029
الوعود,0.43929158828850595,0.43929158828850595
ضروريه,0.43921270291167364,0.43921270291167364
نصنعلكم,0.43921270291167364,0.43921270291167364
ضمانات,0.43921270291167364,0.43921270291167364
سلعه معيشيه,0.43921270291167364,0.43921270291167364
اعطيوني قروض,0.43921270291167364,0.43921270291167364
البنوك الوطنيه,0.43921270291167364,0.43921270291167364
الوطنيه بدون,0.43921270291167364,0.43921270291167364
ضمانات واعطيوني,0.43921270291167364,0.43921270291167364
ودار اعطيوني,0.43921270291167364,0.43921270291167364
وحمايه,0.43921270291167364,0.43921270291167364
الحصري لكانش,0.43921270291167364,0.43921270291167364
معيشيه ضروريه,0.43921270291167364,0.43921270291167364
الحكومه وانا,0.43921270291167364,0.43921270291167364
الاستخبارات وحمايه,0.43921270291167364,0.43921270291167364
قروض كيما,0.43921270291167364,0.43921270291167364
اعتقاله,-0.43893701305940586,0.43893701305940586
لي راكي,-0.43861924511348754,0.43861924511348754
الي دار,0.43858209471770737,0.43858209471770737
الجزائرين,-0.4384438193411499,0.4384438193411499
يعطيهم,-0.43752880784400233,0.43752880784400233
صراحه خوفا,-0.43708930341097274,0.43708930341097274
باطلاق صراحه,-0.43708930341097274,0.43708930341097274
خبزه ولادك,-0.43708930341097274,0.43708930341097274
ماكش,0.43686373214377033,0.43686373214377033
كرامتي,0.4365593391382498,0.4365593391382498
ارسال,0.4365475300955394,0.4365475300955394
الحرب,-0.4360806156090749,0.4360806156090749
انتخب,0.435790130438763,0.435790130438763
توفر حريه,-0.43542967535515165,0.43542967535515165
روحك بلي,0.43479241795610407,0.43479241795610407
اليا,-0.4346329573432619,0.4346329573432619
هد,-0.4344821484277223,0.4344821484277223
انا لي,0.4344665496066896,0.4344665496066896
الوزراء,0.43430177609469744,0.43430177609469744
مازال,0.43409619744338424,0.43409619744338424
وفجاه,0.43378249801369184,0.43378249801369184
رجال اعمال,-0.4334454007578263,0.4334454007578263
الاخ امير,-0.4327520501281439,0.4327520501281439
ربحت,-0.43274553111334174,0.43274553111334174
زواج,-0.4326118248690789,0.4326118248690789
او اي,0.43239395386495544,0.43239395386495544
عادي,-0.43225668591536687,0.43225668591536687
بالهتنا,-0.43207884084730575,0.43207884084730575
الى الجحيم,0.43204260691562013,0.43204260691562013
يبقى,-0.4312675263131355,0.4312675263131355
مخبارات,0.4312087431894372,0.4312087431894372
فكانت,-0.4309395772418538,0.4309395772418538
المغربيه,0.4307936701186518,0.4307936701186518
لعقوبه لمزيد,-0.43063597230344924,0.43063597230344924
صف,-0.43055039968853664,0.43055039968853664
فرماج,-0.43052692613123267,0.43052692613123267
نقنع,0.43041423754409947,0.43041423754409947
نقنع بوصبع,0.43041423754409947,0.43041423754409947
حبا,-0.4303306287415342,0.4303306287415342
مزيا,0.43013575363567913,0.43013575363567913
غنا,-0.4288597505094612,0.4288597505094612
وكيلكم,0.4287151778976231,0.4287151778976231
تحقيق,-0.4277742524751029,0.4277742524751029
ولا,0.42756724335303165,0.42756724335303165
بالاك,-0.4275649334772342,0.4275649334772342
الحقيقه,0.42755101052050465,0.42755101052050465
اصلها عثماني,-0.42754943005202356,0.42754943005202356
رضي,0.4271381371667275,0.4271381371667275
عايش,0.4268296964396842,0.4268296964396842
تسلك,0.4266268240688066,0.4266268240688066
مشي,-0.42637941841561905,0.42637941841561905
يهديك ربي,0.42596722727502395,0.42596722727502395
رشاد,-0.42588525621015527,0.42588525621015527
نتا راك,-0.42525491278095057,0.42525491278095057
يذهب,-0.4251460278344753,0.4251460278344753
كامل الشعب,0.4250678574714111,0.4250678574714111
الفندق,0.42423621179638865,0.42423621179638865
انت اقعد,0.42417143392839673,0.42417143392839673
تسقط العصابه,-0.42409788440538126,0.42409788440538126
يدو,0.42401060597555634,0.42401060597555634
تحطيم,-0.4232081272090808,0.4232081272090808
للدوله,-0.42311376165579456,0.42311376165579456
خلوه يخدم,-0.4229943662554883,0.4229943662554883
قطر,0.4229649749580822,0.4229649749580822
الطرد,-0.42252991569002923,0.42252991569002923
امير ديما,-0.42221945942232986,0.42221945942232986
مثواه الجنه,-0.4221218511571683,0.4221218511571683
ديال,0.42211768902947855,0.42211768902947855
قام,0.4219252202679089,0.4219252202679089
يلا,-0.4218089821975963,0.4218089821975963
القضاء,0.42175518300704595,0.42175518300704595
محمد اله,-0.42166930637547967,0.42166930637547967
فسيح جناته,-0.4212894282680904,0.4212894282680904
عل,0.4200396039504892,0.4200396039504892
من الجزائر,-0.41998694703450495,0.41998694703450495
يغني,0.41985359035325837,0.41985359035325837
وايحي وربراب,-0.41979651643807026,0.41979651643807026
وايحي,-0.41979651643807026,0.41979651643807026
حبسولهم ولد,-0.41979651643807026,0.41979651643807026
تجيبوه,0.4196693323961517,0.4196693323961517
غاز,0.4195238599572577,0.4195238599572577
80,0.41928223396612496,0.41928223396612496
رموز,-0.4184879274341742,0.4184879274341742
اغسل فمك,-0.41810901552863355,0.41810901552863355
اغسل,-0.41810901552863355,0.41810901552863355
خدمه البيع,-0.4179857389428855,0.4179857389428855
يشفيه,0.4178978991801867,0.4178978991801867
بالمعقول,-0.41756677000921477,0.41756677000921477
حنا عندنا,-0.41727597312455594,0.41727597312455594
الصهيوني,-0.4166317428667905,0.4166317428667905
انا راني,-0.41589877906264294,0.41589877906264294
تشرو,0.4155472261821906,0.4155472261821906
اكرانيا,0.41535021394025845,0.41535021394025845
بعت,0.4152924765201991,0.4152924765201991
حسبيا الله,0.41454340871350215,0.41454340871350215
امام,-0.4139506239013374,0.4139506239013374
importe quoi,0.41373887083075134,0.41373887083075134
importe,0.41373887083075134,0.41373887083075134
تاتي,0.41367673631798785,0.41367673631798785
بالله العلي,-0.41354740936279594,0.41354740936279594
النيه,0.41352386924067597,0.41352386924067597
تعطيني,-0.4135154103388588,0.4135154103388588
الدفاع,-0.4133093839549651,0.4133093839549651
وين,-0.4133014270081278,0.4133014270081278
اياكم,-0.41274461384231287,0.41274461384231287
اياكم صدق,-0.41274461384231287,0.41274461384231287
مليوم,-0.4125286008200873,0.4125286008200873
خويا المزيد,-0.41230080411441655,0.41230080411441655
يتبعو فيه,0.4118424961347625,0.4118424961347625
الرزق بيد,-0.411721424899272,0.411721424899272
كل مكروه,-0.41168703299186543,0.41168703299186543
ميعرفش,-0.41161701839790055,0.41161701839790055
الطريقه,-0.4115735864362631,0.4115735864362631
فلا يجب,-0.4112461831968846,0.4112461831968846
نعرفهم,0.4109109432585737,0.4109109432585737
العالم كله,0.4109058857182534,0.4109058857182534
يحفظك استاذي,0.41066381087683695,0.41066381087683695
المواطن,-0.41049734489917455,0.41049734489917455
محدوده,-0.4103835739254866,0.4103835739254866
ما عندك,-0.41025507888546203,0.41025507888546203
الاستقصاءيه,-0.40984054416966564,0.40984054416966564
المسجد,-0.4094026604858473,0.4094026604858473
بالك بلي,0.4092603257933234,0.4092603257933234
تعريف,-0.40917659992285565,0.40917659992285565
في هدا,-0.4090742347529303,0.4090742347529303
الحشر,0.4089199609993483,0.4089199609993483
الجمهوريه,-0.40885280655427936,0.40885280655427936
السوء,0.4087483256646793,0.4087483256646793
علامه,-0.40847785153337807,0.40847785153337807
حكمك عدل,-0.4084454769127898,0.4084454769127898
في كلش,-0.40842222153244767,0.40842222153244767
الشباب,0.40834568090666484,0.40834568090666484
doux,0.4081124516322583,0.4081124516322583
le doux,0.4081124516322583,0.4081124516322583
طخ,0.408059173578522,0.408059173578522
يحذر,0.4077840774233423,0.4077840774233423
نبكي,-0.4077724089952758,0.4077724089952758
اليسار,-0.4077544008961893,0.4077544008961893
لمشكل,0.40745173008751595,0.40745173008751595
اللي,0.40714036419950617,0.40714036419950617
بالكثير,0.4070895554592957,0.4070895554592957
هذا,0.4066407864813611,0.4066407864813611
النيف,0.4065284615887118,0.4065284615887118
روحك يا,0.4062785362607437,0.4062785362607437
شباب قسنطينه,0.406119490440947,0.406119490440947
نفسي,0.4056736462554315,0.4056736462554315
سيده,0.4055538715617893,0.4055538715617893
hadra,0.4055325133394419,0.4055325133394419
يوقف,0.40473587610558737,0.40473587610558737
وعلى,0.4045456421601271,0.4045456421601271
وجل,0.40434896034427675,0.40434896034427675
عز وجل,0.40434896034427675,0.40434896034427675
يا خائن,0.40417410994022235,0.40417410994022235
الجبل,-0.4041618980569304,0.4041618980569304
ديرو,0.40405705105442047,0.40405705105442047
اعقابهم,-0.4039328489411479,0.4039328489411479
منهدروش,0.4036807018513569,0.4036807018513569
وضركا,0.4035280677766269,0.4035280677766269
كتله,0.40347790968957287,0.40347790968957287
زياره,0.4032064277688918,0.4032064277688918
احترم,-0.40316836016911584,0.40316836016911584
سكن,-0.4029833516212134,0.4029833516212134
bayna,0.4027177116788397,0.4027177116788397
غير في,0.40253614524820813,0.40253614524820813
عداله,0.40244609195910946,0.40244609195910946
تربحك يا,0.40216400984087924,0.40216400984087924
نشكرك,0.4021590174285911,0.4021590174285911
الجنرال الخائن,0.4008977197062736,0.4008977197062736
يطول في,-0.40082099880705213,0.40082099880705213
الشهريه,0.40032659560578004,0.40032659560578004
تكلم,0.3999390545352074,0.3999390545352074
ونك,0.39912793137158914,0.39912793137158914
هو الذي,0.3990098176492597,0.3990098176492597
يجيب,0.39896876947752946,0.39896876947752946
اله يحفظك,-0.3987843812070206,0.3987843812070206
وطحكوت,0.39818451451945414,0.39818451451945414
يمكن,-0.39785337091066947,0.39785337091066947
وسي تبون,-0.39784917615192883,0.39784917615192883
خارج وسي,-0.39784917615192883,0.39784917615192883
اطفال محتاجين,-0.39784917615192883,0.39784917615192883
يتعالج ومخلي,-0.39784917615192883,0.39784917615192883
يتعالج,-0.39784917615192883,0.39784917615192883
يكذب,-0.39759269249327944,0.39759269249327944
تحلم,0.39738810856569856,0.39738810856569856
خضر,-0.3973675296041917,0.3973675296041917
معتشوب,0.39724247751002867,0.39724247751002867
حكايتهم,-0.3968190037224346,0.3968190037224346
درجات,-0.3967286618091495,0.3967286618091495
ça,-0.3966344399413106,0.3966344399413106
العالي,-0.39657784696983756,0.39657784696983756
انا هو,0.39647264104022856,0.39647264104022856
في وقت,-0.3962513125103703,0.3962513125103703
ابري,-0.3960653613688732,0.3960653613688732
ينعلك يا,0.39575446813428755,0.39575446813428755
yahdik,0.3953674955872663,0.3953674955872663
بادن,0.3953376838492968,0.3953376838492968
لطفي,-0.39529496182131835,0.39529496182131835
soolking,-0.3947532665096305,0.3947532665096305
لعلم,-0.3943684893650632,0.3943684893650632
التطياح,0.3938494849569039,0.3938494849569039
ساندويتش فريت,0.3938419749625832,0.3938419749625832
صوره,-0.3937850609850713,0.3937850609850713
مخابرات ارهابيه,-0.393250455378025,0.393250455378025
نحن نرزقهم,-0.39323112902228635,0.39323112902228635
عفوا,-0.39321236819155925,0.39321236819155925
نحبوها,-0.39284895855736984,0.39284895855736984
مولوديه نحبوها,-0.39284895855736984,0.39284895855736984
يسمعوا,-0.39265780558023033,0.39265780558023033
حتى انت,-0.3923649087701775,0.3923649087701775
يديه,-0.3919362396612053,0.3919362396612053
مرور,0.3915838407386867,0.3915838407386867
تعلمت,0.3915574495777377,0.3915574495777377
روح نك,0.39094609484673526,0.39094609484673526
مثل,-0.3908579606671405,0.3908579606671405
اوملات بالبطاطا,-0.3900007707457812,0.3900007707457812
زوافيه,0.3899601810661753,0.3899601810661753
مين,0.38985062991752056,0.38985062991752056
فقير,-0.38948295604282895,0.38948295604282895
الاقتصاديه,0.3891284083451241,0.3891284083451241
حسابي,-0.38911643013094566,0.38911643013094566
الحق في,0.3889132235477114,0.3889132235477114
واشنو,-0.38883094850738514,0.38883094850738514
ايران شيعه,0.3887390585940942,0.3887390585940942
وتهدر,0.3884756714309817,0.3884756714309817
اله غالب,0.38845355452804403,0.38845355452804403
فلسطين,-0.3882649542089884,0.3882649542089884
جزايرين,0.38815808667658214,0.38815808667658214
الهواتف,-0.38811517917795885,0.38811517917795885
دارو,-0.38802139526292917,0.38802139526292917
تحكي على,0.387769753806731,0.387769753806731
انتخبات,-0.38750431414023884,0.38750431414023884
ادخل,-0.38746964736053296,0.38746964736053296
رايحين,-0.3870722358249161,0.3870722358249161
الشر,-0.386743257591068,0.386743257591068
عن ربراب,-0.38654134747972896,0.38654134747972896
تعاود,-0.38598382251969365,0.38598382251969365
الحجري,0.3853669868889956,0.3853669868889956
ميسي,0.3848846865911348,0.3848846865911348
الخروج,0.384409573066934,0.384409573066934
مقبول,-0.3841837686767505,0.3841837686767505
مو,0.3839553272382722,0.3839553272382722
اهلهم,-0.3837479663743364,0.3837479663743364
لكثير,0.3833356643108094,0.3833356643108094
الهواري,-0.382964891667729,0.382964891667729
طوال,0.38252977755178075,0.38252977755178075
وتحيه,0.3819798222653637,0.3819798222653637
الاسعار,-0.38188366107278077,0.38188366107278077
يحفضك يرحم,0.3814470404585703,0.3814470404585703
واش حكايتها,0.3813474303571348,0.3813474303571348
مسعود,-0.38113014968178544,0.38113014968178544
وتعالي,-0.3810933743552334,0.3810933743552334
سبحانه وتعالي,-0.3810933743552334,0.3810933743552334
القبض ربراب,0.3808517482068865,0.3808517482068865
dir,0.3806835475328846,0.3806835475328846
تكون,0.3806242487544374,0.3806242487544374
الفتنه,0.38042423514903617,0.38042423514903617
بوصبع الحلوف,0.3799516578485225,0.3799516578485225
تهدري على,0.3797004991258931,0.3797004991258931
والحمد,-0.37949548808633987,0.37949548808633987
صل الله,-0.37920973126658153,0.37920973126658153
الاستقلال,-0.3791023040967534,0.3791023040967534
مدام,0.3790335701368514,0.3790335701368514
كاس العالم,0.3779373491717519,0.3779373491717519
فلابد,-0.37753193363187526,0.37753193363187526
الرحمان,0.3771932518940316,0.3771932518940316
تعك,0.37715795350479603,0.37715795350479603
لحل,-0.37710274939959376,0.37710274939959376
نكاز,-0.37681732372714033,0.37681732372714033
الزياره,-0.3766068591742139,0.3766068591742139
روحها,0.3766025923814489,0.3766025923814489
اسم,-0.3765356939710057,0.3765356939710057
mi,-0.37632624207031296,0.37632624207031296
مزيد من,0.3762463356230135,0.3762463356230135
صعيبه,-0.3760776966494611,0.3760776966494611
وضع,0.3758268794179227,0.3758268794179227
howa,-0.37550689478554644,0.37550689478554644
تسما,-0.37531643469363296,0.37531643469363296
اعز,-0.37515733401357887,0.37515733401357887
تسما لي,-0.3750523926896989,0.3750523926896989
تعطي يا,0.3750469152641899,0.3750469152641899
ميزانك,0.37494975530628966,0.37494975530628966
على مولوديه,0.3746509277455612,0.3746509277455612
وكاين,-0.3745425623656122,0.3745425623656122
راهم يتبعو,-0.3743405216579795,0.3743405216579795
تكن غبي,0.3742266689244919,0.3742266689244919
والله يا,-0.37419983198696416,0.37419983198696416
وانتا,-0.37417038253501955,0.37417038253501955
يرتاح,-0.3740887706776825,0.3740887706776825
رياض الجنه,0.3738769732019008,0.3738769732019008
روضه,0.3738769732019008,0.3738769732019008
حاليا,0.3731190989113762,0.3731190989113762
babak,0.37242674266453274,0.37242674266453274
شهيد,0.37236198217821886,0.37236198217821886
في هذا,-0.3721663524186046,0.3721663524186046
القدس عاصمه,0.37215158998068193,0.37215158998068193
بيا,-0.3715701633952838,0.3715701633952838
ملفات,0.3712233843752952,0.3712233843752952
عليكم ورحمه,0.3709221472123555,0.3709221472123555
اله يعطيكم,0.3706757673886594,0.3706757673886594
zitout,-0.37065280124244976,0.37065280124244976
قاعد,0.37064322119096155,0.37064322119096155
نوض,-0.3706360665111967,0.3706360665111967
معاهم,0.37052625467947203,0.37052625467947203
المعيشه,-0.36992579394509556,0.36992579394509556
وبدون,-0.369854230536102,0.369854230536102
دراهم,0.369785448573551,0.369785448573551
ويخرج,0.36960771432536194,0.36960771432536194
انا كي,0.3695398013736626,0.3695398013736626
سجن,0.3694324192006483,0.3694324192006483
هيا,0.3693511507186086,0.3693511507186086
والشوربه,-0.36925707587117856,0.36925707587117856
الشعيريه,-0.36925707587117856,0.36925707587117856
الشوربه,-0.36925707587117856,0.36925707587117856
فريك,-0.36925707587117856,0.36925707587117856
والشوربه فريك,-0.36925707587117856,0.36925707587117856
بالدجاج اصلها,-0.36925707587117856,0.36925707587117856
العاصمه والشوربه,-0.36925707587117856,0.36925707587117856
الشعيريه بالدجاج,-0.36925707587117856,0.36925707587117856
نديو,0.3692230989494339,0.3692230989494339
للجزاير,-0.36907396829784805,0.36907396829784805
دالتك,-0.3688805446600124,0.3688805446600124
عون,0.368845980977118,0.368845980977118
السلميه,0.36847843958731186,0.36847843958731186
يكون في,0.3684215872040617,0.3684215872040617
في كره,-0.3683350572659546,0.3683350572659546
اليهم,0.36798227174700965,0.36798227174700965
ساعات,0.3676217288877683,0.3676217288877683
يتناطحو,-0.3675777388713192,0.3675777388713192
تعب,-0.3673459609434593,0.3673459609434593
ماشي,-0.366912184601004,0.366912184601004
ابارك,-0.3668368452425415,0.3668368452425415
كملو,0.36682930934065255,0.36682930934065255
وينك,0.3666637898087165,0.3666637898087165
ربي يا,0.36663243692319636,0.36663243692319636
فرض,0.3661906744700409,0.3661906744700409
ربراب غيرو,-0.3660455236485853,0.3660455236485853
يامنافق,0.36596879697404805,0.36596879697404805
اعراض,-0.3658020417330542,0.3658020417330542
معطوب قال,0.36571307586700436,0.36571307586700436
بالبيض,-0.3655193177758176,0.3655193177758176
ايه,-0.3653913062056585,0.3653913062056585
تولي نتا,0.3653325103797363,0.3653325103797363
ردو,-0.36528226602499625,0.36528226602499625
الرابط التالي,-0.3651952424979064,0.3651952424979064
chwiya,-0.36500550321711484,0.36500550321711484
باي,-0.36482982917138673,0.36482982917138673
الالاف,-0.36472161723421936,0.36472161723421936
من بكري,0.36470786194059807,0.36470786194059807
انت تعرف,0.36436377274604764,0.36436377274604764
كارت,0.36429758430138043,0.36429758430138043
ta3 tchina,-0.3640859862310358,0.3640859862310358
tchina,-0.3640859862310358,0.3640859862310358
املاق نرزقكم,-0.36406416631520655,0.36406416631520655
وربي يرحم,-0.3638528714534281,0.3638528714534281
حقه,0.3638252071893757,0.3638252071893757
والنظام,-0.3636871994883568,0.3636871994883568
اب,0.3636267435923199,0.3636267435923199
oui,0.36352426426124446,0.36352426426124446
جربيه,-0.36348796695854013,0.36348796695854013
نيك ماتهم,0.3634659707202717,0.3634659707202717
يوم,-0.36341034442504866,0.36341034442504866
ميدو,0.36337221115433826,0.36337221115433826
الهم احفظ,-0.36332016762459207,0.36332016762459207
على كل,-0.36308732076378214,0.36308732076378214
يتحدثون,0.3626256835293261,0.3626256835293261
الضغط,0.36258910417157486,0.36258910417157486
سياره,-0.36257037303914486,0.36257037303914486
تخرجو,0.3621943148191811,0.3621943148191811
ولاد لحرام,0.36193625445301536,0.36193625445301536
نيك سوه,0.36187169174194006,0.36187169174194006
وفل,0.36145413337240756,0.36145413337240756
تفوت,0.36121152803471346,0.36121152803471346
تعد,-0.3603532633297464,0.3603532633297464
اوكل,0.360046802524168,0.360046802524168
وزيره,0.359823006084833,0.359823006084833
البارحه,-0.3598201328618997,0.3598201328618997
امير المزيد,-0.35972371490675503,0.35972371490675503
خرب,-0.35942212823140995,0.35942212823140995
اكثر,-0.35910596246123516,0.35910596246123516
الاخرين,-0.35901998765369003,0.35901998765369003
الحدود,-0.3589387303604766,0.3589387303604766
هو ربراب,-0.3588716780311097,0.3588716780311097
العديد من,-0.3586572991823006,0.3586572991823006
صحن,-0.35844135408048244,0.35844135408048244
يتبعو,0.3583932632444549,0.3583932632444549
سما,-0.35836534137045045,0.35836534137045045
تتصور,0.35820511500340274,0.35820511500340274
الصحفي,0.35805929777526774,0.35805929777526774
حجه,0.35797237453712377,0.35797237453712377
اغنياء,0.3577841498885316,0.3577841498885316
تاع سبي,0.35742431994267515,0.35742431994267515
حاربهم,-0.3573111552372636,0.3573111552372636
اللهم امين,0.3568941507618427,0.3568941507618427
فيكم يا,0.35689235468126257,0.35689235468126257
موقفنا,-0.3563797510775282,0.3563797510775282
موقفنا ثابت,-0.3563797510775282,0.3563797510775282
ثابت,-0.3563797510775282,0.3563797510775282
مجموعه,0.3560937044736365,0.3560937044736365
ايران ساكن,0.3559712438446007,0.3559712438446007
طلبت ايران,0.3559712438446007,0.3559712438446007
تحرك ايران,0.3559712438446007,0.3559712438446007
ينعلك وينعل,0.3555888768085234,0.3555888768085234
ماظهر,-0.35525119207173117,0.35525119207173117
قحبه الكلب,0.35503407070475584,0.35503407070475584
الحرار دوله,0.35503407070475584,0.35503407070475584
جيفه,-0.354922683897079,0.354922683897079
انت الريح,0.354643229365555,0.354643229365555
فلا,-0.3545754054949554,0.3545754054949554
ايي,0.3544592905579142,0.3544592905579142
وله,0.3543763942599883,0.3543763942599883
تصور,-0.3541115107042826,0.3541115107042826
نروح,-0.3540690730614621,0.3540690730614621
مشلول,0.354047980976456,0.354047980976456
تقولون,-0.35393095423989956,0.35393095423989956
جنرالات,0.3535373497196503,0.3535373497196503
في عهد,-0.3529373387285131,0.3529373387285131
الحمد الله,0.35290751405092147,0.35290751405092147
باه تهدر,0.3528900943186675,0.3528900943186675
نربحو,0.3528659548262753,0.3528659548262753
قيو,0.3526938794634282,0.3526938794634282
احسن,0.3518166862041168,0.3518166862041168
رجل,0.3518009765079635,0.3518009765079635
يصنعون,0.351747359051236,0.351747359051236
انا كنت,-0.3516670025935546,0.3516670025935546
البوشي,-0.3512812605666376,0.3512812605666376
الانجازات,-0.3511184495481804,0.3511184495481804
فخر,0.3502864898315818,0.3502864898315818
بنصف,-0.350159074761984,0.350159074761984
خارج,0.34979243224456463,0.34979243224456463
امير ديزاد,0.34969977311761746,0.34969977311761746
الارباب,0.34968783167953926,0.34968783167953926
على الناس,-0.3491879717091684,0.3491879717091684
يجب ان,-0.3488533021225135,0.3488533021225135
خرجت من,0.34883430263859505,0.34883430263859505
اشعالها,0.3487749887722495,0.3487749887722495
ترامب,-0.3482448566221517,0.3482448566221517
ادي حكايتك,0.347789705100462,0.347789705100462
لشعب الجزاءري,-0.3476984260445943,0.3476984260445943
يا خويا,0.34708458395584074,0.34708458395584074
الوالده,-0.3469931800832288,0.3469931800832288
الوطن يا,0.3462513508531169,0.3462513508531169
وتموت,0.3455951721110129,0.3455951721110129
قربت,-0.3454644300793207,0.3454644300793207
بلعاني,0.34541161682778393,0.34541161682778393
حسبي اله,-0.34493584676686295,0.34493584676686295
وصلت,0.3446290716927968,0.3446290716927968
احترام,0.34456449082944773,0.34456449082944773
يتمسخر,-0.3445274564835745,0.3445274564835745
ماهو,-0.34352583932283604,0.34352583932283604
امازيغي,0.3435219370953486,0.3435219370953486
عاود,0.3433818486796856,0.3433818486796856
عايش في,0.34312463865524645,0.34312463865524645
عيدك,-0.3429121108771309,0.3429121108771309
150,-0.34258292943009316,0.34258292943009316
معاه,0.3425438087096754,0.3425438087096754
كل هذا,-0.34245388659099174,0.34245388659099174
صفعه,0.34239429951082456,0.34239429951082456
من الفتنه,0.34237403252894594,0.34237403252894594
الجنه يا,0.3419900037100012,0.3419900037100012
بالحريه,-0.3418975041221981,0.3418975041221981
بنا,-0.34182044975314524,0.34182044975314524
التركيز,0.3418155948045778,0.3418155948045778
وشعبها,0.34147619327380996,0.34147619327380996
مسخره,-0.3413533042017952,0.3413533042017952
سوى,0.3411439694291434,0.3411439694291434
استفسار,-0.34097851498589965,0.34097851498589965
داكم,0.3409577533563805,0.3409577533563805
وجوهم,-0.34060701304424285,0.34060701304424285
فات,-0.34038881310367725,0.34038881310367725
ساند,0.34027186612708166,0.34027186612708166
خيرا,-0.33991117914775326,0.33991117914775326
كي نشوف,-0.33947602963613177,0.33947602963613177
حيا الله,-0.339456490921414,0.339456490921414
حكموك,0.33938916143393644,0.33938916143393644
نخرجو,0.33935301202630563,0.33935301202630563
تجيش,-0.3389412405296454,0.3389412405296454
ايا ربراب,0.33881560675802797,0.33881560675802797
يضحك,0.3387529455145214,0.3387529455145214
شعبها,-0.3384546650152098,0.3384546650152098
تعبد,0.3384213872052727,0.3384213872052727
والله غير,0.3382536619829091,0.3382536619829091
تحيا الجزاءر,0.33820394818552,0.33820394818552
المغرب,0.33808934759444276,0.33808934759444276
عندي محل,-0.3378136319912623,0.3378136319912623
نتو,0.337760860784978,0.337760860784978
ويكون,0.3375000925044756,0.3375000925044756
لغه,-0.33747253949661943,0.33747253949661943
فاءده,0.33727805124293986,0.33727805124293986
جابلي ربي,-0.33710443939731316,0.33710443939731316
مال,-0.33703369550935186,0.33703369550935186
لي كون,-0.3367284023444469,0.3367284023444469
شكون رءيس,0.3360970540302035,0.3360970540302035
امين يارب,-0.3360864612997667,0.3360864612997667
خلصت,-0.33437080495937643,0.33437080495937643
ينعاد,-0.3343385432687961,0.3343385432687961
سيد ربراب,-0.3341921716659333,0.3341921716659333
زلازل,-0.33289935936965465,0.33289935936965465
الاقرب,-0.3326676440233984,0.3326676440233984
سلم,0.33229561009799147,0.33229561009799147
نحشم,-0.3322445498329748,0.3322445498329748
في حرب,0.33182138011697665,0.33182138011697665
في وهران,0.3318135372211106,0.3318135372211106
حب حب,-0.33123610383709057,0.33123610383709057
machi,0.33102616555623504,0.33102616555623504
فقد,-0.33097557879691947,0.33097557879691947
الزلازل,-0.3308682165173295,0.3308682165173295
يفعل,0.33049662468633356,0.33049662468633356
معرفه,0.3302500192674509,0.3302500192674509
يولي,0.3300164497657835,0.3300164497657835
هو الي,-0.3298555920995081,0.3298555920995081
تعبدون,0.3297207225261037,0.3297207225261037
انسان ناجح,0.3296672471030859,0.3296672471030859
برنامج,0.32955791762035697,0.32955791762035697
معلاباليش,0.3294885906045089,0.3294885906045089
امالا,-0.3292889300066038,0.3292889300066038
ماركه,-0.3291918220102561,0.3291918220102561
undefined undefined,0.3291572329201206,0.3291572329201206
بالتوفيق شاء,-0.32882267546073984,0.32882267546073984
في هذه,0.3283902205459697,0.3283902205459697
اهل,-0.32809883007548063,0.32809883007548063
الاجنبيه,0.32756924880687555,0.32756924880687555
منذ سنوات,0.3273694539238107,0.3273694539238107
باكملها,0.3270239844485879,0.3270239844485879
فالجبال,0.3267377608767186,0.3267377608767186
العقيد,-0.32664027645891247,0.32664027645891247
اشرف الانبياء,-0.32608233955221727,0.32608233955221727
الانبياء والمرسلين,-0.32608233955221727,0.32608233955221727
الاوان,0.3251958399629719,0.3251958399629719
فوات,0.3251958399629719,0.3251958399629719
فوات الاوان,0.3251958399629719,0.3251958399629719
لو,-0.32498350722239544,0.32498350722239544
بغيضكم,-0.3249546883149086,0.3249546883149086
يبارك ويزيد,-0.3242477276879578,0.3242477276879578
كل هذه,-0.3237093352205031,0.3237093352205031
يجازيك خيرا,0.32307527795152746,0.32307527795152746
وغير,0.3229439739418612,0.3229439739418612
ثان,-0.32256892476561194,0.32256892476561194
خلاو لبلاد,0.3222311945100837,0.3222311945100837
والسلام على,-0.32215592782109065,0.32215592782109065
فدزاير,-0.32204734574980315,0.32204734574980315
ونت,0.32193699443251206,0.32193699443251206
رني حابه,-0.32177556693754905,0.32177556693754905
بسوء,-0.3213498805784566,0.3213498805784566
ربي ينتقم,0.3212667536386104,0.3212667536386104
سياسيه,0.3212119182206352,0.3212119182206352
سنين,-0.32095747055870694,0.32095747055870694
محمد رسول,-0.32093395091562565,0.32093395091562565
صاحب الاصبع,0.3209111955369095,0.3209111955369095
وحارب,0.3208990692098951,0.3208990692098951
ممنوع,-0.3204055202908474,0.3204055202908474
الخاصه,-0.31980822040861906,0.31980822040861906
باغين,-0.31979183819373885,0.31979183819373885
عصرنا,-0.3197322914776128,0.3197322914776128
ينهض,-0.3197322914776128,0.3197322914776128
يستطع,0.3196934793746922,0.3196934793746922
صدق الله,0.3195517865996068,0.3195517865996068
شكام فرنسا,0.319404181990996,0.319404181990996
omelette bel,-0.3190569855795094,0.3190569855795094
ربي يقدر,-0.31890693149158844,0.31890693149158844
ايمازيغن,0.31884725240160244,0.31884725240160244
حرت,0.3187785081601478,0.3187785081601478
ثم,0.31876639102042187,0.31876639102042187
ماتشريش,0.31848813483904526,0.31848813483904526
كرهتونا,0.3184694546142812,0.3184694546142812
مندير,0.31845134305078115,0.31845134305078115
زيدان,-0.3182918171087662,0.3182918171087662
تعطي بيك,0.3181343357534734,0.3181343357534734
حكام,0.318126008028674,0.318126008028674
قضيه وطن,-0.31791793889199177,0.31791793889199177
في نفس,-0.3178941763759611,0.3178941763759611
الرايس,-0.31787262653596526,0.31787262653596526
حرام عليك,-0.31765396424983006,0.31765396424983006
اهم,-0.31758658827587916,0.31758658827587916
الجزيره العربيه,-0.31755963546630944,0.31755963546630944
يبدا,0.317536564814021,0.317536564814021
شريف,0.3174146595217332,0.3174146595217332
رءيسهم,-0.3170194417923929,0.3170194417923929
الله عليه,0.3170098188981322,0.3170098188981322
في عصرنا,-0.31677983644278707,0.31677983644278707
الا في,0.3164241030726263,0.3164241030726263
من طرف,0.31585494753992543,0.31585494753992543
من بين,-0.315850590546465,0.315850590546465
في وسطهم,0.3157837393673117,0.3157837393673117
يحاولون,0.31534050144800024,0.31534050144800024
فقر,-0.3152225399401446,0.3152225399401446
يا كلاب,0.31476513958899544,0.31476513958899544
بالدولار,-0.3147615421798178,0.3147615421798178
كما ذكر,0.3143771397001233,0.3143771397001233
كان بامر,0.3143771397001233,0.3143771397001233
من الجنرال,0.3143771397001233,0.3143771397001233
mak,-0.3142757947074903,0.3142757947074903
يديروها,-0.3140446644280941,0.3140446644280941
امشو,0.3139990688068262,0.3139990688068262
الشركات,0.31399762777533563,0.31399762777533563
نتاع ربراب,0.3134198709257183,0.3134198709257183
نقش تاع,0.31339422883270407,0.31339422883270407
في جميع,0.3133673786927462,0.3133673786927462
الا على,0.31334154592555863,0.31334154592555863
اسكت,0.313185733915251,0.313185733915251
نسبه,0.31296490272179645,0.31296490272179645
العسكر,0.3127637689862178,0.3127637689862178
يا بوصبع,0.3124704485820293,0.3124704485820293
والخلود,0.31238471132037177,0.31238471132037177
اكبر منافق,0.31222362549927946,0.31222362549927946
ايا مزيه,-0.31214163622474794,0.31214163622474794
زرع الفتنه,-0.31197349998607904,0.31197349998607904
البلده,-0.31191498149953706,0.31191498149953706
الله غير,-0.3119140299686405,0.3119140299686405
خزينه الدوله,0.3118364621348633,0.3118364621348633
معه,0.3117579621662687,0.3117579621662687
صله,0.3116199318520887,0.3116199318520887
علاقه,-0.3115482150518677,0.3115482150518677
اول,-0.31112378494388027,0.31112378494388027
البقيه,0.31103514402705473,0.31103514402705473
ربراب الي,0.31060847759598004,0.31060847759598004
كثرت,-0.310606406870695,0.310606406870695
مقودين,0.310304119190547,0.310304119190547
قالوها,-0.31004461079726225,0.31004461079726225
في افريقيا,0.3099537507245251,0.3099537507245251
ونعم الوكيل,-0.30951969888208747,0.30951969888208747
يهدر على,0.30926729196353586,0.30926729196353586
تطبيع,-0.30916789698597374,0.30916789698597374
ميتين,0.308964050279762,0.308964050279762
اموت علي,0.3088307303865792,0.3088307303865792
ينصر,-0.30881004728531647,0.30881004728531647
خاطر,0.3087401079518085,0.3087401079518085
على الوطن,-0.30855342129013563,0.30855342129013563
قطع,0.30822499192330516,0.30822499192330516
سبيل,-0.3081429613434799,0.3081429613434799
حاب نفهم,-0.30813997723815173,0.30813997723815173
ربراب كي,-0.307834992225428,0.307834992225428
شمال,0.3078184840778253,0.3078184840778253
شمال افريقيا,0.3078184840778253,0.3078184840778253
تطير,-0.307257078849115,0.307257078849115
روح تخدم,0.3068568896164876,0.3068568896164876
اسهل,-0.3067878530095907,0.3067878530095907
قضاءك,-0.30602586972732515,0.30602586972732515
بيع في,-0.30599150092923283,0.30599150092923283
اعطي,-0.30533134217747854,0.30533134217747854
اله يغفر,-0.3052992787941929,0.3052992787941929
نسبورتي,-0.30527157978786473,0.30527157978786473
القايد فايح,0.30526993273914516,0.30526993273914516
ولاريني,-0.30511035730963565,0.30511035730963565
تصرف,0.30451075098104036,0.30451075098104036
نهار حكموك,0.3043417651700114,0.3043417651700114
فلبحر,0.3038385601741205,0.3038385601741205
اله يا,-0.3036324461757881,0.3036324461757881
نستطيع ان,-0.3036191078144882,0.3036191078144882
الطرق,0.3029770157901085,0.3029770157901085
فيروس,-0.30295362271467347,0.30295362271467347
ملاك,-0.3023525578472857,0.3023525578472857
عذاب,-0.302304271900466,0.302304271900466
تحيا الشعب,-0.3018096521970532,0.3018096521970532
قبل ما,-0.3016400857909851,0.3016400857909851
القومي,0.30138839907815607,0.30138839907815607
يرحموا,0.30121005989035665,0.30121005989035665
عراس,0.3011918606391821,0.3011918606391821
حمد اله,-0.3010869942525198,0.3010869942525198
تربح,0.30097185186966974,0.30097185186966974
ثلاثه,0.300848903246168,0.300848903246168
معتمد,-0.3005647814127255,0.3005647814127255
الحمدلله,-0.30046571953558215,0.30046571953558215
مقلدينهم,-0.30017029721093713,0.30017029721093713
منيش عارف,-0.3000347648829846,0.3000347648829846
المقاطعه,-0.29954794128803197,0.29954794128803197
خاطيني كامل,-0.29893556358938783,0.29893556358938783
نكونوا,-0.29880479417334593,0.29880479417334593
وكثر,-0.2985890534285288,0.2985890534285288
يرضي,-0.29835388512000927,0.29835388512000927
رحنا,-0.29764585555212636,0.29764585555212636
قالهم,-0.29747939996404865,0.29747939996404865
قالكم,0.29732042673968795,0.29732042673968795
قدام,-0.29694424139449904,0.29694424139449904
قتل,0.29686503526860214,0.29686503526860214
جديد نتاع,0.29628407576287424,0.29628407576287424
الوسط,0.29559743002471944,0.29559743002471944
معطوب شهيد,0.29534999496965375,0.29534999496965375
رقم هاتف,-0.29520790617360704,0.29520790617360704
مفبركه,-0.29506111729120615,0.29506111729120615
صحه,-0.2943257626898426,0.2943257626898426
برامج,-0.2933523816060702,0.2933523816060702
اقرب نقطه,-0.2927929761349102,0.2927929761349102
ياجدك,0.29272471181054,0.29272471181054
يحبوك,-0.2921932399050364,0.2921932399050364
حبيبي,-0.29185072081750607,0.29185072081750607
وعي,0.29130002230216834,0.29130002230216834
الامم,0.2911319778789145,0.2911319778789145
لي كي,-0.2903725918717938,0.2903725918717938
اهراس,-0.2898243011287077,0.2898243011287077
منك التوجه,-0.28979820357146646,0.28979820357146646
تلعب,-0.2897315490421331,0.2897315490421331
بوس,-0.2896919675828908,0.2896919675828908
نهب,0.28962783981272866,0.28962783981272866
نصف ساعه,-0.2892269365786805,0.2892269365786805
ساله,-0.2892269365786805,0.2892269365786805
سبور فتحت,-0.2892269365786805,0.2892269365786805
ساله تاع,-0.2892269365786805,0.2892269365786805
فتحت جديده,-0.2892269365786805,0.2892269365786805
واعي,-0.2891814988714466,0.2891814988714466
واش كاين,0.28911953470025986,0.28911953470025986
الف,-0.28819875589477634,0.28819875589477634
hakda,-0.2880432468179065,0.2880432468179065
كي تكون,-0.2879632123267443,0.2879632123267443
فوطا,-0.2879352807263863,0.2879352807263863
اصلي,0.2876978485288766,0.2876978485288766
تقودي,0.2874465659143465,0.2874465659143465
باذن,-0.28740438975766647,0.28740438975766647
نبيح,0.2870537987828132,0.2870537987828132
يعينك,0.2867803668022052,0.2867803668022052
ساكن طلبت,0.2865224718932824,0.2865224718932824
البحرين,0.2865224718932824,0.2865224718932824
تاع مك,0.2865047323174641,0.2865047323174641
كلب الكلاب,0.2864289684141891,0.2864289684141891
ناشط,-0.2863522038564585,0.2863522038564585
رماد,0.28608707512147896,0.28608707512147896
يسمعلك,0.2860850676754101,0.2860850676754101
نتا نقش,0.2859544921777703,0.2859544921777703
اليهود,-0.28589354463569183,0.28589354463569183
سيدكم,0.28560896495938876,0.28560896495938876
قادرين,-0.2855657598135446,0.2855657598135446
بكل,0.2855085973505885,0.2855085973505885
غير,-0.2854751134060408,0.2854751134060408
الميدان,0.2846940001080517,0.2846940001080517
انت كنت,-0.28460871182318453,0.28460871182318453
ينعل طيز,0.28379148013660294,0.28379148013660294
رياض بوفجي,-0.28344369177404727,0.28344369177404727
صحابي,0.2827240502490968,0.2827240502490968
فالحريه,-0.2826333721203104,0.2826333721203104
كي تروح,-0.28239926580875785,0.28239926580875785
نيك حشون,0.282259790579429,0.282259790579429
يخرجوا,0.281962987733194,0.281962987733194
معا ختك,0.28165121340350263,0.28165121340350263
الفرشيطه,-0.28158469567586075,0.28158469567586075
نستفادو,0.2809916560224506,0.2809916560224506
عسكريه يتنحاوقاع,-0.2806598761174402,0.2806598761174402
يتقن,0.28047966741267727,0.28047966741267727
الارهابيه,0.28007601050489056,0.28007601050489056
متوفره عندكم,-0.27967909009149067,0.27967909009149067
ماذا,0.27955229694234307,0.27955229694234307
ونعمه الوكيل,-0.27954462978387845,0.27954462978387845
الحاره,-0.2794670289131925,0.2794670289131925
قرون,0.2794261246157084,0.2794261246157084
المشكل مشي,0.27904740173608766,0.27904740173608766
حتا,-0.2786361657894315,0.2786361657894315
60,-0.27840249010511664,0.27840249010511664
نشاله,0.27834015539632273,0.27834015539632273
امير,0.2782522136826543,0.2782522136826543
بادن الله,0.2782489065966792,0.2782489065966792
لحراك,-0.27788586176116536,0.27788586176116536
تم,0.27788046902182556,0.27788046902182556
الجميله,-0.2775160797302099,0.2775160797302099
لعنصريه,-0.2771376969232457,0.2771376969232457
وغيرها من,-0.2767704052975974,0.2767704052975974
يتحقق,-0.276707649306361,0.276707649306361
وجهك يا,0.2764804619998076,0.2764804619998076
كلش مبروك,-0.2761272435088175,0.2761272435088175
orange ta3,-0.2761201550854472,0.2761201550854472
يتبع فيك,0.27599186601573855,0.27599186601573855
راكم,0.2759012083738622,0.2759012083738622
عرق,0.2759007255854147,0.2759007255854147
يرحمو رياض,-0.27584700924188515,0.27584700924188515
يا رب,0.27562009979522234,0.27562009979522234
وجه البخس,0.27537430448155964,0.27537430448155964
قضيه,0.27537069046697676,0.27537069046697676
يا كذاب,0.27519507535915827,0.27519507535915827
دوره,-0.27515572780484093,0.27515572780484093
ولا قوه,-0.2748663534476042,0.2748663534476042
رفع,0.2747673966665253,0.2747673966665253
وقت,-0.2743921049846741,0.2743921049846741
الحالي,0.27421426375811986,0.27421426375811986
بلاد ميكي,0.2741863168951582,0.2741863168951582
التقاعد,-0.27378083266102204,0.27378083266102204
اقرب وقت,0.27356077480830815,0.27356077480830815
شده,0.27327512071382537,0.27327512071382537
ماض,-0.27310504615413833,0.27310504615413833
والبراكين والزلازل,-0.27310504615413833,0.27310504615413833
عبيدك بنو,-0.27310504615413833,0.27310504615413833
ماض فينا,-0.27310504615413833,0.27310504615413833
عدل فينا,-0.27310504615413833,0.27310504615413833
عبيدك نواصينا,-0.27310504615413833,0.27310504615413833
وجميع,-0.27310504615413833,0.27310504615413833
والمحن وجميع,-0.27310504615413833,0.27310504615413833
والبراكين,-0.27310504615413833,0.27310504615413833
منجا,-0.27310504615413833,0.27310504615413833
نواصينا,-0.27310504615413833,0.27310504615413833
الغني ونحن,-0.27310504615413833,0.27310504615413833
نواصينا بيدك,-0.27310504615413833,0.27310504615413833
فينا حكمك,-0.27310504615413833,0.27310504615413833
والزلازل والمحن,-0.27310504615413833,0.27310504615413833
والزلازل,-0.27310504615413833,0.27310504615413833
منجا منك,-0.27310504615413833,0.27310504615413833
وجميع الفتن,-0.27310504615413833,0.27310504615413833
ونحن الفقراء,-0.27310504615413833,0.27310504615413833
ادفع عنا,-0.27310504615413833,0.27310504615413833
ادفع,-0.27310504615413833,0.27310504615413833
بيدك ماض,-0.27310504615413833,0.27310504615413833
بنو,-0.27310504615413833,0.27310504615413833
بنو عبيدك,-0.27310504615413833,0.27310504615413833
تجيبو,0.27200489848406,0.27200489848406
من دون,-0.27186498881156534,0.27186498881156534
شيخ,-0.2718276845056374,0.2718276845056374
فايسبوك,-0.27169311608105157,0.27169311608105157
هاذوك,0.2710372394162047,0.2710372394162047
المدخول,-0.2703558945523817,0.2703558945523817
البويره,0.27033615945056627,0.27033615945056627
افراد,0.2693984466640025,0.2693984466640025
باينه,0.26901965512219617,0.26901965512219617
في الجزاءر,0.2688724922918629,0.2688724922918629
امازيغيه,-0.2687063491313129,0.2687063491313129
الحلال,-0.2676484484027245,0.2676484484027245
ماشي خير,0.26722473580949113,0.26722473580949113
انت هو,-0.2670662239895519,0.2670662239895519
الانظار,0.26628360686744673,0.26628360686744673
السلامه,-0.26623685093906724,0.26623685093906724
lounes,0.26584425394589073,0.26584425394589073
نقاط المراقبه,0.26570919939104903,0.26570919939104903
الطفيليات,0.26570919939104903,0.26570919939104903
العربي عسول,0.26570919939104903,0.26570919939104903
عسول بوشاشي,0.26570919939104903,0.26570919939104903
ابن المرحوم,0.26570919939104903,0.26570919939104903
قناه المغاربيه,0.26570919939104903,0.26570919939104903
عبد الرحمن,0.26570919939104903,0.26570919939104903
عباس مدني,0.26570919939104903,0.26570919939104903
نقول الكل,0.26570919939104903,0.26570919939104903
بوشاشي جيلالي,0.26570919939104903,0.26570919939104903
صرح,0.26570919939104903,0.26570919939104903
خطها,0.26570919939104903,0.26570919939104903
خطها الاعلامي,0.26570919939104903,0.26570919939104903
امره بشراء,0.26570919939104903,0.26570919939104903
السياق,0.26570919939104903,0.26570919939104903
السياسيه علاقته,0.26570919939104903,0.26570919939104903
العطله يقوم,0.26570919939104903,0.26570919939104903
ذكره ربراب,0.26570919939104903,0.26570919939104903
حذف الخبر,0.26570919939104903,0.26570919939104903
مسير لشركه,0.26570919939104903,0.26570919939104903
ايت العربي,0.26570919939104903,0.26570919939104903
بارسال سيارات,0.26570919939104903,0.26570919939104903
حزب الارسيدي,0.26570919939104903,0.26570919939104903
مسير,0.26570919939104903,0.26570919939104903
ذكر السيد,0.26570919939104903,0.26570919939104903
تعلق بتمويل,0.26570919939104903,0.26570919939104903
لتمضيه,0.26570919939104903,0.26570919939104903
اخفاء التفاصيل,0.26570919939104903,0.26570919939104903
ذكر ربراب,0.26570919939104903,0.26570919939104903
لتدخلهم,0.26570919939104903,0.26570919939104903
نذكر لكم,0.26570919939104903,0.26570919939104903
هكذا عنون,0.26570919939104903,0.26570919939104903
الوجوه المعارضه,0.26570919939104903,0.26570919939104903
الوجوه,0.26570919939104903,0.26570919939104903
حركه مواطنه,0.26570919939104903,0.26570919939104903
يبقوا يتمتعوا,0.26570919939104903,0.26570919939104903
توفيق المهم,0.26570919939104903,0.26570919939104903
يخص الاحزاب,0.26570919939104903,0.26570919939104903
الارسيدي المحامي,0.26570919939104903,0.26570919939104903
الاعتراف,0.26570919939104903,0.26570919939104903
الاعلامي,0.26570919939104903,0.26570919939104903
الاعلاميه,0.26570919939104903,0.26570919939104903
توفيق بارسال,0.26570919939104903,0.26570919939104903
توفيق هكذا,0.26570919939104903,0.26570919939104903
مواطنه,0.26570919939104903,0.26570919939104903
بخصوص التمويل,0.26570919939104903,0.26570919939104903
بتوجيه,0.26570919939104903,0.26570919939104903
تعلق,0.26570919939104903,0.26570919939104903
السياق نقطه,0.26570919939104903,0.26570919939104903
بشراء قناه,0.26570919939104903,0.26570919939104903
الرحمن ميره,0.26570919939104903,0.26570919939104903
سنوافيكم,0.26570919939104903,0.26570919939104903
سنوافيكم بالتطورات,0.26570919939104903,0.26570919939104903
يتمتعوا,0.26570919939104903,0.26570919939104903
فيما يخص,0.26570919939104903,0.26570919939104903
مصلحه الجنرال,0.26570919939104903,0.26570919939104903
سفيان تمويل,0.26570919939104903,0.26570919939104903
التفاصيل,0.26570919939104903,0.26570919939104903
فيديو لابن,0.26570919939104903,0.26570919939104903
جيلالي سفيان,0.26570919939104903,0.26570919939104903
اغلب المعارضين,0.26570919939104903,0.26570919939104903
لتمضيه العطله,0.26570919939104903,0.26570919939104903
اكد,0.26570919939104903,0.26570919939104903
الاحزاب السياسيه,0.26570919939104903,0.26570919939104903
لابن المجاهد,0.26570919939104903,0.26570919939104903
الانفصاليه بالاموال,0.26570919939104903,0.26570919939104903
يذهبون,0.26570919939104903,0.26570919939104903
المراقبه,0.26570919939104903,0.26570919939104903
المراقبه الحدوديه,0.26570919939104903,0.26570919939104903
اخفاء,0.26570919939104903,0.26570919939104903
حنون كريم,0.26570919939104903,0.26570919939104903
الداعم,0.26570919939104903,0.26570919939104903
يتمتعوا بصفه,0.26570919939104903,0.26570919939104903
توجهاتها,0.26570919939104903,0.26570919939104903
الفعلي لشركه,0.26570919939104903,0.26570919939104903
تسجيل فيديو,0.26570919939104903,0.26570919939104903
علاقته بكل,0.26570919939104903,0.26570919939104903
المرحوم عباس,0.26570919939104903,0.26570919939104903
المحامي ايت,0.26570919939104903,0.26570919939104903
المحامي,0.26570919939104903,0.26570919939104903
المجاهد عبد,0.26570919939104903,0.26570919939104903
طابو حزب,0.26570919939104903,0.26570919939104903
ضمنيا بان,0.26570919939104903,0.26570919939104903
ضمنيا,0.26570919939104903,0.26570919939104903
يقوم بتمويل,0.26570919939104903,0.26570919939104903
يتهم الجنرال,0.26570919939104903,0.26570919939104903
يقوم الجنرال,0.26570919939104903,0.26570919939104903
عنون موقع,0.26570919939104903,0.26570919939104903
المالك الاصلي,0.26570919939104903,0.26570919939104903
بامر المالك,0.26570919939104903,0.26570919939104903
المالك الفعلي,0.26570919939104903,0.26570919939104903
بالتطورات,0.26570919939104903,0.26570919939104903
بالتنسيق,0.26570919939104903,0.26570919939104903
ميره صرح,0.26570919939104903,0.26570919939104903
ميره,0.26570919939104903,0.26570919939104903
تونس لتمضيه,0.26570919939104903,0.26570919939104903
عنون,0.26570919939104903,0.26570919939104903
الارسيدي,0.26570919939104903,0.26570919939104903
بامر مباشر,0.26570919939104903,0.26570919939104903
بان ربراب,0.26570919939104903,0.26570919939104903
بدون المرور,0.26570919939104903,0.26570919939104903
الطفيليات السياسيه,0.26570919939104903,0.26570919939104903
مدني توجيه,0.26570919939104903,0.26570919939104903
ربراب يتهم,0.26570919939104903,0.26570919939104903
تمويل حركه,0.26570919939104903,0.26570919939104903
توجيه خطها,0.26570919939104903,0.26570919939104903
تمويل,0.26570919939104903,0.26570919939104903
الاعلاميه توجهاتها,0.26570919939104903,0.26570919939104903
يوجد تسجيل,0.26570919939104903,0.26570919939104903
القباءل حقروهم,0.2655942153146114,0.2655942153146114
حبسولهم,0.2655942153146114,0.2655942153146114
حقروهم,0.2655942153146114,0.2655942153146114
حقروهم حبسولهم,0.2655942153146114,0.2655942153146114
الامه,-0.26550148761616726,0.26550148761616726
يبارك خويا,-0.26538035952211736,0.26538035952211736
منك الا,-0.26489999966970734,0.26489999966970734
الا اليك,-0.26489999966970734,0.26489999966970734
hadi,-0.26477051426325615,0.26477051426325615
mouloudia kbira,-0.26472231859522055,0.26472231859522055
كل مكان,0.26471448044004403,0.26471448044004403
الاخلاق,0.26464878325198854,0.26464878325198854
يصدر,0.26439701630310136,0.26439701630310136
داروها,0.2639895127370198,0.2639895127370198
بصفه,-0.26396265916852707,0.26396265916852707
كرهنا,0.26393537136482764,0.26393537136482764
لديه,-0.2634796016198222,0.2634796016198222
وهل يوجد,-0.26284147024626514,0.26284147024626514
لشهداءنا,0.2628400310955215,0.2628400310955215
لشهداءنا الابرار,0.2628400310955215,0.2628400310955215
فيديوات,0.26264278939269403,0.26264278939269403
موتي المسلمين,-0.26261360178863397,0.26261360178863397
في سطيف,-0.2622544738668783,0.2622544738668783
المجد,-0.2620585640402219,0.2620585640402219
الهم اني,0.26205263690170677,0.26205263690170677
راك خايف,-0.2619959860582551,0.2619959860582551
القدر,0.2619316156462922,0.2619316156462922
يتقاضي,0.26189467547959455,0.26189467547959455
مع من,0.2618079947347813,0.2618079947347813
ثبت,-0.26140864851069456,0.26140864851069456
رد,-0.2614023212496586,0.2614023212496586
وكره,0.26109445542125614,0.26109445542125614
كل مره,-0.26055396314594764,0.26055396314594764
خونه يا,0.2602788345241439,0.2602788345241439
الامازيغ,-0.2602022313119636,0.2602022313119636
بومرداس,0.2601405358888388,0.2601405358888388
قولولي,-0.2600452824252385,0.2600452824252385
تعليقات,-0.25968049991794157,0.25968049991794157
سيكون,-0.25961182882597633,0.25961182882597633
الزعيم,0.2591670551332345,0.2591670551332345
ديالي,-0.25878451079925974,0.25878451079925974
ردو بالكم,0.2587416979035832,0.2587416979035832
الف شخص,-0.25849519894421924,0.25849519894421924
حنا,-0.25785783735016865,0.25785783735016865
موتك خير,0.2575263728819724,0.2575263728819724
موتك,0.2575263728819724,0.2575263728819724
نار,-0.2573504399882759,0.2573504399882759
الخوف,0.2571648288523875,0.2571648288523875
لي كنت,0.25693003735129233,0.25693003735129233
الرجاله,-0.25690746830066946,0.25690746830066946
اروع جربيه,-0.2562594535727074,0.2562594535727074
جربيه سيدتي,-0.2562594535727074,0.2562594535727074
من اموال,0.2561853479017664,0.2561853479017664
ملي,0.25603190506791507,0.25603190506791507
استطاع,0.25592980108775176,0.25592980108775176
انت الغني,-0.25564921930570894,0.25564921930570894
يتنحاو قاع,0.2553781835000612,0.2553781835000612
اذن,-0.2552586767940261,0.2552586767940261
اللهم اني,0.25504797051842076,0.25504797051842076
نفوذ,-0.25491342966545943,0.25491342966545943
معطوب,0.25443022877198157,0.25443022877198157
ويسترك,0.25356414453819254,0.25356414453819254
بيد ربي,-0.25351278531171295,0.25351278531171295
العقل,0.25334879324827225,0.25334879324827225
قلبي,0.25285836567038916,0.25285836567038916
دعوي,-0.2527509666708305,0.2527509666708305
يا راس,0.251792552053472,0.251792552053472
يحرقلك قلبك,0.2517421028060101,0.2517421028060101
منسمحلك ربي,0.2517421028060101,0.2517421028060101
يحرقلك,0.2517421028060101,0.2517421028060101
منسمحلك,0.2517421028060101,0.2517421028060101
قلبك كيما,0.2517421028060101,0.2517421028060101
خاين العاهد,0.2517421028060101,0.2517421028060101
قلبي يا,0.2517421028060101,0.2517421028060101
المعطوب,-0.25164044940933894,0.25164044940933894
صلاه,0.2514683942186078,0.2514683942186078
قناوات,-0.2511054658732607,0.2511054658732607
بارسال,-0.25070250439650416,0.25070250439650416
قواد واش,0.2501993031237867,0.2501993031237867
جاءزه نوبل,0.2498866559628457,0.2498866559628457
جاءزه,0.2498866559628457,0.2498866559628457
اني استودعك,-0.2497982787789286,0.2497982787789286
والمسلمات,-0.2497982787789286,0.2497982787789286
استودعك,-0.2497982787789286,0.2497982787789286
المسلمين والمسلمات,-0.2497982787789286,0.2497982787789286
اعتقد,0.2497315313927854,0.2497315313927854
نوض تخدم,-0.24970429336571776,0.24970429336571776
قيود,-0.24941337217715984,0.24941337217715984
الله سبحانه,0.24913052059475502,0.24913052059475502
رسول الله,-0.24866315343843495,0.24866315343843495
ولن,0.24852093609024023,0.24852093609024023
ينقص,0.24838608130617243,0.24838608130617243
نوبل,0.2483508433191695,0.2483508433191695
امنت بلي,-0.2483067572700514,0.2483067572700514
صح امنت,-0.2483067572700514,0.2483067572700514
تعراو,-0.2483067572700514,0.2483067572700514
بلي تعراو,-0.2483067572700514,0.2483067572700514
الاحتلال الزوافي,-0.2483067572700514,0.2483067572700514
امنت,-0.2483067572700514,0.2483067572700514
تعراو هدفهم,-0.2483067572700514,0.2483067572700514
بزاف في,0.24806217705505287,0.24806217705505287
راسه,0.24757333944088664,0.24757333944088664
اهل الجنه,-0.24745657988661118,0.24745657988661118
الا انت,-0.24737371093590774,0.24737371093590774
الله وبركاته,0.2471625905965528,0.2471625905965528
لهم,-0.24681514206335897,0.24681514206335897
يلطف,-0.24632393432097527,0.24632393432097527
ثلاجه بروند,-0.24610439405388682,0.24610439405388682
انك انت,-0.24608071907074033,0.24608071907074033
اليوم,-0.2458716503346122,0.2458716503346122
حاله,-0.2457083846356714,0.2457083846356714
حضاره,0.2456803182977535,0.2456803182977535
حي اله,0.2455954076133621,0.2455954076133621
تدخلو,-0.2451066216505659,0.2451066216505659
نك مك,0.24489705231717274,0.24489705231717274
حجا,-0.24457388166527086,0.24457388166527086
السكر,0.24423902796607647,0.24423902796607647
بوعريريج,-0.24409053557103286,0.24409053557103286
سعره,-0.24383213805145548,0.24383213805145548
القتل,0.24370263947069487,0.24370263947069487
الفتنه اشد,0.24370263947069487,0.24370263947069487
اخينا,-0.24354612900120146,0.24354612900120146
بكثير,-0.2433692506627165,0.2433692506627165
اصلها الجزاءر,-0.24328104086346905,0.24328104086346905
شيء,-0.24269050846619875,0.24269050846619875
قبره روضه,-0.24258349671043905,0.24258349671043905
تاجر,0.24253230910637938,0.24253230910637938
يرحم والديكم,-0.2420967943727036,0.2420967943727036
رقم الهاتف,-0.24205915246624496,0.24205915246624496
وي,0.2415384125322091,0.2415384125322091
التغيير,-0.24150217227873305,0.24150217227873305
فمن,0.24114320836403702,0.24114320836403702
نهار كامل,-0.2410813694886152,0.2410813694886152
كثر من,-0.2405678538990653,0.2405678538990653
شكرا,-0.2404506156410671,0.2404506156410671
اجهزه,-0.2403987970367376,0.2403987970367376
من كره,0.23952005979980506,0.23952005979980506
وكيل الجمهوريه,0.239196400682012,0.239196400682012
منها وما,-0.23867527287380524,0.23867527287380524
الجميع,-0.2384461084244035,0.2384461084244035
نتا هو,-0.2384044835957049,0.2384044835957049
هدره,0.2383912169663654,0.2383912169663654
الي راه,0.23838488199424013,0.23838488199424013
ريبيكا,0.2382281289674622,0.2382281289674622
الجزائر في,-0.23822693899764572,0.23822693899764572
بهذا,0.23812301159535537,0.23812301159535537
تسب,0.23785609033069158,0.23785609033069158
لا ملجا,-0.2378410410697124,0.2378410410697124
اليك اللهم,-0.2378410410697124,0.2378410410697124
الفقراء نحن,-0.2378410410697124,0.2378410410697124
انت الله,-0.2378410410697124,0.2378410410697124
نحن عبيدك,-0.2378410410697124,0.2378410410697124
قضاؤك لا,-0.2378410410697124,0.2378410410697124
ولا منجا,-0.2378410410697124,0.2378410410697124
اللهم ادفع,-0.2378410410697124,0.2378410410697124
ملجا ولا,-0.2378410410697124,0.2378410410697124
فينا قضاؤك,-0.2378410410697124,0.2378410410697124
قضاؤك,-0.2378410410697124,0.2378410410697124
اعلى,-0.2377903194490828,0.2377903194490828
dz,-0.23776742702177894,0.23776742702177894
حينها انشاء,0.23768913586681684,0.23768913586681684
استغفر اله,0.2376536189336877,0.2376536189336877
خاوه خاوه,-0.23755793190663055,0.23755793190663055
البول,0.23678884198633865,0.23678884198633865
لصباح,-0.23620892018404252,0.23620892018404252
تاكدت,-0.2362012578443823,0.2362012578443823
صحفي,-0.2360880295421947,0.2360880295421947
الامطار,0.23571297795773472,0.23571297795773472
ga3,-0.2352621463369286,0.2352621463369286
معطوب لوناس,0.23512355959180337,0.23512355959180337
الشبيبه,-0.2346670267912406,0.2346670267912406
النهار,-0.2345042589575259,0.2345042589575259
ساعدوني,-0.23414813202205031,0.23414813202205031
لبنات,-0.23383915159681154,0.23383915159681154
وداعا,-0.23374828306097964,0.23374828306097964
سروالك,-0.23371341148879515,0.23371341148879515
يحارب,-0.23352509748482958,0.23352509748482958
شكرا على,-0.2326112405283794,0.2326112405283794
رايهم,-0.2325489208855182,0.2325489208855182
في اوروبا,-0.23245394496161506,0.23245394496161506
مكانش لي,0.23209870504142505,0.23209870504142505
ما بعد,-0.23206313446815865,0.23206313446815865
ويجعل,-0.2317187437192951,0.2317187437192951
العقليه,-0.23152340681259073,0.23152340681259073
ولاو,0.23133742993070516,0.23133742993070516
المسيله,-0.23080594882278557,0.23080594882278557
يحوس على,-0.23073608898532272,0.23073608898532272
خارج لبلاد,-0.23072746998369867,0.23072746998369867
حسبنا الله,-0.23035129679260014,0.23035129679260014
خروج,0.22990351581167223,0.22990351581167223
فرن ثلاجه,-0.22973792689349043,0.22973792689349043
نشري فرن,-0.22973792689349043,0.22973792689349043
مما,-0.22962638157732596,0.22962638157732596
اله فيكم,-0.2295591817029166,0.2295591817029166
بعض,0.2291707172151426,0.2291707172151426
معوقه,0.22905571877973177,0.22905571877973177
الف مبروك,-0.22887421472493555,0.22887421472493555
شوفي,0.22883894789883918,0.22883894789883918
وماشي,-0.22881468181964765,0.22881468181964765
الوضعيه,-0.22879110921477402,0.22879110921477402
كانو,0.22873168945409741,0.22873168945409741
القبايل رجال,-0.22867494909726052,0.22867494909726052
منفيك نحوس,-0.22836213432586286,0.22836213432586286
نحوس نعرف,-0.22836213432586286,0.22836213432586286
نعرف كيفاه,-0.22836213432586286,0.22836213432586286
منفيك,-0.22836213432586286,0.22836213432586286
كلكار,-0.22836213432586286,0.22836213432586286
نحي كلكار,-0.22836213432586286,0.22836213432586286
لشركه,-0.22812757002759876,0.22812757002759876
معجبوش لحال,0.22805818055424712,0.22805818055424712
سير,-0.22705967195754692,0.22705967195754692
الامبراطوريه الرومانيه,-0.22695134964896185,0.22695134964896185
الامبراطوريه البيزنطيه,-0.22695134964896185,0.22695134964896185
البلقان عبر,-0.22695134964896185,0.22695134964896185
البيزنطيه,-0.22695134964896185,0.22695134964896185
انا لله,-0.22694697770748773,0.22694697770748773
اسراءيل,0.2265620945903823,0.2265620945903823
يبارك ربي,-0.22647382551966003,0.22647382551966003
amir,0.22641266603879992,0.22641266603879992
سبب,0.22623746769369563,0.22623746769369563
وان شاء,0.22570785925574924,0.22570785925574924
حب,0.2253357451782505,0.2253357451782505
ياخويا,0.22508708630849905,0.22508708630849905
الامل,-0.22483770830811003,0.22483770830811003
والرزق,-0.2243388779820216,0.2243388779820216
مكنوش,-0.22419712307508105,0.22419712307508105
المنافق,0.22304368483699474,0.22304368483699474
مكيف هواء,-0.2230366741401265,0.2230366741401265
هواء,-0.2230366741401265,0.2230366741401265
تلقاه,-0.22300721733390477,0.22300721733390477
مفور لا,-0.2229671485848677,0.2229671485848677
الفتن ما,-0.22281074874369355,0.22281074874369355
استودعك جميع,-0.22281074874369355,0.22281074874369355
جميع المسلمين,-0.22281074874369355,0.22281074874369355
بطن اللهم,-0.22281074874369355,0.22281074874369355
ظهر منها,-0.22281074874369355,0.22281074874369355
ما ظهر,-0.22281074874369355,0.22281074874369355
والمسلمات في,-0.22281074874369355,0.22281074874369355
تحرير,-0.22279333766323314,0.22279333766323314
سيدك ربراب,-0.22254365138443372,0.22254365138443372
ايبا,0.22249012488001324,0.22249012488001324
وجوه زبي,0.22211255665368376,0.22211255665368376
فيها في,-0.22197971024742383,0.22197971024742383
من والى,-0.22188072765315292,0.22188072765315292
امير الصحفي,0.22181365622439178,0.22181365622439178
قباءل,0.22158329013632808,0.22158329013632808
الله دوله,0.22150767614212274,0.22150767614212274
يساند,0.21981228289629884,0.21981228289629884
ايسكوبار كان,-0.21980589895360994,0.21980589895360994
ضحيه,0.21976158795508297,0.21976158795508297
قسنطينه والهضاب,-0.21948318723190915,0.21948318723190915
فريك اصلها,-0.21948318723190915,0.21948318723190915
اصلها الاوراس,-0.21948318723190915,0.21948318723190915
الاوراس,-0.21948318723190915,0.21948318723190915
يا عباد,-0.21908533806542055,0.21908533806542055
هاجر,0.21870063895225025,0.21870063895225025
راها,0.21865998150297172,0.21865998150297172
الاثرياء الكبار,0.21861997470913697,0.21861997470913697
فتنه مابين,0.21861997470913697,0.21861997470913697
خاوا خاوا,0.21861997470913697,0.21861997470913697
الاثرياء,0.21861997470913697,0.21861997470913697
الاعمال الاثرياء,0.21861997470913697,0.21861997470913697
كرطوش بقا,0.21861997470913697,0.21861997470913697
تقدر تسلك,0.21861997470913697,0.21861997470913697
يديرو فتنه,0.21861997470913697,0.21861997470913697
ثغره تاع,0.21861997470913697,0.21861997470913697
نجحو,0.21861997470913697,0.21861997470913697
كون واعي,0.21861997470913697,0.21861997470913697
خوك اتعقلو,0.21861997470913697,0.21861997470913697
عليهم الضغط,0.21861997470913697,0.21861997470913697
باسيف,0.21861997470913697,0.21861997470913697
باي المستقبل,0.21861997470913697,0.21861997470913697
ثغره,0.21861997470913697,0.21861997470913697
نجحو وداعا,0.21861997470913697,0.21861997470913697
سلك واش,0.21861997470913697,0.21861997470913697
توقيفو,0.21861997470913697,0.21861997470913697
كرطوش,0.21861997470913697,0.21861997470913697
يجيب حقو,0.21861997470913697,0.21861997470913697
طرف الدرك,0.21861997470913697,0.21861997470913697
خدم عقلك,0.21861997470913697,0.21861997470913697
تعرفو بلي,0.21861997470913697,0.21861997470913697
طروطار,0.21861997470913697,0.21861997470913697
ضلموه,0.21861997470913697,0.21861997470913697
ينقص عليهم,0.21861997470913697,0.21861997470913697
تلك,-0.21803878105648558,0.21803878105648558
المزور,0.21771143256125788,0.21771143256125788
والقانون,0.21767032887700047,0.21767032887700047
والله يرحم,0.21751463071444185,0.21751463071444185
يهم,0.2173096637799169,0.2173096637799169
ماش,-0.21726109842447877,0.21726109842447877
قامت,-0.2170450218002959,0.2170450218002959
الوكيل فيك,-0.21681095783513274,0.21681095783513274
توريلنا,0.2167310739218416,0.2167310739218416
يرجع,0.21646202581070634,0.21646202581070634
اله يرحموا,0.21635743326447449,0.21635743326447449
صحفي محترف,0.21557192041838996,0.21557192041838996
كيما الي,-0.2155602967304974,0.2155602967304974
الارقام,0.2154881017385645,0.2154881017385645
موقع,0.2150152342651725,0.2150152342651725
في المجتمع,-0.21480836718863813,0.21480836718863813
طلب,-0.2147591705977274,0.2147591705977274
اما ان,0.21471108599326477,0.21471108599326477
مشي نيك,0.2142579279156806,0.2142579279156806
كل حال,0.21400816567619385,0.21400816567619385
خلل,0.21398096685449908,0.21398096685449908
التقنيه,-0.21382079062721684,0.21382079062721684
هو الحل,0.2134359659125748,0.2134359659125748
عيشين,0.21299877007065643,0.21299877007065643
تهمه,0.2128713929770683,0.2128713929770683
حاجا,0.212644748374641,0.212644748374641
الاربعاء,-0.21258844766002846,0.21258844766002846
امك يا,0.2123460590301369,0.2123460590301369
روح تلعب,0.21171366312401074,0.21171366312401074
يوما,-0.2117035492896196,0.2117035492896196
انت من,-0.21166549848284427,0.21166549848284427
حبيت نعرف,-0.21165704495610452,0.21165704495610452
جابوه,-0.21146563046465133,0.21146563046465133
الحال هنا,-0.2105700180621979,0.2105700180621979
طيحو,-0.21040136584266758,0.21040136584266758
يرحلوا,-0.21030337980255387,0.21030337980255387
جام رتويت,-0.21022801821459575,0.21022801821459575
ديري,-0.21012273293756567,0.21012273293756567
بلاد زبي,0.2100689923867846,0.2100689923867846
ربي يوفقك,-0.21004646083373732,0.21004646083373732
تكمل كيما,-0.20998961890265805,0.20998961890265805
تمشي,0.20989540604106008,0.20989540604106008
كي دخلت,-0.20956646672019963,0.20956646672019963
لله وانا,-0.2094100920409677,0.2094100920409677
كذا,-0.20940994488232129,0.20940994488232129
والف مبروك,-0.20921803837116904,0.20921803837116904
كيفو,-0.2088571814610239,0.2088571814610239
غاضهم الحال,0.2088439265924191,0.2088439265924191
ان شاء,0.20883557532307134,0.20883557532307134
فاهمين,-0.20855009248529538,0.20855009248529538
سرق,-0.2083387944905008,0.2083387944905008
تريكو,0.20827290406645327,0.20827290406645327
الرزق ربي,-0.20821093954168088,0.20821093954168088
رحت,-0.20816209372491995,0.20816209372491995
مكانش علابالي,-0.20779252175549165,0.20779252175549165
كامله,0.2077531217510202,0.2077531217510202
3lah,-0.20725625587310814,0.20725625587310814
الرزق على,-0.20720190009441314,0.20720190009441314
ربي يخلص,0.20714456065261863,0.20714456065261863
حياتو,0.20653041106062522,0.20653041106062522
سعر الغساله,-0.20647052387821685,0.20647052387821685
معطيات,-0.20633737555991058,0.20633737555991058
الاستعمار الفرنسي,-0.2061640766370348,0.2061640766370348
الدوله,0.2061027838090159,0.2061027838090159
شي,0.2059860249280514,0.2059860249280514
من علامات,-0.20530631862894264,0.20530631862894264
من الله,0.20486927691941537,0.20486927691941537
القائد,-0.20448022917356803,0.20448022917356803
اله سلم,-0.20444192824143825,0.20444192824143825
الاستقصائيه,-0.20420749942237157,0.20420749942237157
بوتفليقه,0.2042002044021554,0.2042002044021554
اعتقال ربراب,0.20411438103884622,0.20411438103884622
الجزاءريه,0.20368665405106243,0.20368665405106243
تزول,-0.20354289116818922,0.20354289116818922
شده تزول,-0.20354289116818922,0.20354289116818922
الحراره,-0.2032663312385514,0.2032663312385514
دوكا,-0.20312203552746186,0.20312203552746186
كله,0.2029471585156492,0.2029471585156492
توجد نقطه,-0.20288700148238029,0.20288700148238029
فينا,0.20281284981386816,0.20281284981386816
نتع,0.20270563622208218,0.20270563622208218
باي باي,0.20224835237169064,0.20224835237169064
40 مليون,0.20224339129441446,0.20224339129441446
مبادره,0.20191982216818827,0.20191982216818827
الجيده,-0.2011301172213069,0.2011301172213069
القحب,0.20105366886313306,0.20105366886313306
اعرف اصلك,0.200952906019755,0.200952906019755
امها,0.20085962480860162,0.20085962480860162
يبارك راكم,-0.2000805801987108,0.2000805801987108
بينهم,0.20003664364962748,0.20003664364962748
شريت تلفاز,-0.19991741256071882,0.19991741256071882
يامات,0.19965534632786675,0.19965534632786675
عنهم,0.1984695316603951,0.1984695316603951
ندري,0.19814332797168843,0.19814332797168843
دوليه,0.1981426974732491,0.1981426974732491
امشي لعنه,0.19788748619081928,0.19788748619081928
شهداء,0.19784484011942716,0.19784484011942716
فرغ,0.1977887670732175,0.1977887670732175
سلك,0.19752156506793228,0.19752156506793228
نخلص,-0.19745628797498865,0.19745628797498865
ربراب لانه,-0.19717272511075015,0.19717272511075015
لقبايل,-0.1962299454181663,0.1962299454181663
راح,-0.19620780244886477,0.19620780244886477
وهذه,-0.19608515208048474,0.19608515208048474
ليس له,-0.19590450271125534,0.19590450271125534
جبت,-0.1952698603299627,0.1952698603299627
بتهمه,-0.1952656464334522,0.1952656464334522
سيري,0.19504415941848258,0.19504415941848258
فقط,-0.19500532841103918,0.19500532841103918
والعقوبه,0.1948817347047518,0.1948817347047518
احبك,0.19453577652111428,0.19453577652111428
الحمد لله,-0.19450212807630132,0.19450212807630132
هده,-0.19426976889910502,0.19426976889910502
18,-0.19401474382267764,0.19401474382267764
تمني,0.19384197346662393,0.19384197346662393
ملاحظه,-0.19380576274595637,0.19380576274595637
سيدنا,-0.1931532740419473,0.1931532740419473
حسبي,0.1922384650110937,0.1922384650110937
ربي يهدينا,0.19214337611517798,0.19214337611517798
راهم يديرو,0.19205060054541545,0.19205060054541545
سيد,-0.19172984375591043,0.19172984375591043
وليد,-0.19103273646363295,0.19103273646363295
التحرير,-0.190980762493851,0.190980762493851
الجنرال الخاءن,0.19029596286497896,0.19029596286497896
وخير,0.19020209916828795,0.19020209916828795
ماراهش,-0.19000436614679425,0.19000436614679425
شهر,-0.18990356365019562,0.18990356365019562
تصلح,0.18947076835673982,0.18947076835673982
10,-0.1894283527071135,0.1894283527071135
dima,-0.1892898978734091,0.1892898978734091
فاشله,0.18928971374111858,0.18928971374111858
نسيتو,0.18883379247446389,0.18883379247446389
الجزائريه,0.18870151238372584,0.18870151238372584
تدافعو,-0.188540791211072,0.188540791211072
تقبل,0.18814381151770526,0.18814381151770526
حقك,-0.18788713734816995,0.18788713734816995
ton,-0.18771970596545567,0.18771970596545567
wlh,0.18736455544320885,0.18736455544320885
ان لا,0.18708038606155442,0.18708038606155442
العالميه,0.18642546500281787,0.18642546500281787
يا حركي,0.1863641849845383,0.1863641849845383
رئيس,-0.1861610883933944,0.1861610883933944
لدي,0.18591890441586978,0.18591890441586978
مفهمنا والو,-0.18583967198822368,0.18583967198822368
وتعتبر,-0.18409928980796425,0.18409928980796425
صدق اله,-0.18407746268145805,0.18407746268145805
مليون,-0.1840363274139967,0.1840363274139967
عنا البلا,-0.18380177229719466,0.18380177229719466
البلا والبراكين,-0.18380177229719466,0.18380177229719466
يزيد,0.18375358960067123,0.18375358960067123
قد,0.18362452787530953,0.18362452787530953
وكريم,0.18354834587854524,0.18354834587854524
ناس راهي,0.18348833119312655,0.18348833119312655
الفرنسيه,-0.18333981015055367,0.18333981015055367
متر,0.1833242793236138,0.1833242793236138
بالدواء,0.18273047263288258,0.18273047263288258
العربي زيتوت,0.18226417657392865,0.18226417657392865
يا رخيس,0.1821474082582309,0.1821474082582309
الجزائر العاصمه,0.18191264919742114,0.18191264919742114
يخي نقش,0.18165328543343237,0.18165328543343237
امتيازات,-0.18124891325711814,0.18124891325711814
لما,-0.18069346978969228,0.18069346978969228
يبيع,0.18055675420220335,0.18055675420220335
ركم,-0.18053008396678494,0.18053008396678494
ونحن,-0.1802347542709046,0.1802347542709046
يامن,-0.18007019078438982,0.18007019078438982
اله يقوي,-0.18001997949308746,0.18001997949308746
قباءليه,-0.1793429025151412,0.1793429025151412
المسلمين امين,-0.17930579803068172,0.17930579803068172
اماتكم,0.17916385074829097,0.17916385074829097
يتكلم,-0.179117550107708,0.179117550107708
في متناول,-0.17907914971823893,0.17907914971823893
نتا ختك,0.17907363229427226,0.17907363229427226
النظام,-0.17888671454961225,0.17888671454961225
فرق,0.1788355580368748,0.1788355580368748
مع اسرائيل,0.17867972299260304,0.17867972299260304
علابالنا,-0.17865421101990506,0.17865421101990506
اشد القتل,-0.1785288704529883,0.1785288704529883
انه,-0.1785037548926702,0.1785037548926702
مقاطعه,-0.17754524446815437,0.17754524446815437
زي,-0.17743495271693652,0.17743495271693652
مع واحد,-0.17666123040954415,0.17666123040954415
تحيا تبون,-0.17644559567927565,0.17644559567927565
على لي,-0.17627885522039946,0.17627885522039946
باع,-0.17617917001135236,0.17617917001135236
اسقاط,-0.17606715224328287,0.17606715224328287
سيدي,0.17579230417009986,0.17579230417009986
السماء,-0.17573743039494927,0.17573743039494927
الفنادق,0.175046779859711,0.175046779859711
roh nik,0.17458646068604847,0.17458646068604847
فوق,-0.1742382293999348,0.1742382293999348
نذكر,0.17379608714001363,0.17379608714001363
قبايلي,-0.173337598679912,0.173337598679912
ورحمه الله,0.17329466620472253,0.17329466620472253
نهبوا البلاد,0.17274368890628766,0.17274368890628766
عندكم فرع,-0.17241082421959922,0.17241082421959922
كامل,-0.17210455163646696,0.17210455163646696
نستطيع,0.17181906045014717,0.17181906045014717
كبار,-0.17162239292968626,0.17162239292968626
باعك,0.17149330266912585,0.17149330266912585
كلو براند,-0.17117411060724447,0.17117411060724447
كلو,-0.17117411060724447,0.17117411060724447
تحل الباب,-0.17117411060724447,0.17117411060724447
كيف,-0.17092570140138552,0.17092570140138552
الله يا,0.17074263897132896,0.17074263897132896
ارجع,-0.17067616492431553,0.17067616492431553
من غير,-0.17064028753918248,0.17064028753918248
الشرطه,0.17047762542156172,0.17047762542156172
واتوب اليه,-0.17003944785886202,0.17003944785886202
غير ربراب,0.16986572256484525,0.16986572256484525
درتها,-0.16983072831702203,0.16983072831702203
يهدينا,-0.16961992113782384,0.16961992113782384
يخي حاله,0.16959320705559613,0.16959320705559613
والرءيس,0.169481927995835,0.169481927995835
يمات يمات,0.16937202630886034,0.16937202630886034
اغفر,-0.1686054547819505,0.1686054547819505
لي ما,0.1685040012562666,0.1685040012562666
la,0.1684922057155643,0.1684922057155643
المعلومه,-0.16828611137264604,0.16828611137264604
جيب,0.16790437014354673,0.16790437014354673
نعم تحلبت,-0.16786710007423042,0.16786710007423042
هذي,0.1675498370282804,0.1675498370282804
من ناحيه,-0.16753818604361975,0.16753818604361975
هشام,0.16749448390510882,0.16749448390510882
اله لغه,-0.16734495815383685,0.16734495815383685
وهناك,-0.16732182990629152,0.16732182990629152
الله تعالى,0.16708114627383822,0.16708114627383822
مستحيل,0.16659469600447413,0.16659469600447413
افراد الشعب,-0.1661657524221045,0.1661657524221045
نلعب فري,-0.16613121963781,0.16613121963781
قهوي,0.16574377835105897,0.16574377835105897
يزوجو,0.16557292898641576,0.16557292898641576
اشباه الرجال,0.1653188445789065,0.1653188445789065
حره,0.1652181520659858,0.1652181520659858
للشركه,-0.1651292499861877,0.1651292499861877
ولايه المسيله,-0.1650102065834603,0.1650102065834603
قوي,-0.16498638325173073,0.16498638325173073
فرنسا الزواف,0.16490439245359123,0.16490439245359123
قاعدين,-0.16468076198035322,0.16468076198035322
عجبتني,0.1644168960603476,0.1644168960603476
خلق,0.16425701140334026,0.16425701140334026
الخدمه,0.16416561879230596,0.16416561879230596
ابنه,-0.1640371790257109,0.1640371790257109
وفي,0.16370530557525187,0.16370530557525187
والو,0.16356935981485912,0.16356935981485912
علي,0.1633935280539545,0.1633935280539545
شريكي,-0.16297526281971342,0.16297526281971342
العطله,-0.16257572832961356,0.16257572832961356
متاكد,-0.16204908850033273,0.16204908850033273
فاذا,0.1619718869498862,0.1619718869498862
تع الدنيا,0.16148694569590563,0.16148694569590563
ونعم,-0.16148408131286077,0.16148408131286077
اللهم انك,-0.1612988487036331,0.1612988487036331
وبعد,-0.1608828231148997,0.1608828231148997
اخذ,0.16072040796846152,0.16072040796846152
حقنا,-0.1606832218027047,0.1606832218027047
نضحكو,-0.16067678717838701,0.16067678717838701
في واحد,0.1604411679954377,0.1604411679954377
كل شخص,0.1601206632874326,0.1601206632874326
توفيق,-0.15973353283187888,0.15973353283187888
قابل,0.1593656866929912,0.1593656866929912
نيس نتا,-0.15902569399493463,0.15902569399493463
تسير,-0.1583616535562406,0.1583616535562406
شايف,-0.15827023523705627,0.15827023523705627
الاسراء,-0.15815821837451555,0.15815821837451555
جميع,-0.15796960705031438,0.15796960705031438
الصدق والمصداقيه,0.1577338936299159,0.1577338936299159
مصلحه,0.15767899110812084,0.15767899110812084
من هذا,-0.1576101395146762,0.1576101395146762
القيامه,-0.1575070520558451,0.1575070520558451
جزاك الله,0.1574949809227447,0.1574949809227447
ديراكت,-0.15710101454586803,0.15710101454586803
حسابات,0.15704683248326956,0.15704683248326956
بكر,-0.1565121324182429,0.1565121324182429
متخافش,-0.15626693161775276,0.15626693161775276
وتهدري,0.15575356528990836,0.15575356528990836
ابقا,0.1556499513168413,0.1556499513168413
شياتين,0.1554487729962154,0.1554487729962154
انت حر,0.15512436206162344,0.15512436206162344
السنه,0.1550584814582943,0.1550584814582943
تكوين,0.15472669483537163,0.15472669483537163
الساعه,0.15435592664436046,0.15435592664436046
فيكم,0.15386463962557623,0.15386463962557623
تسقط,0.15380337323231544,0.15380337323231544
toujours,-0.15270871940495287,0.15270871940495287
اتبعوا,0.1525509463908394,0.1525509463908394
الحرار,-0.15247028583604227,0.15247028583604227
الله عليك,-0.15232199936149102,0.15232199936149102
الخبره,0.15229232411414267,0.15229232411414267
المصادر,-0.15216580157469106,0.15216580157469106
معاك,-0.1516391712200149,0.1516391712200149
كاين في,-0.15150257903826855,0.15150257903826855
مناصب العمل,0.1513389307724706,0.1513389307724706
مغبون,-0.1512790467100701,0.1512790467100701
جاي,0.15085091051945926,0.15085091051945926
البواقي,-0.15046014125072735,0.15046014125072735
بالتوفيق ان,-0.15042429237468924,0.15042429237468924
تاكلوا,-0.15026558783709323,0.15026558783709323
الحمد اله,-0.1494578876558407,0.1494578876558407
لدوله,-0.14940838594856118,0.14940838594856118
نهار لي,-0.14900329710520227,0.14900329710520227
الرفاهيه,-0.1489836620189212,0.1489836620189212
فهذا,-0.14831059241196543,0.14831059241196543
يرحلوا يعني,-0.1482084228535034,0.1482084228535034
يعني يرحلوا,-0.1482084228535034,0.1482084228535034
يتنحاوقاع يرحلوا,-0.1482084228535034,0.1482084228535034
الايدي,-0.14775888126859393,0.14775888126859393
قدرتك,-0.14756306206286757,0.14756306206286757
الاوهام,0.14752898266896267,0.14752898266896267
اخويا,0.14727218405752493,0.14727218405752493
ذو,-0.14701324048136397,0.14701324048136397
القرض,-0.14616906328549104,0.14616906328549104
الصحافه الاستقصائيه,0.14570585286834198,0.14570585286834198
على,0.14567782004406243,0.14567782004406243
تعد وتعتبر,-0.14562961124250964,0.14562961124250964
بادن اله,0.14540597193449925,0.14540597193449925
ويسكنها فسيح,0.14527612646169238,0.14527612646169238
خبزه,-0.14485649905828082,0.14485649905828082
ماتكم يا,0.14471108100328495,0.14471108100328495
الخاءن توفيق,0.14462024152757125,0.14462024152757125
تعكم,0.14437863699284945,0.14437863699284945
بن,0.1442359006848775,0.1442359006848775
لحلوف وطحكوت,-0.14398742434498454,0.14398742434498454
وطحكوت وايحي,-0.14398742434498454,0.14398742434498454
قدور لحلوف,-0.14398742434498454,0.14398742434498454
لحلوف,-0.14398742434498454,0.14398742434498454
في البلاد,-0.1437568406148003,0.1437568406148003
كاين لي,0.1434851075990212,0.1434851075990212
تعرض,0.1434744550982102,0.1434744550982102
الحصري,-0.14308204285297285,0.14308204285297285
دليل على,0.1426498870527054,0.1426498870527054
الدفاع عن,-0.1422560901929291,0.1422560901929291
معندهاش,-0.1421308888368975,0.1421308888368975
صفا,-0.1418955734297024,0.1418955734297024
ناصر,-0.14176728861354684,0.14176728861354684
في سجن,-0.14172937589499926,0.14172937589499926
يعطيك ما,0.14122791209615154,0.14122791209615154
الراي,0.14115936301449492,0.14115936301449492
تقعدي,-0.14081293421205124,0.14081293421205124
النتيجه,0.14055053592498243,0.14055053592498243
بغيت,0.1404535408785521,0.1404535408785521
متناول الجميع,0.14000743108972358,0.14000743108972358
متناول,0.14000743108972358,0.14000743108972358
انا شريتو,-0.13965057492237243,0.13965057492237243
الاحرار,0.1393414063716528,0.1393414063716528
قدمت,0.13926521920557866,0.13926521920557866
في الدنيا,-0.13915841173249371,0.13915841173249371
تفكر,0.1390724411899249,0.1390724411899249
اظن ان,0.13867871373102347,0.13867871373102347
هذا ما,0.13842546577182618,0.13842546577182618
ترجعي,-0.13828153455314948,0.13828153455314948
البيع بالتقسيط,-0.1382296596078518,0.1382296596078518
اخ,-0.13817370553530484,0.13817370553530484
الشعبي الوطني,0.13693573558657426,0.13693573558657426
اينما,-0.13675374264890575,0.13675374264890575
لمان,0.13655463731958195,0.13655463731958195
المسؤولين,-0.13646936292245715,0.13646936292245715
بوحنيكه,0.13642771002102003,0.13642771002102003
يا بوحنيكه,0.13642771002102003,0.13642771002102003
في حياتك,0.13623955094745,0.13623955094745
الرجله,-0.13612905345806947,0.13612905345806947
يرجعوها,0.13612358412664405,0.13612358412664405
كنتش علابالي,-0.13603947170239636,0.13603947170239636
وجعله,-0.13525738344336638,0.13525738344336638
مصري,-0.13513235136589005,0.13513235136589005
لعبو,-0.13482541199634937,0.13482541199634937
تاكل,0.13475025889496034,0.13475025889496034
نحاس,-0.13456876492384737,0.13456876492384737
ما كثر,-0.13443365704594068,0.13443365704594068
الحبس,0.13437646522533014,0.13437646522533014
لكاس العالم,-0.13330933194185665,0.13330933194185665
لكاس,-0.13330933194185665,0.13330933194185665
حريه اختيار,-0.133307635527594,0.133307635527594
واحد فيهم,-0.13330372351786338,0.13330372351786338
خاص,-0.13316337774046408,0.13316337774046408
الكوكاين,0.13309592172835227,0.13309592172835227
وشي لي,0.1325599952786929,0.1325599952786929
التنقل,-0.1325424227456236,0.1325424227456236
انا نسكن,-0.13242756212218937,0.13242756212218937
امير بوخرص,-0.13228024412895095,0.13228024412895095
الشيخ,0.13224293446079405,0.13224293446079405
ام البواقي,-0.13212041630767976,0.13212041630767976
الحريه تعد,-0.13206309328905183,0.13206309328905183
معاكم,0.13190682513843938,0.13190682513843938
حريته,-0.13186144956867835,0.13186144956867835
احذر,-0.13163661506282734,0.13163661506282734
يفرج عليهم,0.13146771950775252,0.13146771950775252
نحي,-0.13138493572916196,0.13138493572916196
شكيب,0.13138249125821835,0.13138249125821835
كما ان,0.13068135988630933,0.13068135988630933
خويا محمد,-0.13048607838993956,0.13048607838993956
نيك اماتكم,0.1302993874739887,0.1302993874739887
جاين,0.13024672767016568,0.13024672767016568
mok ya,0.1302322226432956,0.1302322226432956
باينه بلي,-0.12994311993129465,0.12994311993129465
وراك,-0.1299279503029269,0.1299279503029269
مباركه,0.12958779373967896,0.12958779373967896
نيك يماك,0.1295585798399738,0.1295585798399738
في الايام,-0.129523209544179,0.129523209544179
وكره كره,-0.12939326130254647,0.12939326130254647
امرا,0.12924707908489302,0.12924707908489302
تضخيم فواتير,0.12885222137843086,0.12885222137843086
فواتير,0.12885222137843086,0.12885222137843086
في بلادك,-0.12861971465528046,0.12861971465528046
سياسي,0.12849470099039068,0.12849470099039068
هدوك,0.12794090503897748,0.12794090503897748
ذبح,-0.1276245445344461,0.1276245445344461
عس ختك,0.1275358352207829,0.1275358352207829
لي تقول,0.12696787769750886,0.12696787769750886
اله وبركاته,0.1267297920003695,0.1267297920003695
الم,-0.12661506002898795,0.12661506002898795
نقرا,-0.12621138291947098,0.12621138291947098
تتحدث,0.12618383701391087,0.12618383701391087
الشده,0.1252558756202217,0.1252558756202217
باسم,0.12520571703102557,0.12520571703102557
وزن château,0.12519990606069867,0.12519990606069867
château eau,0.12519990606069867,0.12519990606069867
eau,0.12519990606069867,0.12519990606069867
فريت omelette,0.12519990606069867,0.12519990606069867
château,0.12519990606069867,0.12519990606069867
مثلا,-0.1249634163363652,0.1249634163363652
موقع الجزاءر,0.12474051529299304,0.12474051529299304
البطل,0.12461216442242892,0.12461216442242892
اخطونا,0.12421356499410045,0.12421356499410045
الزلزال,0.1241063837619917,0.1241063837619917
الهجره,0.12386114618890552,0.12386114618890552
شئ ممكن,-0.12334325164343952,0.12334325164343952
باعتقال,0.12326125418060976,0.12326125418060976
الامور,-0.12273760347634471,0.12273760347634471
الاعلام,-0.12238147003920305,0.12238147003920305
دارنا,-0.12221986948297174,0.12221986948297174
يفعله,-0.12202122155789516,0.12202122155789516
ربراب سارق,0.12199930875541294,0.12199930875541294
بلدي,0.12187965219330833,0.12187965219330833
لحد الان,-0.12170471046876134,0.12170471046876134
ودوله,-0.12086401735321525,0.12086401735321525
والنميمه,-0.12056443706069059,0.12056443706069059
من هنا,0.12032003061824524,0.12032003061824524
المافيا العسكريه,-0.1200787737755666,0.1200787737755666
علابالي بلي,-0.11973687097597085,0.11973687097597085
يحتضر,-0.11924767331664074,0.11924767331664074
اله الوكيل,-0.11905567329317154,0.11905567329317154
واقف,0.11904679502054691,0.11904679502054691
لا تربحكم,0.1183715010823289,0.1183715010823289
جيتي,0.11800120929705502,0.11800120929705502
دخل,-0.1172313287940932,0.1172313287940932
الطرول,0.11695661056434795,0.11695661056434795
تسجيل,0.11695336441514355,0.11695336441514355
يعتقل,0.11664500998732577,0.11664500998732577
حاكمين البلاد,-0.11659282048432386,0.11659282048432386
اصبحنا,0.1164240888603167,0.1164240888603167
نشر,-0.11628508059145383,0.11628508059145383
نحبو,-0.11593034103145963,0.11593034103145963
مليحا,0.11566497426443774,0.11566497426443774
الانواع,-0.1156228337038874,0.1156228337038874
وبركاته,0.11547621829574946,0.11547621829574946
نهبوا,-0.1153216054520234,0.1153216054520234
اعمال,0.11499273891310996,0.11499273891310996
لانو,-0.11489628598760397,0.11489628598760397
يوجد فرع,-0.11479716124607997,0.11479716124607997
اكثر من,0.11422994436496132,0.11422994436496132
وماذا,0.1141709777782397,0.1141709777782397
الناس من,-0.11390700900590565,0.11390700900590565
الاسم,0.1138865797627577,0.1138865797627577
بغا,-0.1138391557693018,0.1138391557693018
نسمع الراي,-0.11380577758086168,0.11380577758086168
ماعليش,-0.11327693174728881,0.11327693174728881
اقرب,-0.11326513577188052,0.11326513577188052
لعنب يقول,0.11326456493159044,0.11326456493159044
لعنب,0.11326456493159044,0.11326456493159044
يا قحبه,0.11309966230165912,0.11309966230165912
طخخ,0.11277629060773565,0.11277629060773565
اني,0.11256457450615687,0.11256457450615687
ترحلوا,0.11222103301830297,0.11222103301830297
جزاك,0.11188881120018525,0.11188881120018525
لي جذورهم,0.11184579915822498,0.11184579915822498
العاقبه,-0.11174038092028075,0.11174038092028075
كاس,0.1116647879520158,0.1116647879520158
بلا ما,-0.11117315507216285,0.11117315507216285
علا,0.11077474395384466,0.11077474395384466
البلاء والبراكين,-0.11069814464199859,0.11069814464199859
عنا البلاء,-0.11069814464199859,0.11069814464199859
ضدهم,-0.11065885389848192,0.11065885389848192
ناجحه,-0.11064594509411137,0.11064594509411137
يسلام,-0.11047944119479469,0.11047944119479469
الله يرحموا,0.11045763877740426,0.11045763877740426
دول العالم,-0.11044033741536692,0.11044033741536692
اذا كنت,-0.1102525240054868,0.1102525240054868
الله استاذ,-0.11019990601951443,0.11019990601951443
الارباح,-0.11003498669748576,0.11003498669748576
jsk,-0.10991816816255423,0.10991816816255423
رحمه اله,-0.10990156294609472,0.10990156294609472
اسعار,-0.10876332543286103,0.10876332543286103
ملخر,0.10846636922782216,0.10846636922782216
الصح,0.10823373150642553,0.10823373150642553
حياته,0.10815000163658622,0.10815000163658622
شحال,0.1078881211282315,0.1078881211282315
شخص اخر,-0.10782752638424292,0.10782752638424292
شعري,-0.10752047718824112,0.10752047718824112
تضربوا,0.10682696084112095,0.10682696084112095
راك تدير,-0.10674572166464172,0.10674572166464172
طبيب,-0.10655154539163467,0.10655154539163467
نقاشا,-0.10644028718009348,0.10644028718009348
التنقل والسفر,-0.10644028718009348,0.10644028718009348
انتقاد الاخرين,-0.10644028718009348,0.10644028718009348
فلكل شخص,-0.10644028718009348,0.10644028718009348
شخص حق,-0.10644028718009348,0.10644028718009348
فلكل,-0.10644028718009348,0.10644028718009348
انتقاد,-0.10644028718009348,0.10644028718009348
te,-0.10637937405065981,0.10637937405065981
الرونجاس,-0.1063499600420281,0.1063499600420281
في مجال,-0.10621210552408927,0.10621210552408927
الارقام الموجوده,-0.10578408163591024,0.10578408163591024
اله وسلم,0.105286049017603,0.105286049017603
نعلم,-0.10514151320212067,0.10514151320212067
يعتبر,-0.10460131580472498,0.10460131580472498
معها,0.10442219055360522,0.10442219055360522
مراض,-0.10393498123854238,0.10393498123854238
سيوله,0.10377555735172034,0.10377555735172034
خطاب,0.10342670065311746,0.10342670065311746
وجدو,0.10331283992540914,0.10331283992540914
في خارج,0.10320053245039665,0.10320053245039665
تكمل,0.10307021139985302,0.10307021139985302
يلحقش,0.10294388218649249,0.10294388218649249
لوطن,0.10278503708848725,0.10278503708848725
انتم يا,0.10275360392872773,0.10275360392872773
وسلال,-0.10252317123011141,0.10252317123011141
نقابل,-0.10237035404880203,0.10237035404880203
او ما,0.10213737100730821,0.10213737100730821
كلب الروم,0.10180703520060126,0.10180703520060126
حقيقه,-0.10180167235102829,0.10180167235102829
وبارك,0.10162751081217863,0.10162751081217863
سنين تاع,-0.10128499256606428,0.10128499256606428
يا الاحرار,-0.10070440432636522,0.10070440432636522
كامل نشجع,0.10036229236265146,0.10036229236265146
المحاسبه,-0.10035285784929697,0.10035285784929697
الولايه,0.10034874050936016,0.10034874050936016
تعيش,-0.10014556068407603,0.10014556068407603
كل عام,-0.10012699371590371,0.10012699371590371
من عندكم,0.10010931197236679,0.10010931197236679
لبن,-0.10007906388011667,0.10007906388011667
عندو الحق,0.09968515494822783,0.09968515494822783
ذلك,-0.0994465138962355,0.0994465138962355
شاء اله,0.0992935562078216,0.0992935562078216
تحكيو,0.09911978422062016,0.09911978422062016
ياعرب,-0.09891134880511147,0.09891134880511147
من حب,-0.09818565429922423,0.09818565429922423
حب من,-0.09818565429922423,0.09818565429922423
السيارات,-0.09798792884493478,0.09798792884493478
يخسرلك,0.09793373089739356,0.09793373089739356
الجزاءر العاصمه,0.09771125715533038,0.09771125715533038
مزيدا من,-0.09751304933033116,0.09751304933033116
اي واحد,0.09746180177353413,0.09746180177353413
يوجدو,-0.09710377337051995,0.09710377337051995
frites omelette,-0.09689272696585478,0.09689272696585478
معهد,0.09682310122757817,0.09682310122757817
mca,-0.09668614366454296,0.09668614366454296
يهديك,-0.0965681013578089,0.0965681013578089
كون جاء,0.09600768989370222,0.09600768989370222
ترتيب,-0.0954806569004856,0.0954806569004856
بمجرد,0.09540265103708952,0.09540265103708952
معليهش,0.09462115786784966,0.09462115786784966
اشكال,-0.09280896751926801,0.09280896751926801
يرحم والدك,0.09260156323056036,0.09260156323056036
والدك,0.09260156323056036,0.09260156323056036
مغربي,0.09255296557044976,0.09255296557044976
يرحمه ويسكنه,-0.09223029480063695,0.09223029480063695
الملايير,-0.09212208367730483,0.09212208367730483
لوكان,-0.09206757921355402,0.09206757921355402
قليل,-0.09205152335722043,0.09205152335722043
الجمارك,0.09164567843731554,0.09164567843731554
wallah,0.09163060473588355,0.09163060473588355
الاوامر,-0.09126849361321918,0.09126849361321918
win,-0.09106206776450859,0.09106206776450859
يعبد,-0.09093719042564039,0.09093719042564039
انشاء الله,0.09088416355983131,0.09088416355983131
ماراهيش,-0.0908563041443204,0.0908563041443204
محرز,0.08991865235958572,0.08991865235958572
قطره,-0.08991600675467791,0.08991600675467791
تقتلو,-0.08961870871270729,0.08961870871270729
منو,0.08950420977625395,0.08950420977625395
اله خير,0.08948412397509471,0.08948412397509471
ربرابكم,0.0893625817826922,0.0893625817826922
نقلك,-0.08930733026640551,0.08930733026640551
در,0.08907721539316711,0.08907721539316711
اكبر هديه,-0.08882973477364188,0.08882973477364188
شتي,0.0885537644872338,0.0885537644872338
وكونيناف,-0.08824301465431529,0.08824301465431529
اله سبحانه,0.08804399817790251,0.08804399817790251
صفقه القرن,0.08709847688932924,0.08709847688932924
انت كلب,0.08701799793365,0.08701799793365
حكيم,0.08679913548566098,0.08679913548566098
وجه الرخس,0.08675186357422932,0.08675186357422932
استاذ يرحم,0.0866784403884473,0.0866784403884473
سفيان,0.08666624036306375,0.08666624036306375
شء مكن,-0.08662474963308749,0.08662474963308749
وسعيد,-0.08629717041158289,0.08629717041158289
فالعالم,-0.08627530810262435,0.08627530810262435
ياله,-0.08618797123013236,0.08618797123013236
سالت,-0.08604254400689275,0.08604254400689275
فك,0.08587524822989555,0.08587524822989555
روح عس,0.08554189471226507,0.08554189471226507
wahd,-0.0852453707853527,0.0852453707853527
تحليلك,0.08514888530071321,0.08514888530071321
وشوف,0.08482262419913858,0.08482262419913858
امازيغ,0.08481468102188186,0.08481468102188186
الرجوع,-0.08462803360530992,0.08462803360530992
المسلم,-0.08460378956556751,0.08460378956556751
مهمه,0.08426371741733035,0.08426371741733035
يلقا,0.0838665252794813,0.0838665252794813
سلعه,0.08363041657909655,0.08363041657909655
فرعون,0.08347709648689328,0.08347709648689328
ala,-0.08341462732744302,0.08341462732744302
مشاء اله,-0.08308290333933756,0.08308290333933756
الباب,-0.08303660253806694,0.08303660253806694
يماك يا,0.08277034606085355,0.08277034606085355
وكل,-0.08255089593282053,0.08255089593282053
كذا منا,-0.08240179753688602,0.08240179753688602
تلفاز بروند,-0.08235773136605008,0.08235773136605008
ويسكنها,0.08233780758433422,0.08233780758433422
اله الا,0.08192153122655943,0.08192153122655943
نصيب,0.08139995925987158,0.08139995925987158
يدخل,-0.08133503653322502,0.08133503653322502
عز,-0.0812613471740366,0.0812613471740366
يا ربي,-0.08108483616375091,0.08108483616375091
اله دوله,0.08089724630933935,0.08089724630933935
من الحقوق,-0.08063500775445029,0.08063500775445029
حاير,-0.08041322830209834,0.08041322830209834
الجنرال,-0.08024499168834184,0.08024499168834184
بلد,0.07999238182529628,0.07999238182529628
عليكم خاوتي,0.07961375554038054,0.07961375554038054
انكر,-0.0794517575669222,0.0794517575669222
نيس,-0.07934747498087806,0.07934747498087806
جي دورونج,-0.07880731159409655,0.07880731159409655
دورونج تاع,-0.07880731159409655,0.07880731159409655
بلادكم,0.07871388354415383,0.07871388354415383
البرج,-0.07868422626720031,0.07868422626720031
ولايه غليزان,-0.07864308475823707,0.07864308475823707
علابالو,-0.07854622852980367,0.07854622852980367
محلات,0.07836688589881156,0.07836688589881156
منقول,-0.07801838784427814,0.07801838784427814
قانون,0.07799214943550155,0.07799214943550155
امير دي,0.07795573387170861,0.07795573387170861
اكبر كلب,0.07756212191408084,0.07756212191408084
عبد المجيد,-0.07756125220802,0.07756125220802
المجيد,-0.07756125220802,0.07756125220802
وزير الدفاع,-0.07756125220802,0.07756125220802
خريج مدرسه,0.07650614216989488,0.07650614216989488
سترك,-0.07599685781822359,0.07599685781822359
سترك يارب,-0.07599685781822359,0.07599685781822359
واكثر,0.07590759742540683,0.07590759742540683
فسيح,0.07585106185097217,0.07585106185097217
لمن,0.07569135923206029,0.07569135923206029
مهما,-0.07559438454653537,0.07559438454653537
el,0.07544339347717251,0.07544339347717251
ولاد الكلبه,0.07497220950081711,0.07497220950081711
لاحد,0.07429916295934244,0.07429916295934244
مشاء الله,0.07418785349874991,0.07418785349874991
فتحتو,-0.07397257727856268,0.07397257727856268
دعم ربراب,0.07389934950826484,0.07389934950826484
لابن,-0.07382775839418618,0.07382775839418618
قناه,0.07370633440248911,0.07370633440248911
مل,0.07359128377118884,0.07359128377118884
wech,-0.07350880748672285,0.07350880748672285
وربي يهدي,0.07311308207928055,0.07311308207928055
تعلم,0.07310852438216207,0.07310852438216207
ما هو,-0.07284109856071266,0.07284109856071266
وسمك,0.07281828941546319,0.07281828941546319
والف,-0.07276514246393598,0.07276514246393598
ني معاك,0.07259354874387765,0.07259354874387765
لا علاقه,0.07252454371223542,0.07252454371223542
زادو,-0.07249220488095863,0.07249220488095863
الاولد,-0.0724675488915559,0.0724675488915559
2016,0.0724405804174592,0.0724405804174592
بيها,0.07166515611373786,0.07166515611373786
السلطه للشعب,-0.07163894595713233,0.07163894595713233
فرنسا يا,0.07147221133145597,0.07147221133145597
بي,0.07136633697929985,0.07136633697929985
اجل,-0.07135809306758713,0.07135809306758713
الحمراء,-0.07134331671697555,0.07134331671697555
جزاك اله,-0.0712813645044307,0.0712813645044307
ارض ارض,0.07105839107993092,0.07105839107993092
عندك حق,0.07067218607137445,0.07067218607137445
ميقدر,0.07045801680485099,0.07045801680485099
vive,0.07034910351437967,0.07034910351437967
الجلوس,0.07022700978932213,0.07022700978932213
المنتوجات,0.07016242674812936,0.07016242674812936
as,0.07009306869536626,0.07009306869536626
قلتو,-0.06996179430045188,0.06996179430045188
يحوسو,-0.06995618454673934,0.06995618454673934
ولالا,-0.06987511987029163,0.06987511987029163
si,-0.06966574315700862,0.06966574315700862
في هاد,-0.069637045165783,0.069637045165783
انتخابات,-0.0695888791853423,0.0695888791853423
تمنا,-0.06950222143493025,0.06950222143493025
انصحك,-0.06902744574434633,0.06902744574434633
الحساد,0.06877977986652953,0.06877977986652953
نداء,0.06844841153176974,0.06844841153176974
تجمعي,0.06843538573230683,0.06843538573230683
صلحتي,0.06843538573230683,0.06843538573230683
نزار وتوفيق,0.06829041605614551,0.06829041605614551
الشيعه,0.06809976036706898,0.06809976036706898
بيع بروند,-0.06777152022093151,0.06777152022093151
ونتو,0.06768761176129481,0.06768761176129481
شكيب خليل,-0.0676407839037722,0.0676407839037722
ذالك,0.06760089092052637,0.06760089092052637
اخواننا,0.06719572412849656,0.06719572412849656
لياسما,-0.06681747461161662,0.06681747461161662
الفايسبوك,-0.06642001008515488,0.06642001008515488
انت باين,0.06631157271677379,0.06631157271677379
يقولون,-0.06623850513522482,0.06623850513522482
اله يهدي,-0.0662226033216364,0.0662226033216364
مسلمين,0.06602759033360239,0.06602759033360239
ملف,0.06567637191983584,0.06567637191983584
شواذ,0.06532851355549357,0.06532851355549357
يبارك مبروك,-0.06488055899986109,0.06488055899986109
ونزيد,-0.06458464938426109,0.06458464938426109
كملت,0.06373815396157519,0.06373815396157519
نحس روحي,0.06346725770441308,0.06346725770441308
راه يخلص,-0.06345281673907993,0.06345281673907993
اذا كان,0.06290934149484366,0.06290934149484366
تواتي,-0.06280959854854677,0.06280959854854677
14,-0.06267303450601552,0.06267303450601552
لحكم,-0.061982883874531235,0.061982883874531235
لاسراءيل,0.06187517597438943,0.06187517597438943
هاذوا,-0.06173541781000805,0.06173541781000805
يتقاضى,0.06161001943671897,0.06161001943671897
شهاده,-0.06113185540995922,0.06113185540995922
نسكن في,0.0610392556175395,0.0610392556175395
عقولهم,0.060067066843603106,0.060067066843603106
نبغي,0.059931119867792954,0.059931119867792954
قوما,-0.059642439445005434,0.059642439445005434
فواحد,0.05944031188419723,0.05944031188419723
بوشوارب,0.0594091052918569,0.0594091052918569
لم,0.05928321849996441,0.05928321849996441
موتى المسلمين,-0.05905490207504097,0.05905490207504097
لها,-0.058901805640285486,0.058901805640285486
بينا,0.05886455414787017,0.05886455414787017
وعميل,0.058331159277548596,0.058331159277548596
mechi,-0.0580753699792036,0.0580753699792036
عقاب,0.05776951926061955,0.05776951926061955
البليده,-0.057503042090465764,0.057503042090465764
اقتصاديه,0.05719168762143777,0.05719168762143777
للناس,-0.057121226951102846,0.057121226951102846
فريت اومليت,-0.05678301064229951,0.05678301064229951
وثقه,0.05660829191998135,0.05660829191998135
وزن,-0.056541137041488124,0.056541137041488124
ربي ينصرك,0.056262934530957896,0.056262934530957896
الثانيه,0.05583671069253622,0.05583671069253622
جهاز,0.05573366272936765,0.05573366272936765
orange,-0.055563316344566675,0.055563316344566675
سمعناه,-0.055556967710765445,0.055556967710765445
قدور,-0.05542667799073722,0.05542667799073722
لا,0.05542356562104713,0.05542356562104713
الرءيس,-0.05499820330680641,0.05499820330680641
يهمل,-0.05451555046751463,0.05451555046751463
ماديا,0.053991067436762005,0.053991067436762005
مكر,-0.05342192424816129,0.05342192424816129
يزيدش,-0.053407958848320794,0.053407958848320794
السي,-0.05317493044265162,0.05317493044265162
لاه,0.05307846050581826,0.05307846050581826
الفقراء عبيدك,-0.05297817736390898,0.05297817736390898
ملجا منجا,-0.05297817736390898,0.05297817736390898
الهم ادفع,-0.05297817736390898,0.05297817736390898
فينا قضاءك,-0.05297817736390898,0.05297817736390898
الهم انك,-0.05297817736390898,0.05297817736390898
اليك الهم,-0.05297817736390898,0.05297817736390898
قضاءك ملجا,-0.05297817736390898,0.05297817736390898
متعرفش,0.052825985223801754,0.052825985223801754
ماقستهاش,0.05226495712204915,0.05226495712204915
بلى,0.05224897322846702,0.05224897322846702
صوت,0.05208132917114531,0.05208132917114531
توفيق وربراب,0.051741854832911036,0.051741854832911036
العراق,0.05172558444963883,0.05172558444963883
بيه,-0.05155219028222301,0.05155219028222301
ملايكه,0.05074396249146617,0.05074396249146617
لصحه,-0.05071987018320817,0.05071987018320817
علاش,-0.05068637011138362,0.05068637011138362
تري,-0.05042861255753335,0.05042861255753335
المره,0.050418896907995094,0.050418896907995094
مصروف,-0.05033885543649579,0.05033885543649579
رحم اله,0.0493738848516411,0.0493738848516411
بزيت,-0.04928330464615691,0.04928330464615691
دام,0.04922501493517886,0.04922501493517886
حكمه,0.04910424562023735,0.04910424562023735
يسترك,-0.04905366819454407,0.04905366819454407
رسول,0.04897033290448627,0.04897033290448627
شوارع,-0.04865789136257563,0.04865789136257563
المراديه,0.048238999174568684,0.048238999174568684
المخابرات,-0.047713876454205585,0.047713876454205585
وكون,0.047298084596718575,0.047298084596718575
يخلص,0.04720244169123271,0.04720244169123271
يسمح,-0.04703291709513735,0.04703291709513735
لي غلط,-0.04702586638455074,0.04702586638455074
الفقير,0.0469517143070995,0.0469517143070995
جابو,0.0467813414735507,0.0467813414735507
ومن,0.04654473900193308,0.04654473900193308
قاصد,-0.04626175968724266,0.04626175968724266
من العصابه,-0.04593280206078752,0.04593280206078752
وجزايرين,-0.04588798610638823,0.04588798610638823
اطار,0.04566739256940111,0.04566739256940111
الله كل,0.045358476337903866,0.045358476337903866
اصبحت,0.04486720834840215,0.04486720834840215
من كل,-0.04482645933436983,0.04482645933436983
التقني,-0.04477508126507618,0.04477508126507618
سوه تاع,0.04464920120472576,0.04464920120472576
راسي,0.04423349415333126,0.04423349415333126
تهانينا,-0.04413155019596336,0.04413155019596336
الجنرالات,0.044119435446559455,0.044119435446559455
دورها,0.0440272500501109,0.0440272500501109
رقبتو,-0.0440246967851308,0.0440246967851308
الثوره,0.04401190765386404,0.04401190765386404
فئه,-0.043789818858172055,0.043789818858172055
عرف,-0.043652211148830125,0.043652211148830125
خزينه,-0.04357517748630692,0.04357517748630692
نتاعو,0.04329879780570446,0.04329879780570446
لابس,-0.04327782572281958,0.04327782572281958
بينو,0.04302469965843237,0.04302469965843237
مزيدا,0.04299708187175045,0.04299708187175045
سعداء,-0.04248147858034049,0.04248147858034049
undefined,-0.042369780404575536,0.042369780404575536
وبارك الله,0.04235978736038316,0.04235978736038316
انشاء اله,0.042293459145387645,0.042293459145387645
يتحاسبوا قاع,-0.042087295617059366,0.042087295617059366
انك اله,-0.04204326505292632,0.04204326505292632
استودعك المسلمين,-0.04204326505292632,0.04204326505292632
ana,0.04188939626261268,0.04188939626261268
بقي,0.04166880466123115,0.04166880466123115
باذن اله,0.04159651589557824,0.04159651589557824
يرحمك خويا,-0.04151603015864751,0.04151603015864751
وقلا,0.041001892347606844,0.041001892347606844
هاذو كامل,0.04051613144423374,0.04051613144423374
ياخي نقش,0.04040269478253774,0.04040269478253774
العداله,0.0403862036792827,0.0403862036792827
يتهم,-0.04037931705978179,0.04037931705978179
يجازيك خير,0.04032197954196476,0.04032197954196476
واش قال,0.03930359549342303,0.03930359549342303
جعل,0.03910095984473065,0.03910095984473065
اغيول,0.039008940970775806,0.039008940970775806
تحكموا,-0.03846585305308829,0.03846585305308829
لي كانو,0.037778105455628826,0.037778105455628826
ربي يرحمك,0.03685775489167489,0.03685775489167489
منعرف,-0.036665034654200145,0.036665034654200145
يحفظ,-0.03589440810592597,0.03589440810592597
بالدوله,-0.035671869355796915,0.035671869355796915
les,-0.035540891147813045,0.035540891147813045
قائمه,-0.03545196720658796,0.03545196720658796
فوور,-0.03543164450179785,0.03543164450179785
وينتا,0.03523267662092071,0.03523267662092071
منتخب الوطني,0.03475311466342574,0.03475311466342574
كي كنت,0.03465516235426701,0.03465516235426701
حتى في,-0.034455070230621734,0.034455070230621734
اقسم,-0.034219512932605056,0.034219512932605056
اخيرا,-0.033926763395920455,0.033926763395920455
فيك كي,0.03389931987159605,0.03389931987159605
يا استاد,-0.03383667513595994,0.03383667513595994
الاخوه,0.033756313450623396,0.033756313450623396
mn,0.03353301673589398,0.03353301673589398
يجي نهار,0.03340859607515197,0.03340859607515197
لي راح,0.033357237214244106,0.033357237214244106
ختك يا,0.03313227374616747,0.03313227374616747
والباقي,0.03265269880339629,0.03265269880339629
نيك حتشون,0.032613656744891514,0.032613656744891514
الوالد الكريم,-0.03230085111837944,0.03230085111837944
قام به,0.032230225488898076,0.032230225488898076
ورحمه اله,-0.03144532633274251,0.03144532633274251
وقت الجاهليه,0.03122497649319689,0.03122497649319689
معقد,-0.031022859526435558,0.031022859526435558
والعافيه,0.030990261859418774,0.030990261859418774
يتبعو فيك,-0.030857088715347657,0.030857088715347657
محفوظه,-0.030738870297055788,0.030738870297055788
تغيرت,-0.030070109156020028,0.030070109156020028
سامط,-0.029944942980297384,0.029944942980297384
دو,-0.029518741054006488,0.029518741054006488
وصلنا,-0.029423122650015402,0.029423122650015402
الغه,-0.02936242569380302,0.02936242569380302
اومليت,0.02904344868113406,0.02904344868113406
انحب,0.028938797661405623,0.028938797661405623
لشيء,-0.02871254665224236,0.02871254665224236
عليه وسلم,0.028522007926588287,0.028522007926588287
القادر,-0.027854340214264542,0.027854340214264542
عبد القادر,-0.027854340214264542,0.027854340214264542
ربراب من,-0.02774476430619717,0.02774476430619717
تولي نورمال,-0.02770154733066487,0.02770154733066487
مكان,0.02767366112176798,0.02767366112176798
تقدمت,0.02679722637419328,0.02679722637419328
بالسيف,0.026785972091668567,0.026785972091668567
هدا,0.0266990545481638,0.0266990545481638
نوميديا,-0.026150539113557386,0.026150539113557386
حقكم,-0.025700830488777825,0.025700830488777825
الاولي,0.025647059507803622,0.025647059507803622
في بلاد,-0.025605459359073286,0.025605459359073286
بانه,0.024933693145195508,0.024933693145195508
حل,0.02478721104084392,0.02478721104084392
لايف,0.024416273237305355,0.024416273237305355
الهيه,-0.023941054760526208,0.023941054760526208
خلوا,-0.023756493544718895,0.023756493544718895
المطلوب,0.023691013275658084,0.023691013275658084
نكار,0.023564511639825512,0.023564511639825512
كانهم,0.02349280433907554,0.02349280433907554
ولا غيرو,-0.02335155421262263,0.02335155421262263
عليك وعلى,-0.022992892893657885,0.022992892893657885
ياو روح,0.022837559963926987,0.022837559963926987
فجاه,-0.022705370817589984,0.022705370817589984
كثير من,0.022534213974819216,0.022534213974819216
مكاش لي,0.02240490805315238,0.02240490805315238
الغير,0.022363647540825676,0.022363647540825676
راك تحكي,0.02202274634686858,0.02202274634686858
رايحه,0.02195876748364924,0.02195876748364924
جمهوريه,-0.021903839998050793,0.021903839998050793
اوملات بلبيض,0.02188480834070998,0.02188480834070998
ارجو,0.021550789027898355,0.021550789027898355
الشعب يوما,0.021056926220740894,0.021056926220740894
يوما اراد,0.021056926220740894,0.021056926220740894
الصحافه الاستقصاءيه,0.020732859028745894,0.020732859028745894
بامتياز,-0.02070456048728669,0.02070456048728669
ولاد بلادي,-0.02017860269393643,0.02017860269393643
هب,0.01987021959382162,0.01987021959382162
الكثير من,-0.01972366476808371,0.01972366476808371
بطاطا,0.019578328906837958,0.019578328906837958
مزالت,0.01880802355686943,0.01880802355686943
واله يا,-0.018677367162300472,0.018677367162300472
التاغ,-0.018419940758183286,0.018419940758183286
كان,-0.018235680850428055,0.018235680850428055
ان شاءالله,-0.018228663896798485,0.018228663896798485
شاءالله,-0.018228663896798485,0.018228663896798485
يحوس,0.018165278709412362,0.018165278709412362
بشراء,0.0177533973387404,0.0177533973387404
مولاه,0.0173341695044036,0.0173341695044036
الهاتف الخاص,-0.01709676072576238,0.01709676072576238
تطالبون,-0.01699243466238201,0.01699243466238201
عونك,-0.016784220337947478,0.016784220337947478
معجبوش,0.016628756749980347,0.016628756749980347
منذ,-0.01655593675995342,0.01655593675995342
من يشاء,-0.015858757939171592,0.015858757939171592
سبان,-0.015615918792170136,0.015615918792170136
تزال,-0.015295845325481878,0.015295845325481878
نحس,0.015198853440945466,0.015198853440945466
غالط,0.014466454241466505,0.014466454241466505
بكوندور,-0.013661527051873776,0.013661527051873776
الدراهم,0.013631562787907734,0.013631562787907734
حسن,0.013611755182053487,0.013611755182053487
متقاعدين,-0.013500999863213292,0.013500999863213292
الاسلام دين,-0.013190734779203642,0.013190734779203642
امك القحبه,0.012885474764804646,0.012885474764804646
حينها,-0.012757228630619845,0.012757228630619845
nas,0.012685000041590013,0.012685000041590013
اقتصاد,-0.012608795991483143,0.012608795991483143
حب الوطن,0.01220602941213702,0.01220602941213702
ويديرو,0.011452621999805108,0.011452621999805108
واله يرحم,0.011240752995681036,0.011240752995681036
vive amir,-0.011222548460600126,0.011222548460600126
مانزيدش,-0.010988205288583542,0.010988205288583542
وهذا,0.010897385290298304,0.010897385290298304
العسكر مكانش,-0.01007786167680916,0.01007786167680916
فاير,0.009930904512718136,0.009930904512718136
ثاني,0.009348760492183222,0.009348760492183222
منهم,0.009018753780635535,0.009018753780635535
افهمو بلي,-0.008850145152051809,0.008850145152051809
هاذا,0.008827098343471186,0.008827098343471186
مك نيك,0.008805047688127043,0.008805047688127043
التالق,-0.00867173837863772,0.00867173837863772
الشاب,0.008249632688296663,0.008249632688296663
يهدي خلق,-0.007713495774365005,0.007713495774365005
تصرا,-0.007505427167974956,0.007505427167974956
تطلب,-0.007284832746184021,0.007284832746184021
الحدوديه,0.00723974387093072,0.00723974387093072
البرلماني,0.007100736776650247,0.007100736776650247
في العالم,-0.007022211891511423,0.007022211891511423
حكايتها,-0.006984660984249809,0.006984660984249809
منافق يا,0.006853384838899159,0.006853384838899159
دخول,-0.006832591227853194,0.006832591227853194
اصل,0.0068287222054112156,0.0068287222054112156
لكن,-0.0068136643805741005,0.0068136643805741005
يسجن,-0.0065709096627281065,0.0065709096627281065
رضي الله,-0.006238195915349825,0.006238195915349825
كلف,-0.0053260400690849,0.0053260400690849
وحب,0.005249932395213596,0.005249932395213596
سروال,-0.005239362810373386,0.005239362810373386
نتاع,0.0051963691003290725,0.0051963691003290725
مصلحه مابعد,0.00468020777868872,0.00468020777868872
دار القدس,0.004223712641586055,0.004223712641586055
لا شريك,0.004188151777470767,0.004188151777470767
شريك له,0.004188151777470767,0.004188151777470767
وحش,-0.004059637034176329,0.004059637034176329
بلديه,-0.003759840384803847,0.003759840384803847
من يقوم,0.0036835292059495513,0.0036835292059495513
يا زيطوط,-0.003574249564900452,0.003574249564900452
ah,-0.0031882367636810864,0.0031882367636810864
رجال,0.0030807153816866844,0.0030807153816866844
عايشين في,-0.002972348743342305,0.002972348743342305
باله,0.002832907199777995,0.002832907199777995
نفسيا,0.0027874915713970534,0.0027874915713970534
نيك لي,0.0025810371409033498,0.0025810371409033498
من اهل,0.002509138439006711,0.002509138439006711
هل هناك,0.0024702120685405186,0.0024702120685405186
في الاخير,0.0022931339787378474,0.0022931339787378474
نتا يهدر,0.001992785314147326,0.001992785314147326
اسرار,0.0016014841114084834,0.0016014841114084834
سامح,0.001124551753255587,0.001124551753255587
وتلفي,0.0008880688229109112,0.0008880688229109112
لشهر,-0.000734945814805513,0.000734945814805513
43,0.000496153642813419,0.000496153642813419
مشاء,-0.00039688002855102256,0.00039688002855102256
زبي نيك,0.0,0.0
روحي نيك,0.0,0.0
شعره,0.0,0.0
نيك ربكم,0.0,0.0
نقوش,0.0,0.0
