fpr,tpr
0.0,0.0
0.0,0.00011429877700308607
0.0,0.005029146188135787
0.0,0.0052577437421419595
0.0,0.005486341296148131
0.0,0.005714938850154303
0.0,0.009829694822265402
0.0,0.010058292376271575
0.0,0.012687164247342553
0.0,0.012915761801348725
0.0,0.014287347125385758
0.0,0.014515944679391931
8.909479686386316e-05,0.014515944679391931
8.909479686386316e-05,0.015773231226425877
8.909479686386316e-05,0.016001828780432048
8.909479686386316e-05,0.01714481655046291
8.909479686386316e-05,0.017373414104469083
8.909479686386316e-05,0.01920219453651846
8.909479686386316e-05,0.019430792090524632
8.909479686386316e-05,0.028803291804777687
8.909479686386316e-05,0.029031889358783862
8.909479686386316e-05,0.030060578351811636
8.909479686386316e-05,0.030289175905817808
8.909479686386316e-05,0.03086066979083324
8.909479686386316e-05,0.03108926734483941
8.909479686386316e-05,0.031203566121842496
8.909479686386316e-05,0.03143216367584867
8.909479686386316e-05,0.03897588295805235
8.909479686386316e-05,0.039318779289061606
8.909479686386316e-05,0.0410332609441079
8.909479686386316e-05,0.04126185849811407
8.909479686386316e-05,0.043890730369185046
8.909479686386316e-05,0.044119327923191225
8.909479686386316e-05,0.04526231569322208
8.909479686386316e-05,0.04549091324722825
8.909479686386316e-05,0.04880557778031775
8.909479686386316e-05,0.04903417533432392
8.909479686386316e-05,0.049491370442336265
8.909479686386316e-05,0.049719967996342436
8.909479686386316e-05,0.059778260372614016
8.909479686386316e-05,0.06000685792662019
8.909479686386316e-05,0.06012115670362327
8.909479686386316e-05,0.060349754257629444
8.909479686386316e-05,0.06583609555377758
8.909479686386316e-05,0.06606469310778375
8.909479686386316e-05,0.06675048576980226
8.909479686386316e-05,0.06697908332380843
8.909479686386316e-05,0.07292261972796892
0.0001781895937277263,0.07292261972796892
0.0001781895937277263,0.07497999771402446
0.0001781895937277263,0.07520859526803063
0.0001781895937277263,0.07680877814607384
0.0001781895937277263,0.07703737570008001
0.0001781895937277263,0.0779517659161047
0.0001781895937277263,0.07818036347011087
0.0001781895937277263,0.07920905246313864
0.0001781895937277263,0.07943765001714481
0.0001781895937277263,0.08023774145616643
0.0001781895937277263,0.0804663390101726
0.0001781895937277263,0.08343810721225282
0.0001781895937277263,0.083666704766259
0.0001781895937277263,0.08423819865127444
0.0001781895937277263,0.08446679620528061
0.0001781895937277263,0.0853811864213053
0.0001781895937277263,0.08560978397531147
0.0001781895937277263,0.08652417419133615
0.0001781895937277263,0.08675277174534232
0.0001781895937277263,0.09052463138644416
0.0001781895937277263,0.09075322894045033
0.00026728439059158947,0.09075322894045033
0.00026728439059158947,0.09281060692650589
0.00026728439059158947,0.09303920448051206
0.00026728439059158947,0.09703966167562007
0.00026728439059158947,0.09749685678363242
0.00026728439059158947,0.09806835066864784
0.00026728439059158947,0.09829694822265402
0.00026728439059158947,0.0992113384386787
0.00026728439059158947,0.09943993599268487
0.00026728439059158947,0.09955423476968796
0.00026728439059158947,0.09978283232369414
0.00026728439059158947,0.10138301520173734
0.0003563791874554526,0.10138301520173734
0.0003563791874554526,0.10161161275574351
0.0003563791874554526,0.10286889930277746
0.0003563791874554526,0.10309749685678363
0.0003563791874554526,0.10526917361984227
0.0004454739843193158,0.10526917361984227
0.0004454739843193158,0.1066407589438793
0.0004454739843193158,0.10686935649788547
0.0004454739843193158,0.11132700880100582
0.0004454739843193158,0.11155560635501201
0.0004454739843193158,0.11338438678706138
0.0004454739843193158,0.11361298434106755
0.0004454739843193158,0.11384158189507372
0.0004454739843193158,0.11407017944907989
0.0004454739843193158,0.12127100240027432
0.0005345687811831789,0.12127100240027432
0.0005345687811831789,0.12195679506229283
0.0005345687811831789,0.122185392616299
0.0005345687811831789,0.12424277060235456
0.0005345687811831789,0.12447136815636073
0.0005345687811831789,0.12652874614241627
0.0005345687811831789,0.12675734369642244
0.0005345687811831789,0.12881472168247798
0.0005345687811831789,0.12904331923648418
0.0005345687811831789,0.13064350211452738
0.0006236635780470421,0.13064350211452738
0.0006236635780470421,0.13304377643159218
0.0007127583749109052,0.13304377643159218
0.0007127583749109052,0.13350097153960452
0.0007127583749109052,0.1337295690936107
0.0007127583749109052,0.13681563607269404
0.0007127583749109052,0.1370442336267002
0.0007127583749109052,0.13738712995770946
0.0007127583749109052,0.13761572751171564
0.0007127583749109052,0.14070179449079895
0.0007127583749109052,0.14093039204480512
0.0007127583749109052,0.14161618470682363
0.0007127583749109052,0.1418447822608298
0.0007127583749109052,0.1419590810378329
0.0008018531717747684,0.1419590810378329
0.0008018531717747684,0.14378786146988226
0.0008909479686386316,0.14378786146988226
0.0008909479686386316,0.14401645902388843
0.0008909479686386316,0.14481655046291006
0.0009800427655024947,0.14481655046291006
0.0009800427655024947,0.14515944679391932
0.0009800427655024947,0.1453880443479255
0.0009800427655024947,0.14984569665104583
0.0009800427655024947,0.150074294205052
0.0009800427655024947,0.15247456852211683
0.0009800427655024947,0.152703166076123
0.0009800427655024947,0.15304606240713226
0.0009800427655024947,0.15327465996113843
0.0009800427655024947,0.1549891416161847
0.0010691375623663579,0.1551034403931878
0.0010691375623663579,0.15521773917019088
0.001158232359230221,0.15521773917019088
0.001158232359230221,0.1583038061492742
0.0012473271560940842,0.1583038061492742
0.0012473271560940842,0.16276145845239456
0.0012473271560940842,0.16299005600640074
0.0012473271560940842,0.16893359241056122
0.0013364219529579473,0.16893359241056122
0.0013364219529579473,0.17087667161961367
0.0013364219529579473,0.17133386672762602
0.0013364219529579473,0.17499142759172476
0.0014255167498218105,0.17499142759172476
0.0014255167498218105,0.17556292147674019
0.0015146115466856736,0.17556292147674019
0.0015146115466856736,0.1795633786718482
0.0016037063435495368,0.1795633786718482
0.0016037063435495368,0.18150645788090067
0.0016928011404134,0.18150645788090067
0.0016928011404134,0.18985026860212595
0.0016928011404134,0.19007886615613212
0.0016928011404134,0.1937364270202309
0.001781895937277263,0.1937364270202309
0.001781895937277263,0.19396502457423706
0.001781895937277263,0.19419362212824323
0.001781895937277263,0.19499371356726483
0.0018709907341411263,0.19499371356726483
0.0018709907341411263,0.19567950622928335
0.0018709907341411263,0.19590810378328952
0.0018709907341411263,0.20299462795748086
0.0019600855310049894,0.20310892673448394
0.0019600855310049894,0.20459481083552405
0.0020491803278688526,0.20459481083552405
0.0020491803278688526,0.2115670362327123
0.0020491803278688526,0.21179563378671848
0.0020491803278688526,0.21465310321179562
0.0021382751247327157,0.21465310321179562
0.0021382751247327157,0.2181963652988913
0.0021382751247327157,0.21842496285289748
0.0021382751247327157,0.21865356040690365
0.002227369921596579,0.21865356040690365
0.002227369921596579,0.21945365184592525
0.002227369921596579,0.21968224939993142
0.002227369921596579,0.2199108469539376
0.002227369921596579,0.22013944450794376
0.002227369921596579,0.2213967310549777
0.002316464718460442,0.2213967310549777
0.002316464718460442,0.22288261515601784
0.002405559515324305,0.22288261515601784
0.002405559515324305,0.227111669905132
0.0024946543121881683,0.227111669905132
0.0024946543121881683,0.22756886501314436
0.0025837491090520315,0.22756886501314436
0.0025837491090520315,0.2305406332152246
0.0025837491090520315,0.23076923076923078
0.0025837491090520315,0.2361412732883758
0.002851033499643621,0.2361412732883758
0.002851033499643621,0.2387701451594468
0.002851033499643621,0.23899874271345298
0.002851033499643621,0.24025602926048692
0.002851033499643621,0.2404846268144931
0.002851033499643621,0.24094182192250543
0.002851033499643621,0.2411704194765116
0.002851033499643621,0.2420848096925363
0.002851033499643621,0.24231340724654246
0.002851033499643621,0.24242770602354555
0.002940128296507484,0.24254200480054863
0.002940128296507484,0.24539947422562577
0.002940128296507484,0.24562807177963195
0.002940128296507484,0.2485998399817122
0.002940128296507484,0.24882843753571837
0.002940128296507484,0.24894273631272146
0.002940128296507484,0.24917133386672763
0.002940128296507484,0.25065721796776774
0.0030292230933713473,0.25065721796776774
0.0030292230933713473,0.25077151674477083
0.0031183178902352104,0.25077151674477083
0.0031183178902352104,0.2619727968910733
0.0032074126870990736,0.2619727968910733
0.0032074126870990736,0.26220139444507945
0.0032074126870990736,0.2624299919990856
0.0032074126870990736,0.26288718710709796
0.0032074126870990736,0.2632300834381072
0.0032074126870990736,0.2721453880443479
0.0032965074839629367,0.2721453880443479
0.0032965074839629367,0.27248828437535716
0.0033856022808268,0.27248828437535716
0.0033856022808268,0.27340267459138184
0.0033856022808268,0.27363127214538807
0.0033856022808268,0.2812892902045948
0.0033856022808268,0.281517887758601
0.0033856022808268,0.2871185278317522
0.003474697077690663,0.2871185278317522
0.003474697077690663,0.28929020459481086
0.003563791874554526,0.28929020459481086
0.003563791874554526,0.2960338324379929
0.0036528866714183894,0.2960338324379929
0.0036528866714183894,0.2986627043090639
0.0036528866714183894,0.29889130186307006
0.0036528866714183894,0.2992341981940793
0.0036528866714183894,0.2994627957480855
0.0036528866714183894,0.30152017373414103
0.0036528866714183894,0.3017487712881472
0.0036528866714183894,0.3042633443822151
0.0036528866714183894,0.30449194193622126
0.0036528866714183894,0.3051777345982398
0.0037419814682822525,0.3051777345982398
0.0037419814682822525,0.31775060006857925
0.0037419814682822525,0.3179791976225854
0.0038310762651461157,0.3179791976225854
0.0038310762651461157,0.32289404503371816
0.003920171062009979,0.32289404503371816
0.003920171062009979,0.32460852668876444
0.0040092658588738415,0.32460852668876444
0.0040092658588738415,0.3256372156817922
0.0040092658588738415,0.3258658132357984
0.0040092658588738415,0.32609441078980456
0.0040092658588738415,0.3263230083438107
0.0040092658588738415,0.3265516058978169
0.004098360655737705,0.3265516058978169
0.004098360655737705,0.33180934963995884
0.004187455452601568,0.33180934963995884
0.004187455452601568,0.33409532518002055
0.0042765502494654314,0.33409532518002055
0.0042765502494654314,0.3364955994970854
0.004365645046329294,0.3364955994970854
0.004365645046329294,0.3371813921591039
0.004454739843193158,0.3371813921591039
0.004454739843193158,0.337295690936107
0.004454739843193158,0.3375242884901132
0.004454739843193158,0.34083895302320266
0.004454739843193158,0.34106755057720883
0.004454739843193158,0.34483941021831066
0.0045438346400570205,0.34483941021831066
0.0045438346400570205,0.3455252028803292
0.0045438346400570205,0.34575380043433535
0.0045438346400570205,0.35124014173048346
0.0045438346400570205,0.35146873928448963
0.0045438346400570205,0.3569550805806378
0.004632929436920884,0.3569550805806378
0.004632929436920884,0.35821236712767174
0.004722024233784747,0.35821236712767174
0.004722024233784747,0.3594696536747057
0.004722024233784747,0.35969825122871185
0.004722024233784747,0.36118413532975197
0.00481111903064861,0.36118413532975197
0.00481111903064861,0.3642702023088353
0.004900213827512473,0.3642702023088353
0.004900213827512473,0.36438450108583836
0.004989308624376337,0.36438450108583836
0.004989308624376337,0.36735626928791865
0.005078403421240199,0.36735626928791865
0.005078403421240199,0.3683849582809464
0.005167498218104063,0.3683849582809464
0.005167498218104063,0.3763858726711624
0.005256593014967926,0.3763858726711624
0.005256593014967926,0.3789004457652303
0.005345687811831789,0.3789004457652303
0.005345687811831789,0.3806149274202766
0.005345687811831789,0.38084352497428275
0.005345687811831789,0.3814150188592982
0.005434782608695652,0.3814150188592982
0.005434782608695652,0.3818722139673105
0.005434782608695652,0.3821008115213167
0.005523877405559516,0.3821008115213167
0.005523877405559516,0.3827866041833352
0.005523877405559516,0.38301520173734144
0.005523877405559516,0.3882729454794834
0.005612972202423378,0.3882729454794834
0.005612972202423378,0.39490227454566235
0.005612972202423378,0.3951308720996685
0.005612972202423378,0.3953594696536747
0.005702066999287242,0.3953594696536747
0.005702066999287242,0.39570236598468395
0.005791161796151105,0.39570236598468395
0.005791161796151105,0.3959309635386901
0.005791161796151105,0.4011887072808321
0.005880256593014968,0.4011887072808321
0.005880256593014968,0.4030174877128815
0.005880256593014968,0.40324608526688765
0.005880256593014968,0.4058749571379586
0.005969351389878831,0.4058749571379586
0.005969351389878831,0.4074751400160018
0.0060584461867426945,0.4074751400160018
0.0060584461867426945,0.40884672534003885
0.0060584461867426945,0.409075322894045
0.0060584461867426945,0.4098754143330666
0.006236635780470421,0.4098754143330666
0.006236635780470421,0.41353297519716536
0.006325730577334284,0.41353297519716536
0.006325730577334284,0.41890501771631045
0.006325730577334284,0.4191336152703166
0.006325730577334284,0.4257629443364956
0.006414825374198147,0.4257629443364956
0.006414825374198147,0.4280489198765573
0.00650392017106201,0.4280489198765573
0.00650392017106201,0.428963310092582
0.0065930149679258735,0.428963310092582
0.0065930149679258735,0.43273516973368387
0.006682109764789736,0.43273516973368387
0.006682109764789736,0.43536404160475484
0.0067712045616536,0.43536404160475484
0.0067712045616536,0.4365070293747857
0.0068602993585174625,0.4365070293747857
0.0068602993585174625,0.4394787975768659
0.006949394155381326,0.4394787975768659
0.006949394155381326,0.4405074865698937
0.007038488952245189,0.4405074865698937
0.007038488952245189,0.4410789804549091
0.007127583749109052,0.4410789804549091
0.007127583749109052,0.4426791633329523
0.007216678545972915,0.4426791633329523
0.007216678545972915,0.44622242542004803
0.007216678545972915,0.4464510229740542
0.007216678545972915,0.4503371813921591
0.007305773342836779,0.4503371813921591
0.007305773342836779,0.4543376385872671
0.0073948681397006414,0.4543376385872671
0.0073948681397006414,0.4545662361412733
0.007483962936564505,0.4545662361412733
0.007483962936564505,0.45479483369527945
0.007573057733428368,0.45479483369527945
0.007573057733428368,0.4560521202423134
0.007662152530292231,0.4560521202423134
0.007662152530292231,0.4561664190193165
0.007751247327156094,0.4561664190193165
0.007751247327156094,0.4583380957823751
0.007840342124019958,0.4583380957823751
0.007840342124019958,0.45959538232940905
0.00792943692088382,0.45959538232940905
0.00792943692088382,0.4678248942736313
0.008018531717747683,0.4678248942736313
0.008018531717747683,0.46885358326665905
0.008107626514611548,0.46885358326665905
0.008107626514611548,0.47125385758372385
0.00819672131147541,0.47125385758372385
0.00819672131147541,0.47136815636072693
0.008285816108339273,0.47136815636072693
0.008285816108339273,0.47216824779974853
0.008374910905203136,0.47216824779974853
0.008374910905203136,0.4733112355697794
0.008464005702066998,0.4733112355697794
0.008464005702066998,0.47353983312378556
0.008553100498930863,0.47353983312378556
0.008553100498930863,0.47502571722482567
0.008642195295794726,0.47502571722482567
0.008642195295794726,0.4775402903188936
0.008731290092658588,0.4775402903188936
0.008731290092658588,0.4777688878728998
0.008820384889522451,0.4777688878728998
0.008820384889522451,0.4792547719739399
0.008909479686386316,0.4792547719739399
0.008909479686386316,0.479369070750943
0.008998574483250178,0.479369070750943
0.008998574483250178,0.47959766830494915
0.009087669280114041,0.47959766830494915
0.009087669280114041,0.48051205852097384
0.009176764076977904,0.48051205852097384
0.009176764076977904,0.48131214995999544
0.009265858873841768,0.48131214995999544
0.009265858873841768,0.48199794262201395
0.00935495367070563,0.48199794262201395
0.00935495367070563,0.48291233283803864
0.009444048467569494,0.48291233283803864
0.009444048467569494,0.4855412047091096
0.009533143264433356,0.4855412047091096
0.009533143264433356,0.4872556863641559
0.00962223806129722,0.4872556863641559
0.00962223806129722,0.48748428391816206
0.009711332858161083,0.48748428391816206
0.009711332858161083,0.48851297291118984
0.009800427655024946,0.48851297291118984
0.009800427655024946,0.48988455823522686
0.009889522451888809,0.48988455823522686
0.009889522451888809,0.4942279117613442
0.009978617248752673,0.4942279117613442
0.009978617248752673,0.49525660075437195
0.010067712045616536,0.49525660075437195
0.010067712045616536,0.49617099097039663
0.010156806842480399,0.49617099097039663
0.010156806842480399,0.49982855183449537
0.010245901639344262,0.49982855183449537
0.010245901639344262,0.5004000457195108
0.010334996436208126,0.5004000457195108
0.010334996436208126,0.5018859298205509
0.010424091233071989,0.5018859298205509
0.010424091233071989,0.506000685792662
0.010513186029935851,0.506000685792662
0.010513186029935851,0.5062292833466682
0.010602280826799714,0.5062292833466682
0.010602280826799714,0.5076008686707052
0.010691375623663579,0.5076008686707052
0.010691375623663579,0.5077151674477083
0.010780470420527441,0.5077151674477083
0.010780470420527441,0.5110298319807978
0.010869565217391304,0.5110298319807978
0.010869565217391304,0.5161732769459367
0.011136849607982894,0.5161732769459367
0.011136849607982894,0.5162875757229398
0.011225944404846757,0.5162875757229398
0.011225944404846757,0.5174305634929707
0.01131503920171062,0.5174305634929707
0.01131503920171062,0.517887758600983
0.011404133998574484,0.517887758600983
0.011404133998574484,0.5210881243570694
0.011493228795438347,0.5210881243570694
0.011493228795438347,0.5217739170190879
0.01158232359230221,0.5217739170190879
0.01158232359230221,0.5248599839981712
0.011671418389166072,0.5248599839981712
0.011671418389166072,0.5253171791061836
0.011760513186029936,0.5253171791061836
0.011760513186029936,0.5269173619842268
0.0118496079828938,0.5269173619842268
0.0118496079828938,0.5297748314093039
0.011938702779757662,0.5297748314093039
0.011938702779757662,0.5306892216253286
0.012027797576621525,0.5306892216253286
0.012027797576621525,0.531146416733341
0.012116892373485389,0.531146416733341
0.012116892373485389,0.5319465081723626
0.012295081967213115,0.5319465081723626
0.012295081967213115,0.5341181849354212
0.012384176764076977,0.5341181849354212
0.012384176764076977,0.5343467824894274
0.012473271560940842,0.5343467824894274
0.012473271560940842,0.5344610812664304
0.012562366357804704,0.5344610812664304
0.012562366357804704,0.5357183678134644
0.012651461154668567,0.5357183678134644
0.012651461154668567,0.5377757457995199
0.01274055595153243,0.5377757457995199
0.01274055595153243,0.5410904103326094
0.012829650748396294,0.5410904103326094
0.012829650748396294,0.543147788318665
0.012918745545260157,0.543147788318665
0.012918745545260157,0.5433763858726711
0.01300784034212402,0.5433763858726711
0.01300784034212402,0.5439478797576865
0.013096935138987882,0.5439478797576865
0.013096935138987882,0.5440621785346896
0.013186029935851747,0.5440621785346896
0.013186029935851747,0.5449765687507143
0.01327512473271561,0.5449765687507143
0.01327512473271561,0.5463481540747513
0.013364219529579472,0.5463481540747513
0.013364219529579472,0.5468053491827637
0.013453314326443335,0.5468053491827637
0.013453314326443335,0.5477197393987885
0.0135424091233072,0.5477197393987885
0.0135424091233072,0.5488627271688193
0.013631503920171062,0.5488627271688193
0.013631503920171062,0.5508058063778718
0.013720598717034925,0.5508058063778718
0.013720598717034925,0.5514915990398903
0.013898788310762652,0.5514915990398903
0.013898788310762652,0.5529774831409304
0.013987883107626515,0.5529774831409304
0.013987883107626515,0.5534346782489428
0.014076977904490378,0.5534346782489428
0.014076977904490378,0.5543490684649675
0.01416607270135424,0.5543490684649675
0.01416607270135424,0.5561778488970168
0.014255167498218105,0.5561778488970168
0.014255167498218105,0.5562921476740199
0.01443335709194583,0.5562921476740199
0.01443335709194583,0.5568636415590353
0.014522451888809693,0.5568636415590353
0.014522451888809693,0.5569779403360384
0.014611546685673557,0.5569779403360384
0.014611546685673557,0.5596068122071094
0.01470064148253742,0.5596068122071094
0.01470064148253742,0.5606355012001372
0.014789736279401283,0.5606355012001372
0.014789736279401283,0.5633786718482112
0.014878831076265146,0.5633786718482112
0.014878831076265146,0.5645216596182421
0.01496792587312901,0.5645216596182421
0.01496792587312901,0.5658932449422791
0.015057020669992873,0.5658932449422791
0.015057020669992873,0.5668076351583038
0.015146115466856735,0.5668076351583038
0.015146115466856735,0.5705794947994056
0.015235210263720598,0.5705794947994056
0.015235210263720598,0.5708080923534118
0.015324305060584463,0.5708080923534118
0.015324305060584463,0.5712652874614241
0.015413399857448325,0.5712652874614241
0.015413399857448325,0.572408275231455
0.015502494654312188,0.572408275231455
0.015502494654312188,0.5725225740084581
0.01559158945117605,0.5725225740084581
0.01559158945117605,0.5729797691164704
0.015769779044903776,0.5729797691164704
0.015769779044903776,0.5732083666704766
0.01585887384176764,0.5732083666704766
0.01585887384176764,0.5756086409875414
0.015947968638631505,0.5756086409875414
0.015947968638631505,0.5761801348725568
0.016037063435495366,0.5761801348725568
0.016037063435495366,0.5770945250885815
0.01612615823235923,0.5770945250885815
0.01612615823235923,0.5775517201965938
0.016215253029223095,0.5775517201965938
0.016215253029223095,0.5776660189735969
0.016304347826086956,0.5776660189735969
0.016304347826086956,0.5781232140816093
0.01639344262295082,0.5781232140816093
0.01639344262295082,0.5809806835066865
0.01648253741981468,0.5809806835066865
0.01648253741981468,0.5831523602697452
0.016571632216678546,0.5831523602697452
0.016571632216678546,0.5841810492627729
0.01666072701354241,0.5841810492627729
0.01666072701354241,0.5849811407017945
0.01674982181040627,0.5849811407017945
0.01674982181040627,0.5872671162418562
0.016838916607270136,0.5872671162418562
0.016838916607270136,0.5874957137958624
0.016928011404133997,0.5874957137958624
0.016928011404133997,0.5888672991198994
0.017106200997861726,0.5888672991198994
0.017106200997861726,0.5889815978969025
0.017195295794725587,0.5889815978969025
0.017195295794725587,0.589667390558921
0.01728439059158945,0.589667390558921
0.01728439059158945,0.5912675734369642
0.017373485388453316,0.5912675734369642
0.017373485388453316,0.5926391587610013
0.017462580185317177,0.5926391587610013
0.017462580185317177,0.594925134301063
0.01755167498218104,0.594925134301063
0.01755167498218104,0.5950394330780661
0.017640769779044902,0.5950394330780661
0.017640769779044902,0.5951537318550691
0.017729864575908767,0.5951537318550691
0.017729864575908767,0.5953823294090753
0.01781895937277263,0.5953823294090753
0.01781895937277263,0.5961824208480969
0.017908054169636492,0.5961824208480969
0.017908054169636492,0.5970968110641216
0.01808624376336422,0.5970968110641216
0.01808624376336422,0.5972111098411247
0.018175338560228082,0.5972111098411247
0.018175338560228082,0.597554006172134
0.018264433357091946,0.597554006172134
0.018264433357091946,0.5977826037261401
0.018353528153955807,0.5977826037261401
0.018353528153955807,0.598925591496171
0.018442622950819672,0.598925591496171
0.018442622950819672,0.5998399817121957
0.018531717747683536,0.5998399817121957
0.018531717747683536,0.6000685792662018
0.018620812544547397,0.6000685792662018
0.018620812544547397,0.6004114755972111
0.01870990734141126,0.6004114755972111
0.01870990734141126,0.6008686707052234
0.018799002138275126,0.6008686707052234
0.018799002138275126,0.6009829694822265
0.018888096935138987,0.6009829694822265
0.018888096935138987,0.6014401645902389
0.01897719173200285,0.6014401645902389
0.01897719173200285,0.6024688535832666
0.019066286528866713,0.6024688535832666
0.019066286528866713,0.6039547376843067
0.01924447612259444,0.6039547376843067
0.01924447612259444,0.6040690364613098
0.019333570919458302,0.6040690364613098
0.019333570919458302,0.6044119327923191
0.019422665716322167,0.6044119327923191
0.019422665716322167,0.6048691279003314
0.01951176051318603,0.6048691279003314
0.01951176051318603,0.6062407132243685
0.019600855310049892,0.6062407132243685
0.019600855310049892,0.6066979083323808
0.019779044903777618,0.6066979083323808
0.019779044903777618,0.6072694022173962
0.019868139700641482,0.6072694022173962
0.019868139700641482,0.6077265973254086
0.019957234497505347,0.6077265973254086
0.019957234497505347,0.6085266887644302
0.020046329294369208,0.6085266887644302
0.020046329294369208,0.609555377757458
0.020135424091233072,0.609555377757458
0.020135424091233072,0.6117270545205167
0.020224518888096937,0.6117270545205167
0.020224518888096937,0.6124128471825352
0.020313613684960798,0.6124128471825352
0.020313613684960798,0.6128700422905475
0.020402708481824662,0.6128700422905475
0.020402708481824662,0.6140130300605784
0.020491803278688523,0.6140130300605784
0.020491803278688523,0.6142416276145846
0.020669992872416252,0.6142416276145846
0.020669992872416252,0.6148131214996
0.020759087669280113,0.6148131214996
0.020759087669280113,0.6158418104926278
0.020848182466143977,0.6158418104926278
0.020848182466143977,0.6166419019316494
0.020937277263007842,0.6166419019316494
0.020937277263007842,0.6169847982626586
0.021026372059871703,0.6169847982626586
0.021026372059871703,0.6172133958166648
0.021115466856735567,0.6172133958166648
0.021115466856735567,0.6178991884786833
0.02120456165359943,0.6178991884786833
0.02120456165359943,0.6210995542347697
0.021293656450463293,0.6210995542347697
0.021293656450463293,0.6212138530117728
0.021471846044191018,0.6212138530117728
0.021471846044191018,0.622814035889816
0.021560940841054883,0.622814035889816
0.021560940841054883,0.6232712309978283
0.021739130434782608,0.6232712309978283
0.021739130434782608,0.6234998285518345
0.021828225231646473,0.6234998285518345
0.021828225231646473,0.6252143102068808
0.022095509622238062,0.6252143102068808
0.022095509622238062,0.625442907760887
0.022184604419101923,0.625442907760887
0.022184604419101923,0.6262429991999086
0.022273699215965788,0.6262429991999086
0.022273699215965788,0.626814493084924
0.022362794012829652,0.626814493084924
0.022362794012829652,0.6286432735169734
0.022540983606557378,0.6286432735169734
0.022540983606557378,0.6289861698479826
0.022719173200285103,0.6289861698479826
0.022719173200285103,0.6310435478340382
0.022808267997148968,0.6310435478340382
0.022808267997148968,0.6320722368270659
0.02289736279401283,0.6320722368270659
0.02289736279401283,0.6326437307120814
0.022986457590876693,0.6326437307120814
0.022986457590876693,0.6333295233740999
0.023075552387740558,0.6333295233740999
0.023075552387740558,0.6347011086981369
0.02316464718460442,0.6347011086981369
0.02316464718460442,0.6351583038061492
0.023253741981468283,0.6351583038061492
0.023253741981468283,0.6356154989141616
0.023342836778332144,0.6356154989141616
0.023342836778332144,0.6369870842381986
0.02343193157519601,0.6369870842381986
0.02343193157519601,0.6373299805692079
0.023521026372059873,0.6373299805692079
0.023521026372059873,0.6385872671162418
0.023610121168923734,0.6385872671162418
0.023610121168923734,0.6390444622242542
0.0236992159657876,0.6390444622242542
0.0236992159657876,0.6396159561092696
0.023788310762651463,0.6396159561092696
0.023788310762651463,0.6399588524402788
0.023877405559515324,0.6399588524402788
0.023877405559515324,0.6403017487712881
0.02396650035637919,0.6403017487712881
0.02396650035637919,0.6411018402103098
0.02405559515324305,0.6411018402103098
0.02405559515324305,0.641330437764316
0.024144689950106914,0.641330437764316
0.024144689950106914,0.6422448279803407
0.024233784746970778,0.6422448279803407
0.024233784746970778,0.6423591267573437
0.02432287954383464,0.6423591267573437
0.02432287954383464,0.6431592181963653
0.024501069137562368,0.6431592181963653
0.024501069137562368,0.6432735169733684
0.02459016393442623,0.6432735169733684
0.02459016393442623,0.6435021145273746
0.024679258731290094,0.6435021145273746
0.024679258731290094,0.6437307120813808
0.024768353528153954,0.6437307120813808
0.024768353528153954,0.6451022974054178
0.02485744832501782,0.6451022974054178
0.02485744832501782,0.6456737912904332
0.024946543121881683,0.6456737912904332
0.024946543121881683,0.6460166876214425
0.02512473271560941,0.6460166876214425
0.02512473271560941,0.6488741570465196
0.02521382751247327,0.6488741570465196
0.02521382751247327,0.6496742484855412
0.025302922309337134,0.6496742484855412
0.025302922309337134,0.6500171448165505
0.025392017106201,0.6500171448165505
0.025392017106201,0.650702937478569
0.02565930149679259,0.650702937478569
0.02565930149679259,0.6523031203566122
0.02574839629365645,0.6523031203566122
0.02574839629365645,0.6525317179106184
0.025837491090520314,0.6525317179106184
0.025837491090520314,0.6543604983426677
0.025926585887384175,0.6543604983426677
0.025926585887384175,0.6545890958966739
0.026104775481111904,0.6545890958966739
0.026104775481111904,0.6548176934506801
0.026193870277975765,0.6548176934506801
0.026193870277975765,0.6555034861126986
0.02628296507483963,0.6555034861126986
0.02628296507483963,0.6565321751057264
0.02655024946543122,0.6565321751057264
0.02655024946543122,0.6595039433078066
0.02663934426229508,0.6595039433078066
0.02663934426229508,0.6596182420848097
0.026728439059158945,0.6596182420848097
0.026728439059158945,0.661447022516859
0.02681753385602281,0.661447022516859
0.02681753385602281,0.6616756200708652
0.026995723449750535,0.6616756200708652
0.026995723449750535,0.6619042176248714
0.0270848182466144,0.6619042176248714
0.0270848182466144,0.6620185164018745
0.02717391304347826,0.6620185164018745
0.02717391304347826,0.6622471139558807
0.027263007840342125,0.6622471139558807
0.027263007840342125,0.6624757115098868
0.027352102637205986,0.6624757115098868
0.027352102637205986,0.662704309063893
0.02744119743406985,0.662704309063893
0.02744119743406985,0.6643044919419362
0.027530292230933714,0.6643044919419362
0.027530292230933714,0.6648759858269516
0.027619387027797575,0.6648759858269516
0.027619387027797575,0.6660189735969825
0.02770848182466144,0.6660189735969825
0.02770848182466144,0.6671619613670133
0.027797576621525304,0.6671619613670133
0.027797576621525304,0.6677334552520288
0.027886671418389165,0.6677334552520288
0.027886671418389165,0.6689907417990627
0.02806486101211689,0.6689907417990627
0.02806486101211689,0.6691050405760658
0.028153955808980755,0.6691050405760658
0.028153955808980755,0.6703623271230997
0.02824305060584462,0.6703623271230997
0.02824305060584462,0.671962510001143
0.02833214540270848,0.671962510001143
0.02833214540270848,0.6723054063321523
0.028421240199572345,0.6723054063321523
0.028421240199572345,0.6724197051091554
0.02851033499643621,0.6724197051091554
0.02851033499643621,0.6725340038861585
0.02859942979330007,0.6725340038861585
0.02859942979330007,0.673219796548177
0.028688524590163935,0.673219796548177
0.028688524590163935,0.6736769916561893
0.028777619387027796,0.6736769916561893
0.028777619387027796,0.6740198879871986
0.028955808980755525,0.6740198879871986
0.028955808980755525,0.6747056806492171
0.029044903777619386,0.6747056806492171
0.029044903777619386,0.6749342782032233
0.02913399857448325,0.6749342782032233
0.02913399857448325,0.6752771745342325
0.029223093371347115,0.6752771745342325
0.029223093371347115,0.6776774488512973
0.029312188168210976,0.6776774488512973
0.029312188168210976,0.6777917476283004
0.02940128296507484,0.6777917476283004
0.02940128296507484,0.6780203451823066
0.0294903777619387,0.6780203451823066
0.0294903777619387,0.6781346439593097
0.029579472558802566,0.6781346439593097
0.029579472558802566,0.6789347353983313
0.02975766215253029,0.6789347353983313
0.02975766215253029,0.6791633329523374
0.030114041339985746,0.6791633329523374
0.030114041339985746,0.6803063207223683
0.030203136136849607,0.6803063207223683
0.030203136136849607,0.6806492170533776
0.03029223093371347,0.6806492170533776
0.03029223093371347,0.6807635158303806
0.03055951532430506,0.6807635158303806
0.03055951532430506,0.6813350097153961
0.030648610121168925,0.6813350097153961
0.030648610121168925,0.68259229626243
0.030737704918032786,0.68259229626243
0.030737704918032786,0.6833923877014516
0.03082679971489665,0.6833923877014516
0.03082679971489665,0.6836209852554578
0.03109408410548824,0.6836209852554578
0.03109408410548824,0.6837352840324609
0.0311831789023521,0.6837352840324609
0.0311831789023521,0.6844210766944794
0.031272273699215966,0.6844210766944794
0.031272273699215966,0.6856783632415133
0.03136136849607983,0.6856783632415133
0.03136136849607983,0.6859069607955195
0.031450463292943695,0.6859069607955195
0.031450463292943695,0.6863641559035318
0.03153955808980755,0.6863641559035318
0.03153955808980755,0.6868213510115442
0.03171774768353528,0.6868213510115442
0.03171774768353528,0.6869356497885473
0.031806842480399146,0.6869356497885473
0.031806842480399146,0.6872785461195565
0.03189593727726301,0.6872785461195565
0.03189593727726301,0.6880786375585781
0.0321632216678546,0.6880786375585781
0.0321632216678546,0.6881929363355812
0.03225231646471846,0.6881929363355812
0.03225231646471846,0.6883072351125843
0.032341411261582326,0.6883072351125843
0.032341411261582326,0.6886501314435935
0.03251960085531005,0.6886501314435935
0.03251960085531005,0.6896788204366213
0.03269779044903778,0.6896788204366213
0.03269779044903778,0.6904789118756429
0.03278688524590164,0.6904789118756429
0.03278688524590164,0.6911647045376614
0.032875980042765506,0.6911647045376614
0.032875980042765506,0.6923076923076923
0.03296507483962936,0.6923076923076923
0.03296507483962936,0.6926505886387015
0.03305416963649323,0.6926505886387015
0.03305416963649323,0.6934506800777231
0.03314326443335709,0.6934506800777231
0.03314326443335709,0.6935649788547262
0.033232359230220956,0.6935649788547262
0.033232359230220956,0.6936792776317293
0.03341054882394868,0.6936792776317293
0.03341054882394868,0.6937935764087324
0.03358873841767641,0.6937935764087324
0.03358873841767641,0.6941364727397417
0.03367783321454027,0.6941364727397417
0.03367783321454027,0.6953937592867756
0.033766928011404136,0.6953937592867756
0.033766928011404136,0.6957366556177849
0.03403421240199572,0.6957366556177849
0.03403421240199572,0.6961938507257972
0.03412330719885959,0.6961938507257972
0.03412330719885959,0.6966510458338095
0.03421240199572345,0.6966510458338095
0.03421240199572345,0.697222539718825
0.034301496792587316,0.697222539718825
0.034301496792587316,0.6977940336038404
0.034390591589451174,0.6977940336038404
0.034390591589451174,0.698594125042862
0.03447968638631504,0.698594125042862
0.03447968638631504,0.6991656189278774
0.03465787598004277,0.6991656189278774
0.03465787598004277,0.6998514115898959
0.03474697077690663,0.6998514115898959
0.03474697077690663,0.7001943079209052
0.03492516037063435,0.7001943079209052
0.03492516037063435,0.7009943993599268
0.03501425516749822,0.7009943993599268
0.03501425516749822,0.7024802834609669
0.03510334996436208,0.7024802834609669
0.03510334996436208,0.7031660761229855
0.035281539558089804,0.7031660761229855
0.035281539558089804,0.7044233626700195
0.03537063435495367,0.7044233626700195
0.03537063435495367,0.7049948565550349
0.03545972915181753,0.7049948565550349
0.03545972915181753,0.7056806492170534
0.0355488239486814,0.7056806492170534
0.0355488239486814,0.7057949479940565
0.03563791874554526,0.7057949479940565
0.03563791874554526,0.7071665333180935
0.035816108339272984,0.7071665333180935
0.035816108339272984,0.7076237284261059
0.03590520313613685,0.7076237284261059
0.03590520313613685,0.7080809235341182
0.03599429793300071,0.7080809235341182
0.03599429793300071,0.7094525088581553
0.03608339272986458,0.7094525088581553
0.03608339272986458,0.7095668076351583
0.03617248752672844,0.7095668076351583
0.03617248752672844,0.7096811064121614
0.036350677120456164,0.7096811064121614
0.036350677120456164,0.7109383929591954
0.03652886671418389,0.7109383929591954
0.03652886671418389,0.7110526917361985
0.03661796151104776,0.7110526917361985
0.03661796151104776,0.7111669905132015
0.03679615110477548,0.7111669905132015
0.03679615110477548,0.7115098868442108
0.036885245901639344,0.7115098868442108
0.036885245901639344,0.71185278317522
0.03706343549536707,0.71185278317522
0.03706343549536707,0.7119670819522231
0.03715253029223094,0.7119670819522231
0.03715253029223094,0.7123099782832324
0.03733071988595866,0.7123099782832324
0.03733071988595866,0.7127671733912447
0.03741981468282252,0.7127671733912447
0.03741981468282252,0.7129957709452509
0.03750890947968639,0.7129957709452509
0.03750890947968639,0.7134529660532632
0.03768709907341411,0.7134529660532632
0.03768709907341411,0.7141387587152818
0.03786528866714184,0.7141387587152818
0.03786528866714184,0.7145959538232941
0.0379543834640057,0.7145959538232941
0.0379543834640057,0.7149388501543034
0.03804347826086957,0.7149388501543034
0.03804347826086957,0.7153960452623157
0.038132573057733425,0.7153960452623157
0.038132573057733425,0.7156246428163219
0.03822166785459729,0.7156246428163219
0.03822166785459729,0.7161961367013373
0.03839985744832502,0.7161961367013373
0.03839985744832502,0.7164247342553435
0.03857804704205275,0.7164247342553435
0.03857804704205275,0.7169962281403589
0.03875623663578047,0.7169962281403589
0.03875623663578047,0.717110526917362
0.038845331432644334,0.717110526917362
0.038845331432644334,0.7174534232483712
0.03902352102637206,0.7174534232483712
0.03902352102637206,0.7175677220253743
0.03911261582323592,0.7175677220253743
0.03911261582323592,0.7176820208023774
0.039201710620099785,0.7176820208023774
0.039201710620099785,0.7179106183563836
0.03929080541696365,0.7179106183563836
0.03929080541696365,0.7180249171333867
0.039379900213827514,0.7180249171333867
0.039379900213827514,0.7182535146873928
0.03946899501069138,0.7182535146873928
0.03946899501069138,0.7190536061264144
0.039558089807555236,0.7190536061264144
0.039558089807555236,0.7191679049034175
0.0396471846044191,0.7191679049034175
0.0396471846044191,0.719853697565436
0.039736279401282965,0.719853697565436
0.039736279401282965,0.7199679963424391
0.03982537419814683,0.7199679963424391
0.03982537419814683,0.7203108926734484
0.03991446899501069,0.7203108926734484
0.03991446899501069,0.7204251914504515
0.04000356379187456,0.7204251914504515
0.04000356379187456,0.7219110755514916
0.040270848182466144,0.7219110755514916
0.040270848182466144,0.7223682706595039
0.04035994297933001,0.7223682706595039
0.04035994297933001,0.7231683620985255
0.04044903777619387,0.7231683620985255
0.04044903777619387,0.7236255572065379
0.04053813257305773,0.7236255572065379
0.04053813257305773,0.7245399474225626
0.040627227369921595,0.7245399474225626
0.040627227369921595,0.7246542461995656
0.04071632216678546,0.7246542461995656
0.04071632216678546,0.7247685449765687
0.040805416963649324,0.7247685449765687
0.040805416963649324,0.725111441307578
0.04089451176051319,0.725111441307578
0.04089451176051319,0.7252257400845811
0.040983606557377046,0.7252257400845811
0.040983606557377046,0.7259115327465996
0.04107270135424091,0.7259115327465996
0.04107270135424091,0.7261401303006058
0.041161796151104775,0.7261401303006058
0.041161796151104775,0.7262544290776088
0.04125089094796864,0.7262544290776088
0.04125089094796864,0.726483026631615
0.04142908054169637,0.726483026631615
0.04142908054169637,0.7269402217396274
0.041696364932287955,0.7269402217396274
0.041696364932287955,0.7271688192936335
0.04178545972915182,0.7271688192936335
0.04178545972915182,0.7279689107326551
0.041874554526015684,0.7279689107326551
0.041874554526015684,0.7287690021716767
0.042052744119743406,0.7287690021716767
0.042052744119743406,0.7289975997256829
0.04214183891660727,0.7289975997256829
0.04214183891660727,0.7296833923877014
0.042230933713471135,0.7296833923877014
0.042230933713471135,0.7297976911647045
0.042320028510335,0.7297976911647045
0.042320028510335,0.7300262887187107
0.04240912330719886,0.7300262887187107
0.04240912330719886,0.730483483826723
0.04249821810406272,0.730483483826723
0.04249821810406272,0.7307120813807292
0.042587312900926586,0.7307120813807292
0.042587312900926586,0.7311692764887415
0.04267640769779045,0.7311692764887415
0.04267640769779045,0.7316264715967539
0.042943692088382036,0.7316264715967539
0.042943692088382036,0.73185506915076
0.0430327868852459,0.73185506915076
0.0430327868852459,0.7319693679277631
0.043121881682109765,0.7319693679277631
0.043121881682109765,0.7327694593667847
0.043300071275837494,0.7327694593667847
0.043300071275837494,0.7333409532518002
0.04338916607270135,0.7333409532518002
0.04338916607270135,0.7335695508058063
0.043478260869565216,0.7335695508058063
0.043478260869565216,0.7340267459138187
0.043656450463292945,0.7340267459138187
0.043656450463292945,0.7348268373528404
0.04374554526015681,0.7348268373528404
0.04374554526015681,0.7352840324608527
0.04392373485388453,0.7352840324608527
0.04392373485388453,0.7353983312378558
0.044012829650748396,0.7353983312378558
0.044012829650748396,0.7360841238998743
0.04410192444761226,0.7360841238998743
0.04410192444761226,0.7371128128929021
0.04428011404133998,0.7371128128929021
0.04428011404133998,0.7374557092239113
0.04436920883820385,0.7374557092239113
0.04436920883820385,0.7380272031089268
0.04445830363506771,0.7380272031089268
0.04445830363506771,0.7387129957709453
0.04463649322879544,0.7387129957709453
0.04463649322879544,0.7393987884329638
0.044725588025659305,0.7393987884329638
0.044725588025659305,0.73962738598697
0.04481468282252316,0.73962738598697
0.04481468282252316,0.7397416847639731
0.04490377761938703,0.7397416847639731
0.04490377761938703,0.7399702823179792
0.04499287241625089,0.7399702823179792
0.04499287241625089,0.7405417762029947
0.045081967213114756,0.7405417762029947
0.045081967213114756,0.7408846725340039
0.04517106200997862,0.7408846725340039
0.04517106200997862,0.7411132700880101
0.04534925160370634,0.7411132700880101
0.04534925160370634,0.7412275688650132
0.045438346400570206,0.7412275688650132
0.045438346400570206,0.7421419590810379
0.04552744119743407,0.7421419590810379
0.04552744119743407,0.742256257858041
0.04570563079116179,0.742256257858041
0.04570563079116179,0.7431706480740656
0.04579472558802566,0.7431706480740656
0.04579472558802566,0.7441993370670934
0.045972915181753386,0.7441993370670934
0.045972915181753386,0.7444279346210996
0.04606200997861725,0.7444279346210996
0.04606200997861725,0.7445422333981027
0.046151104775481115,0.7445422333981027
0.046151104775481115,0.7454566236141273
0.0464183891660727,0.7454566236141273
0.0464183891660727,0.7455709223911304
0.04659657875980043,0.7455709223911304
0.04659657875980043,0.7457995199451366
0.04677476835352815,0.7457995199451366
0.04677476835352815,0.7464853126071551
0.04686386315039202,0.7464853126071551
0.04686386315039202,0.7468282089381644
0.04695295794725588,0.7468282089381644
0.04695295794725588,0.7472854040461767
0.0471311475409836,0.7472854040461767
0.0471311475409836,0.7480854954851983
0.04722024233784747,0.7480854954851983
0.04722024233784747,0.7484283918162076
0.04730933713471133,0.7484283918162076
0.04730933713471133,0.7486569893702137
0.0473984319315752,0.7486569893702137
0.0473984319315752,0.7491141844782261
0.04748752672843906,0.7491141844782261
0.04748752672843906,0.7495713795862384
0.047576621525302926,0.7495713795862384
0.047576621525302926,0.7497999771402446
0.04802209550962224,0.7497999771402446
0.04802209550962224,0.7500285746942508
0.0481111903064861,0.7500285746942508
0.0481111903064861,0.7506000685792662
0.04820028510334996,0.7506000685792662
0.04820028510334996,0.7507143673562693
0.04828937990021383,0.7507143673562693
0.04828937990021383,0.7511715624642816
0.04837847469707769,0.7511715624642816
0.04837847469707769,0.7512858612412847
0.048556664290805414,0.7512858612412847
0.048556664290805414,0.7515144587952909
0.04873485388453314,0.7515144587952909
0.04873485388453314,0.7517430563492971
0.04882394868139701,0.7517430563492971
0.04882394868139701,0.7518573551263001
0.04891304347826087,0.7518573551263001
0.04891304347826087,0.7523145502343125
0.049002138275124736,0.7523145502343125
0.049002138275124736,0.7527717453423248
0.049091233071988594,0.7527717453423248
0.049091233071988594,0.7528860441193279
0.04918032786885246,0.7528860441193279
0.04918032786885246,0.753000342896331
0.04926942266571632,0.753000342896331
0.04926942266571632,0.7531146416733341
0.04935851746258019,0.7531146416733341
0.04935851746258019,0.7532289404503372
0.04953670705630791,0.7532289404503372
0.04953670705630791,0.7542576294433649
0.04962580185317177,0.7542576294433649
0.04962580185317177,0.754371928220368
0.04971489665003564,0.754371928220368
0.04971489665003564,0.7550577208823865
0.0498039914468995,0.7550577208823865
0.0498039914468995,0.7554006172133958
0.049982181040627224,0.7554006172133958
0.049982181040627224,0.755629214767402
0.05016037063435495,0.755629214767402
0.05016037063435495,0.757000800091439
0.05024946543121882,0.757000800091439
0.05024946543121882,0.7571150988684421
0.05033856022808268,0.7571150988684421
0.05033856022808268,0.7573436964224483
0.05042765502494654,0.7573436964224483
0.05042765502494654,0.7587152817464853
0.05060584461867427,0.7587152817464853
0.05060584461867427,0.7592867756315007
0.05069493941553813,0.7592867756315007
0.05069493941553813,0.7594010744085038
0.050784034212402,0.7594010744085038
0.050784034212402,0.7602011658475254
0.05087312900926586,0.7602011658475254
0.05087312900926586,0.7605440621785347
0.05096222380612972,0.7605440621785347
0.05096222380612972,0.7615727511715624
0.051051318602993584,0.7615727511715624
0.051051318602993584,0.7618013487255686
0.05122950819672131,0.7618013487255686
0.05122950819672131,0.7622585438335809
0.05131860299358518,0.7622585438335809
0.05131860299358518,0.7626014401645902
0.051407697790449035,0.7626014401645902
0.051407697790449035,0.7628300377185964
0.0514967925873129,0.7628300377185964
0.0514967925873129,0.7631729340496056
0.05176407697790449,0.7631729340496056
0.05176407697790449,0.7638587267116241
0.05185317177476835,0.7638587267116241
0.05185317177476835,0.7640873242656303
0.051942266571632215,0.7640873242656303
0.051942266571632215,0.7642016230426334
0.05203136136849608,0.7642016230426334
0.05203136136849608,0.7651160132586581
0.05220955096222381,0.7651160132586581
0.05220955096222381,0.7659161046976798
0.05238774055595153,0.7659161046976798
0.05238774055595153,0.766259001028689
0.052476835352815394,0.766259001028689
0.052476835352815394,0.7664875985826952
0.05256593014967926,0.7664875985826952
0.05256593014967926,0.767516287575723
0.05265502494654312,0.767516287575723
0.05265502494654312,0.7678591839067322
0.05274411974340699,0.7678591839067322
0.05274411974340699,0.7687735741227569
0.05292230933713471,0.7687735741227569
0.05292230933713471,0.7692307692307693
0.053011404133998574,0.7692307692307693
0.053011404133998574,0.7695736655617785
0.05310049893086244,0.7695736655617785
0.05310049893086244,0.7696879643387816
0.0531895937277263,0.7696879643387816
0.0531895937277263,0.7698022631157847
0.05327868852459016,0.7698022631157847
0.05327868852459016,0.770145159446794
0.053367783321454025,0.770145159446794
0.053367783321454025,0.7706023545548063
0.05345687811831789,0.7706023545548063
0.05345687811831789,0.7717453423248372
0.053545972915181754,0.7717453423248372
0.053545972915181754,0.7720882386558464
0.05363506771204562,0.7720882386558464
0.05363506771204562,0.7722025374328495
0.05372416250890948,0.7722025374328495
0.05372416250890948,0.7723168362098526
0.05399144689950107,0.7723168362098526
0.05399144689950107,0.7724311349868557
0.0541696364932288,0.7724311349868557
0.0541696364932288,0.7725454337638588
0.05434782608695652,0.7725454337638588
0.05434782608695652,0.772888330094868
0.054436920883820385,0.772888330094868
0.054436920883820385,0.7730026288718711
0.05452601568068425,0.7730026288718711
0.05452601568068425,0.7731169276488742
0.05470420527441197,0.7731169276488742
0.05470420527441197,0.7734598239798834
0.054793300071275836,0.7734598239798834
0.054793300071275836,0.7736884215338896
0.0548823948681397,0.7736884215338896
0.0548823948681397,0.7738027203108927
0.05506058446186743,0.7738027203108927
0.05506058446186743,0.7739170190878958
0.05514967925873129,0.7739170190878958
0.05514967925873129,0.7740313178648989
0.05541696364932288,0.7740313178648989
0.05541696364932288,0.774145616641902
0.05559515324305061,0.774145616641902
0.05559515324305061,0.7751743056349297
0.055862437633642195,0.7751743056349297
0.055862437633642195,0.7758600982969482
0.05595153243050606,0.7758600982969482
0.05595153243050606,0.7760886958509544
0.056040627227369924,0.7760886958509544
0.056040627227369924,0.7762029946279575
0.056218816821097646,0.7762029946279575
0.056218816821097646,0.7764315921819637
0.05630791161796151,0.7764315921819637
0.05630791161796151,0.7770030860669791
0.056397006414825375,0.7770030860669791
0.056397006414825375,0.7771173848439822
0.05648610121168924,0.7771173848439822
0.05648610121168924,0.7773459823979884
0.056575196008553104,0.7773459823979884
0.056575196008553104,0.7779174762830038
0.05666429080541696,0.7779174762830038
0.05666429080541696,0.77814607383701
0.056753385602280826,0.77814607383701
0.056753385602280826,0.7783746713910161
0.056931575196008555,0.7783746713910161
0.056931575196008555,0.7790604640530346
0.05702066999287242,0.7790604640530346
0.05702066999287242,0.7791747628300377
0.05710976478973628,0.7791747628300377
0.05710976478973628,0.7798605554920562
0.057287954383464006,0.7798605554920562
0.057287954383464006,0.7800891530460624
0.05737704918032787,0.7800891530460624
0.05737704918032787,0.7804320493770717
0.057466143977191735,0.7804320493770717
0.057466143977191735,0.7811178420390902
0.05755523877405559,0.7811178420390902
0.05755523877405559,0.7818036347011087
0.05764433357091946,0.7818036347011087
0.05764433357091946,0.782146531032118
0.05773342836778332,0.782146531032118
0.05773342836778332,0.7826037261401303
0.05791161796151105,0.7826037261401303
0.05791161796151105,0.7828323236941365
0.058000712758374914,0.7828323236941365
0.058000712758374914,0.7829466224711396
0.05808980755523877,0.7829466224711396
0.05808980755523877,0.7837467139101612
0.058178902352102636,0.7837467139101612
0.058178902352102636,0.7842039090181735
0.058357091945830365,0.7842039090181735
0.058357091945830365,0.7850040004571951
0.05844618674269423,0.7850040004571951
0.05844618674269423,0.7855754943422105
0.05853528153955809,0.7855754943422105
0.05853528153955809,0.7859183906732198
0.058713471133285816,0.7859183906732198
0.058713471133285816,0.786146988227226
0.05880256593014968,0.786146988227226
0.05880256593014968,0.7867184821122414
0.058891660727013545,0.7867184821122414
0.058891660727013545,0.7869470796662476
0.0589807555238774,0.7869470796662476
0.0589807555238774,0.7870613784432506
0.05906985032074127,0.7870613784432506
0.05906985032074127,0.7878614698822722
0.05915894511760513,0.7878614698822722
0.05915894511760513,0.7880900674362784
0.059248039914468996,0.7880900674362784
0.059248039914468996,0.7892330552063093
0.05942622950819672,0.7892330552063093
0.05942622950819672,0.7893473539833123
0.05951532430506058,0.7893473539833123
0.05951532430506058,0.7900331466453309
0.05960441910192445,0.7900331466453309
0.05960441910192445,0.790147445422334
0.05969351389878831,0.790147445422334
0.05969351389878831,0.7904903417533432
0.05987170349251604,0.7904903417533432
0.05987170349251604,0.7909475368613555
0.0599607982893799,0.7909475368613555
0.0599607982893799,0.7910618356383586
0.06004989308624376,0.7910618356383586
0.06004989308624376,0.7914047319693679
0.06022808267997149,0.7914047319693679
0.06022808267997149,0.791519030746371
0.060317177476835356,0.791519030746371
0.060317177476835356,0.7917476283003771
0.06040627227369921,0.7917476283003771
0.06040627227369921,0.7919762258543833
0.06058446186742694,0.7919762258543833
0.06058446186742694,0.7923191221853926
0.06076265146115467,0.7923191221853926
0.06076265146115467,0.7924334209623957
0.06085174625801853,0.7924334209623957
0.06085174625801853,0.7926620185164018
0.06094084105488239,0.7926620185164018
0.06094084105488239,0.792890616070408
0.06102993585174626,0.792890616070408
0.06102993585174626,0.7931192136244142
0.061208125445473986,0.7931192136244142
0.061208125445473986,0.7933478111784203
0.06147540983606557,0.7933478111784203
0.06147540983606557,0.7936907075094296
0.06156450463292944,0.7936907075094296
0.06156450463292944,0.7938050062864327
0.0616535994297933,0.7938050062864327
0.0616535994297933,0.794147902617442
0.061742694226657166,0.794147902617442
0.061742694226657166,0.7947193965024574
0.06192088382038489,0.7947193965024574
0.06192088382038489,0.7950622928334666
0.06200997861724875,0.7950622928334666
0.06200997861724875,0.7951765916104697
0.06209907341411262,0.7951765916104697
0.06209907341411262,0.7952908903874728
0.06218816821097648,0.7952908903874728
0.06218816821097648,0.7956337867184821
0.06227726300784034,0.7956337867184821
0.06227726300784034,0.7963195793805006
0.0623663578047042,0.7963195793805006
0.0623663578047042,0.7965481769345067
0.06254454739843193,0.7965481769345067
0.06254454739843193,0.7966624757115098
0.06281183178902353,0.7966624757115098
0.06281183178902353,0.7974625671505315
0.06290092658588739,0.7974625671505315
0.06290092658588739,0.7979197622585439
0.06299002138275124,0.7979197622585439
0.06299002138275124,0.7981483598125501
0.0630791161796151,0.7981483598125501
0.0630791161796151,0.7984912561435593
0.06316821097647897,0.7984912561435593
0.06316821097647897,0.7987198536975655
0.06325730577334283,0.7987198536975655
0.06325730577334283,0.7989484512515717
0.0633464005702067,0.7989484512515717
0.0633464005702067,0.7992913475825809
0.06343549536707056,0.7992913475825809
0.06343549536707056,0.7995199451365871
0.06352459016393443,0.7995199451365871
0.06352459016393443,0.7997485426905933
0.06361368496079829,0.7997485426905933
0.06361368496079829,0.8002057377986056
0.06388096935138989,0.8002057377986056
0.06388096935138989,0.8006629329066179
0.0640591589451176,0.8006629329066179
0.0640591589451176,0.8008915304606241
0.06414825374198146,0.8008915304606241
0.06414825374198146,0.8013487255686365
0.06423734853884533,0.8013487255686365
0.06423734853884533,0.8016916218996457
0.0643264433357092,0.8016916218996457
0.0643264433357092,0.8019202194536519
0.06441553813257306,0.8019202194536519
0.06441553813257306,0.8023774145616642
0.06450463292943692,0.8023774145616642
0.06450463292943692,0.8024917133386673
0.06459372772630079,0.8024917133386673
0.06459372772630079,0.8027203108926735
0.06486101211689238,0.8027203108926735
0.06486101211689238,0.8028346096696766
0.0650392017106201,0.8028346096696766
0.0650392017106201,0.8035204023316951
0.06512829650748396,0.8035204023316951
0.06512829650748396,0.8036347011086982
0.06521739130434782,0.8036347011086982
0.06521739130434782,0.8037489998857013
0.06530648610121169,0.8037489998857013
0.06530648610121169,0.8039775974397074
0.06539558089807555,0.8039775974397074
0.06539558089807555,0.8040918962167105
0.06548467569493942,0.8040918962167105
0.06548467569493942,0.8043204937707167
0.06557377049180328,0.8043204937707167
0.06557377049180328,0.804777688878729
0.06575196008553101,0.804777688878729
0.06575196008553101,0.8048919876557321
0.06628652886671418,0.8048919876557321
0.06628652886671418,0.8050062864327352
0.06637562366357805,0.8050062864327352
0.06637562366357805,0.8052348839867414
0.06655381325730578,0.8052348839867414
0.06655381325730578,0.8055777803177506
0.06664290805416964,0.8055777803177506
0.06664290805416964,0.8056920790947537
0.0667320028510335,0.8056920790947537
0.0667320028510335,0.8058063778717568
0.06726657163221668,0.8058063778717568
0.06726657163221668,0.8064921705337753
0.06735566642908054,0.8064921705337753
0.06735566642908054,0.8068350668647846
0.06753385602280827,0.8068350668647846
0.06753385602280827,0.8070636644187907
0.06771204561653599,0.8070636644187907
0.06771204561653599,0.8071779631957938
0.06780114041339985,0.8071779631957938
0.06780114041339985,0.8077494570808093
0.06797933000712758,0.8077494570808093
0.06797933000712758,0.8079780546348154
0.06806842480399145,0.8079780546348154
0.06806842480399145,0.8088924448508401
0.06869208838203848,0.8088924448508401
0.06869208838203848,0.8090067436278432
0.06878118317890235,0.8090067436278432
0.06878118317890235,0.8092353411818494
0.06887027797576621,0.8092353411818494
0.06887027797576621,0.8095782375128586
0.06904846756949394,0.8095782375128586
0.06904846756949394,0.810035432620871
0.06922665716322167,0.810035432620871
0.06922665716322167,0.810149731397874
0.06931575196008553,0.810149731397874
0.06931575196008553,0.8103783289518802
0.0694048467569494,0.8103783289518802
0.0694048467569494,0.8104926277288833
0.06949394155381326,0.8104926277288833
0.06949394155381326,0.8107212252828895
0.06958303635067713,0.8107212252828895
0.06958303635067713,0.8109498228368957
0.06976122594440484,0.8109498228368957
0.06976122594440484,0.8111784203909018
0.07020669992872416,0.8111784203909018
0.07020669992872416,0.811407017944908
0.07029579472558803,0.811407017944908
0.07029579472558803,0.8120928106069265
0.0703848895224519,0.8120928106069265
0.0703848895224519,0.812778603268945
0.07047398431931576,0.812778603268945
0.07047398431931576,0.8128929020459481
0.07065217391304347,0.8128929020459481
0.07065217391304347,0.8130072008229512
0.07074126870990734,0.8130072008229512
0.07074126870990734,0.8132357983769574
0.0708303635067712,0.8132357983769574
0.0708303635067712,0.8133500971539604
0.07100855310049893,0.8133500971539604
0.07100855310049893,0.8139215910389759
0.07127583749109052,0.8139215910389759
0.07127583749109052,0.814035889815979
0.0715431218816821,0.814035889815979
0.0715431218816821,0.814150188592982
0.07163221667854597,0.814150188592982
0.07163221667854597,0.8152931763630129
0.07172131147540983,0.8152931763630129
0.07172131147540983,0.8159789690250314
0.0718104062722737,0.8159789690250314
0.0718104062722737,0.8163218653560407
0.07189950106913756,0.8163218653560407
0.07189950106913756,0.8168933592410561
0.07198859586600143,0.8168933592410561
0.07198859586600143,0.8173505543490684
0.07207769066286529,0.8173505543490684
0.07207769066286529,0.8175791519030746
0.07225588025659302,0.8175791519030746
0.07225588025659302,0.8178077494570808
0.07234497505345688,0.8178077494570808
0.07234497505345688,0.818036347011087
0.0725231646471846,0.818036347011087
0.0725231646471846,0.8182649445650931
0.07270135424091233,0.8182649445650931
0.07270135424091233,0.8195222311121271
0.07287954383464006,0.8195222311121271
0.07287954383464006,0.8198651274431363
0.07296863863150392,0.8198651274431363
0.07296863863150392,0.8199794262201394
0.07305773342836779,0.8199794262201394
0.07305773342836779,0.8203223225511487
0.0735032074126871,0.8203223225511487
0.0735032074126871,0.8206652188821579
0.07359230220955096,0.8206652188821579
0.07359230220955096,0.820779517659161
0.07368139700641482,0.820779517659161
0.07368139700641482,0.8208938164361641
0.07385958660014255,0.8208938164361641
0.07385958660014255,0.8212367127671734
0.07394868139700642,0.8212367127671734
0.07394868139700642,0.8216939078751857
0.07412687099073414,0.8216939078751857
0.07412687099073414,0.8218082066521888
0.07421596578759801,0.8218082066521888
0.07421596578759801,0.8219225054291919
0.07448325017818959,0.8219225054291919
0.07448325017818959,0.822036804206195
0.07457234497505345,0.822036804206195
0.07457234497505345,0.8224939993142073
0.07483962936564505,0.8224939993142073
0.07483962936564505,0.8226082980912104
0.07492872416250891,0.8226082980912104
0.07492872416250891,0.8231797919762258
0.07501781895937278,0.8231797919762258
0.07501781895937278,0.8232940907532289
0.07510691375623664,0.8232940907532289
0.07510691375623664,0.823408389530232
0.0751960085531005,0.823408389530232
0.0751960085531005,0.8235226883072351
0.07537419814682822,0.8235226883072351
0.07537419814682822,0.8236369870842382
0.07546329294369208,0.8236369870842382
0.07546329294369208,0.8238655846382443
0.07555238774055595,0.8238655846382443
0.07555238774055595,0.8243227797462567
0.07573057733428368,0.8243227797462567
0.07573057733428368,0.8244370785232598
0.07581967213114754,0.8244370785232598
0.07581967213114754,0.8246656760772659
0.0759087669280114,0.8246656760772659
0.0759087669280114,0.8248942736312721
0.07644333570919458,0.8248942736312721
0.07644333570919458,0.8251228711852783
0.07662152530292231,0.8251228711852783
0.07662152530292231,0.8255800662932906
0.07679971489665004,0.8255800662932906
0.07679971489665004,0.8256943650702937
0.0768888096935139,0.8256943650702937
0.0768888096935139,0.8262658589553091
0.07697790449037777,0.8262658589553091
0.07697790449037777,0.8266087552863184
0.0771560940841055,0.8266087552863184
0.0771560940841055,0.8267230540633215
0.07742337847469707,0.8267230540633215
0.07742337847469707,0.8269516516173276
0.07751247327156094,0.8269516516173276
0.07751247327156094,0.8271802491713338
0.07777975766215253,0.8271802491713338
0.07777975766215253,0.82740884672534
0.0778688524590164,0.82740884672534
0.0778688524590164,0.8280946393873585
0.07795794725588026,0.8280946393873585
0.07795794725588026,0.8282089381643617
0.07813613684960798,0.8282089381643617
0.07813613684960798,0.8284375357183679
0.07822523164647184,0.8284375357183679
0.07822523164647184,0.828551834495371
0.0783143264433357,0.828551834495371
0.0783143264433357,0.828666133272374
0.0785816108339273,0.828666133272374
0.0785816108339273,0.8291233283803864
0.07867070563079116,0.8291233283803864
0.07867070563079116,0.8292376271573895
0.07884889522451889,0.8292376271573895
0.07884889522451889,0.829923419819408
0.07902708481824662,0.829923419819408
0.07902708481824662,0.8300377185964111
0.07920527441197434,0.8300377185964111
0.07920527441197434,0.8301520173734142
0.0792943692088382,0.8301520173734142
0.0792943692088382,0.8308378100354327
0.07947255880256593,0.8308378100354327
0.07947255880256593,0.8309521088124358
0.0795616535994298,0.8309521088124358
0.0795616535994298,0.831295005143445
0.07965074839629366,0.831295005143445
0.07965074839629366,0.8314093039204481
0.07973984319315752,0.8314093039204481
0.07973984319315752,0.8315236026974512
0.07982893799002139,0.8315236026974512
0.07982893799002139,0.8318664990284604
0.07991803278688525,0.8318664990284604
0.07991803278688525,0.8319807978054635
0.08000712758374912,0.8319807978054635
0.08000712758374912,0.8322093953594697
0.08009622238061297,0.8322093953594697
0.08009622238061297,0.8323236941364728
0.08036350677120456,0.8323236941364728
0.08036350677120456,0.832552291690479
0.08045260156806842,0.832552291690479
0.08045260156806842,0.8332380843524975
0.08054169636493229,0.8332380843524975
0.08054169636493229,0.8335809806835067
0.08063079116179615,0.8335809806835067
0.08063079116179615,0.8340381757915191
0.08080898075552388,0.8340381757915191
0.08080898075552388,0.8341524745685222
0.08089807555238775,0.8341524745685222
0.08089807555238775,0.8342667733455252
0.0809871703492516,0.8342667733455252
0.0809871703492516,0.8343810721225283
0.08107626514611546,0.8343810721225283
0.08107626514611546,0.8349525660075438
0.08116535994297933,0.8349525660075438
0.08116535994297933,0.8350668647845468
0.08134354953670705,0.8350668647845468
0.08134354953670705,0.8351811635615499
0.08152173913043478,0.8351811635615499
0.08152173913043478,0.8354097611155561
0.08161083392729865,0.8354097611155561
0.08161083392729865,0.8356383586695623
0.08169992872416251,0.8356383586695623
0.08169992872416251,0.8357526574465654
0.08178902352102638,0.8357526574465654
0.08178902352102638,0.8360955537775746
0.08187811831789024,0.8360955537775746
0.08187811831789024,0.8362098525545777
0.08196721311475409,0.8362098525545777
0.08196721311475409,0.8363241513315808
0.08232359230220955,0.8363241513315808
0.08232359230220955,0.83666704766259
0.08241268709907341,0.83666704766259
0.08241268709907341,0.8371242427706024
0.08259087669280114,0.8371242427706024
0.08259087669280114,0.8372385415476055
0.08276906628652887,0.8372385415476055
0.08276906628652887,0.8374671391016116
0.08312544547398432,0.8374671391016116
0.08312544547398432,0.837924334209624
0.08321454027084818,0.837924334209624
0.08321454027084818,0.8380386329866271
0.08348182466143977,0.8380386329866271
0.08348182466143977,0.8381529317636301
0.08357091945830364,0.8381529317636301
0.08357091945830364,0.8384958280946394
0.0836600142551675,0.8384958280946394
0.0836600142551675,0.8388387244256487
0.08374910905203137,0.8388387244256487
0.08374910905203137,0.8389530232026517
0.08392729864575908,0.8389530232026517
0.08392729864575908,0.8390673219796548
0.08428367783321454,0.8390673219796548
0.08428367783321454,0.8391816207566579
0.0843727726300784,0.8391816207566579
0.0843727726300784,0.8394102183106641
0.08464005702067,0.8394102183106641
0.08464005702067,0.8395245170876672
0.08472915181753386,0.8395245170876672
0.08472915181753386,0.8396388158646703
0.08490734141126158,0.8396388158646703
0.08490734141126158,0.8397531146416733
0.0850855310049893,0.8397531146416733
0.0850855310049893,0.8398674134186764
0.08526372059871704,0.8398674134186764
0.08526372059871704,0.8399817121956795
0.08553100498930863,0.8399817121956795
0.08553100498930863,0.8400960109726826
0.0856200997861725,0.8400960109726826
0.0856200997861725,0.8402103097496857
0.08570919458303634,0.8402103097496857
0.08570919458303634,0.8410104011887073
0.08579828937990021,0.8410104011887073
0.08579828937990021,0.8411246999657104
0.08588738417676407,0.8411246999657104
0.08588738417676407,0.8414675962967196
0.08597647897362794,0.8414675962967196
0.08597647897362794,0.8416961938507258
0.0860655737704918,0.8416961938507258
0.0860655737704918,0.8418104926277289
0.08624376336421953,0.8418104926277289
0.08624376336421953,0.841924791404732
0.0863328581610834,0.841924791404732
0.0863328581610834,0.8420390901817351
0.08642195295794726,0.8420390901817351
0.08642195295794726,0.8421533889587381
0.08651104775481112,0.8421533889587381
0.08651104775481112,0.8423819865127443
0.08668923734853884,0.8423819865127443
0.08668923734853884,0.8424962852897474
0.0867783321454027,0.8424962852897474
0.0867783321454027,0.8426105840667505
0.08686742694226657,0.8426105840667505
0.08686742694226657,0.8428391816207567
0.08695652173913043,0.8428391816207567
0.08695652173913043,0.8435249742827752
0.08713471133285816,0.8435249742827752
0.08713471133285816,0.8436392730597783
0.08731290092658589,0.8436392730597783
0.08731290092658589,0.8437535718367813
0.08749109052031362,0.8437535718367813
0.08749109052031362,0.8439821693907875
0.08758018531717748,0.8439821693907875
0.08758018531717748,0.8440964681677906
0.08766928011404133,0.8440964681677906
0.08766928011404133,0.8442107669447937
0.0877583749109052,0.8442107669447937
0.0877583749109052,0.8444393644987999
0.08784746970776906,0.8444393644987999
0.08784746970776906,0.8448965596068122
0.08793656450463293,0.8448965596068122
0.08793656450463293,0.8451251571608184
0.08820384889522452,0.8451251571608184
0.08820384889522452,0.8453537547148245
0.08829294369208839,0.8453537547148245
0.08829294369208839,0.8454680534918276
0.08838203848895225,0.8454680534918276
0.08838203848895225,0.8455823522688307
0.08847113328581611,0.8455823522688307
0.08847113328581611,0.8456966510458338
0.08864932287954383,0.8456966510458338
0.08864932287954383,0.8458109498228369
0.08909479686386315,0.8458109498228369
0.08909479686386315,0.84592524859984
0.08918389166072702,0.84592524859984
0.08918389166072702,0.8463824437078523
0.08927298645759088,0.8463824437078523
0.08927298645759088,0.8464967424848554
0.08936208125445474,0.8464967424848554
0.08936208125445474,0.8466110412618585
0.08954027084818246,0.8466110412618585
0.08954027084818246,0.8468396388158647
0.08962936564504632,0.8468396388158647
0.08962936564504632,0.8469539375928677
0.08980755523877405,0.8469539375928677
0.08980755523877405,0.8476397302548863
0.08989665003563792,0.8476397302548863
0.08989665003563792,0.8478683278088924
0.09016393442622951,0.8478683278088924
0.09016393442622951,0.8482112241399017
0.09025302922309338,0.8482112241399017
0.09025302922309338,0.8485541204709109
0.09034212401995724,0.8485541204709109
0.09034212401995724,0.848668419247914
0.09052031361368496,0.848668419247914
0.09052031361368496,0.8487827180249171
0.09060940841054882,0.8487827180249171
0.09060940841054882,0.8488970168019202
0.09078759800427655,0.8488970168019202
0.09078759800427655,0.8490113155789233
0.09105488239486814,0.8490113155789233
0.09105488239486814,0.8491256143559264
0.09123307198859587,0.8491256143559264
0.09123307198859587,0.8494685106869356
0.09132216678545974,0.8494685106869356
0.09132216678545974,0.8495828094639387
0.09150035637918745,0.8495828094639387
0.09150035637918745,0.8496971082409418
0.09167854597291518,0.8496971082409418
0.09167854597291518,0.849925705794948
0.09176764076977904,0.849925705794948
0.09176764076977904,0.8500400045719511
0.09194583036350677,0.8500400045719511
0.09194583036350677,0.8501543033489541
0.09221311475409837,0.8501543033489541
0.09221311475409837,0.8502686021259572
0.09248039914468995,0.8502686021259572
0.09248039914468995,0.8503829009029603
0.09256949394155381,0.8503829009029603
0.09256949394155381,0.8504971996799634
0.0928367783321454,0.8504971996799634
0.0928367783321454,0.8506114984569665
0.09292587312900927,0.8506114984569665
0.09292587312900927,0.851297291118985
0.09301496792587313,0.851297291118985
0.09301496792587313,0.8515258886729912
0.093104062722737,0.8515258886729912
0.093104062722737,0.8523259801120128
0.0935495367070563,0.8523259801120128
0.0935495367070563,0.852668876443022
0.0938168210976479,0.852668876443022
0.0938168210976479,0.8527831752200251
0.09399501069137563,0.8527831752200251
0.09399501069137563,0.8528974739970282
0.09408410548823949,0.8528974739970282
0.09408410548823949,0.8530117727740313
0.09417320028510336,0.8530117727740313
0.09417320028510336,0.8531260715510344
0.09444048467569494,0.8531260715510344
0.09444048467569494,0.8532403703280375
0.0945295794725588,0.8532403703280375
0.0945295794725588,0.8538118642130529
0.09488595866001426,0.8538118642130529
0.09488595866001426,0.8540404617670591
0.09497505345687812,0.8540404617670591
0.09497505345687812,0.8541547605440621
0.09506414825374199,0.8541547605440621
0.09506414825374199,0.8549548519830837
0.09515324305060585,0.8549548519830837
0.09515324305060585,0.855297748314093
0.0952423378474697,0.855297748314093
0.0952423378474697,0.8558692421991084
0.09533143264433357,0.8558692421991084
0.09533143264433357,0.8562121385301177
0.09568781183178902,0.8562121385301177
0.09568781183178902,0.8563264373071208
0.09577690662865289,0.8563264373071208
0.09577690662865289,0.8568979311921362
0.09586600142551675,0.8568979311921362
0.09586600142551675,0.8570122299691393
0.0962223806129722,0.8570122299691393
0.0962223806129722,0.8573551263001485
0.09631147540983606,0.8573551263001485
0.09631147540983606,0.8575837238541547
0.09675694939415538,0.8575837238541547
0.09675694939415538,0.858040918962167
0.09693513898788311,0.858040918962167
0.09693513898788311,0.8581552177391701
0.09746970776906629,0.8581552177391701
0.09746970776906629,0.8583838152931763
0.09773699215965788,0.8583838152931763
0.09773699215965788,0.8586124128471825
0.09782608695652174,0.8586124128471825
0.09782608695652174,0.8588410104011887
0.09791518175338561,0.8588410104011887
0.09791518175338561,0.8589553091781917
0.09809337134711332,0.8589553091781917
0.09809337134711332,0.8595268030632073
0.09836065573770492,0.8595268030632073
0.09836065573770492,0.8596411018402104
0.09844975053456878,0.8596411018402104
0.09844975053456878,0.8597554006172134
0.0988952245188881,0.8597554006172134
0.0988952245188881,0.8599839981712196
0.09898431931575195,0.8599839981712196
0.09898431931575195,0.8600982969482227
0.09907341411261582,0.8600982969482227
0.09907341411261582,0.860555492056235
0.09916250890947968,0.860555492056235
0.09916250890947968,0.8610126871642474
0.09925160370634355,0.8610126871642474
0.09925160370634355,0.8613555834952566
0.09934069850320741,0.8613555834952566
0.09934069850320741,0.8615841810492628
0.09951888809693514,0.8615841810492628
0.09951888809693514,0.8616984798262659
0.099607982893799,0.8616984798262659
0.099607982893799,0.861812778603269
0.09969707769066287,0.861812778603269
0.09969707769066287,0.8619270773802721
0.09978617248752673,0.8619270773802721
0.09978617248752673,0.8621556749342782
0.0998752672843906,0.8621556749342782
0.0998752672843906,0.8622699737112813
0.09996436208125445,0.8622699737112813
0.09996436208125445,0.8623842724882844
0.10005345687811831,0.8623842724882844
0.10005345687811831,0.8628414675962968
0.10014255167498218,0.8628414675962968
0.10014255167498218,0.8630700651503029
0.1003207412687099,0.8630700651503029
0.1003207412687099,0.8634129614813122
0.10040983606557377,0.8634129614813122
0.10040983606557377,0.8635272602583153
0.10067712045616536,0.8635272602583153
0.10067712045616536,0.8638701565893245
0.10076621525302923,0.8638701565893245
0.10076621525302923,0.8639844553663276
0.1020135424091233,0.8639844553663276
0.1020135424091233,0.8640987541433307
0.1022808267997149,0.8640987541433307
0.1022808267997149,0.8642130529203338
0.10236992159657876,0.8642130529203338
0.10236992159657876,0.8643273516973369
0.10290449037776193,0.8643273516973369
0.10290449037776193,0.86444165047434
0.10317177476835353,0.86444165047434
0.10317177476835353,0.864555949251343
0.10326086956521739,0.864555949251343
0.10326086956521739,0.8646702480283461
0.10334996436208126,0.8646702480283461
0.10334996436208126,0.8647845468053492
0.10343905915894512,0.8647845468053492
0.10343905915894512,0.8648988455823523
0.10379543834640056,0.8648988455823523
0.10379543834640056,0.8650131443593554
0.10388453314326443,0.8650131443593554
0.10388453314326443,0.8653560406903646
0.10406272273699216,0.8653560406903646
0.10406272273699216,0.8654703394673677
0.10450819672131148,0.8654703394673677
0.10450819672131148,0.865813235798377
0.10459729151817534,0.865813235798377
0.10459729151817534,0.8660418333523832
0.10477548111190306,0.8660418333523832
0.10477548111190306,0.8664990284603955
0.10513186029935852,0.8664990284603955
0.10513186029935852,0.8666133272373986
0.10522095509622238,0.8666133272373986
0.10522095509622238,0.8668419247914048
0.10548823948681398,0.8668419247914048
0.10548823948681398,0.8669562235684078
0.10557733428367784,0.8669562235684078
0.10557733428367784,0.8670705223454109
0.10584461867426942,0.8670705223454109
0.10584461867426942,0.867184821122414
0.10593371347113328,0.867184821122414
0.10593371347113328,0.8672991198994171
0.10611190306486101,0.8672991198994171
0.10611190306486101,0.8674134186764202
0.10629009265858874,0.8674134186764202
0.10629009265858874,0.8676420162304264
0.1063791874554526,0.8676420162304264
0.1063791874554526,0.8678706137844325
0.10646828225231647,0.8678706137844325
0.10646828225231647,0.8679849125614356
0.10655737704918032,0.8679849125614356
0.10655737704918032,0.8680992113384387
0.10664647184604419,0.8680992113384387
0.10664647184604419,0.868556406446451
0.10727013542409124,0.868556406446451
0.10727013542409124,0.8688993027774603
0.10744832501781897,0.8688993027774603
0.10744832501781897,0.8690136015544634
0.10753741981468282,0.8690136015544634
0.10753741981468282,0.8692421991084696
0.10762651461154668,0.8692421991084696
0.10762651461154668,0.8693564978854726
0.10780470420527441,0.8693564978854726
0.10780470420527441,0.8694707966624757
0.10798289379900214,0.8694707966624757
0.10798289379900214,0.8695850954394788
0.108071988595866,0.8695850954394788
0.108071988595866,0.869813692993485
0.10896293656450463,0.869813692993485
0.10896293656450463,0.8699279917704881
0.1090520313613685,0.8699279917704881
0.1090520313613685,0.8700422905474912
0.10914112615823236,0.8700422905474912
0.10914112615823236,0.8701565893244942
0.10940841054882394,0.8701565893244942
0.10940841054882394,0.8703851868785004
0.110032074126871,0.8703851868785004
0.110032074126871,0.8706137844325066
0.11021026372059872,0.8706137844325066
0.11021026372059872,0.8707280832095097
0.11101211689237349,0.8707280832095097
0.11101211689237349,0.8708423819865128
0.11110121168923735,0.8708423819865128
0.11110121168923735,0.8710709795405189
0.11127940128296507,0.8710709795405189
0.11127940128296507,0.8712995770945251
0.11136849607982893,0.8712995770945251
0.11136849607982893,0.8714138758715282
0.1114575908766928,0.8714138758715282
0.1114575908766928,0.8715281746485313
0.11163578047042053,0.8715281746485313
0.11163578047042053,0.8716424734255344
0.11172487526728439,0.8716424734255344
0.11172487526728439,0.8717567722025374
0.11190306486101212,0.8717567722025374
0.11190306486101212,0.8718710709795405
0.11208125445473985,0.8718710709795405
0.11208125445473985,0.8719853697565436
0.11217034925160371,0.8719853697565436
0.11217034925160371,0.8723282660875529
0.11225944404846756,0.8723282660875529
0.11225944404846756,0.872442564864556
0.11243763364219529,0.872442564864556
0.11243763364219529,0.8726711624185621
0.11252672843905916,0.8726711624185621
0.11252672843905916,0.8727854611955652
0.11261582323592302,0.8727854611955652
0.11297220242337848,0.8730140587495714
0.11297220242337848,0.8733569550805806
0.11306129722024234,0.8733569550805806
0.11306129722024234,0.8736998514115899
0.11341767640769779,0.8736998514115899
0.11341767640769779,0.873814150188593
0.11368496079828938,0.873814150188593
0.11368496079828938,0.8739284489655961
0.11386315039201711,0.8739284489655961
0.11386315039201711,0.8740427477425992
0.11395224518888097,0.8740427477425992
0.11395224518888097,0.8741570465196022
0.11404133998574484,0.8741570465196022
0.11404133998574484,0.8742713452966053
0.11448681397006415,0.8742713452966053
0.11457590876692801,0.8747285404046177
0.11475409836065574,0.8747285404046177
0.11475409836065574,0.8748428391816208
0.1148431931575196,0.8748428391816208
0.1148431931575196,0.8749571379586238
0.11502138275124733,0.8749571379586238
0.11502138275124733,0.8754143330666362
0.11511047754811118,0.8754143330666362
0.11511047754811118,0.8756429306206424
0.11528866714183891,0.8756429306206424
0.11528866714183891,0.8759858269516516
0.11546685673556664,0.8759858269516516
0.11546685673556664,0.8761001257286547
0.11564504632929437,0.8761001257286547
0.11564504632929437,0.8762144245056578
0.11591233071988596,0.8762144245056578
0.11591233071988596,0.876557320836667
0.11626870990734141,0.876557320836667
0.11626870990734141,0.8766716196136701
0.11644689950106914,0.8766716196136701
0.11644689950106914,0.8767859183906732
0.11671418389166073,0.8767859183906732
0.11671418389166073,0.8770145159446794
0.11715965787598004,0.8770145159446794
0.11715965787598004,0.8771288147216825
0.1172487526728439,0.8771288147216825
0.1172487526728439,0.8773574122756886
0.11733784746970777,0.8773574122756886
0.11733784746970777,0.8774717110526917
0.11742694226657163,0.8774717110526917
0.11742694226657163,0.8775860098296948
0.11787241625089095,0.8775860098296948
0.11787241625089095,0.8777003086066979
0.1182287954383464,0.8777003086066979
0.1182287954383464,0.877814607383701
0.11840698503207413,0.877814607383701
0.11840698503207413,0.8779289061607041
0.11858517462580186,0.8779289061607041
0.11858517462580186,0.8780432049377072
0.11867426942266572,0.8780432049377072
0.11867426942266572,0.8781575037147102
0.11885245901639344,0.8781575037147102
0.11885245901639344,0.8782718024917133
0.11903064861012116,0.8782718024917133
0.11903064861012116,0.8786146988227226
0.11911974340698503,0.8786146988227226
0.11911974340698503,0.8789575951537318
0.1192088382038489,0.8789575951537318
0.1192088382038489,0.8793004914847411
0.11938702779757662,0.8793004914847411
0.11938702779757662,0.8795290890387473
0.11974340698503208,0.8795290890387473
0.11974340698503208,0.8796433878157504
0.11983250178189593,0.8796433878157504
0.11983250178189593,0.8797576865927534
0.1199215965787598,0.8797576865927534
0.1199215965787598,0.8798719853697565
0.12001069137562366,0.8798719853697565
0.12001069137562366,0.8801005829237627
0.12054526015680685,0.8806720768087781
0.12054526015680685,0.8807863755857812
0.12063435495367071,0.8807863755857812
0.12063435495367071,0.8810149731397874
0.12072344975053458,0.8810149731397874
0.12072344975053458,0.8811292719167905
0.12081254454739843,0.8811292719167905
0.12081254454739843,0.8812435706937936
0.12099073414112615,0.8812435706937936
0.12099073414112615,0.8814721682477997
0.12116892373485388,0.8814721682477997
0.12116892373485388,0.8815864670248028
0.12143620812544548,0.8815864670248028
0.12143620812544548,0.8817007658018059
0.12170349251603706,0.8817007658018059
0.12170349251603706,0.881815064578809
0.12188168210976479,0.881815064578809
0.12188168210976479,0.8819293633558121
0.12205987170349251,0.8819293633558121
0.12205987170349251,0.8820436621328152
0.12232715609408411,0.8820436621328152
0.12232715609408411,0.8821579609098182
0.1225944404846757,0.8821579609098182
0.1225944404846757,0.8823865584638244
0.12268353528153955,0.8823865584638244
0.12268353528153955,0.8825008572408275
0.12295081967213115,0.8825008572408275
0.12295081967213115,0.8826151560178306
0.12303991446899501,0.8826151560178306
0.12303991446899501,0.8828437535718368
0.12312900926585887,0.8828437535718368
0.12312900926585887,0.8829580523488398
0.12339629365645047,0.8829580523488398
0.12339629365645047,0.8830723511258429
0.1235744832501782,0.8830723511258429
0.1235744832501782,0.8833009486798491
0.12375267284390591,0.8833009486798491
0.12375267284390591,0.8834152474568522
0.12384176764076978,0.8834152474568522
0.12384176764076978,0.8836438450108584
0.12393086243763364,0.8836438450108584
0.12393086243763364,0.8837581437878614
0.12410905203136137,0.8837581437878614
0.12410905203136137,0.8838724425648645
0.12464362081254454,0.8838724425648645
0.12464362081254454,0.8839867413418676
0.1247327156094084,0.8839867413418676
0.1247327156094084,0.8842153388958738
0.12482181040627227,0.8842153388958738
0.12508909479686386,0.884558235226883
0.12508909479686386,0.8849011315578923
0.12571275837491092,0.8849011315578923
0.12571275837491092,0.8850154303348954
0.12589094796863864,0.8850154303348954
0.12589094796863864,0.8851297291118985
0.12598004276550248,0.8851297291118985
0.12598004276550248,0.8852440278889016
0.12660370634354953,0.8852440278889016
0.12660370634354953,0.8853583266659046
0.12713827512473272,0.8853583266659046
0.12713827512473272,0.8854726254429077
0.12722736992159658,0.8854726254429077
0.12722736992159658,0.8855869242199108
0.12758374910905204,0.8855869242199108
0.12758374910905204,0.8857012229969139
0.1278510334996436,0.8857012229969139
0.1278510334996436,0.8859298205509201
0.1283856022808268,0.8859298205509201
0.1283856022808268,0.8860441193279232
0.12856379187455452,0.8860441193279232
0.12856379187455452,0.8861584181049262
0.12892017106200998,0.8861584181049262
0.12892017106200998,0.8863870156589324
0.12900926585887385,0.8863870156589324
0.12900926585887385,0.8865013144359355
0.12954383464005703,0.8865013144359355
0.12954383464005703,0.8867299119899417
0.1296329294369209,0.8867299119899417
0.1296329294369209,0.887187107097954
0.12972202423378476,0.887187107097954
0.12972202423378476,0.8873014058749571
0.1298111190306486,0.8873014058749571
0.1298111190306486,0.8874157046519602
0.1300784034212402,0.8874157046519602
0.1300784034212402,0.8875300034289633
0.13025659301496792,0.8875300034289633
0.13025659301496792,0.8876443022059664
0.13034568781183178,0.8876443022059664
0.13034568781183178,0.8877586009829694
0.13061297220242338,0.8877586009829694
0.13061297220242338,0.8881014973139787
0.13070206699928724,0.8881014973139787
0.13070206699928724,0.8882157960909818
0.13088025659301497,0.8882157960909818
0.13088025659301497,0.8883300948679849
0.13141482537419816,0.8883300948679849
0.13141482537419816,0.888444393644988
0.1315930149679259,0.888444393644988
0.1315930149679259,0.888558692421991
0.1317712045616536,0.888558692421991
0.1317712045616536,0.8886729911989941
0.13203848895224518,0.8886729911989941
0.13203848895224518,0.8887872899759972
0.13212758374910905,0.8887872899759972
0.13212758374910905,0.8889015887530003
0.13230577334283677,0.8889015887530003
0.13230577334283677,0.8890158875300034
0.13239486813970064,0.8890158875300034
0.1330185317177477,0.8894730826380157
0.1330185317177477,0.8895873814150188
0.13319672131147542,0.8895873814150188
0.13319672131147542,0.8897016801920219
0.13328581610833928,0.8897016801920219
0.13337491090520315,0.889815978969025
0.1336421952957947,0.889815978969025
0.1336421952957947,0.8899302777460281
0.13373129009265858,0.8899302777460281
0.13373129009265858,0.8900445765230312
0.13382038488952244,0.8900445765230312
0.13382038488952244,0.8905017716310435
0.1339094796863863,0.8905017716310435
0.1339094796863863,0.8907303691850498
0.13453314326443336,0.8907303691850498
0.13453314326443336,0.891073265516059
0.13462223806129722,0.891073265516059
0.13462223806129722,0.8911875642930621
0.13506771204561654,0.8911875642930621
0.13506771204561654,0.8913018630700652
0.13533499643620814,0.8913018630700652
0.13533499643620814,0.8917590581780775
0.1356022808267997,0.8917590581780775
0.1356022808267997,0.8919876557320837
0.13595866001425516,0.8919876557320837
0.13595866001425516,0.8925591496170991
0.13622594440484675,0.8925591496170991
0.13622594440484675,0.8926734483941022
0.1371168923734854,0.8926734483941022
0.1371168923734854,0.8930163447251115
0.13738417676407697,0.8930163447251115
0.13738417676407697,0.8931306435021146
0.13747327156094083,0.8931306435021146
0.13747327156094083,0.89370213738713
0.1378296507483963,0.89370213738713
0.1378296507483963,0.8938164361641331
0.1382751247327156,0.8938164361641331
0.1382751247327156,0.8939307349411362
0.13863150392017107,0.8939307349411362
0.13863150392017107,0.8941593324951423
0.1388096935138988,0.8941593324951423
0.1388096935138988,0.8942736312721454
0.1390769779044904,0.8942736312721454
0.1390769779044904,0.8943879300491485
0.13916607270135425,0.8943879300491485
0.13916607270135425,0.8945022288261516
0.1392551674982181,0.8945022288261516
0.1392551674982181,0.8946165276031547
0.13934426229508196,0.8946165276031547
0.13934426229508196,0.8947308263801578
0.13943335709194582,0.8947308263801578
0.13943335709194582,0.894959423934164
0.13961154668567355,0.894959423934164
0.13961154668567355,0.895073722711167
0.1397006414825374,0.895073722711167
0.1397006414825374,0.8951880214881701
0.13978973627940128,0.8951880214881701
0.13978973627940128,0.8953023202651732
0.14014611546685674,0.8953023202651732
0.14014611546685674,0.8955309178191794
0.14059158945117606,0.8955309178191794
0.14059158945117606,0.8956452165961825
0.14068068424803992,0.8956452165961825
0.14068068424803992,0.8957595153731855
0.14085887384176765,0.8957595153731855
0.14085887384176765,0.8958738141501886
0.14094796863863152,0.8958738141501886
0.14094796863863152,0.8959881129271917
0.14112615823235922,0.8959881129271917
0.14112615823235922,0.8961024117041948
0.14121525302922308,0.8961024117041948
0.14121525302922308,0.8962167104811979
0.14148253741981467,0.8962167104811979
0.14148253741981467,0.896331009258201
0.14157163221667854,0.896331009258201
0.14157163221667854,0.8964453080352041
0.14174982181040627,0.8964453080352041
0.14174982181040627,0.8965596068122071
0.14228439059158945,0.8965596068122071
0.14228439059158945,0.8966739055892102
0.14246258018531718,0.8966739055892102
0.14246258018531718,0.8967882043662133
0.1430862437633642,0.8967882043662133
0.1430862437633642,0.8969025031432164
0.14317533856022807,0.8969025031432164
0.14317533856022807,0.8970168019202195
0.1433535281539558,0.8970168019202195
0.1433535281539558,0.8972453994742257
0.14344262295081966,0.8972453994742257
0.14344262295081966,0.8973596982512287
0.14353171774768353,0.8973596982512287
0.14353171774768353,0.8974739970282318
0.1436208125445474,0.8974739970282318
0.1436208125445474,0.8975882958052349
0.14370990734141126,0.8975882958052349
0.14370990734141126,0.897702594582238
0.143888096935139,0.897702594582238
0.143888096935139,0.8978168933592411
0.14495723449750533,0.8978168933592411
0.14495723449750533,0.8979311921362442
0.14540270848182466,0.8979311921362442
0.14540270848182466,0.8982740884672534
0.14549180327868852,0.8982740884672534
0.14549180327868852,0.8983883872442565
0.1457590876692801,0.8983883872442565
0.1457590876692801,0.8985026860212596
0.14593727726300784,0.8985026860212596
0.14593727726300784,0.8986169847982627
0.1462936564504633,0.8986169847982627
0.1462936564504633,0.8987312835752658
0.14665003563791876,0.8987312835752658
0.14665003563791876,0.8988455823522689
0.14673913043478262,0.8988455823522689
0.14673913043478262,0.8989598811292719
0.1470064148253742,0.8989598811292719
0.1470064148253742,0.899074179906275
0.14780826799714897,0.899074179906275
0.14780826799714897,0.8991884786832781
0.14789736279401283,0.8991884786832781
0.14789736279401283,0.8993027774602812
0.1479864575908767,0.8993027774602812
0.1479864575908767,0.8994170762372843
0.14807555238774056,0.8994170762372843
0.14807555238774056,0.8995313750142874
0.14861012116892375,0.8995313750142874
0.14861012116892375,0.8996456737912905
0.14932287954383464,0.8996456737912905
0.14932287954383464,0.8997599725682935
0.1494119743406985,0.8997599725682935
0.1494119743406985,0.8998742713452966
0.15003563791874555,0.8998742713452966
0.15003563791874555,0.8999885701222997
0.15030292230933714,0.8999885701222997
0.15030292230933714,0.900331466453309
0.150392017106201,0.900331466453309
0.150392017106201,0.9004457652303121
0.1505702066999287,0.9004457652303121
0.1505702066999287,0.9005600640073151
0.15074839629365644,0.9005600640073151
0.15074839629365644,0.9006743627843182
0.1508374910905203,0.9006743627843182
0.1508374910905203,0.9007886615613213
0.15190662865288668,0.9007886615613213
0.15190662865288668,0.9009029603383244
0.15199572344975054,0.9009029603383244
0.15199572344975054,0.9010172591153275
0.15226300784034213,0.9010172591153275
0.15226300784034213,0.9011315578923306
0.1527975766215253,0.9011315578923306
0.1527975766215253,0.9013601554463367
0.15288667141838916,0.9013601554463367
0.15288667141838916,0.9014744542233398
0.15368852459016394,0.9014744542233398
0.15368852459016394,0.9015887530003429
0.15413399857448326,0.9015887530003429
0.15413399857448326,0.901703051777346
0.154312188168211,0.901703051777346
0.154312188168211,0.9019316493313522
0.15466856735566642,0.9019316493313522
0.15466856735566642,0.9021602468853583
0.154935851746258,0.9021602468853583
0.154935851746258,0.9022745456623614
0.15529223093371347,0.9022745456623614
0.15529223093371347,0.9023888444393645
0.1554704205274412,0.9023888444393645
0.1554704205274412,0.9025031432163676
0.15564861012116893,0.9025031432163676
0.15564861012116893,0.9027317407703738
0.15582679971489666,0.9027317407703738
0.15582679971489666,0.9028460395473769
0.15645046329294368,0.9028460395473769
0.15645046329294368,0.9029603383243799
0.15653955808980755,0.9029603383243799
0.15653955808980755,0.903074637101383
0.156895937277263,0.903074637101383
0.156895937277263,0.9031889358783861
0.15707412687099073,0.9031889358783861
0.15707412687099073,0.9033032346553892
0.15751960085531005,0.9033032346553892
0.15751960085531005,0.9034175334323923
0.15769779044903778,0.9034175334323923
0.15769779044903778,0.9035318322093954
0.15805416963649324,0.9035318322093954
0.15805416963649324,0.9036461309863985
0.15867783321454026,0.9036461309863985
0.15867783321454026,0.9037604297634015
0.15876692801140413,0.9037604297634015
0.15876692801140413,0.9039890273174077
0.158856022808268,0.9039890273174077
0.158856022808268,0.9042176248714139
0.16001425516749823,0.9042176248714139
0.16001425516749823,0.90444622242542
0.16010334996436207,0.90444622242542
0.16010334996436207,0.9045605212024231
0.16019244476122593,0.9045605212024231
0.16019244476122593,0.9046748199794262
0.16072701354240912,0.9046748199794262
0.16072701354240912,0.9047891187564293
0.16081610833927298,0.9047891187564293
0.16081610833927298,0.9050177163104355
0.1612615823235923,0.9050177163104355
0.1612615823235923,0.9051320150874386
0.16135067712045617,0.9051320150874386
0.16135067712045617,0.9053606126414447
0.16170705630791163,0.9053606126414447
0.16170705630791163,0.9055892101954509
0.1617961511047755,0.9055892101954509
0.1617961511047755,0.905703508972454
0.1619743406985032,0.905703508972454
0.1619743406985032,0.9059321065264602
0.16206343549536706,0.9059321065264602
0.16206343549536706,0.9061607040804663
0.1622416250890948,0.9061607040804663
0.1622416250890948,0.9062750028574694
0.16233071988595865,0.9062750028574694
0.16233071988595865,0.9063893016344725
0.16241981468282252,0.9063893016344725
0.16241981468282252,0.9066178991884787
0.1629543834640057,0.9066178991884787
0.1629543834640057,0.9067321979654818
0.16313257305773343,0.9067321979654818
0.16313257305773343,0.9068464967424849
0.16339985744832503,0.9068464967424849
0.16339985744832503,0.9069607955194879
0.16366714183891662,0.9069607955194879
0.16366714183891662,0.907075094296491
0.16375623663578048,0.907075094296491
0.16375623663578048,0.9073036918504972
0.16402352102637205,0.9073036918504972
0.16402352102637205,0.9074179906275003
0.16420171062009978,0.9074179906275003
0.16420171062009978,0.9076465881815065
0.16446899501069137,0.9076465881815065
0.16446899501069137,0.9078751857355126
0.1646471846044191,0.9078751857355126
0.1646471846044191,0.9079894845125157
0.16509265858873842,0.9079894845125157
0.16509265858873842,0.9081037832895188
0.16616179615110477,0.9081037832895188
0.16616179615110477,0.9082180820665219
0.1663399857448325,0.9082180820665219
0.1663399857448325,0.908332380843525
0.16696364932287955,0.908332380843525
0.16696364932287955,0.908446679620528
0.16740912330719887,0.908446679620528
0.16740912330719887,0.9086752771745342
0.16767640769779044,0.9086752771745342
0.16767640769779044,0.9087895759515373
0.1677655024946543,0.9087895759515373
0.1677655024946543,0.9089038747285404
0.16785459729151816,0.9089038747285404
0.16785459729151816,0.9090181735055435
0.16794369208838203,0.9090181735055435
0.16794369208838203,0.9091324722825466
0.16821097647897362,0.9091324722825466
0.16821097647897362,0.9094753686135558
0.16838916607270135,0.9094753686135558
0.16838916607270135,0.9095896673905589
0.16847826086956522,0.9095896673905589
0.16847826086956522,0.909703966167562
0.1687455452601568,0.909703966167562
0.1687455452601568,0.9098182649445651
0.16892373485388454,0.9098182649445651
0.16892373485388454,0.9102754600525774
0.16910192444761227,0.9102754600525774
0.16910192444761227,0.9103897588295805
0.16919101924447613,0.9103897588295805
0.16919101924447613,0.9105040576065836
0.16928011404134,0.9105040576065836
0.16928011404134,0.9106183563835867
0.16936920883820386,0.9106183563835867
0.16936920883820386,0.9107326551605898
0.1697255880256593,0.9107326551605898
0.1697255880256593,0.9109612527145959
0.16990377761938702,0.9109612527145959
0.16990377761938702,0.911075551491599
0.1701710620099786,0.911075551491599
0.1701710620099786,0.9113041490456052
0.17026015680684248,0.9113041490456052
0.17026015680684248,0.9114184478226083
0.1707056307911618,0.9114184478226083
0.1707056307911618,0.9118756429306206
0.17079472558802566,0.9118756429306206
0.17079472558802566,0.9121042404846268
0.17088382038488953,0.9121042404846268
0.17088382038488953,0.9122185392616299
0.1709729151817534,0.9122185392616299
0.1709729151817534,0.912332838038633
0.17132929436920885,0.912332838038633
0.17132929436920885,0.9125614355926391
0.17204205274411974,0.9125614355926391
0.17204205274411974,0.9126757343696422
0.1721311475409836,0.9126757343696422
0.1721311475409836,0.9129043319236484
0.17230933713471133,0.9129043319236484
0.17230933713471133,0.9131329294776546
0.17248752672843906,0.9131329294776546
0.17248752672843906,0.9133615270316607
0.17257662152530293,0.9133615270316607
0.17257662152530293,0.9135901245856669
0.1726657163221668,0.9135901245856669
0.1726657163221668,0.91370442336267
0.17275481111903065,0.91370442336267
0.17275481111903065,0.9138187221396731
0.17293300071275838,0.9138187221396731
0.17293300071275838,0.9139330209166762
0.17302209550962225,0.9139330209166762
0.17302209550962225,0.9140473196936792
0.17320028510334998,0.9140473196936792
0.17320028510334998,0.9141616184706823
0.17337847469707768,0.9141616184706823
0.17337847469707768,0.9142759172476854
0.17364575908766927,0.9142759172476854
0.17364575908766927,0.9143902160246885
0.17391304347826086,0.9143902160246885
0.17391304347826086,0.9145045148016916
0.17453670705630792,0.9145045148016916
0.17453670705630792,0.9146188135786947
0.17462580185317178,0.9146188135786947
0.17462580185317178,0.9147331123556978
0.17498218104062724,0.9147331123556978
0.17498218104062724,0.9148474111327008
0.1750712758374911,0.9148474111327008
0.1750712758374911,0.9149617099097039
0.17560584461867426,0.9149617099097039
0.17560584461867426,0.9151903074637101
0.17569493941553813,0.9151903074637101
0.17569493941553813,0.9153046062407132
0.17587312900926586,0.9153046062407132
0.17587312900926586,0.9154189050177163
0.17614041339985745,0.9154189050177163
0.17614041339985745,0.9155332037947194
0.1762295081967213,0.9155332037947194
0.1762295081967213,0.9156475025717224
0.17631860299358518,0.9156475025717224
0.17631860299358518,0.9157618013487255
0.1767640769779045,0.9157618013487255
0.1767640769779045,0.9158761001257286
0.1770313613684961,0.9158761001257286
0.1770313613684961,0.9159903989027317
0.17712045616535993,0.9159903989027317
0.17712045616535993,0.916333295233741
0.1793478260869565,0.916333295233741
0.1793478260869565,0.916447594010744
0.18006058446186743,0.916447594010744
0.18006058446186743,0.9165618927877471
0.1801496792587313,0.9165618927877471
0.1801496792587313,0.9166761915647502
0.18023877405559516,0.9166761915647502
0.18023877405559516,0.9167904903417533
0.18059515324305062,0.9167904903417533
0.18059515324305062,0.9170190878957595
0.18077334283677834,0.9170190878957595
0.18077334283677834,0.9172476854497656
0.18095153243050605,0.9172476854497656
0.18095153243050605,0.9174762830037718
0.1815751960085531,0.9174762830037718
0.1815751960085531,0.917704880557778
0.18166429080541696,0.917704880557778
0.18166429080541696,0.9178191793347811
0.18202066999287242,0.9178191793347811
0.18202066999287242,0.9180477768887872
0.182287954383464,0.9180477768887872
0.182287954383464,0.9181620756657903
0.18237704918032788,0.9181620756657903
0.18237704918032788,0.9182763744427934
0.18273342836778333,0.9182763744427934
0.18273342836778333,0.9183906732197965
0.18282252316464717,0.9183906732197965
0.18282252316464717,0.9186192707738027
0.18344618674269422,0.9186192707738027
0.18344618674269422,0.9187335695508058
0.18415894511760514,0.9187335695508058
0.18415894511760514,0.9188478683278088
0.18442622950819673,0.9188478683278088
0.18442622950819673,0.9189621671048119
0.1845153243050606,0.9189621671048119
0.1845153243050606,0.919076465881815
0.1846935138987883,0.919076465881815
0.1846935138987883,0.9191907646588181
0.18487170349251603,0.9191907646588181
0.18487170349251603,0.9193050634358212
0.1849607982893799,0.9193050634358212
0.1849607982893799,0.9194193622128243
0.18504989308624376,0.9194193622128243
0.18504989308624376,0.9195336609898274
0.18522808267997148,0.9195336609898274
0.18522808267997148,0.9196479597668304
0.1854062722736992,0.9196479597668304
0.1854062722736992,0.9198765573208366
0.18558446186742694,0.9198765573208366
0.18558446186742694,0.9201051548748428
0.18576265146115467,0.9201051548748428
0.18576265146115467,0.9202194536518459
0.18611903064861013,0.9202194536518459
0.18611903064861013,0.920448051205852
0.18638631503920172,0.920448051205852
0.18638631503920172,0.9207909475368613
0.18683178902352102,0.9207909475368613
0.18683178902352102,0.9209052463138644
0.1873663578047042,0.9209052463138644
0.1873663578047042,0.9210195450908675
0.18816821097647898,0.9210195450908675
0.18816821097647898,0.9211338438678706
0.18825730577334285,0.9211338438678706
0.18825730577334285,0.9212481426448736
0.18843549536707058,0.9212481426448736
0.18843549536707058,0.9213624414218767
0.1885245901639344,0.9213624414218767
0.1885245901639344,0.9214767401988798
0.18914825374198146,0.9214767401988798
0.18914825374198146,0.9215910389758829
0.1893264433357092,0.9215910389758829
0.1893264433357092,0.921705337752886
0.1895937277263008,0.921705337752886
0.1895937277263008,0.9218196365298891
0.18977191732002852,0.9218196365298891
0.18977191732002852,0.9219339353068923
0.1904846756949394,0.9219339353068923
0.1904846756949394,0.9220482340838954
0.190751960085531,0.9220482340838954
0.190751960085531,0.9221625328608984
0.1910192444761226,0.9221625328608984
0.1910192444761226,0.9222768316379015
0.1914647184604419,0.9222768316379015
0.1914647184604419,0.9225054291919077
0.19182109764789737,0.9225054291919077
0.19182109764789737,0.9226197279689108
0.19217747683535283,0.9226197279689108
0.19217747683535283,0.9227340267459139
0.19235566642908053,0.9227340267459139
0.19235566642908053,0.922848325522917
0.192712045616536,0.922848325522917
0.192712045616536,0.92296262429992
0.1931575196008553,0.92296262429992
0.1931575196008553,0.9230769230769231
0.19351389878831077,0.9230769230769231
0.19351389878831077,0.9231912218539262
0.19404846756949395,0.9231912218539262
0.19404846756949395,0.9233055206309293
0.1941375623663578,0.9233055206309293
0.1941375623663578,0.9234198194079324
0.19422665716322166,0.9234198194079324
0.19422665716322166,0.9236484169619386
0.19440484675694938,0.9236484169619386
0.19440484675694938,0.9237627157389416
0.19502851033499644,0.9237627157389416
0.19502851033499644,0.9239913132929478
0.1956521739130435,0.9239913132929478
0.1956521739130435,0.924219910846954
0.19574126870990735,0.924219910846954
0.19574126870990735,0.9243342096239571
0.19672131147540983,0.9243342096239571
0.19672131147540983,0.9245628071779632
0.19698859586600143,0.9245628071779632
0.19698859586600143,0.9246771059549663
0.19716678545972915,0.9246771059549663
0.19716678545972915,0.9247914047319694
0.19725588025659302,0.9247914047319694
0.19725588025659302,0.9249057035089725
0.19761225944404848,0.9249057035089725
0.19761225944404848,0.9250200022859756
0.19787954383464007,0.9250200022859756
0.19787954383464007,0.9251343010629787
0.1982359230220955,0.9251343010629787
0.1982359230220955,0.9252485998399818
0.19841411261582323,0.9252485998399818
0.19841411261582323,0.9253628986169848
0.19885958660014255,0.9253628986169848
0.19885958660014255,0.9254771973939879
0.19957234497505347,0.9254771973939879
0.19957234497505347,0.925591496170991
0.20073057733428368,0.925591496170991
0.20073057733428368,0.9257057949479941
0.20206699928724162,0.9257057949479941
0.20206699928724162,0.9258200937249972
0.20215609408410548,0.9258200937249972
0.20215609408410548,0.9260486912790034
0.2023342836778332,0.9260486912790034
0.2023342836778332,0.9261629900560064
0.20242337847469707,0.9261629900560064
0.20242337847469707,0.9262772888330095
0.20304704205274413,0.9262772888330095
0.20304704205274413,0.9263915876100126
0.20322523164647185,0.9263915876100126
0.20322523164647185,0.9267344839410219
0.20331432644333572,0.9267344839410219
0.20331432644333572,0.926848782718025
0.20367070563079115,0.926848782718025
0.20367070563079115,0.926963081495028
0.203759800427655,0.926963081495028
0.203759800427655,0.9270773802720311
0.20447255880256593,0.9270773802720311
0.20447255880256593,0.9273059778260373
0.20500712758374912,0.9273059778260373
0.20500712758374912,0.9274202766030404
0.20509622238061298,0.9274202766030404
0.20509622238061298,0.9275345753800435
0.20571988595866,0.9275345753800435
0.20571988595866,0.9276488741570466
0.20589807555238773,0.9276488741570466
0.20589807555238773,0.9277631729340496
0.20616535994297933,0.9277631729340496
0.20616535994297933,0.9278774717110527
0.20634354953670705,0.9278774717110527
0.20634354953670705,0.9279917704880558
0.2066999287241625,0.9279917704880558
0.2066999287241625,0.9281060692650589
0.20714540270848184,0.9281060692650589
0.20714540270848184,0.928220368042062
0.20750178189593727,0.928220368042062
0.20750178189593727,0.9284489655960682
0.20759087669280113,0.9284489655960682
0.20759087669280113,0.9285632643730712
0.20830363506771205,0.9285632643730712
0.20830363506771205,0.9287918619270774
0.2093727726300784,0.9287918619270774
0.2093727726300784,0.9292490570350898
0.20946186742694226,0.9292490570350898
0.20946186742694226,0.9293633558120928
0.20964005702066998,0.9293633558120928
0.20964005702066998,0.9294776545890959
0.20999643620812544,0.9294776545890959
0.20999643620812544,0.929591953366099
0.21017462580185317,0.929591953366099
0.21017462580185317,0.9297062521431021
0.21026372059871704,0.9297062521431021
0.21026372059871704,0.9298205509201052
0.21115466856735568,0.9298205509201052
0.21115466856735568,0.9299348496971083
0.21124376336421952,0.9299348496971083
0.21124376336421952,0.9300491484741114
0.21142195295794725,0.9300491484741114
0.21142195295794725,0.9301634472511144
0.21186742694226657,0.9301634472511144
0.21186742694226657,0.9302777460281175
0.21240199572344975,0.9302777460281175
0.21240199572344975,0.9303920448051206
0.21258018531717748,0.9303920448051206
0.21258018531717748,0.9305063435821237
0.21364932287954383,0.9305063435821237
0.21364932287954383,0.9310778374671391
0.21418389166072702,0.9310778374671391
0.21418389166072702,0.9311921362441422
0.21436208125445474,0.9311921362441422
0.21436208125445474,0.9313064350211453
0.21534212401995723,0.9313064350211453
0.21534212401995723,0.9314207337981484
0.21552031361368496,0.9314207337981484
0.21552031361368496,0.9315350325751515
0.21578759800427655,0.9315350325751515
0.21578759800427655,0.9316493313521546
0.216143977191732,0.9316493313521546
0.216143977191732,0.9317636301291576
0.21632216678545974,0.9317636301291576
0.21632216678545974,0.9321065264601669
0.2171240199572345,0.9321065264601669
0.2171240199572345,0.93222082523717
0.2178367783321454,0.93222082523717
0.2178367783321454,0.9323351240141731
0.21819315751960086,0.9323351240141731
0.21819315751960086,0.9324494227911762
0.21846044191019245,0.9324494227911762
0.21846044191019245,0.9325637215681792
0.21854953670705632,0.9325637215681792
0.21854953670705632,0.9326780203451823
0.21890591589451175,0.9326780203451823
0.21890591589451175,0.9327923191221854
0.21970776906628653,0.9327923191221854
0.21970776906628653,0.9329066178991885
0.21997505345687812,0.9329066178991885
0.21997505345687812,0.9331352154531947
0.220064148253742,0.9331352154531947
0.220064148253742,0.9333638130072008
0.22042052744119744,0.9333638130072008
0.22042052744119744,0.933592410561207
0.22077690662865287,0.933592410561207
0.22077690662865287,0.9337067093382101
0.2209550962223806,0.9337067093382101
0.2209550962223806,0.9338210081152132
0.2212223806129722,0.9338210081152132
0.2212223806129722,0.9339353068922163
0.22140057020669993,0.9339353068922163
0.22140057020669993,0.9340496056692194
0.2214896650035638,0.9340496056692194
0.2214896650035638,0.9341639044462224
0.2219351389878831,0.9341639044462224
0.2219351389878831,0.9342782032232255
0.22229151817533857,0.9342782032232255
0.22229151817533857,0.9343925020002286
0.2224697077690663,0.9343925020002286
0.2224697077690663,0.9345068007772317
0.2229151817533856,0.9345068007772317
0.2229151817533856,0.9346210995542348
0.22309337134711332,0.9346210995542348
0.22309337134711332,0.9347353983312379
0.2231824661439772,0.9347353983312379
0.2231824661439772,0.9350782946622471
0.22425160370634356,0.9350782946622471
0.22425160370634356,0.9351925934392502
0.22496436208125445,0.9351925934392502
0.22496436208125445,0.9353068922162533
0.22594440484675696,0.9353068922162533
0.22594440484675696,0.9354211909932564
0.22603349964362082,0.9354211909932564
0.22603349964362082,0.9355354897702595
0.22621168923734855,0.9355354897702595
0.22621168923734855,0.9356497885472626
0.2267462580185317,0.9356497885472626
0.2267462580185317,0.9357640873242656
0.22710263720598717,0.9357640873242656
0.22710263720598717,0.9358783861012687
0.22736992159657876,0.9358783861012687
0.22736992159657876,0.9359926848782718
0.22781539558089808,0.9359926848782718
0.22781539558089808,0.9361069836552749
0.22852815395580897,0.9361069836552749
0.22852815395580897,0.936221282432278
0.22879543834640056,0.936221282432278
0.22879543834640056,0.9364498799862842
0.22888453314326443,0.9364498799862842
0.22888453314326443,0.9365641787632872
0.2289736279401283,0.9365641787632872
0.2289736279401283,0.9366784775402903
0.22906272273699216,0.9366784775402903
0.22906272273699216,0.9367927763172934
0.2292409123307199,0.9367927763172934
0.2292409123307199,0.9369070750942965
0.23093371347113328,0.9369070750942965
0.23093371347113328,0.9370213738712996
0.231111903064861,0.9370213738712996
0.231111903064861,0.9371356726483027
0.23155737704918034,0.9371356726483027
0.23155737704918034,0.9372499714253058
0.23262651461154668,0.9372499714253058
0.23262651461154668,0.9374785689793119
0.2328047042052744,0.9374785689793119
0.2328047042052744,0.9377071665333181
0.23316108339272987,0.9377071665333181
0.23316108339272987,0.9378214653103212
0.23351746258018533,0.9378214653103212
0.23351746258018533,0.9379357640873243
0.23378474697077692,0.9379357640873243
0.23378474697077692,0.9380500628643273
0.2342302209550962,0.9380500628643273
0.2342302209550962,0.9382786604183335
0.23485388453314326,0.9382786604183335
0.23485388453314326,0.9383929591953366
0.2352993585174626,0.9383929591953366
0.2352993585174626,0.938850154303349
0.23547754811119032,0.938850154303349
0.23547754811119032,0.938964453080352
0.23556664290805418,0.938964453080352
0.23556664290805418,0.9390787518573551
0.2357448325017819,0.9390787518573551
0.2357448325017819,0.9391930506343582
0.23601211689237347,0.9391930506343582
0.23601211689237347,0.9394216481883644
0.2361903064861012,0.9394216481883644
0.2361903064861012,0.9395359469653675
0.23627940128296507,0.9395359469653675
0.23627940128296507,0.9397645445193736
0.2364575908766928,0.9397645445193736
0.2364575908766928,0.9398788432963767
0.23663578047042053,0.9398788432963767
0.23663578047042053,0.9399931420733798
0.23779401282965074,0.9399931420733798
0.23779401282965074,0.9401074408503829
0.23806129722024233,0.9401074408503829
0.23806129722024233,0.940221739627386
0.2381503920171062,0.940221739627386
0.2381503920171062,0.9404503371813921
0.23832858161083392,0.9404503371813921
0.23832858161083392,0.9405646359583952
0.23895224518888097,0.9405646359583952
0.23895224518888097,0.9406789347353983
0.23930862437633643,0.9406789347353983
0.23930862437633643,0.9409075322894045
0.2393977191732003,0.9409075322894045
0.2393977191732003,0.9410218310664076
0.23975409836065573,0.9410218310664076
0.23975409836065573,0.9411361298434107
0.24019957234497505,0.9411361298434107
0.24019957234497505,0.9412504286204137
0.2402886671418389,0.9412504286204137
0.2402886671418389,0.9414790261744199
0.24046685673556664,0.9414790261744199
0.24046685673556664,0.941593324951423
0.2405559515324305,0.941593324951423
0.2405559515324305,0.9417076237284261
0.24091233071988596,0.9417076237284261
0.24091233071988596,0.9420505200594353
0.24126870990734142,0.9420505200594353
0.24126870990734142,0.9421648188364384
0.2413578047042053,0.9421648188364384
0.2413578047042053,0.9426220139444508
0.24162508909479685,0.9426220139444508
0.24162508909479685,0.9427363127214539
0.2427833214540271,0.9427363127214539
0.2427833214540271,0.942850611498457
0.24313970064148255,0.942850611498457
0.24313970064148255,0.94296491027546
0.24411974340698503,0.94296491027546
0.24411974340698503,0.9430792090524631
0.2449215965787598,0.9430792090524631
0.2449215965787598,0.9431935078294662
0.2451888809693514,0.9431935078294662
0.2451888809693514,0.9434221053834724
0.24545616535994297,0.9434221053834724
0.24545616535994297,0.9435364041604755
0.24705987170349253,0.9435364041604755
0.24705987170349253,0.9436507029374785
0.24812900926585887,0.9436507029374785
0.24812900926585887,0.9437650017144816
0.24821810406272274,0.9437650017144816
0.24821810406272274,0.9438793004914847
0.2485744832501782,0.9438793004914847
0.2485744832501782,0.9439935992684878
0.24866357804704206,0.9439935992684878
0.24866357804704206,0.9443364955994971
0.24875267284390593,0.9443364955994971
0.24875267284390593,0.9444507943765001
0.24928724162508908,0.9444507943765001
0.24928724162508908,0.9445650931535032
0.25,0.9445650931535032
0.25,0.9446793919305063
0.2504454739843193,0.9446793919305063
0.2504454739843193,0.9449079894845125
0.25142551674982183,0.9449079894845125
0.25142551674982183,0.9450222882615156
0.2516928011404134,0.9450222882615156
0.2516928011404134,0.9451365870385187
0.2526728439059159,0.9451365870385187
0.2526728439059159,0.9452508858155217
0.2536528866714184,0.9452508858155217
0.2536528866714184,0.9453651845925248
0.25374198146828225,0.9453651845925248
0.25374198146828225,0.9454794833695279
0.2556129722024234,0.9454794833695279
0.2556129722024234,0.945593782146531
0.25605844618674267,0.945593782146531
0.25605844618674267,0.9459366784775403
0.25632573057733427,0.9459366784775403
0.25632573057733427,0.9460509772545433
0.2572166785459729,0.9460509772545433
0.2572166785459729,0.9461652760315464
0.2579294369208838,0.9461652760315464
0.2579294369208838,0.9462795748085495
0.25810762651461155,0.9462795748085495
0.25810762651461155,0.9463938735855526
0.2589985744832502,0.9463938735855526
0.2589985744832502,0.9466224711395588
0.25917676407697793,0.9466224711395588
0.25917676407697793,0.9467367699165619
0.25935495367070566,0.9467367699165619
0.25935495367070566,0.946851068693565
0.2603349964362081,0.946851068693565
0.2603349964362081,0.946965367470568
0.26078047042052743,0.946965367470568
0.26078047042052743,0.9470796662475711
0.26149322879543835,0.9470796662475711
0.26149322879543835,0.9471939650245742
0.2618496079828938,0.9471939650245742
0.2618496079828938,0.9473082638015773
0.26229508196721313,0.9473082638015773
0.26229508196721313,0.9474225625785804
0.262384176764077,0.9474225625785804
0.262384176764077,0.9475368613555835
0.2631860299358518,0.9475368613555835
0.2631860299358518,0.9476511601325865
0.2641660727013542,0.9476511601325865
0.2641660727013542,0.9477654589095896
0.26461154668567355,0.9477654589095896
0.26461154668567355,0.9478797576865927
0.264967925873129,0.9478797576865927
0.264967925873129,0.9479940564635958
0.26559158945117606,0.9479940564635958
0.26559158945117606,0.9481083552405989
0.2667498218104063,0.9481083552405989
0.2667498218104063,0.948222654017602
0.2670171062009979,0.948222654017602
0.2670171062009979,0.9483369527946051
0.267551674982181,0.9483369527946051
0.267551674982181,0.9484512515716081
0.26799714896650034,0.9484512515716081
0.26799714896650034,0.9486798491256143
0.2690662865288667,0.9486798491256143
0.2690662865288667,0.9487941479026174
0.2698681397006415,0.9487941479026174
0.2698681397006415,0.9489084466796205
0.26995723449750536,0.9489084466796205
0.26995723449750536,0.9490227454566236
0.2705808980755524,0.9490227454566236
0.2705808980755524,0.9491370442336267
0.27182822523164646,0.9491370442336267
0.27182822523164646,0.9492513430106297
0.27209550962223805,0.9492513430106297
0.27209550962223805,0.9493656417876328
0.27236279401282965,0.9493656417876328
0.27236279401282965,0.9494799405646359
0.2725409836065574,0.9494799405646359
0.2725409836065574,0.9497085381186421
0.273431931575196,0.9497085381186421
0.273431931575196,0.9498228368956452
0.27414468995010693,0.9498228368956452
0.27414468995010693,0.9499371356726483
0.27432287954383466,0.9499371356726483
0.27432287954383466,0.9500514344496513
0.2751247327156094,0.9500514344496513
0.2751247327156094,0.9501657332266544
0.2758374910905203,0.9501657332266544
0.2758374910905203,0.9502800320036575
0.27619387027797576,0.9502800320036575
0.27619387027797576,0.9503943307806606
0.2783321454027085,0.9503943307806606
0.2783321454027085,0.9505086295576637
0.27904490377761937,0.9505086295576637
0.27904490377761937,0.9506229283346668
0.2792230933713471,0.9506229283346668
0.2792230933713471,0.950965824665676
0.2802031361368496,0.950965824665676
0.2802031361368496,0.9510801234426791
0.28064861012116893,0.9510801234426791
0.28064861012116893,0.9511944222196822
0.2811831789023521,0.9511944222196822
0.2811831789023521,0.9513087209966853
0.28162865288667144,0.9513087209966853
0.28162865288667144,0.9514230197736884
0.28189593727726303,0.9514230197736884
0.28189593727726303,0.9516516173276945
0.28447968638631504,0.9516516173276945
0.28447968638631504,0.9517659161046976
0.2846578759800428,0.9517659161046976
0.2846578759800428,0.9518802148817007
0.28501425516749823,0.9518802148817007
0.28501425516749823,0.9519945136587038
0.28545972915181755,0.9519945136587038
0.28545972915181755,0.9521088124357069
0.2861724875267284,0.9521088124357069
0.2861724875267284,0.95222311121271
0.2875089094796864,0.95222311121271
0.2875089094796864,0.9523374099897131
0.2894689950106914,0.9523374099897131
0.2894689950106914,0.9524517087667161
0.289736279401283,0.9524517087667161
0.289736279401283,0.9525660075437192
0.2902708481824661,0.9525660075437192
0.2902708481824661,0.9526803063207223
0.2910727013542409,0.9526803063207223
0.2910727013542409,0.9527946050977254
0.29142908054169636,0.9527946050977254
0.29142908054169636,0.9530232026517316
0.29223093371347114,0.9530232026517316
0.29223093371347114,0.9531375014287348
0.2931218816821098,0.9531375014287348
0.2931218816821098,0.9532518002057379
0.29428011404133997,0.9532518002057379
0.29428011404133997,0.9533660989827409
0.29454739843193156,0.9533660989827409
0.29454739843193156,0.953480397759744
0.2961511047754811,0.953480397759744
0.2961511047754811,0.9535946965367471
0.2965074839629366,0.9535946965367471
0.2965074839629366,0.9537089953137502
0.29704205274411977,0.9537089953137502
0.29704205274411977,0.9539375928677564
0.29820028510334995,0.9539375928677564
0.29820028510334995,0.9540518916447595
0.2983784746970777,0.9540518916447595
0.2983784746970777,0.9542804891987656
0.29873485388453314,0.9542804891987656
0.29873485388453314,0.9543947879757687
0.29944761225944405,0.9543947879757687
0.29944761225944405,0.9545090867527718
0.29971489665003564,0.9545090867527718
0.29971489665003564,0.9546233855297749
0.2998930862437634,0.9546233855297749
0.2998930862437634,0.954737684306778
0.3005167498218104,0.954737684306778
0.3005167498218104,0.954851983083781
0.3010513186029936,0.954851983083781
0.3010513186029936,0.9549662818607841
0.301407697790449,0.9549662818607841
0.301407697790449,0.9550805806377872
0.30158588738417674,0.9550805806377872
0.30158588738417674,0.9551948794147903
0.3023877405559515,0.9551948794147903
0.3023877405559515,0.9553091781917934
0.30256593014967925,0.9553091781917934
0.30256593014967925,0.9554234769687965
0.302744119743407,0.9554234769687965
0.302744119743407,0.9555377757457996
0.3030114041339986,0.9555377757457996
0.3030114041339986,0.9556520745228027
0.30336778332145403,0.9556520745228027
0.30336778332145403,0.9558806720768088
0.3039914468995011,0.9558806720768088
0.3039914468995011,0.9559949708538119
0.30408054169636495,0.9559949708538119
0.30408054169636495,0.956109269630815
0.30434782608695654,0.956109269630815
0.30434782608695654,0.9562235684078181
0.3055060584461867,0.9562235684078181
0.3055060584461867,0.9563378671848212
0.3067533856022808,0.9563378671848212
0.3067533856022808,0.9564521659618243
0.30817890235210266,0.9564521659618243
0.30817890235210266,0.9565664647388273
0.309248039914469,0.9565664647388273
0.309248039914469,0.9566807635158304
0.30960441910192443,0.9566807635158304
0.30960441910192443,0.9567950622928335
0.31058446186742694,0.9567950622928335
0.31058446186742694,0.9569093610698366
0.31085174625801854,0.9569093610698366
0.31085174625801854,0.9570236598468397
0.31156450463292945,0.9570236598468397
0.31156450463292945,0.9571379586238428
0.31343549536707055,0.9571379586238428
0.31343549536707055,0.9572522574008459
0.3136136849607983,0.9572522574008459
0.3136136849607983,0.9573665561778489
0.31370277975766214,0.9573665561778489
0.31370277975766214,0.957480854954852
0.31388096935138987,0.957480854954852
0.31388096935138987,0.9575951537318551
0.31468282252316465,0.9575951537318551
0.31468282252316465,0.9577094525088582
0.3153064861012117,0.9577094525088582
0.3153064861012117,0.9578237512858613
0.31726657163221667,0.9578237512858613
0.31726657163221667,0.9579380500628644
0.31806842480399145,0.9579380500628644
0.31806842480399145,0.9580523488398675
0.3181575196008553,0.9580523488398675
0.3181575196008553,0.9581666476168705
0.3188702779757662,0.9581666476168705
0.3188702779757662,0.9582809463938736
0.3189593727726301,0.9582809463938736
0.3189593727726301,0.9585095439478798
0.3192266571632217,0.9585095439478798
0.3192266571632217,0.9586238427248829
0.32038488952245187,0.9586238427248829
0.32038488952245187,0.9589667390558921
0.3210085531004989,0.9589667390558921
0.3210085531004989,0.9590810378328952
0.32172131147540983,0.9590810378328952
0.32172131147540983,0.9591953366098983
0.3219885958660014,0.9591953366098983
0.3219885958660014,0.9593096353869014
0.32243406985032075,0.9593096353869014
0.32243406985032075,0.9594239341639045
0.32270135424091234,0.9594239341639045
0.32270135424091234,0.9595382329409076
0.32430506058446185,0.9595382329409076
0.32430506058446185,0.9596525317179107
0.3246614397719173,0.9596525317179107
0.3246614397719173,0.9597668304949137
0.32475053456878117,0.9597668304949137
0.32475053456878117,0.9599954280489199
0.3249287241625089,0.9599954280489199
0.3249287241625089,0.960109726825923
0.3256414825374198,0.960109726825923
0.3256414825374198,0.9602240256029261
0.32635424091233073,0.9602240256029261
0.32635424091233073,0.9603383243799292
0.3269779044903778,0.9603383243799292
0.3269779044903778,0.9604526231569323
0.32769066286528864,0.9604526231569323
0.32769066286528864,0.9606812207109384
0.3282252316464718,0.9606812207109384
0.3282252316464718,0.9607955194879415
0.3288488952245189,0.9607955194879415
0.3288488952245189,0.9609098182649446
0.3295616535994298,0.9609098182649446
0.3295616535994298,0.9610241170419477
0.32965074839629366,0.9610241170419477
0.32965074839629366,0.9611384158189508
0.3303635067712046,0.9611384158189508
0.3303635067712046,0.9612527145959538
0.3308089807555239,0.9612527145959538
0.3308089807555239,0.9613670133729569
0.3341945830363507,0.9613670133729569
0.3341945830363507,0.96148131214996
0.3344618674269423,0.96148131214996
0.3344618674269423,0.9615956109269631
0.3365110477548111,0.9615956109269631
0.3365110477548111,0.9617099097039662
0.34105488239486814,0.9617099097039662
0.34105488239486814,0.9618242084809693
0.341143977191732,0.9618242084809693
0.341143977191732,0.9621671048119785
0.3414112615823236,0.9621671048119785
0.3414112615823236,0.9622814035889816
0.3416785459729152,0.9622814035889816
0.3416785459729152,0.9623957023659847
0.34176764076977906,0.9623957023659847
0.34176764076977906,0.9625100011429878
0.3421240199572345,0.9625100011429878
0.3421240199572345,0.9626242999199909
0.3422131147540984,0.9626242999199909
0.3422131147540984,0.962738598696994
0.34417320028510334,0.962738598696994
0.34417320028510334,0.9629671962510001
0.34595509622238063,0.9629671962510001
0.34595509622238063,0.9631957938050063
0.34675694939415536,0.9631957938050063
0.34675694939415536,0.9633100925820094
0.34746970776906627,0.9633100925820094
0.34746970776906627,0.9634243913590125
0.3486279401282965,0.9634243913590125
0.3486279401282965,0.9635386901360156
0.3493406985032074,0.9635386901360156
0.3493406985032074,0.9636529889130186
0.3499643620812545,0.9636529889130186
0.3499643620812545,0.9637672876900217
0.3501425516749822,0.9637672876900217
0.3501425516749822,0.9638815864670248
0.35032074126870993,0.9638815864670248
0.35032074126870993,0.9639958852440279
0.35138987883107625,0.9639958852440279
0.35138987883107625,0.9642244827980341
0.3528153955808981,0.9642244827980341
0.3528153955808981,0.9643387815750372
0.3530826799714897,0.9643387815750372
0.3530826799714897,0.9645673791290433
0.3539736279401283,0.9645673791290433
0.3539736279401283,0.9646816779060464
0.3540627227369922,0.9646816779060464
0.3540627227369922,0.9647959766830495
0.35522095509622237,0.9647959766830495
0.35522095509622237,0.9649102754600526
0.3555773342836778,0.9649102754600526
0.3555773342836778,0.9650245742370557
0.3566464718460442,0.9650245742370557
0.3566464718460442,0.9652531717910618
0.3576265146115467,0.9652531717910618
0.3576265146115467,0.9653674705680649
0.3578937990021383,0.9653674705680649
0.3578937990021383,0.965481769345068
0.35958660014255167,0.965481769345068
0.35958660014255167,0.9655960681220711
0.3602102637205987,0.9655960681220711
0.3602102637205987,0.9658246656760773
0.3602993585174626,0.9658246656760773
0.3602993585174626,0.9659389644530804
0.3615466856735567,0.9659389644530804
0.3615466856735567,0.9661675620070865
0.3617248752672844,0.9661675620070865
0.3617248752672844,0.9662818607840896
0.3620812544547398,0.9662818607840896
0.3620812544547398,0.9663961595610927
0.3621703492516037,0.9663961595610927
0.3621703492516037,0.9665104583380958
0.3624376336421953,0.9665104583380958
0.3624376336421953,0.9666247571150989
0.36270491803278687,0.9666247571150989
0.36270491803278687,0.966739055892102
0.3636849607982894,0.966739055892102
0.3636849607982894,0.966853354669105
0.36421952957947257,0.966853354669105
0.36421952957947257,0.9669676534461081
0.36448681397006416,0.9669676534461081
0.36448681397006416,0.9670819522231112
0.3653777619387028,0.9670819522231112
0.3653777619387028,0.9671962510001143
0.3669814682822523,0.9671962510001143
0.3669814682822523,0.9673105497771174
0.3670705630791162,0.9673105497771174
0.3670705630791162,0.9674248485541205
0.36787241625089095,0.9674248485541205
0.36787241625089095,0.9675391473311236
0.36813970064148255,0.9675391473311236
0.36813970064148255,0.9676534461081266
0.3682287954383464,0.9676534461081266
0.3682287954383464,0.9677677448851297
0.3687633642195296,0.9677677448851297
0.3687633642195296,0.9679963424391359
0.36885245901639346,0.9679963424391359
0.36885245901639346,0.968110641216139
0.3692979330007128,0.968110641216139
0.3692979330007128,0.9682249399931421
0.3695652173913043,0.9682249399931421
0.3695652173913043,0.9683392387701452
0.3711689237348539,0.9683392387701452
0.3711689237348539,0.9684535375471482
0.3713471133285816,0.9684535375471482
0.3713471133285816,0.9685678363241513
0.3716143977191732,0.9685678363241513
0.3716143977191732,0.9686821351011544
0.3723271560940841,0.9686821351011544
0.3723271560940841,0.9687964338781575
0.372416250890948,0.9687964338781575
0.372416250890948,0.9689107326551606
0.3725944404846757,0.9689107326551606
0.3725944404846757,0.9691393302091668
0.3732181040627227,0.9691393302091668
0.3732181040627227,0.9692536289861698
0.37384176764076976,0.9692536289861698
0.37384176764076976,0.9693679277631729
0.3742872416250891,0.9693679277631729
0.3742872416250891,0.969482226540176
0.3758018531717748,0.969482226540176
0.3758018531717748,0.9695965253171791
0.3760691375623664,0.9695965253171791
0.3760691375623664,0.9697108240941822
0.37794012829650747,0.9697108240941822
0.37794012829650747,0.9698251228711853
0.3781183178902352,0.9698251228711853
0.3781183178902352,0.9699394216481884
0.37900926585887385,0.9699394216481884
0.37900926585887385,0.9700537204251914
0.3820384889522452,0.9700537204251914
0.3820384889522452,0.9701680192021945
0.38212758374910905,0.9701680192021945
0.38212758374910905,0.9702823179791976
0.38284034212401996,0.9702823179791976
0.38284034212401996,0.9703966167562007
0.38310762651461155,0.9703966167562007
0.38310762651461155,0.9705109155332038
0.3848004276550249,0.9705109155332038
0.3848004276550249,0.9706252143102069
0.3853349964362081,0.9706252143102069
0.3853349964362081,0.97073951308721
0.38569137562366357,0.97073951308721
0.38569137562366357,0.970853811864213
0.38934426229508196,0.970853811864213
0.38934426229508196,0.9709681106412161
0.3894333570919458,0.9709681106412161
0.3894333570919458,0.9710824094182192
0.3897897362794013,0.9710824094182192
0.3897897362794013,0.9711967081952223
0.39317533856022807,0.9711967081952223
0.39317533856022807,0.9714253057492285
0.39344262295081966,0.9714253057492285
0.39344262295081966,0.9715396045262316
0.39665003563791873,0.9715396045262316
0.39665003563791873,0.9716539033032346
0.3974518888096935,0.9716539033032346
0.3974518888096935,0.9717682020802377
0.3979864575908767,0.9717682020802377
0.3979864575908767,0.9718825008572408
0.4005702066999287,0.9718825008572408
0.4005702066999287,0.9719967996342439
0.4006593014967926,0.9719967996342439
0.4006593014967926,0.972111098411247
0.4011047754811119,0.972111098411247
0.4011047754811119,0.9722253971882501
0.40119387027797576,0.9722253971882501
0.40119387027797576,0.9723396959652532
0.4027975766215253,0.9723396959652532
0.4027975766215253,0.9724539947422562
0.40582679971489666,0.9724539947422562
0.40582679971489666,0.9725682935192593
0.4060049893086244,0.9725682935192593
0.4060049893086244,0.9726825922962624
0.4065395580898076,0.9726825922962624
0.4065395580898076,0.9729111898502686
0.4080541696364932,0.9729111898502686
0.4080541696364932,0.9730254886272717
0.4085887384176764,0.9730254886272717
0.4085887384176764,0.9731397874042748
0.40867783321454026,0.9731397874042748
0.40867783321454026,0.9732540861812778
0.40974697077690664,0.9732540861812778
0.40974697077690664,0.9733683849582809
0.41464718460441913,0.9733683849582809
0.41464718460441913,0.973482683735284
0.4148253741981468,0.973482683735284
0.4148253741981468,0.9735969825122871
0.4194583036350677,0.9735969825122871
0.4194583036350677,0.9737112812892902
0.4196364932287954,0.9737112812892902
0.4196364932287954,0.9738255800662933
0.4197255880256593,0.9738255800662933
0.4197255880256593,0.9740541776202994
0.41981468282252316,0.9740541776202994
0.41981468282252316,0.9741684763973025
0.4207056307911618,0.9741684763973025
0.4207056307911618,0.9742827751743056
0.42088382038488953,0.9742827751743056
0.42088382038488953,0.9743970739513087
0.42159657875980044,0.9743970739513087
0.42159657875980044,0.9745113727283118
0.42266571632216676,0.9745113727283118
0.42266571632216676,0.974739970282318
0.42293300071275836,0.974739970282318
0.42293300071275836,0.974854269059321
0.42400213827512473,0.974854269059321
0.42400213827512473,0.9749685678363241
0.4260513186029936,0.9749685678363241
0.4260513186029936,0.9750828666133272
0.42658588738417674,0.9750828666133272
0.42658588738417674,0.9751971653903303
0.42810049893086244,0.9751971653903303
0.42810049893086244,0.9754257629443365
0.42827868852459017,0.9754257629443365
0.42827868852459017,0.9755400617213396
0.42881325730577335,0.9755400617213396
0.42881325730577335,0.9756543604983426
0.42997148966500354,0.9756543604983426
0.42997148966500354,0.9757686592753457
0.430327868852459,0.9757686592753457
0.430327868852459,0.9758829580523488
0.4307733428367783,0.9758829580523488
0.4307733428367783,0.9759972568293519
0.43148610121168923,0.9759972568293519
0.43148610121168923,0.9763401531603612
0.43317890235210266,0.9763401531603612
0.43317890235210266,0.9764544519373642
0.43433713471133284,0.9764544519373642
0.43433713471133284,0.9765687507143673
0.43478260869565216,0.9765687507143673
0.43478260869565216,0.9766830494913704
0.4356735566642908,0.9766830494913704
0.4356735566642908,0.9767973482683735
0.4385245901639344,0.9767973482683735
0.4385245901639344,0.9769116470453766
0.44520669992872414,0.9769116470453766
0.44520669992872414,0.9770259458223797
0.4487704918032787,0.9770259458223797
0.4487704918032787,0.9771402445993828
0.4488595866001426,0.9771402445993828
0.4488595866001426,0.9772545433763858
0.44983962936564503,0.9772545433763858
0.44983962936564503,0.9773688421533889
0.45055238774055595,0.9773688421533889
0.45055238774055595,0.977483140930392
0.45135424091233073,0.977483140930392
0.45135424091233073,0.9775974397073951
0.45313613684960796,0.9775974397073951
0.45313613684960796,0.9777117384843982
0.4548289379900214,0.9777117384843982
0.4548289379900214,0.9778260372614013
0.45571988595866003,0.9778260372614013
0.45571988595866003,0.9779403360384044
0.45643264433357095,0.9779403360384044
0.45643264433357095,0.9780546348154074
0.45776906628652886,0.9780546348154074
0.45776906628652886,0.9781689335924105
0.4591054882394868,0.9781689335924105
0.4591054882394868,0.9782832323694136
0.45981824661439774,0.9782832323694136
0.45981824661439774,0.9783975311464167
0.4607982893799002,0.9783975311464167
0.4607982893799002,0.9785118299234198
0.461600142551675,0.9785118299234198
0.461600142551675,0.9786261287004229
0.46347113328581613,0.9786261287004229
0.46347113328581613,0.978740427477426
0.4658766928011404,0.978740427477426
0.4658766928011404,0.9789690250314321
0.46658945117605133,0.9789690250314321
0.46658945117605133,0.9790833238084352
0.4676585887384177,0.9790833238084352
0.4676585887384177,0.9791976225854383
0.46774768353528157,0.9791976225854383
0.46774768353528157,0.9793119213624414
0.46935138987883107,0.9793119213624414
0.46935138987883107,0.9794262201394445
0.4712223806129722,0.9794262201394445
0.4712223806129722,0.9796548176934506
0.4733606557377049,0.9796548176934506
0.4733606557377049,0.9797691164704537
0.4736279401282965,0.9797691164704537
0.4736279401282965,0.9798834152474568
0.47398431931575197,0.9798834152474568
0.47398431931575197,0.9799977140244599
0.47710263720598717,0.9799977140244599
0.47710263720598717,0.980112012801463
0.4777263007840342,0.980112012801463
0.4777263007840342,0.9803406103554692
0.4793300071275837,0.9803406103554692
0.4793300071275837,0.9804549091324722
0.4801318602993585,0.9804549091324722
0.4801318602993585,0.9805692079094753
0.4812009978617249,0.9805692079094753
0.4812009978617249,0.9806835066864784
0.48129009265858874,0.9806835066864784
0.48129009265858874,0.9807978054634815
0.48146828225231647,0.9807978054634815
0.48146828225231647,0.9809121042404846
0.4819137562366358,0.9809121042404846
0.4819137562366358,0.9810264030174877
0.4829828937990021,0.9810264030174877
0.4829828937990021,0.9811407017944908
0.48494297933000713,0.9811407017944908
0.48494297933000713,0.9812550005714938
0.48538845331432645,0.9812550005714938
0.48538845331432645,0.9813692993484969
0.48565573770491804,0.9813692993484969
0.48565573770491804,0.9814835981255
0.48619030648610123,0.9814835981255
0.48619030648610123,0.9815978969025031
0.4885958660014255,0.9815978969025031
0.4885958660014255,0.9817121956795062
0.4893977191732003,0.9817121956795062
0.4893977191732003,0.9818264944565093
0.49109052031361367,0.9818264944565093
0.49109052031361367,0.9819407932335124
0.49117961511047753,0.9819407932335124
0.49117961511047753,0.9820550920105154
0.49215965787598004,0.9820550920105154
0.49215965787598004,0.9821693907875185
0.4926942266571632,0.9821693907875185
0.4926942266571632,0.9822836895645216
0.49670349251603707,0.9822836895645216
0.49670349251603707,0.9823979883415247
0.4968816821097648,0.9823979883415247
0.4968816821097648,0.9825122871185278
0.49705987170349253,0.9825122871185278
0.49705987170349253,0.9826265858955309
0.4976835352815396,0.9826265858955309
0.4976835352815396,0.982740884672534
0.5015146115466856,0.982740884672534
0.5015146115466856,0.982855183449537
0.5021382751247327,0.982855183449537
0.5021382751247327,0.9829694822265401
0.5024055595153243,0.9829694822265401
0.5024055595153243,0.9830837810035432
0.504543834640057,0.9830837810035432
0.504543834640057,0.9831980797805463
0.5046329294369208,0.9831980797805463
0.5046329294369208,0.9833123785575494
0.5054347826086957,0.9833123785575494
0.5054347826086957,0.9834266773345525
0.5057020669992872,0.9834266773345525
0.5057020669992872,0.9835409761115556
0.5062366357804704,0.9835409761115556
0.5062366357804704,0.9837695736655617
0.5076621525302922,0.9837695736655617
0.5076621525302922,0.9838838724425648
0.5111368496079829,0.9838838724425648
0.5111368496079829,0.9839981712195679
0.5126514611546685,0.9839981712195679
0.5126514611546685,0.984112469996571
0.514967925873129,0.984112469996571
0.514967925873129,0.9842267687735741
0.5205808980755524,0.9842267687735741
0.5205808980755524,0.9843410675505772
0.524768353528154,0.9843410675505772
0.524768353528154,0.9844553663275804
0.5253029223093372,0.9844553663275804
0.5253029223093372,0.9845696651045834
0.5264611546685674,0.9845696651045834
0.5264611546685674,0.9846839638815865
0.5272630078403421,0.9846839638815865
0.5272630078403421,0.9847982626585896
0.5281539558089807,0.9847982626585896
0.5281539558089807,0.9849125614355927
0.5294903777619387,0.9849125614355927
0.5294903777619387,0.9850268602125958
0.5356379187455452,0.9850268602125958
0.5356379187455452,0.9851411589895989
0.5380434782608695,0.9851411589895989
0.5380434782608695,0.985255457766602
0.5385780470420527,0.985255457766602
0.5385780470420527,0.985369756543605
0.5400926585887385,0.985369756543605
0.5400926585887385,0.9854840553206081
0.54035994297933,0.9854840553206081
0.54035994297933,0.9855983540976112
0.5408054169636494,0.9855983540976112
0.5408054169636494,0.9857126528746143
0.5417854597291518,0.9857126528746143
0.5417854597291518,0.9858269516516174
0.5462401995723449,0.9858269516516174
0.5462401995723449,0.9859412504286205
0.5473984319315752,0.9859412504286205
0.5473984319315752,0.9860555492056235
0.5477548111190307,0.9860555492056235
0.5477548111190307,0.9861698479826266
0.5490021382751248,0.9861698479826266
0.5490021382751248,0.9862841467596297
0.5540805416963649,0.9862841467596297
0.5540805416963649,0.9863984455366328
0.55996079828938,0.9863984455366328
0.55996079828938,0.9865127443136359
0.5604062722736992,0.9865127443136359
0.5604062722736992,0.986627043090639
0.5604953670705631,0.986627043090639
0.5604953670705631,0.9867413418676421
0.5621881682109765,0.9867413418676421
0.5621881682109765,0.9868556406446451
0.565751960085531,0.9868556406446451
0.565751960085531,0.9869699394216482
0.5694939415538133,0.9869699394216482
0.5694939415538133,0.9870842381986513
0.5744832501781896,0.9870842381986513
0.5744832501781896,0.9871985369756544
0.5757305773342837,0.9871985369756544
0.5757305773342837,0.9873128357526575
0.5784034212401996,0.9873128357526575
0.5784034212401996,0.9874271345296606
0.5788488952245189,0.9874271345296606
0.5788488952245189,0.9875414333066637
0.5792052744119743,0.9875414333066637
0.5792052744119743,0.9876557320836667
0.5792943692088383,0.9876557320836667
0.5792943692088383,0.9877700308606698
0.5803635067712045,0.9877700308606698
0.5803635067712045,0.9878843296376729
0.5817890235210263,0.9878843296376729
0.5819672131147541,0.9878843296376729
0.5823235923022095,0.9878843296376729
0.5823235923022095,0.987998628414676
0.5843727726300784,0.987998628414676
0.5843727726300784,0.9881129271916791
0.5849073414112615,0.9881129271916791
0.5849073414112615,0.9882272259686822
0.5865110477548111,0.9882272259686822
0.5865110477548111,0.9883415247456853
0.5919458303635068,0.9883415247456853
0.5919458303635068,0.9884558235226883
0.5923022095509622,0.9884558235226883
0.5923022095509622,0.9885701222996914
0.5967569493941554,0.9885701222996914
0.5967569493941554,0.9886844210766945
0.5985388453314326,0.9886844210766945
0.5985388453314326,0.9887987198536976
0.6060228082679971,0.9887987198536976
0.6060228082679971,0.9889130186307007
0.6078937990021382,0.9889130186307007
0.6078937990021382,0.9890273174077038
0.6082501781895937,0.9890273174077038
0.6082501781895937,0.9891416161847069
0.6090520313613685,0.9891416161847069
0.6090520313613685,0.98925591496171
0.6104775481111903,0.98925591496171
0.6104775481111903,0.989370213738713
0.6137740555951532,0.989370213738713
0.6137740555951532,0.9894845125157161
0.6168923734853885,0.9894845125157161
0.6168923734853885,0.9895988112927192
0.6267818959372773,0.9895988112927192
0.6267818959372773,0.9897131100697223
0.6285637918745546,0.9897131100697223
0.6285637918745546,0.9898274088467254
0.6286528866714184,0.9898274088467254
0.6286528866714184,0.9899417076237285
0.6288310762651461,0.9899417076237285
0.6288310762651461,0.9900560064007315
0.6291874554526016,0.9900560064007315
0.6291874554526016,0.9902846039547377
0.6298111190306486,0.9902846039547377
0.6298111190306486,0.9903989027317408
0.6306129722024234,0.9903989027317408
0.6306129722024234,0.9905132015087439
0.6337312900926586,0.9905132015087439
0.6337312900926586,0.990627500285747
0.6338203848895224,0.990627500285747
0.6338203848895224,0.9907417990627501
0.637384176764077,0.9907417990627501
0.637384176764077,0.9908560978397531
0.6390769779044904,0.9908560978397531
0.6390769779044904,0.9909703966167562
0.6405024946543122,0.9909703966167562
0.6405024946543122,0.9910846953937593
0.6413934426229508,0.9910846953937593
0.6413934426229508,0.9911989941707624
0.6441553813257306,0.9911989941707624
0.6441553813257306,0.9913132929477655
0.644511760513186,0.9913132929477655
0.644511760513186,0.9914275917247686
0.6483428367783322,0.9914275917247686
0.6483428367783322,0.9915418905017717
0.6517284390591589,0.9915418905017717
0.6517284390591589,0.9916561892787747
0.6616179615110478,0.9916561892787747
0.6616179615110478,0.9917704880557778
0.6618852459016393,0.9917704880557778
0.6618852459016393,0.9918847868327809
0.6624198146828225,0.9918847868327809
0.6624198146828225,0.991999085609784
0.6630434782608695,0.991999085609784
0.6630434782608695,0.9921133843867871
0.6643799002138275,0.9921133843867871
0.6643799002138275,0.9922276831637902
0.667320028510335,0.9922276831637902
0.667320028510335,0.9923419819407933
0.6674982181040627,0.9923419819407933
0.6674982181040627,0.9924562807177963
0.6677655024946543,0.9924562807177963
0.6677655024946543,0.9925705794947994
0.6678545972915182,0.9925705794947994
0.6678545972915182,0.9926848782718025
0.6681218816821097,0.9926848782718025
0.6681218816821097,0.9927991770488056
0.6693692088382038,0.9927991770488056
0.6693692088382038,0.9929134758258087
0.6721311475409836,0.9929134758258087
0.6721311475409836,0.9930277746028118
0.6764967925873129,0.9930277746028118
0.6764967925873129,0.9931420733798149
0.6767640769779045,0.9931420733798149
0.6769422665716323,0.9931420733798149
0.6787241625089094,0.9931420733798149
0.6787241625089094,0.993256372156818
0.6790805416963649,0.993256372156818
0.6790805416963649,0.993370670933821
0.6795260156806843,0.993370670933821
0.6795260156806843,0.9934849697108241
0.6802387740555952,0.9934849697108241
0.6802387740555952,0.9935992684878272
0.6821988595866001,0.9935992684878272
0.6821988595866001,0.9937135672648303
0.6853171774768354,0.9937135672648303
0.6853171774768354,0.9938278660418334
0.6876336421952958,0.9938278660418334
0.6876336421952958,0.9939421648188365
0.6903064861012117,0.9939421648188365
0.6903064861012117,0.9940564635958395
0.6924447612259444,0.9940564635958395
0.6924447612259444,0.9941707623728426
0.693335709194583,0.9941707623728426
0.693335709194583,0.9942850611498457
0.6969885958660014,0.9942850611498457
0.6969885958660014,0.9943993599268488
0.6987704918032787,0.9943993599268488
0.6987704918032787,0.9945136587038519
0.7145402708481825,0.9945136587038519
0.7147184604419102,0.9945136587038519
0.7170349251603706,0.9945136587038519
0.7170349251603706,0.994627957480855
0.7171240199572345,0.994627957480855
0.7171240199572345,0.9947422562578581
0.7189059158945118,0.9947422562578581
0.7189059158945118,0.9948565550348611
0.720687811831789,0.9948565550348611
0.720687811831789,0.9949708538118642
0.7225588025659302,0.9949708538118642
0.7225588025659302,0.9950851525888673
0.7228260869565217,0.9950851525888673
0.7228260869565217,0.9951994513658704
0.7241625089094796,0.9951994513658704
0.7241625089094796,0.9953137501428735
0.7389522451888809,0.9953137501428735
0.7389522451888809,0.9954280489198766
0.74215965787598,0.9954280489198766
0.74215965787598,0.9955423476968797
0.7453670705630792,0.9955423476968797
0.7453670705630792,0.9956566464738827
0.7457234497505346,0.9956566464738827
0.7457234497505346,0.9957709452508858
0.7491090520313614,0.9957709452508858
0.7491090520313614,0.9958852440278889
0.7499109052031362,0.9958852440278889
0.7499109052031362,0.995999542804892
0.752583749109052,0.995999542804892
0.752583749109052,0.9961138415818951
0.7613150392017106,0.9961138415818951
0.7613150392017106,0.9962281403588982
0.7664825374198146,0.9962281403588982
0.7664825374198146,0.9963424391359013
0.7697790449037776,0.9963424391359013
0.7697790449037776,0.9965710366899074
0.7715609408410549,0.9965710366899074
0.7715609408410549,0.9966853354669105
0.7745010691375623,0.9966853354669105
0.7745010691375623,0.9967996342439136
0.7834105488239487,0.9967996342439136
0.7834105488239487,0.9969139330209167
0.7841233071988596,0.9969139330209167
0.7841233071988596,0.9970282317979198
0.7875089094796864,0.9970282317979198
0.7875089094796864,0.9971425305749229
0.8026550249465432,0.9971425305749229
0.8026550249465432,0.9972568293519259
0.8050605844618675,0.9972568293519259
0.8050605844618675,0.997371128128929
0.8123663578047042,0.997371128128929
0.8123663578047042,0.9974854269059321
0.8169992872416251,0.9974854269059321
0.8169992872416251,0.9975997256829352
0.8241268709907341,0.9975997256829352
0.8241268709907341,0.9977140244599383
0.8371347113328581,0.9977140244599383
0.8371347113328581,0.9979426220139445
0.8416785459729151,0.9979426220139445
0.8416785459729151,0.9980569207909475
0.8429258731290092,0.9980569207909475
0.843104062722737,0.9980569207909475
0.8513898788310763,0.9980569207909475
0.8513898788310763,0.9981712195679506
0.8629722024233785,0.9981712195679506
0.8629722024233785,0.9982855183449537
0.866535994297933,0.9982855183449537
0.866535994297933,0.9983998171219568
0.8690306486101211,0.9983998171219568
0.8692088382038489,0.9983998171219568
0.8748218104062723,0.9983998171219568
0.8748218104062723,0.9985141158989599
0.875,0.9985141158989599
0.875,0.998628414675963
0.8768709907341411,0.998628414675963
0.8770491803278688,0.998628414675963
0.8774055595153243,0.998628414675963
0.8774055595153243,0.9987427134529661
0.8818602993585175,0.9987427134529661
0.8818602993585175,0.9988570122299691
0.897184604419102,0.9988570122299691
0.897184604419102,0.9989713110069722
0.9102815395580898,0.9989713110069722
0.9102815395580898,0.9990856097839753
0.9187455452601568,0.9990856097839753
0.9187455452601568,0.9991999085609784
0.9264076977904491,0.9991999085609784
0.9264076977904491,0.9993142073379815
0.9339807555238774,0.9993142073379815
0.9339807555238774,0.9994285061149846
0.9534925160370634,0.9994285061149846
0.9534925160370634,0.9995428048919877
0.9789736279401283,0.9995428048919877
0.9789736279401283,0.9996571036689907
0.9790627227369921,0.9996571036689907
0.9790627227369921,0.9997714024459938
0.979864575908767,0.9997714024459938
0.979864575908767,0.9998857012229969
0.9837847469707769,0.9998857012229969
0.9837847469707769,1.0
1.0,1.0
