fpr,tpr
0.0,0.0
0.0,0.00011429877700308607
8.909479686386316e-05,0.00011429877700308607
8.909479686386316e-05,0.0003428963310092582
0.0001781895937277263,0.0003428963310092582
0.0001781895937277263,0.0006857926620185164
0.0003563791874554526,0.0006857926620185164
0.0003563791874554526,0.0016001828780432049
0.0004454739843193158,0.0016001828780432049
0.0004454739843193158,0.0052577437421419595
0.0005345687811831789,0.0052577437421419595
0.0005345687811831789,0.007200822951194422
0.0006236635780470421,0.007200822951194422
0.0006236635780470421,0.008915304606240713
0.0007127583749109052,0.008915304606240713
0.0007127583749109052,0.010058292376271575
0.0008018531717747684,0.010058292376271575
0.0008018531717747684,0.01188707280832095
0.0008909479686386316,0.01188707280832095
0.0008909479686386316,0.012572865470339468
0.0009800427655024947,0.012572865470339468
0.0009800427655024947,0.01337295690936107
0.0010691375623663579,0.01337295690936107
0.0010691375623663579,0.014515944679391931
0.001158232359230221,0.014515944679391931
0.001158232359230221,0.014744542233398102
0.0013364219529579473,0.014744542233398102
0.0013364219529579473,0.015087438564407361
0.0014255167498218105,0.015087438564407361
0.0014255167498218105,0.015544633672419705
0.0016037063435495368,0.015544633672419705
0.0016037063435495368,0.016687621442450565
0.0016928011404134,0.016687621442450565
0.0016928011404134,0.01680192021945365
0.001781895937277263,0.01680192021945365
0.001781895937277263,0.01714481655046291
0.0018709907341411263,0.01714481655046291
0.0018709907341411263,0.017259115327465997
0.0020491803278688526,0.017259115327465997
0.0020491803278688526,0.018516401874499943
0.0021382751247327157,0.018516401874499943
0.0021382751247327157,0.019087895759515375
0.002227369921596579,0.019087895759515375
0.002227369921596579,0.019545090867527717
0.002316464718460442,0.019545090867527717
0.002316464718460442,0.02000228597554006
0.002405559515324305,0.02000228597554006
0.002405559515324305,0.021373871299577095
0.0024946543121881683,0.021373871299577095
0.0024946543121881683,0.02148817007658018
0.0025837491090520315,0.02148817007658018
0.0025837491090520315,0.02354554806263573
0.002761938702779758,0.02354554806263573
0.002761938702779758,0.0237741456166419
0.002851033499643621,0.0237741456166419
0.002851033499643621,0.023888444393644986
0.0030292230933713473,0.023888444393644986
0.0030292230933713473,0.024574237055663504
0.0031183178902352104,0.024574237055663504
0.0031183178902352104,0.02503143216367585
0.0032965074839629367,0.02503143216367585
0.0032965074839629367,0.025602926048691278
0.0033856022808268,0.025602926048691278
0.0033856022808268,0.02617441993370671
0.0036528866714183894,0.02617441993370671
0.0036528866714183894,0.026288718710709796
0.0037419814682822525,0.026288718710709796
0.0037419814682822525,0.02640301748771288
0.003920171062009979,0.02640301748771288
0.003920171062009979,0.027888901588753002
0.0040092658588738415,0.027888901588753002
0.0040092658588738415,0.028117499142759173
0.004098360655737705,0.028117499142759173
0.004098360655737705,0.02823179791976226
0.004187455452601568,0.02823179791976226
0.004187455452601568,0.028574694250771516
0.004454739843193158,0.028574694250771516
0.004454739843193158,0.0286889930277746
0.0045438346400570205,0.0286889930277746
0.0045438346400570205,0.028803291804777687
0.004632929436920884,0.028803291804777687
0.004632929436920884,0.028917590581780776
0.004722024233784747,0.028917590581780776
0.004722024233784747,0.02937478568979312
0.00481111903064861,0.02937478568979312
0.00481111903064861,0.02960338324379929
0.004900213827512473,0.02960338324379929
0.004900213827512473,0.029831980797805465
0.004989308624376337,0.029831980797805465
0.004989308624376337,0.03051777345982398
0.005078403421240199,0.03051777345982398
0.005078403421240199,0.030632072236827065
0.005256593014967926,0.030632072236827065
0.005256593014967926,0.03074637101383015
0.005523877405559516,0.03074637101383015
0.005523877405559516,0.031775060006857925
0.005612972202423378,0.031775060006857925
0.005612972202423378,0.0328037489998857
0.005702066999287242,0.0328037489998857
0.005702066999287242,0.033032346553891874
0.005791161796151105,0.033032346553891874
0.005791161796151105,0.03337524288490113
0.005880256593014968,0.03337524288490113
0.005880256593014968,0.03348954166190422
0.005969351389878831,0.03348954166190422
0.005969351389878831,0.03394673676991656
0.0060584461867426945,0.03394673676991656
0.0060584461867426945,0.03486112698594125
0.006147540983606557,0.03486112698594125
0.006147540983606557,0.03508972453994742
0.006236635780470421,0.03508972453994742
0.006236635780470421,0.03520402331695051
0.006325730577334284,0.03520402331695051
0.006325730577334284,0.035318322093953594
0.006414825374198147,0.035318322093953594
0.006414825374198147,0.035546919647959765
0.00650392017106201,0.035546919647959765
0.00650392017106201,0.03600411475597211
0.0065930149679258735,0.03600411475597211
0.0065930149679258735,0.03657560864098754
0.006682109764789736,0.03657560864098754
0.006682109764789736,0.037032803748999886
0.0067712045616536,0.037032803748999886
0.0067712045616536,0.03748999885701223
0.007038488952245189,0.03748999885701223
0.007038488952245189,0.03840438907303692
0.007127583749109052,0.03840438907303692
0.007127583749109052,0.03863298662704309
0.007305773342836779,0.03863298662704309
0.007305773342836779,0.038861584181049263
0.0073948681397006414,0.038861584181049263
0.0073948681397006414,0.03897588295805235
0.007573057733428368,0.03897588295805235
0.007573057733428368,0.03966167562007086
0.007662152530292231,0.03966167562007086
0.007662152530292231,0.03977597439707395
0.007751247327156094,0.03977597439707395
0.007751247327156094,0.039890273174077034
0.007840342124019958,0.039890273174077034
0.007840342124019958,0.04069036461309864
0.008107626514611548,0.04069036461309864
0.008107626514611548,0.04091896216710481
0.00819672131147541,0.04091896216710481
0.00819672131147541,0.04126185849811407
0.008285816108339273,0.04126185849811407
0.008285816108339273,0.0418333523831295
0.008374910905203136,0.0418333523831295
0.008374910905203136,0.04251914504514802
0.008464005702066998,0.04251914504514802
0.008464005702066998,0.042633443822151104
0.008553100498930863,0.042633443822151104
0.008553100498930863,0.04297634015316036
0.008642195295794726,0.04297634015316036
0.008642195295794726,0.04309063893016345
0.008731290092658588,0.04309063893016345
0.008731290092658588,0.04331923648416962
0.008909479686386316,0.04331923648416962
0.008909479686386316,0.04354783403817579
0.009176764076977904,0.04354783403817579
0.009176764076977904,0.044119327923191225
0.009265858873841768,0.044119327923191225
0.009265858873841768,0.04423362670019431
0.00935495367070563,0.04423362670019431
0.00935495367070563,0.04457652303120357
0.009533143264433356,0.04457652303120357
0.009533143264433356,0.044919419362212824
0.00962223806129722,0.044919419362212824
0.00962223806129722,0.04537661447022517
0.009711332858161083,0.04537661447022517
0.009711332858161083,0.04549091324722825
0.009889522451888809,0.04549091324722825
0.009889522451888809,0.04583380957823751
0.009978617248752673,0.04583380957823751
0.009978617248752673,0.04606240713224369
0.010067712045616536,0.04606240713224369
0.010067712045616536,0.046176705909246774
0.010156806842480399,0.046176705909246774
0.010156806842480399,0.04697679734826837
0.010334996436208126,0.04697679734826837
0.010334996436208126,0.0475482912332838
0.010424091233071989,0.0475482912332838
0.010424091233071989,0.04834838267230541
0.010513186029935851,0.04834838267230541
0.010513186029935851,0.04880557778031775
0.010602280826799714,0.04880557778031775
0.010602280826799714,0.04926277288833009
0.010691375623663579,0.04926277288833009
0.010691375623663579,0.049491370442336265
0.010780470420527441,0.049491370442336265
0.010780470420527441,0.04983426677334553
0.010958660014255167,0.04983426677334553
0.010958660014255167,0.050748656989370214
0.011047754811119031,0.050748656989370214
0.011047754811119031,0.05143444965138873
0.011225944404846757,0.05143444965138873
0.011225944404846757,0.051548748428391813
0.01131503920171062,0.051548748428391813
0.01131503920171062,0.05189164475940108
0.011404133998574484,0.05189164475940108
0.011404133998574484,0.05212024231340725
0.011493228795438347,0.05212024231340725
0.011493228795438347,0.052463138644416506
0.01158232359230221,0.052463138644416506
0.01158232359230221,0.05292033375242885
0.011671418389166072,0.05292033375242885
0.011671418389166072,0.053720425191450455
0.011760513186029936,0.053720425191450455
0.011760513186029936,0.05406332152245971
0.012205987170349252,0.05406332152245971
0.012205987170349252,0.05440621785346897
0.012295081967213115,0.05440621785346897
0.012295081967213115,0.05463481540747514
0.012384176764076977,0.05463481540747514
0.012384176764076977,0.05486341296148131
0.012473271560940842,0.05486341296148131
0.012473271560940842,0.05520630929249057
0.012562366357804704,0.05520630929249057
0.012562366357804704,0.055549205623499825
0.012651461154668567,0.055549205623499825
0.012651461154668567,0.05566350440050291
0.01274055595153243,0.05566350440050291
0.01274055595153243,0.055777803177506004
0.012829650748396294,0.055777803177506004
0.012829650748396294,0.056234998285518346
0.012918745545260157,0.056234998285518346
0.012918745545260157,0.056806492170533775
0.01300784034212402,0.056806492170533775
0.01300784034212402,0.05783518116356155
0.01327512473271561,0.05783518116356155
0.01327512473271561,0.05794947994056464
0.013364219529579472,0.05794947994056464
0.013364219529579472,0.058292376271573895
0.013453314326443335,0.058292376271573895
0.013453314326443335,0.059092467710595495
0.0135424091233072,0.059092467710595495
0.0135424091233072,0.05966396159561093
0.013898788310762652,0.05966396159561093
0.013898788310762652,0.059778260372614016
0.013987883107626515,0.059778260372614016
0.013987883107626515,0.06000685792662019
0.014076977904490378,0.06000685792662019
0.014076977904490378,0.060349754257629444
0.01416607270135424,0.060349754257629444
0.01416607270135424,0.0606926505886387
0.014255167498218105,0.0606926505886387
0.014255167498218105,0.06103554691964796
0.014344262295081968,0.06103554691964796
0.014344262295081968,0.061149845696651044
0.01443335709194583,0.061149845696651044
0.01443335709194583,0.0614927420276603
0.014522451888809693,0.0614927420276603
0.014522451888809693,0.061835638358669565
0.014789736279401283,0.061835638358669565
0.014789736279401283,0.06275002857469425
0.015146115466856735,0.06275002857469425
0.015146115466856735,0.06286432735169734
0.015235210263720598,0.06286432735169734
0.015235210263720598,0.06320722368270659
0.015324305060584463,0.06320722368270659
0.015324305060584463,0.06343582123671276
0.015413399857448325,0.06343582123671276
0.015413399857448325,0.06377871756772202
0.015502494654312188,0.06377871756772202
0.015502494654312188,0.06400731512172819
0.01559158945117605,0.06400731512172819
0.01559158945117605,0.06412161389873128
0.015680684248039915,0.06412161389873128
0.015680684248039915,0.06423591267573436
0.015769779044903776,0.06423591267573436
0.015769779044903776,0.06446451022974055
0.01585887384176764,0.06446451022974055
0.01585887384176764,0.06457880900674363
0.015947968638631505,0.06457880900674363
0.015947968638631505,0.06469310778374672
0.016037063435495366,0.06469310778374672
0.016037063435495366,0.06537890044576523
0.01612615823235923,0.06537890044576523
0.01612615823235923,0.06549319922276832
0.016215253029223095,0.06549319922276832
0.016215253029223095,0.06572179677677449
0.016304347826086956,0.06572179677677449
0.016304347826086956,0.06595039433078066
0.01639344262295082,0.06595039433078066
0.01639344262295082,0.06606469310778375
0.01648253741981468,0.06606469310778375
0.01648253741981468,0.06629329066178992
0.01674982181040627,0.06629329066178992
0.01674982181040627,0.06652188821579609
0.01701710620099786,0.06652188821579609
0.01701710620099786,0.06686478454680535
0.017195295794725587,0.06686478454680535
0.017195295794725587,0.06697908332380843
0.017373485388453316,0.06697908332380843
0.017373485388453316,0.06709338210081152
0.017640769779044902,0.06709338210081152
0.017640769779044902,0.0672076808778146
0.017729864575908767,0.0672076808778146
0.017729864575908767,0.06743627843182078
0.01781895937277263,0.06743627843182078
0.01781895937277263,0.06755057720882386
0.017908054169636492,0.06755057720882386
0.017908054169636492,0.06812207109383929
0.017997148966500356,0.06812207109383929
0.017997148966500356,0.06846496742484856
0.01808624376336422,0.06846496742484856
0.01808624376336422,0.06857926620185165
0.018175338560228082,0.06857926620185165
0.018175338560228082,0.06880786375585782
0.018264433357091946,0.06880786375585782
0.018264433357091946,0.06915076008686707
0.018353528153955807,0.06915076008686707
0.018353528153955807,0.06995085152588867
0.01870990734141126,0.06995085152588867
0.01870990734141126,0.07063664418790719
0.018799002138275126,0.07063664418790719
0.018799002138275126,0.07109383929591953
0.019066286528866713,0.07109383929591953
0.019066286528866713,0.0713224368499257
0.01924447612259444,0.0713224368499257
0.01924447612259444,0.0721225282889473
0.019422665716322167,0.0721225282889473
0.019422665716322167,0.07246542461995657
0.019600855310049892,0.07246542461995657
0.019600855310049892,0.07280832095096583
0.019689950106913757,0.07280832095096583
0.019689950106913757,0.073036918504972
0.019779044903777618,0.073036918504972
0.019779044903777618,0.07326551605897817
0.019868139700641482,0.07326551605897817
0.019868139700641482,0.07337981483598126
0.020046329294369208,0.07337981483598126
0.020046329294369208,0.07395130872099669
0.020135424091233072,0.07395130872099669
0.020135424091233072,0.07406560749799977
0.020669992872416252,0.07406560749799977
0.020669992872416252,0.07417990627500286
0.020937277263007842,0.07417990627500286
0.020937277263007842,0.07429420505200594
0.02120456165359943,0.07429420505200594
0.02120456165359943,0.07497999771402446
0.021382751247327157,0.07497999771402446
0.021382751247327157,0.07520859526803063
0.021471846044191018,0.07520859526803063
0.021471846044191018,0.07600868670705223
0.021560940841054883,0.07600868670705223
0.021560940841054883,0.07623728426105841
0.021650035637918747,0.07623728426105841
0.021650035637918747,0.07669447936907076
0.021739130434782608,0.07669447936907076
0.021739130434782608,0.07680877814607384
0.021917320028510334,0.07680877814607384
0.021917320028510334,0.07692307692307693
0.022095509622238062,0.07692307692307693
0.022095509622238062,0.07783746713910161
0.022184604419101923,0.07783746713910161
0.022362794012829652,0.07783746713910161
0.022451888809693513,0.07783746713910161
0.022451888809693513,0.07840896102411704
0.022719173200285103,0.07840896102411704
0.022719173200285103,0.07863755857812321
0.022808267997148968,0.07863755857812321
0.022808267997148968,0.0787518573551263
0.022986457590876693,0.0787518573551263
0.022986457590876693,0.07898045490913247
0.023075552387740558,0.07898045490913247
0.023075552387740558,0.07920905246313864
0.02316464718460442,0.07920905246313864
0.02316464718460442,0.07943765001714481
0.023253741981468283,0.07943765001714481
0.023253741981468283,0.0795519487941479
0.023521026372059873,0.0795519487941479
0.023521026372059873,0.07978054634815407
0.0236992159657876,0.07978054634815407
0.0236992159657876,0.07989484512515715
0.023788310762651463,0.07989484512515715
0.023788310762651463,0.08000914390216024
0.02396650035637919,0.08000914390216024
0.02396650035637919,0.0804663390101726
0.02405559515324305,0.0804663390101726
0.02405559515324305,0.08058063778717568
0.024144689950106914,0.08058063778717568
0.024144689950106914,0.08115213167219111
0.02432287954383464,0.08115213167219111
0.02432287954383464,0.08172362555720654
0.024501069137562368,0.08172362555720654
0.024501069137562368,0.08263801577323122
0.02459016393442623,0.08263801577323122
0.02459016393442623,0.08275231455023431
0.024679258731290094,0.08275231455023431
0.024679258731290094,0.08309521088124357
0.024768353528153954,0.08309521088124357
0.024768353528153954,0.08355240598925591
0.02485744832501782,0.08355240598925591
0.02485744832501782,0.083666704766259
0.024946543121881683,0.083666704766259
0.024946543121881683,0.08480969253628987
0.02512473271560941,0.08480969253628987
0.02512473271560941,0.08526688764430221
0.025302922309337134,0.08526688764430221
0.025302922309337134,0.08572408275231455
0.02548111190306486,0.08572408275231455
0.02548111190306486,0.08583838152931764
0.025570206699928724,0.08583838152931764
0.025570206699928724,0.08606697908332381
0.02574839629365645,0.08606697908332381
0.02574839629365645,0.08652417419133615
0.025837491090520314,0.08652417419133615
0.025837491090520314,0.08663847296833924
0.025926585887384175,0.08663847296833924
0.025926585887384175,0.08686707052234541
0.026104775481111904,0.08686707052234541
0.026104775481111904,0.0869813692993485
0.026193870277975765,0.0869813692993485
0.026193870277975765,0.08720996685335466
0.02628296507483963,0.08720996685335466
0.02628296507483963,0.08789575951537319
0.026372059871703494,0.08789575951537319
0.026372059871703494,0.08835295462338554
0.026461154668567355,0.08835295462338554
0.026461154668567355,0.08881014973139788
0.02690662865288667,0.08881014973139788
0.02690662865288667,0.0893816436164133
0.026995723449750535,0.0893816436164133
0.026995723449750535,0.08972453994742256
0.0270848182466144,0.08972453994742256
0.0270848182466144,0.08983883872442565
0.02717391304347826,0.08983883872442565
0.02717391304347826,0.0901817350554349
0.027263007840342125,0.0901817350554349
0.027263007840342125,0.09029603383243799
0.027352102637205986,0.09029603383243799
0.027352102637205986,0.09063893016344725
0.02744119743406985,0.09063893016344725
0.02744119743406985,0.09086752771745342
0.027530292230933714,0.09086752771745342
0.027530292230933714,0.0909818264944565
0.027619387027797575,0.0909818264944565
0.027619387027797575,0.09109612527145959
0.027797576621525304,0.09109612527145959
0.027797576621525304,0.09155332037947193
0.02797576621525303,0.09155332037947193
0.02797576621525303,0.0917819179334781
0.02824305060584462,0.0917819179334781
0.02824305060584462,0.09212481426448738
0.02833214540270848,0.09212481426448738
0.02833214540270848,0.09223911304149046
0.02851033499643621,0.09223911304149046
0.02851033499643621,0.09258200937249972
0.02859942979330007,0.09258200937249972
0.02859942979330007,0.09292490570350898
0.028777619387027796,0.09292490570350898
0.028777619387027796,0.09303920448051206
0.028955808980755525,0.09303920448051206
0.028955808980755525,0.0934963995885244
0.029044903777619386,0.0934963995885244
0.029044903777619386,0.09383929591953366
0.029223093371347115,0.09383929591953366
0.029223093371347115,0.09395359469653675
0.029312188168210976,0.09395359469653675
0.029312188168210976,0.09418219225054292
0.02940128296507484,0.09418219225054292
0.02940128296507484,0.09452508858155217
0.0294903777619387,0.09452508858155217
0.0294903777619387,0.09463938735855526
0.02975766215253029,0.09463938735855526
0.02975766215253029,0.09498228368956452
0.029846756949394156,0.09498228368956452
0.029846756949394156,0.09543947879757686
0.02993585174625802,0.09543947879757686
0.02993585174625802,0.09555377757457995
0.03002494654312188,0.09555377757457995
0.03002494654312188,0.09612527145959539
0.030114041339985746,0.09612527145959539
0.030114041339985746,0.09623957023659847
0.030203136136849607,0.09623957023659847
0.030203136136849607,0.09635386901360156
0.03029223093371347,0.09635386901360156
0.03029223093371347,0.09658246656760773
0.03055951532430506,0.09658246656760773
0.03055951532430506,0.0968110641216139
0.030737704918032786,0.0968110641216139
0.030737704918032786,0.09703966167562007
0.03082679971489665,0.09703966167562007
0.03082679971489665,0.09715396045262316
0.030915894511760512,0.09715396045262316
0.030915894511760512,0.09726825922962624
0.031004989308624376,0.09726825922962624
0.031004989308624376,0.09749685678363242
0.031272273699215966,0.09749685678363242
0.031272273699215966,0.0976111555606355
0.03136136849607983,0.0976111555606355
0.03136136849607983,0.09772545433763859
0.031450463292943695,0.09772545433763859
0.031450463292943695,0.09806835066864784
0.03153955808980755,0.09806835066864784
0.03153955808980755,0.09852554577666019
0.03171774768353528,0.09852554577666019
0.03171774768353528,0.0992113384386787
0.031806842480399146,0.0992113384386787
0.031806842480399146,0.09943993599268487
0.03225231646471846,0.09943993599268487
0.03225231646471846,0.09989713110069723
0.03243050605844619,0.09989713110069723
0.03243050605844619,0.1001257286547034
0.03269779044903778,0.1001257286547034
0.03269779044903778,0.10024002743170649
0.033232359230220956,0.10024002743170649
0.033232359230220956,0.10046862498571266
0.03332145402708482,0.10046862498571266
0.03332145402708482,0.10058292376271574
0.03341054882394868,0.10058292376271574
0.03341054882394868,0.10104011887072809
0.03349964362081254,0.10104011887072809
0.03349964362081254,0.10149731397874043
0.03358873841767641,0.10149731397874043
0.03358873841767641,0.10206880786375586
0.033856022808267994,0.10206880786375586
0.033856022808267994,0.10218310664075894
0.03412330719885959,0.10218310664075894
0.03412330719885959,0.10264030174877128
0.03421240199572345,0.10264030174877128
0.03421240199572345,0.10286889930277746
0.034301496792587316,0.10286889930277746
0.034301496792587316,0.10309749685678363
0.034390591589451174,0.10309749685678363
0.034390591589451174,0.10321179563378671
0.03447968638631504,0.10321179563378671
0.03447968638631504,0.10355469196479598
0.03474697077690663,0.10355469196479598
0.03474697077690663,0.10366899074179907
0.03483606557377049,0.10366899074179907
0.03483606557377049,0.10401188707280833
0.03492516037063435,0.10401188707280833
0.03492516037063435,0.10412618584981141
0.03501425516749822,0.10412618584981141
0.03501425516749822,0.10446908218082067
0.03510334996436208,0.10446908218082067
0.03510334996436208,0.10481197851182993
0.035281539558089804,0.10481197851182993
0.035281539558089804,0.10515487484283918
0.03545972915181753,0.10515487484283918
0.03545972915181753,0.10526917361984227
0.0355488239486814,0.10526917361984227
0.0355488239486814,0.10572636872785461
0.03563791874554526,0.10572636872785461
0.03563791874554526,0.10618356383586695
0.035727013542409126,0.10618356383586695
0.035727013542409126,0.10641216138987313
0.035816108339272984,0.10641216138987313
0.035816108339272984,0.10652646016687621
0.03599429793300071,0.10652646016687621
0.03599429793300071,0.10675505772088238
0.03608339272986458,0.10675505772088238
0.03608339272986458,0.10686935649788547
0.03652886671418389,0.10686935649788547
0.03652886671418389,0.10698365527488855
0.036707056307911615,0.10698365527488855
0.036707056307911615,0.10709795405189164
0.03679615110477548,0.10709795405189164
0.03679615110477548,0.10721225282889472
0.03715253029223094,0.10721225282889472
0.03715253029223094,0.10744085038290091
0.037241625089094794,0.10744085038290091
0.037241625089094794,0.107555149159904
0.03733071988595866,0.107555149159904
0.03733071988595866,0.10812664304491942
0.03750890947968639,0.10812664304491942
0.03750890947968639,0.10824094182192251
0.03759800427655025,0.10824094182192251
0.03759800427655025,0.10858383815293177
0.03786528866714184,0.10858383815293177
0.03786528866714184,0.10869813692993485
0.0379543834640057,0.10869813692993485
0.0379543834640057,0.1091553320379472
0.038132573057733425,0.1091553320379472
0.038132573057733425,0.10926963081495028
0.038310762651461154,0.10926963081495028
0.038310762651461154,0.10961252714595954
0.03848895224518888,0.10961252714595954
0.03848895224518888,0.11018402103097497
0.038667141838916605,0.11018402103097497
0.038667141838916605,0.11098411246999657
0.038845331432644334,0.11098411246999657
0.038845331432644334,0.11109841124699965
0.0389344262295082,0.11109841124699965
0.0389344262295082,0.11132700880100582
0.03902352102637206,0.11132700880100582
0.03902352102637206,0.11144130757800892
0.03911261582323592,0.11144130757800892
0.03911261582323592,0.11155560635501201
0.039201710620099785,0.11155560635501201
0.039201710620099785,0.11189850268602126
0.039379900213827514,0.11189850268602126
0.039379900213827514,0.11224139901703052
0.0396471846044191,0.11224139901703052
0.0396471846044191,0.11258429534803978
0.03991446899501069,0.11258429534803978
0.03991446899501069,0.1131557892330552
0.04000356379187456,0.1131557892330552
0.04000356379187456,0.11349868556406446
0.040092658588738415,0.11349868556406446
0.040092658588738415,0.11361298434106755
0.04018175338560228,0.11361298434106755
0.04018175338560228,0.11418447822608298
0.040270848182466144,0.11418447822608298
0.040270848182466144,0.11452737455709223
0.04035994297933001,0.11452737455709223
0.04035994297933001,0.11464167333409532
0.04044903777619387,0.11464167333409532
0.04044903777619387,0.11498456966510458
0.040627227369921595,0.11498456966510458
0.040627227369921595,0.11509886844210766
0.04071632216678546,0.11509886844210766
0.04071632216678546,0.11521316721911075
0.040983606557377046,0.11521316721911075
0.040983606557377046,0.1156703623271231
0.041161796151104775,0.1156703623271231
0.041161796151104775,0.11578466110412619
0.041339985744832504,0.11578466110412619
0.041339985744832504,0.11589895988112928
0.04142908054169637,0.11589895988112928
0.04142908054169637,0.1164704537661447
0.04160727013542409,0.1164704537661447
0.04160727013542409,0.11658475254314779
0.041696364932287955,0.11658475254314779
0.041696364932287955,0.11692764887415705
0.04178545972915182,0.11692764887415705
0.04178545972915182,0.1172705452051663
0.04196364932287954,0.1172705452051663
0.04196364932287954,0.11749914275917248
0.042052744119743406,0.11749914275917248
0.042052744119743406,0.11761344153617556
0.042320028510335,0.11761344153617556
0.042320028510335,0.1180706366441879
0.04249821810406272,0.1180706366441879
0.04249821810406272,0.11818493542119099
0.04267640769779045,0.11818493542119099
0.04267640769779045,0.11989941707623729
0.042765502494654314,0.11989941707623729
0.042765502494654314,0.12024231340724655
0.04285459729151817,0.12024231340724655
0.04285459729151817,0.1205852097382558
0.042943692088382036,0.1205852097382558
0.042943692088382036,0.12092810606926506
0.0430327868852459,0.12092810606926506
0.0430327868852459,0.12115670362327123
0.043121881682109765,0.12115670362327123
0.043121881682109765,0.1213853011772774
0.04321097647897363,0.1213853011772774
0.04321097647897363,0.12149959995428049
0.043300071275837494,0.12149959995428049
0.043300071275837494,0.12161389873128357
0.04338916607270135,0.12161389873128357
0.04338916607270135,0.12184249628528974
0.043478260869565216,0.12184249628528974
0.043478260869565216,0.12195679506229283
0.04356735566642908,0.12195679506229283
0.04356735566642908,0.12229969139330209
0.04383464005702067,0.12229969139330209
0.04383464005702067,0.12241399017030517
0.04392373485388453,0.12241399017030517
0.04392373485388453,0.12252828894730826
0.044012829650748396,0.12252828894730826
0.044012829650748396,0.1230997828323237
0.04410192444761226,0.1230997828323237
0.04410192444761226,0.12332838038632987
0.044191019244476125,0.12332838038632987
0.044191019244476125,0.12344267916333296
0.04428011404133998,0.12344267916333296
0.04428011404133998,0.12401417304834839
0.04445830363506771,0.12401417304834839
0.04445830363506771,0.12424277060235456
0.044547398431931576,0.12424277060235456
0.044547398431931576,0.12447136815636073
0.04463649322879544,0.12447136815636073
0.04463649322879544,0.1246999657103669
0.044725588025659305,0.1246999657103669
0.044725588025659305,0.12538575837238541
0.04481468282252316,0.12538575837238541
0.04481468282252316,0.1255000571493885
0.04490377761938703,0.1255000571493885
0.04490377761938703,0.12561435592639159
0.04499287241625089,0.12561435592639159
0.04499287241625089,0.12572865470339467
0.045081967213114756,0.12572865470339467
0.045081967213114756,0.126185849811407
0.04517106200997862,0.126185849811407
0.04517106200997862,0.1263001485884101
0.04534925160370634,0.1263001485884101
0.04534925160370634,0.12641444736541319
0.045438346400570206,0.12641444736541319
0.045438346400570206,0.12652874614241627
0.045616535994297935,0.12652874614241627
0.045616535994297935,0.12664304491941936
0.04579472558802566,0.12664304491941936
0.04579472558802566,0.1269859412504286
0.04588382038488952,0.1269859412504286
0.04588382038488952,0.12732883758143787
0.04606200997861725,0.12732883758143787
0.04606200997861725,0.12744313635844096
0.046151104775481115,0.12744313635844096
0.046151104775481115,0.12767173391244713
0.04624019957234497,0.12767173391244713
0.04624019957234497,0.1277860326894502
0.0464183891660727,0.1277860326894502
0.0464183891660727,0.12801463024345638
0.046507483962936566,0.12801463024345638
0.046507483962936566,0.12835752657446564
0.04659657875980043,0.12835752657446564
0.04659657875980043,0.12847182535146873
0.04677476835352815,0.12847182535146873
0.04677476835352815,0.12915761801348727
0.04686386315039202,0.12915761801348727
0.04686386315039202,0.12927191679049035
0.04695295794725588,0.12927191679049035
0.04695295794725588,0.12938621556749344
0.047042052744119746,0.12938621556749344
0.047042052744119746,0.12950051434449653
0.04730933713471133,0.12950051434449653
0.04730933713471133,0.12984341067550578
0.0473984319315752,0.12984341067550578
0.0473984319315752,0.13007200822951195
0.04748752672843906,0.13007200822951195
0.04748752672843906,0.1313292947765459
0.047576621525302926,0.1313292947765459
0.047576621525302926,0.13190078866156132
0.04766571632216678,0.13190078866156132
0.04766571632216678,0.13235798376957367
0.04775481111903065,0.13235798376957367
0.04775481111903065,0.1329294776545891
0.0481111903064861,0.1329294776545891
0.0481111903064861,0.13304377643159218
0.04820028510334996,0.13304377643159218
0.04820028510334996,0.13315807520859527
0.04828937990021383,0.13315807520859527
0.04828937990021383,0.13338667276260144
0.04837847469707769,0.13338667276260144
0.04837847469707769,0.13407246542461995
0.048467569493941556,0.13407246542461995
0.048467569493941556,0.13475825808663847
0.04864575908766928,0.13475825808663847
0.04864575908766928,0.13487255686364155
0.04882394868139701,0.13487255686364155
0.04882394868139701,0.13510115441764772
0.04891304347826087,0.13510115441764772
0.04891304347826087,0.13544405074865698
0.049002138275124736,0.13544405074865698
0.049002138275124736,0.13590124585666932
0.04926942266571632,0.13590124585666932
0.04926942266571632,0.1360155446336724
0.04944761225944405,0.1360155446336724
0.04944761225944405,0.13681563607269404
0.04962580185317177,0.13681563607269404
0.04962580185317177,0.1379586238427249
0.04971489665003564,0.1379586238427249
0.04971489665003564,0.13830152017373415
0.0498039914468995,0.13830152017373415
0.0498039914468995,0.1387587152817465
0.04989308624376337,0.1387587152817465
0.04989308624376337,0.13887301405874958
0.05033856022808268,0.13887301405874958
0.05033856022808268,0.13967310549777118
0.05042765502494654,0.13967310549777118
0.05042765502494654,0.13990170305177735
0.050516749821810404,0.13990170305177735
0.050516749821810404,0.14013030060578352
0.05087312900926586,0.14013030060578352
0.05087312900926586,0.1403588981597897
0.051051318602993584,0.1403588981597897
0.051051318602993584,0.1418447822608298
0.05114041339985745,0.1418447822608298
0.05114041339985745,0.14230197736884215
0.051407697790449035,0.14230197736884215
0.051407697790449035,0.14287347125385758
0.0514967925873129,0.14287347125385758
0.0514967925873129,0.14333066636186992
0.0514967925873129,0.1435592639158761
0.051585887384176764,0.1435592639158761
0.051585887384176764,0.14367356269287918
0.05176407697790449,0.14367356269287918
0.05176407697790449,0.14390216024688535
0.05185317177476835,0.14390216024688535
0.05185317177476835,0.1442450565778946
0.05203136136849608,0.1442450565778946
0.05203136136849608,0.1443593553548977
0.05229864575908767,0.1443593553548977
0.05229864575908767,0.14504514801691623
0.052476835352815394,0.14504514801691623
0.052476835352815394,0.1453880443479255
0.05256593014967926,0.1453880443479255
0.05256593014967926,0.14550234312492857
0.05265502494654312,0.14550234312492857
0.05265502494654312,0.14561664190193166
0.05274411974340699,0.14561664190193166
0.05274411974340699,0.14584523945593783
0.052833214540270845,0.14584523945593783
0.052833214540270845,0.1461881357869471
0.053011404133998574,0.1461881357869471
0.053011404133998574,0.14630243456395017
0.0531895937277263,0.14630243456395017
0.0531895937277263,0.1468739284489656
0.05327868852459016,0.1468739284489656
0.05327868852459016,0.14710252600297177
0.053367783321454025,0.14710252600297177
0.053367783321454025,0.1476740198879872
0.05345687811831789,0.1476740198879872
0.05345687811831789,0.1477883186649903
0.05381325730577334,0.1477883186649903
0.05381325730577334,0.14801691621899646
0.054080541696364934,0.14801691621899646
0.054080541696364934,0.1484741113270088
0.0541696364932288,0.1484741113270088
0.0541696364932288,0.14881700765801806
0.054258731290092656,0.14881700765801806
0.054258731290092656,0.14915990398902731
0.05434782608695652,0.14915990398902731
0.05434782608695652,0.1492742027660304
0.054436920883820385,0.1492742027660304
0.054436920883820385,0.1493885015430335
0.05452601568068425,0.1493885015430335
0.05452601568068425,0.14973139787404274
0.054615110477548114,0.14973139787404274
0.054615110477548114,0.150074294205052
0.05470420527441197,0.150074294205052
0.05470420527441197,0.15030289175905817
0.054793300071275836,0.15030289175905817
0.054793300071275836,0.15064578809006743
0.05514967925873129,0.15064578809006743
0.05514967925873129,0.15076008686707051
0.05523877405559515,0.15076008686707051
0.05523877405559515,0.15178877586009829
0.05541696364932288,0.15178877586009829
0.05541696364932288,0.15201737341410446
0.055684248039914466,0.15201737341410446
0.055684248039914466,0.15281746485312608
0.05595153243050606,0.15281746485312608
0.05595153243050606,0.1535032575151446
0.056040627227369924,0.1535032575151446
0.056040627227369924,0.15373185506915077
0.056397006414825375,0.15373185506915077
0.056397006414825375,0.15384615384615385
0.056753385602280826,0.15384615384615385
0.056753385602280826,0.15396045262315694
0.05684248039914469,0.15396045262315694
0.05684248039914469,0.15407475140016003
0.056931575196008555,0.15407475140016003
0.056931575196008555,0.1549891416161847
0.05710976478973628,0.1549891416161847
0.05710976478973628,0.1551034403931878
0.057287954383464006,0.1551034403931878
0.057287954383464006,0.15521773917019088
0.05737704918032787,0.15521773917019088
0.05737704918032787,0.15556063550120014
0.057466143977191735,0.15556063550120014
0.057466143977191735,0.15567493427820323
0.05755523877405559,0.15567493427820323
0.05755523877405559,0.15636072694022174
0.05773342836778332,0.15636072694022174
0.05773342836778332,0.15727511715624642
0.057822523164647185,0.15727511715624642
0.057822523164647185,0.1575037147102526
0.05791161796151105,0.1575037147102526
0.05791161796151105,0.15773231226425877
0.058000712758374914,0.15773231226425877
0.058000712758374914,0.1581895073722711
0.0582679971489665,0.1581895073722711
0.0582679971489665,0.1583038061492742
0.05844618674269423,0.1583038061492742
0.05844618674269423,0.15853240370328037
0.05853528153955809,0.15853240370328037
0.05853528153955809,0.1589895988112927
0.05862437633642195,0.1589895988112927
0.05862437633642195,0.15967539147331122
0.058891660727013545,0.15967539147331122
0.058891660727013545,0.16001828780432048
0.05906985032074127,0.16001828780432048
0.05906985032074127,0.16036118413532977
0.05915894511760513,0.16036118413532977
0.05915894511760513,0.16047548291233285
0.059248039914468996,0.16047548291233285
0.059248039914468996,0.16058978168933594
0.05933713471133286,0.16058978168933594
0.05933713471133286,0.16127557435135445
0.05942622950819672,0.16127557435135445
0.05942622950819672,0.16150417190536062
0.05951532430506058,0.16150417190536062
0.05951532430506058,0.16207566579037605
0.05960441910192445,0.16207566579037605
0.05960441910192445,0.16230426334438222
0.05969351389878831,0.16230426334438222
0.05969351389878831,0.16276145845239456
0.059782608695652176,0.16276145845239456
0.059782608695652176,0.16287575722939765
0.06004989308624376,0.16287575722939765
0.06004989308624376,0.16344725111441308
0.06022808267997149,0.16344725111441308
0.06022808267997149,0.1640187449994285
0.060317177476835356,0.1640187449994285
0.060317177476835356,0.1641330437764316
0.06040627227369921,0.1641330437764316
0.06040627227369921,0.16470453766144702
0.06049536707056308,0.16470453766144702
0.06049536707056308,0.16539033032346553
0.06058446186742694,0.16539033032346553
0.06058446186742694,0.1657332266544748
0.060673556664290806,0.1657332266544748
0.060673556664290806,0.16619042176248713
0.06085174625801853,0.16619042176248713
0.06085174625801853,0.16664761687049948
0.06129722024233785,0.16664761687049948
0.06129722024233785,0.16687621442450565
0.06138631503920171,0.16687621442450565
0.06138631503920171,0.16756200708652416
0.06147540983606557,0.16756200708652416
0.06147540983606557,0.16767630586352725
0.0616535994297933,0.16767630586352725
0.0616535994297933,0.16790490341753342
0.061742694226657166,0.16790490341753342
0.061742694226657166,0.1682477997485427
0.06200997861724875,0.1682477997485427
0.06200997861724875,0.16893359241056122
0.06209907341411262,0.16893359241056122
0.06209907341411262,0.16939078751857356
0.06227726300784034,0.16939078751857356
0.06227726300784034,0.16961938507257973
0.0623663578047042,0.16961938507257973
0.0623663578047042,0.1707623728426106
0.06245545260156807,0.1707623728426106
0.06245545260156807,0.17179106183563836
0.06254454739843193,0.17179106183563836
0.06254454739843193,0.17190536061264144
0.0626336421952958,0.17190536061264144
0.0626336421952958,0.17201965938964453
0.06272273699215966,0.17201965938964453
0.06272273699215966,0.17213395816664762
0.06281183178902353,0.17213395816664762
0.06281183178902353,0.1723625557206538
0.06290092658588739,0.1723625557206538
0.06290092658588739,0.17270545205166304
0.06299002138275124,0.17270545205166304
0.06299002138275124,0.1730483483826723
0.0630791161796151,0.1730483483826723
0.0630791161796151,0.1731626471596754
0.06316821097647897,0.1731626471596754
0.06316821097647897,0.17327694593667847
0.0633464005702067,0.17327694593667847
0.0633464005702067,0.17350554349068464
0.06343549536707056,0.17350554349068464
0.06343549536707056,0.17373414104469082
0.06352459016393443,0.17373414104469082
0.06352459016393443,0.1738484398216939
0.06361368496079829,0.1738484398216939
0.06361368496079829,0.17407703737570007
0.06370277975766216,0.17407703737570007
0.06370277975766216,0.17453423248371241
0.06379187455452602,0.17453423248371241
0.06379187455452602,0.1746485312607155
0.06388096935138989,0.1746485312607155
0.06388096935138989,0.1747628300377186
0.06397006414825374,0.1747628300377186
0.06397006414825374,0.17487712881472167
0.06414825374198146,0.17487712881472167
0.06414825374198146,0.17499142759172476
0.06423734853884533,0.17499142759172476
0.06423734853884533,0.17510572636872784
0.06441553813257306,0.17510572636872784
0.06441553813257306,0.17556292147674019
0.06450463292943692,0.17556292147674019
0.06450463292943692,0.17567722025374327
0.06477191732002852,0.17567722025374327
0.06477191732002852,0.17579151903074638
0.06486101211689238,0.17579151903074638
0.06486101211689238,0.17659161046976798
0.06495010691375623,0.17659161046976798
0.06495010691375623,0.17682020802377416
0.0650392017106201,0.17682020802377416
0.0650392017106201,0.17693450680077724
0.06521739130434782,0.17693450680077724
0.06521739130434782,0.17704880557778033
0.06539558089807555,0.17704880557778033
0.06539558089807555,0.1772774031317865
0.06557377049180328,0.1772774031317865
0.06557377049180328,0.17762029946279576
0.06593014967925873,0.17762029946279576
0.06593014967925873,0.17784889701680193
0.06601924447612259,0.17784889701680193
0.06601924447612259,0.17819179334781118
0.06619743406985032,0.17819179334781118
0.06619743406985032,0.17864898845582353
0.06628652886671418,0.17864898845582353
0.06628652886671418,0.1787632872328266
0.06637562366357805,0.1787632872328266
0.06637562366357805,0.17899188478683278
0.06646471846044191,0.17899188478683278
0.06646471846044191,0.17922048234083895
0.06655381325730578,0.17922048234083895
0.06655381325730578,0.17944907989484513
0.06664290805416964,0.17944907989484513
0.06664290805416964,0.18002057377986055
0.0667320028510335,0.18002057377986055
0.0667320028510335,0.18013487255686364
0.06682109764789736,0.18013487255686364
0.06682109764789736,0.18024917133386673
0.06699928724162509,0.18024917133386673
0.06699928724162509,0.18059206766487598
0.06717747683535281,0.18059206766487598
0.06717747683535281,0.18070636644187907
0.06726657163221668,0.18070636644187907
0.06726657163221668,0.18082066521888215
0.06735566642908054,0.18082066521888215
0.06735566642908054,0.18093496399588524
0.06753385602280827,0.18093496399588524
0.06753385602280827,0.1811635615498914
0.06762295081967214,0.1811635615498914
0.06762295081967214,0.1812778603268945
0.06771204561653599,0.1812778603268945
0.06771204561653599,0.18139215910389758
0.06780114041339985,0.18139215910389758
0.06780114041339985,0.1820779517659161
0.06797933000712758,0.1820779517659161
0.06797933000712758,0.18230654931992227
0.06815751960085531,0.18230654931992227
0.06815751960085531,0.18242084809692535
0.06824661439771917,0.18242084809692535
0.06824661439771917,0.18264944565093152
0.06833570919458304,0.18264944565093152
0.06833570919458304,0.1828780432049377
0.0684248039914469,0.1828780432049377
0.0684248039914469,0.18299234198194078
0.06851389878831077,0.18299234198194078
0.06851389878831077,0.18310664075894387
0.06869208838203848,0.18310664075894387
0.06869208838203848,0.1835638358669562
0.06895937277263008,0.1835638358669562
0.06895937277263008,0.18413532975197167
0.06904846756949394,0.18413532975197167
0.06904846756949394,0.18436392730597784
0.0691375623663578,0.18436392730597784
0.0691375623663578,0.1847068236369871
0.06922665716322167,0.1847068236369871
0.06922665716322167,0.18527831752200252
0.06931575196008553,0.18527831752200252
0.06931575196008553,0.18562121385301178
0.0694048467569494,0.18562121385301178
0.0694048467569494,0.18584981140701795
0.06958303635067713,0.18584981140701795
0.06958303635067713,0.18653560406903646
0.06967213114754098,0.18653560406903646
0.06967213114754098,0.18676420162304264
0.06976122594440484,0.18676420162304264
0.06976122594440484,0.1869927991770488
0.0698503207412687,0.1869927991770488
0.0698503207412687,0.18722139673105498
0.07002851033499644,0.18722139673105498
0.07002851033499644,0.1877928906160704
0.0701176051318603,0.1877928906160704
0.0701176051318603,0.1879071893930735
0.07029579472558803,0.1879071893930735
0.07029579472558803,0.18802148817007658
0.07047398431931576,0.18802148817007658
0.07047398431931576,0.18825008572408275
0.07056307911617961,0.18825008572408275
0.07056307911617961,0.188592982055092
0.07091945830363507,0.188592982055092
0.07091945830363507,0.1887072808320951
0.07100855310049893,0.1887072808320951
0.07100855310049893,0.18927877471711052
0.07118674269422666,0.18927877471711052
0.07118674269422666,0.1895073722711167
0.07127583749109052,0.1895073722711167
0.07127583749109052,0.18973596982512286
0.07136493228795439,0.18973596982512286
0.07136493228795439,0.18996456737912903
0.07145402708481825,0.18996456737912903
0.07145402708481825,0.19007886615613212
0.0715431218816821,0.19007886615613212
0.0715431218816821,0.19053606126414446
0.07163221667854597,0.19053606126414446
0.07163221667854597,0.1909932563721568
0.07172131147540983,0.1909932563721568
0.07172131147540983,0.1911075551491599
0.07189950106913756,0.1911075551491599
0.07189950106913756,0.19122185392616298
0.07198859586600143,0.19122185392616298
0.07198859586600143,0.19133615270316606
0.07207769066286529,0.19133615270316606
0.07207769066286529,0.19156475025717226
0.07216678545972915,0.19156475025717226
0.07216678545972915,0.19259343925020003
0.07225588025659302,0.19259343925020003
0.07225588025659302,0.1936221282432278
0.0725231646471846,0.1936221282432278
0.0725231646471846,0.19385072579723397
0.07261225944404846,0.19385072579723397
0.07261225944404846,0.19407932335124015
0.07270135424091233,0.19407932335124015
0.07270135424091233,0.19419362212824323
0.07287954383464006,0.19419362212824323
0.07287954383464006,0.1945365184592525
0.07305773342836779,0.1945365184592525
0.07305773342836779,0.19465081723625557
0.07314682822523165,0.19465081723625557
0.07314682822523165,0.1953366098982741
0.07332501781895938,0.1953366098982741
0.07332501781895938,0.19590810378328952
0.07341411261582323,0.19590810378328952
0.07341411261582323,0.19625100011429877
0.0735032074126871,0.19625100011429877
0.0735032074126871,0.1968224939993142
0.07359230220955096,0.1968224939993142
0.07359230220955096,0.1969367927763173
0.07368139700641482,0.1969367927763173
0.07368139700641482,0.19705109155332037
0.07377049180327869,0.19705109155332037
0.07377049180327869,0.19727968910732654
0.07403777619387028,0.19727968910732654
0.07403777619387028,0.19739398788432963
0.07412687099073414,0.19739398788432963
0.07412687099073414,0.19750828666133272
0.07421596578759801,0.19750828666133272
0.07421596578759801,0.19785118299234197
0.07430506058446187,0.19785118299234197
0.07430506058446187,0.19807978054634814
0.07439415538132572,0.19807978054634814
0.07439415538132572,0.19819407932335123
0.07448325017818959,0.19819407932335123
0.07448325017818959,0.1984226768773574
0.07475053456878118,0.1984226768773574
0.07475053456878118,0.19922276831637903
0.07483962936564505,0.19922276831637903
0.07483962936564505,0.19956566464738829
0.07492872416250891,0.19956566464738829
0.07492872416250891,0.20002285975540063
0.07510691375623664,0.20002285975540063
0.07510691375623664,0.2002514573094068
0.0751960085531005,0.2002514573094068
0.0751960085531005,0.20059435364041606
0.07528510334996436,0.20059435364041606
0.07528510334996436,0.20070865241741914
0.07564148253741981,0.20070865241741914
0.07564148253741981,0.20082295119442223
0.0759087669280114,0.20082295119442223
0.0759087669280114,0.2009372499714253
0.07599786172487527,0.2009372499714253
0.07599786172487527,0.20116584752543148
0.07608695652173914,0.20116584752543148
0.07608695652173914,0.20128014630243457
0.07626514611546685,0.20128014630243457
0.07626514611546685,0.20150874385644074
0.07635424091233071,0.20150874385644074
0.07635424091233071,0.20162304263344383
0.07644333570919458,0.20162304263344383
0.07644333570919458,0.20196593896445308
0.07653243050605844,0.20196593896445308
0.07653243050605844,0.20230883529546234
0.07662152530292231,0.20230883529546234
0.07662152530292231,0.2034518230654932
0.07671062009978617,0.2034518230654932
0.07671062009978617,0.20356612184249628
0.0768888096935139,0.20356612184249628
0.0768888096935139,0.20368042061949937
0.07697790449037777,0.20368042061949937
0.07697790449037777,0.20390901817350554
0.07706699928724163,0.20390901817350554
0.07706699928724163,0.2042519145045148
0.0771560940841055,0.2042519145045148
0.0771560940841055,0.2049377071665333
0.07724518888096935,0.2049377071665333
0.07724518888096935,0.20516630472053948
0.07733428367783321,0.20516630472053948
0.07733428367783321,0.20619499371356725
0.07742337847469707,0.20619499371356725
0.07742337847469707,0.2065378900445765
0.07751247327156094,0.2065378900445765
0.07751247327156094,0.20676648759858268
0.07777975766215253,0.20676648759858268
0.07777975766215253,0.20688078637558577
0.0778688524590164,0.20688078637558577
0.0778688524590164,0.20745228026060122
0.07795794725588026,0.20745228026060122
0.07795794725588026,0.2076808778146074
0.07804704205274413,0.2076808778146074
0.07804704205274413,0.20813807292261974
0.07813613684960798,0.20813807292261974
0.07813613684960798,0.20859526803063208
0.07822523164647184,0.20859526803063208
0.07822523164647184,0.20870956680763517
0.07840342124019957,0.20870956680763517
0.07840342124019957,0.20893816436164134
0.07849251603706343,0.20893816436164134
0.07849251603706343,0.20939535946965368
0.0785816108339273,0.20939535946965368
0.0785816108339273,0.20985255457766602
0.07893799002138276,0.20985255457766602
0.07893799002138276,0.2099668533546691
0.07902708481824662,0.2099668533546691
0.07902708481824662,0.21019545090867528
0.07911617961511047,0.21019545090867528
0.07911617961511047,0.21030974968567837
0.0792943692088382,0.21030974968567837
0.0792943692088382,0.2108812435706938
0.07938346400570206,0.2108812435706938
0.07938346400570206,0.21225282889473082
0.07947255880256593,0.21225282889473082
0.07947255880256593,0.212481426448737
0.0795616535994298,0.212481426448737
0.0795616535994298,0.21259572522574008
0.07973984319315752,0.21259572522574008
0.07973984319315752,0.21293862155674934
0.07982893799002139,0.21293862155674934
0.07982893799002139,0.21339581666476168
0.07991803278688525,0.21339581666476168
0.07991803278688525,0.21362441421876785
0.08000712758374912,0.21362441421876785
0.08000712758374912,0.21419590810378328
0.08009622238061297,0.21419590810378328
0.08009622238061297,0.21431020688078636
0.0802744119743407,0.21431020688078636
0.0802744119743407,0.21442450565778945
0.08036350677120456,0.21442450565778945
0.08036350677120456,0.21453880443479253
0.08045260156806842,0.21453880443479253
0.08045260156806842,0.2147674019887987
0.08089807555238775,0.2147674019887987
0.08089807555238775,0.2149959995428049
0.08125445473984319,0.2149959995428049
0.08125445473984319,0.21533889587381416
0.08143264433357092,0.21533889587381416
0.08143264433357092,0.21545319465081725
0.08152173913043478,0.21545319465081725
0.08152173913043478,0.21568179220482342
0.08169992872416251,0.21568179220482342
0.08169992872416251,0.2159103897588296
0.08178902352102638,0.2159103897588296
0.08178902352102638,0.21602468853583268
0.08187811831789024,0.21602468853583268
0.08187811831789024,0.21625328608983885
0.08196721311475409,0.21625328608983885
0.08196721311475409,0.21636758486684193
0.08205630791161796,0.21636758486684193
0.08205630791161796,0.21693907875185736
0.08214540270848182,0.21693907875185736
0.08214540270848182,0.2173962738598697
0.08223449750534569,0.2173962738598697
0.08223449750534569,0.21808206652188822
0.08232359230220955,0.21808206652188822
0.08232359230220955,0.2181963652988913
0.08250178189593728,0.2181963652988913
0.08250178189593728,0.21842496285289748
0.08267997148966501,0.21842496285289748
0.08267997148966501,0.21853926162990056
0.08285816108339274,0.21853926162990056
0.08285816108339274,0.21933935306892216
0.08312544547398432,0.21933935306892216
0.08312544547398432,0.22025374328494685
0.08330363506771205,0.22025374328494685
0.08330363506771205,0.22036804206194993
0.08348182466143977,0.22036804206194993
0.08348182466143977,0.2205966396159561
0.08357091945830364,0.2205966396159561
0.08357091945830364,0.22128243227797462
0.08374910905203137,0.22128243227797462
0.08374910905203137,0.22185392616299004
0.08383820384889522,0.22185392616299004
0.08383820384889522,0.22196822493999313
0.08401639344262295,0.22196822493999313
0.08401639344262295,0.22208252371699622
0.08419458303635068,0.22208252371699622
0.08419458303635068,0.2223111212710024
0.08428367783321454,0.2223111212710024
0.08428367783321454,0.22242542004800547
0.0843727726300784,0.22242542004800547
0.0843727726300784,0.22265401760201164
0.08464005702067,0.22265401760201164
0.08464005702067,0.2233398102640302
0.08472915181753386,0.2233398102640302
0.08472915181753386,0.22345410904103327
0.08490734141126158,0.22345410904103327
0.08490734141126158,0.22368270659503944
0.08499643620812544,0.22368270659503944
0.08499643620812544,0.22379700537204253
0.0850855310049893,0.22379700537204253
0.0850855310049893,0.22391130414904561
0.08517462580185317,0.22391130414904561
0.08517462580185317,0.22425420048005487
0.08526372059871704,0.22425420048005487
0.08526372059871704,0.22436849925705796
0.0853528153955809,0.22436849925705796
0.0853528153955809,0.22516859069607956
0.0856200997861725,0.22516859069607956
0.0856200997861725,0.22551148702708881
0.08579828937990021,0.22551148702708881
0.08579828937990021,0.2256257858040919
0.08588738417676407,0.2256257858040919
0.08588738417676407,0.22585438335809807
0.08597647897362794,0.22585438335809807
0.08597647897362794,0.2263115784661104
0.0860655737704918,0.2263115784661104
0.0860655737704918,0.2264258772431135
0.08615466856735567,0.2264258772431135
0.08615466856735567,0.22665447479711967
0.08624376336421953,0.22665447479711967
0.08624376336421953,0.22676877357412276
0.0863328581610834,0.22676877357412276
0.0863328581610834,0.22745456623614127
0.08642195295794726,0.22745456623614127
0.08642195295794726,0.22756886501314436
0.08651104775481112,0.22756886501314436
0.08651104775481112,0.2279117613441536
0.0867783321454027,0.2279117613441536
0.0867783321454027,0.2280260601211567
0.08686742694226657,0.2280260601211567
0.08686742694226657,0.22836895645216596
0.0870456165359943,0.22836895645216596
0.0870456165359943,0.22848325522916904
0.08722380612972203,0.22848325522916904
0.08722380612972203,0.2287118527831752
0.08731290092658589,0.2287118527831752
0.08731290092658589,0.22939764544519373
0.08740199572344975,0.22939764544519373
0.08740199572344975,0.2296262429991999
0.08749109052031362,0.2296262429991999
0.08749109052031362,0.22985484055320607
0.0877583749109052,0.22985484055320607
0.0877583749109052,0.22996913933020915
0.08793656450463293,0.22996913933020915
0.08793656450463293,0.23019773688421533
0.08802565930149679,0.23019773688421533
0.08802565930149679,0.2304263344382215
0.08811475409836066,0.2304263344382215
0.08811475409836066,0.23088352954623387
0.08820384889522452,0.23088352954623387
0.08820384889522452,0.23099782832323695
0.08838203848895225,0.23099782832323695
0.08838203848895225,0.23122642587724312
0.08864932287954383,0.23122642587724312
0.08864932287954383,0.2313407246542462
0.08882751247327156,0.2313407246542462
0.08882751247327156,0.2314550234312493
0.08891660727013542,0.2314550234312493
0.08891660727013542,0.23179791976225855
0.08900570206699929,0.23179791976225855
0.08900570206699929,0.23259801120128015
0.08909479686386315,0.23259801120128015
0.08909479686386315,0.23271230997828324
0.08927298645759088,0.23271230997828324
0.08927298645759088,0.23282660875528632
0.08936208125445474,0.23282660875528632
0.08936208125445474,0.2329409075322894
0.08945117605131861,0.2329409075322894
0.08945117605131861,0.23339810264030175
0.08962936564504632,0.23339810264030175
0.08962936564504632,0.23351240141730484
0.08980755523877405,0.23351240141730484
0.08980755523877405,0.233740998971311
0.09016393442622951,0.233740998971311
0.09016393442622951,0.23408389530232027
0.09025302922309338,0.23408389530232027
0.09025302922309338,0.23442679163332952
0.09034212401995724,0.23442679163332952
0.09034212401995724,0.2345410904103326
0.09052031361368496,0.2345410904103326
0.09052031361368496,0.23499828551834495
0.09060940841054882,0.23499828551834495
0.09060940841054882,0.23511258429534804
0.09069850320741268,0.23511258429534804
0.09069850320741268,0.23568407818036347
0.09078759800427655,0.23568407818036347
0.09078759800427655,0.23591267573436964
0.09087669280114041,0.23591267573436964
0.09087669280114041,0.2362555720653789
0.09105488239486814,0.2362555720653789
0.09105488239486814,0.23648416961938507
0.091143977191732,0.23648416961938507
0.091143977191732,0.23659846839638815
0.09132216678545974,0.23659846839638815
0.09132216678545974,0.23671276717339124
0.09158945117605131,0.23671276717339124
0.09158945117605131,0.2370556635044005
0.09167854597291518,0.2370556635044005
0.09167854597291518,0.23728426105840666
0.09185673556664291,0.23728426105840666
0.09185673556664291,0.23739855983540975
0.09194583036350677,0.23739855983540975
0.09194583036350677,0.23751285861241284
0.0921240199572345,0.23751285861241284
0.0921240199572345,0.237741456166419
0.09221311475409837,0.237741456166419
0.09221311475409837,0.23854154760544063
0.09239130434782608,0.23854154760544063
0.09239130434782608,0.2388844439364499
0.09256949394155381,0.2388844439364499
0.09256949394155381,0.23934163904446223
0.09265858873841767,0.23934163904446223
0.09265858873841767,0.2396845353754715
0.09274768353528154,0.2396845353754715
0.09274768353528154,0.23979883415247458
0.0928367783321454,0.23979883415247458
0.0928367783321454,0.24002743170648075
0.09292587312900927,0.24002743170648075
0.09292587312900927,0.24014173048348383
0.093104062722737,0.24014173048348383
0.093104062722737,0.24037032803749
0.09319315751960086,0.24037032803749
0.09319315751960086,0.24082752314550235
0.09328225231646471,0.24082752314550235
0.09328225231646471,0.24094182192250543
0.0935495367070563,0.24094182192250543
0.0935495367070563,0.2411704194765116
0.09363863150392017,0.2411704194765116
0.09363863150392017,0.2412847182535147
0.09372772630078403,0.2412847182535147
0.09372772630078403,0.24139901703051778
0.0938168210976479,0.24139901703051778
0.0938168210976479,0.24219910846953938
0.09399501069137563,0.24219910846953938
0.09399501069137563,0.24231340724654246
0.09417320028510336,0.24231340724654246
0.09417320028510336,0.2427706023545548
0.0942622950819672,0.2427706023545548
0.0942622950819672,0.2428849011315579
0.09444048467569494,0.2428849011315579
0.09444048467569494,0.24311349868556406
0.09461867426942266,0.24311349868556406
0.09461867426942266,0.24334209623957023
0.09497505345687812,0.24334209623957023
0.09497505345687812,0.24345639501657332
0.09506414825374199,0.24345639501657332
0.09506414825374199,0.2435706937935764
0.09515324305060585,0.2435706937935764
0.09515324305060585,0.24402788890158875
0.0952423378474697,0.24402788890158875
0.0952423378474697,0.24425648645559492
0.09542052744119743,0.24425648645559492
0.09542052744119743,0.244370785232598
0.0955096222380613,0.244370785232598
0.0955096222380613,0.24471368156360726
0.09568781183178902,0.24471368156360726
0.09568781183178902,0.24505657789461652
0.09613328581610833,0.24505657789461652
0.09613328581610833,0.2452851754486227
0.0962223806129722,0.2452851754486227
0.0962223806129722,0.24551377300262886
0.09631147540983606,0.24551377300262886
0.09631147540983606,0.24562807177963195
0.09640057020669993,0.24562807177963195
0.09640057020669993,0.24574237055663503
0.09657875980042765,0.24574237055663503
0.09657875980042765,0.24585666933363812
0.09675694939415538,0.24585666933363812
0.09675694939415538,0.2460852668876443
0.09702423378474698,0.2460852668876443
0.09702423378474698,0.24654246199565666
0.09711332858161083,0.24654246199565666
0.09711332858161083,0.24665676077265974
0.09720242337847469,0.24665676077265974
0.09720242337847469,0.24677105954966283
0.09738061297220242,0.24677105954966283
0.09738061297220242,0.246999657103669
0.09755880256593015,0.246999657103669
0.09755880256593015,0.24745685221168134
0.09764789736279401,0.24745685221168134
0.09764789736279401,0.24757115098868443
0.09773699215965788,0.24757115098868443
0.09773699215965788,0.2477997485426906
0.09782608695652174,0.2477997485426906
0.09782608695652174,0.2479140473196937
0.09791518175338561,0.2479140473196937
0.09791518175338561,0.24825694365070294
0.09818246614397719,0.24825694365070294
0.09818246614397719,0.24882843753571837
0.09827156094084105,0.24882843753571837
0.09827156094084105,0.24894273631272146
0.09836065573770492,0.24894273631272146
0.09836065573770492,0.24905703508972454
0.09844975053456878,0.24905703508972454
0.09844975053456878,0.24917133386672763
0.09853884533143265,0.24917133386672763
0.09853884533143265,0.24951423019773689
0.09862794012829651,0.24951423019773689
0.09862794012829651,0.24962852897473997
0.09871703492516037,0.24962852897473997
0.09871703492516037,0.24985712652874614
0.09880612972202424,0.24985712652874614
0.09880612972202424,0.2502000228597554
0.0988952245188881,0.2502000228597554
0.0988952245188881,0.25042862041376157
0.09898431931575195,0.25042862041376157
0.09898431931575195,0.2508858155217739
0.09907341411261582,0.2508858155217739
0.09907341411261582,0.251000114298777
0.09916250890947968,0.251000114298777
0.09916250890947968,0.2511144130757801
0.09934069850320741,0.2511144130757801
0.09934069850320741,0.25134301062978626
0.09942979330007128,0.25134301062978626
0.09942979330007128,0.2516859069607955
0.09951888809693514,0.2516859069607955
0.09951888809693514,0.252371699622814
0.09969707769066287,0.252371699622814
0.09969707769066287,0.25282889473082637
0.0998752672843906,0.25282889473082637
0.0998752672843906,0.25305749228483254
0.10005345687811831,0.25305749228483254
0.10005345687811831,0.2531717910618356
0.10014255167498218,0.2531717910618356
0.10014255167498218,0.2532860898388387
0.10023164647184604,0.2532860898388387
0.10023164647184604,0.25362898616984797
0.10023164647184604,0.25385758372385414
0.10023164647184604,0.2539718825008572
0.1003207412687099,0.2539718825008572
0.1003207412687099,0.25442907760886957
0.10040983606557377,0.25442907760886957
0.10040983606557377,0.25454337638587266
0.1005880256593015,0.25454337638587266
0.1005880256593015,0.25465767516287574
0.10067712045616536,0.25465767516287574
0.10067712045616536,0.2548862727168819
0.10076621525302923,0.2548862727168819
0.10076621525302923,0.25522916904789117
0.10094440484675694,0.25522916904789117
0.10094440484675694,0.2555720653789004
0.1013007840342124,0.2555720653789004
0.1013007840342124,0.2558006629329066
0.10138987883107627,0.2558006629329066
0.10138987883107627,0.25602926048691277
0.10174625801853172,0.25602926048691277
0.10174625801853172,0.2566007543719282
0.10192444761225944,0.2566007543719282
0.10192444761225944,0.2567150531489313
0.1020135424091233,0.2567150531489313
0.1020135424091233,0.25682935192593437
0.10210263720598717,0.25682935192593437
0.10210263720598717,0.25705794947994054
0.1022808267997149,0.25705794947994054
0.1022808267997149,0.2571722482569436
0.10236992159657876,0.2571722482569436
0.10236992159657876,0.2574008458109498
0.10254811119030649,0.2574008458109498
0.10254811119030649,0.2575151445879529
0.10272630078403422,0.2575151445879529
0.10272630078403422,0.25774374214195905
0.10290449037776193,0.25774374214195905
0.10290449037776193,0.25820093724997145
0.10326086956521739,0.25820093724997145
0.10326086956521739,0.25831523602697454
0.10352815395580899,0.25831523602697454
0.10352815395580899,0.2586581323579838
0.10361724875267285,0.2586581323579838
0.10361724875267285,0.2587724311349869
0.1037063435495367,0.2587724311349869
0.1037063435495367,0.2595725225740085
0.10406272273699216,0.2595725225740085
0.10406272273699216,0.260258315236027
0.10424091233071989,0.260258315236027
0.10424091233071989,0.26060121156703625
0.10433000712758375,0.26060121156703625
0.10433000712758375,0.26071551034403934
0.10441910192444762,0.26071551034403934
0.10441910192444762,0.2609441078980455
0.10459729151817534,0.2609441078980455
0.10459729151817534,0.2610584066750486
0.10477548111190306,0.2610584066750486
0.10477548111190306,0.261629900560064
0.10495367070563079,0.261629900560064
0.10495367070563079,0.2617441993370671
0.10504276550249465,0.2617441993370671
0.10504276550249465,0.2619727968910733
0.10522095509622238,0.2619727968910733
0.10522095509622238,0.26208709566807636
0.10531004989308625,0.26208709566807636
0.10531004989308625,0.26231569322208254
0.10566642908054169,0.26231569322208254
0.10566642908054169,0.26300148588410105
0.10593371347113328,0.26300148588410105
0.10593371347113328,0.2635729797691165
0.10629009265858874,0.2635729797691165
0.10629009265858874,0.26368727854611956
0.1063791874554526,0.26368727854611956
0.1063791874554526,0.26391587610012573
0.10646828225231647,0.26391587610012573
0.10646828225231647,0.2640301748771288
0.10655737704918032,0.2640301748771288
0.10655737704918032,0.2643730712081381
0.10664647184604419,0.2643730712081381
0.10664647184604419,0.26448736998514116
0.10673556664290805,0.26448736998514116
0.10673556664290805,0.26460166876214425
0.10691375623663578,0.26460166876214425
0.10691375623663578,0.2648302663161504
0.10709194583036351,0.2648302663161504
0.10709194583036351,0.2651731626471597
0.10718104062722737,0.2651731626471597
0.10718104062722737,0.26528746142416276
0.1073592302209551,0.26528746142416276
0.1073592302209551,0.2659732540861813
0.10744832501781897,0.2659732540861813
0.10744832501781897,0.2664304491941936
0.10753741981468282,0.2664304491941936
0.10753741981468282,0.2667733455252029
0.10762651461154668,0.2667733455252029
0.10762651461154668,0.26700194307920905
0.10771560940841055,0.26700194307920905
0.10771560940841055,0.26711624185621213
0.10789379900213827,0.26711624185621213
0.10789379900213827,0.2673448394102183
0.10798289379900214,0.2673448394102183
0.10798289379900214,0.2674591381872214
0.108071988595866,0.2674591381872214
0.108071988595866,0.26768773574122756
0.10816108339272987,0.26768773574122756
0.10816108339272987,0.2681449308492399
0.10851746258018531,0.2681449308492399
0.10851746258018531,0.2683735284032461
0.10860655737704918,0.2683735284032461
0.10860655737704918,0.26860212595725225
0.1087847469707769,0.26860212595725225
0.1087847469707769,0.26871642473425533
0.10887384176764077,0.26871642473425533
0.10887384176764077,0.2688307235112584
0.1090520313613685,0.2688307235112584
0.1090520313613685,0.2689450222882615
0.10931931575196009,0.2689450222882615
0.10931931575196009,0.26951651617327693
0.10940841054882394,0.26951651617327693
0.10940841054882394,0.27031660761229853
0.10958660014255167,0.27031660761229853
0.10958660014255167,0.2705452051663047
0.10967569493941554,0.2705452051663047
0.10967569493941554,0.27168819293633556
0.1097647897362794,0.27168819293633556
0.1097647897362794,0.27180249171333865
0.110032074126871,0.27180249171333865
0.110032074126871,0.2721453880443479
0.11012116892373486,0.2721453880443479
0.11012116892373486,0.27248828437535716
0.11038845331432644,0.27248828437535716
0.11038845331432644,0.2729454794833695
0.11056664290805417,0.2729454794833695
0.11056664290805417,0.27340267459138184
0.11065573770491803,0.27340267459138184
0.11065573770491803,0.27363127214538807
0.1107448325017819,0.27363127214538807
0.1107448325017819,0.27374557092239116
0.11092302209550962,0.27374557092239116
0.11092302209550962,0.27385986969939424
0.11119030648610122,0.27385986969939424
0.11119030648610122,0.27397416847639733
0.11127940128296507,0.27397416847639733
0.11127940128296507,0.2742027660304035
0.11136849607982893,0.2742027660304035
0.11136849607982893,0.27465996113841584
0.1114575908766928,0.27465996113841584
0.1114575908766928,0.27477425991541893
0.11154668567355666,0.27477425991541893
0.11154668567355666,0.2751171562464282
0.11163578047042053,0.2751171562464282
0.11163578047042053,0.27523145502343127
0.11172487526728439,0.27523145502343127
0.11172487526728439,0.27534575380043436
0.11190306486101212,0.27534575380043436
0.11190306486101212,0.27546005257743744
0.11199215965787598,0.27546005257743744
0.11199215965787598,0.2756886501314436
0.11217034925160371,0.2756886501314436
0.11217034925160371,0.2766030403474683
0.11225944404846756,0.2766030403474683
0.11225944404846756,0.2767173391244714
0.11243763364219529,0.2767173391244714
0.11243763364219529,0.27683163790147447
0.11252672843905916,0.27683163790147447
0.11252672843905916,0.2772888330094868
0.11261582323592302,0.2772888330094868
0.11261582323592302,0.2774031317864899
0.11270491803278689,0.2774031317864899
0.11270491803278689,0.277517430563493
0.11279401282965075,0.277517430563493
0.11279401282965075,0.2780889244485084
0.11306129722024234,0.2780889244485084
0.11306129722024234,0.27843182077951767
0.11323948681397006,0.27843182077951767
0.11323948681397006,0.27866041833352384
0.11341767640769779,0.27866041833352384
0.11341767640769779,0.2787747171105269
0.11350677120456165,0.2787747171105269
0.11350677120456165,0.2790033146645331
0.11359586600142552,0.2790033146645331
0.11359586600142552,0.2791176134415362
0.11368496079828938,0.2791176134415362
0.11368496079828938,0.27934621099554235
0.11377405559515325,0.27934621099554235
0.11377405559515325,0.2799177048805578
0.11386315039201711,0.2799177048805578
0.11386315039201711,0.2803748999885701
0.11395224518888097,0.2803748999885701
0.11395224518888097,0.2804891987655732
0.11404133998574484,0.2804891987655732
0.11404133998574484,0.28106069265058864
0.11413043478260869,0.28106069265058864
0.11413043478260869,0.2812892902045948
0.11421952957947255,0.2812892902045948
0.11421952957947255,0.281517887758601
0.11430862437633642,0.281517887758601
0.11430862437633642,0.28174648531260715
0.11439771917320028,0.28174648531260715
0.11439771917320028,0.28186078408961024
0.11457590876692801,0.28186078408961024
0.11457590876692801,0.2820893816436164
0.11475409836065574,0.2820893816436164
0.11475409836065574,0.2822036804206195
0.1148431931575196,0.2822036804206195
0.1148431931575196,0.2823179791976226
0.11493228795438347,0.2823179791976226
0.11493228795438347,0.28243227797462567
0.11519957234497505,0.28243227797462567
0.11519957234497505,0.2831180706366442
0.11528866714183891,0.2831180706366442
0.11528866714183891,0.28323236941364727
0.11537776193870278,0.28323236941364727
0.11537776193870278,0.28334666819065035
0.11564504632929437,0.28334666819065035
0.11564504632929437,0.28346096696765344
0.1158232359230221,0.28346096696765344
0.1158232359230221,0.2835752657446565
0.11591233071988596,0.2835752657446565
0.11591233071988596,0.2836895645216596
0.11609052031361368,0.2836895645216596
0.11609052031361368,0.2839181620756658
0.11617961511047754,0.2839181620756658
0.11617961511047754,0.28426105840667504
0.11635780470420527,0.28426105840667504
0.11635780470420527,0.2846039547376843
0.116535994297933,0.2846039547376843
0.116535994297933,0.28483255229169047
0.11662508909479687,0.28483255229169047
0.11662508909479687,0.28494685106869355
0.1168032786885246,0.28494685106869355
0.1168032786885246,0.28506114984569664
0.11689237348538846,0.28506114984569664
0.11689237348538846,0.2851754486226997
0.11698146828225231,0.2851754486226997
0.11698146828225231,0.2852897473997028
0.1172487526728439,0.2852897473997028
0.1172487526728439,0.2854040461767059
0.11733784746970777,0.2854040461767059
0.11733784746970777,0.28574694250771515
0.1175160370634355,0.28574694250771515
0.1175160370634355,0.2860898388387244
0.11760513186029936,0.2860898388387244
0.11760513186029936,0.2863184363927306
0.11778332145402709,0.2863184363927306
0.11778332145402709,0.28654703394673675
0.11787241625089095,0.28654703394673675
0.11787241625089095,0.2871185278317522
0.11813970064148253,0.2871185278317522
0.11813970064148253,0.28746142416276144
0.1182287954383464,0.28746142416276144
0.1182287954383464,0.2879186192707738
0.11831789023521026,0.2879186192707738
0.11831789023521026,0.2883758143787861
0.11840698503207413,0.2883758143787861
0.11840698503207413,0.2884901131557892
0.11849607982893799,0.2884901131557892
0.11849607982893799,0.2886044119327923
0.11858517462580186,0.2886044119327923
0.11858517462580186,0.28883300948679846
0.11867426942266572,0.28883300948679846
0.11867426942266572,0.28894730826380155
0.1189415538132573,0.28894730826380155
0.1189415538132573,0.28906160704080464
0.11911974340698503,0.28906160704080464
0.11911974340698503,0.28951880214881703
0.1192088382038489,0.28951880214881703
0.1192088382038489,0.2896331009258201
0.11938702779757662,0.2896331009258201
0.11938702779757662,0.2897473997028232
0.11956521739130435,0.2897473997028232
0.11956521739130435,0.29031889358783863
0.12001069137562366,0.29031889358783863
0.12001069137562366,0.2905474911418448
0.12018888096935139,0.2905474911418448
0.12018888096935139,0.2906617899188479
0.12036707056307912,0.2906617899188479
0.12036707056307912,0.29089038747285406
0.12045616535994298,0.29089038747285406
0.12045616535994298,0.2912332838038633
0.12054526015680685,0.2912332838038633
0.12054526015680685,0.2913475825808664
0.12072344975053458,0.2913475825808664
0.12072344975053458,0.2914618813578695
0.12107982893799002,0.2914618813578695
0.12107982893799002,0.2915761801348726
0.12125801853171775,0.2915761801348726
0.12125801853171775,0.29169047891187566
0.12134711332858161,0.29169047891187566
0.12134711332858161,0.29191907646588183
0.12143620812544548,0.29191907646588183
0.12143620812544548,0.29260486912790035
0.1216143977191732,0.29260486912790035
0.1216143977191732,0.2928334666819065
0.12179258731290092,0.2928334666819065
0.12179258731290092,0.2929477654589096
0.12205987170349251,0.2929477654589096
0.12205987170349251,0.2930620642359127
0.12232715609408411,0.2930620642359127
0.12232715609408411,0.29340496056692195
0.1225944404846757,0.29340496056692195
0.1225944404846757,0.2938621556749343
0.12268353528153955,0.2938621556749343
0.12268353528153955,0.2939764544519374
0.12286172487526728,0.2939764544519374
0.12286172487526728,0.29420505200594355
0.12295081967213115,0.29420505200594355
0.12295081967213115,0.2946622471139559
0.12303991446899501,0.2946622471139559
0.12303991446899501,0.294776545890959
0.12312900926585887,0.294776545890959
0.12312900926585887,0.29511944222196823
0.12321810406272274,0.29511944222196823
0.12321810406272274,0.2952337409989713
0.12339629365645047,0.2952337409989713
0.12339629365645047,0.29580523488398675
0.1235744832501782,0.29580523488398675
0.1235744832501782,0.2963767287690022
0.12393086243763364,0.2963767287690022
0.12393086243763364,0.29649102754600526
0.1240199572344975,0.29649102754600526
0.1240199572344975,0.29671962510001143
0.12410905203136137,0.29671962510001143
0.12410905203136137,0.2968339238770145
0.12419814682822523,0.2968339238770145
0.12419814682822523,0.2970625214310207
0.1242872416250891,0.2970625214310207
0.1242872416250891,0.29729111898502686
0.12446543121881683,0.29729111898502686
0.12446543121881683,0.29740541776202994
0.12464362081254454,0.29740541776202994
0.12464362081254454,0.2976340153160361
0.12482181040627227,0.2976340153160361
0.12482181040627227,0.2984341067550577
0.12491090520313614,0.2984341067550577
0.12491090520313614,0.2986627043090639
0.125,0.2986627043090639
0.125,0.29889130186307006
0.12508909479686386,0.29889130186307006
0.12508909479686386,0.29900560064007314
0.12517818959372773,0.29900560064007314
0.12517818959372773,0.29911989941707623
0.1252672843905916,0.29911989941707623
0.1252672843905916,0.2993484969710824
0.12535637918745546,0.2993484969710824
0.12535637918745546,0.3000342896331009
0.12562366357804705,0.3000342896331009
0.12562366357804705,0.300148588410104
0.12571275837491092,0.300148588410104
0.12571275837491092,0.30072008229511943
0.12580185317177478,0.30072008229511943
0.12580185317177478,0.30140587495713794
0.12598004276550248,0.30140587495713794
0.12598004276550248,0.3018630700651503
0.12624732715609407,0.3018630700651503
0.12624732715609407,0.30232026517316263
0.12633642195295794,0.30232026517316263
0.12633642195295794,0.3025488627271688
0.1264255167498218,0.3025488627271688
0.1264255167498218,0.3026631615041719
0.12651461154668567,0.3026631615041719
0.12651461154668567,0.3031203566121842
0.12660370634354953,0.3031203566121842
0.12660370634354953,0.3034632529431935
0.1266928011404134,0.3034632529431935
0.1266928011404134,0.30369185049719966
0.12678189593727726,0.30369185049719966
0.12678189593727726,0.3039204480512058
0.12687099073414113,0.3039204480512058
0.12687099073414113,0.304149045605212
0.126960085531005,0.304149045605212
0.126960085531005,0.3042633443822151
0.1274055595153243,0.3042633443822151
0.1274055595153243,0.30449194193622126
0.12758374910905204,0.30449194193622126
0.12758374910905204,0.3047205394902275
0.1276728439059159,0.3047205394902275
0.1276728439059159,0.30483483826723057
0.12776193870277977,0.30483483826723057
0.12776193870277977,0.30494913704423365
0.1278510334996436,0.30494913704423365
0.1278510334996436,0.305406332152246
0.12802922309337134,0.305406332152246
0.12802922309337134,0.30563492970625217
0.1283856022808268,0.30563492970625217
0.1283856022808268,0.3060921248142645
0.12847469707769066,0.3060921248142645
0.12847469707769066,0.3062064235912676
0.1286528866714184,0.3062064235912676
0.1286528866714184,0.3063207223682707
0.12900926585887385,0.3063207223682707
0.12900926585887385,0.30666361869927994
0.12918745545260157,0.30666361869927994
0.12918745545260157,0.3071208138072923
0.12945473984319317,0.3071208138072923
0.12945473984319317,0.30746371013830154
0.12954383464005703,0.30746371013830154
0.12954383464005703,0.3076923076923077
0.1296329294369209,0.3076923076923077
0.1296329294369209,0.3078066064693108
0.12990021382751246,0.3078066064693108
0.12990021382751246,0.30803520402331697
0.12998930862437633,0.30803520402331697
0.12998930862437633,0.30826380157732314
0.13043478260869565,0.30826380157732314
0.13043478260869565,0.3083781003543262
0.1305238774055595,0.3083781003543262
0.1305238774055595,0.30883529546233857
0.13061297220242338,0.30883529546233857
0.13061297220242338,0.30894959423934165
0.13070206699928724,0.30894959423934165
0.13070206699928724,0.3091781917933478
0.1307911617961511,0.3091781917933478
0.1307911617961511,0.309406789347354
0.13088025659301497,0.309406789347354
0.13088025659301497,0.30963538690136017
0.13096935138987884,0.30963538690136017
0.13096935138987884,0.3099782832323694
0.1310584461867427,0.3099782832323694
0.1310584461867427,0.3103211795633787
0.1313257305773343,0.3103211795633787
0.1313257305773343,0.31043547834038177
0.13141482537419816,0.31043547834038177
0.13141482537419816,0.310778374671391
0.13150392017106202,0.310778374671391
0.13150392017106202,0.3108926734483941
0.13168210976478972,0.3108926734483941
0.13168210976478972,0.31134986855640645
0.1317712045616536,0.31134986855640645
0.1317712045616536,0.31146416733340954
0.13194939415538132,0.31146416733340954
0.13194939415538132,0.3115784661104126
0.13203848895224518,0.3115784661104126
0.13203848895224518,0.3116927648874157
0.13212758374910905,0.3116927648874157
0.13212758374910905,0.3118070636644188
0.1322166785459729,0.3118070636644188
0.1322166785459729,0.31203566121842496
0.1324839629365645,0.31203566121842496
0.1324839629365645,0.31226425877243114
0.13257305773342837,0.31226425877243114
0.13257305773342837,0.3123785575494342
0.1327512473271561,0.3123785575494342
0.1327512473271561,0.3124928563264373
0.13284034212401996,0.3124928563264373
0.13284034212401996,0.31283575265744656
0.1330185317177477,0.31283575265744656
0.1330185317177477,0.31306435021145274
0.13310762651461155,0.31306435021145274
0.13310762651461155,0.3135215453194651
0.13337491090520315,0.3135215453194651
0.13337491090520315,0.31386444165047434
0.133464005702067,0.31386444165047434
0.133464005702067,0.3142073379814836
0.13355310049893085,0.3142073379814836
0.13355310049893085,0.31455023431249285
0.1336421952957947,0.31455023431249285
0.1336421952957947,0.3150074294205052
0.13373129009265858,0.3150074294205052
0.13373129009265858,0.31523602697451136
0.13382038488952244,0.31523602697451136
0.13382038488952244,0.31546462452851753
0.1339094796863863,0.31546462452851753
0.1339094796863863,0.3158075208595268
0.13399857448325017,0.3158075208595268
0.13399857448325017,0.31615041719053605
0.13408766928011404,0.31615041719053605
0.13408766928011404,0.3163790147445422
0.1341767640769779,0.3163790147445422
0.1341767640769779,0.3164933135215453
0.13435495367070563,0.3164933135215453
0.13435495367070563,0.3167219110755515
0.1344440484675695,0.3167219110755515
0.1344440484675695,0.31706480740656073
0.13453314326443336,0.31706480740656073
0.13453314326443336,0.3172934049605669
0.13462223806129722,0.3172934049605669
0.13462223806129722,0.3175220025145731
0.1347113328581611,0.3175220025145731
0.1347113328581611,0.3179791976225854
0.13480042765502495,0.3179791976225854
0.13480042765502495,0.3180934963995885
0.13488952245188882,0.3180934963995885
0.13488952245188882,0.31843639273059776
0.13497861724875268,0.31843639273059776
0.13497861724875268,0.31866499028460393
0.13506771204561654,0.31866499028460393
0.13506771204561654,0.3188935878386101
0.13542409123307197,0.3188935878386101
0.13542409123307197,0.3190078866156132
0.13569137562366357,0.3190078866156132
0.13569137562366357,0.3191221853926163
0.1358695652173913,0.3191221853926163
0.1358695652173913,0.31923648416961936
0.13595866001425516,0.31923648416961936
0.13595866001425516,0.3195793805006286
0.13604775481111903,0.3195793805006286
0.13604775481111903,0.3196936792776317
0.13622594440484675,0.3196936792776317
0.13622594440484675,0.3199222768316379
0.13667141838916608,0.3199222768316379
0.13667141838916608,0.32026517316264713
0.13676051318602994,0.32026517316264713
0.13676051318602994,0.32049377071665336
0.13702779757662154,0.32049377071665336
0.13702779757662154,0.32060806949365644
0.13720598717034926,0.32060806949365644
0.13720598717034926,0.32072236827065953
0.13738417676407697,0.32072236827065953
0.13738417676407697,0.3208366670476626
0.1375623663578047,0.3208366670476626
0.1375623663578047,0.32129386215567496
0.13809693513898788,0.32129386215567496
0.13809693513898788,0.32140816093267804
0.1382751247327156,0.32140816093267804
0.1382751247327156,0.32152245970968113
0.13889878831076266,0.32152245970968113
0.13889878831076266,0.3217510572636873
0.13916607270135425,0.3217510572636873
0.13916607270135425,0.32209395359469656
0.1392551674982181,0.32209395359469656
0.1392551674982181,0.3224368499257058
0.13943335709194582,0.3224368499257058
0.13943335709194582,0.32312264258772433
0.13961154668567355,0.32312264258772433
0.13961154668567355,0.3232369413647274
0.139967925873129,0.3232369413647274
0.139967925873129,0.3234655389187336
0.14005702066999287,0.3234655389187336
0.14005702066999287,0.32357983769573667
0.14014611546685674,0.32357983769573667
0.14014611546685674,0.32369413647273976
0.14032430506058446,0.32369413647273976
0.14032430506058446,0.32380843524974284
0.1405024946543122,0.32380843524974284
0.1405024946543122,0.32392273402674593
0.14059158945117606,0.32392273402674593
0.14059158945117606,0.324037032803749
0.14068068424803992,0.324037032803749
0.14068068424803992,0.32449422791176136
0.14103706343549538,0.32449422791176136
0.14103706343549538,0.32460852668876444
0.14112615823235922,0.32460852668876444
0.14112615823235922,0.3248371242427706
0.14121525302922308,0.3248371242427706
0.14121525302922308,0.3256372156817922
0.1413934426229508,0.3256372156817922
0.1413934426229508,0.32598011201280147
0.1416607270135424,0.32598011201280147
0.1416607270135424,0.3264373071208138
0.14174982181040627,0.3264373071208138
0.14174982181040627,0.3265516058978169
0.14183891660727013,0.3265516058978169
0.14183891660727013,0.32689450222882616
0.14210620099786173,0.32689450222882616
0.14210620099786173,0.32700880100582924
0.14228439059158945,0.32700880100582924
0.14228439059158945,0.3274659961138416
0.14237348538845332,0.3274659961138416
0.14237348538845332,0.32780889244485084
0.14246258018531718,0.32780889244485084
0.14246258018531718,0.3279231912218539
0.14272986457590878,0.3279231912218539
0.14272986457590878,0.32838038632986627
0.14281895937277264,0.32838038632986627
0.14281895937277264,0.32860898388387244
0.14299714896650034,0.32860898388387244
0.14299714896650034,0.3289518802148817
0.1430862437633642,0.3289518802148817
0.1430862437633642,0.32929477654589095
0.14326443335709194,0.32929477654589095
0.14326443335709194,0.3296376728769002
0.14344262295081966,0.3296376728769002
0.14344262295081966,0.3297519716539033
0.14353171774768353,0.3297519716539033
0.14353171774768353,0.32998056920790947
0.14370990734141126,0.32998056920790947
0.14370990734141126,0.3303234655389187
0.143888096935139,0.3303234655389187
0.143888096935139,0.3305520630929249
0.14406628652886672,0.3305520630929249
0.14406628652886672,0.330666361869928
0.14415538132573058,0.330666361869928
0.14415538132573058,0.3314664533089496
0.1443335709194583,0.3314664533089496
0.1443335709194583,0.33180934963995884
0.14451176051318604,0.33180934963995884
0.14451176051318604,0.3319236484169619
0.1446008553100499,0.3319236484169619
0.1446008553100499,0.3321522459709681
0.14468995010691377,0.3321522459709681
0.14468995010691377,0.3322665447479712
0.1448681397006415,0.3322665447479712
0.1448681397006415,0.3327237398559835
0.14495723449750533,0.3327237398559835
0.14495723449750533,0.3343239227340267
0.14513542409123306,0.3343239227340267
0.14513542409123306,0.3344382215110298
0.1453136136849608,0.3344382215110298
0.1453136136849608,0.3351240141730483
0.14540270848182466,0.3351240141730483
0.14540270848182466,0.33558120928106067
0.14549180327868852,0.33558120928106067
0.14549180327868852,0.33603840438907306
0.14558089807555238,0.33603840438907306
0.14558089807555238,0.33615270316607615
0.14566999287241625,0.33615270316607615
0.14566999287241625,0.33626700194307924
0.1457590876692801,0.33626700194307924
0.1457590876692801,0.3364955994970854
0.14584818246614398,0.3364955994970854
0.14584818246614398,0.3367241970510916
0.14593727726300784,0.3367241970510916
0.14593727726300784,0.33683849582809466
0.1460263720598717,0.33683849582809466
0.1460263720598717,0.33706709338210084
0.14647184604419103,0.33706709338210084
0.14647184604419103,0.3371813921591039
0.1465609408410549,0.3371813921591039
0.1465609408410549,0.3374099897131101
0.14665003563791876,0.3374099897131101
0.14665003563791876,0.3375242884901132
0.14673913043478262,0.3375242884901132
0.14673913043478262,0.33763858726711626
0.14682822523164646,0.33763858726711626
0.14682822523164646,0.33786718482112243
0.14691732002851032,0.33786718482112243
0.14691732002851032,0.3379814835981255
0.1470064148253742,0.3379814835981255
0.1470064148253742,0.3382100811521317
0.14709550962223805,0.3382100811521317
0.14709550962223805,0.33843867870613786
0.14727369921596578,0.33843867870613786
0.14727369921596578,0.33855297748314095
0.1474518888096935,0.33855297748314095
0.1474518888096935,0.3387815750371471
0.14754098360655737,0.3387815750371471
0.14754098360655737,0.3390101725911533
0.14763007840342124,0.3390101725911533
0.14763007840342124,0.33935306892216255
0.1477191732002851,0.33935306892216255
0.1477191732002851,0.3395816664761687
0.14780826799714897,0.3395816664761687
0.14780826799714897,0.339924562807178
0.14789736279401283,0.339924562807178
0.14789736279401283,0.34003886158418106
0.1482537419814683,0.34003886158418106
0.1482537419814683,0.34026745913818723
0.14834283677833215,0.34026745913818723
0.14834283677833215,0.3403817579151903
0.14852102637205988,0.3403817579151903
0.14852102637205988,0.3407246542461996
0.14878831076265145,0.3407246542461996
0.14878831076265145,0.34083895302320266
0.14896650035637918,0.34083895302320266
0.14896650035637918,0.34106755057720883
0.14923378474697077,0.34106755057720883
0.14923378474697077,0.3414104469082181
0.14932287954383464,0.3414104469082181
0.14932287954383464,0.3415247456852212
0.1494119743406985,0.3415247456852212
0.1494119743406985,0.34163904446222426
0.14950106913756236,0.34163904446222426
0.14950106913756236,0.3420962395702366
0.1496792587312901,0.3420962395702366
0.1496792587312901,0.3422105383472397
0.14976835352815396,0.3422105383472397
0.14976835352815396,0.34243913590124586
0.14985744832501782,0.34243913590124586
0.14985744832501782,0.34255343467824895
0.1499465431218817,0.34255343467824895
0.1499465431218817,0.34266773345525203
0.15003563791874555,0.34266773345525203
0.15003563791874555,0.3428963310092582
0.15012473271560942,0.3428963310092582
0.15012473271560942,0.3431249285632644
0.15048111190306487,0.3431249285632644
0.15048111190306487,0.34346782489427363
0.15065930149679257,0.34346782489427363
0.15065930149679257,0.3438107212252829
0.15092658588738417,0.3438107212252829
0.15092658588738417,0.34403931877928906
0.1511047754811119,0.34403931877928906
0.1511047754811119,0.34415361755629215
0.15119387027797576,0.34415361755629215
0.15119387027797576,0.34426791633329523
0.15146115466856735,0.34426791633329523
0.15146115466856735,0.3443822151102983
0.15155024946543122,0.3443822151102983
0.15155024946543122,0.3444965138873014
0.15172843905915895,0.3444965138873014
0.15172843905915895,0.3446108126643045
0.1518175338560228,0.3446108126643045
0.1518175338560228,0.3447251114413076
0.15199572344975054,0.3447251114413076
0.15199572344975054,0.345296605326323
0.15217391304347827,0.345296605326323
0.15217391304347827,0.3455252028803292
0.152352102637206,0.3455252028803292
0.152352102637206,0.34575380043433535
0.1525302922309337,0.34575380043433535
0.1525302922309337,0.34586809921133843
0.15261938702779757,0.34586809921133843
0.15261938702779757,0.3459823979883415
0.15270848182466143,0.3459823979883415
0.15270848182466143,0.3462109955423477
0.1527975766215253,0.3462109955423477
0.1527975766215253,0.3463252943193508
0.15288667141838916,0.3463252943193508
0.15288667141838916,0.34643959309635386
0.15297576621525302,0.34643959309635386
0.15297576621525302,0.34666819065036003
0.1530648610121169,0.34666819065036003
0.1530648610121169,0.34723968453537546
0.15333214540270848,0.34723968453537546
0.15333214540270848,0.3476968796433878
0.15359942979330007,0.3476968796433878
0.15359942979330007,0.347925477197394
0.15368852459016394,0.347925477197394
0.15368852459016394,0.34803977597439706
0.1537776193870278,0.34803977597439706
0.1537776193870278,0.34815407475140014
0.15395580898075553,0.34815407475140014
0.15395580898075553,0.3483826723054063
0.15413399857448326,0.3483826723054063
0.15413399857448326,0.3484969710824094
0.15422309337134713,0.3484969710824094
0.15422309337134713,0.3486112698594125
0.15440128296507483,0.3486112698594125
0.15440128296507483,0.34895416619042174
0.1544903777619387,0.34895416619042174
0.1544903777619387,0.34906846496742483
0.15466856735566642,0.34906846496742483
0.15466856735566642,0.3491827637444279
0.15502494654312188,0.3491827637444279
0.15502494654312188,0.3494113612984341
0.15511404133998574,0.3494113612984341
0.15511404133998574,0.3495256600754372
0.1552031361368496,0.3495256600754372
0.1552031361368496,0.34986855640644643
0.1554704205274412,0.34986855640644643
0.1554704205274412,0.3499828551834495
0.15555951532430506,0.3499828551834495
0.15555951532430506,0.3500971539604526
0.15591589451176052,0.3500971539604526
0.15591589451176052,0.3502114527374557
0.15609408410548825,0.3502114527374557
0.15609408410548825,0.3508972453994742
0.156895937277263,0.3508972453994742
0.156895937277263,0.3510115441764773
0.15698503207412687,0.3510115441764773
0.15698503207412687,0.35112584295348037
0.15707412687099073,0.35112584295348037
0.15707412687099073,0.35146873928448963
0.1571632216678546,0.35146873928448963
0.1571632216678546,0.35158303806149277
0.15751960085531005,0.35158303806149277
0.15751960085531005,0.35181163561549894
0.1578759800427655,0.35181163561549894
0.1578759800427655,0.351925934392502
0.15805416963649324,0.351925934392502
0.15805416963649324,0.3520402331695051
0.1581432644333571,0.3520402331695051
0.1581432644333571,0.3522688307235113
0.1583214540270848,0.3522688307235113
0.1583214540270848,0.35238312950051437
0.15876692801140413,0.35238312950051437
0.15876692801140413,0.35261172705452054
0.158856022808268,0.35261172705452054
0.158856022808268,0.3528403246085267
0.15930149679258732,0.3528403246085267
0.15930149679258732,0.35318322093953597
0.15939059158945118,0.35318322093953597
0.15939059158945118,0.35341181849354214
0.15947968638631504,0.35341181849354214
0.15947968638631504,0.3536404160475483
0.1595687811831789,0.3536404160475483
0.1595687811831789,0.3538690136015545
0.15992516037063437,0.3538690136015545
0.15992516037063437,0.35421190993256374
0.1602815395580898,0.35421190993256374
0.1602815395580898,0.3543262087095668
0.16037063435495366,0.3543262087095668
0.16037063435495366,0.3546691050405761
0.1605488239486814,0.3546691050405761
0.1605488239486814,0.35478340381757917
0.16063791874554526,0.35478340381757917
0.16063791874554526,0.35501200137158534
0.16108339272986458,0.35501200137158534
0.16108339272986458,0.3551263001485884
0.16117248752672844,0.3551263001485884
0.16117248752672844,0.3553548977025946
0.16135067712045617,0.3553548977025946
0.16135067712045617,0.3554691964795977
0.16143977191732004,0.3554691964795977
0.16143977191732004,0.35558349525660077
0.16161796151104776,0.35558349525660077
0.16161796151104776,0.3561549891416162
0.1617961511047755,0.3561549891416162
0.1617961511047755,0.3569550805806378
0.16188524590163936,0.3569550805806378
0.16188524590163936,0.3570693793576409
0.16206343549536706,0.3570693793576409
0.16206343549536706,0.35718367813464397
0.16215253029223092,0.35718367813464397
0.16215253029223092,0.3575265744656532
0.1622416250890948,0.3575265744656532
0.1622416250890948,0.35798376957366557
0.16259800427655025,0.35798376957366557
0.16259800427655025,0.35809806835066865
0.1626870990734141,0.35809806835066865
0.1626870990734141,0.35821236712767174
0.16304347826086957,0.35821236712767174
0.16304347826086957,0.3584409646816779
0.16313257305773343,0.3584409646816779
0.16313257305773343,0.35878386101268717
0.1632216678545973,0.35878386101268717
0.1632216678545973,0.3591267573436964
0.16339985744832503,0.3591267573436964
0.16339985744832503,0.3592410561206995
0.1634889522451889,0.3592410561206995
0.1634889522451889,0.35969825122871185
0.16357804704205275,0.35969825122871185
0.16357804704205275,0.359926848782718
0.16366714183891662,0.359926848782718
0.16366714183891662,0.3600411475597211
0.16384533143264432,0.3600411475597211
0.16384533143264432,0.36038404389073037
0.16402352102637205,0.36038404389073037
0.16402352102637205,0.36049834266773345
0.16420171062009978,0.36049834266773345
0.16420171062009978,0.3607269402217396
0.16446899501069137,0.3607269402217396
0.16446899501069137,0.3609555377757458
0.16455808980755524,0.3609555377757458
0.16455808980755524,0.36129843410675505
0.16473627940128296,0.36129843410675505
0.16473627940128296,0.3616413304377643
0.16482537419814683,0.3616413304377643
0.16482537419814683,0.36198422676877356
0.16509265858873842,0.36198422676877356
0.16509265858873842,0.3624414218767859
0.16535994297933002,0.3624414218767859
0.16535994297933002,0.362555720653789
0.16553813257305774,0.362555720653789
0.16553813257305774,0.36301291576180134
0.1656272273699216,0.36301291576180134
0.1656272273699216,0.3633558120928106
0.16571632216678547,0.3633558120928106
0.16571632216678547,0.3641559035318322
0.1658054169636493,0.3641559035318322
0.1658054169636493,0.3642702023088353
0.16589451176051317,0.3642702023088353
0.16589451176051317,0.36449879986284145
0.1660727013542409,0.36449879986284145
0.1660727013542409,0.36461309863984454
0.16616179615110477,0.36461309863984454
0.16616179615110477,0.3647273974168476
0.16642908054169636,0.3647273974168476
0.16642908054169636,0.3649559949708538
0.16651817533856023,0.3649559949708538
0.16651817533856023,0.36518459252485996
0.1666072701354241,0.36518459252485996
0.1666072701354241,0.3658703851868785
0.16678545972915182,0.3658703851868785
0.16678545972915182,0.3663275802948908
0.16687455452601568,0.3663275802948908
0.16687455452601568,0.366556177848897
0.16696364932287955,0.366556177848897
0.16696364932287955,0.36701337295690933
0.16714183891660728,0.36701337295690933
0.16714183891660728,0.3671276717339124
0.16723093371347114,0.3671276717339124
0.16723093371347114,0.36735626928791865
0.16749821810406273,0.36735626928791865
0.16749821810406273,0.3676991656189279
0.1677655024946543,0.3676991656189279
0.1677655024946543,0.367813464395931
0.16794369208838203,0.367813464395931
0.16794369208838203,0.3679277631729341
0.16821097647897362,0.3679277631729341
0.16821097647897362,0.36804206194993716
0.1683000712758375,0.36804206194993716
0.1683000712758375,0.36815636072694025
0.16856735566642908,0.36815636072694025
0.16856735566642908,0.3683849582809464
0.16892373485388454,0.3683849582809464
0.16892373485388454,0.3687278546119557
0.16928011404134,0.3687278546119557
0.16928011404134,0.36907075094296493
0.16954739843193156,0.36907075094296493
0.16954739843193156,0.3695279460509773
0.16990377761938702,0.3695279460509773
0.16990377761938702,0.36975654360498345
0.16999287241625088,0.36975654360498345
0.16999287241625088,0.36987084238198653
0.17008196721311475,0.36987084238198653
0.17008196721311475,0.3699851411589896
0.1701710620099786,0.3699851411589896
0.1701710620099786,0.37067093382100813
0.17026015680684248,0.37067093382100813
0.17026015680684248,0.3708995313750143
0.17034925160370634,0.3708995313750143
0.17034925160370634,0.37124242770602356
0.17061653599429794,0.37124242770602356
0.17061653599429794,0.37147102526002973
0.1707056307911618,0.37147102526002973
0.1707056307911618,0.3715853240370328
0.17079472558802566,0.3715853240370328
0.17079472558802566,0.37204251914504516
0.1709729151817534,0.37204251914504516
0.1709729151817534,0.37215681792204824
0.17106200997861726,0.37215681792204824
0.17106200997861726,0.3726140130300606
0.17115110477548112,0.3726140130300606
0.17115110477548112,0.373185506915076
0.17168567355666428,0.373185506915076
0.17168567355666428,0.3732998056920791
0.17177476835352815,0.3732998056920791
0.17177476835352815,0.37364270202308836
0.171863863150392,0.37364270202308836
0.171863863150392,0.37387129957709453
0.17195295794725587,0.37387129957709453
0.17195295794725587,0.3740998971311007
0.17204205274411974,0.3740998971311007
0.17204205274411974,0.3742141959081038
0.1721311475409836,0.3742141959081038
0.1721311475409836,0.37432849468510687
0.17222024233784747,0.37432849468510687
0.17222024233784747,0.37444279346210996
0.17248752672843906,0.37444279346210996
0.17248752672843906,0.37467139101611613
0.17257662152530293,0.37467139101611613
0.17257662152530293,0.3748999885701223
0.17302209550962225,0.3748999885701223
0.17302209550962225,0.37512858612412847
0.1731111903064861,0.37512858612412847
0.1731111903064861,0.37524288490113156
0.17320028510334998,0.37524288490113156
0.17320028510334998,0.37535718367813464
0.17346756949394154,0.37535718367813464
0.17346756949394154,0.3755857812321408
0.1735566642908054,0.3755857812321408
0.1735566642908054,0.3757000800091439
0.17373485388453314,0.3757000800091439
0.17373485388453314,0.37592867756315007
0.17400213827512473,0.37592867756315007
0.17400213827512473,0.37604297634015316
0.1740912330719886,0.37604297634015316
0.1740912330719886,0.37615727511715624
0.17418032786885246,0.37615727511715624
0.17418032786885246,0.3765001714481655
0.17426942266571632,0.3765001714481655
0.17426942266571632,0.37695736655617784
0.1743585174625802,0.37695736655617784
0.1743585174625802,0.3770716653331809
0.17444761225944405,0.3770716653331809
0.17444761225944405,0.3774145616641902
0.1748039914468995,0.3774145616641902
0.1748039914468995,0.37764315921819636
0.1750712758374911,0.37764315921819636
0.1750712758374911,0.37775745799519944
0.17516037063435497,0.37775745799519944
0.17516037063435497,0.3782146531032118
0.1752494654312188,0.3782146531032118
0.1752494654312188,0.37832895188021487
0.17542765502494653,0.37832895188021487
0.17542765502494653,0.37844325065721796
0.175784034212402,0.37844325065721796
0.175784034212402,0.3787861469882272
0.17596222380612972,0.3787861469882272
0.17596222380612972,0.37912904331923647
0.17605131860299358,0.37912904331923647
0.17605131860299358,0.37935764087324264
0.17614041339985745,0.37935764087324264
0.17614041339985745,0.3794719396502457
0.1762295081967213,0.3794719396502457
0.1762295081967213,0.3797005372042519
0.1764967925873129,0.3797005372042519
0.1764967925873129,0.37992913475825807
0.17667498218104064,0.37992913475825807
0.17667498218104064,0.38004343353526115
0.1767640769779045,0.38004343353526115
0.1767640769779045,0.3803863298662704
0.17694226657163223,0.3803863298662704
0.17694226657163223,0.3805006286432735
0.1770313613684961,0.3805006286432735
0.1770313613684961,0.38072922619727967
0.17712045616535993,0.38072922619727967
0.17712045616535993,0.38084352497428275
0.1772095509622238,0.38084352497428275
0.1772095509622238,0.38095782375128584
0.17729864575908766,0.38095782375128584
0.17729864575908766,0.3810721225282889
0.17738774055595152,0.3810721225282889
0.17738774055595152,0.381186421305292
0.17756593014967925,0.381186421305292
0.17756593014967925,0.3813007200822951
0.17774411974340698,0.3813007200822951
0.17774411974340698,0.38164361641330435
0.17801140413399857,0.38164361641330435
0.17801140413399857,0.38175791519030744
0.17810049893086244,0.38175791519030744
0.17810049893086244,0.3818722139673105
0.1781895937277263,0.3818722139673105
0.1781895937277263,0.3819865127443136
0.17827868852459017,0.3819865127443136
0.17827868852459017,0.3822151102983198
0.17836778332145403,0.3822151102983198
0.17836778332145403,0.38244370785232595
0.17854597291518176,0.38244370785232595
0.17854597291518176,0.3827866041833352
0.1787241625089095,0.3827866041833352
0.1787241625089095,0.38290090296033835
0.17899144689950106,0.38290090296033835
0.17899144689950106,0.3832437992913476
0.17925873129009265,0.3832437992913476
0.17925873129009265,0.38358669562235687
0.1793478260869565,0.38358669562235687
0.1793478260869565,0.38370099439935995
0.17970420527441197,0.38370099439935995
0.17970420527441197,0.38381529317636304
0.17979330007127584,0.38381529317636304
0.17979330007127584,0.3840438907303692
0.1798823948681397,0.3840438907303692
0.1798823948681397,0.3841581895073723
0.18032786885245902,0.3841581895073723
0.18032786885245902,0.3842724882843754
0.1804169636493229,0.3842724882843754
0.1804169636493229,0.38450108583838155
0.18077334283677834,0.38450108583838155
0.18077334283677834,0.38461538461538464
0.1808624376336422,0.38461538461538464
0.1808624376336422,0.3847296833923877
0.18095153243050605,0.3847296833923877
0.18095153243050605,0.3849582809463939
0.1813079116179615,0.3849582809463939
0.1813079116179615,0.385072579723397
0.18139700641482537,0.385072579723397
0.18139700641482537,0.38530117727740315
0.18175338560228083,0.38530117727740315
0.18175338560228083,0.3856440736084124
0.1818424803991447,0.3856440736084124
0.1818424803991447,0.38598696993942166
0.18202066999287242,0.38598696993942166
0.18202066999287242,0.38610126871642475
0.18210976478973628,0.38610126871642475
0.18210976478973628,0.38621556749342784
0.18273342836778333,0.38621556749342784
0.18273342836778333,0.3863298662704309
0.18282252316464717,0.3863298662704309
0.18282252316464717,0.386444165047434
0.18291161796151104,0.386444165047434
0.18291161796151104,0.3866727626014402
0.1830007127583749,0.3866727626014402
0.1830007127583749,0.38690136015544635
0.18308980755523876,0.38690136015544635
0.18308980755523876,0.38770145159446795
0.18317890235210263,0.38770145159446795
0.18317890235210263,0.38781575037147104
0.1832679971489665,0.38781575037147104
0.1832679971489665,0.3880443479254772
0.18344618674269422,0.3880443479254772
0.18344618674269422,0.3881586467024803
0.1835352815395581,0.3881586467024803
0.1835352815395581,0.38838724425648646
0.18371347113328582,0.38838724425648646
0.18371347113328582,0.38850154303348955
0.1839807555238774,0.38850154303348955
0.1839807555238774,0.38861584181049263
0.18406985032074127,0.38861584181049263
0.18406985032074127,0.389073036918505
0.18415894511760514,0.389073036918505
0.18415894511760514,0.38918733569550806
0.184248039914469,0.38918733569550806
0.184248039914469,0.3898731283575266
0.18433713471133287,0.3898731283575266
0.18433713471133287,0.38998742713452966
0.18460441910192446,0.38998742713452966
0.18460441910192446,0.3903303234655389
0.18487170349251603,0.3903303234655389
0.18487170349251603,0.3905589210195451
0.18504989308624376,0.3905589210195451
0.18504989308624376,0.3906732197965482
0.18522808267997148,0.3906732197965482
0.18522808267997148,0.39078751857355126
0.18549536707056308,0.39078751857355126
0.18549536707056308,0.3912447136815636
0.1856735566642908,0.3912447136815636
0.1856735566642908,0.3914733112355698
0.18576265146115467,0.3914733112355698
0.18576265146115467,0.39158761001257286
0.18585174625801854,0.39158761001257286
0.18585174625801854,0.3920448051205852
0.1859408410548824,0.3920448051205852
0.1859408410548824,0.39318779289061606
0.186208125445474,0.39318779289061606
0.186208125445474,0.39330209166761915
0.1864754098360656,0.39330209166761915
0.1864754098360656,0.39341639044462223
0.18656450463292942,0.39341639044462223
0.18656450463292942,0.3936449879986284
0.1873663578047042,0.3936449879986284
0.1873663578047042,0.39410218310664075
0.18745545260156807,0.39410218310664075
0.18745545260156807,0.3943307806606469
0.1876336421952958,0.3943307806606469
0.1876336421952958,0.3945593782146531
0.18772273699215966,0.3945593782146531
0.18772273699215966,0.39490227454566235
0.18799002138275125,0.39490227454566235
0.18799002138275125,0.39501657332266543
0.18825730577334285,0.39501657332266543
0.18825730577334285,0.39558806720768086
0.1885245901639344,0.39558806720768086
0.1885245901639344,0.39570236598468395
0.188791874554526,0.39570236598468395
0.188791874554526,0.3960452623156932
0.18941553813257306,0.3960452623156932
0.18941553813257306,0.3961595610926963
0.18950463292943692,0.3961595610926963
0.18950463292943692,0.3962738598696994
0.18986101211689238,0.3962738598696994
0.18986101211689238,0.39638815864670246
0.1900392017106201,0.39638815864670246
0.1900392017106201,0.39650245742370555
0.19021739130434784,0.39650245742370555
0.19021739130434784,0.397073951308721
0.1903064861012117,0.397073951308721
0.1903064861012117,0.39730254886272715
0.1904846756949394,0.39730254886272715
0.1904846756949394,0.39741684763973023
0.19057377049180327,0.39741684763973023
0.19057377049180327,0.3975311464167333
0.19066286528866713,0.3975311464167333
0.19066286528866713,0.3977597439707395
0.19084105488239486,0.3977597439707395
0.19084105488239486,0.3978740427477426
0.19119743406985032,0.3978740427477426
0.19119743406985032,0.39821693907875183
0.19137562366357805,0.39821693907875183
0.19137562366357805,0.3983312378557549
0.19155381325730578,0.3983312378557549
0.19155381325730578,0.3987884329637673
0.19164290805416964,0.3987884329637673
0.19164290805416964,0.39913132929477657
0.19191019244476124,0.39913132929477657
0.19191019244476124,0.39924562807177966
0.19208838203848896,0.39924562807177966
0.19208838203848896,0.39935992684878274
0.19217747683535283,0.39935992684878274
0.19217747683535283,0.39947422562578583
0.1924447612259444,0.39947422562578583
0.1924447612259444,0.399702823179792
0.19253385602280826,0.399702823179792
0.19253385602280826,0.3998171219567951
0.19280114041339985,0.3998171219567951
0.19280114041339985,0.40016001828780434
0.19297933000712758,0.40016001828780434
0.19297933000712758,0.4003886158418105
0.19306842480399145,0.4003886158418105
0.19306842480399145,0.4005029146188136
0.19333570919458304,0.4005029146188136
0.19333570919458304,0.4006172133958167
0.19351389878831077,0.4006172133958167
0.19351389878831077,0.4011887072808321
0.19387027797576623,0.4011887072808321
0.19387027797576623,0.4013030060578352
0.1939593727726301,0.4013030060578352
0.1939593727726301,0.40164590238884446
0.19431575196008552,0.40164590238884446
0.19431575196008552,0.40176020116584754
0.19449394155381325,0.40176020116584754
0.19449394155381325,0.40233169505086297
0.19467213114754098,0.40233169505086297
0.19467213114754098,0.40244599382786606
0.19476122594440484,0.40244599382786606
0.19476122594440484,0.4026745913818722
0.1948503207412687,0.4026745913818722
0.1948503207412687,0.4030174877128815
0.19493941553813257,0.4030174877128815
0.19493941553813257,0.40324608526688765
0.1956521739130435,0.40324608526688765
0.1956521739130435,0.4034746828208938
0.19574126870990735,0.4034746828208938
0.19574126870990735,0.4037032803749
0.19583036350677122,0.4037032803749
0.19583036350677122,0.40404617670590925
0.19591945830363508,0.40404617670590925
0.19591945830363508,0.4046176705909247
0.19600855310049894,0.4046176705909247
0.19600855310049894,0.40484626814493085
0.19609764789736278,0.40484626814493085
0.19609764789736278,0.40496056692193394
0.1962758374910905,0.40496056692193394
0.1962758374910905,0.4054177620299463
0.19645402708481824,0.4054177620299463
0.19645402708481824,0.40576065836095554
0.1965431218816821,0.40576065836095554
0.1965431218816821,0.4058749571379586
0.19663221667854597,0.4058749571379586
0.19663221667854597,0.4059892559149617
0.19672131147540983,0.4059892559149617
0.19672131147540983,0.4061035546919648
0.19698859586600143,0.4061035546919648
0.19698859586600143,0.40644645102297405
0.19734497505345688,0.40644645102297405
0.19734497505345688,0.40656074979997714
0.19743406985032075,0.40656074979997714
0.19743406985032075,0.4066750485769802
0.19761225944404848,0.4066750485769802
0.19761225944404848,0.4067893473539833
0.19787954383464007,0.4067893473539833
0.19787954383464007,0.4069036461309864
0.1982359230220955,0.4069036461309864
0.1982359230220955,0.40713224368499257
0.19832501781895936,0.40713224368499257
0.19832501781895936,0.40724654246199565
0.19859230220955096,0.40724654246199565
0.19859230220955096,0.40736084123899874
0.19868139700641482,0.40736084123899874
0.19868139700641482,0.4074751400160018
0.19885958660014255,0.4074751400160018
0.19885958660014255,0.4075894387930049
0.199215965787598,0.4075894387930049
0.199215965787598,0.407703737570008
0.19957234497505347,0.407703737570008
0.19957234497505347,0.40804663390101725
0.1997505345687812,0.40804663390101725
0.1997505345687812,0.4083895302320265
0.19983962936564503,0.4083895302320265
0.19983962936564503,0.4085038290090296
0.20001781895937276,0.4085038290090296
0.20001781895937276,0.40873242656303577
0.20010691375623663,0.40873242656303577
0.20010691375623663,0.40896102411704194
0.20028510334996436,0.40896102411704194
0.20028510334996436,0.409075322894045
0.20037419814682822,0.409075322894045
0.20037419814682822,0.4093039204480512
0.20046329294369208,0.4093039204480512
0.20046329294369208,0.4098754143330666
0.20073057733428368,0.4098754143330666
0.20073057733428368,0.4099897131100697
0.20108695652173914,0.4099897131100697
0.20108695652173914,0.4101040118870728
0.20126514611546686,0.4101040118870728
0.20126514611546686,0.4102183106640759
0.20135424091233073,0.4102183106640759
0.20135424091233073,0.41033260944107897
0.20153243050605846,0.41033260944107897
0.20153243050605846,0.41044690821808205
0.20162152530292232,0.41044690821808205
0.20162152530292232,0.4106755057720882
0.20179971489665002,0.4106755057720882
0.20179971489665002,0.4107898045490913
0.20197790449037775,0.4107898045490913
0.20197790449037775,0.4109041033260944
0.20206699928724162,0.4109041033260944
0.20206699928724162,0.4110184021030975
0.20215609408410548,0.4110184021030975
0.20215609408410548,0.41113270088010057
0.20224518888096935,0.41113270088010057
0.20224518888096935,0.41136129843410674
0.2023342836778332,0.41136129843410674
0.2023342836778332,0.4115898959881129
0.20242337847469707,0.4115898959881129
0.20242337847469707,0.411704194765116
0.20251247327156094,0.411704194765116
0.20251247327156094,0.41193279231912217
0.2026015680684248,0.41193279231912217
0.2026015680684248,0.41204709109612525
0.2028688524590164,0.41204709109612525
0.2028688524590164,0.4122756886501314
0.20295794725588026,0.4122756886501314
0.20295794725588026,0.4123899874271345
0.20304704205274413,0.4123899874271345
0.20304704205274413,0.41273288375814376
0.203136136849608,0.41273288375814376
0.203136136849608,0.41296148131214994
0.20349251603706345,0.41296148131214994
0.20349251603706345,0.413075780089153
0.2035816108339273,0.413075780089153
0.2035816108339273,0.4131900788661561
0.203759800427655,0.4131900788661561
0.203759800427655,0.4133043776431592
0.20411617961511047,0.4133043776431592
0.20411617961511047,0.4134186764201623
0.20420527441197434,0.4134186764201623
0.20420527441197434,0.41353297519716536
0.2042943692088382,0.41353297519716536
0.2042943692088382,0.41364727397416845
0.20438346400570206,0.41364727397416845
0.20438346400570206,0.4139901703051777
0.20447255880256593,0.4139901703051777
0.20447255880256593,0.41410446908218085
0.20491803278688525,0.41410446908218085
0.20491803278688525,0.4144473654131901
0.20509622238061298,0.4144473654131901
0.20509622238061298,0.4145616641901932
0.20554169636493227,0.4145616641901932
0.20554169636493227,0.41479026174419936
0.20571988595866,0.41479026174419936
0.20571988595866,0.41490456052120245
0.20580898075552387,0.41490456052120245
0.20580898075552387,0.41501885929820553
0.20607626514611546,0.41501885929820553
0.20607626514611546,0.4153617556292148
0.20616535994297933,0.4153617556292148
0.20616535994297933,0.41570465196022405
0.2062544547398432,0.41570465196022405
0.2062544547398432,0.41581895073722713
0.20634354953670705,0.41581895073722713
0.20634354953670705,0.41639044462224256
0.20652173913043478,0.41639044462224256
0.20652173913043478,0.41661904217624873
0.2066999287241625,0.41661904217624873
0.2066999287241625,0.4168476397302549
0.20678902352102638,0.4168476397302549
0.20678902352102638,0.4170762372842611
0.20687811831789024,0.4170762372842611
0.20687811831789024,0.41719053606126416
0.20705630791161797,0.41719053606126416
0.20705630791161797,0.41730483483826725
0.20714540270848184,0.41730483483826725
0.20714540270848184,0.4175334323922734
0.2074126870990734,0.4175334323922734
0.2074126870990734,0.4176477311692765
0.20750178189593727,0.4176477311692765
0.20750178189593727,0.4177620299462796
0.20759087669280113,0.4177620299462796
0.20759087669280113,0.41799062750028576
0.20785816108339272,0.41799062750028576
0.20785816108339272,0.41810492627728885
0.2079472558802566,0.41810492627728885
0.2079472558802566,0.41821922505429193
0.20830363506771205,0.41821922505429193
0.20830363506771205,0.418333523831295
0.2083927298645759,0.418333523831295
0.2083927298645759,0.41879071893930736
0.20857091945830364,0.41879071893930736
0.20857091945830364,0.41901931649331353
0.2086600142551675,0.41901931649331353
0.2086600142551675,0.4191336152703166
0.20883820384889523,0.4191336152703166
0.20883820384889523,0.4192479140473197
0.2089272986457591,0.4192479140473197
0.2089272986457591,0.41959081037832896
0.20901639344262296,0.41959081037832896
0.20901639344262296,0.41981940793233513
0.20910548823948683,0.41981940793233513
0.20910548823948683,0.4199337067093382
0.2091945830363507,0.4199337067093382
0.2091945830363507,0.4200480054863413
0.20928367783321453,0.4200480054863413
0.20928367783321453,0.4201623042633444
0.2093727726300784,0.4201623042633444
0.2093727726300784,0.42039090181735056
0.20964005702066998,0.42039090181735056
0.20964005702066998,0.42061949937135673
0.20990734141126158,0.42061949937135673
0.20990734141126158,0.4208480969253629
0.21044191019244476,0.4208480969253629
0.21044191019244476,0.4210766944793691
0.2106200997861725,0.4210766944793691
0.2106200997861725,0.42119099325637216
0.21070919458303636,0.42119099325637216
0.21070919458303636,0.42141959081037833
0.21097647897362795,0.42141959081037833
0.21097647897362795,0.4215338895873814
0.21106557377049182,0.4215338895873814
0.21106557377049182,0.4217624871413876
0.21133285816108338,0.4217624871413876
0.21133285816108338,0.4218767859183907
0.21142195295794725,0.4218767859183907
0.21142195295794725,0.42221968224939993
0.2115110477548111,0.42221968224939993
0.2115110477548111,0.422333981026403
0.21160014255167497,0.422333981026403
0.21160014255167497,0.4225625785804092
0.21186742694226657,0.4225625785804092
0.21186742694226657,0.4226768773574123
0.21195652173913043,0.4226768773574123
0.21195652173913043,0.42290547491141844
0.2120456165359943,0.42290547491141844
0.2120456165359943,0.4231340724654246
0.21222380612972203,0.4231340724654246
0.21222380612972203,0.4232483712424277
0.2123129009265859,0.4232483712424277
0.2123129009265859,0.4233626700194308
0.21240199572344975,0.4233626700194308
0.21240199572344975,0.4234769687964339
0.2127583749109052,0.4234769687964339
0.2127583749109052,0.42359126757343696
0.21311475409836064,0.42359126757343696
0.21311475409836064,0.42370556635044004
0.2132038488952245,0.42370556635044004
0.2132038488952245,0.4239341639044462
0.2137384176764077,0.4239341639044462
0.2137384176764077,0.4240484626814493
0.21382751247327156,0.4240484626814493
0.21382751247327156,0.42439135901245856
0.21391660727013542,0.42439135901245856
0.21391660727013542,0.42450565778946164
0.21418389166072702,0.42450565778946164
0.21418389166072702,0.4255343467824894
0.21427298645759088,0.4255343467824894
0.21427298645759088,0.4256486455594925
0.2147184604419102,0.4256486455594925
0.2147184604419102,0.42622013944450793
0.21489665003563793,0.42622013944450793
0.21489665003563793,0.4264487369985141
0.21498574483250177,0.4264487369985141
0.21498574483250177,0.4265630357755172
0.21507483962936563,0.4265630357755172
0.21507483962936563,0.42702023088352953
0.2151639344262295,0.42702023088352953
0.2151639344262295,0.4272488284375357
0.21534212401995723,0.4272488284375357
0.21534212401995723,0.4273631272145388
0.21552031361368496,0.4273631272145388
0.21552031361368496,0.42759172476854496
0.21578759800427655,0.42759172476854496
0.21578759800427655,0.42770602354554804
0.21596578759800428,0.42770602354554804
0.21596578759800428,0.4278203223225511
0.21605488239486814,0.4278203223225511
0.21605488239486814,0.4287347125385758
0.21632216678545974,0.4287347125385758
0.21632216678545974,0.428963310092582
0.2164112615823236,0.428963310092582
0.2164112615823236,0.42919190764658816
0.2168567355666429,0.42919190764658816
0.2168567355666429,0.42930620642359124
0.21703492516037062,0.42930620642359124
0.21703492516037062,0.4294205052005943
0.2171240199572345,0.4294205052005943
0.2171240199572345,0.4296491027546005
0.21748039914468995,0.4296491027546005
0.21748039914468995,0.42976340153160364
0.2175694939415538,0.42976340153160364
0.2175694939415538,0.4298777003086067
0.21765858873841767,0.4298777003086067
0.21765858873841767,0.4299919990856098
0.21774768353528154,0.4299919990856098
0.21774768353528154,0.430220596639616
0.2178367783321454,0.430220596639616
0.2178367783321454,0.43056349297062524
0.21828225231646473,0.43056349297062524
0.21828225231646473,0.4307920905246314
0.21846044191019245,0.4307920905246314
0.21846044191019245,0.4309063893016345
0.21854953670705632,0.4309063893016345
0.21854953670705632,0.43113498685564067
0.21863863150392018,0.43113498685564067
0.21863863150392018,0.43124928563264375
0.21872772630078405,0.43124928563264375
0.21872772630078405,0.43136358440964684
0.21935138987883107,0.43136358440964684
0.21935138987883107,0.4318207795176592
0.21944048467569494,0.4318207795176592
0.21944048467569494,0.43204937707166535
0.2195295794725588,0.43204937707166535
0.2195295794725588,0.43216367584866844
0.22024233784746972,0.43216367584866844
0.22024233784746972,0.4322779746256715
0.2205096222380613,0.4322779746256715
0.2205096222380613,0.4323922734026746
0.220687811831789,0.4323922734026746
0.220687811831789,0.4326208709566808
0.22077690662865287,0.4326208709566808
0.22077690662865287,0.43273516973368387
0.22086600142551674,0.43273516973368387
0.22086600142551674,0.43284946851068695
0.22104419101924447,0.43284946851068695
0.22104419101924447,0.4330780660646931
0.22113328581610833,0.4330780660646931
0.22113328581610833,0.4331923648416962
0.2212223806129722,0.4333066636186993
0.22131147540983606,0.4333066636186993
0.22131147540983606,0.4334209623957024
0.22166785459729152,0.4334209623957024
0.22166785459729152,0.43364955994970855
0.22175694939415538,0.43364955994970855
0.22175694939415538,0.43376385872671164
0.22211332858161084,0.43376385872671164
0.22211332858161084,0.4338781575037147
0.2222024233784747,0.4338781575037147
0.2222024233784747,0.4339924562807178
0.2224697077690663,0.4339924562807178
0.2224697077690663,0.4341067550577209
0.22255880256593014,0.4341067550577209
0.22255880256593014,0.43433535261172707
0.222647897362794,0.43433535261172707
0.222647897362794,0.43513544405074867
0.22273699215965787,0.43513544405074867
0.22273699215965787,0.43536404160475484
0.22282608695652173,0.43536404160475484
0.22282608695652173,0.435592639158761
0.2229151817533856,0.435592639158761
0.2229151817533856,0.4357069379357641
0.22300427655024946,0.4357069379357641
0.22300427655024946,0.43616413304377644
0.2231824661439772,0.43616413304377644
0.2231824661439772,0.4363927305977826
0.22353884533143265,0.4363927305977826
0.22353884533143265,0.4370785232598011
0.22371703492516037,0.4370785232598011
0.22371703492516037,0.4371928220368042
0.22380612972202424,0.4371928220368042
0.22380612972202424,0.4373071208138073
0.2238952245188881,0.4373071208138073
0.2238952245188881,0.4374214195908104
0.22398431931575197,0.4374214195908104
0.22398431931575197,0.43753571836781346
0.22407341411261583,0.43753571836781346
0.22407341411261583,0.43765001714481655
0.2241625089094797,0.43765001714481655
0.2241625089094797,0.4381072122528289
0.22425160370634356,0.4381072122528289
0.22425160370634356,0.43845010858383815
0.22434069850320743,0.43845010858383815
0.22434069850320743,0.4386787061378443
0.22451888809693513,0.4386787061378443
0.22451888809693513,0.43925020002285975
0.224607982893799,0.43925020002285975
0.224607982893799,0.43936449879986283
0.22469707769066286,0.43936449879986283
0.22469707769066286,0.43993599268487826
0.22478617248752672,0.43993599268487826
0.22478617248752672,0.4402788890158875
0.2250534568781183,0.4402788890158875
0.2250534568781183,0.4405074865698937
0.22514255167498218,0.4405074865698937
0.22514255167498218,0.4406217853468968
0.22523164647184604,0.4406217853468968
0.22523164647184604,0.44073608412389986
0.22540983606557377,0.44073608412389986
0.22540983606557377,0.44085038290090295
0.22567712045616536,0.44085038290090295
0.22567712045616536,0.44096468167790603
0.2258553100498931,0.44096468167790603
0.2258553100498931,0.4413075780089153
0.22630078403421242,0.4413075780089153
0.22630078403421242,0.4414218767859184
0.22656806842480398,0.4414218767859184
0.22656806842480398,0.44153617556292146
0.2267462580185317,0.44153617556292146
0.2267462580185317,0.44165047433992455
0.22692444761225944,0.44165047433992455
0.22692444761225944,0.44176477311692763
0.22719173200285103,0.44176477311692763
0.22719173200285103,0.44233626700194306
0.22736992159657876,0.44233626700194306
0.22736992159657876,0.44256486455594923
0.22745901639344263,0.44256486455594923
0.22745901639344263,0.4427934621099554
0.2275481111903065,0.4427934621099554
0.2275481111903065,0.44325065721796775
0.22763720598717035,0.44325065721796775
0.22763720598717035,0.44336495599497083
0.22817177476835354,0.44336495599497083
0.22817177476835354,0.4437078523259801
0.22826086956521738,0.4437078523259801
0.22826086956521738,0.4438221511029832
0.22834996436208124,0.4438221511029832
0.22834996436208124,0.44393644987998626
0.2284390591589451,0.44393644987998626
0.2284390591589451,0.44405074865698935
0.22861724875267284,0.44405074865698935
0.22861724875267284,0.44416504743399243
0.22879543834640056,0.44416504743399243
0.22879543834640056,0.4446222425420048
0.22933000712758375,0.4446222425420048
0.22933000712758375,0.44473654131900786
0.22941910192444762,0.44473654131900786
0.22941910192444762,0.44485084009601095
0.22950819672131148,0.44485084009601095
0.22950819672131148,0.44496513887301403
0.22977548111190307,0.44496513887301403
0.22977548111190307,0.4450794376500171
0.22986457590876694,0.4450794376500171
0.22986457590876694,0.44542233398102643
0.2299536707056308,0.44542233398102643
0.2299536707056308,0.4456509315350326
0.23031004989308623,0.4456509315350326
0.23031004989308623,0.44599382786604186
0.23048823948681396,0.44599382786604186
0.23048823948681396,0.44610812664304494
0.23057733428367783,0.44610812664304494
0.23057733428367783,0.4463367241970511
0.23075552387740556,0.4463367241970511
0.23075552387740556,0.4465653217510573
0.23102280826799715,0.4465653217510573
0.23102280826799715,0.44690821808206654
0.231111903064861,0.44690821808206654
0.231111903064861,0.44702251685906963
0.23120099786172488,0.44702251685906963
0.23120099786172488,0.4473654131900789
0.2313791874554526,0.4473654131900789
0.2313791874554526,0.447479711967082
0.23146828225231647,0.447479711967082
0.23146828225231647,0.44782260829809123
0.23155737704918034,0.44782260829809123
0.23155737704918034,0.4479369070750943
0.2316464718460442,0.4479369070750943
0.2316464718460442,0.4480512058520974
0.23182466143977193,0.4480512058520974
0.23182466143977193,0.44839410218310666
0.23200285103349966,0.44839410218310666
0.23200285103349966,0.4487369985141159
0.23218104062722736,0.4487369985141159
0.23218104062722736,0.4489655960681221
0.23244832501781895,0.4489655960681221
0.23244832501781895,0.44907989484512517
0.23253741981468282,0.44907989484512517
0.23253741981468282,0.44942279117613443
0.23262651461154668,0.44942279117613443
0.23262651461154668,0.4495370899531375
0.233071988595866,0.4495370899531375
0.233071988595866,0.4497656875071437
0.23316108339272987,0.4497656875071437
0.23316108339272987,0.45010858383815294
0.23351746258018533,0.45010858383815294
0.23351746258018533,0.4503371813921591
0.2336065573770492,0.4503371813921591
0.2336065573770492,0.45090867527717454
0.23369565217391305,0.45090867527717454
0.23369565217391305,0.4513658703851869
0.23387384176764078,0.4513658703851869
0.23387384176764078,0.45170876671619614
0.23396293656450462,0.45170876671619614
0.23396293656450462,0.4518230654931992
0.23414112615823235,0.4518230654931992
0.23414112615823235,0.4519373642702023
0.2342302209550962,0.4519373642702023
0.2342302209550962,0.4521659618242085
0.23458660014255167,0.4521659618242085
0.23458660014255167,0.45250885815521774
0.23485388453314326,0.45250885815521774
0.23485388453314326,0.4526231569322208
0.2352993585174626,0.4526231569322208
0.2352993585174626,0.4527374557092239
0.2359230220955096,0.4527374557092239
0.2359230220955096,0.452851754486227
0.23610121168923734,0.452851754486227
0.23610121168923734,0.4529660532632301
0.2364575908766928,0.4529660532632301
0.2364575908766928,0.4536518459252486
0.23654668567355666,0.4536518459252486
0.23654668567355666,0.45388044347925477
0.2367248752672844,0.45388044347925477
0.2367248752672844,0.45399474225625785
0.23681397006414825,0.45399474225625785
0.23681397006414825,0.45410904103326094
0.23690306486101212,0.45410904103326094
0.23690306486101212,0.45468053491827637
0.23699215965787598,0.45468053491827637
0.23699215965787598,0.45479483369527945
0.23752672843905917,0.45479483369527945
0.23752672843905917,0.45490913247228254
0.23770491803278687,0.45490913247228254
0.23770491803278687,0.4552520288032918
0.23779401282965074,0.4552520288032918
0.23779401282965074,0.45548062635729797
0.2384176764076978,0.45548062635729797
0.2384176764076978,0.4558235226883072
0.23859586600142552,0.4558235226883072
0.23859586600142552,0.4560521202423134
0.23868496079828938,0.4560521202423134
0.23868496079828938,0.45628071779631957
0.23877405559515325,0.45628071779631957
0.23877405559515325,0.45639501657332265
0.2388631503920171,0.45639501657332265
0.2388631503920171,0.45650931535032574
0.23895224518888097,0.45650931535032574
0.23895224518888097,0.4567379129043319
0.2391304347826087,0.4567379129043319
0.2391304347826087,0.4569665104583381
0.23921952957947257,0.4569665104583381
0.23921952957947257,0.4574237055663504
0.2393977191732003,0.4574237055663504
0.2393977191732003,0.4575380043433535
0.23993228795438346,0.4575380043433535
0.23993228795438346,0.4576523031203566
0.24046685673556664,0.4576523031203566
0.24046685673556664,0.458223797005372
0.2405559515324305,0.458223797005372
0.2405559515324305,0.45868099211338437
0.24064504632929437,0.45868099211338437
0.24064504632929437,0.45948108355240597
0.24117961511047756,0.45948108355240597
0.24117961511047756,0.45959538232940905
0.241535994297933,0.45959538232940905
0.241535994297933,0.45970968110641214
0.24162508909479685,0.45970968110641214
0.24162508909479685,0.4598239798834152
0.24171418389166072,0.4598239798834152
0.24171418389166072,0.4599382786604183
0.24207056307911617,0.4599382786604183
0.24207056307911617,0.4600525774374214
0.24215965787598004,0.4600525774374214
0.24215965787598004,0.46039547376843065
0.24233784746970777,0.46039547376843065
0.24233784746970777,0.4607383700994399
0.2425160370634355,0.4607383700994399
0.2425160370634355,0.460852668876443
0.24260513186029936,0.460852668876443
0.24260513186029936,0.46096696765344614
0.24269422665716323,0.46096696765344614
0.24269422665716323,0.4610812664304492
0.24287241625089095,0.4610812664304492
0.24287241625089095,0.4611955652074523
0.24305060584461868,0.4611955652074523
0.24305060584461868,0.46176705909246774
0.2432287954383464,0.46176705909246774
0.2432287954383464,0.4618813578694708
0.24349607982893798,0.4618813578694708
0.24349607982893798,0.46233855297748316
0.2436742694226657,0.46233855297748316
0.2436742694226657,0.46245285175448625
0.24376336421952957,0.46245285175448625
0.24376336421952957,0.46256715053148934
0.24385245901639344,0.46256715053148934
0.24385245901639344,0.4626814493084924
0.2439415538132573,0.4626814493084924
0.2439415538132573,0.4629100468624986
0.24411974340698503,0.4629100468624986
0.24411974340698503,0.4630243456395017
0.2442088382038489,0.4630243456395017
0.2442088382038489,0.46313864441650476
0.2444761225944405,0.46313864441650476
0.2444761225944405,0.4637101383015202
0.24474340698503208,0.4637101383015202
0.24474340698503208,0.46405303463252945
0.24483250178189594,0.46405303463252945
0.24483250178189594,0.46416733340953253
0.2449215965787598,0.46416733340953253
0.2449215965787598,0.4643959309635387
0.2451888809693514,0.4643959309635387
0.2451888809693514,0.4646245285175449
0.2453670705630791,0.4646245285175449
0.2453670705630791,0.46473882729454796
0.24554526015680683,0.46473882729454796
0.24554526015680683,0.46496742484855413
0.24572344975053456,0.46496742484855413
0.24572344975053456,0.4653103211795634
0.24581254454739843,0.4653103211795634
0.24581254454739843,0.46553891873356956
0.24607982893799002,0.46553891873356956
0.24607982893799002,0.4659961138415819
0.24625801853171775,0.4659961138415819
0.24625801853171775,0.4662247113955881
0.24643620812544548,0.4662247113955881
0.24643620812544548,0.46645330894959425
0.24652530292230934,0.46645330894959425
0.24652530292230934,0.46656760772659733
0.24670349251603707,0.46656760772659733
0.24670349251603707,0.46725340038861585
0.24679258731290094,0.46725340038861585
0.24679258731290094,0.4677105954966282
0.2471489665003564,0.4677105954966282
0.2471489665003564,0.46793919305063436
0.2473271560940841,0.46793919305063436
0.2473271560940841,0.46805349182763745
0.2475944404846757,0.46805349182763745
0.2475944404846757,0.4682820893816436
0.24777263007840342,0.4682820893816436
0.24777263007840342,0.4683963881586467
0.24786172487526728,0.4683963881586467
0.24786172487526728,0.4686249857126529
0.24812900926585887,0.4686249857126529
0.24812900926585887,0.46896788204366213
0.24848538845331433,0.46896788204366213
0.24848538845331433,0.4691964795976683
0.2485744832501782,0.4691964795976683
0.2485744832501782,0.4694250771516745
0.24866357804704206,0.4694250771516745
0.24866357804704206,0.46953937592867756
0.24901995723449752,0.46953937592867756
0.24901995723449752,0.4699965710366899
0.24910905203136136,0.4699965710366899
0.24910905203136136,0.4702251685906961
0.24937633642195295,0.4702251685906961
0.24937633642195295,0.47033946736769916
0.2494654312188168,0.47033946736769916
0.2494654312188168,0.4707966624757115
0.24955452601568068,0.4707966624757115
0.24955452601568068,0.4709109612527146
0.24982181040627227,0.4709109612527146
0.24982181040627227,0.4710252600297177
0.25,0.4710252600297177
0.25,0.47113955880672076
0.25017818959372773,0.47113955880672076
0.25017818959372773,0.47136815636072693
0.2502672843905916,0.47136815636072693
0.2502672843905916,0.4715967539147331
0.25035637918745546,0.4715967539147331
0.25035637918745546,0.47193965024574236
0.2504454739843193,0.47193965024574236
0.2504454739843193,0.4722825465767516
0.2507127583749109,0.4722825465767516
0.2507127583749109,0.4723968453537547
0.2509800427655025,0.4723968453537547
0.2509800427655025,0.4725111441307578
0.25115823235923024,0.4725111441307578
0.25115823235923024,0.47296833923877013
0.25133642195295797,0.47296833923877013
0.25133642195295797,0.4731969367927763
0.25187099073414115,0.4731969367927763
0.25187099073414115,0.4733112355697794
0.25196008553100496,0.4733112355697794
0.25196008553100496,0.47353983312378556
0.2520491803278688,0.47353983312378556
0.2520491803278688,0.4739970282317979
0.25222736992159656,0.4739970282317979
0.25222736992159656,0.474111327008801
0.2524055595153243,0.474111327008801
0.2524055595153243,0.4742256257858041
0.252583749109052,0.4742256257858041
0.252583749109052,0.47433992456280716
0.25276193870277974,0.47433992456280716
0.25276193870277974,0.4746828208938164
0.25294012829650747,0.4746828208938164
0.25294012829650747,0.4749114184478226
0.2531183178902352,0.4749114184478226
0.2531183178902352,0.47502571722482567
0.25320741268709906,0.47502571722482567
0.25320741268709906,0.475482912332838
0.25329650748396293,0.475482912332838
0.25329650748396293,0.47582580866384727
0.25347469707769066,0.47582580866384727
0.25347469707769066,0.47594010744085036
0.2535637918745545,0.47594010744085036
0.2535637918745545,0.47616870499485653
0.2536528866714184,0.47616870499485653
0.2536528866714184,0.4762830037718596
0.25392017106201,0.4762830037718596
0.25392017106201,0.4763973025488627
0.2540983606557377,0.4763973025488627
0.2540983606557377,0.4766259001028689
0.2548111190306486,0.4766259001028689
0.2548111190306486,0.4768544976568751
0.2549002138275125,0.4768544976568751
0.2549002138275125,0.4769687964338782
0.25498930862437635,0.4769687964338782
0.25498930862437635,0.47708309521088127
0.2551674982181041,0.47708309521088127
0.2551674982181041,0.47731169276488744
0.25525659301496795,0.47731169276488744
0.25525659301496795,0.4774259915418905
0.2553456878118318,0.4774259915418905
0.2553456878118318,0.4775402903188936
0.2554347826086957,0.4775402903188936
0.2554347826086957,0.4776545890958967
0.2556129722024234,0.4776545890958967
0.2556129722024234,0.4777688878728998
0.2557020669992872,0.4777688878728998
0.2557020669992872,0.47799748542690595
0.25605844618674267,0.47799748542690595
0.25605844618674267,0.47811178420390904
0.256503920171062,0.47811178420390904
0.256503920171062,0.4782260829809121
0.2566821097647897,0.4782260829809121
0.2566821097647897,0.4783403817579152
0.25712758374910905,0.4783403817579152
0.25712758374910905,0.4784546805349183
0.2572166785459729,0.4784546805349183
0.2572166785459729,0.4791404731969368
0.2574839629365645,0.4791404731969368
0.2574839629365645,0.479369070750943
0.25766215253029223,0.479369070750943
0.25766215253029223,0.47948336952794607
0.2577512473271561,0.47948336952794607
0.2577512473271561,0.47959766830494915
0.25784034212401996,0.47959766830494915
0.25784034212401996,0.47971196708195224
0.2579294369208838,0.47971196708195224
0.2579294369208838,0.4798262658589553
0.2582858161083393,0.4798262658589553
0.2582858161083393,0.4800548634129615
0.25837491090520315,0.4800548634129615
0.25837491090520315,0.4801691621899646
0.2585531004989309,0.4801691621899646
0.2585531004989309,0.48039775974397075
0.2587312900926586,0.48039775974397075
0.2587312900926586,0.48051205852097384
0.25890947968638633,0.48051205852097384
0.25890947968638633,0.4809692536289862
0.25935495367070566,0.4809692536289862
0.25935495367070566,0.48108355240598927
0.25953314326443333,0.48108355240598927
0.25953314326443333,0.48119785118299235
0.2598004276550249,0.48119785118299235
0.2598004276550249,0.48131214995999544
0.2598895224518888,0.48131214995999544
0.2598895224518888,0.4816550462910047
0.2603349964362081,0.4816550462910047
0.2603349964362081,0.48211224139901704
0.26078047042052743,0.48211224139901704
0.26078047042052743,0.4822265401760201
0.2608695652173913,0.4822265401760201
0.2608695652173913,0.4823408389530232
0.2611368496079829,0.4823408389530232
0.2611368496079829,0.48268373528403247
0.26122594440484675,0.48268373528403247
0.26122594440484675,0.48279803406103555
0.2616714183891661,0.48279803406103555
0.2616714183891661,0.48291233283803864
0.26176051318602994,0.48291233283803864
0.26176051318602994,0.4832552291690479
0.2618496079828938,0.4832552291690479
0.2618496079828938,0.4838267230540633
0.26202779757662154,0.4838267230540633
0.26202779757662154,0.4841696193850726
0.2621168923734854,0.4841696193850726
0.2621168923734854,0.48428391816207567
0.2626514611546686,0.48428391816207567
0.2626514611546686,0.48451251571608184
0.26274055595153245,0.48451251571608184
0.26274055595153245,0.4846268144930849
0.26300784034212404,0.4846268144930849
0.26300784034212404,0.484741113270088
0.2631860299358518,0.484741113270088
0.2631860299358518,0.48508400960109727
0.2632751247327156,0.48508400960109727
0.2632751247327156,0.48519830837810035
0.2635424091233072,0.48519830837810035
0.2635424091233072,0.4855412047091096
0.2637205987170349,0.4855412047091096
0.2637205987170349,0.4856555034861127
0.26389878831076263,0.4856555034861127
0.26389878831076263,0.48588410104011887
0.26407697790449036,0.48588410104011887
0.26407697790449036,0.4864555949251343
0.2644333570919458,0.4864555949251343
0.2644333570919458,0.4865698937021374
0.26461154668567355,0.4865698937021374
0.26461154668567355,0.48679849125614355
0.2647006414825374,0.48679849125614355
0.2647006414825374,0.4871413875871528
0.2647897362794013,0.4871413875871528
0.2647897362794013,0.4872556863641559
0.26487883107626514,0.4872556863641559
0.26487883107626514,0.487369985141159
0.26505702066999287,0.487369985141159
0.26505702066999287,0.4878271802491713
0.26514611546685674,0.4878271802491713
0.26514611546685674,0.4880557778031775
0.2652352102637206,0.4880557778031775
0.2652352102637206,0.48851297291118984
0.26541339985744833,0.48851297291118984
0.26541339985744833,0.4886272716881929
0.26559158945117606,0.4886272716881929
0.26559158945117606,0.4888558692421991
0.2657697790449038,0.4888558692421991
0.2657697790449038,0.48908446679620526
0.26612615823235924,0.48908446679620526
0.26612615823235924,0.48919876557320835
0.2667498218104063,0.48919876557320835
0.2667498218104063,0.4897702594582238
0.26683891660727016,0.4897702594582238
0.26683891660727016,0.48999885701222995
0.2670171062009979,0.48999885701222995
0.2670171062009979,0.4903417533432392
0.2673734853884533,0.4903417533432392
0.2673734853884533,0.4904560521202423
0.267551674982181,0.4904560521202423
0.267551674982181,0.4905703508972454
0.2676407697790449,0.4905703508972454
0.2676407697790449,0.49079894845125155
0.2679080541696365,0.49079894845125155
0.2679080541696365,0.4912561435592639
0.2680862437633642,0.4912561435592639
0.2680862437633642,0.49148474111327006
0.26817533856022807,0.49148474111327006
0.26817533856022807,0.49159903989027315
0.2683535281539558,0.49159903989027315
0.2683535281539558,0.4918276374442793
0.26844262295081966,0.4918276374442793
0.26844262295081966,0.4919419362212824
0.26853171774768353,0.4919419362212824
0.26853171774768353,0.4920562349982855
0.2686208125445474,0.4920562349982855
0.2686208125445474,0.4923991313292948
0.26924447612259444,0.4923991313292948
0.26924447612259444,0.4925134301062979
0.2694226657163222,0.4925134301062979
0.2694226657163222,0.492627728883301
0.26968995010691377,0.492627728883301
0.26968995010691377,0.49285632643730715
0.2698681397006415,0.49285632643730715
0.2698681397006415,0.49297062521431023
0.26995723449750536,0.49297062521431023
0.26995723449750536,0.4930849239913133
0.2704027084818247,0.4930849239913133
0.2704027084818247,0.4934278203223226
0.2705808980755524,0.4934278203223226
0.2705808980755524,0.49354211909932566
0.27075908766928014,0.49354211909932566
0.27075908766928014,0.49365641787632875
0.27084818246614395,0.49365641787632875
0.27084818246614395,0.49377071665333183
0.2709372772630078,0.49377071665333183
0.2709372772630078,0.4942279117613442
0.27111546685673554,0.4942279117613442
0.27111546685673554,0.49434221053834726
0.27138275124732714,0.49434221053834726
0.27138275124732714,0.49445650931535035
0.27156094084105487,0.49445650931535035
0.27156094084105487,0.4947994056463596
0.27182822523164646,0.4947994056463596
0.27182822523164646,0.4949137044233627
0.2721846044191019,0.4949137044233627
0.2721846044191019,0.4950280032003658
0.27236279401282965,0.4950280032003658
0.27236279401282965,0.49514230197736886
0.2725409836065574,0.49514230197736886
0.2725409836065574,0.49537089953137503
0.2729864575908767,0.49537089953137503
0.2729864575908767,0.4955994970853812
0.2732537419814683,0.4955994970853812
0.2732537419814683,0.4958280946393874
0.273431931575196,0.4958280946393874
0.273431931575196,0.49594239341639046
0.2735210263720599,0.49594239341639046
0.2735210263720599,0.49605669219339354
0.2736992159657876,0.49605669219339354
0.2736992159657876,0.49617099097039663
0.2737883107626515,0.49617099097039663
0.2737883107626515,0.4963995885244028
0.2739665003563792,0.4963995885244028
0.2739665003563792,0.4965138873014059
0.27405559515324307,0.4965138873014059
0.27405559515324307,0.49674248485541206
0.27432287954383466,0.49674248485541206
0.27432287954383466,0.49685678363241514
0.2745010691375624,0.49685678363241514
0.2745010691375624,0.4970853811864213
0.27476835352815393,0.4970853811864213
0.27476835352815393,0.4973139787404275
0.2748574483250178,0.4973139787404275
0.2748574483250178,0.49777117384843983
0.27521382751247325,0.49777117384843983
0.27521382751247325,0.4978854726254429
0.27548111190306485,0.4978854726254429
0.27548111190306485,0.497999771402446
0.2756593014967926,0.497999771402446
0.2756593014967926,0.4981140701794491
0.2758374910905203,0.4981140701794491
0.2758374910905203,0.4982283689564522
0.27601568068424803,0.4982283689564522
0.27601568068424803,0.49834266773345526
0.2761047754811119,0.49834266773345526
0.2761047754811119,0.49857126528746143
0.2762829650748396,0.49857126528746143
0.2762829650748396,0.4986855640644645
0.27672843905915895,0.4986855640644645
0.27672843905915895,0.4989141616184707
0.2768175338560228,0.4989141616184707
0.2768175338560228,0.49914275917247686
0.2769066286528867,0.49914275917247686
0.2769066286528867,0.49925705794947994
0.27699572344975054,0.49925705794947994
0.27699572344975054,0.4997142530574923
0.2770848182466144,0.4997142530574923
0.2770848182466144,0.5005143444965139
0.27744119743406986,0.5005143444965139
0.27744119743406986,0.5008572408275231
0.27753029223093373,0.5008572408275231
0.27753029223093373,0.5009715396045262
0.2781539558089808,0.5009715396045262
0.2781539558089808,0.5010858383815293
0.27824305060584464,0.5010858383815293
0.27824305060584464,0.5016573322665447
0.2783321454027085,0.5016573322665447
0.2783321454027085,0.5018859298205509
0.2786885245901639,0.5018859298205509
0.2786885245901639,0.502000228597554
0.2787776193870278,0.502000228597554
0.2787776193870278,0.5021145273745571
0.2789558089807555,0.5021145273745571
0.2789558089807555,0.5024574237055663
0.27913399857448323,0.5024574237055663
0.27913399857448323,0.5026860212595725
0.2792230933713471,0.5026860212595725
0.2792230933713471,0.5028003200365756
0.27931218816821096,0.5028003200365756
0.27931218816821096,0.5029146188135787
0.2794012829650748,0.5029146188135787
0.2794012829650748,0.5030289175905818
0.2794903777619387,0.5030289175905818
0.2794903777619387,0.5038290090296034
0.2796685673556664,0.5038290090296034
0.2796685673556664,0.5039433078066065
0.2797576621525303,0.5039433078066065
0.2797576621525303,0.5041719053606126
0.27984675694939415,0.5041719053606126
0.27984675694939415,0.5050862955766373
0.2800249465431219,0.5050862955766373
0.2800249465431219,0.5052005943536404
0.2802031361368496,0.5052005943536404
0.2802031361368496,0.5062292833466682
0.28038132573057734,0.5062292833466682
0.28038132573057734,0.5064578809006743
0.28064861012116893,0.5064578809006743
0.28064861012116893,0.5065721796776774
0.2807377049180328,0.5065721796776774
0.2807377049180328,0.5066864784546805
0.2811831789023521,0.5066864784546805
0.2811831789023521,0.5069150760086867
0.281272273699216,0.5069150760086867
0.281272273699216,0.5070293747856898
0.28136136849607984,0.5070293747856898
0.28136136849607984,0.507372271116699
0.28162865288667144,0.507372271116699
0.28162865288667144,0.5074865698937021
0.28180684248039917,0.5074865698937021
0.28180684248039917,0.5076008686707052
0.28207412687099076,0.5076008686707052
0.28207412687099076,0.5078294662247114
0.2821632216678546,0.5078294662247114
0.2821632216678546,0.5079437650017145
0.28251960085531,0.5079437650017145
0.28251960085531,0.5081723625557206
0.2826086956521739,0.5081723625557206
0.2826086956521739,0.5082866613327237
0.2827868852459016,0.5082866613327237
0.2827868852459016,0.508743856440736
0.2828759800427655,0.508743856440736
0.2828759800427655,0.5093153503257515
0.28296507483962935,0.5093153503257515
0.28296507483962935,0.5094296491027546
0.28323235923022094,0.5094296491027546
0.28323235923022094,0.5096582466567607
0.28341054882394867,0.5096582466567607
0.28341054882394867,0.5098868442107669
0.28349964362081254,0.5098868442107669
0.28349964362081254,0.51000114298777
0.2835887384176764,0.51000114298777
0.2835887384176764,0.5101154417647731
0.28367783321454026,0.5101154417647731
0.28367783321454026,0.5102297405417762
0.28394511760513186,0.5102297405417762
0.28394511760513186,0.5103440393187793
0.28421240199572345,0.5103440393187793
0.28421240199572345,0.5105726368727854
0.28447968638631504,0.5105726368727854
0.28447968638631504,0.5106869356497885
0.2845687811831789,0.5106869356497885
0.2845687811831789,0.5108012344267916
0.2846578759800428,0.5108012344267916
0.2846578759800428,0.5109155332037947
0.28519244476122596,0.5109155332037947
0.28519244476122596,0.5110298319807978
0.2853706343549537,0.5110298319807978
0.2853706343549537,0.5112584295348039
0.28545972915181755,0.5112584295348039
0.28545972915181755,0.511372728311807
0.2856379187455453,0.511372728311807
0.2856379187455453,0.5114870270888101
0.28572701354240915,0.5114870270888101
0.28572701354240915,0.5116013258658132
0.285816108339273,0.5116013258658132
0.285816108339273,0.5117156246428163
0.2859052031361369,0.5117156246428163
0.2859052031361369,0.5118299234198194
0.28608339272986455,0.5118299234198194
0.28608339272986455,0.5120585209738255
0.2861724875267284,0.5120585209738255
0.2861724875267284,0.5124014173048348
0.28635067712045614,0.5124014173048348
0.28635067712045614,0.512630014858841
0.28652886671418387,0.512630014858841
0.28652886671418387,0.512744313635844
0.28661796151104774,0.512744313635844
0.28661796151104774,0.5129729111898502
0.2869743406985032,0.5129729111898502
0.2869743406985032,0.5130872099668533
0.28706343549536706,0.5130872099668533
0.28706343549536706,0.5133158075208595
0.2871525302922309,0.5133158075208595
0.2871525302922309,0.5134301062978626
0.2874198146828225,0.5134301062978626
0.2874198146828225,0.5136587038518687
0.2876870990734141,0.5136587038518687
0.2876870990734141,0.5137730026288718
0.287776193870278,0.5137730026288718
0.287776193870278,0.5141158989598811
0.2879543834640057,0.5141158989598811
0.2879543834640057,0.5142301977368842
0.28804347826086957,0.5142301977368842
0.28804347826086957,0.5144587952908903
0.28813257305773343,0.5144587952908903
0.28813257305773343,0.5145730940678934
0.28831076265146116,0.5145730940678934
0.28831076265146116,0.5146873928448965
0.2884889522451889,0.5146873928448965
0.2884889522451889,0.5148016916218996
0.2889344262295082,0.5148016916218996
0.2889344262295082,0.5149159903989027
0.2890235210263721,0.5149159903989027
0.2890235210263721,0.5150302891759058
0.28929080541696367,0.5150302891759058
0.28929080541696367,0.515373185506915
0.28937990021382753,0.515373185506915
0.28937990021382753,0.5156017830609212
0.2894689950106914,0.5156017830609212
0.2894689950106914,0.5157160818379244
0.28964718460441913,0.5157160818379244
0.28964718460441913,0.5158303806149275
0.2898253741981468,0.5158303806149275
0.2898253741981468,0.5159446793919306
0.28991446899501067,0.5159446793919306
0.28991446899501067,0.516516173276946
0.2900926585887384,0.516516173276946
0.2900926585887384,0.5166304720539491
0.29018175338560226,0.5166304720539491
0.29018175338560226,0.5168590696079552
0.29035994297933,0.5168590696079552
0.29035994297933,0.5172019659389645
0.2905381325730577,0.5172019659389645
0.2905381325730577,0.5173162647159676
0.2908054169636493,0.5173162647159676
0.2908054169636493,0.5176591610469768
0.2908945117605132,0.5176591610469768
0.2908945117605132,0.5177734598239799
0.2910727013542409,0.5177734598239799
0.2910727013542409,0.517887758600983
0.2913399857448325,0.517887758600983
0.2913399857448325,0.5181163561549892
0.29142908054169636,0.5181163561549892
0.29142908054169636,0.5183449537089954
0.2915181753385602,0.5183449537089954
0.2915181753385602,0.5184592524859984
0.29169636493228795,0.5184592524859984
0.29169636493228795,0.5185735512630015
0.29196364932287955,0.5185735512630015
0.29196364932287955,0.519145045148017
0.2921418389166073,0.519145045148017
0.2921418389166073,0.5193736427020231
0.29223093371347114,0.5193736427020231
0.29223093371347114,0.5194879414790262
0.29249821810406273,0.5194879414790262
0.29249821810406273,0.5196022402560293
0.2925873129009266,0.5196022402560293
0.2925873129009266,0.5197165390330324
0.29276550249465433,0.5197165390330324
0.29276550249465433,0.5198308378100355
0.2928545972915182,0.5198308378100355
0.2928545972915182,0.5199451365870386
0.29321097647897365,0.5199451365870386
0.29321097647897365,0.5200594353640416
0.2933000712758375,0.5200594353640416
0.2933000712758375,0.5201737341410447
0.2933891660727014,0.5201737341410447
0.2933891660727014,0.5206309292490571
0.29356735566642905,0.5206309292490571
0.29356735566642905,0.5209738255800663
0.2936564504632929,0.5209738255800663
0.2936564504632929,0.5210881243570694
0.2939237348538845,0.5210881243570694
0.2939237348538845,0.5212024231340725
0.2940128296507484,0.5212024231340725
0.2940128296507484,0.5213167219110756
0.29428011404133997,0.5213167219110756
0.29428011404133997,0.5214310206880787
0.2944583036350677,0.5214310206880787
0.2944583036350677,0.521888215796091
0.29454739843193156,0.521888215796091
0.29454739843193156,0.5220025145730941
0.2946364932287954,0.5220025145730941
0.2946364932287954,0.5224597096811064
0.2952601568068425,0.5224597096811064
0.2952601568068425,0.5225740084581095
0.2954383464005702,0.5225740084581095
0.2954383464005702,0.5226883072351126
0.29552744119743407,0.5226883072351126
0.29552744119743407,0.5228026060121157
0.29579472558802566,0.5228026060121157
0.29579472558802566,0.5229169047891188
0.29588382038488953,0.5229169047891188
0.29588382038488953,0.5230312035661219
0.2961511047754811,0.5230312035661219
0.2961511047754811,0.523145502343125
0.296240199572345,0.523145502343125
0.296240199572345,0.523259801120128
0.29632929436920885,0.523259801120128
0.29632929436920885,0.5233740998971311
0.2965074839629366,0.5233740998971311
0.2965074839629366,0.5234883986741342
0.29659657875980044,0.5234883986741342
0.29659657875980044,0.5238312950051435
0.2967747683535282,0.5238312950051435
0.2967747683535282,0.5240598925591496
0.29686386315039204,0.5240598925591496
0.29686386315039204,0.5244027888901589
0.2969529579472559,0.5244027888901589
0.2969529579472559,0.524517087667162
0.29704205274411977,0.524517087667162
0.29704205274411977,0.5246313864441651
0.29713114754098363,0.5246313864441651
0.29713114754098363,0.5250885815521774
0.2972202423378475,0.5250885815521774
0.2972202423378475,0.5252028803291805
0.29748752672843903,0.5252028803291805
0.29748752672843903,0.5255457766601898
0.2975766215253029,0.5255457766601898
0.2975766215253029,0.5256600754371928
0.2977548111190306,0.5256600754371928
0.2977548111190306,0.5260029717682021
0.2978439059158945,0.5260029717682021
0.2978439059158945,0.5268030632072237
0.2980220955096222,0.5268030632072237
0.2980220955096222,0.5269173619842268
0.29820028510334995,0.5269173619842268
0.29820028510334995,0.5270316607612299
0.2982893799002138,0.5270316607612299
0.2982893799002138,0.527260258315236
0.29846756949394154,0.527260258315236
0.29846756949394154,0.5273745570922391
0.2985566642908054,0.5273745570922391
0.2985566642908054,0.5278317522002515
0.29873485388453314,0.5278317522002515
0.29873485388453314,0.5280603497542576
0.29891304347826086,0.5280603497542576
0.29891304347826086,0.52851754486227
0.29900213827512473,0.52851754486227
0.29900213827512473,0.5287461424162762
0.29918032786885246,0.5287461424162762
0.29918032786885246,0.5289747399702823
0.2993585174625802,0.5289747399702823
0.2993585174625802,0.5290890387472854
0.2995367070563079,0.5290890387472854
0.2995367070563079,0.5296605326323008
0.29971489665003564,0.5296605326323008
0.29971489665003564,0.529889130186307
0.2998039914468995,0.529889130186307
0.2998039914468995,0.5300034289633101
0.2998930862437634,0.5300034289633101
0.2998930862437634,0.5302320265173163
0.3000712758374911,0.5302320265173163
0.3000712758374911,0.5303463252943194
0.3006058446186743,0.5303463252943194
0.3006058446186743,0.5304606240713224
0.30069493941553815,0.5304606240713224
0.30069493941553815,0.5306892216253286
0.30096222380612975,0.5306892216253286
0.30096222380612975,0.5308035204023317
0.30131860299358515,0.5308035204023317
0.30131860299358515,0.531260715510344
0.301407697790449,0.531260715510344
0.301407697790449,0.5313750142873471
0.3016749821810406,0.5313750142873471
0.3016749821810406,0.5316036118413533
0.30176407697790447,0.5316036118413533
0.30176407697790447,0.5317179106183564
0.30185317177476834,0.5317179106183564
0.30185317177476834,0.5319465081723626
0.3019422665716322,0.5319465081723626
0.3019422665716322,0.5320608069493656
0.30203136136849607,0.5320608069493656
0.30203136136849607,0.5321751057263687
0.3022095509622238,0.5321751057263687
0.3022095509622238,0.5322894045033718
0.3023877405559515,0.5322894045033718
0.3023877405559515,0.5324037032803749
0.3024768353528154,0.5324037032803749
0.3024768353528154,0.532518002057378
0.30256593014967925,0.532518002057378
0.30256593014967925,0.5326323008343811
0.3030114041339986,0.5326323008343811
0.3030114041339986,0.5327465996113842
0.30310049893086244,0.5327465996113842
0.30310049893086244,0.5328608983883872
0.30327868852459017,0.5328608983883872
0.30327868852459017,0.5329751971653903
0.30336778332145403,0.5329751971653903
0.30336778332145403,0.5330894959423934
0.3037241625089095,0.5330894959423934
0.3037241625089095,0.5333180934963996
0.30381325730577335,0.5333180934963996
0.30381325730577335,0.5334323922734027
0.3039914468995011,0.5334323922734027
0.3039914468995011,0.5335466910504058
0.30408054169636495,0.5335466910504058
0.30408054169636495,0.5337752886044119
0.3041696364932288,0.5337752886044119
0.3041696364932288,0.533889587381415
0.30434782608695654,0.533889587381415
0.30434782608695654,0.5344610812664304
0.30452601568068427,0.5344610812664304
0.30452601568068427,0.5350325751514459
0.30479330007127586,0.5350325751514459
0.30479330007127586,0.535146873928449
0.305327868852459,0.535146873928449
0.305327868852459,0.5353754714824551
0.30568424803991445,0.5353754714824551
0.30568424803991445,0.5354897702594582
0.3060406272273699,0.5354897702594582
0.3060406272273699,0.5356040690364613
0.3063079116179615,0.5356040690364613
0.3063079116179615,0.5357183678134644
0.30648610121168923,0.5357183678134644
0.30648610121168923,0.5358326665904675
0.30666429080541696,0.5358326665904675
0.30666429080541696,0.5359469653674706
0.3068424803991447,0.5359469653674706
0.3068424803991447,0.5360612641444736
0.30693157519600855,0.5360612641444736
0.30693157519600855,0.5361755629214767
0.3070206699928724,0.5361755629214767
0.3070206699928724,0.5362898616984798
0.30746614397719174,0.5362898616984798
0.30746614397719174,0.5364041604754829
0.3075552387740556,0.5364041604754829
0.3075552387740556,0.536518459252486
0.30773342836778333,0.536518459252486
0.30773342836778333,0.5366327580294891
0.30800071275837493,0.5366327580294891
0.30800071275837493,0.5367470568064922
0.3080898075552388,0.5367470568064922
0.3080898075552388,0.5369756543604983
0.3083570919458304,0.5369756543604983
0.3083570919458304,0.5370899531375014
0.308624376336422,0.5370899531375014
0.308624376336422,0.5374328494685107
0.30880256593014965,0.5374328494685107
0.30880256593014965,0.5375471482455138
0.3089807555238774,0.5375471482455138
0.3089807555238774,0.537890044576523
0.30960441910192443,0.537890044576523
0.30960441910192443,0.5381186421305292
0.309871703492516,0.5381186421305292
0.309871703492516,0.5383472396845354
0.3099607982893799,0.5383472396845354
0.3099607982893799,0.5384615384615384
0.31004989308624376,0.5384615384615384
0.31004989308624376,0.5385758372385415
0.31031717747683535,0.5385758372385415
0.31031717747683535,0.5386901360155446
0.3104062722736992,0.5386901360155446
0.3104062722736992,0.5390330323465539
0.31076265146115467,0.5390330323465539
0.31076265146115467,0.539147331123557
0.31085174625801854,0.539147331123557
0.31085174625801854,0.5393759286775631
0.3109408410548824,0.5393759286775631
0.3109408410548824,0.5394902274545662
0.311208125445474,0.5394902274545662
0.311208125445474,0.5397188250085724
0.31129722024233786,0.5397188250085724
0.31129722024233786,0.5400617213395816
0.3116535994297933,0.5400617213395816
0.3116535994297933,0.5401760201165847
0.31183178902352104,0.5401760201165847
0.31183178902352104,0.5406332152245971
0.3119208838203849,0.5406332152245971
0.3119208838203849,0.5407475140016001
0.3120099786172488,0.5407475140016001
0.3120099786172488,0.5408618127786032
0.31209907341411264,0.5408618127786032
0.31209907341411264,0.5410904103326094
0.31227726300784037,0.5410904103326094
0.31227726300784037,0.5412047091096125
0.31263364219529577,0.5412047091096125
0.31263364219529577,0.5417762029946279
0.31272273699215963,0.5417762029946279
0.31272273699215963,0.541890501771631
0.3128118317890235,0.541890501771631
0.3128118317890235,0.5420048005486341
0.3129900213827512,0.5420048005486341
0.3129900213827512,0.5421190993256372
0.3130791161796151,0.5421190993256372
0.3130791161796151,0.5422333981026403
0.31316821097647896,0.5422333981026403
0.31316821097647896,0.5423476968796433
0.3132573057733428,0.5423476968796433
0.3132573057733428,0.5424619956566464
0.3133464005702067,0.5424619956566464
0.3133464005702067,0.5426905932106526
0.31370277975766214,0.5426905932106526
0.31370277975766214,0.5429191907646588
0.313791874554526,0.5429191907646588
0.313791874554526,0.543147788318665
0.31414825374198146,0.543147788318665
0.31414825374198146,0.543262087095668
0.31423734853884533,0.543262087095668
0.31423734853884533,0.5433763858726711
0.3145046329294369,0.5433763858726711
0.3145046329294369,0.5434906846496742
0.3145937277263008,0.5434906846496742
0.3145937277263008,0.5436049834266773
0.31468282252316465,0.5436049834266773
0.31468282252316465,0.5438335809806835
0.31495010691375624,0.5438335809806835
0.31495010691375624,0.5444050748656989
0.3150392017106201,0.5444050748656989
0.3150392017106201,0.5446336724197051
0.3153064861012117,0.5446336724197051
0.3153064861012117,0.5450908675277174
0.31539558089807557,0.5450908675277174
0.31539558089807557,0.5453194650817236
0.31566286528866716,0.5453194650817236
0.31566286528866716,0.5456623614127328
0.315751960085531,0.5456623614127328
0.315751960085531,0.5457766601897359
0.3158410548823949,0.5457766601897359
0.3158410548823949,0.545890958966739
0.3160192444761226,0.545890958966739
0.3160192444761226,0.5460052577437421
0.316375623663578,0.5460052577437421
0.316375623663578,0.5461195565207452
0.31655381325730575,0.5461195565207452
0.31655381325730575,0.5462338552977483
0.3167320028510335,0.5462338552977483
0.3167320028510335,0.5464624528517544
0.3169101924447612,0.5464624528517544
0.3169101924447612,0.5466910504057606
0.31699928724162507,0.5466910504057606
0.31699928724162507,0.5469196479597669
0.31708838203848894,0.5469196479597669
0.31708838203848894,0.54703394673677
0.3176229508196721,0.54703394673677
0.3176229508196721,0.5471482455137731
0.317712045616536,0.5471482455137731
0.317712045616536,0.5472625442907761
0.31780114041339985,0.5472625442907761
0.31780114041339985,0.5473768430677792
0.3178902352102637,0.5473768430677792
0.3178902352102637,0.5474911418447823
0.31806842480399145,0.5474911418447823
0.31806842480399145,0.5476054406217854
0.3181575196008553,0.5476054406217854
0.3181575196008553,0.5477197393987885
0.3186920883820385,0.5477197393987885
0.3186920883820385,0.5478340381757916
0.3188702779757662,0.5478340381757916
0.3188702779757662,0.5480626357297977
0.31904846756949395,0.5480626357297977
0.31904846756949395,0.5482912332838039
0.3192266571632217,0.5482912332838039
0.3192266571632217,0.548405532060807
0.3194048467569494,0.548405532060807
0.3194048467569494,0.5486341296148132
0.3194939415538133,0.5486341296148132
0.3194939415538133,0.5490913247228255
0.319672131147541,0.5490913247228255
0.319672131147541,0.5495485198308379
0.31985032074126873,0.5495485198308379
0.31985032074126873,0.549777117384844
0.3199394155381326,0.549777117384844
0.3199394155381326,0.5500057149388502
0.32002851033499646,0.5500057149388502
0.32002851033499646,0.5501200137158533
0.32011760513186027,0.5501200137158533
0.32011760513186027,0.5502343124928564
0.320295794725588,0.5502343124928564
0.32038488952245187,0.5503486112698595
0.32038488952245187,0.5506915076008687
0.32047398431931573,0.5506915076008687
0.32047398431931573,0.5512630014858841
0.3205630791161796,0.5512630014858841
0.3205630791161796,0.5516058978168934
0.32065217391304346,0.5516058978168934
0.32065217391304346,0.5517201965938965
0.3207412687099073,0.5517201965938965
0.3207412687099073,0.5518344953708996
0.3208303635067712,0.5518344953708996
0.3208303635067712,0.5519487941479027
0.3215431218816821,0.5519487941479027
0.3215431218816821,0.5520630929249057
0.32163221667854597,0.5520630929249057
0.32163221667854597,0.5522916904789119
0.32172131147540983,0.5522916904789119
0.32172131147540983,0.5525202880329181
0.3218104062722737,0.5525202880329181
0.3218104062722737,0.5528631843639273
0.3220776906628653,0.5528631843639273
0.3220776906628653,0.5534346782489428
0.32216678545972915,0.5534346782489428
0.32216678545972915,0.5535489770259459
0.3223449750534569,0.5535489770259459
0.3223449750534569,0.5536632758029489
0.3225231646471846,0.5536632758029489
0.3225231646471846,0.553777574579952
0.32270135424091234,0.553777574579952
0.32270135424091234,0.5540061721339582
0.3227904490377762,0.5540061721339582
0.3227904490377762,0.5543490684649675
0.32287954383464007,0.5543490684649675
0.32287954383464007,0.5545776660189736
0.3230577334283678,0.5545776660189736
0.3230577334283678,0.5546919647959767
0.32314682822523166,0.5546919647959767
0.32314682822523166,0.5548062635729798
0.3233250178189594,0.5548062635729798
0.3233250178189594,0.555034861126986
0.32341411261582326,0.555034861126986
0.32341411261582326,0.555149159903989
0.3237704918032787,0.555149159903989
0.3237704918032787,0.5554920562349983
0.32403777619387025,0.5554920562349983
0.32403777619387025,0.5557206537890045
0.324215965787598,0.5557206537890045
0.324215965787598,0.5560635501200137
0.32430506058446185,0.5560635501200137
0.32430506058446185,0.5561778488970168
0.32457234497505344,0.5561778488970168
0.3246614397719173,0.5562921476740199
0.32483962936564503,0.5562921476740199
0.32483962936564503,0.556406446451023
0.3249287241625089,0.556406446451023
0.3249287241625089,0.5565207452280261
0.32501781895937276,0.5565207452280261
0.32501781895937276,0.5567493427820323
0.3251069137562366,0.5567493427820323
0.3251069137562366,0.5568636415590353
0.3251960085531005,0.5568636415590353
0.3251960085531005,0.5569779403360384
0.32528510334996436,0.5569779403360384
0.32528510334996436,0.5570922391130415
0.3253741981468282,0.5570922391130415
0.3253741981468282,0.5572065378900446
0.3256414825374198,0.5572065378900446
0.3256414825374198,0.5573208366670477
0.3257305773342837,0.5573208366670477
0.3257305773342837,0.5575494342210539
0.32581967213114754,0.5575494342210539
0.32581967213114754,0.5580066293290662
0.32599786172487527,0.5580066293290662
0.32599786172487527,0.5582352268830724
0.326176051318603,0.5582352268830724
0.326176051318603,0.5583495256600755
0.32626514611546686,0.5583495256600755
0.32626514611546686,0.5584638244370785
0.3266215253029223,0.5584638244370785
0.3266215253029223,0.5588067207680878
0.3267106200997862,0.5588067207680878
0.3267106200997862,0.5589210195450909
0.32679971489665005,0.5589210195450909
0.32679971489665005,0.559035318322094
0.3268888096935139,0.559035318322094
0.3268888096935139,0.559149617099097
0.3272451888809694,0.559149617099097
0.3272451888809694,0.5593782146531032
0.32760156806842483,0.5593782146531032
0.32760156806842483,0.5594925134301063
0.32786885245901637,0.5594925134301063
0.32786885245901637,0.5596068122071094
0.32795794725588023,0.5596068122071094
0.32795794725588023,0.5597211109841125
0.3280470420527441,0.5597211109841125
0.3280470420527441,0.5599497085381187
0.3282252316464718,0.5599497085381187
0.3282252316464718,0.5601783060921248
0.3285816108339273,0.5601783060921248
0.3285816108339273,0.5602926048691279
0.328759800427655,0.5602926048691279
0.328759800427655,0.5610926963081495
0.3288488952245189,0.5610926963081495
0.3288488952245189,0.5612069950851526
0.3290270848182466,0.5612069950851526
0.3290270848182466,0.5614355926391588
0.32920527441197434,0.5614355926391588
0.32920527441197434,0.5615498914161619
0.3292943692088382,0.5615498914161619
0.3292943692088382,0.561778488970168
0.32947255880256593,0.561778488970168
0.32947255880256593,0.5618927877471711
0.3297398431931575,0.5618927877471711
0.3297398431931575,0.5620070865241742
0.3298289379900214,0.5620070865241742
0.3298289379900214,0.5621213853011773
0.32991803278688525,0.5621213853011773
0.32991803278688525,0.5622356840781804
0.3300071275837491,0.5622356840781804
0.3300071275837491,0.5625785804091896
0.33018531717747684,0.5625785804091896
0.33018531717747684,0.5626928791861927
0.33045260156806844,0.5626928791861927
0.33045260156806844,0.563035775517202
0.33063079116179617,0.563035775517202
0.33063079116179617,0.5633786718482112
0.33071988595866003,0.5633786718482112
0.33071988595866003,0.5637215681792205
0.33089807555238776,0.5637215681792205
0.33089807555238776,0.5638358669562236
0.3312544547398432,0.5638358669562236
0.3312544547398432,0.5639501657332266
0.3316999287241625,0.5639501657332266
0.3316999287241625,0.5642930620642359
0.33178902352102635,0.5642930620642359
0.33178902352102635,0.564407360841239
0.3318781183178902,0.5645216596182421
0.3319672131147541,0.5645216596182421
0.3319672131147541,0.5646359583952452
0.33205630791161794,0.5646359583952452
0.33205630791161794,0.5647502571722482
0.3321454027084818,0.5647502571722482
0.3321454027084818,0.5648645559492513
0.33223449750534567,0.5648645559492513
0.33223449750534567,0.5649788547262544
0.3324126870990734,0.5649788547262544
0.3324126870990734,0.5650931535032575
0.33259087669280113,0.5650931535032575
0.33259087669280113,0.5652074522802606
0.332679971489665,0.5652074522802606
0.332679971489665,0.5653217510572637
0.33276906628652886,0.5653217510572637
0.33276906628652886,0.5655503486112698
0.3329472558802566,0.5655503486112698
0.3329472558802566,0.565778946165276
0.33303635067712045,0.565778946165276
0.33303635067712045,0.5658932449422791
0.3332145402708482,0.5658932449422791
0.3332145402708482,0.5660075437192822
0.3333927298645759,0.5660075437192822
0.3333927298645759,0.5661218424962853
0.3336600142551675,0.5661218424962853
0.3336600142551675,0.5669219339353069
0.33374910905203137,0.5669219339353069
0.33374910905203137,0.5673791290433192
0.3341054882394868,0.5673791290433192
0.3341054882394868,0.5676077265973254
0.3343727726300784,0.5676077265973254
0.3343727726300784,0.5678363241513316
0.33455096222380615,0.5678363241513316
0.33455096222380615,0.5680649217053377
0.33464005702067,0.5680649217053377
0.33464005702067,0.5681792204823408
0.3347291518175339,0.5681792204823408
0.3347291518175339,0.5685221168133501
0.3351746258018532,0.5685221168133501
0.3351746258018532,0.5687507143673562
0.335263720598717,0.5687507143673562
0.335263720598717,0.5688650131443593
0.3355310049893086,0.5688650131443593
0.3355310049893086,0.5689793119213624
0.33562009978617247,0.5689793119213624
0.33562009978617247,0.5690936106983655
0.33570919458303633,0.5690936106983655
0.33570919458303633,0.5692079094753686
0.3360655737704918,0.5692079094753686
0.3360655737704918,0.569779403360384
0.33642195295794725,0.569779403360384
0.33642195295794725,0.5698937021373871
0.3365110477548111,0.5698937021373871
0.3365110477548111,0.5702365984683964
0.336600142551675,0.5702365984683964
0.336600142551675,0.5704651960224025
0.33668923734853884,0.5704651960224025
0.33668923734853884,0.5708080923534118
0.3370456165359943,0.5708080923534118
0.3370456165359943,0.571150988684421
0.3374910905203136,0.571150988684421
0.3374910905203136,0.5712652874614241
0.3375801853171775,0.5712652874614241
0.3375801853171775,0.5713795862384272
0.33766928011404135,0.5713795862384272
0.33766928011404135,0.5714938850154303
0.3377583749109052,0.5714938850154303
0.3377583749109052,0.5716081837924334
0.3378474697077691,0.5716081837924334
0.3378474697077691,0.5717224825694365
0.33793656450463294,0.5717224825694365
0.33793656450463294,0.5718367813464396
0.3380256593014968,0.5718367813464396
0.3380256593014968,0.5719510801234426
0.33811475409836067,0.5719510801234426
0.33811475409836067,0.5720653789004457
0.33820384889522453,0.5720653789004457
0.33820384889522453,0.5721796776774488
0.33856022808268,0.5721796776774488
0.33856022808268,0.572408275231455
0.3387384176764077,0.572408275231455
0.3387384176764077,0.5725225740084581
0.33891660727013545,0.5725225740084581
0.33891660727013545,0.5726368727854612
0.3390947968638631,0.5726368727854612
0.3390947968638631,0.5728654703394673
0.33927298645759085,0.5728654703394673
0.33927298645759085,0.5730940678934735
0.3393620812544547,0.5730940678934735
0.33954027084818245,0.5730940678934735
0.33954027084818245,0.5732083666704766
0.33980755523877404,0.5732083666704766
0.33980755523877404,0.5734369642244828
0.3398966500356379,0.5734369642244828
0.3398966500356379,0.5735512630014858
0.33998574483250177,0.5735512630014858
0.33998574483250177,0.5736655617784889
0.34007483962936563,0.5736655617784889
0.34007483962936563,0.5741227568865013
0.34052031361368496,0.5741227568865013
0.34052031361368496,0.5742370556635044
0.3406094084105488,0.5742370556635044
0.3406094084105488,0.5743513544405074
0.3409657875980043,0.5743513544405074
0.3409657875980043,0.5746942507715167
0.341143977191732,0.5746942507715167
0.341143977191732,0.575151445879529
0.34132216678545974,0.575151445879529
0.34132216678545974,0.5752657446565321
0.34176764076977906,0.5752657446565321
0.34176764076977906,0.5753800434335352
0.34203492516037065,0.5753800434335352
0.34203492516037065,0.5754943422105383
0.3421240199572345,0.5754943422105383
0.3421240199572345,0.5756086409875414
0.3422131147540984,0.5756086409875414
0.3422131147540984,0.5757229397645445
0.3423913043478261,0.5757229397645445
0.3423913043478261,0.5758372385415476
0.34274768353528157,0.5758372385415476
0.34274768353528157,0.5759515373185506
0.3430149679258731,0.5759515373185506
0.3430149679258731,0.576408732426563
0.3435495367070563,0.576408732426563
0.3435495367070563,0.5765230312035661
0.34363863150392016,0.5765230312035661
0.34363863150392016,0.5766373299805692
0.3438168210976479,0.5766373299805692
0.3438168210976479,0.5767516287575722
0.3440841054882395,0.5767516287575722
0.3440841054882395,0.5768659275345753
0.34417320028510334,0.5768659275345753
0.34417320028510334,0.5769802263115784
0.34470776906628653,0.5769802263115784
0.34470776906628653,0.5772088238655846
0.3449750534568781,0.5772088238655846
0.3449750534568781,0.5773231226425877
0.345064148253742,0.5773231226425877
0.345064148253742,0.5775517201965938
0.34515324305060585,0.5775517201965938
0.34515324305060585,0.5780089153046062
0.3452423378474697,0.5780089153046062
0.3452423378474697,0.5781232140816093
0.34568781183178904,0.5781232140816093
0.34568781183178904,0.5786947079666248
0.3457769066286529,0.5786947079666248
0.3457769066286529,0.5791519030746372
0.34586600142551677,0.5791519030746372
0.34586600142551677,0.5792662018516402
0.3460441910192445,0.5792662018516402
0.3460441910192445,0.5796090981826495
0.34613328581610836,0.5796090981826495
0.34613328581610836,0.5798376957366557
0.3462223806129722,0.5798376957366557
0.3462223806129722,0.5800662932906618
0.3463114754098361,0.5800662932906618
0.3463114754098361,0.5801805920676649
0.3464896650035638,0.5801805920676649
0.3464896650035638,0.580294890844668
0.3465787598004277,0.580294890844668
0.3465787598004277,0.5804091896216711
0.3466678545972915,0.5804091896216711
0.3466678545972915,0.5806377871756773
0.3473806129722024,0.5806377871756773
0.3473806129722024,0.5808663847296834
0.34746970776906627,0.5808663847296834
0.34746970776906627,0.5810949822836896
0.34755880256593014,0.5810949822836896
0.34755880256593014,0.5812092810606927
0.34782608695652173,0.5812092810606927
0.34782608695652173,0.5813235798376958
0.3480933713471133,0.5813235798376958
0.3480933713471133,0.5814378786146989
0.3483606557377049,0.5814378786146989
0.3483606557377049,0.581552177391702
0.3487170349251604,0.581552177391702
0.3487170349251604,0.581666476168705
0.34907341411261583,0.581666476168705
0.34907341411261583,0.5818950737227112
0.3494297933000713,0.5818950737227112
0.3494297933000713,0.5821236712767174
0.349607982893799,0.5821236712767174
0.349607982893799,0.5822379700537205
0.3501425516749822,0.5822379700537205
0.3501425516749822,0.5824665676077266
0.35023164647184607,0.5824665676077266
0.35023164647184607,0.5825808663847297
0.35032074126870993,0.5825808663847297
0.35032074126870993,0.5828094639387359
0.3504989308624376,0.5828094639387359
0.3504989308624376,0.582923762715739
0.35067712045616534,0.582923762715739
0.35067712045616534,0.5830380614927421
0.3507662152530292,0.5830380614927421
0.3507662152530292,0.5834952566007544
0.35094440484675693,0.5834952566007544
0.35094440484675693,0.5836095553777575
0.3510334996436208,0.5836095553777575
0.3510334996436208,0.5838381529317637
0.3517462580185317,0.5838381529317637
0.3517462580185317,0.5840667504857698
0.3518353528153956,0.5840667504857698
0.3518353528153956,0.5841810492627729
0.35192444761225944,0.5841810492627729
0.35192444761225944,0.5844096468167791
0.3520135424091233,0.5844096468167791
0.3520135424091233,0.5845239455937822
0.35210263720598717,0.5845239455937822
0.35210263720598717,0.5846382443707853
0.3522808267997149,0.5846382443707853
0.3522808267997149,0.5847525431477884
0.35263720598717035,0.5847525431477884
0.35263720598717035,0.5848668419247914
0.3532608695652174,0.5848668419247914
0.3532608695652174,0.5849811407017945
0.35334996436208127,0.5849811407017945
0.35334996436208127,0.5853240370328038
0.35343905915894513,0.5853240370328038
0.35343905915894513,0.58555263458681
0.353528153955809,0.58555263458681
0.353528153955809,0.5857812321408161
0.35361724875267286,0.5857812321408161
0.35361724875267286,0.5863527260258315
0.3537954383464006,0.5863527260258315
0.3537954383464006,0.5865813235798377
0.3549536707056308,0.5865813235798377
0.3549536707056308,0.5873814150188593
0.3551318602993585,0.5873814150188593
0.3551318602993585,0.5879529089038747
0.35548823948681396,0.5879529089038747
0.35548823948681396,0.5880672076808778
0.3556664290805417,0.5880672076808778
0.3556664290805417,0.5881815064578809
0.35575552387740556,0.5881815064578809
0.35575552387740556,0.5885244027888902
0.356111903064861,0.5885244027888902
0.356111903064861,0.5889815978969025
0.35655737704918034,0.5889815978969025
0.35655737704918034,0.5892101954509087
0.357448325017819,0.5892101954509087
0.357448325017819,0.5893244942279118
0.3576265146115467,0.5893244942279118
0.3576265146115467,0.5894387930049149
0.35780470420527444,0.5894387930049149
0.35780470420527444,0.589553091781918
0.3579828937990021,0.589553091781918
0.3579828937990021,0.589667390558921
0.358071988595866,0.589667390558921
0.358071988595866,0.5897816893359241
0.35833927298645757,0.5897816893359241
0.35833927298645757,0.5898959881129272
0.35842836778332143,0.5898959881129272
0.35842836778332143,0.5902388844439365
0.358695652173913,0.5902388844439365
0.358695652173913,0.5903531832209395
0.3587847469707769,0.5903531832209395
0.3587847469707769,0.5904674819979426
0.3589629365645046,0.5904674819979426
0.3589629365645046,0.5905817807749457
0.3590520313613685,0.5905817807749457
0.3590520313613685,0.5908103783289519
0.35914112615823235,0.5908103783289519
0.35914112615823235,0.5910389758829581
0.3593193157519601,0.5910389758829581
0.3593193157519601,0.5911532746599611
0.35940841054882394,0.5911532746599611
0.35940841054882394,0.5912675734369642
0.35958660014255167,0.5912675734369642
0.35958660014255167,0.5913818722139673
0.3597647897362794,0.5913818722139673
0.3597647897362794,0.5916104697679735
0.35985388453314326,0.5916104697679735
0.35985388453314326,0.5917247685449766
0.360032074126871,0.5917247685449766
0.360032074126871,0.5919533660989827
0.3605666429080542,0.5919533660989827
0.3605666429080542,0.5920676648759858
0.36065573770491804,0.5920676648759858
0.36065573770491804,0.5921819636529889
0.36110121168923737,0.5921819636529889
0.36110121168923737,0.5924105612069951
0.36119030648610123,0.5924105612069951
0.36119030648610123,0.5927534575380043
0.3615466856735567,0.5927534575380043
0.3615466856735567,0.5928677563150074
0.3617248752672844,0.5928677563150074
0.3617248752672844,0.5929820550920105
0.3620812544547398,0.5929820550920105
0.3620812544547398,0.5933249514230198
0.3621703492516037,0.5933249514230198
0.3621703492516037,0.5934392502000229
0.3624376336421953,0.5934392502000229
0.3624376336421953,0.593553548977026
0.36252672843905914,0.593553548977026
0.36252672843905914,0.593667847754029
0.3631503920171062,0.593667847754029
0.3631503920171062,0.5938964453080352
0.36323948681397006,0.5938964453080352
0.36323948681397006,0.5941250428620414
0.36404133998574484,0.5941250428620414
0.36404133998574484,0.5943536404160475
0.3643977191732003,0.5943536404160475
0.3643977191732003,0.5946965367470568
0.36448681397006416,0.5946965367470568
0.36448681397006416,0.5948108355240599
0.3649322879543835,0.5948108355240599
0.3649322879543835,0.5950394330780661
0.36502138275124735,0.5950394330780661
0.36502138275124735,0.5952680306320722
0.3651104775481112,0.5952680306320722
0.3651104775481112,0.5953823294090753
0.36528866714183894,0.5953823294090753
0.36528866714183894,0.5954966281860784
0.3655559515324305,0.5954966281860784
0.3655559515324305,0.5956109269630815
0.36591233071988594,0.5956109269630815
0.36591233071988594,0.5957252257400846
0.36617961511047753,0.5957252257400846
0.36617961511047753,0.5958395245170877
0.3662687099073414,0.5958395245170877
0.3662687099073414,0.5959538232940907
0.3664468995010691,0.5959538232940907
0.3664468995010691,0.5960681220710938
0.36662508909479685,0.5960681220710938
0.36662508909479685,0.5961824208480969
0.3667141838916607,0.5961824208480969
0.3667141838916607,0.5962967196251
0.3670705630791162,0.5962967196251
0.3670705630791162,0.5964110184021031
0.36733784746970777,0.5964110184021031
0.36733784746970777,0.5965253171791062
0.3675160370634355,0.5965253171791062
0.3675160370634355,0.5967539147331123
0.36787241625089095,0.5967539147331123
0.36787241625089095,0.5970968110641216
0.3680506058446187,0.5970968110641216
0.3680506058446187,0.5974397073951309
0.3682287954383464,0.5974397073951309
0.3682287954383464,0.597554006172134
0.36840698503207414,0.597554006172134
0.36840698503207414,0.597668304949137
0.36858517462580187,0.597668304949137
0.36858517462580187,0.5977826037261401
0.3687633642195296,0.5977826037261401
0.3687633642195296,0.5983540976111555
0.3690306486101212,0.5983540976111555
0.3690306486101212,0.5985826951651617
0.3692088382038489,0.5985826951651617
0.3692088382038489,0.5986969939421648
0.3692979330007128,0.5986969939421648
0.3692979330007128,0.5988112927191679
0.3695652173913043,0.5988112927191679
0.3695652173913043,0.598925591496171
0.36974340698503205,0.598925591496171
0.36974340698503205,0.5990398902731741
0.37001069137562365,0.5990398902731741
0.37001069137562365,0.5991541890501771
0.3700997861724875,0.5991541890501771
0.3700997861724875,0.5993827866041833
0.37027797576621524,0.5993827866041833
0.37027797576621524,0.5994970853811864
0.3703670705630791,0.5994970853811864
0.3703670705630791,0.5996113841581895
0.37054526015680683,0.5996113841581895
0.37054526015680683,0.5997256829351926
0.3706343549536707,0.5997256829351926
0.3706343549536707,0.5999542804891987
0.37072344975053456,0.5999542804891987
0.37072344975053456,0.6000685792662018
0.3709016393442623,0.6000685792662018
0.3709016393442623,0.6001828780432049
0.37107982893799,0.6001828780432049
0.37107982893799,0.6007543719282203
0.37125801853171775,0.6007543719282203
0.37125801853171775,0.6008686707052234
0.3716143977191732,0.6008686707052234
0.3716143977191732,0.6009829694822265
0.37170349251603707,0.6009829694822265
0.37170349251603707,0.6010972682592296
0.37205987170349253,0.6010972682592296
0.37205987170349253,0.6012115670362327
0.372416250890948,0.6012115670362327
0.372416250890948,0.6014401645902389
0.3725944404846757,0.6014401645902389
0.3725944404846757,0.601668762144245
0.3726835352815396,0.601668762144245
0.3726835352815396,0.6018973596982512
0.3728617248752673,0.6018973596982512
0.3728617248752673,0.6021259572522574
0.37303991446899504,0.6021259572522574
0.37303991446899504,0.6023545548062635
0.37312900926585885,0.6023545548062635
0.37312900926585885,0.6024688535832666
0.3734853884533143,0.6024688535832666
0.3734853884533143,0.6025831523602697
0.37384176764076976,0.6025831523602697
0.37384176764076976,0.6026974511372728
0.37410905203136136,0.6026974511372728
0.37410905203136136,0.6028117499142759
0.37482181040627227,0.6028117499142759
0.37482181040627227,0.602926048691279
0.3752672843905916,0.602926048691279
0.3752672843905916,0.6031546462452851
0.3755345687811832,0.6031546462452851
0.3755345687811832,0.6032689450222882
0.37562366357804705,0.6032689450222882
0.37562366357804705,0.6033832437992913
0.3759800427655025,0.6033832437992913
0.3759800427655025,0.6034975425762944
0.3760691375623664,0.6034975425762944
0.3760691375623664,0.6036118413532975
0.37633642195295797,0.6036118413532975
0.37633642195295797,0.6038404389073037
0.37642551674982183,0.6038404389073037
0.37642551674982183,0.6039547376843067
0.3765146115466857,0.6039547376843067
0.3765146115466857,0.6040690364613098
0.3766928011404134,0.6040690364613098
0.3766928011404134,0.6045262315693222
0.3767818959372773,0.6045262315693222
0.3767818959372773,0.6048691279003314
0.3771382751247327,0.6048691279003314
0.3771382751247327,0.6050977254543376
0.37722736992159656,0.6050977254543376
0.37722736992159656,0.6052120242313407
0.377583749109052,0.6052120242313407
0.377583749109052,0.6053263230083438
0.3776728439059159,0.6053263230083438
0.3776728439059159,0.6054406217853469
0.3778510334996436,0.6054406217853469
0.3778510334996436,0.605669219339353
0.37794012829650747,0.605669219339353
0.37794012829650747,0.6057835181163561
0.3783856022808268,0.6057835181163561
0.3783856022808268,0.6060121156703623
0.3786528866714184,0.6060121156703623
0.3786528866714184,0.6061264144473654
0.37874198146828225,0.6061264144473654
0.37874198146828225,0.6062407132243685
0.37892017106201,0.6062407132243685
0.37892017106201,0.6068122071093839
0.3793656450463293,0.6068122071093839
0.3793656450463293,0.606926505886387
0.37945473984319317,0.606926505886387
0.37954383464005703,0.60704080466339
0.37954383464005703,0.6073837009943993
0.3798111190306486,0.6073837009943993
0.3798111190306486,0.6074979997714024
0.3799002138275125,0.6074979997714024
0.3799002138275125,0.6076122985484055
0.37998930862437635,0.6076122985484055
0.37998930862437635,0.608298091210424
0.3800784034212402,0.608298091210424
0.3800784034212402,0.6084123899874271
0.3801674982181041,0.6084123899874271
0.3801674982181041,0.6087552863184363
0.3803456878118318,0.6087552863184363
0.3803456878118318,0.6088695850954394
0.3807020669992872,0.6088695850954394
0.3807020669992872,0.6089838838724425
0.38105844618674267,0.6089838838724425
0.38105844618674267,0.6090981826494456
0.3812366357804704,0.6090981826494456
0.3812366357804704,0.6093267802034518
0.38159301496792586,0.6093267802034518
0.38159301496792586,0.609555377757458
0.3816821097647897,0.609555377757458
0.3816821097647897,0.6096696765344611
0.3819493941553813,0.6096696765344611
0.3819493941553813,0.6097839753114642
0.3822166785459729,0.6097839753114642
0.3822166785459729,0.6100125728654704
0.3824839629365645,0.6100125728654704
0.3824839629365645,0.6102411704194766
0.3827512473271561,0.6102411704194766
0.3827512473271561,0.6104697679734827
0.38284034212401996,0.6104697679734827
0.38284034212401996,0.6105840667504858
0.3829294369208838,0.6105840667504858
0.3829294369208838,0.6110412618584982
0.38337491090520315,0.6110412618584982
0.38337491090520315,0.6112698594125043
0.38364219529579474,0.6112698594125043
0.38364219529579474,0.6113841581895074
0.3842658588738418,0.6113841581895074
0.3842658588738418,0.6116127557435136
0.38435495367070566,0.6116127557435136
0.38435495367070566,0.6118413532975198
0.3844440484675695,0.6118413532975198
0.3844440484675695,0.6119556520745228
0.38453314326443333,0.6119556520745228
0.38453314326443333,0.6120699508515259
0.3846222380612972,0.6120699508515259
0.3846222380612972,0.612184249628529
0.3848895224518888,0.612184249628529
0.3848895224518888,0.6124128471825352
0.385424091233072,0.6124128471825352
0.385424091233072,0.6126414447365414
0.38569137562366357,0.6126414447365414
0.38569137562366357,0.6128700422905475
0.3861368496079829,0.6128700422905475
0.3861368496079829,0.6130986398445537
0.38622594440484675,0.6130986398445537
0.38622594440484675,0.6132129386215568
0.38649322879543835,0.6132129386215568
0.38649322879543835,0.6133272373985599
0.3868496079828938,0.6133272373985599
0.3868496079828938,0.613441536175563
0.38747327156094086,0.613441536175563
0.38747327156094086,0.613555834952566
0.3879187455452602,0.613555834952566
0.3879187455452602,0.6136701337295691
0.38836421952957945,0.6136701337295691
0.38836421952957945,0.6140130300605784
0.3884533143264433,0.6140130300605784
0.3884533143264433,0.6141273288375815
0.38863150392017104,0.6141273288375815
0.38863150392017104,0.6142416276145846
0.38880969351389877,0.6142416276145846
0.38880969351389877,0.6145845239455938
0.3889878831076265,0.6145845239455938
0.3889878831076265,0.6146988227225969
0.3891660727013542,0.6146988227225969
0.3891660727013542,0.6151560178306092
0.38934426229508196,0.6151560178306092
0.38934426229508196,0.6152703166076123
0.3894333570919458,0.6152703166076123
0.3894333570919458,0.6156132129386216
0.3895224518888097,0.6156132129386216
0.3895224518888097,0.6160704080466339
0.3897897362794013,0.6160704080466339
0.3897897362794013,0.616184706823637
0.39014611546685674,0.616184706823637
0.39014611546685674,0.6164133043776432
0.39032430506058446,0.6164133043776432
0.39032430506058446,0.6165276031546463
0.3905024946543122,0.6165276031546463
0.3905024946543122,0.6166419019316494
0.3910370634354954,0.6166419019316494
0.3910370634354954,0.6170990970396617
0.39112615823235924,0.6170990970396617
0.39112615823235924,0.6172133958166648
0.3912152530292231,0.6172133958166648
0.3912152530292231,0.6173276945936679
0.3914825374198147,0.6173276945936679
0.3914825374198147,0.6176705909246771
0.39157163221667857,0.6176705909246771
0.39157163221667857,0.6177848897016802
0.39166072701354243,0.6177848897016802
0.39166072701354243,0.6178991884786833
0.3917498218104063,0.6178991884786833
0.3917498218104063,0.6180134872556864
0.391928011404134,0.6180134872556864
0.391928011404134,0.6183563835866956
0.3922843905915894,0.6183563835866956
0.3922843905915894,0.6184706823636987
0.3923734853884533,0.6184706823636987
0.3923734853884533,0.6185849811407018
0.39272986457590875,0.6185849811407018
0.39272986457590875,0.618813578694708
0.39317533856022807,0.618813578694708
0.39317533856022807,0.6189278774717111
0.39326443335709194,0.6189278774717111
0.39326443335709194,0.6190421762487142
0.3933535281539558,0.6190421762487142
0.3933535281539558,0.6192707738027203
0.39353171774768353,0.6192707738027203
0.39353171774768353,0.6193850725797234
0.393888096935139,0.6193850725797234
0.393888096935139,0.6194993713567265
0.3943335709194583,0.6194993713567265
0.3943335709194583,0.6196136701337296
0.39451176051318604,0.6196136701337296
0.39451176051318604,0.6197279689107327
0.3950463292943692,0.6197279689107327
0.3950463292943692,0.6198422676877358
0.3951354240912331,0.6198422676877358
0.3951354240912331,0.6199565664647388
0.3953136136849608,0.6199565664647388
0.3953136136849608,0.620185164018745
0.39549180327868855,0.620185164018745
0.39549180327868855,0.6204137615727512
0.3962045616535994,0.6204137615727512
0.3962045616535994,0.6206423591267574
0.39629365645046327,0.6206423591267574
0.39629365645046327,0.6209852554577666
0.3967391304347826,0.6209852554577666
0.3967391304347826,0.6213281517887759
0.3971846044191019,0.6213281517887759
0.3971846044191019,0.621442450565779
0.3972736992159658,0.621442450565779
0.3972736992159658,0.621556749342782
0.3975409836065574,0.621556749342782
0.3975409836065574,0.6218996456737913
0.3977191732002851,0.6218996456737913
0.3977191732002851,0.6220139444507944
0.39780826799714897,0.6220139444507944
0.39780826799714897,0.6221282432277975
0.3979864575908767,0.6221282432277975
0.3979864575908767,0.6222425420048006
0.39807555238774056,0.6222425420048006
0.39807555238774056,0.6224711395588067
0.3982537419814683,0.6224711395588067
0.3982537419814683,0.6225854383358098
0.398431931575196,0.6225854383358098
0.398431931575196,0.622814035889816
0.3985210263720599,0.622814035889816
0.3985210263720599,0.6229283346668191
0.3986992159657876,0.6229283346668191
0.3986992159657876,0.6231569322208252
0.3987883107626515,0.6231569322208252
0.3987883107626515,0.6233855297748314
0.39905559515324307,0.6233855297748314
0.39905559515324307,0.6234998285518345
0.39932287954383466,0.6234998285518345
0.39932287954383466,0.6236141273288376
0.39976835352815393,0.6236141273288376
0.39976835352815393,0.6238427248828438
0.4001247327156094,0.6238427248828438
0.4001247327156094,0.6239570236598468
0.4005702066999287,0.6239570236598468
0.4005702066999287,0.6240713224368499
0.40074839629365644,0.6240713224368499
0.40074839629365644,0.624185621213853
0.4008374910905203,0.624185621213853
0.4008374910905203,0.6242999199908561
0.4011047754811119,0.6242999199908561
0.4011047754811119,0.6244142187678592
0.40119387027797576,0.6244142187678592
0.40119387027797576,0.6245285175448623
0.4013720598717035,0.6245285175448623
0.4013720598717035,0.6246428163218654
0.40146115466856735,0.6246428163218654
0.40146115466856735,0.6247571150988684
0.4016393442622951,0.6247571150988684
0.4016393442622951,0.6249857126528746
0.4018175338560228,0.6249857126528746
0.4018175338560228,0.6251000114298777
0.40199572344975054,0.6251000114298777
0.40199572344975054,0.62555720653789
0.4020848182466144,0.62555720653789
0.4020848182466144,0.6257858040918962
0.402352102637206,0.6257858040918962
0.402352102637206,0.6259001028688993
0.40297576621525305,0.6259001028688993
0.40297576621525305,0.6260144016459024
0.4031539558089808,0.6260144016459024
0.4031539558089808,0.6263572979769116
0.40324305060584464,0.6263572979769116
0.40324305060584464,0.6264715967539147
0.40359942979330005,0.6264715967539147
0.40359942979330005,0.6267001943079209
0.4036885245901639,0.6267001943079209
0.4036885245901639,0.6271573894159332
0.40404490377761937,0.6271573894159332
0.40404490377761937,0.6272716881929363
0.4042230933713471,0.6272716881929363
0.4042230933713471,0.6273859869699394
0.4044012829650748,0.6273859869699394
0.4044012829650748,0.6275002857469425
0.40457947255880256,0.6275002857469425
0.40457947255880256,0.6276145845239456
0.4047576621525303,0.6276145845239456
0.4047576621525303,0.6277288833009487
0.404935851746258,0.6277288833009487
0.404935851746258,0.6278431820779518
0.4052031361368496,0.6278431820779518
0.4052031361368496,0.6283003771859641
0.40529223093371347,0.6283003771859641
0.40529223093371347,0.6284146759629672
0.40538132573057734,0.6284146759629672
0.40538132573057734,0.6285289747399703
0.4054704205274412,0.6285289747399703
0.4054704205274412,0.6287575722939764
0.40582679971489666,0.6287575722939764
0.40582679971489666,0.6289861698479826
0.4059158945117605,0.6289861698479826
0.4059158945117605,0.6291004686249857
0.4060049893086244,0.6291004686249857
0.4060049893086244,0.6293290661789919
0.406272273699216,0.6293290661789919
0.406272273699216,0.629557663732998
0.40636136849607984,0.629557663732998
0.40636136849607984,0.6297862612870042
0.40662865288667144,0.6297862612870042
0.40662865288667144,0.6299005600640073
0.40689593727726303,0.6299005600640073
0.40689593727726303,0.6300148588410104
0.4071632216678546,0.6300148588410104
0.4071632216678546,0.6301291576180135
0.4073414112615823,0.6301291576180135
0.4073414112615823,0.6302434563950166
0.40751960085531,0.6302434563950166
0.40751960085531,0.6304720539490227
0.40769779044903776,0.6304720539490227
0.40769779044903776,0.6305863527260258
0.4080541696364932,0.6305863527260258
0.4080541696364932,0.630814950280032
0.40841054882394867,0.630814950280032
0.40841054882394867,0.6310435478340382
0.40876692801140413,0.6310435478340382
0.40876692801140413,0.6312721453880443
0.408856022808268,0.6312721453880443
0.408856022808268,0.6317293404960567
0.4091233071988596,0.6317293404960567
0.4091233071988596,0.6319579380500628
0.4093905915894512,0.6319579380500628
0.4093905915894512,0.6320722368270659
0.40974697077690664,0.6320722368270659
0.40974697077690664,0.632186535604069
0.40992516037063437,0.632186535604069
0.40992516037063437,0.6323008343810721
0.41001425516749823,0.6323008343810721
0.41001425516749823,0.6324151331580752
0.41019244476122596,0.6324151331580752
0.41019244476122596,0.6326437307120814
0.4103706343549537,0.6326437307120814
0.4103706343549537,0.6327580294890844
0.41045972915181755,0.6327580294890844
0.41045972915181755,0.6328723282660875
0.4106379187455453,0.6328723282660875
0.4106379187455453,0.6333295233740999
0.410816108339273,0.6333295233740999
0.410816108339273,0.633443822151103
0.4109052031361369,0.633443822151103
0.4109052031361369,0.6337867184821122
0.4109942979330007,0.6337867184821122
0.4109942979330007,0.6340153160361184
0.41135067712045614,0.6340153160361184
0.41135067712045614,0.6341296148131215
0.41143977191732,0.6341296148131215
0.41143977191732,0.6343582123671276
0.41152886671418387,0.6343582123671276
0.41152886671418387,0.6344725111441307
0.4117070563079116,0.6344725111441307
0.4117070563079116,0.6345868099211338
0.41188524590163933,0.6345868099211338
0.41188524590163933,0.6347011086981369
0.41206343549536706,0.6347011086981369
0.41206343549536706,0.6349297062521431
0.4121525302922309,0.6349297062521431
0.4121525302922309,0.6350440050291462
0.4122416250890948,0.6350440050291462
0.4122416250890948,0.6353869013601554
0.412776193870278,0.6353869013601554
0.412776193870278,0.6355012001371585
0.41286528866714184,0.6355012001371585
0.41286528866714184,0.6356154989141616
0.41313257305773343,0.6356154989141616
0.41313257305773343,0.6357297976911647
0.4132216678545973,0.6357297976911647
0.4132216678545973,0.6360726940221739
0.4134889522451889,0.6360726940221739
0.4134889522451889,0.636186992799177
0.41357804704205275,0.636186992799177
0.41357804704205275,0.6363012915761801
0.4137562366357805,0.6363012915761801
0.4137562366357805,0.6364155903531832
0.4142017106200998,0.6364155903531832
0.4142017106200998,0.6366441879071894
0.41464718460441913,0.6366441879071894
0.41464718460441913,0.6367584866841924
0.41518175338560226,0.6367584866841924
0.41518175338560226,0.6368727854611955
0.41535994297933,0.6368727854611955
0.41535994297933,0.6369870842381986
0.41544903777619385,0.6369870842381986
0.41544903777619385,0.6371013830152017
0.4155381325730577,0.6371013830152017
0.4155381325730577,0.6372156817922048
0.41571632216678545,0.6372156817922048
0.41571632216678545,0.6376728769002171
0.4158054169636493,0.6376728769002171
0.4158054169636493,0.6383586695622356
0.41598360655737704,0.6383586695622356
0.41598360655737704,0.6384729683392387
0.41616179615110477,0.6384729683392387
0.41616179615110477,0.6389301634472511
0.4166072701354241,0.6389301634472511
0.4166072701354241,0.6396159561092696
0.4167854597291518,0.6396159561092696
0.4167854597291518,0.6397302548862727
0.4170527441197434,0.6397302548862727
0.4170527441197434,0.6400731512172819
0.41723093371347114,0.6400731512172819
0.41723093371347114,0.640187449994285
0.41740912330719887,0.640187449994285
0.41740912330719887,0.6403017487712881
0.41749821810406273,0.6403017487712881
0.41749821810406273,0.6406446451022975
0.4175873129009266,0.6406446451022975
0.4175873129009266,0.6408732426563036
0.41767640769779046,0.6408732426563036
0.41767640769779046,0.6409875414333067
0.41776550249465433,0.6409875414333067
0.41776550249465433,0.6412161389873129
0.41794369208838206,0.6412161389873129
0.41794369208838206,0.6414447365413191
0.4181218816821098,0.6414447365413191
0.4181218816821098,0.6416733340953252
0.4183000712758375,0.6416733340953252
0.4183000712758375,0.6420162304263345
0.4189237348538845,0.6420162304263345
0.4189237348538845,0.6422448279803407
0.4190128296507484,0.6422448279803407
0.4190128296507484,0.6423591267573437
0.41910192444761224,0.6423591267573437
0.41910192444761224,0.642702023088353
0.41928011404133997,0.642702023088353
0.41928011404133997,0.6428163218653561
0.4194583036350677,0.6428163218653561
0.4194583036350677,0.6429306206423592
0.41954739843193156,0.6429306206423592
0.41954739843193156,0.6430449194193623
0.4196364932287954,0.6430449194193623
0.4196364932287954,0.6432735169733684
0.4197255880256593,0.6432735169733684
0.4197255880256593,0.6433878157503715
0.42008196721311475,0.6433878157503715
0.42008196721311475,0.6436164133043777
0.42061653599429794,0.6436164133043777
0.42061653599429794,0.6437307120813808
0.42079472558802566,0.6437307120813808
0.42079472558802566,0.6438450108583839
0.4209729151817534,0.6438450108583839
0.4209729151817534,0.643959309635387
0.4211511047754811,0.643959309635387
0.4211511047754811,0.64407360841239
0.421240199572345,0.64407360841239
0.421240199572345,0.6441879071893931
0.42204205274411977,0.6441879071893931
0.42204205274411977,0.6443022059663962
0.42213114754098363,0.6443022059663962
0.42213114754098363,0.6445308035204024
0.4222202423378475,0.6445308035204024
0.4222202423378475,0.6446451022974055
0.4225766215253029,0.6446451022974055
0.4225766215253029,0.6448736998514116
0.42266571632216676,0.6448736998514116
0.42266571632216676,0.6449879986284147
0.4228439059158945,0.6449879986284147
0.4228439059158945,0.6451022974054178
0.4230220955096222,0.6451022974054178
0.4230220955096222,0.6452165961824209
0.42320028510334995,0.6452165961824209
0.42320028510334995,0.645330894959424
0.4235566642908054,0.645330894959424
0.4235566642908054,0.6455594925134301
0.423823948681397,0.6455594925134301
0.423823948681397,0.6456737912904332
0.42391304347826086,0.6456737912904332
0.42391304347826086,0.6462452851754487
0.42400213827512473,0.6462452851754487
0.42400213827512473,0.6465881815064579
0.4242694226657163,0.6465881815064579
0.4242694226657163,0.646702480283461
0.4243585174625802,0.646702480283461
0.4243585174625802,0.6468167790604641
0.42444761225944405,0.6468167790604641
0.42444761225944405,0.6470453766144703
0.42471489665003564,0.6470453766144703
0.42471489665003564,0.6471596753914733
0.4248930862437634,0.6471596753914733
0.4248930862437634,0.6472739741684764
0.4250712758374911,0.6472739741684764
0.4250712758374911,0.6473882729454795
0.42516037063435497,0.6473882729454795
0.42516037063435497,0.6475025717224826
0.4253385602280827,0.6475025717224826
0.4253385602280827,0.6476168704994857
0.42542765502494656,0.6476168704994857
0.42542765502494656,0.6477311692764888
0.4256058446186743,0.6477311692764888
0.4256058446186743,0.6479597668304949
0.4260513186029936,0.6479597668304949
0.4260513186029936,0.6481883643845011
0.4261404133998574,0.6481883643845011
0.4261404133998574,0.6483026631615042
0.42631860299358515,0.6483026631615042
0.42631860299358515,0.6484169619385073
0.4264967925873129,0.6484169619385073
0.4264967925873129,0.6485312607155104
0.42658588738417674,0.6485312607155104
0.42658588738417674,0.6489884558235227
0.4266749821810406,0.6489884558235227
0.4266749821810406,0.649331352154532
0.42685317177476834,0.649331352154532
0.42685317177476834,0.6497885472625443
0.4269422665716322,0.6497885472625443
0.4269422665716322,0.6499028460395474
0.42712045616535993,0.6499028460395474
0.42712045616535993,0.6501314435935536
0.4273877405559515,0.6501314435935536
0.4273877405559515,0.6502457423705567
0.4276550249465431,0.6502457423705567
0.4276550249465431,0.6504743399245628
0.42783321454027085,0.6504743399245628
0.42783321454027085,0.6505886387015659
0.42810049893086244,0.6505886387015659
0.42810049893086244,0.650702937478569
0.42836778332145403,0.650702937478569
0.42836778332145403,0.6508172362555721
0.4284568781183179,0.6508172362555721
0.4284568781183179,0.6511601325865813
0.42881325730577335,0.6511601325865813
0.42881325730577335,0.6512744313635844
0.42961511047754813,0.6512744313635844
0.42961511047754813,0.6515030289175906
0.42997148966500354,0.6515030289175906
0.42997148966500354,0.6516173276945937
0.43014967925873127,0.6516173276945937
0.43014967925873127,0.6519602240256029
0.430327868852459,0.6519602240256029
0.430327868852459,0.652074522802606
0.4305060584461867,0.652074522802606
0.4305060584461867,0.6524174191336153
0.43068424803991445,0.6524174191336153
0.43068424803991445,0.6525317179106184
0.43095153243050605,0.6525317179106184
0.43095153243050605,0.6527603154646245
0.43148610121168923,0.6527603154646245
0.43148610121168923,0.6529889130186307
0.4315751960085531,0.6529889130186307
0.4315751960085531,0.6532175105726369
0.43166429080541696,0.6532175105726369
0.43166429080541696,0.6537890044576523
0.4317533856022808,0.6537890044576523
0.4317533856022808,0.6539033032346554
0.43193157519600855,0.6539033032346554
0.43193157519600855,0.6541319007886616
0.4320206699928724,0.6541319007886616
0.4320206699928724,0.6543604983426677
0.4321097647897363,0.6543604983426677
0.4321097647897363,0.6544747971196708
0.4323770491803279,0.6544747971196708
0.4323770491803279,0.6545890958966739
0.43273342836778333,0.6545890958966739
0.43273342836778333,0.6549319922276832
0.43300071275837493,0.6549319922276832
0.43300071275837493,0.6550462910046863
0.4330898075552388,0.6550462910046863
0.4330898075552388,0.6551605897816893
0.4333570919458304,0.6551605897816893
0.4333570919458304,0.6552748885586924
0.4335352815395581,0.6552748885586924
0.4335352815395581,0.6553891873356955
0.433624376336422,0.6553891873356955
0.433624376336422,0.6556177848897017
0.43380256593014965,0.6556177848897017
0.43380256593014965,0.6558463824437079
0.4341589451176051,0.6558463824437079
0.4341589451176051,0.6559606812207109
0.43433713471133284,0.6559606812207109
0.43433713471133284,0.6561892787747171
0.4344262295081967,0.6561892787747171
0.4344262295081967,0.6564178763287233
0.434871703492516,0.6564178763287233
0.434871703492516,0.6565321751057264
0.4351389878831076,0.6565321751057264
0.4351389878831076,0.6566464738827295
0.4354062722736992,0.6566464738827295
0.4354062722736992,0.6569893702137387
0.43558446186742694,0.6569893702137387
0.43558446186742694,0.6572179677677449
0.43585174625801854,0.6572179677677449
0.43585174625801854,0.6575608640987541
0.436208125445474,0.6575608640987541
0.436208125445474,0.6576751628757572
0.4367426942266572,0.6576751628757572
0.4367426942266572,0.6579037604297634
0.4370099786172488,0.6579037604297634
0.4370099786172488,0.6581323579837696
0.43727726300784037,0.6581323579837696
0.43727726300784037,0.6582466567607727
0.43736635780470423,0.6582466567607727
0.43736635780470423,0.6583609555377757
0.43763364219529577,0.6583609555377757
0.43763364219529577,0.6584752543147788
0.43772273699215963,0.6584752543147788
0.43772273699215963,0.658703851868785
0.4380791161796151,0.658703851868785
0.4380791161796151,0.6588181506457881
0.43816821097647896,0.6588181506457881
0.43816821097647896,0.6589324494227912
0.4386136849607983,0.6589324494227912
0.4386136849607983,0.6591610469767973
0.43870277975766214,0.6591610469767973
0.43870277975766214,0.6593896445308035
0.43888096935138987,0.6593896445308035
0.43888096935138987,0.6595039433078066
0.43897006414825374,0.6595039433078066
0.43897006414825374,0.6596182420848097
0.4390591589451176,0.6596182420848097
0.4390591589451176,0.6598468396388159
0.43941553813257306,0.6598468396388159
0.43941553813257306,0.660075437192822
0.4395046329294369,0.660075437192822
0.4395046329294369,0.6603040347468282
0.43968282252316465,0.6603040347468282
0.43968282252316465,0.6606469310778375
0.440751960085531,0.6606469310778375
0.440751960085531,0.6612184249628529
0.44093014967925875,0.6612184249628529
0.44093014967925875,0.661332723739856
0.4410192444761226,0.661332723739856
0.4410192444761226,0.6617899188478683
0.4411083392729865,0.6617899188478683
0.4411083392729865,0.6619042176248714
0.441375623663578,0.6619042176248714
0.441375623663578,0.6622471139558807
0.44155381325730575,0.6622471139558807
0.44155381325730575,0.6623614127328837
0.4417320028510335,0.6623614127328837
0.4417320028510335,0.6625900102868899
0.44182109764789734,0.6625900102868899
0.44182109764789734,0.662704309063893
0.44208838203848894,0.662704309063893
0.44208838203848894,0.6628186078408961
0.4424447612259444,0.6628186078408961
0.4424447612259444,0.6630472053949023
0.4428902352102637,0.6630472053949023
0.4428902352102637,0.6632758029489084
0.4434248039914469,0.6632758029489084
0.4434248039914469,0.6633901017259115
0.44351389878831077,0.6633901017259115
0.44351389878831077,0.6635044005029146
0.44378118317890236,0.6635044005029146
0.44378118317890236,0.6637329980569208
0.4438702779757662,0.6637329980569208
0.4438702779757662,0.6639615956109269
0.4444048467569494,0.6639615956109269
0.4444048467569494,0.66407589438793
0.4444939415538133,0.66407589438793
0.4444939415538133,0.6647616870499485
0.444672131147541,0.6647616870499485
0.444672131147541,0.6648759858269516
0.44476122594440487,0.6648759858269516
0.44476122594440487,0.6651045833809578
0.44485032074126873,0.6651045833809578
0.44485032074126873,0.665333180934964
0.44502851033499646,0.665333180934964
0.44502851033499646,0.6656760772659732
0.44547398431931573,0.6656760772659732
0.44547398431931573,0.6657903760429763
0.4455630791161796,0.6657903760429763
0.4455630791161796,0.6659046748199794
0.4457412687099073,0.6659046748199794
0.4457412687099073,0.6660189735969825
0.44645402708481824,0.6660189735969825
0.44645402708481824,0.6664761687049948
0.44672131147540983,0.6664761687049948
0.44672131147540983,0.6668190650360041
0.4469885958660014,0.6668190650360041
0.4469885958660014,0.6669333638130072
0.44716678545972915,0.6669333638130072
0.44716678545972915,0.6671619613670133
0.447255880256593,0.6671619613670133
0.447255880256593,0.6676191564750257
0.44743406985032075,0.6676191564750257
0.44743406985032075,0.6677334552520288
0.4475231646471846,0.6677334552520288
0.4475231646471846,0.6678477540290318
0.4476122594440485,0.6678477540290318
0.4476122594440485,0.6679620528060349
0.44770135424091234,0.6679620528060349
0.44770135424091234,0.668076351583038
0.44787954383464007,0.668076351583038
0.44787954383464007,0.6683049491370442
0.44796863863150393,0.6683049491370442
0.44796863863150393,0.6684192479140473
0.44823592302209553,0.6684192479140473
0.44823592302209553,0.6685335466910504
0.4483250178189594,0.6685335466910504
0.4483250178189594,0.6686478454680534
0.448592302209551,0.6686478454680534
0.448592302209551,0.6687621442450565
0.4487704918032787,0.6687621442450565
0.4487704918032787,0.6688764430220596
0.4488595866001426,0.6688764430220596
0.4488595866001426,0.6689907417990627
0.4489486813970064,0.6689907417990627
0.4489486813970064,0.6692193393530689
0.4493941553813257,0.6692193393530689
0.4493941553813257,0.669447936907075
0.44975053456878117,0.669447936907075
0.44975053456878117,0.6695622356840781
0.44983962936564503,0.6695622356840781
0.44983962936564503,0.6703623271230997
0.45001781895937276,0.6703623271230997
0.45001781895937276,0.6708195222311121
0.4501960085531005,0.6708195222311121
0.4501960085531005,0.6713910161161275
0.45028510334996436,0.6713910161161275
0.45028510334996436,0.6715053148931306
0.45055238774055595,0.6715053148931306
0.45055238774055595,0.6716196136701337
0.45099786172487527,0.6716196136701337
0.45099786172487527,0.6717339124471368
0.45153243050605846,0.6717339124471368
0.45153243050605846,0.6718482112241398
0.4516215253029223,0.6718482112241398
0.4516215253029223,0.6720768087781461
0.4518888096935139,0.6720768087781461
0.4518888096935139,0.6724197051091554
0.4519779044903778,0.6724197051091554
0.4519779044903778,0.6726483026631616
0.45206699928724164,0.6726483026631616
0.45206699928724164,0.6727626014401646
0.45260156806842483,0.6727626014401646
0.45260156806842483,0.6728769002171677
0.4527797576621525,0.6728769002171677
0.4527797576621525,0.6729911989941708
0.45286885245901637,0.6729911989941708
0.45286885245901637,0.6731054977711739
0.45295794725588023,0.6731054977711739
0.45295794725588023,0.6740198879871986
0.4530470420527441,0.6740198879871986
0.4530470420527441,0.6743627843182078
0.4532252316464718,0.6743627843182078
0.4532252316464718,0.6744770830952109
0.45340342124019956,0.6744770830952109
0.45340342124019956,0.6751628757572294
0.4534925160370634,0.6751628757572294
0.4534925160370634,0.6752771745342325
0.4535816108339273,0.6752771745342325
0.4535816108339273,0.6753914733112356
0.453759800427655,0.6753914733112356
0.453759800427655,0.6755057720882387
0.45420527441197434,0.6755057720882387
0.45438346400570206,0.6755057720882387
0.45438346400570206,0.6757343696422449
0.45447255880256593,0.6757343696422449
0.45447255880256593,0.675848668419248
0.4545616535994298,0.675848668419248
0.4545616535994298,0.675962967196251
0.4547398431931575,0.675962967196251
0.4547398431931575,0.6761915647502572
0.4555416963649323,0.6761915647502572
0.4555416963649323,0.6764201623042634
0.45563079116179617,0.6764201623042634
0.45563079116179617,0.6767630586352726
0.45589807555238776,0.6767630586352726
0.45589807555238776,0.6768773574122757
0.45652173913043476,0.6768773574122757
0.45652173913043476,0.6769916561892788
0.4566108339272986,0.6769916561892788
0.4566108339272986,0.6771059549662819
0.45678902352102635,0.6771059549662819
0.45678902352102635,0.6773345525202881
0.45705630791161794,0.6773345525202881
0.45705630791161794,0.6774488512972912
0.45723449750534567,0.6774488512972912
0.45723449750534567,0.6775631500742942
0.45750178189593727,0.6775631500742942
0.45750178189593727,0.6776774488512973
0.4578581610833927,0.6776774488512973
0.4578581610833927,0.6777917476283004
0.4579472558802566,0.6777917476283004
0.4579472558802566,0.6779060464053035
0.45803635067712045,0.6779060464053035
0.45803635067712045,0.6780203451823066
0.4581254454739843,0.6780203451823066
0.4581254454739843,0.6782489427363128
0.4583927298645759,0.6782489427363128
0.4583927298645759,0.6783632415133158
0.4584818246614398,0.6783632415133158
0.4584818246614398,0.6784775402903189
0.45857091945830364,0.6784775402903189
0.45857091945830364,0.678591839067322
0.4586600142551675,0.678591839067322
0.4586600142551675,0.6787061378443251
0.45901639344262296,0.6787061378443251
0.45901639344262296,0.6788204366213282
0.45928367783321455,0.6788204366213282
0.45928367783321455,0.6790490341753344
0.45964005702067,0.6790490341753344
0.45964005702067,0.6791633329523374
0.45981824661439774,0.6791633329523374
0.45981824661439774,0.6792776317293405
0.46088738417676406,0.6792776317293405
0.46088738417676406,0.6793919305063436
0.4609764789736279,0.6793919305063436
0.4609764789736279,0.6795062292833467
0.4617783321454027,0.6795062292833467
0.4617783321454027,0.679963424391359
0.46195652173913043,0.679963424391359
0.46195652173913043,0.6800777231683621
0.46213471133285816,0.6800777231683621
0.46213471133285816,0.6801920219453652
0.462223806129722,0.6801920219453652
0.462223806129722,0.6803063207223683
0.46240199572344975,0.6803063207223683
0.46240199572344975,0.6804206194993714
0.4625801853171775,0.6804206194993714
0.4625801853171775,0.6806492170533776
0.4627583749109052,0.6806492170533776
0.4627583749109052,0.6808778146073837
0.46356022808268,0.6808778146073837
0.46356022808268,0.681220710938393
0.4637384176764077,0.681220710938393
0.4637384176764077,0.6813350097153961
0.4638275124732716,0.6813350097153961
0.4638275124732716,0.6814493084923992
0.46391660727013545,0.6814493084923992
0.46391660727013545,0.6815636072694022
0.464183891660727,0.6815636072694022
0.464183891660727,0.6816779060464053
0.46427298645759085,0.6816779060464053
0.46427298645759085,0.6820208023774146
0.46454027084818245,0.6820208023774146
0.46454027084818245,0.6821351011544177
0.4651639344262295,0.6821351011544177
0.4651639344262295,0.6822493999314208
0.46525302922309336,0.6822493999314208
0.46525302922309336,0.6823636987084238
0.4653421240199572,0.6823636987084238
0.4653421240199572,0.68259229626243
0.46578759800427655,0.68259229626243
0.46578759800427655,0.6827065950394331
0.46605488239486814,0.6827065950394331
0.46605488239486814,0.6828208938164362
0.46623307198859587,0.6828208938164362
0.46623307198859587,0.6829351925934393
0.46632216678545974,0.6829351925934393
0.46632216678545974,0.6831637901474454
0.46650035637918746,0.6831637901474454
0.46650035637918746,0.6832780889244485
0.4668567355666429,0.6832780889244485
0.4668567355666429,0.6835066864784547
0.4669458303635068,0.6835066864784547
0.4669458303635068,0.6836209852554578
0.4671240199572345,0.6836209852554578
0.4671240199572345,0.6837352840324609
0.4672131147540984,0.6837352840324609
0.4672131147540984,0.683849582809464
0.46748039914469,0.683849582809464
0.46748039914469,0.683963881586467
0.46774768353528157,0.683963881586467
0.46774768353528157,0.6840781803634701
0.4678367783321454,0.6840781803634701
0.4678367783321454,0.6843067779174763
0.46819315751960083,0.6843067779174763
0.46819315751960083,0.6844210766944794
0.4682822523164647,0.6844210766944794
0.4682822523164647,0.6845353754714825
0.4689950106913756,0.6845353754714825
0.4689950106913756,0.6846496742484856
0.46917320028510334,0.6846496742484856
0.46917320028510334,0.6847639730254886
0.4692622950819672,0.6847639730254886
0.4692622950819672,0.6849925705794948
0.470064148253742,0.6849925705794948
0.470064148253742,0.6851068693564979
0.4703314326443336,0.6851068693564979
0.4703314326443336,0.685221168133501
0.4705987170349252,0.685221168133501
0.4705987170349252,0.6853354669105041
0.4707769066286529,0.6853354669105041
0.4707769066286529,0.6854497656875072
0.47095509622238063,0.6854497656875072
0.47095509622238063,0.6855640644645102
0.4710441910192445,0.6855640644645102
0.4710441910192445,0.6856783632415133
0.4712223806129722,0.6856783632415133
0.4712223806129722,0.6857926620185164
0.4713114754098361,0.6857926620185164
0.4713114754098361,0.6859069607955195
0.4716678545972915,0.6859069607955195
0.4716678545972915,0.6860212595725226
0.4718460441910192,0.6860212595725226
0.4718460441910192,0.6861355583495257
0.4723806129722024,0.6861355583495257
0.4723806129722024,0.6863641559035318
0.47246970776906627,0.6863641559035318
0.47246970776906627,0.6867070522345411
0.47255880256593014,0.6867070522345411
0.47255880256593014,0.6868213510115442
0.47282608695652173,0.6868213510115442
0.47282608695652173,0.6876214424505658
0.47300427655024946,0.6876214424505658
0.47300427655024946,0.6877357412275689
0.47327156094084105,0.6877357412275689
0.47327156094084105,0.687850040004572
0.4733606557377049,0.687850040004572
0.4733606557377049,0.687964338781575
0.4734497505345688,0.687964338781575
0.4734497505345688,0.6880786375585781
0.47353884533143265,0.6880786375585781
0.47353884533143265,0.6883072351125843
0.4737170349251604,0.6883072351125843
0.4737170349251604,0.6885358326665905
0.47407341411261583,0.6885358326665905
0.47407341411261583,0.6887644302205966
0.4741625089094797,0.6887644302205966
0.4741625089094797,0.6888787289975997
0.4743406985032074,0.6888787289975997
0.4743406985032074,0.6891073265516059
0.4744297933000713,0.6891073265516059
0.4744297933000713,0.689221625328609
0.47451888809693515,0.689221625328609
0.47451888809693515,0.6893359241056121
0.4749643620812545,0.6893359241056121
0.4749643620812545,0.6894502228826151
0.4754989308624376,0.6894502228826151
0.4754989308624376,0.6895645216596182
0.47567712045616534,0.6895645216596182
0.47567712045616534,0.6896788204366213
0.4757662152530292,0.6896788204366213
0.4757662152530292,0.6900217167676306
0.47594440484675693,0.6900217167676306
0.47594440484675693,0.6901360155446337
0.4762116892373485,0.6901360155446337
0.4762116892373485,0.6904789118756429
0.4764789736279401,0.6904789118756429
0.4764789736279401,0.690593210652646
0.47665716322166785,0.690593210652646
0.47665716322166785,0.6908218082066522
0.4770135424091233,0.6908218082066522
0.4770135424091233,0.6910504057606583
0.47710263720598717,0.6910504057606583
0.47710263720598717,0.6911647045376614
0.47736992159657876,0.6911647045376614
0.47736992159657876,0.6915076008686707
0.4774590163934426,0.6915076008686707
0.4774590163934426,0.6917361984226769
0.47790449037776195,0.6917361984226769
0.47790449037776195,0.691964795976683
0.4779935851746258,0.691964795976683
0.4779935851746258,0.6920790947536861
0.47843905915894513,0.6920790947536861
0.47843905915894513,0.6924219910846954
0.4787954383464006,0.6924219910846954
0.4787954383464006,0.6925362898616985
0.47888453314326446,0.6925362898616985
0.47888453314326446,0.6927648874157046
0.4790627227369922,0.6927648874157046
0.4790627227369922,0.6929934849697108
0.47915181753385605,0.6929934849697108
0.47915181753385605,0.6931077837467139
0.4793300071275837,0.6931077837467139
0.4793300071275837,0.693222082523717
0.4794191019244476,0.693222082523717
0.4794191019244476,0.6934506800777231
0.47977548111190305,0.6934506800777231
0.47977548111190305,0.6937935764087324
0.4798645759087669,0.6937935764087324
0.4798645759087669,0.6939078751857355
0.48031004989308623,0.6939078751857355
0.48031004989308623,0.6941364727397417
0.4803991446899501,0.6941364727397417
0.4803991446899501,0.6942507715167447
0.4805773342836778,0.6942507715167447
0.4805773342836778,0.694593667847754
0.4806664290805417,0.694593667847754
0.4806664290805417,0.6947079666247571
0.48075552387740556,0.6947079666247571
0.48075552387740556,0.6948222654017602
0.48102280826799715,0.6948222654017602
0.48102280826799715,0.6950508629557663
0.4812009978617249,0.6950508629557663
0.4812009978617249,0.6951651617327694
0.48155737704918034,0.6951651617327694
0.48155737704918034,0.6952794605097725
0.4816464718460442,0.6952794605097725
0.4816464718460442,0.6953937592867756
0.48173556664290806,0.6953937592867756
0.48173556664290806,0.6956223568407818
0.48200285103349966,0.6956223568407818
0.48200285103349966,0.695850954394788
0.4826265146115467,0.695850954394788
0.4826265146115467,0.695965253171791
0.48280470420527444,0.695965253171791
0.48280470420527444,0.6963081495028003
0.4828937990021383,0.6963081495028003
0.4828937990021383,0.6964224482798034
0.48333927298645757,0.6964224482798034
0.4835174625801853,0.6964224482798034
0.48360655737704916,0.6964224482798034
0.48360655737704916,0.6965367470568065
0.483695652173913,0.6965367470568065
0.483695652173913,0.6969939421648188
0.4844975053456878,0.6969939421648188
0.4844975053456878,0.6971082409418219
0.48467569493941554,0.6971082409418219
0.48467569493941554,0.6973368384958281
0.485032074126871,0.6973368384958281
0.485032074126871,0.6977940336038404
0.4854775481111903,0.6977940336038404
0.4854775481111903,0.6979083323808435
0.4855666429080542,0.6979083323808435
0.4855666429080542,0.6980226311578466
0.48565573770491804,0.6980226311578466
0.48565573770491804,0.6981369299348497
0.4860121168923735,0.6981369299348497
0.4860121168923735,0.6982512287118527
0.48636849607982896,0.6982512287118527
0.48636849607982896,0.6983655274888558
0.4868139700641482,0.6983655274888558
0.4868139700641482,0.6984798262658589
0.4869030648610121,0.6984798262658589
0.4869030648610121,0.6987084238198651
0.4871703492516037,0.6987084238198651
0.4871703492516037,0.6988227225968682
0.4873485388453314,0.6988227225968682
0.4873485388453314,0.6989370213738713
0.48779401282965074,0.6989370213738713
0.48779401282965074,0.6990513201508743
0.48806129722024233,0.6990513201508743
0.48806129722024233,0.6991656189278774
0.4883285816108339,0.6991656189278774
0.4883285816108339,0.6993942164818836
0.4885958660014255,0.6993942164818836
0.4885958660014255,0.7000800091439021
0.4886849607982894,0.7000800091439021
0.4886849607982894,0.7003086066979083
0.48877405559515325,0.7003086066979083
0.48877405559515325,0.7005372042519145
0.48930862437633643,0.7005372042519145
0.48930862437633643,0.7007658018059206
0.489575908766928,0.7007658018059206
0.489575908766928,0.7008801005829237
0.4898431931575196,0.7008801005829237
0.4898431931575196,0.7009943993599268
0.4899322879543835,0.7009943993599268
0.4899322879543835,0.7011086981369299
0.49002138275124735,0.7011086981369299
0.49002138275124735,0.7015658932449422
0.4901104775481112,0.7015658932449422
0.4901104775481112,0.7017944907989484
0.4901995723449751,0.7017944907989484
0.4901995723449751,0.7020230883529546
0.49028866714183894,0.7020230883529546
0.49028866714183894,0.7022516859069607
0.4903777619387028,0.7022516859069607
0.4903777619387028,0.7023659846839638
0.4905559515324305,0.7023659846839638
0.4905559515324305,0.7024802834609669
0.49064504632929434,0.7024802834609669
0.49064504632929434,0.70259458223797
0.4907341411261582,0.70259458223797
0.4907341411261582,0.7027088810149731
0.49117961511047753,0.7027088810149731
0.49117961511047753,0.7030517773459823
0.4912687099073414,0.7030517773459823
0.4912687099073414,0.7032803748999886
0.491535994297933,0.7032803748999886
0.491535994297933,0.7033946736769917
0.4917141838916607,0.7033946736769917
0.4917141838916607,0.7035089724539948
0.4918032786885246,0.7035089724539948
0.4918032786885246,0.7036232712309979
0.4919814682822523,0.7036232712309979
0.4919814682822523,0.703737570008001
0.49215965787598004,0.703737570008001
0.49215965787598004,0.703851868785004
0.49233784746970777,0.703851868785004
0.49233784746970777,0.7039661675620071
0.49242694226657163,0.7039661675620071
0.49242694226657163,0.7040804663390102
0.49260513186029936,0.7040804663390102
0.49260513186029936,0.7043090638930164
0.4929615110477548,0.7043090638930164
0.4929615110477548,0.7044233626700195
0.4930506058446187,0.7044233626700195
0.4930506058446187,0.7046519602240257
0.49313970064148255,0.7046519602240257
0.49313970064148255,0.7047662590010287
0.4932287954383464,0.7047662590010287
0.4932287954383464,0.7049948565550349
0.4933178902352103,0.7049948565550349
0.4933178902352103,0.705109155332038
0.49340698503207414,0.705109155332038
0.49340698503207414,0.7053377528860442
0.493496079828938,0.7053377528860442
0.493496079828938,0.7055663504400503
0.49367426942266573,0.7055663504400503
0.49367426942266573,0.7056806492170534
0.49411974340698506,0.7056806492170534
0.49411974340698506,0.7059092467710596
0.4942979330007128,0.7059092467710596
0.4942979330007128,0.7060235455480627
0.4943870277975766,0.7060235455480627
0.4943870277975766,0.7061378443250658
0.4948325017818959,0.7061378443250658
0.4948325017818959,0.7063664418790719
0.4950997861724875,0.7063664418790719
0.4950997861724875,0.7065950394330781
0.4951888809693514,0.7065950394330781
0.4951888809693514,0.7069379357640874
0.49545616535994297,0.7069379357640874
0.49545616535994297,0.7071665333180935
0.49554526015680683,0.7071665333180935
0.49554526015680683,0.7075094296491028
0.4956343549536707,0.7075094296491028
0.4956343549536707,0.7076237284261059
0.49572344975053456,0.7076237284261059
0.49572344975053456,0.707852325980112
0.49599073414112615,0.707852325980112
0.49599073414112615,0.7079666247571151
0.4963471133285816,0.7079666247571151
0.4963471133285816,0.7081952223111213
0.49652530292230934,0.7081952223111213
0.49652530292230934,0.7084238198651275
0.49670349251603707,0.7084238198651275
0.49670349251603707,0.7088810149731398
0.4973271560940841,0.7088810149731398
0.4973271560940841,0.7089953137501429
0.49750534568781185,0.7089953137501429
0.49750534568781185,0.709109612527146
0.4978617248752673,0.709109612527146
0.4978617248752673,0.7092239113041491
0.49812900926585885,0.7092239113041491
0.49812900926585885,0.7093382100811522
0.4984853884533143,0.7093382100811522
0.4984853884533143,0.7095668076351583
0.49866357804704203,0.7095668076351583
0.49866357804704203,0.7097954051891645
0.4987526728439059,0.7097954051891645
0.4987526728439059,0.7101383015201738
0.49884176764076976,0.7101383015201738
0.49884176764076976,0.7103668990741799
0.4989308624376336,0.7103668990741799
0.4989308624376336,0.710481197851183
0.4990199572344975,0.710481197851183
0.4990199572344975,0.7107097954051892
0.49937633642195295,0.7107097954051892
0.49937633642195295,0.7109383929591954
0.49964362081254454,0.7109383929591954
0.49964362081254454,0.7110526917361985
0.5003563791874555,0.7110526917361985
0.5003563791874555,0.7112812892902046
0.5005345687811832,0.7112812892902046
0.5005345687811832,0.7113955880672077
0.5011582323592302,0.7113955880672077
0.5011582323592302,0.7115098868442108
0.5014255167498218,0.7115098868442108
0.5014255167498218,0.711738484398217
0.5015146115466856,0.711738484398217
0.5015146115466856,0.71185278317522
0.5016037063435496,0.71185278317522
0.5016037063435496,0.7119670819522231
0.5017818959372773,0.7119670819522231
0.5017818959372773,0.7121956795062293
0.5021382751247327,0.7121956795062293
0.5021382751247327,0.7123099782832324
0.5030292230933714,0.7123099782832324
0.5030292230933714,0.7125385758372386
0.5036528866714184,0.7125385758372386
0.5036528866714184,0.7126528746142416
0.5040092658588738,0.7126528746142416
0.5040092658588738,0.7127671733912447
0.5040983606557377,0.7127671733912447
0.5040983606557377,0.7129957709452509
0.5042765502494654,0.7129957709452509
0.5042765502494654,0.713110069722254
0.5046329294369208,0.713110069722254
0.5046329294369208,0.7132243684992571
0.5049893086243763,0.7132243684992571
0.5049893086243763,0.7135672648302663
0.5050784034212402,0.7135672648302663
0.5050784034212402,0.7136815636072694
0.505256593014968,0.7136815636072694
0.505256593014968,0.7137958623842725
0.5054347826086957,0.7137958623842725
0.5054347826086957,0.7141387587152818
0.5056129722024234,0.7141387587152818
0.5056129722024234,0.7142530574922848
0.5059693513898789,0.7142530574922848
0.5059693513898789,0.714481655046291
0.5063257305773343,0.714481655046291
0.5063257305773343,0.7145959538232941
0.5064148253741981,0.7145959538232941
0.5064148253741981,0.7148245513773003
0.506503920171062,0.7148245513773003
0.506503920171062,0.7150531489313064
0.5065930149679259,0.7150531489313064
0.5065930149679259,0.7151674477083095
0.5066821097647898,0.7151674477083095
0.5066821097647898,0.7155103440393188
0.5067712045616536,0.7155103440393188
0.5067712045616536,0.715853240370328
0.5079294369208838,0.715853240370328
0.5079294369208838,0.7159675391473311
0.5082858161083392,0.7159675391473311
0.5082858161083392,0.7160818379243342
0.5083749109052031,0.7160818379243342
0.5083749109052031,0.7161961367013373
0.5091767640769779,0.7161961367013373
0.5091767640769779,0.7166533318093496
0.5093549536707056,0.7166533318093496
0.5093549536707056,0.7167676305863527
0.5100677120456165,0.7167676305863527
0.5100677120456165,0.7168819293633558
0.510424091233072,0.7168819293633558
0.510424091233072,0.7169962281403589
0.5106022808267997,0.7169962281403589
0.5106022808267997,0.7173391244713682
0.5106913756236636,0.7173391244713682
0.5106913756236636,0.7174534232483712
0.5107804704205274,0.7174534232483712
0.5107804704205274,0.7175677220253743
0.5114041339985744,0.7175677220253743
0.5114041339985744,0.7176820208023774
0.5114932287954383,0.7176820208023774
0.5114932287954383,0.7180249171333867
0.5117605131860299,0.7180249171333867
0.5117605131860299,0.7181392159103898
0.5118496079828938,0.7181392159103898
0.5118496079828938,0.7183678134643959
0.512384176764077,0.7183678134643959
0.512384176764077,0.718482112241399
0.5124732715609408,0.718482112241399
0.5124732715609408,0.7187107097954052
0.5126514611546685,0.7187107097954052
0.5126514611546685,0.7189393073494114
0.513007840342124,0.7189393073494114
0.513007840342124,0.7191679049034175
0.5132751247327156,0.7191679049034175
0.5132751247327156,0.7193965024574237
0.5134533143264434,0.7193965024574237
0.5134533143264434,0.7195108012344268
0.5137205987170349,0.7195108012344268
0.5137205987170349,0.719739398788433
0.5139878831076266,0.719739398788433
0.5139878831076266,0.7201965938964453
0.5142551674982181,0.7201965938964453
0.5142551674982181,0.7203108926734484
0.5144333570919458,0.7203108926734484
0.5144333570919458,0.7204251914504515
0.5147006414825375,0.7204251914504515
0.5147006414825375,0.7205394902274546
0.5148788310762652,0.7205394902274546
0.5148788310762652,0.7206537890044576
0.5151461154668567,0.7206537890044576
0.5151461154668567,0.7208823865584638
0.5153243050605845,0.7208823865584638
0.5153243050605845,0.72111098411247
0.515591589451176,0.72111098411247
0.515591589451176,0.7212252828894731
0.5157697790449037,0.7212252828894731
0.5157697790449037,0.7213395816664762
0.5160370634354954,0.7213395816664762
0.5160370634354954,0.7215681792204823
0.5161261582323592,0.7215681792204823
0.5161261582323592,0.7216824779974854
0.5163934426229508,0.7216824779974854
0.5163934426229508,0.7219110755514916
0.5164825374198146,0.7219110755514916
0.5164825374198146,0.7220253743284947
0.5166607270135424,0.7220253743284947
0.5166607270135424,0.7223682706595039
0.5168389166072701,0.7223682706595039
0.5168389166072701,0.722482569436507
0.516928011404134,0.722482569436507
0.516928011404134,0.7225968682135101
0.5171952957947256,0.7225968682135101
0.5171952957947256,0.7228254657675163
0.5173734853884533,0.7228254657675163
0.5173734853884533,0.7229397645445194
0.517551674982181,0.7229397645445194
0.517551674982181,0.7230540633215224
0.5179080541696365,0.7230540633215224
0.5179080541696365,0.7231683620985255
0.5187099073414113,0.7231683620985255
0.5187099073414113,0.7232826608755286
0.5187990021382751,0.7232826608755286
0.5187990021382751,0.7233969596525317
0.5189771917320029,0.7233969596525317
0.5189771917320029,0.7236255572065379
0.5190662865288667,0.7236255572065379
0.5190662865288667,0.7239684535375471
0.5192444761225944,0.7239684535375471
0.5192444761225944,0.7240827523145502
0.5193335709194583,0.7240827523145502
0.5193335709194583,0.7241970510915533
0.5198681397006415,0.7241970510915533
0.5198681397006415,0.7245399474225626
0.5204918032786885,0.7245399474225626
0.5204918032786885,0.7246542461995656
0.5206699928724162,0.7246542461995656
0.5206699928724162,0.7248828437535718
0.5207590876692801,0.7248828437535718
0.5207590876692801,0.725111441307578
0.5211154668567356,0.725111441307578
0.5211154668567356,0.7252257400845811
0.5212936564504633,0.7252257400845811
0.5212936564504633,0.7253400388615842
0.5214718460441911,0.7253400388615842
0.5214718460441911,0.7254543376385872
0.5216500356379188,0.7254543376385872
0.5216500356379188,0.7256829351925934
0.5220064148253742,0.7256829351925934
0.5220064148253742,0.7257972339695965
0.522095509622238,0.7257972339695965
0.522095509622238,0.7259115327465996
0.522184604419102,0.7259115327465996
0.522184604419102,0.7260258315236027
0.5224518888096935,0.7260258315236027
0.5224518888096935,0.7262544290776088
0.5226300784034212,0.7262544290776088
0.5226300784034212,0.7263687278546119
0.5227191732002852,0.7263687278546119
0.5227191732002852,0.726483026631615
0.5228973627940128,0.726483026631615
0.5228973627940128,0.7265973254086181
0.5231646471846044,0.7265973254086181
0.5231646471846044,0.7267116241856212
0.523431931575196,0.7267116241856212
0.523431931575196,0.7271688192936335
0.5236101211689237,0.7271688192936335
0.5236101211689237,0.7272831180706366
0.5245901639344263,0.7272831180706366
0.5245901639344263,0.7273974168476397
0.5246792587312901,0.7273974168476397
0.5246792587312901,0.7275117156246428
0.524768353528154,0.7275117156246428
0.524768353528154,0.7276260144016459
0.5248574483250178,0.7276260144016459
0.5248574483250178,0.727854611955652
0.5249465431218817,0.727854611955652
0.5249465431218817,0.7281975082866613
0.5254811119030649,0.7281975082866613
0.5254811119030649,0.7283118070636644
0.5255702066999287,0.7283118070636644
0.5255702066999287,0.7285404046176706
0.5257483962936564,0.7285404046176706
0.5257483962936564,0.7287690021716767
0.5258374910905204,0.7287690021716767
0.5258374910905204,0.7288833009486798
0.5261047754811119,0.7288833009486798
0.5261047754811119,0.7289975997256829
0.5267284390591589,0.7289975997256829
0.5267284390591589,0.729111898502686
0.5268175338560228,0.729111898502686
0.5268175338560228,0.7292261972796891
0.5269957234497505,0.7292261972796891
0.5269957234497505,0.7294547948336952
0.5272630078403421,0.7294547948336952
0.5272630078403421,0.7295690936106983
0.5275302922309337,0.7295690936106983
0.5275302922309337,0.7296833923877014
0.5284212401995724,0.7296833923877014
0.5284212401995724,0.7297976911647045
0.5286885245901639,0.7297976911647045
0.5286885245901639,0.7299119899417076
0.5287776193870278,0.7299119899417076
0.5287776193870278,0.7300262887187107
0.5289558089807556,0.7300262887187107
0.5289558089807556,0.7301405874957138
0.5290449037776194,0.7301405874957138
0.5290449037776194,0.7302548862727168
0.5291339985744833,0.7302548862727168
0.5291339985744833,0.7303691850497199
0.5297576621525303,0.7303691850497199
0.5297576621525303,0.730483483826723
0.5301140413399857,0.730483483826723
0.5301140413399857,0.7305977826037261
0.5303813257305773,0.7305977826037261
0.5303813257305773,0.7307120813807292
0.5308267997148967,0.7307120813807292
0.5308267997148967,0.7309406789347354
0.5309158945117605,0.7309406789347354
0.5309158945117605,0.7312835752657446
0.5310049893086244,0.7312835752657446
0.5310049893086244,0.7316264715967539
0.5315395580898076,0.7316264715967539
0.5315395580898076,0.731740770373757
0.5316286528866714,0.731740770373757
0.5316286528866714,0.73185506915076
0.5318068424803991,0.73185506915076
0.5318068424803991,0.7323122642587724
0.531895937277263,0.7323122642587724
0.531895937277263,0.7324265630357755
0.5321632216678546,0.7324265630357755
0.5321632216678546,0.7325408618127786
0.5322523164647185,0.7325408618127786
0.5322523164647185,0.7327694593667847
0.5323414112615823,0.7327694593667847
0.5323414112615823,0.7328837581437878
0.5330541696364932,0.7328837581437878
0.5330541696364932,0.7329980569207909
0.5331432644333571,0.7329980569207909
0.5331432644333571,0.733112355697794
0.5333214540270849,0.733112355697794
0.5333214540270849,0.7332266544747971
0.5334105488239487,0.7332266544747971
0.5334105488239487,0.7334552520288032
0.5335887384176764,0.7334552520288032
0.5335887384176764,0.7335695508058063
0.5340342124019958,0.7335695508058063
0.5340342124019958,0.7336838495828094
0.5341233071988596,0.7336838495828094
0.5341233071988596,0.7337981483598125
0.5345687811831789,0.7337981483598125
0.5345687811831789,0.7339124471368156
0.5346578759800428,0.7339124471368156
0.5346578759800428,0.7340267459138187
0.5348360655737705,0.7340267459138187
0.5348360655737705,0.7341410446908218
0.5354597291518175,0.7341410446908218
0.5354597291518175,0.7347125385758373
0.5356379187455452,0.7347125385758373
0.5356379187455452,0.7349411361298435
0.535816108339273,0.7349411361298435
0.535816108339273,0.7350554349068465
0.5359942979330007,0.7350554349068465
0.5359942979330007,0.7353983312378558
0.5360833927298646,0.7353983312378558
0.5360833927298646,0.7355126300148589
0.5362615823235923,0.7355126300148589
0.5362615823235923,0.7358555263458681
0.5364397719173201,0.7358555263458681
0.5364397719173201,0.7360841238998743
0.5365288667141839,0.7360841238998743
0.5365288667141839,0.7363127214538805
0.5366179615110478,0.7363127214538805
0.5366179615110478,0.7364270202308836
0.5370634354953671,0.7364270202308836
0.5370634354953671,0.7365413190078867
0.5374198146828225,0.7365413190078867
0.5374198146828225,0.7366556177848897
0.5376870990734142,0.7366556177848897
0.5376870990734142,0.7368842153388959
0.5382216678545972,0.7368842153388959
0.5382216678545972,0.736998514115899
0.5383107626514612,0.736998514115899
0.5383107626514612,0.7371128128929021
0.538399857448325,0.7371128128929021
0.538399857448325,0.7372271116699052
0.5384889522451889,0.7372271116699052
0.5384889522451889,0.7373414104469083
0.5385780470420527,0.7373414104469083
0.5385780470420527,0.7376843067779175
0.5388453314326443,0.7376843067779175
0.5388453314326443,0.7379129043319237
0.5389344262295082,0.7379129043319237
0.5389344262295082,0.7384843982169391
0.5390235210263721,0.7384843982169391
0.5390235210263721,0.7385986969939422
0.5391126158232359,0.7385986969939422
0.5391126158232359,0.7387129957709453
0.5393799002138275,0.7387129957709453
0.5393799002138275,0.7388272945479484
0.5394689950106913,0.7388272945479484
0.5394689950106913,0.7389415933249515
0.539736279401283,0.7389415933249515
0.539736279401283,0.7391701908789576
0.5399144689950107,0.7391701908789576
0.5399144689950107,0.7392844896559607
0.5400035637918745,0.7392844896559607
0.5400035637918745,0.7393987884329638
0.5401817533856023,0.7393987884329638
0.5401817533856023,0.73962738598697
0.5408054169636494,0.73962738598697
0.5408054169636494,0.7397416847639731
0.5409836065573771,0.7397416847639731
0.5409836065573771,0.7398559835409761
0.5415181753385603,0.7398559835409761
0.5415181753385603,0.7399702823179792
0.5416072701354241,0.7399702823179792
0.5416072701354241,0.7400845810949823
0.5416963649322879,0.7400845810949823
0.5416963649322879,0.7401988798719854
0.5417854597291518,0.7401988798719854
0.5417854597291518,0.7405417762029947
0.5418745545260156,0.7405417762029947
0.5418745545260156,0.7407703737570008
0.5419636493228795,0.7407703737570008
0.5419636493228795,0.740998971311007
0.5425873129009265,0.740998971311007
0.5425873129009265,0.7412275688650132
0.542943692088382,0.7412275688650132
0.542943692088382,0.7413418676420163
0.5433000712758375,0.7413418676420163
0.5433000712758375,0.7414561664190193
0.5435673556664291,0.7414561664190193
0.5435673556664291,0.7419133615270317
0.5436564504632929,0.7419133615270317
0.5436564504632929,0.7421419590810379
0.5439237348538846,0.7421419590810379
0.5439237348538846,0.742256257858041
0.5440128296507484,0.742256257858041
0.5440128296507484,0.7425991541890502
0.5446364932287955,0.7425991541890502
0.5446364932287955,0.7427134529660533
0.5447255880256593,0.7427134529660533
0.5447255880256593,0.7431706480740656
0.5453492516037064,0.7431706480740656
0.5453492516037064,0.7433992456280718
0.5454383464005702,0.7433992456280718
0.5454383464005702,0.7437421419590811
0.545527441197434,0.7437421419590811
0.545527441197434,0.7438564407360841
0.5456165359942979,0.7438564407360841
0.5456165359942979,0.7439707395130872
0.5459729151817534,0.7439707395130872
0.5459729151817534,0.7440850382900903
0.5461511047754811,0.7440850382900903
0.5461511047754811,0.7441993370670934
0.5462401995723449,0.7441993370670934
0.5462401995723449,0.7446565321751057
0.5465965787598004,0.7446565321751057
0.5465965787598004,0.7448851297291119
0.5467747683535281,0.7448851297291119
0.5467747683535281,0.744999428506115
0.5471311475409836,0.744999428506115
0.5471311475409836,0.7451137272831181
0.5473984319315752,0.7451137272831181
0.5473984319315752,0.7452280260601212
0.5481111903064861,0.7452280260601212
0.5481111903064861,0.7453423248371243
0.5485566642908054,0.7453423248371243
0.5485566642908054,0.7455709223911304
0.5486457590876693,0.7455709223911304
0.5486457590876693,0.7457995199451366
0.5490021382751248,0.7457995199451366
0.5490021382751248,0.7459138187221397
0.5490912330719886,0.7459138187221397
0.5490912330719886,0.7460281174991428
0.5492694226657163,0.7460281174991428
0.5492694226657163,0.746256715053149
0.5493585174625801,0.746256715053149
0.5493585174625801,0.7464853126071551
0.5498039914468995,0.7464853126071551
0.5498039914468995,0.7465996113841582
0.5498930862437633,0.7465996113841582
0.5498930862437633,0.7467139101611613
0.5499821810406272,0.7467139101611613
0.5499821810406272,0.7468282089381644
0.550071275837491,0.7468282089381644
0.550160370634355,0.7469425077151675
0.550160370634355,0.7470568064921705
0.5502494654312188,0.7470568064921705
0.5502494654312188,0.7471711052691736
0.5503385602280827,0.7471711052691736
0.5503385602280827,0.7472854040461767
0.550784034212402,0.7472854040461767
0.550784034212402,0.7475140016001829
0.5509622238061297,0.7475140016001829
0.5509622238061297,0.747628300377186
0.5514076977904491,0.747628300377186
0.5514076977904491,0.7479711967081952
0.5514967925873129,0.7479711967081952
0.5514967925873129,0.7480854954851983
0.5517640769779045,0.7480854954851983
0.5517640769779045,0.7481997942622014
0.5518531717747683,0.7481997942622014
0.5518531717747683,0.7485426905932107
0.5520313613684961,0.7485426905932107
0.5520313613684961,0.7486569893702137
0.55212045616536,0.7486569893702137
0.55212045616536,0.7487712881472168
0.5524768353528154,0.7487712881472168
0.5524768353528154,0.748999885701223
0.5531895937277262,0.748999885701223
0.5531895937277262,0.7491141844782261
0.5532786885245902,0.7491141844782261
0.5532786885245902,0.7492284832552292
0.553367783321454,0.7492284832552292
0.553367783321454,0.7493427820322323
0.5535459729151817,0.7493427820322323
0.5535459729151817,0.7494570808092353
0.5538132573057734,0.7494570808092353
0.5538132573057734,0.7497999771402446
0.5539023521026372,0.7497999771402446
0.5539023521026372,0.7499142759172477
0.5539914468995011,0.7499142759172477
0.5539914468995011,0.7500285746942508
0.5543478260869565,0.7500285746942508
0.5543478260869565,0.7501428734712539
0.5546151104775481,0.7501428734712539
0.5546151104775481,0.75037147102526
0.554704205274412,0.75037147102526
0.554704205274412,0.7506000685792662
0.5551496792587313,0.7506000685792662
0.5551496792587313,0.7507143673562693
0.555327868852459,0.7507143673562693
0.555327868852459,0.7508286661332724
0.5554169636493229,0.7508286661332724
0.5554169636493229,0.7509429649102755
0.5555060584461867,0.7509429649102755
0.5555060584461867,0.7510572636872785
0.5557733428367784,0.7510572636872785
0.5557733428367784,0.7511715624642816
0.5559515324305061,0.7511715624642816
0.5559515324305061,0.7512858612412847
0.5560406272273699,0.7512858612412847
0.5560406272273699,0.7514001600182878
0.5562188168210976,0.7514001600182878
0.5562188168210976,0.7517430563492971
0.5565751960085531,0.7517430563492971
0.5565751960085531,0.7519716539033032
0.5570206699928724,0.7519716539033032
0.5570206699928724,0.7523145502343125
0.5571988595866001,0.7523145502343125
0.5571988595866001,0.7524288490113156
0.5574661439771917,0.7524288490113156
0.5574661439771917,0.7533432392273403
0.5575552387740556,0.7533432392273403
0.5575552387740556,0.7534575380043433
0.5578225231646472,0.7534575380043433
0.5578225231646472,0.7535718367813464
0.5580898075552387,0.7535718367813464
0.5580898075552387,0.7536861355583495
0.5585352815395581,0.7536861355583495
0.5585352815395581,0.7539147331123557
0.5589807555238774,0.7539147331123557
0.5589807555238774,0.7541433306663619
0.55996079828938,0.7541433306663619
0.55996079828938,0.7544862269973711
0.5601389878831077,0.7544862269973711
0.5601389878831077,0.7546005257743742
0.5602280826799715,0.7546005257743742
0.5602280826799715,0.7547148245513773
0.5604953670705631,0.7547148245513773
0.5604953670705631,0.7548291233283804
0.5606735566642908,0.7548291233283804
0.5606735566642908,0.7549434221053835
0.5609408410548824,0.7549434221053835
0.5609408410548824,0.7551720196593896
0.5612972202423379,0.7551720196593896
0.5612972202423379,0.7552863184363927
0.5614754098360656,0.7552863184363927
0.5614754098360656,0.7554006172133958
0.5615645046329294,0.7554006172133958
0.5615645046329294,0.755629214767402
0.5616535994297933,0.755629214767402
0.5616535994297933,0.755743513544405
0.561831789023521,0.755743513544405
0.561831789023521,0.7559721110984112
0.5619208838203849,0.7559721110984112
0.5619208838203849,0.7560864098754143
0.5621881682109765,0.7560864098754143
0.5621881682109765,0.7562007086524174
0.5627227369921597,0.7562007086524174
0.5627227369921597,0.7564293062064236
0.5630791161796151,0.7564293062064236
0.5630791161796151,0.7565436049834267
0.5632573057733429,0.7565436049834267
0.5632573057733429,0.7566579037604297
0.5634354953670706,0.7566579037604297
0.5634354953670706,0.7568865013144359
0.5635245901639344,0.7568865013144359
0.5635245901639344,0.757000800091439
0.5636136849607983,0.757000800091439
0.5636136849607983,0.7571150988684421
0.5637027797576621,0.7571150988684421
0.5637027797576621,0.7573436964224483
0.5646828225231646,0.7573436964224483
0.5646828225231646,0.7574579951994513
0.5649501069137562,0.7574579951994513
0.5649501069137562,0.7575722939764544
0.5653064861012117,0.7575722939764544
0.5653064861012117,0.7580294890844668
0.5654846756949394,0.7580294890844668
0.5654846756949394,0.7581437878614699
0.5655737704918032,0.7581437878614699
0.5655737704918032,0.7582580866384729
0.5656628652886672,0.7582580866384729
0.5656628652886672,0.758372385415476
0.5661083392729864,0.758372385415476
0.5661083392729864,0.7584866841924791
0.5664647184604419,0.7584866841924791
0.5664647184604419,0.7587152817464853
0.5667320028510335,0.7587152817464853
0.5667320028510335,0.7589438793004915
0.5668210976478973,0.7589438793004915
0.5668210976478973,0.7590581780774945
0.5669101924447613,0.7590581780774945
0.5669101924447613,0.7594010744085038
0.5672665716322167,0.7594010744085038
0.5672665716322167,0.7595153731855069
0.5673556664290805,0.7595153731855069
0.5673556664290805,0.7600868670705223
0.5678902352102637,0.7600868670705223
0.5678902352102637,0.7602011658475254
0.5680684248039914,0.7602011658475254
0.5680684248039914,0.7604297634015316
0.5686029935851746,0.7604297634015316
0.5686029935851746,0.7606583609555377
0.5689593727726301,0.7606583609555377
0.5689593727726301,0.7607726597325408
0.5690484675694939,0.7607726597325408
0.5690484675694939,0.7608869585095439
0.569672131147541,0.7608869585095439
0.569672131147541,0.761001257286547
0.5697612259444048,0.761001257286547
0.5697612259444048,0.7611155560635501
0.5699394155381325,0.7611155560635501
0.5699394155381325,0.7612298548405532
0.5702066999287242,0.7612298548405532
0.5702066999287242,0.7613441536175563
0.570295794725588,0.7613441536175563
0.570295794725588,0.7615727511715624
0.5706521739130435,0.7615727511715624
0.5706521739130435,0.7619156475025717
0.5707412687099074,0.7619156475025717
0.5707412687099074,0.7621442450565779
0.5709194583036351,0.7621442450565779
0.5709194583036351,0.7624871413875871
0.5710085531004989,0.7624871413875871
0.5710085531004989,0.7627157389415933
0.5710976478973628,0.7627157389415933
0.5710976478973628,0.7628300377185964
0.5712758374910906,0.7628300377185964
0.5712758374910906,0.7629443364955995
0.5717213114754098,0.7629443364955995
0.5717213114754098,0.7631729340496056
0.5718104062722738,0.7631729340496056
0.5718104062722738,0.7632872328266087
0.5718995010691376,0.7632872328266087
0.5718995010691376,0.7634015316036118
0.5719885958660014,0.7634015316036118
0.5719885958660014,0.7635158303806149
0.5720776906628653,0.7635158303806149
0.5720776906628653,0.763630129157618
0.572255880256593,0.763630129157618
0.572255880256593,0.763744427934621
0.5724340698503207,0.763744427934621
0.5724340698503207,0.7638587267116241
0.5725231646471846,0.7638587267116241
0.5725231646471846,0.7639730254886272
0.5726122594440485,0.7639730254886272
0.5726122594440485,0.7640873242656303
0.5727904490377762,0.7640873242656303
0.5727904490377762,0.7646588181506457
0.57287954383464,0.7646588181506457
0.57287954383464,0.7647731169276488
0.5729686386315039,0.7647731169276488
0.5729686386315039,0.7648874157046519
0.5731468282252317,0.7648874157046519
0.5731468282252317,0.765001714481655
0.5732359230220955,0.765001714481655
0.5732359230220955,0.7651160132586581
0.5733250178189594,0.7651160132586581
0.5733250178189594,0.7652303120356612
0.5734141126158232,0.7652303120356612
0.5734141126158232,0.7653446108126642
0.5735032074126871,0.7653446108126642
0.5735032074126871,0.7654589095896673
0.5735923022095509,0.7654589095896673
0.5735923022095509,0.7655732083666704
0.5736813970064149,0.7655732083666704
0.5736813970064149,0.7656875071436736
0.5738595866001426,0.7656875071436736
0.5738595866001426,0.7658018059206767
0.5740377761938703,0.7658018059206767
0.5740377761938703,0.7660304034746829
0.5745723449750535,0.7660304034746829
0.5745723449750535,0.766144702251686
0.5746614397719173,0.766144702251686
0.5746614397719173,0.766259001028689
0.575552387740556,0.766259001028689
0.575552387740556,0.7663732998056921
0.5758196721311475,0.7663732998056921
0.5758196721311475,0.7666018973596983
0.5760869565217391,0.7666018973596983
0.5760869565217391,0.7667161961367014
0.5761760513186029,0.7667161961367014
0.5761760513186029,0.7671733912447137
0.5763542409123307,0.7671733912447137
0.5763542409123307,0.7674019887987199
0.5764433357091946,0.7674019887987199
0.5764433357091946,0.7676305863527261
0.5770669992872416,0.7676305863527261
0.5770669992872416,0.7677448851297292
0.5772451888809693,0.7677448851297292
0.5772451888809693,0.7678591839067322
0.5773342836778332,0.7678591839067322
0.5773342836778332,0.7679734826837353
0.5778688524590164,0.7679734826837353
0.5778688524590164,0.7680877814607384
0.5779579472558802,0.7680877814607384
0.5779579472558802,0.7682020802377415
0.578136136849608,0.7682020802377415
0.578136136849608,0.7683163790147446
0.5783143264433357,0.7683163790147446
0.5783143264433357,0.7684306777917477
0.5784925160370634,0.7684306777917477
0.5784925160370634,0.7685449765687508
0.5785816108339273,0.7685449765687508
0.5785816108339273,0.7686592753457538
0.5787598004276551,0.7686592753457538
0.5787598004276551,0.76888787289976
0.5791161796151105,0.76888787289976
0.5791161796151105,0.7690021716767631
0.5792943692088383,0.7690021716767631
0.5792943692088383,0.7691164704537662
0.5795616535994298,0.7691164704537662
0.5795616535994298,0.7693450680077724
0.580096222380613,0.7693450680077724
0.580096222380613,0.7698022631157847
0.5803635067712045,0.7698022631157847
0.5803635067712045,0.7699165618927878
0.5805416963649322,0.7699165618927878
0.5805416963649322,0.770259458223797
0.5806307911617962,0.770259458223797
0.5806307911617962,0.7706023545548063
0.5809871703492516,0.7706023545548063
0.5809871703492516,0.7709452508858156
0.5810762651461154,0.7709452508858156
0.5810762651461154,0.7711738484398217
0.5811653599429794,0.7711738484398217
0.5811653599429794,0.7712881472168248
0.5816999287241625,0.7712881472168248
0.5816999287241625,0.771516744770831
0.5819672131147541,0.771516744770831
0.5819672131147541,0.7716310435478341
0.582056307911618,0.7716310435478341
0.582056307911618,0.7718596411018402
0.5827690662865289,0.7718596411018402
0.5827690662865289,0.7720882386558464
0.5832145402708482,0.7720882386558464
0.5832145402708482,0.7722025374328495
0.5833036350677121,0.7722025374328495
0.5833036350677121,0.7724311349868557
0.5834818246614397,0.7724311349868557
0.5834818246614397,0.7727740313178649
0.5836600142551674,0.7727740313178649
0.5836600142551674,0.772888330094868
0.5839272986457591,0.772888330094868
0.5839272986457591,0.7730026288718711
0.5843727726300784,0.7730026288718711
0.5843727726300784,0.7731169276488742
0.5849073414112615,0.7731169276488742
0.5849073414112615,0.7733455252028804
0.5850855310049893,0.7733455252028804
0.5850855310049893,0.7735741227568865
0.585263720598717,0.7735741227568865
0.585263720598717,0.7739170190878958
0.5854419101924447,0.7739170190878958
0.5854419101924447,0.7740313178648989
0.5857982893799002,0.7740313178648989
0.5857982893799002,0.774145616641902
0.5861546685673557,0.774145616641902
0.5861546685673557,0.774259915418905
0.5865110477548111,0.774259915418905
0.5865110477548111,0.7746028117499143
0.5868674269422666,0.7746028117499143
0.5868674269422666,0.7747171105269174
0.5874019957234498,0.7747171105269174
0.5874019957234498,0.7751743056349297
0.5874910905203136,0.7751743056349297
0.5874910905203136,0.7752886044119328
0.5875801853171775,0.7752886044119328
0.5875801853171775,0.775517201965939
0.5876692801140413,0.775517201965939
0.5876692801140413,0.7756315007429421
0.587847469707769,0.7756315007429421
0.587847469707769,0.7758600982969482
0.5879365645046329,0.7758600982969482
0.5879365645046329,0.7759743970739513
0.5881147540983607,0.7759743970739513
0.5881147540983607,0.7762029946279575
0.5883820384889522,0.7762029946279575
0.5883820384889522,0.7764315921819637
0.5884711332858161,0.7764315921819637
0.5884711332858161,0.7765458909589668
0.5888275124732716,0.7765458909589668
0.5888275124732716,0.7767744885129729
0.5890057020669993,0.7767744885129729
0.5890057020669993,0.776888787289976
0.589183891660727,0.776888787289976
0.589183891660727,0.7770030860669791
0.5894511760513186,0.7770030860669791
0.5894511760513186,0.7771173848439822
0.5895402708481825,0.7771173848439822
0.5895402708481825,0.7772316836209853
0.5896293656450463,0.7772316836209853
0.5896293656450463,0.7773459823979884
0.5897184604419102,0.7773459823979884
0.5897184604419102,0.7774602811749914
0.589807555238774,0.7774602811749914
0.589807555238774,0.7776888787289976
0.5903421240199572,0.7776888787289976
0.5903421240199572,0.7780317750600069
0.5904312188168211,0.7780317750600069
0.5904312188168211,0.77814607383701
0.591143977191732,0.77814607383701
0.591143977191732,0.778260372614013
0.5912330719885959,0.778260372614013
0.5912330719885959,0.7783746713910161
0.5913221667854597,0.7783746713910161
0.5913221667854597,0.7787175677220254
0.5915894511760513,0.7787175677220254
0.5915894511760513,0.7788318664990285
0.5918567355666429,0.7788318664990285
0.5918567355666429,0.7791747628300377
0.5920349251603706,0.7791747628300377
0.5920349251603706,0.7794033603840439
0.5923022095509622,0.7794033603840439
0.5923022095509622,0.7796319579380501
0.59248039914469,0.7796319579380501
0.59248039914469,0.7797462567150532
0.5925694939415538,0.7797462567150532
0.5925694939415538,0.7798605554920562
0.5926585887384177,0.7798605554920562
0.5926585887384177,0.7799748542690593
0.5929258731290092,0.7799748542690593
0.5929258731290092,0.7800891530460624
0.5930149679258732,0.7800891530460624
0.5930149679258732,0.7802034518230655
0.593104062722737,0.7802034518230655
0.593104062722737,0.7804320493770717
0.5931931575196009,0.7804320493770717
0.5931931575196009,0.7812321408160933
0.5934604419101924,0.7812321408160933
0.5934604419101924,0.7813464395930964
0.5936386315039202,0.7813464395930964
0.5936386315039202,0.7814607383700994
0.5937277263007841,0.7814607383700994
0.5937277263007841,0.7819179334781118
0.5939059158945118,0.7819179334781118
0.5939059158945118,0.7820322322551149
0.5940841054882395,0.7820322322551149
0.5940841054882395,0.782146531032118
0.5941732002851033,0.782146531032118
0.5941732002851033,0.7823751285861241
0.5942622950819673,0.7823751285861241
0.5942622950819673,0.7828323236941365
0.5943513898788311,0.7828323236941365
0.5943513898788311,0.7831752200251457
0.5947968638631503,0.7831752200251457
0.5947968638631503,0.7834038175791519
0.5949750534568781,0.7834038175791519
0.5949750534568781,0.7837467139101612
0.595064148253742,0.7837467139101612
0.595064148253742,0.7838610126871642
0.5952423378474697,0.7838610126871642
0.5952423378474697,0.7840896102411704
0.5953314326443335,0.7840896102411704
0.5953314326443335,0.7842039090181735
0.595687811831789,0.7842039090181735
0.595687811831789,0.7843182077951766
0.5958660014255167,0.7843182077951766
0.5958660014255167,0.7844325065721797
0.5961332858161084,0.7844325065721797
0.5961332858161084,0.7845468053491828
0.5962223806129722,0.7845468053491828
0.5962223806129722,0.7847754029031889
0.5964005702066999,0.7847754029031889
0.5964005702066999,0.784889701680192
0.5973806129722025,0.784889701680192
0.5973806129722025,0.7851182992341982
0.597647897362794,0.7851182992341982
0.597647897362794,0.7852325980112013
0.5977369921596579,0.7852325980112013
0.5977369921596579,0.7854611955652074
0.5978260869565217,0.7854611955652074
0.5978260869565217,0.7856897931192136
0.5980042765502495,0.7856897931192136
0.5980042765502495,0.7860326894502229
0.5980933713471134,0.7860326894502229
0.5980933713471134,0.786146988227226
0.5984497505345688,0.786146988227226
0.5984497505345688,0.786261287004229
0.5988061297220242,0.786261287004229
0.5988061297220242,0.7863755857812321
0.5990734141126158,0.7863755857812321
0.5990734141126158,0.7864898845582352
0.5991625089094796,0.7864898845582352
0.5991625089094796,0.7866041833352383
0.5992516037063436,0.7866041833352383
0.5992516037063436,0.7867184821122414
0.5994297933000713,0.7867184821122414
0.5994297933000713,0.7868327808892445
0.599607982893799,0.7868327808892445
0.599607982893799,0.7869470796662476
0.600231646471846,0.7869470796662476
0.600231646471846,0.7870613784432506
0.6003207412687099,0.7870613784432506
0.6003207412687099,0.7871756772202537
0.6006771204561654,0.7871756772202537
0.6006771204561654,0.7872899759972568
0.6007662152530292,0.7872899759972568
0.6007662152530292,0.7877471711052692
0.6008553100498931,0.7877471711052692
0.6008553100498931,0.7878614698822722
0.6009444048467569,0.7878614698822722
0.6009444048467569,0.7879757686592753
0.6011225944404847,0.7879757686592753
0.6011225944404847,0.7880900674362784
0.6013007840342124,0.7880900674362784
0.6013007840342124,0.7882043662132815
0.6020135424091233,0.7882043662132815
0.6020135424091233,0.7884329637672877
0.6024590163934426,0.7884329637672877
0.6024590163934426,0.7885472625442908
0.6025481111903065,0.7885472625442908
0.6025481111903065,0.7887758600982969
0.6026372059871703,0.7887758600982969
0.6026372059871703,0.7888901588753
0.6030826799714897,0.7888901588753
0.6030826799714897,0.7890044576523031
0.6035281539558089,0.7890044576523031
0.6035281539558089,0.7891187564293062
0.6037063435495367,0.7891187564293062
0.6037063435495367,0.7893473539833123
0.6037954383464006,0.7893473539833123
0.6037954383464006,0.7895759515373185
0.6039736279401283,0.7895759515373185
0.6039736279401283,0.7898045490913247
0.6040627227369921,0.7898045490913247
0.6040627227369921,0.7899188478683278
0.6043300071275838,0.7899188478683278
0.6043300071275838,0.790147445422334
0.604775481111903,0.790147445422334
0.604775481111903,0.7906046405303463
0.605488239486814,0.7906046405303463
0.605488239486814,0.7907189393073494
0.6058446186742694,0.7907189393073494
0.6058446186742694,0.7911761344153617
0.606111903064861,0.7911761344153617
0.606111903064861,0.7912904331923648
0.6068246614397719,0.7912904331923648
0.6068246614397719,0.7914047319693679
0.6070028510334996,0.7914047319693679
0.6070028510334996,0.791519030746371
0.6071810406272273,0.791519030746371
0.6071810406272273,0.7916333295233741
0.6072701354240913,0.7916333295233741
0.6072701354240913,0.7917476283003771
0.6073592302209551,0.7917476283003771
0.6073592302209551,0.7918619270773802
0.6077156094084105,0.7918619270773802
0.6077156094084105,0.7919762258543833
0.608071988595866,0.7919762258543833
0.608071988595866,0.7924334209623957
0.6086956521739131,0.7924334209623957
0.6086956521739131,0.7926620185164018
0.6087847469707769,0.7926620185164018
0.6087847469707769,0.7927763172934049
0.6091411261582323,0.7927763172934049
0.6091411261582323,0.7930049148474111
0.6092302209550963,0.7930049148474111
0.6092302209550963,0.7931192136244142
0.6093193157519601,0.7931192136244142
0.6093193157519601,0.7933478111784203
0.6094975053456878,0.7933478111784203
0.6094975053456878,0.7934621099554234
0.6096756949394155,0.7934621099554234
0.6096756949394155,0.7935764087324265
0.6098538845331433,0.7935764087324265
0.6098538845331433,0.7938050062864327
0.6099429793300071,0.7938050062864327
0.6099429793300071,0.7939193050634358
0.610032074126871,0.7939193050634358
0.610032074126871,0.7944907989484512
0.6101211689237348,0.7944907989484512
0.6101211689237348,0.7946050977254543
0.6102993585174625,0.7946050977254543
0.6102993585174625,0.7948336952794605
0.6105666429080542,0.7948336952794605
0.6105666429080542,0.7949479940564635
0.6114575908766928,0.7949479940564635
0.6114575908766928,0.7950622928334666
0.6116357804704206,0.7950622928334666
0.6116357804704206,0.7951765916104697
0.611992159657876,0.7951765916104697
0.611992159657876,0.7954051891644759
0.6124376336421953,0.7954051891644759
0.6124376336421953,0.7957480854954851
0.6125267284390592,0.7957480854954851
0.6125267284390592,0.7958623842724882
0.612615823235923,0.7958623842724882
0.612615823235923,0.7960909818264944
0.6128831076265147,0.7960909818264944
0.6128831076265147,0.7962052806034975
0.6131503920171062,0.7962052806034975
0.6131503920171062,0.7963195793805006
0.6132394868139701,0.7963195793805006
0.6132394868139701,0.7964338781575037
0.6139522451888809,0.7964338781575037
0.6139522451888809,0.7966624757115098
0.6141304347826086,0.7966624757115098
0.6141304347826086,0.7967767744885129
0.6142195295794726,0.7967767744885129
0.6142195295794726,0.7968910732655161
0.6151104775481112,0.7968910732655161
0.6151104775481112,0.7970053720425192
0.615199572344975,0.7970053720425192
0.615199572344975,0.7972339695965254
0.6153777619387027,0.7972339695965254
0.6153777619387027,0.7975768659275346
0.6154668567355667,0.7975768659275346
0.6154668567355667,0.7976911647045377
0.6156450463292944,0.7976911647045377
0.6156450463292944,0.7978054634815408
0.6160014255167499,0.7978054634815408
0.6160014255167499,0.7979197622585439
0.6161796151104776,0.7979197622585439
0.6161796151104776,0.7981483598125501
0.6168923734853885,0.7981483598125501
0.6168923734853885,0.7982626585895531
0.6170705630791162,0.7982626585895531
0.6170705630791162,0.7983769573665562
0.6176051318602993,0.7983769573665562
0.6176051318602993,0.7984912561435593
0.617872416250891,0.7984912561435593
0.617872416250891,0.7986055549205624
0.6180506058446187,0.7986055549205624
0.6180506058446187,0.7987198536975655
0.6184069850320741,0.7987198536975655
0.6184069850320741,0.7989484512515717
0.618496079828938,0.7989484512515717
0.618496079828938,0.7992913475825809
0.6188524590163934,0.7992913475825809
0.6188524590163934,0.799405646359584
0.6192088382038489,0.799405646359584
0.6192088382038489,0.7997485426905933
0.6193870277975766,0.7997485426905933
0.6193870277975766,0.7999771402445994
0.619743406985032,0.7999771402445994
0.619743406985032,0.8000914390216025
0.6201888809693514,0.8000914390216025
0.6201888809693514,0.8002057377986056
0.6202779757662152,0.8002057377986056
0.6202779757662152,0.8003200365756087
0.6203670705630792,0.8003200365756087
0.6203670705630792,0.8004343353526118
0.6206343549536707,0.8004343353526118
0.6206343549536707,0.8006629329066179
0.6208125445473984,0.8006629329066179
0.6208125445473984,0.8012344267916334
0.6209016393442623,0.8012344267916334
0.6209016393442623,0.8013487255686365
0.6210798289379901,0.8013487255686365
0.6210798289379901,0.8016916218996457
0.6213471133285816,0.8016916218996457
0.6213471133285816,0.8018059206766488
0.6214362081254454,0.8018059206766488
0.6214362081254454,0.8019202194536519
0.6215253029223093,0.8019202194536519
0.6215253029223093,0.8022631157846611
0.6219707769066286,0.8022631157846611
0.6219707769066286,0.8023774145616642
0.6221489665003563,0.8023774145616642
0.6221489665003563,0.8028346096696766
0.6222380612972203,0.8028346096696766
0.6222380612972203,0.8032918047776889
0.6225053456878118,0.8032918047776889
0.6225053456878118,0.803406103554692
0.6226835352815395,0.803406103554692
0.6226835352815395,0.8036347011086982
0.6227726300784034,0.8036347011086982
0.6227726300784034,0.8037489998857013
0.6228617248752673,0.8037489998857013
0.6228617248752673,0.8039775974397074
0.6234853884533144,0.8039775974397074
0.6234853884533144,0.8043204937707167
0.6236635780470421,0.8043204937707167
0.6236635780470421,0.8044347925477198
0.6237526728439059,0.8044347925477198
0.6237526728439059,0.8046633901017259
0.6238417676407698,0.8046633901017259
0.6238417676407698,0.8048919876557321
0.6240199572344975,0.8048919876557321
0.6240199572344975,0.8050062864327352
0.6241981468282253,0.8050062864327352
0.6241981468282253,0.8051205852097383
0.624376336421953,0.8051205852097383
0.624376336421953,0.8053491827637445
0.6245545260156807,0.8053491827637445
0.6245545260156807,0.8054634815407475
0.6248218104062723,0.8054634815407475
0.6248218104062723,0.8055777803177506
0.6253563791874555,0.8055777803177506
0.6253563791874555,0.8056920790947537
0.6255345687811832,0.8056920790947537
0.6255345687811832,0.8058063778717568
0.6258018531717747,0.8058063778717568
0.6258018531717747,0.8059206766487599
0.6258909479686386,0.8059206766487599
0.6258909479686386,0.8062635729797691
0.6259800427655025,0.8062635729797691
0.6259800427655025,0.8063778717567722
0.6263364219529579,0.8063778717567722
0.6263364219529579,0.8066064693107784
0.6266037063435496,0.8066064693107784
0.6266037063435496,0.8067207680877815
0.6267818959372773,0.8067207680877815
0.6267818959372773,0.8068350668647846
0.6271382751247327,0.8068350668647846
0.6271382751247327,0.8069493656417877
0.6274946543121882,0.8069493656417877
0.6274946543121882,0.8070636644187907
0.6277619387027797,0.8070636644187907
0.6277619387027797,0.8071779631957938
0.6280292230933714,0.8071779631957938
0.6280292230933714,0.8074065607498
0.6281183178902352,0.8074065607498
0.6281183178902352,0.8080923534118185
0.6286528866714184,0.8080923534118185
0.6286528866714184,0.8082066521888216
0.6288310762651461,0.8082066521888216
0.6288310762651461,0.8084352497428278
0.6290983606557377,0.8084352497428278
0.6290983606557377,0.8090067436278432
0.6291874554526016,0.8090067436278432
0.6291874554526016,0.8095782375128586
0.6292765502494654,0.8095782375128586
0.6292765502494654,0.8096925362898617
0.6293656450463293,0.8096925362898617
0.6293656450463293,0.8098068350668648
0.6294547398431931,0.8098068350668648
0.6294547398431931,0.8099211338438679
0.629543834640057,0.8099211338438679
0.629543834640057,0.810149731397874
0.630256593014968,0.810149731397874
0.630256593014968,0.8102640301748771
0.6306129722024234,0.8102640301748771
0.6306129722024234,0.8104926277288833
0.6307020669992872,0.8104926277288833
0.6307020669992872,0.8106069265058864
0.6307911617961511,0.8106069265058864
0.6307911617961511,0.8108355240598926
0.6311475409836066,0.8108355240598926
0.6311475409836066,0.8109498228368957
0.6312366357804704,0.8109498228368957
0.6312366357804704,0.8110641216138987
0.6313257305773343,0.8110641216138987
0.6313257305773343,0.8111784203909018
0.6314148253741981,0.8111784203909018
0.6314148253741981,0.811407017944908
0.6315930149679259,0.811407017944908
0.6315930149679259,0.8115213167219111
0.6316821097647898,0.8115213167219111
0.6316821097647898,0.8116356154989142
0.6318602993585175,0.8116356154989142
0.6318602993585175,0.8118642130529203
0.6319493941553813,0.8118642130529203
0.6319493941553813,0.8122071093839296
0.632127583749109,0.8122071093839296
0.632127583749109,0.8123214081609327
0.632216678545973,0.8123214081609327
0.632216678545973,0.8124357069379358
0.63284034212402,0.8124357069379358
0.63284034212402,0.8125500057149388
0.6330185317177477,0.8125500057149388
0.6330185317177477,0.8126643044919419
0.6331967213114754,0.8126643044919419
0.6331967213114754,0.812778603268945
0.6332858161083392,0.812778603268945
0.6332858161083392,0.8131214995999543
0.6335531004989309,0.8131214995999543
0.6335531004989309,0.8134643959309635
0.6336421952957947,0.8134643959309635
0.6336421952957947,0.8135786947079666
0.6337312900926586,0.8135786947079666
0.6337312900926586,0.8138072922619728
0.6339985744832501,0.8138072922619728
0.6339985744832501,0.8139215910389759
0.6341767640769779,0.8139215910389759
0.6341767640769779,0.8146073837009944
0.6343549536707056,0.8146073837009944
0.6343549536707056,0.8147216824779975
0.6344440484675695,0.8147216824779975
0.6344440484675695,0.8149502800320036
0.6347113328581611,0.8149502800320036
0.6347113328581611,0.8150645788090067
0.6348895224518888,0.8150645788090067
0.6348895224518888,0.8151788775860098
0.6350677120456165,0.8151788775860098
0.6350677120456165,0.8152931763630129
0.6351568068424804,0.8152931763630129
0.6351568068424804,0.815407475140016
0.6352459016393442,0.815407475140016
0.6352459016393442,0.8155217739170191
0.6358695652173914,0.8155217739170191
0.6358695652173914,0.8157503714710252
0.6359586600142552,0.8157503714710252
0.6359586600142552,0.8158646702480283
0.6361368496079829,0.8158646702480283
0.6361368496079829,0.8159789690250314
0.6364041339985744,0.8159789690250314
0.6364041339985744,0.8162075665790376
0.6366714183891661,0.8162075665790376
0.6366714183891661,0.8163218653560407
0.6368496079828938,0.8163218653560407
0.6368496079828938,0.8165504629100468
0.6369387027797576,0.8165504629100468
0.6369387027797576,0.8166647616870499
0.6372059871703493,0.8166647616870499
0.6372059871703493,0.816779060464053
0.6374732715609408,0.816779060464053
0.6374732715609408,0.8172362555720654
0.6379187455452602,0.8172362555720654
0.6379187455452602,0.8174648531260715
0.638007840342124,0.8174648531260715
0.638007840342124,0.8176934506800777
0.6381860299358517,0.8176934506800777
0.6381860299358517,0.8178077494570808
0.6382751247327156,0.8178077494570808
0.6382751247327156,0.8179220482340839
0.6386315039201711,0.8179220482340839
0.6386315039201711,0.81815064578809
0.6387205987170349,0.81815064578809
0.6387205987170349,0.8183792433420962
0.6391660727013543,0.8183792433420962
0.6391660727013543,0.8186078408961024
0.6392551674982181,0.8186078408961024
0.6392551674982181,0.8187221396731055
0.639344262295082,0.8187221396731055
0.639344262295082,0.8188364384501086
0.6397006414825375,0.8188364384501086
0.6397006414825375,0.8190650360041147
0.6398788310762652,0.8190650360041147
0.6398788310762652,0.8191793347811178
0.639967925873129,0.8191793347811178
0.639967925873129,0.8192936335581209
0.6412152530292231,0.8192936335581209
0.6412152530292231,0.819407932335124
0.6413043478260869,0.819407932335124
0.6413043478260869,0.8195222311121271
0.6414825374198146,0.8195222311121271
0.6414825374198146,0.8196365298891302
0.6418389166072701,0.8196365298891302
0.6418389166072701,0.8197508286661332
0.641928011404134,0.8197508286661332
0.641928011404134,0.8198651274431363
0.6423734853884533,0.8198651274431363
0.6423734853884533,0.8200937249971425
0.6426407697790449,0.8200937249971425
0.6426407697790449,0.8202080237741456
0.6427298645759087,0.8202080237741456
0.6427298645759087,0.8203223225511487
0.6431753385602281,0.8203223225511487
0.6431753385602281,0.8204366213281518
0.6433535281539559,0.8204366213281518
0.6433535281539559,0.820779517659161
0.6434426229508197,0.820779517659161
0.6434426229508197,0.8208938164361641
0.6435317177476836,0.8208938164361641
0.6435317177476836,0.8211224139901703
0.6437099073414113,0.8211224139901703
0.6437099073414113,0.8212367127671734
0.6439771917320029,0.8212367127671734
0.6439771917320029,0.8213510115441764
0.6440662865288667,0.8213510115441764
0.6440662865288667,0.8214653103211795
0.6441553813257306,0.8214653103211795
0.6441553813257306,0.8215796090981826
0.6442444761225944,0.8215796090981826
0.6442444761225944,0.8218082066521888
0.6444226657163221,0.8218082066521888
0.6444226657163221,0.8219225054291919
0.644511760513186,0.8219225054291919
0.644511760513186,0.822036804206195
0.645224518888097,0.822036804206195
0.645224518888097,0.8224939993142073
0.6454027084818247,0.8224939993142073
0.6454027084818247,0.8227225968682135
0.6456699928724162,0.8227225968682135
0.6456699928724162,0.8228368956452166
0.6460263720598717,0.8228368956452166
0.6460263720598717,0.8229511944222196
0.6462936564504633,0.8229511944222196
0.6462936564504633,0.8230654931992227
0.6463827512473271,0.8230654931992227
0.6463827512473271,0.8231797919762258
0.6465609408410549,0.8231797919762258
0.6465609408410549,0.8236369870842382
0.6466500356379188,0.8236369870842382
0.6466500356379188,0.8237512858612412
0.647184604419102,0.8237512858612412
0.647184604419102,0.8239798834152474
0.6472736992159658,0.8239798834152474
0.6472736992159658,0.8243227797462567
0.6474518888096935,0.8243227797462567
0.6474518888096935,0.824779974854269
0.6475409836065574,0.824779974854269
0.6475409836065574,0.8248942736312721
0.6477191732002852,0.8248942736312721
0.6477191732002852,0.8251228711852783
0.6480755523877405,0.8251228711852783
0.6480755523877405,0.8252371699622814
0.6483428367783322,0.8252371699622814
0.6483428367783322,0.8255800662932906
0.6485210263720599,0.8255800662932906
0.6485210263720599,0.8258086638472968
0.6486992159657876,0.8258086638472968
0.6486992159657876,0.8259229626242999
0.6487883107626514,0.8259229626242999
0.6487883107626514,0.826151560178306
0.6491446899501069,0.826151560178306
0.6491446899501069,0.8268373528403246
0.6494119743406985,0.8268373528403246
0.6494119743406985,0.8269516516173276
0.6495901639344263,0.8269516516173276
0.6495901639344263,0.8272945479483369
0.6496792587312901,0.8272945479483369
0.6496792587312901,0.8277517430563492
0.6500356379187455,0.8277517430563492
0.6500356379187455,0.8278660418333523
0.6501247327156094,0.8278660418333523
0.6501247327156094,0.8279803406103554
0.6503029223093372,0.8279803406103554
0.6503029223093372,0.8280946393873585
0.6508374910905204,0.8280946393873585
0.6508374910905204,0.8284375357183679
0.6509265858873842,0.8284375357183679
0.6509265858873842,0.828551834495371
0.6510156806842481,0.828551834495371
0.6510156806842481,0.828666133272374
0.6512829650748396,0.828666133272374
0.6512829650748396,0.8290090296033833
0.6514611546685674,0.8290090296033833
0.6514611546685674,0.8292376271573895
0.6518175338560228,0.8292376271573895
0.6518175338560228,0.8294662247113956
0.6521739130434783,0.8294662247113956
0.6521739130434783,0.8295805234883987
0.6522630078403421,0.8295805234883987
0.6522630078403421,0.8296948222654018
0.6535103349964362,0.8296948222654018
0.6535103349964362,0.8302663161504172
0.6536885245901639,0.8302663161504172
0.6536885245901639,0.8303806149274203
0.6539558089807556,0.8303806149274203
0.6539558089807556,0.8308378100354327
0.6545794725588026,0.8308378100354327
0.6545794725588026,0.8311807063664419
0.6550249465431219,0.8311807063664419
0.6550249465431219,0.8314093039204481
0.6552031361368497,0.8314093039204481
0.6552031361368497,0.8315236026974512
0.6552922309337135,0.8315236026974512
0.6552922309337135,0.8318664990284604
0.6558267997148967,0.8318664990284604
0.6558267997148967,0.8320950965824666
0.6559158945117605,0.8320950965824666
0.6559158945117605,0.8322093953594697
0.6560049893086244,0.8322093953594697
0.6560049893086244,0.8323236941364728
0.6562722736992159,0.8323236941364728
0.6562722736992159,0.832666590467482
0.6565395580898076,0.832666590467482
0.6565395580898076,0.8327808892444851
0.6566286528866714,0.8327808892444851
0.6566286528866714,0.8330094867984913
0.6567177476835353,0.8330094867984913
0.6567177476835353,0.8331237855754944
0.6572523164647185,0.8331237855754944
0.6572523164647185,0.8332380843524975
0.6579650748396294,0.8332380843524975
0.6579650748396294,0.8335809806835067
0.6584105488239487,0.8335809806835067
0.6584105488239487,0.8336952794605098
0.6584996436208126,0.8336952794605098
0.6584996436208126,0.8338095782375129
0.6586778332145403,0.8338095782375129
0.6586778332145403,0.833923877014516
0.658856022808268,0.833923877014516
0.658856022808268,0.8340381757915191
0.6589451176051319,0.8340381757915191
0.6589451176051319,0.8342667733455252
0.6591233071988596,0.8342667733455252
0.6591233071988596,0.8343810721225283
0.659479686386315,0.8343810721225283
0.659479686386315,0.8344953708995314
0.6599251603706343,0.8344953708995314
0.6599251603706343,0.8348382672305407
0.660103349964362,0.8348382672305407
0.660103349964362,0.8349525660075438
0.6605488239486814,0.8349525660075438
0.6605488239486814,0.835295462338553
0.6606379187455452,0.835295462338553
0.6606379187455452,0.8354097611155561
0.6611724875267284,0.8354097611155561
0.6611724875267284,0.8355240598925592
0.6613506771204561,0.8355240598925592
0.6613506771204561,0.8356383586695623
0.6617070563079116,0.8356383586695623
0.6617070563079116,0.8357526574465654
0.6620634354953671,0.8357526574465654
0.6620634354953671,0.8358669562235684
0.662152530292231,0.8358669562235684
0.662152530292231,0.8359812550005715
0.6622416250890948,0.8359812550005715
0.6622416250890948,0.8362098525545777
0.6624198146828225,0.8362098525545777
0.6624198146828225,0.8364384501085839
0.662776193870278,0.8364384501085839
0.662776193870278,0.836552748885587
0.6628652886671419,0.836552748885587
0.6628652886671419,0.83666704766259
0.6629543834640057,0.83666704766259
0.6629543834640057,0.8367813464395931
0.6630434782608695,0.8367813464395931
0.6630434782608695,0.8370099439935993
0.663399857448325,0.8370099439935993
0.663399857448325,0.8371242427706024
0.6641126158232359,0.8371242427706024
0.6641126158232359,0.8372385415476055
0.6642017106200998,0.8372385415476055
0.6642017106200998,0.8373528403246085
0.6643799002138275,0.8373528403246085
0.6643799002138275,0.8374671391016116
0.6644689950106913,0.8374671391016116
0.6644689950106913,0.8376957366556178
0.6646471846044191,0.8376957366556178
0.6646471846044191,0.8378100354326209
0.6648253741981468,0.8378100354326209
0.6648253741981468,0.837924334209624
0.6655381325730577,0.837924334209624
0.6655381325730577,0.8380386329866271
0.6657163221667854,0.8380386329866271
0.6657163221667854,0.8381529317636301
0.6658054169636494,0.8381529317636301
0.6658054169636494,0.8382672305406332
0.6659836065573771,0.8382672305406332
0.6659836065573771,0.8383815293176363
0.6661617961511048,0.8383815293176363
0.6661617961511048,0.8384958280946394
0.6663399857448326,0.8384958280946394
0.6663399857448326,0.8387244256486456
0.6672309337134711,0.8387244256486456
0.6672309337134711,0.8388387244256487
0.6675873129009265,0.8388387244256487
0.6675873129009265,0.8389530232026517
0.6676764076977905,0.8389530232026517
0.6676764076977905,0.8390673219796548
0.6678545972915182,0.8390673219796548
0.6678545972915182,0.839295919533661
0.6682109764789737,0.839295919533661
0.6682109764789737,0.8394102183106641
0.6683891660727014,0.8394102183106641
0.6683891660727014,0.8396388158646703
0.6684782608695652,0.8396388158646703
0.6684782608695652,0.8399817121956795
0.6688346400570206,0.8399817121956795
0.6688346400570206,0.8404389073036919
0.6689237348538846,0.8404389073036919
0.6689237348538846,0.840553206080695
0.6690128296507484,0.840553206080695
0.6690128296507484,0.8410104011887073
0.66928011404134,0.8410104011887073
0.66928011404134,0.8411246999657104
0.6693692088382038,0.8411246999657104
0.6693692088382038,0.8413532975197165
0.6697255880256593,0.8413532975197165
0.6697255880256593,0.8414675962967196
0.669903777619387,0.8414675962967196
0.669903777619387,0.8416961938507258
0.6702601568068425,0.8416961938507258
0.6702601568068425,0.841924791404732
0.6703492516037064,0.841924791404732
0.6703492516037064,0.8423819865127443
0.670527441197434,0.8423819865127443
0.670527441197434,0.8426105840667505
0.6707056307911617,0.8426105840667505
0.6707056307911617,0.8428391816207567
0.6707947255880257,0.8428391816207567
0.6707947255880257,0.8429534803977597
0.6715074839629366,0.8429534803977597
0.6715074839629366,0.8431820779517659
0.6715965787598004,0.8431820779517659
0.6715965787598004,0.8434106755057721
0.671863863150392,0.8434106755057721
0.671863863150392,0.8435249742827752
0.6723984319315752,0.8435249742827752
0.6723984319315752,0.8436392730597783
0.6727548111190307,0.8436392730597783
0.6727548111190307,0.8437535718367813
0.6729330007127584,0.8437535718367813
0.6729330007127584,0.8438678706137844
0.6730220955096222,0.8438678706137844
0.6730220955096222,0.8440964681677906
0.6733784746970777,0.8440964681677906
0.6733784746970777,0.8442107669447937
0.6734675694939416,0.8442107669447937
0.6734675694939416,0.8444393644987999
0.6737348538845331,0.8444393644987999
0.6737348538845331,0.844553663275803
0.6739130434782609,0.844553663275803
0.6739130434782609,0.844667962052806
0.6740021382751248,0.844667962052806
0.6740021382751248,0.8450108583838153
0.6740912330719886,0.8450108583838153
0.6740912330719886,0.8455823522688307
0.6743585174625801,0.8455823522688307
0.6743585174625801,0.84592524859984
0.674447612259444,0.84592524859984
0.674447612259444,0.8460395473768431
0.6748930862437633,0.8460395473768431
0.6748930862437633,0.8461538461538461
0.6749821810406272,0.8461538461538461
0.6749821810406272,0.8462681449308492
0.6752494654312188,0.8462681449308492
0.6752494654312188,0.8463824437078523
0.6756058446186742,0.8463824437078523
0.6756058446186742,0.8464967424848554
0.675784034212402,0.8464967424848554
0.675784034212402,0.8468396388158647
0.6761404133998574,0.8468396388158647
0.6761404133998574,0.8469539375928677
0.6764076977904491,0.8469539375928677
0.6764076977904491,0.8471825351468739
0.6765858873841768,0.8471825351468739
0.6765858873841768,0.847296833923877
0.6766749821810406,0.847296833923877
0.6766749821810406,0.8474111327008801
0.6767640769779045,0.8474111327008801
0.6767640769779045,0.8475254314778832
0.6768531717747683,0.8475254314778832
0.6768531717747683,0.8476397302548863
0.6770313613684961,0.8476397302548863
0.6770313613684961,0.8477540290318893
0.67712045616536,0.8477540290318893
0.67712045616536,0.8478683278088924
0.6773877405559515,0.8478683278088924
0.6773877405559515,0.8479826265858955
0.6775659301496793,0.8479826265858955
0.6775659301496793,0.8482112241399017
0.6780114041339986,0.8482112241399017
0.6780114041339986,0.8483255229169048
0.6781004989308624,0.8483255229169048
0.6781004989308624,0.8485541204709109
0.6784568781183179,0.8485541204709109
0.6784568781183179,0.8490113155789233
0.6787241625089094,0.8490113155789233
0.6787241625089094,0.8491256143559264
0.6791696364932288,0.8491256143559264
0.6791696364932288,0.8493542119099325
0.679704205274412,0.8493542119099325
0.679704205274412,0.8495828094639387
0.6799714896650035,0.8495828094639387
0.6799714896650035,0.8507257972339696
0.6806842480399145,0.8507257972339696
0.6806842480399145,0.8508400960109727
0.6807733428367784,0.8508400960109727
0.6807733428367784,0.8509543947879757
0.6814861012116893,0.8509543947879757
0.6814861012116893,0.8514115898959881
0.6818424803991446,0.8514115898959881
0.6818424803991446,0.8516401874499943
0.6820206699928724,0.8516401874499943
0.6820206699928724,0.8517544862269973
0.682287954383464,0.8517544862269973
0.682287954383464,0.8518687850040004
0.6825552387740556,0.8518687850040004
0.6825552387740556,0.8519830837810035
0.6826443335709195,0.8519830837810035
0.6826443335709195,0.8522116813350097
0.6827334283677833,0.8522116813350097
0.6827334283677833,0.8523259801120128
0.682911617961511,0.8523259801120128
0.682911617961511,0.8524402788890159
0.6839807555238774,0.8524402788890159
0.6839807555238774,0.8525545776660189
0.684248039914469,0.8525545776660189
0.684248039914469,0.8527831752200251
0.6845153243050606,0.8527831752200251
0.6845153243050606,0.8528974739970282
0.6846044191019245,0.8528974739970282
0.6846044191019245,0.8530117727740313
0.684871703492516,0.8530117727740313
0.684871703492516,0.8531260715510344
0.6851389878831077,0.8531260715510344
0.6851389878831077,0.8532403703280375
0.6852280826799715,0.8532403703280375
0.6852280826799715,0.8533546691050405
0.6854953670705631,0.8533546691050405
0.6854953670705631,0.8535832666590467
0.6855844618674269,0.8535832666590467
0.6855844618674269,0.853926162990056
0.6856735566642908,0.853926162990056
0.6856735566642908,0.8543833580980683
0.6865645046329294,0.8543833580980683
0.6865645046329294,0.8544976568750714
0.686831789023521,0.8544976568750714
0.686831789023521,0.8546119556520745
0.6869208838203849,0.8546119556520745
0.6869208838203849,0.8549548519830837
0.6870990734141126,0.8549548519830837
0.6870990734141126,0.8550691507600868
0.6871881682109765,0.8550691507600868
0.6871881682109765,0.8551834495370899
0.6877227369921597,0.8551834495370899
0.6877227369921597,0.855297748314093
0.6878118317890235,0.855297748314093
0.6878118317890235,0.8554120470910961
0.6882573057733429,0.8554120470910961
0.6882573057733429,0.8555263458680992
0.6884354953670706,0.8555263458680992
0.6884354953670706,0.8557549434221053
0.6885245901639344,0.8557549434221053
0.6885245901639344,0.8558692421991084
0.6888809693513899,0.8558692421991084
0.6888809693513899,0.8559835409761115
0.6891482537419815,0.8559835409761115
0.6891482537419815,0.8560978397531146
0.6893264433357092,0.8560978397531146
0.6893264433357092,0.8562121385301177
0.6895937277263008,0.8562121385301177
0.6895937277263008,0.8563264373071208
0.6896828225231646,0.8563264373071208
0.6896828225231646,0.8564407360841239
0.6897719173200285,0.8564407360841239
0.6897719173200285,0.8567836324151331
0.6899501069137562,0.8567836324151331
0.6899501069137562,0.8568979311921362
0.6904846756949394,0.8568979311921362
0.6904846756949394,0.8572408275231455
0.6905737704918032,0.8572408275231455
0.6905737704918032,0.8573551263001485
0.6910192444761226,0.8573551263001485
0.6910192444761226,0.8575837238541547
0.6912865288667142,0.8575837238541547
0.6912865288667142,0.8576980226311578
0.692088382038489,0.8576980226311578
0.692088382038489,0.8578123214081609
0.6925338560228083,0.8578123214081609
0.6925338560228083,0.857926620185164
0.6928011404133999,0.857926620185164
0.6928011404133999,0.858040918962167
0.6931575196008554,0.858040918962167
0.6931575196008554,0.8581552177391701
0.6935138987883107,0.8581552177391701
0.6935138987883107,0.8584981140701794
0.6936029935851746,0.8584981140701794
0.6936029935851746,0.8586124128471825
0.6937811831789024,0.8586124128471825
0.6937811831789024,0.8587267116241856
0.6939593727726301,0.8587267116241856
0.6939593727726301,0.8590696079551948
0.6940484675694939,0.8590696079551948
0.6940484675694939,0.8591839067321979
0.6942266571632216,0.8591839067321979
0.6942266571632216,0.859298205509201
0.6945830363506771,0.859298205509201
0.6945830363506771,0.8594125042862042
0.694672131147541,0.8594125042862042
0.694672131147541,0.8595268030632073
0.6950285103349965,0.8595268030632073
0.6950285103349965,0.8596411018402104
0.695295794725588,0.8596411018402104
0.695295794725588,0.8597554006172134
0.6961867426942266,0.8597554006172134
0.6961867426942266,0.8598696993942165
0.6962758374910906,0.8598696993942165
0.6962758374910906,0.8602125957252258
0.696632216678546,0.8602125957252258
0.696632216678546,0.860441193279232
0.6967213114754098,0.860441193279232
0.6967213114754098,0.8606697908332381
0.697255880256593,0.8606697908332381
0.697255880256593,0.8608983883872443
0.6975231646471846,0.8608983883872443
0.6975231646471846,0.8610126871642474
0.6977013542409123,0.8610126871642474
0.6977013542409123,0.8611269859412505
0.69787954383464,0.8611269859412505
0.69787954383464,0.8612412847182536
0.6984141126158232,0.8612412847182536
0.6984141126158232,0.8613555834952566
0.6985032074126871,0.8613555834952566
0.6985032074126871,0.8615841810492628
0.6985923022095509,0.8615841810492628
0.6985923022095509,0.8616984798262659
0.6988595866001426,0.8616984798262659
0.6988595866001426,0.861812778603269
0.6989486813970064,0.861812778603269
0.6989486813970064,0.8619270773802721
0.699215965787598,0.8619270773802721
0.699215965787598,0.8620413761572752
0.6993050605844618,0.8620413761572752
0.6993050605844618,0.8621556749342782
0.6993941553813258,0.8621556749342782
0.6993941553813258,0.8623842724882844
0.6994832501781896,0.8623842724882844
0.6994832501781896,0.8626128700422906
0.699839629365645,0.8626128700422906
0.699839629365645,0.8628414675962968
0.7000178189593728,0.8628414675962968
0.7004632929436921,0.8628414675962968
0.7004632929436921,0.8629557663732998
0.7006414825374199,0.8629557663732998
0.7006414825374199,0.8630700651503029
0.7007305773342837,0.8630700651503029
0.7007305773342837,0.8634129614813122
0.7014433357091946,0.8634129614813122
0.7014433357091946,0.8635272602583153
0.70179971489665,0.8635272602583153
0.70179971489665,0.8636415590353184
0.7019779044903778,0.8636415590353184
0.7019779044903778,0.8637558578123214
0.7023342836778332,0.8637558578123214
0.7023342836778332,0.8639844553663276
0.702512473271561,0.8639844553663276
0.702512473271561,0.8640987541433307
0.7027797576621525,0.8640987541433307
0.7027797576621525,0.86444165047434
0.7033143264433357,0.86444165047434
0.7033143264433357,0.864555949251343
0.7034034212401996,0.864555949251343
0.7034034212401996,0.8646702480283461
0.7034925160370634,0.8646702480283461
0.7034925160370634,0.8647845468053492
0.7036707056307911,0.8647845468053492
0.7036707056307911,0.8650131443593554
0.7038488952245189,0.8650131443593554
0.7038488952245189,0.8652417419133616
0.7040270848182466,0.8652417419133616
0.7040270848182466,0.8653560406903646
0.7042943692088383,0.8653560406903646
0.7042943692088383,0.8654703394673677
0.7046507483962936,0.8654703394673677
0.7046507483962936,0.8655846382443708
0.7050071275837491,0.8655846382443708
0.7050071275837491,0.8656989370213739
0.705096222380613,0.8656989370213739
0.705096222380613,0.865813235798377
0.7051853171774768,0.865813235798377
0.7051853171774768,0.8659275345753801
0.7053635067712045,0.8659275345753801
0.7053635067712045,0.8662704309063893
0.7056307911617962,0.8662704309063893
0.7056307911617962,0.8664990284603955
0.7058980755523877,0.8664990284603955
0.7058980755523877,0.8666133272373986
0.7059871703492516,0.8666133272373986
0.7059871703492516,0.8669562235684078
0.7066999287241625,0.8669562235684078
0.7066999287241625,0.8670705223454109
0.7067890235210263,0.8670705223454109
0.7067890235210263,0.867184821122414
0.7072344975053457,0.867184821122414
0.7072344975053457,0.8672991198994171
0.7075908766928012,0.8672991198994171
0.7075908766928012,0.8674134186764202
0.7079472558802566,0.8674134186764202
0.7079472558802566,0.8675277174534233
0.7081254454739844,0.8675277174534233
0.7081254454739844,0.8677563150074294
0.7090163934426229,0.8677563150074294
0.7090163934426229,0.8680992113384387
0.7091945830363506,0.8680992113384387
0.7091945830363506,0.8683278088924449
0.7094618674269423,0.8683278088924449
0.7094618674269423,0.868556406446451
0.7095509622238061,0.868556406446451
0.7095509622238061,0.8686707052234541
0.7098182466143977,0.8686707052234541
0.7098182466143977,0.8688993027774603
0.7099073414112615,0.8688993027774603
0.7099073414112615,0.8690136015544634
0.7099964362081255,0.8690136015544634
0.7099964362081255,0.8694707966624757
0.7101746258018532,0.8694707966624757
0.7101746258018532,0.8695850954394788
0.7104419101924447,0.8695850954394788
0.7104419101924447,0.8696993942164819
0.7111546685673557,0.8696993942164819
0.7111546685673557,0.869813692993485
0.7112437633642196,0.869813692993485
0.7112437633642196,0.8701565893244942
0.7114219529579473,0.8701565893244942
0.7114219529579473,0.8702708881014973
0.7119565217391305,0.8702708881014973
0.7119565217391305,0.8703851868785004
0.7121347113328581,0.8703851868785004
0.7121347113328581,0.8706137844325066
0.712223806129722,0.8706137844325066
0.712223806129722,0.8709566807635158
0.7124910905203136,0.8709566807635158
0.7124910905203136,0.871185278317522
0.7129365645046329,0.871185278317522
0.7129365645046329,0.8712995770945251
0.7131147540983607,0.8712995770945251
0.7131147540983607,0.8716424734255344
0.7132038488952245,0.8716424734255344
0.7132038488952245,0.8717567722025374
0.7133820384889522,0.8717567722025374
0.7133820384889522,0.8718710709795405
0.7135602280826799,0.8718710709795405
0.7135602280826799,0.8720996685335467
0.7139166072701354,0.8720996685335467
0.7139166072701354,0.8723282660875529
0.7144511760513186,0.8723282660875529
0.7144511760513186,0.872442564864556
0.7146293656450463,0.872442564864556
0.7146293656450463,0.8726711624185621
0.7147184604419102,0.8726711624185621
0.7147184604419102,0.8727854611955652
0.714896650035638,0.8727854611955652
0.714896650035638,0.8730140587495714
0.7151639344262295,0.8730140587495714
0.7151639344262295,0.8731283575265745
0.7156094084105489,0.8731283575265745
0.7156094084105489,0.8733569550805806
0.7157875980042766,0.8733569550805806
0.7157875980042766,0.8735855526345868
0.7160548823948681,0.8735855526345868
0.7160548823948681,0.8736998514115899
0.716143977191732,0.8736998514115899
0.716143977191732,0.8741570465196022
0.7167676407697791,0.8741570465196022
0.7167676407697791,0.8743856440736084
0.71748039914469,0.8743856440736084
0.71748039914469,0.8744999428506115
0.7175694939415538,0.8744999428506115
0.7175694939415538,0.8746142416276146
0.7178367783321454,0.8746142416276146
0.7178367783321454,0.8747285404046177
0.7179258731290092,0.8747285404046177
0.7179258731290092,0.8748428391816208
0.7182822523164647,0.8748428391816208
0.7182822523164647,0.8749571379586238
0.7183713471133286,0.8749571379586238
0.7183713471133286,0.8750714367356269
0.7191732002851033,0.8750714367356269
0.7191732002851033,0.87518573551263
0.7193513898788311,0.87518573551263
0.7193513898788311,0.8753000342896331
0.719440484675695,0.8753000342896331
0.719440484675695,0.8754143330666362
0.7197968638631503,0.8754143330666362
0.7197968638631503,0.8755286318436393
0.7209550962223806,0.8755286318436393
0.7209550962223806,0.8758715281746485
0.7213114754098361,0.8758715281746485
0.7213114754098361,0.876443022059664
0.7216678545972915,0.876443022059664
0.7216678545972915,0.876557320836667
0.7218460441910193,0.876557320836667
0.7218460441910193,0.8766716196136701
0.722024233784747,0.8766716196136701
0.722024233784747,0.8767859183906732
0.7221133285816108,0.8767859183906732
0.7221133285816108,0.8769002171676763
0.7222915181753385,0.8769002171676763
0.7222915181753385,0.8771288147216825
0.7223806129722025,0.8771288147216825
0.7223806129722025,0.8772431134986856
0.7227369921596579,0.8772431134986856
0.7227369921596579,0.8773574122756886
0.7229151817533856,0.8773574122756886
0.7229151817533856,0.8774717110526917
0.7230042765502495,0.8774717110526917
0.7230042765502495,0.8777003086066979
0.7234497505345688,0.8777003086066979
0.7234497505345688,0.877814607383701
0.7235388453314326,0.877814607383701
0.7235388453314326,0.8780432049377072
0.7237170349251604,0.8780432049377072
0.7237170349251604,0.8782718024917133
0.7239843193157519,0.8782718024917133
0.7239843193157519,0.8783861012687164
0.7241625089094796,0.8783861012687164
0.7241625089094796,0.8785004000457195
0.7242516037063436,0.8785004000457195
0.7242516037063436,0.8786146988227226
0.7243406985032074,0.8786146988227226
0.7243406985032074,0.8787289975997257
0.7246970776906628,0.8787289975997257
0.7246970776906628,0.8788432963767288
0.7254098360655737,0.8788432963767288
0.7254098360655737,0.8789575951537318
0.7263898788310763,0.8789575951537318
0.7263898788310763,0.8790718939307349
0.7270135424091233,0.8790718939307349
0.7270135424091233,0.8794147902617442
0.7273699215965788,0.8794147902617442
0.7275481111903065,0.8794147902617442
0.7280826799714897,0.8794147902617442
0.7280826799714897,0.8796433878157504
0.7283499643620812,0.8796433878157504
0.7283499643620812,0.8797576865927534
0.7289736279401283,0.8797576865927534
0.7289736279401283,0.8798719853697565
0.7290627227369921,0.8798719853697565
0.7290627227369921,0.8799862841467596
0.7294191019244476,0.8799862841467596
0.7294191019244476,0.8802148817007658
0.729775481111903,0.8802148817007658
0.729775481111903,0.8803291804777689
0.729864575908767,0.8803291804777689
0.729864575908767,0.880557778031775
0.7299536707056308,0.880557778031775
0.7299536707056308,0.8806720768087781
0.7303100498930862,0.8806720768087781
0.7303100498930862,0.8807863755857812
0.7306664290805417,0.8807863755857812
0.7306664290805417,0.8815864670248028
0.7309337134711333,0.8815864670248028
0.7309337134711333,0.8817007658018059
0.7310228082679971,0.8817007658018059
0.7310228082679971,0.881815064578809
0.7312900926585887,0.881815064578809
0.7312900926585887,0.8819293633558121
0.7316464718460441,0.8819293633558121
0.7316464718460441,0.8820436621328152
0.7318246614397719,0.8820436621328152
0.7318246614397719,0.8821579609098182
0.7320028510334996,0.8821579609098182
0.7320028510334996,0.8825008572408275
0.7323592302209551,0.8825008572408275
0.7323592302209551,0.8826151560178306
0.7325374198146828,0.8826151560178306
0.7325374198146828,0.8827294547948337
0.7329828937990022,0.8827294547948337
0.7329828937990022,0.8830723511258429
0.733071988595866,0.8830723511258429
0.733071988595866,0.883186649902846
0.7331610833927299,0.883186649902846
0.7331610833927299,0.8834152474568522
0.7333392729864576,0.8834152474568522
0.7333392729864576,0.8835295462338553
0.7334283677833214,0.8835295462338553
0.7334283677833214,0.8837581437878614
0.7336065573770492,0.8837581437878614
0.7336065573770492,0.8838724425648645
0.7338738417676408,0.8838724425648645
0.7338738417676408,0.8839867413418676
0.7339629365645046,0.8839867413418676
0.7339629365645046,0.8842153388958738
0.7340520313613685,0.8842153388958738
0.7340520313613685,0.8843296376728769
0.7341411261582323,0.8843296376728769
0.7341411261582323,0.88444393644988
0.7348538845331433,0.88444393644988
0.7348538845331433,0.8847868327808892
0.7355666429080542,0.8847868327808892
0.7355666429080542,0.8850154303348954
0.7360121168923734,0.8850154303348954
0.7360121168923734,0.8852440278889016
0.7361012116892374,0.8852440278889016
0.7361012116892374,0.8853583266659046
0.7362794012829651,0.8853583266659046
0.7362794012829651,0.8855869242199108
0.7365466856735566,0.8855869242199108
0.7365466856735566,0.8857012229969139
0.7366357804704206,0.8857012229969139
0.7366357804704206,0.8859298205509201
0.7371703492516037,0.8859298205509201
0.7371703492516037,0.8861584181049262
0.7375267284390592,0.8861584181049262
0.7375267284390592,0.8863870156589324
0.737615823235923,0.8863870156589324
0.737615823235923,0.8865013144359355
0.7377049180327869,0.8865013144359355
0.7377049180327869,0.8868442107669448
0.7377940128296507,0.8868442107669448
0.7377940128296507,0.8869585095439478
0.7389522451888809,0.8869585095439478
0.7389522451888809,0.8870728083209509
0.7391304347826086,0.8870728083209509
0.7391304347826086,0.8873014058749571
0.7393977191732003,0.8873014058749571
0.7393977191732003,0.8878728997599725
0.7394868139700641,0.8878728997599725
0.7394868139700641,0.8879871985369756
0.739575908766928,0.8879871985369756
0.739575908766928,0.888444393644988
0.7405559515324305,0.888444393644988
0.7405559515324305,0.888558692421991
0.7406450463292944,0.888558692421991
0.7406450463292944,0.8889015887530003
0.7410905203136137,0.8889015887530003
0.7410905203136137,0.8891301863070065
0.7419814682822523,0.8891301863070065
0.7419814682822523,0.8892444850840096
0.7420705630791162,0.8892444850840096
0.7420705630791162,0.8894730826380157
0.74215965787598,0.8894730826380157
0.74215965787598,0.8895873814150188
0.7424269422665716,0.8895873814150188
0.7424269422665716,0.8897016801920219
0.7425160370634355,0.8897016801920219
0.7425160370634355,0.889815978969025
0.7432287954383464,0.889815978969025
0.7432287954383464,0.8899302777460281
0.7434069850320741,0.8899302777460281
0.7434069850320741,0.8900445765230312
0.7438524590163934,0.8900445765230312
0.7438524590163934,0.8902731740770373
0.744832501781896,0.8902731740770373
0.744832501781896,0.8903874728540404
0.7450997861724875,0.8903874728540404
0.7450997861724875,0.8905017716310435
0.7451888809693514,0.8905017716310435
0.7451888809693514,0.8907303691850498
0.7453670705630792,0.8907303691850498
0.7453670705630792,0.8908446679620529
0.7455452601568069,0.8908446679620529
0.7455452601568069,0.8914161618470683
0.7458125445473984,0.8914161618470683
0.7458125445473984,0.8916447594010745
0.7459016393442623,0.8916447594010745
0.7459016393442623,0.8917590581780775
0.7463471133285816,0.8917590581780775
0.7463471133285816,0.8918733569550806
0.7464362081254454,0.8918733569550806
0.7464362081254454,0.8919876557320837
0.7466143977191732,0.8919876557320837
0.7466143977191732,0.8922162532860899
0.7467925873129009,0.8922162532860899
0.7467925873129009,0.892330552063093
0.7469707769066286,0.892330552063093
0.7469707769066286,0.8925591496170991
0.7471489665003563,0.8925591496170991
0.7471489665003563,0.8926734483941022
0.7475053456878118,0.8926734483941022
0.7475053456878118,0.8927877471711053
0.7475944404846757,0.8927877471711053
0.7475944404846757,0.8929020459481084
0.7476835352815395,0.8929020459481084
0.7476835352815395,0.8930163447251115
0.7477726300784034,0.8930163447251115
0.7477726300784034,0.8932449422791177
0.7481290092658589,0.8932449422791177
0.7481290092658589,0.8933592410561207
0.7486635780470421,0.8933592410561207
0.7486635780470421,0.8934735398331238
0.7487526728439059,0.8934735398331238
0.7487526728439059,0.8935878386101269
0.7489308624376336,0.8935878386101269
0.7489308624376336,0.89370213738713
0.7494654312188168,0.89370213738713
0.7494654312188168,0.8939307349411362
0.75,0.8939307349411362
0.75,0.8940450337181393
0.7500890947968638,0.8940450337181393
0.7500890947968638,0.8941593324951423
0.7502672843905915,0.8941593324951423
0.7502672843905915,0.8942736312721454
0.7516037063435496,0.8942736312721454
0.7516037063435496,0.8943879300491485
0.7516928011404134,0.8943879300491485
0.7516928011404134,0.8945022288261516
0.751960085531005,0.8945022288261516
0.751960085531005,0.8946165276031547
0.7522273699215966,0.8946165276031547
0.7522273699215966,0.8947308263801578
0.7523164647184605,0.8947308263801578
0.7523164647184605,0.894959423934164
0.7524055595153243,0.894959423934164
0.7524055595153243,0.8951880214881701
0.7524055595153243,0.8954166190421763
0.752583749109052,0.8954166190421763
0.752583749109052,0.8956452165961825
0.7526728439059159,0.8956452165961825
0.7526728439059159,0.8958738141501886
0.7533856022808268,0.8958738141501886
0.7533856022808268,0.8961024117041948
0.7534746970776907,0.8961024117041948
0.7534746970776907,0.8962167104811979
0.7539201710620099,0.8962167104811979
0.7539201710620099,0.8964453080352041
0.7540092658588738,0.8964453080352041
0.7540092658588738,0.8966739055892102
0.7541874554526016,0.8966739055892102
0.7541874554526016,0.8967882043662133
0.7543656450463293,0.8967882043662133
0.7543656450463293,0.8969025031432164
0.7549893086243763,0.8969025031432164
0.7549893086243763,0.8971311006972226
0.7550784034212402,0.8971311006972226
0.7550784034212402,0.8972453994742257
0.7557020669992872,0.8972453994742257
0.7557020669992872,0.8974739970282318
0.7559693513898789,0.8974739970282318
0.7559693513898789,0.897702594582238
0.7563257305773343,0.897702594582238
0.7563257305773343,0.8978168933592411
0.7564148253741981,0.8978168933592411
0.7564148253741981,0.8979311921362442
0.756503920171062,0.8979311921362442
0.756503920171062,0.8980454909132473
0.7566821097647898,0.8980454909132473
0.7566821097647898,0.8981597896902503
0.7569493941553813,0.8981597896902503
0.7569493941553813,0.8982740884672534
0.7573948681397007,0.8982740884672534
0.7573948681397007,0.8983883872442565
0.7574839629365645,0.8983883872442565
0.7574839629365645,0.8987312835752658
0.7576621525302922,0.8987312835752658
0.7576621525302922,0.8988455823522689
0.75784034212402,0.8988455823522689
0.75784034212402,0.899074179906275
0.7580185317177477,0.899074179906275
0.7580185317177477,0.8991884786832781
0.758464005702067,0.8991884786832781
0.758464005702067,0.8993027774602812
0.7588203848895224,0.8993027774602812
0.7588203848895224,0.8994170762372843
0.7589094796863863,0.8994170762372843
0.7589094796863863,0.8995313750142874
0.7589985744832501,0.8995313750142874
0.7589985744832501,0.8997599725682935
0.7596222380612973,0.8997599725682935
0.7596222380612973,0.8999885701222997
0.7598895224518888,0.8999885701222997
0.7598895224518888,0.9001028688993028
0.7606022808267997,0.9001028688993028
0.7606022808267997,0.9002171676763059
0.7607804704205274,0.9002171676763059
0.7607804704205274,0.900331466453309
0.7608695652173914,0.900331466453309
0.7608695652173914,0.9004457652303121
0.7615823235923022,0.9004457652303121
0.7615823235923022,0.9005600640073151
0.7616714183891661,0.9005600640073151
0.7616714183891661,0.9006743627843182
0.7620277975766215,0.9006743627843182
0.7620277975766215,0.9007886615613213
0.7622059871703493,0.9007886615613213
0.7622059871703493,0.9010172591153275
0.7622950819672131,0.9010172591153275
0.7622950819672131,0.9011315578923306
0.7628296507483963,0.9011315578923306
0.7628296507483963,0.9013601554463367
0.763007840342124,0.9013601554463367
0.763007840342124,0.9015887530003429
0.7632751247327156,0.9015887530003429
0.7632751247327156,0.9018173505543491
0.7634533143264434,0.9018173505543491
0.7634533143264434,0.9019316493313522
0.7635424091233072,0.9019316493313522
0.7635424091233072,0.9020459481083553
0.7638096935138988,0.9020459481083553
0.7638096935138988,0.9021602468853583
0.7642551674982181,0.9021602468853583
0.7642551674982181,0.9022745456623614
0.7644333570919458,0.9022745456623614
0.7644333570919458,0.9023888444393645
0.7648788310762652,0.9023888444393645
0.7648788310762652,0.9025031432163676
0.7657697790449037,0.9025031432163676
0.7657697790449037,0.9026174419933707
0.7658588738417677,0.9026174419933707
0.7658588738417677,0.9027317407703738
0.7663934426229508,0.9027317407703738
0.7663934426229508,0.9028460395473769
0.7666607270135424,0.9028460395473769
0.7666607270135424,0.9029603383243799
0.7668389166072701,0.9029603383243799
0.7668389166072701,0.903074637101383
0.766928011404134,0.903074637101383
0.766928011404134,0.9031889358783861
0.7683535281539559,0.9031889358783861
0.7683535281539559,0.9033032346553892
0.7686208125445474,0.9033032346553892
0.7686208125445474,0.9034175334323923
0.7687099073414113,0.9034175334323923
0.7687099073414113,0.9035318322093954
0.768888096935139,0.9035318322093954
0.7690662865288667,0.9035318322093954
0.7693335709194583,0.9035318322093954
0.7693335709194583,0.9036461309863985
0.769511760513186,0.9036461309863985
0.769511760513186,0.9037604297634015
0.7696008553100498,0.9037604297634015
0.7696008553100498,0.9039890273174077
0.7696899501069138,0.9039890273174077
0.7696899501069138,0.9041033260944108
0.7697790449037776,0.9041033260944108
0.7697790449037776,0.9042176248714139
0.7704918032786885,0.9042176248714139
0.7704918032786885,0.904331923648417
0.770848182466144,0.904331923648417
0.770848182466144,0.9045605212024231
0.7711154668567356,0.9045605212024231
0.7711154668567356,0.9046748199794262
0.7712936564504633,0.9046748199794262
0.7712936564504633,0.9047891187564293
0.7717391304347826,0.9047891187564293
0.7717391304347826,0.9051320150874386
0.7719173200285103,0.9051320150874386
0.7719173200285103,0.9052463138644417
0.7725409836065574,0.9052463138644417
0.7725409836065574,0.9054749114184478
0.7730755523877405,0.9054749114184478
0.7730755523877405,0.9055892101954509
0.7736992159657876,0.9055892101954509
0.7736992159657876,0.905703508972454
0.7739665003563792,0.905703508972454
0.7739665003563792,0.9059321065264602
0.7740555951532431,0.9059321065264602
0.7740555951532431,0.9062750028574694
0.7745010691375623,0.9062750028574694
0.7745010691375623,0.9063893016344725
0.7746792587312901,0.9063893016344725
0.7746792587312901,0.9065036004114756
0.774768353528154,0.9065036004114756
0.774768353528154,0.9066178991884787
0.7748574483250178,0.9066178991884787
0.7748574483250178,0.9067321979654818
0.7751247327156094,0.9067321979654818
0.7751247327156094,0.9068464967424849
0.7754811119030649,0.9068464967424849
0.7754811119030649,0.9074179906275003
0.7755702066999287,0.9074179906275003
0.7755702066999287,0.9075322894045034
0.7759265858873842,0.9075322894045034
0.7759265858873842,0.9076465881815065
0.7760156806842481,0.9076465881815065
0.7760156806842481,0.9077608869585095
0.7763720598717035,0.9077608869585095
0.7763720598717035,0.9079894845125157
0.7764611546685674,0.9079894845125157
0.7764611546685674,0.9081037832895188
0.7766393442622951,0.9081037832895188
0.7766393442622951,0.9082180820665219
0.7769066286528866,0.9082180820665219
0.7769066286528866,0.908332380843525
0.7771739130434783,0.908332380843525
0.7771739130434783,0.9086752771745342
0.7774411974340698,0.9086752771745342
0.7774411974340698,0.9092467710595497
0.7777975766215253,0.9092467710595497
0.7777975766215253,0.9093610698365527
0.7778866714183892,0.9093610698365527
0.7778866714183892,0.9094753686135558
0.7783321454027085,0.9094753686135558
0.7783321454027085,0.9095896673905589
0.7785103349964362,0.9095896673905589
0.7785103349964362,0.9098182649445651
0.7787776193870278,0.9098182649445651
0.7787776193870278,0.9099325637215682
0.7789558089807556,0.9099325637215682
0.7789558089807556,0.9100468624985713
0.7790449037776194,0.9100468624985713
0.7790449037776194,0.9106183563835867
0.7792230933713471,0.9106183563835867
0.7792230933713471,0.9107326551605898
0.779312188168211,0.9107326551605898
0.779312188168211,0.9108469539375929
0.7798467569493942,0.9108469539375929
0.7798467569493942,0.9109612527145959
0.7800249465431219,0.9109612527145959
0.7800249465431219,0.911075551491599
0.7802031361368497,0.911075551491599
0.7802031361368497,0.9111898502686021
0.7807377049180327,0.9111898502686021
0.7807377049180327,0.9113041490456052
0.7810049893086244,0.9113041490456052
0.7810049893086244,0.9114184478226083
0.7810940841054882,0.9114184478226083
0.7810940841054882,0.9115327465996114
0.7818068424803991,0.9115327465996114
0.7818068424803991,0.9116470453766145
0.7820741268709908,0.9116470453766145
0.7820741268709908,0.9117613441536175
0.7827868852459017,0.9117613441536175
0.7827868852459017,0.9119899417076237
0.783856022808268,0.9119899417076237
0.783856022808268,0.9122185392616299
0.7843014967925873,0.9122185392616299
0.7843014967925873,0.912332838038633
0.7843905915894511,0.912332838038633
0.7843905915894511,0.912447136815636
0.7846578759800428,0.912447136815636
0.7846578759800428,0.9126757343696422
0.7849251603706343,0.9126757343696422
0.7849251603706343,0.9127900331466453
0.7850142551674982,0.9127900331466453
0.7850142551674982,0.9129043319236484
0.785103349964362,0.9130186307006515
0.785192444761226,0.9130186307006515
0.785192444761226,0.9131329294776546
0.7852815395580898,0.9131329294776546
0.7852815395580898,0.9132472282546577
0.7855488239486814,0.9132472282546577
0.7855488239486814,0.9134758258086638
0.7857270135424091,0.9134758258086638
0.7857270135424091,0.91370442336267
0.7859942979330007,0.91370442336267
0.7859942979330007,0.9139330209166762
0.7860833927298646,0.9139330209166762
0.7860833927298646,0.9141616184706823
0.7863506771204561,0.9141616184706823
0.7863506771204561,0.9142759172476854
0.7864397719173201,0.9142759172476854
0.7864397719173201,0.9143902160246885
0.7867961511047755,0.9143902160246885
0.7867961511047755,0.9146188135786947
0.7870634354953671,0.9146188135786947
0.7870634354953671,0.9147331123556978
0.7873307198859587,0.9147331123556978
0.7873307198859587,0.9149617099097039
0.7879543834640057,0.9149617099097039
0.7879543834640057,0.915076008686707
0.7882216678545972,0.915076008686707
0.7882216678545972,0.9151903074637101
0.7885780470420527,0.9151903074637101
0.7885780470420527,0.9153046062407132
0.7888453314326443,0.9153046062407132
0.7888453314326443,0.9154189050177163
0.7890235210263721,0.9154189050177163
0.7890235210263721,0.9155332037947194
0.7893799002138275,0.9155332037947194
0.7893799002138275,0.9156475025717224
0.7896471846044191,0.9156475025717224
0.7896471846044191,0.9157618013487255
0.7898253741981468,0.9157618013487255
0.7898253741981468,0.9158761001257286
0.7900035637918745,0.9158761001257286
0.7900035637918745,0.9159903989027317
0.7901817533856023,0.9159903989027317
0.7901817533856023,0.9162189964567379
0.7902708481824662,0.9162189964567379
0.7902708481824662,0.916333295233741
0.7905381325730577,0.916333295233741
0.7905381325730577,0.9166761915647502
0.7907163221667854,0.9166761915647502
0.7907163221667854,0.9167904903417533
0.7909836065573771,0.9167904903417533
0.7909836065573771,0.9169047891187564
0.7910727013542409,0.9169047891187564
0.7910727013542409,0.9170190878957595
0.7912508909479686,0.9170190878957595
0.7912508909479686,0.9171333866727626
0.7916072701354241,0.9171333866727626
0.7916072701354241,0.9174762830037718
0.7919636493228795,0.9174762830037718
0.7919636493228795,0.9175905817807749
0.7934782608695652,0.9175905817807749
0.7934782608695652,0.9178191793347811
0.7941019244476123,0.9178191793347811
0.7941019244476123,0.9179334781117842
0.7943692088382038,0.9179334781117842
0.7943692088382038,0.9181620756657903
0.7944583036350678,0.9181620756657903
0.7944583036350678,0.9182763744427934
0.7947255880256593,0.9182763744427934
0.7947255880256593,0.9183906732197965
0.794903777619387,0.9183906732197965
0.794903777619387,0.9185049719967996
0.7949928724162509,0.9185049719967996
0.7949928724162509,0.9187335695508058
0.7951710620099787,0.9187335695508058
0.7951710620099787,0.9188478683278088
0.7956165359942979,0.9188478683278088
0.7956165359942979,0.9189621671048119
0.7965965787598004,0.9189621671048119
0.7965965787598004,0.9191907646588181
0.7967747683535281,0.9191907646588181
0.7967747683535281,0.9195336609898274
0.7969529579472558,0.9195336609898274
0.7969529579472558,0.9196479597668304
0.7971311475409836,0.9196479597668304
0.7971311475409836,0.9197622585438335
0.7976657163221668,0.9197622585438335
0.7976657163221668,0.9198765573208366
0.7977548111190307,0.9198765573208366
0.7977548111190307,0.9199908560978397
0.7981111903064861,0.9199908560978397
0.7981111903064861,0.9201051548748428
0.79820028510335,0.9201051548748428
0.79820028510335,0.9202194536518459
0.7988239486813971,0.9202194536518459
0.7988239486813971,0.920448051205852
0.7992694226657163,0.920448051205852
0.7992694226657163,0.9205623499828551
0.7993585174625801,0.9205623499828551
0.7993585174625801,0.9206766487598582
0.800071275837491,0.9206766487598582
0.800071275837491,0.9207909475368613
0.8005167498218104,0.9207909475368613
0.8005167498218104,0.9209052463138644
0.8008731290092659,0.9209052463138644
0.8008731290092659,0.9211338438678706
0.8009622238061297,0.9211338438678706
0.8009622238061297,0.9213624414218767
0.8010513186029936,0.9213624414218767
0.8010513186029936,0.9214767401988798
0.8012295081967213,0.9214767401988798
0.8012295081967213,0.9215910389758829
0.8014076977904491,0.9215910389758829
0.8014076977904491,0.921705337752886
0.8014967925873129,0.921705337752886
0.8014967925873129,0.9218196365298891
0.8015858873841768,0.9218196365298891
0.8015858873841768,0.9219339353068923
0.8017640769779045,0.9219339353068923
0.8017640769779045,0.9220482340838954
0.8018531717747683,0.9220482340838954
0.8018531717747683,0.9221625328608984
0.8022986457590877,0.9221625328608984
0.8022986457590877,0.9223911304149046
0.8024768353528154,0.9223911304149046
0.8024768353528154,0.9225054291919077
0.802744119743407,0.9225054291919077
0.802744119743407,0.922848325522917
0.8029223093371347,0.922848325522917
0.8029223093371347,0.92296262429992
0.8030114041339986,0.92296262429992
0.8030114041339986,0.9230769230769231
0.8031895937277262,0.9230769230769231
0.8031895937277262,0.9233055206309293
0.803367783321454,0.9233055206309293
0.803367783321454,0.9234198194079324
0.8034568781183179,0.9234198194079324
0.8034568781183179,0.9235341181849355
0.8035459729151817,0.9235341181849355
0.8035459729151817,0.9236484169619386
0.8039023521026372,0.9236484169619386
0.8039023521026372,0.9239913132929478
0.8040805416963649,0.9239913132929478
0.8040805416963649,0.9243342096239571
0.8047933000712758,0.9243342096239571
0.8047933000712758,0.9245628071779632
0.8048823948681397,0.9245628071779632
0.8048823948681397,0.9246771059549663
0.8049714896650035,0.9246771059549663
0.8049714896650035,0.9247914047319694
0.8057733428367784,0.9247914047319694
0.8057733428367784,0.9249057035089725
0.8059515324305061,0.9249057035089725
0.8059515324305061,0.9250200022859756
0.8061297220242338,0.9250200022859756
0.8061297220242338,0.9252485998399818
0.8064861012116893,0.9252485998399818
0.8064861012116893,0.9253628986169848
0.8067533856022808,0.9253628986169848
0.8067533856022808,0.9254771973939879
0.8068424803991446,0.9254771973939879
0.8068424803991446,0.9259343925020003
0.8069315751960086,0.9259343925020003
0.8069315751960086,0.9260486912790034
0.8077334283677833,0.9260486912790034
0.8077334283677833,0.9261629900560064
0.8078225231646472,0.9261629900560064
0.8078225231646472,0.9263915876100126
0.807911617961511,0.9263915876100126
0.807911617961511,0.9266201851640188
0.8080007127583749,0.9266201851640188
0.8080007127583749,0.9267344839410219
0.8084461867426942,0.9267344839410219
0.8084461867426942,0.926848782718025
0.8087134711332858,0.926848782718025
0.8087134711332858,0.926963081495028
0.809871703492516,0.926963081495028
0.809871703492516,0.9270773802720311
0.8100498930862438,0.9270773802720311
0.8100498930862438,0.9271916790490342
0.8102280826799715,0.9271916790490342
0.8102280826799715,0.9273059778260373
0.8105844618674269,0.9273059778260373
0.8105844618674269,0.9275345753800435
0.8106735566642908,0.9275345753800435
0.8106735566642908,0.9276488741570466
0.8109408410548824,0.9276488741570466
0.8109408410548824,0.9278774717110527
0.8112081254454739,0.9278774717110527
0.8112081254454739,0.9279917704880558
0.8112972202423379,0.9279917704880558
0.8112972202423379,0.9281060692650589
0.8115645046329294,0.9281060692650589
0.8115645046329294,0.928220368042062
0.8122772630078403,0.928220368042062
0.8122772630078403,0.9283346668190651
0.8126336421952958,0.9283346668190651
0.8126336421952958,0.9286775631500743
0.8129009265858874,0.9286775631500743
0.8129009265858874,0.9287918619270774
0.8132573057733429,0.9287918619270774
0.8132573057733429,0.9289061607040805
0.8136136849607983,0.9289061607040805
0.8136136849607983,0.9290204594810836
0.8137027797576621,0.9290204594810836
0.8137027797576621,0.9291347582580867
0.8148610121168923,0.9291347582580867
0.8148610121168923,0.9292490570350898
0.8152173913043478,0.9292490570350898
0.8152173913043478,0.9293633558120928
0.8153955808980755,0.9293633558120928
0.8153955808980755,0.9294776545890959
0.8155737704918032,0.9294776545890959
0.8155737704918032,0.929591953366099
0.8156628652886672,0.929591953366099
0.8156628652886672,0.9299348496971083
0.8161974340698503,0.9299348496971083
0.8161974340698503,0.9300491484741114
0.8162865288667142,0.9300491484741114
0.8162865288667142,0.9301634472511144
0.8166429080541696,0.9301634472511144
0.8166429080541696,0.9302777460281175
0.8169101924447613,0.9302777460281175
0.8169101924447613,0.9303920448051206
0.8169992872416251,0.9303920448051206
0.8169992872416251,0.9306206423591268
0.8175338560228083,0.9306206423591268
0.8175338560228083,0.9307349411361299
0.8184248039914469,0.9307349411361299
0.8184248039914469,0.9310778374671391
0.8186920883820384,0.9310778374671391
0.8186920883820384,0.9313064350211453
0.8191375623663578,0.9313064350211453
0.8191375623663578,0.9315350325751515
0.8194939415538133,0.9315350325751515
0.8194939415538133,0.9316493313521546
0.8195830363506771,0.9316493313521546
0.8195830363506771,0.9319922276831638
0.8197612259444048,0.9319922276831638
0.8197612259444048,0.9321065264601669
0.8198503207412687,0.9321065264601669
0.8198503207412687,0.9324494227911762
0.8203848895224519,0.9324494227911762
0.8203848895224519,0.9326780203451823
0.8209194583036351,0.9326780203451823
0.8209194583036351,0.9329066178991885
0.8211867426942266,0.9329066178991885
0.8211867426942266,0.9330209166761916
0.8212758374910906,0.9330209166761916
0.8212758374910906,0.9331352154531947
0.8224340698503207,0.9331352154531947
0.8224340698503207,0.9332495142301978
0.8226122594440485,0.9332495142301978
0.8226122594440485,0.9333638130072008
0.8230577334283677,0.9333638130072008
0.8230577334283677,0.9334781117842039
0.8231468282252317,0.9334781117842039
0.8231468282252317,0.933592410561207
0.8234141126158232,0.933592410561207
0.8234141126158232,0.9337067093382101
0.8235923022095509,0.9337067093382101
0.8235923022095509,0.9338210081152132
0.8237704918032787,0.9338210081152132
0.8238595866001426,0.9339353068922163
0.8239486813970064,0.9339353068922163
0.8239486813970064,0.9343925020002286
0.8241268709907341,0.9343925020002286
0.8241268709907341,0.9345068007772317
0.8243050605844618,0.9345068007772317
0.8243050605844618,0.934849697108241
0.8243941553813258,0.934849697108241
0.8243941553813258,0.934963995885244
0.8247505345687812,0.934963995885244
0.8247505345687812,0.9350782946622471
0.824928724162509,0.9350782946622471
0.824928724162509,0.9351925934392502
0.8258196721311475,0.9351925934392502
0.8258196721311475,0.9354211909932564
0.8259087669280114,0.9354211909932564
0.8259087669280114,0.9355354897702595
0.8260869565217391,0.9355354897702595
0.8260869565217391,0.9356497885472626
0.8262651461154669,0.9356497885472626
0.8262651461154669,0.9357640873242656
0.8263542409123307,0.9357640873242656
0.8263542409123307,0.9361069836552749
0.8270669992872416,0.9361069836552749
0.8270669992872416,0.936221282432278
0.8276015680684248,0.936221282432278
0.8276015680684248,0.9363355812092811
0.8280470420527442,0.9363355812092811
0.8280470420527442,0.9364498799862842
0.8283143264433357,0.9364498799862842
0.8283143264433357,0.9365641787632872
0.8286707056307911,0.9365641787632872
0.8286707056307911,0.9366784775402903
0.8291161796151105,0.9366784775402903
0.8291161796151105,0.9369070750942965
0.8292052744119743,0.9369070750942965
0.8292052744119743,0.9371356726483027
0.8298289379900213,0.9371356726483027
0.8298289379900213,0.9372499714253058
0.830096222380613,0.9372499714253058
0.830096222380613,0.9373642702023088
0.8301853171774768,0.9373642702023088
0.8301853171774768,0.9377071665333181
0.8302744119743407,0.9377071665333181
0.8302744119743407,0.9378214653103212
0.8304526015680684,0.9378214653103212
0.8304526015680684,0.9379357640873243
0.83071988595866,0.9379357640873243
0.83071988595866,0.9381643616413304
0.8308089807555239,0.9381643616413304
0.8308089807555239,0.9383929591953366
0.8308980755523877,0.9383929591953366
0.8308980755523877,0.9385072579723397
0.8312544547398432,0.9385072579723397
0.8312544547398432,0.9386215567493428
0.8315217391304348,0.9386215567493428
0.8315217391304348,0.938850154303349
0.832056307911618,0.938850154303349
0.832056307911618,0.938964453080352
0.8323235923022095,0.938964453080352
0.8323235923022095,0.9390787518573551
0.8339272986457591,0.9390787518573551
0.8339272986457591,0.9391930506343582
0.8340163934426229,0.9391930506343582
0.8340163934426229,0.9394216481883644
0.8341945830363506,0.9394216481883644
0.8341945830363506,0.9395359469653675
0.8344618674269423,0.9395359469653675
0.8344618674269423,0.9401074408503829
0.8347291518175338,0.9401074408503829
0.8347291518175338,0.9403360384043891
0.8348182466143977,0.9403360384043891
0.8348182466143977,0.9404503371813921
0.8354419101924447,0.9404503371813921
0.8354419101924447,0.9405646359583952
0.8355310049893087,0.9405646359583952
0.8355310049893087,0.9406789347353983
0.8357091945830364,0.9406789347353983
0.8357091945830364,0.9407932335124014
0.8357982893799002,0.9407932335124014
0.8357982893799002,0.9409075322894045
0.8368674269422666,0.9409075322894045
0.8368674269422666,0.9410218310664076
0.8369565217391305,0.9410218310664076
0.8369565217391305,0.9412504286204137
0.8373129009265858,0.9412504286204137
0.8373129009265858,0.9413647273974168
0.8377583749109052,0.9413647273974168
0.8377583749109052,0.9414790261744199
0.8380256593014968,0.9414790261744199
0.8380256593014968,0.9417076237284261
0.8381147540983607,0.9417076237284261
0.8381147540983607,0.9418219225054292
0.8382038488952245,0.9418219225054292
0.8382038488952245,0.9419362212824323
0.8383820384889522,0.9419362212824323
0.8383820384889522,0.9420505200594353
0.8386493228795439,0.9420505200594353
0.8386493228795439,0.9421648188364384
0.8390057020669993,0.9421648188364384
0.8390057020669993,0.9422791176134415
0.839183891660727,0.9422791176134415
0.839183891660727,0.9425077151674477
0.8393620812544548,0.9425077151674477
0.8393620812544548,0.9426220139444508
0.8397184604419102,0.9426220139444508
0.8397184604419102,0.9427363127214539
0.839896650035638,0.9427363127214539
0.839896650035638,0.942850611498457
0.8404312188168211,0.942850611498457
0.8404312188168211,0.94296491027546
0.8407875980042766,0.94296491027546
0.8407875980042766,0.9430792090524631
0.8408766928011404,0.9430792090524631
0.8408766928011404,0.9431935078294662
0.8415003563791874,0.9431935078294662
0.8415003563791874,0.9433078066064693
0.8415894511760513,0.9433078066064693
0.8415894511760513,0.9434221053834724
0.8419458303635068,0.9434221053834724
0.8419458303635068,0.9435364041604755
0.8420349251603706,0.9435364041604755
0.8420349251603706,0.9437650017144816
0.8421240199572345,0.9437650017144816
0.8421240199572345,0.9439935992684878
0.8425694939415538,0.9439935992684878
0.8425694939415538,0.9441078980454909
0.8426585887384177,0.9441078980454909
0.8426585887384177,0.944222196822494
0.8428367783321454,0.944222196822494
0.8428367783321454,0.9443364955994971
0.843104062722737,0.9443364955994971
0.843104062722737,0.9444507943765001
0.8434604419101924,0.9444507943765001
0.8434604419101924,0.9445650931535032
0.8435495367070563,0.9445650931535032
0.8435495367070563,0.9446793919305063
0.8437277263007841,0.9446793919305063
0.8437277263007841,0.9447936907075094
0.8438168210976479,0.9447936907075094
0.8438168210976479,0.9449079894845125
0.844440484675695,0.9449079894845125
0.844440484675695,0.9450222882615156
0.8445295794725588,0.9450222882615156
0.8445295794725588,0.9451365870385187
0.8447077690662865,0.9451365870385187
0.8447077690662865,0.9453651845925248
0.8449750534568781,0.9453651845925248
0.8449750534568781,0.9454794833695279
0.8455096222380613,0.9454794833695279
0.8455096222380613,0.945593782146531
0.845687811831789,0.945593782146531
0.845687811831789,0.9457080809235341
0.8460441910192444,0.9457080809235341
0.8460441910192444,0.9458223797005372
0.8462223806129722,0.9458223797005372
0.8462223806129722,0.9460509772545433
0.8467569493941554,0.9460509772545433
0.8467569493941554,0.9462795748085495
0.8471133285816108,0.9462795748085495
0.8471133285816108,0.9466224711395588
0.8474697077690663,0.9466224711395588
0.8474697077690663,0.9467367699165619
0.8475588025659302,0.9467367699165619
0.8475588025659302,0.946851068693565
0.8493406985032074,0.946851068693565
0.8493406985032074,0.946965367470568
0.8494297933000713,0.946965367470568
0.8494297933000713,0.9470796662475711
0.8495188880969351,0.9470796662475711
0.8495188880969351,0.9471939650245742
0.849607982893799,0.9471939650245742
0.849607982893799,0.9474225625785804
0.8499643620812545,0.9474225625785804
0.8499643620812545,0.9475368613555835
0.850231646471846,0.9475368613555835
0.850231646471846,0.9478797576865927
0.8506771204561654,0.9478797576865927
0.8506771204561654,0.9481083552405989
0.8514789736279401,0.9481083552405989
0.8514789736279401,0.9483369527946051
0.8516571632216678,0.9483369527946051
0.8516571632216678,0.9485655503486112
0.8518353528153956,0.9485655503486112
0.8518353528153956,0.9486798491256143
0.8523699215965788,0.9486798491256143
0.8523699215965788,0.9487941479026174
0.8524590163934426,0.9487941479026174
0.8524590163934426,0.9490227454566236
0.8525481111903065,0.9490227454566236
0.8525481111903065,0.9491370442336267
0.8526372059871703,0.9491370442336267
0.8526372059871703,0.9493656417876328
0.852815395580898,0.9493656417876328
0.852815395580898,0.9494799405646359
0.8531717747683535,0.9494799405646359
0.8531717747683535,0.949594239341639
0.8536172487526729,0.949594239341639
0.8536172487526729,0.9497085381186421
0.8543300071275838,0.9497085381186421
0.8543300071275838,0.9500514344496513
0.8545972915181753,0.9500514344496513
0.8545972915181753,0.9501657332266544
0.855488239486814,0.9501657332266544
0.855488239486814,0.9502800320036575
0.8558446186742694,0.9502800320036575
0.8558446186742694,0.9503943307806606
0.856111903064861,0.9503943307806606
0.856111903064861,0.9506229283346668
0.8569137562366358,0.9506229283346668
0.8569137562366358,0.9507372271116699
0.8570028510334996,0.9507372271116699
0.8570028510334996,0.9508515258886729
0.8570919458303635,0.9508515258886729
0.8570919458303635,0.950965824665676
0.8576265146115467,0.950965824665676
0.8576265146115467,0.9510801234426791
0.8578047042052744,0.9510801234426791
0.8578047042052744,0.9511944222196822
0.8579828937990022,0.9511944222196822
0.8579828937990022,0.9513087209966853
0.8583392729864576,0.9513087209966853
0.8583392729864576,0.9514230197736884
0.8591411261582323,0.9514230197736884
0.8591411261582323,0.9515373185506915
0.859408410548824,0.9515373185506915
0.8595866001425517,0.9515373185506915
0.8599429793300071,0.9515373185506915
0.8599429793300071,0.9518802148817007
0.8602993585174625,0.9518802148817007
0.8602993585174625,0.9519945136587038
0.8604775481111903,0.9519945136587038
0.8604775481111903,0.9521088124357069
0.8611012116892374,0.9521088124357069
0.8611012116892374,0.95222311121271
0.8611903064861012,0.95222311121271
0.8611903064861012,0.9523374099897131
0.8614575908766928,0.9523374099897131
0.8614575908766928,0.9524517087667161
0.8615466856735566,0.9524517087667161
0.8615466856735566,0.9526803063207223
0.861992159657876,0.9526803063207223
0.861992159657876,0.9529089038747285
0.8620812544547398,0.9529089038747285
0.8620812544547398,0.9530232026517316
0.862615823235923,0.9530232026517316
0.862615823235923,0.9532518002057379
0.8630612972202424,0.9532518002057379
0.8630612972202424,0.9533660989827409
0.8633285816108339,0.9533660989827409
0.8633285816108339,0.9535946965367471
0.8634176764076978,0.9535946965367471
0.8634176764076978,0.9537089953137502
0.8638631503920171,0.9537089953137502
0.8638631503920171,0.9538232940907533
0.8646650035637918,0.9538232940907533
0.8646650035637918,0.9539375928677564
0.8650213827512473,0.9539375928677564
0.8650213827512473,0.9540518916447595
0.8651104775481112,0.9540518916447595
0.8651104775481112,0.9541661904217625
0.8656450463292944,0.9541661904217625
0.8656450463292944,0.9542804891987656
0.8659123307198859,0.9542804891987656
0.8659123307198859,0.9543947879757687
0.8660014255167499,0.9543947879757687
0.8660014255167499,0.9545090867527718
0.8668923734853885,0.9545090867527718
0.8668923734853885,0.9546233855297749
0.8675160370634355,0.9546233855297749
0.8675160370634355,0.954737684306778
0.8676051318602993,0.954737684306778
0.8676051318602993,0.954851983083781
0.8681397006414825,0.954851983083781
0.8681397006414825,0.9549662818607841
0.8684069850320741,0.9549662818607841
0.8684069850320741,0.9550805806377872
0.8685851746258019,0.9550805806377872
0.8685851746258019,0.9551948794147903
0.8686742694226657,0.9551948794147903
0.8686742694226657,0.9554234769687965
0.8687633642195296,0.9554234769687965
0.8687633642195296,0.9555377757457996
0.8689415538132573,0.9555377757457996
0.8689415538132573,0.9556520745228027
0.8690306486101211,0.9556520745228027
0.8690306486101211,0.9557663732998057
0.8693870277975766,0.9557663732998057
0.8693870277975766,0.9558806720768088
0.8703670705630792,0.9558806720768088
0.8703670705630792,0.9559949708538119
0.8707234497505346,0.9559949708538119
0.8707234497505346,0.9562235684078181
0.8713471133285816,0.9562235684078181
0.8713471133285816,0.9563378671848212
0.8716143977191732,0.9563378671848212
0.8716143977191732,0.9565664647388273
0.8719707769066286,0.9565664647388273
0.8719707769066286,0.9566807635158304
0.8721489665003563,0.9566807635158304
0.8721489665003563,0.9569093610698366
0.8728617248752673,0.9569093610698366
0.8728617248752673,0.9571379586238428
0.8731290092658589,0.9571379586238428
0.8731290092658589,0.9572522574008459
0.8734853884533144,0.9572522574008459
0.8734853884533144,0.9575951537318551
0.8737526728439059,0.9575951537318551
0.8737526728439059,0.9578237512858613
0.8741090520313614,0.9578237512858613
0.8741090520313614,0.9579380500628644
0.8742872416250891,0.9579380500628644
0.8742872416250891,0.9580523488398675
0.8746436208125445,0.9580523488398675
0.8746436208125445,0.9581666476168705
0.8747327156094085,0.9581666476168705
0.8747327156094085,0.9582809463938736
0.8750890947968638,0.9582809463938736
0.8750890947968638,0.9585095439478798
0.8752672843905915,0.9585095439478798
0.8752672843905915,0.9586238427248829
0.875623663578047,0.9586238427248829
0.875623663578047,0.958738141501886
0.8762473271560941,0.958738141501886
0.8762473271560941,0.958852440278889
0.8766928011404134,0.958852440278889
0.8766928011404134,0.9590810378328952
0.8770491803278688,0.9590810378328952
0.8770491803278688,0.9591953366098983
0.8771382751247327,0.9591953366098983
0.8771382751247327,0.9593096353869014
0.8774946543121882,0.9593096353869014
0.8774946543121882,0.9594239341639045
0.8777619387027797,0.9594239341639045
0.8777619387027797,0.9596525317179107
0.8784746970776907,0.9596525317179107
0.8784746970776907,0.9597668304949137
0.8787419814682823,0.9597668304949137
0.8787419814682823,0.9598811292719168
0.8789201710620099,0.9598811292719168
0.8789201710620099,0.9599954280489199
0.8792765502494654,0.9599954280489199
0.8792765502494654,0.960109726825923
0.8799893086243763,0.960109726825923
0.8799893086243763,0.9602240256029261
0.880167498218104,0.9602240256029261
0.880167498218104,0.9603383243799292
0.8803456878118318,0.9603383243799292
0.8803456878118318,0.9605669219339353
0.8807911617961511,0.9605669219339353
0.8807911617961511,0.9606812207109384
0.8808802565930149,0.9606812207109384
0.8808802565930149,0.9607955194879415
0.8812366357804704,0.9607955194879415
0.8812366357804704,0.9609098182649446
0.8816821097647898,0.9609098182649446
0.8816821097647898,0.9610241170419477
0.882751247327156,0.9610241170419477
0.8829294369208838,0.9610241170419477
0.8833749109052031,0.9610241170419477
0.8833749109052031,0.9611384158189508
0.8839094796863863,0.9611384158189508
0.8839094796863863,0.9612527145959538
0.8839985744832501,0.9612527145959538
0.8839985744832501,0.9613670133729569
0.8840876692801141,0.9613670133729569
0.8840876692801141,0.96148131214996
0.8845331432644333,0.96148131214996
0.8845331432644333,0.9618242084809693
0.8846222380612973,0.9618242084809693
0.8846222380612973,0.9619385072579724
0.8848895224518888,0.9619385072579724
0.8848895224518888,0.9620528060349754
0.8849786172487527,0.9620528060349754
0.8849786172487527,0.9621671048119785
0.8852459016393442,0.9621671048119785
0.8852459016393442,0.9622814035889816
0.885424091233072,0.9622814035889816
0.885424091233072,0.9623957023659847
0.8860477548111191,0.9623957023659847
0.8860477548111191,0.9625100011429878
0.8864932287954383,0.9625100011429878
0.8864932287954383,0.962738598696994
0.8869387027797576,0.962738598696994
0.8869387027797576,0.962852897473997
0.887384176764077,0.962852897473997
0.887384176764077,0.9629671962510001
0.8874732715609408,0.9629671962510001
0.8874732715609408,0.9630814950280032
0.8875623663578047,0.9630814950280032
0.8875623663578047,0.9631957938050063
0.8876514611546685,0.9631957938050063
0.8876514611546685,0.9633100925820094
0.888007840342124,0.9633100925820094
0.888007840342124,0.9635386901360156
0.8881860299358517,0.9635386901360156
0.8881860299358517,0.9637672876900217
0.8892551674982181,0.9637672876900217
0.8892551674982181,0.9639958852440279
0.8895224518888097,0.9639958852440279
0.8895224518888097,0.964110184021031
0.889967925873129,0.964110184021031
0.889967925873129,0.9642244827980341
0.8903243050605845,0.9642244827980341
0.8903243050605845,0.9643387815750372
0.890591589451176,0.9643387815750372
0.890591589451176,0.9645673791290433
0.8907697790449037,0.9645673791290433
0.8907697790449037,0.9646816779060464
0.8918389166072701,0.9646816779060464
0.8918389166072701,0.9649102754600526
0.8922843905915895,0.9649102754600526
0.8922843905915895,0.9650245742370557
0.8924625801853172,0.9650245742370557
0.8924625801853172,0.9651388730140588
0.892551674982181,0.9651388730140588
0.892551674982181,0.9653674705680649
0.8933535281539559,0.9653674705680649
0.8933535281539559,0.965481769345068
0.8937990021382751,0.965481769345068
0.8937990021382751,0.9657103668990742
0.893888096935139,0.9657103668990742
0.893888096935139,0.9658246656760773
0.8940662865288667,0.9658246656760773
0.8940662865288667,0.9659389644530804
0.8942444761225944,0.9659389644530804
0.8942444761225944,0.9660532632300834
0.8944226657163221,0.9660532632300834
0.8944226657163221,0.9661675620070865
0.8947790449037776,0.9661675620070865
0.8947790449037776,0.9662818607840896
0.8948681397006415,0.9662818607840896
0.8948681397006415,0.9663961595610927
0.8950463292943692,0.9663961595610927
0.8950463292943692,0.9665104583380958
0.895224518888097,0.9665104583380958
0.895224518888097,0.9666247571150989
0.895848182466144,0.9666247571150989
0.895848182466144,0.966739055892102
0.8962045616535994,0.966739055892102
0.8962045616535994,0.966853354669105
0.8965609408410549,0.966853354669105
0.8965609408410549,0.9669676534461081
0.8972736992159658,0.9669676534461081
0.8972736992159658,0.9671962510001143
0.8973627940128297,0.9671962510001143
0.8973627940128297,0.9674248485541205
0.8974518888096935,0.9674248485541205
0.8974518888096935,0.9675391473311236
0.8976300784034212,0.9675391473311236
0.8976300784034212,0.9676534461081266
0.8978973627940128,0.9676534461081266
0.8978973627940128,0.9678820436621328
0.8979864575908767,0.9678820436621328
0.8979864575908767,0.9679963424391359
0.8980755523877405,0.9679963424391359
0.8980755523877405,0.9683392387701452
0.8983428367783322,0.9683392387701452
0.8983428367783322,0.9685678363241513
0.8989665003563792,0.9685678363241513
0.8989665003563792,0.9686821351011544
0.8990555951532431,0.9686821351011544
0.8990555951532431,0.9689107326551606
0.8993228795438346,0.9689107326551606
0.8993228795438346,0.9690250314321637
0.900392017106201,0.9690250314321637
0.900392017106201,0.9691393302091668
0.9005702066999287,0.9691393302091668
0.9005702066999287,0.9693679277631729
0.9007483962936564,0.9693679277631729
0.9007483962936564,0.969482226540176
0.9010156806842481,0.969482226540176
0.9010156806842481,0.9695965253171791
0.9012829650748396,0.9695965253171791
0.9012829650748396,0.9697108240941822
0.9014611546685674,0.9697108240941822
0.9014611546685674,0.9699394216481884
0.9017284390591589,0.9699394216481884
0.9017284390591589,0.9701680192021945
0.9019957234497505,0.9701680192021945
0.9019957234497505,0.9702823179791976
0.9034212401995724,0.9702823179791976
0.9034212401995724,0.9703966167562007
0.9035103349964362,0.9703966167562007
0.9035103349964362,0.9705109155332038
0.9038667141838916,0.9705109155332038
0.9038667141838916,0.9706252143102069
0.9039558089807556,0.9706252143102069
0.9039558089807556,0.97073951308721
0.9041339985744833,0.97073951308721
0.9041339985744833,0.970853811864213
0.9042230933713471,0.970853811864213
0.9042230933713471,0.9709681106412161
0.9044012829650748,0.9709681106412161
0.9044012829650748,0.9710824094182192
0.904935851746258,0.9710824094182192
0.904935851746258,0.9711967081952223
0.9060940841054882,0.9711967081952223
0.9060940841054882,0.9713110069722254
0.9061831789023521,0.9713110069722254
0.9061831789023521,0.9714253057492285
0.9065395580898076,0.9714253057492285
0.9065395580898076,0.9715396045262316
0.9066286528866714,0.9715396045262316
0.9066286528866714,0.9716539033032346
0.9067177476835353,0.9716539033032346
0.9067177476835353,0.9717682020802377
0.9070741268709908,0.9717682020802377
0.9070741268709908,0.9718825008572408
0.9076977904490378,0.9718825008572408
0.9076977904490378,0.9719967996342439
0.9077868852459017,0.9719967996342439
0.9077868852459017,0.972111098411247
0.9079650748396294,0.972111098411247
0.9079650748396294,0.9723396959652532
0.9081432644333571,0.9723396959652532
0.9081432644333571,0.9724539947422562
0.9084996436208126,0.9724539947422562
0.9084996436208126,0.9725682935192593
0.9085887384176764,0.9725682935192593
0.9085887384176764,0.9726825922962624
0.908856022808268,0.9726825922962624
0.908856022808268,0.9729111898502686
0.9093905915894511,0.9729111898502686
0.9093905915894511,0.9730254886272717
0.9095687811831789,0.9730254886272717
0.9095687811831789,0.9731397874042748
0.9097469707769066,0.9731397874042748
0.9097469707769066,0.9732540861812778
0.910103349964362,0.9732540861812778
0.910103349964362,0.9733683849582809
0.910192444761226,0.9733683849582809
0.910192444761226,0.973482683735284
0.9102815395580898,0.973482683735284
0.9102815395580898,0.9738255800662933
0.9104597291518175,0.9738255800662933
0.9104597291518175,0.9739398788432964
0.9106379187455452,0.9739398788432964
0.9106379187455452,0.9740541776202994
0.9109052031361369,0.9740541776202994
0.9109052031361369,0.9742827751743056
0.9126870990734142,0.9742827751743056
0.9126870990734142,0.9743970739513087
0.9128652886671419,0.9743970739513087
0.9128652886671419,0.9746256715053149
0.9130434782608695,0.9746256715053149
0.9130434782608695,0.974739970282318
0.9133107626514612,0.974739970282318
0.9133107626514612,0.974854269059321
0.9142017106200998,0.974854269059321
0.9142017106200998,0.9749685678363241
0.9144689950106913,0.9749685678363241
0.9144689950106913,0.9754257629443365
0.914736279401283,0.9754257629443365
0.914736279401283,0.9758829580523488
0.9149144689950107,0.9758829580523488
0.9149144689950107,0.976111555606355
0.9150926585887385,0.976111555606355
0.9150926585887385,0.9762258543833581
0.91535994297933,0.9762258543833581
0.91535994297933,0.9764544519373642
0.9154490377761939,0.9764544519373642
0.9154490377761939,0.9765687507143673
0.9156272273699216,0.9765687507143673
0.9156272273699216,0.9766830494913704
0.9162508909479686,0.9766830494913704
0.9162508909479686,0.9770259458223797
0.9164290805416964,0.9770259458223797
0.9164290805416964,0.9771402445993828
0.9165181753385603,0.9771402445993828
0.9165181753385603,0.9772545433763858
0.9166072701354241,0.9772545433763858
0.9166072701354241,0.9773688421533889
0.9172309337134711,0.9773688421533889
0.9172309337134711,0.977483140930392
0.9177655024946543,0.977483140930392
0.9177655024946543,0.9775974397073951
0.9180327868852459,0.9775974397073951
0.9180327868852459,0.9777117384843982
0.9188346400570206,0.9777117384843982
0.9188346400570206,0.9778260372614013
0.9194583036350678,0.9778260372614013
0.9194583036350678,0.9779403360384044
0.9197255880256593,0.9779403360384044
0.9197255880256593,0.9780546348154074
0.9201710620099787,0.9780546348154074
0.9201710620099787,0.9781689335924105
0.9202601568068425,0.9781689335924105
0.9202601568068425,0.9782832323694136
0.9212401995723449,0.9782832323694136
0.9212401995723449,0.9783975311464167
0.921863863150392,0.9783975311464167
0.921863863150392,0.9785118299234198
0.922576621525303,0.9785118299234198
0.922576621525303,0.978740427477426
0.9229330007127584,0.978740427477426
0.9229330007127584,0.978854726254429
0.9233784746970777,0.978854726254429
0.9233784746970777,0.9789690250314321
0.9236457590876693,0.9789690250314321
0.9236457590876693,0.9790833238084352
0.9237348538845331,0.9790833238084352
0.9237348538845331,0.9791976225854383
0.9239130434782609,0.9791976225854383
0.9239130434782609,0.9793119213624414
0.9240912330719886,0.9793119213624414
0.9240912330719886,0.9794262201394445
0.9243585174625801,0.9794262201394445
0.9243585174625801,0.9795405189164476
0.924447612259444,0.9795405189164476
0.924447612259444,0.9796548176934506
0.9248930862437633,0.9796548176934506
0.9248930862437633,0.9798834152474568
0.92712045616536,0.9798834152474568
0.92712045616536,0.9799977140244599
0.9272986457590877,0.9799977140244599
0.9272986457590877,0.980112012801463
0.9288132573057734,0.980112012801463
0.9288132573057734,0.9802263115784661
0.9291696364932288,0.9802263115784661
0.9291696364932288,0.9803406103554692
0.9297933000712758,0.9803406103554692
0.9297933000712758,0.9804549091324722
0.9302387740555952,0.9804549091324722
0.9302387740555952,0.9806835066864784
0.930327868852459,0.9806835066864784
0.930327868852459,0.9810264030174877
0.9305060584461867,0.9810264030174877
0.9305060584461867,0.9811407017944908
0.9308624376336422,0.9811407017944908
0.9308624376336422,0.9812550005714938
0.9309515324305061,0.9812550005714938
0.9309515324305061,0.9813692993484969
0.9313970064148254,0.9813692993484969
0.9313970064148254,0.9814835981255
0.9315751960085531,0.9814835981255
0.9315751960085531,0.9815978969025031
0.9321097647897363,0.9815978969025031
0.9321097647897363,0.9818264944565093
0.9324661439771917,0.9818264944565093
0.9324661439771917,0.9826265858955309
0.9326443335709195,0.9826265858955309
0.9326443335709195,0.982740884672534
0.9327334283677833,0.982740884672534
0.9327334283677833,0.982855183449537
0.9330007127583749,0.982855183449537
0.9330007127583749,0.9829694822265401
0.9337134711332858,0.9829694822265401
0.9337134711332858,0.9830837810035432
0.9338916607270136,0.9830837810035432
0.9338916607270136,0.9831980797805463
0.9339807555238774,0.9831980797805463
0.9339807555238774,0.9833123785575494
0.9344262295081968,0.9833123785575494
0.9344262295081968,0.9834266773345525
0.9345153243050606,0.9834266773345525
0.9345153243050606,0.9835409761115556
0.9346044191019245,0.9835409761115556
0.9346044191019245,0.9836552748885586
0.934871703492516,0.9836552748885586
0.934871703492516,0.9838838724425648
0.93496079828938,0.9838838724425648
0.93496079828938,0.984112469996571
0.9351389878831077,0.984112469996571
0.9351389878831077,0.9842267687735741
0.9358517462580185,0.9842267687735741
0.9358517462580185,0.9843410675505772
0.9362081254454739,0.9843410675505772
0.9362081254454739,0.9844553663275804
0.9366535994297933,0.9844553663275804
0.9366535994297933,0.9845696651045834
0.9367426942266571,0.9845696651045834
0.9367426942266571,0.9846839638815865
0.936831789023521,0.9846839638815865
0.936831789023521,0.9847982626585896
0.9376336421952958,0.9847982626585896
0.9376336421952958,0.9850268602125958
0.9377227369921597,0.9850268602125958
0.9377227369921597,0.9851411589895989
0.9382573057733429,0.9851411589895989
0.9382573057733429,0.985369756543605
0.9385245901639344,0.985369756543605
0.9385245901639344,0.9854840553206081
0.9387918745545261,0.9854840553206081
0.9387918745545261,0.9855983540976112
0.9392373485388453,0.9855983540976112
0.9392373485388453,0.9858269516516174
0.9399501069137562,0.9858269516516174
0.9399501069137562,0.9859412504286205
0.9403064861012117,0.9859412504286205
0.9403064861012117,0.9860555492056235
0.9404846756949394,0.9860555492056235
0.9404846756949394,0.9861698479826266
0.9411974340698503,0.9861698479826266
0.9411974340698503,0.9862841467596297
0.9413756236635781,0.9862841467596297
0.9413756236635781,0.9867413418676421
0.9414647184604419,0.9867413418676421
0.9414647184604419,0.9869699394216482
0.9419992872416251,0.9869699394216482
0.9419992872416251,0.9870842381986513
0.942712045616536,0.9870842381986513
0.942712045616536,0.9871985369756544
0.9428902352102637,0.9871985369756544
0.9428902352102637,0.9873128357526575
0.9444048467569494,0.9873128357526575
0.9444048467569494,0.9875414333066637
0.9448503207412687,0.9875414333066637
0.9448503207412687,0.9877700308606698
0.9451176051318603,0.9877700308606698
0.9451176051318603,0.9878843296376729
0.9458303635067712,0.9878843296376729
0.9458303635067712,0.987998628414676
0.9477013542409123,0.987998628414676
0.9477013542409123,0.9881129271916791
0.94787954383464,0.9881129271916791
0.94787954383464,0.9882272259686822
0.949839629365645,0.9882272259686822
0.949928724162509,0.9883415247456853
0.950552387740556,0.9883415247456853
0.950552387740556,0.9884558235226883
0.9506414825374199,0.9884558235226883
0.9506414825374199,0.9885701222996914
0.9507305773342837,0.9885701222996914
0.9507305773342837,0.9886844210766945
0.9509978617248752,0.9886844210766945
0.9509978617248752,0.9887987198536976
0.9512651461154669,0.9887987198536976
0.9512651461154669,0.9889130186307007
0.9527797576621525,0.9889130186307007
0.9527797576621525,0.9890273174077038
0.9529579472558802,0.9890273174077038
0.9529579472558802,0.9891416161847069
0.9533143264433357,0.9891416161847069
0.9533143264433357,0.98925591496171
0.9540270848182466,0.98925591496171
0.9540270848182466,0.989370213738713
0.9542052744119743,0.989370213738713
0.9542052744119743,0.9894845125157161
0.9548289379900213,0.9894845125157161
0.9548289379900213,0.9895988112927192
0.9552744119743407,0.9895988112927192
0.9552744119743407,0.9897131100697223
0.9554526015680684,0.9897131100697223
0.9554526015680684,0.9898274088467254
0.9561653599429794,0.9898274088467254
0.9561653599429794,0.9900560064007315
0.9564326443335709,0.9900560064007315
0.9564326443335709,0.9901703051777346
0.9569672131147541,0.9901703051777346
0.9569672131147541,0.9902846039547377
0.9575017818959373,0.9902846039547377
0.9575017818959373,0.9903989027317408
0.9584818246614397,0.9903989027317408
0.9584818246614397,0.9905132015087439
0.9589272986457591,0.9905132015087439
0.9589272986457591,0.990627500285747
0.9594618674269423,0.990627500285747
0.9594618674269423,0.9907417990627501
0.9597291518175338,0.9907417990627501
0.9597291518175338,0.9908560978397531
0.9599073414112615,0.9908560978397531
0.9599073414112615,0.9909703966167562
0.9609764789736279,0.9909703966167562
0.9609764789736279,0.9910846953937593
0.9618674269422666,0.9910846953937593
0.9618674269422666,0.9911989941707624
0.9620456165359943,0.9911989941707624
0.9620456165359943,0.9913132929477655
0.9621347113328581,0.9913132929477655
0.9621347113328581,0.9914275917247686
0.9624019957234498,0.9914275917247686
0.9624019957234498,0.9915418905017717
0.9624910905203136,0.9916561892787747
0.9625801853171775,0.9916561892787747
0.9625801853171775,0.9917704880557778
0.9627583749109052,0.9917704880557778
0.9627583749109052,0.9918847868327809
0.9630256593014968,0.9918847868327809
0.9630256593014968,0.991999085609784
0.9638275124732716,0.991999085609784
0.9638275124732716,0.9921133843867871
0.9640947968638631,0.9921133843867871
0.9640947968638631,0.9922276831637902
0.964807555238774,0.9922276831637902
0.964807555238774,0.9923419819407933
0.9663221667854597,0.9923419819407933
0.9663221667854597,0.9924562807177963
0.9665003563791874,0.9924562807177963
0.9665003563791874,0.9925705794947994
0.9670349251603706,0.9925705794947994
0.9670349251603706,0.9927991770488056
0.9671240199572345,0.9927991770488056
0.9671240199572345,0.9929134758258087
0.9680149679258732,0.9929134758258087
0.9680149679258732,0.9930277746028118
0.9682822523164647,0.9930277746028118
0.9682822523164647,0.9931420733798149
0.9689059158945118,0.9931420733798149
0.9689059158945118,0.993256372156818
0.969440484675695,0.993256372156818
0.969440484675695,0.993370670933821
0.9705096222380613,0.993370670933821
0.9705096222380613,0.9934849697108241
0.9710441910192444,0.9934849697108241
0.9710441910192444,0.9937135672648303
0.9714896650035638,0.9937135672648303
0.9714896650035638,0.9938278660418334
0.9719351389878831,0.9938278660418334
0.9719351389878831,0.9939421648188365
0.9725588025659302,0.9939421648188365
0.9725588025659302,0.9941707623728426
0.9732715609408411,0.9941707623728426
0.9732715609408411,0.9942850611498457
0.9740734141126158,0.9942850611498457
0.9740734141126158,0.9943993599268488
0.9741625089094796,0.9943993599268488
0.9741625089094796,0.9945136587038519
0.9746970776906628,0.9945136587038519
0.9746970776906628,0.994627957480855
0.9763007840342124,0.994627957480855
0.9763007840342124,0.9951994513658704
0.9768353528153956,0.9951994513658704
0.9768353528153956,0.9954280489198766
0.9771026372059872,0.9954280489198766
0.9771026372059872,0.9955423476968797
0.9788845331432644,0.9955423476968797
0.9788845331432644,0.9957709452508858
0.979151817533856,0.9957709452508858
0.979151817533856,0.9958852440278889
0.9796863863150392,0.9958852440278889
0.9796863863150392,0.995999542804892
0.9800427655024947,0.995999542804892
0.9800427655024947,0.9961138415818951
0.9814682822523164,0.9961138415818951
0.9814682822523164,0.9962281403588982
0.9823592302209551,0.9962281403588982
0.9823592302209551,0.9963424391359013
0.9827156094084105,0.9963424391359013
0.9827156094084105,0.9964567379129043
0.9835174625801854,0.9964567379129043
0.9835174625801854,0.9965710366899074
0.9838738417676408,0.9965710366899074
0.9838738417676408,0.9966853354669105
0.984408410548824,0.9966853354669105
0.984408410548824,0.9967996342439136
0.9853884533143265,0.9967996342439136
0.9853884533143265,0.9969139330209167
0.985655737704918,0.9969139330209167
0.985655737704918,0.9971425305749229
0.9858339272986457,0.9971425305749229
0.9858339272986457,0.9972568293519259
0.9864575908766928,0.9972568293519259
0.9864575908766928,0.997371128128929
0.9865466856735566,0.997371128128929
0.9865466856735566,0.9974854269059321
0.9867248752672844,0.9974854269059321
0.9867248752672844,0.9977140244599383
0.9874376336421953,0.9977140244599383
0.9874376336421953,0.9979426220139445
0.9900213827512473,0.9979426220139445
0.9900213827512473,0.9981712195679506
0.9904668567355667,0.9981712195679506
0.9904668567355667,0.9982855183449537
0.9909123307198859,0.9982855183449537
0.9909123307198859,0.9983998171219568
0.9910014255167499,0.9983998171219568
0.9910014255167499,0.9985141158989599
0.9918032786885246,0.9985141158989599
0.9918032786885246,0.998628414675963
0.9935851746258019,0.998628414675963
0.9935851746258019,0.9988570122299691
0.9938524590163934,0.9988570122299691
0.9938524590163934,0.9989713110069722
0.9962580185317177,0.9989713110069722
0.9962580185317177,0.9990856097839753
0.9984853884533144,0.9990856097839753
0.9984853884533144,0.9991999085609784
0.9989308624376336,0.9991999085609784
0.9989308624376336,0.9993142073379815
0.9990199572344975,0.9993142073379815
0.9990199572344975,0.9995428048919877
0.9991090520313614,0.9995428048919877
0.9991090520313614,0.9996571036689907
0.9998218104062723,0.9996571036689907
0.9998218104062723,0.9998857012229969
1.0,0.9998857012229969
1.0,1.0
