fpr,tpr
0.0,0.0
0.0,0.00011429877700308607
0.0,0.0058292376271573895
8.909479686386316e-05,0.0058292376271573895
8.909479686386316e-05,0.01188707280832095
0.0001781895937277263,0.01188707280832095
0.0001781895937277263,0.026631615041719053
0.00026728439059158947,0.026631615041719053
0.00026728439059158947,0.047891187564293065
0.0003563791874554526,0.047891187564293065
0.0003563791874554526,0.06000685792662019
0.0004454739843193158,0.06000685792662019
0.0004454739843193158,0.06377871756772202
0.0005345687811831789,0.06377871756772202
0.0005345687811831789,0.06457880900674363
0.0006236635780470421,0.06457880900674363
0.0006236635780470421,0.06732197965481769
0.0007127583749109052,0.06732197965481769
0.0007127583749109052,0.06777917476283003
0.0008018531717747684,0.06777917476283003
0.0008018531717747684,0.07349411361298434
0.0008909479686386316,0.07349411361298434
0.0008909479686386316,0.08138072922619728
0.0009800427655024947,0.08138072922619728
0.0009800427655024947,0.08423819865127444
0.0010691375623663579,0.08423819865127444
0.0010691375623663579,0.08892444850840096
0.001158232359230221,0.08892444850840096
0.001158232359230221,0.09646816779060464
0.0012473271560940842,0.09646816779060464
0.0012473271560940842,0.09749685678363242
0.0013364219529579473,0.09749685678363242
0.0013364219529579473,0.0984112469996571
0.0014255167498218105,0.0984112469996571
0.0014255167498218105,0.09909703966167561
0.0015146115466856736,0.09909703966167561
0.0015146115466856736,0.100925820093725
0.0016037063435495368,0.100925820093725
0.0016037063435495368,0.10481197851182993
0.0016928011404134,0.10481197851182993
0.0016928011404134,0.10881243570693794
0.001781895937277263,0.10881243570693794
0.001781895937277263,0.10904103326094411
0.0018709907341411263,0.10904103326094411
0.0018709907341411263,0.11292719167904904
0.0019600855310049894,0.11292719167904904
0.0019600855310049894,0.1131557892330552
0.0021382751247327157,0.1131557892330552
0.0021382751247327157,0.11349868556406446
0.002227369921596579,0.11349868556406446
0.002227369921596579,0.11384158189507372
0.002316464718460442,0.11384158189507372
0.002316464718460442,0.12035661218424963
0.002405559515324305,0.12035661218424963
0.002405559515324305,0.12607155103440393
0.0024946543121881683,0.12607155103440393
0.0024946543121881683,0.126185849811407
0.0025837491090520315,0.126185849811407
0.0025837491090520315,0.12664304491941936
0.0026728439059158947,0.12664304491941936
0.0026728439059158947,0.12732883758143787
0.002761938702779758,0.12732883758143787
0.002761938702779758,0.12950051434449653
0.002851033499643621,0.12950051434449653
0.002851033499643621,0.13178648988455824
0.002940128296507484,0.13178648988455824
0.002940128296507484,0.13487255686364155
0.0030292230933713473,0.13487255686364155
0.0030292230933713473,0.13624414218767858
0.0032074126870990736,0.13624414218767858
0.0032074126870990736,0.13933020916676192
0.0033856022808268,0.13933020916676192
0.0033856022808268,0.14321636758486683
0.003474697077690663,0.14321636758486683
0.003474697077690663,0.1442450565778946
0.003563791874554526,0.1442450565778946
0.003563791874554526,0.14813121499599954
0.0036528866714183894,0.14813121499599954
0.0036528866714183894,0.14973139787404274
0.0037419814682822525,0.14973139787404274
0.0037419814682822525,0.14984569665104583
0.0038310762651461157,0.14984569665104583
0.0038310762651461157,0.1541890501771631
0.003920171062009979,0.1541890501771631
0.003920171062009979,0.15704651960224025
0.0040092658588738415,0.15704651960224025
0.0040092658588738415,0.15716081837924334
0.004098360655737705,0.15716081837924334
0.004098360655737705,0.1589895988112927
0.004187455452601568,0.1589895988112927
0.004187455452601568,0.16024688535832668
0.0042765502494654314,0.16024688535832668
0.0042765502494654314,0.1616184706823637
0.004365645046329294,0.1616184706823637
0.004365645046329294,0.1625328608983884
0.004454739843193158,0.1625328608983884
0.004454739843193158,0.16550462910046862
0.0045438346400570205,0.16550462910046862
0.0045438346400570205,0.16584752543147788
0.004632929436920884,0.16584752543147788
0.004632929436920884,0.16744770830952108
0.004722024233784747,0.16744770830952108
0.004722024233784747,0.16767630586352725
0.00481111903064861,0.16767630586352725
0.00481111903064861,0.1683620985255458
0.004900213827512473,0.1683620985255458
0.004900213827512473,0.16859069607955196
0.004989308624376337,0.16859069607955196
0.004989308624376337,0.16973368384958282
0.005167498218104063,0.16973368384958282
0.005167498218104063,0.17121956795062293
0.005256593014967926,0.17121956795062293
0.005256593014967926,0.17247685449765687
0.005345687811831789,0.17247685449765687
0.005345687811831789,0.1738484398216939
0.005434782608695652,0.1738484398216939
0.005434782608695652,0.17510572636872784
0.005523877405559516,0.17510572636872784
0.005523877405559516,0.17613441536175564
0.005612972202423378,0.17613441536175564
0.005612972202423378,0.17624871413875873
0.005791161796151105,0.17624871413875873
0.005791161796151105,0.17704880557778033
0.005969351389878831,0.17704880557778033
0.005969351389878831,0.17864898845582353
0.0060584461867426945,0.17864898845582353
0.0060584461867426945,0.1788775860098297
0.006147540983606557,0.1788775860098297
0.006147540983606557,0.17944907989484513
0.006236635780470421,0.17944907989484513
0.006236635780470421,0.18059206766487598
0.006325730577334284,0.18059206766487598
0.006325730577334284,0.18104926277288833
0.00650392017106201,0.18104926277288833
0.00650392017106201,0.18173505543490684
0.0065930149679258735,0.18173505543490684
0.0065930149679258735,0.1828780432049377
0.006682109764789736,0.1828780432049377
0.006682109764789736,0.184592524859984
0.0067712045616536,0.184592524859984
0.0067712045616536,0.1847068236369871
0.0068602993585174625,0.1847068236369871
0.0068602993585174625,0.18607840896102412
0.006949394155381326,0.18607840896102412
0.006949394155381326,0.18676420162304264
0.007038488952245189,0.18676420162304264
0.007038488952245189,0.1871070979540519
0.007127583749109052,0.1871070979540519
0.007127583749109052,0.18744999428506115
0.007216678545972915,0.18744999428506115
0.007216678545972915,0.18905017716310435
0.007305773342836779,0.18905017716310435
0.007305773342836779,0.18962167104811978
0.0073948681397006414,0.18962167104811978
0.0073948681397006414,0.18973596982512286
0.007483962936564505,0.18973596982512286
0.007483962936564505,0.19065036004114755
0.007573057733428368,0.19065036004114755
0.007573057733428368,0.1929363355812093
0.007662152530292231,0.1929363355812093
0.007662152530292231,0.19510801234426792
0.007751247327156094,0.19510801234426792
0.007751247327156094,0.1968224939993142
0.007840342124019958,0.1968224939993142
0.007840342124019958,0.19716539033032346
0.00792943692088382,0.19716539033032346
0.00792943692088382,0.20013715853240371
0.008018531717747683,0.20013715853240371
0.008018531717747683,0.2002514573094068
0.00819672131147541,0.2002514573094068
0.00819672131147541,0.20070865241741914
0.008285816108339273,0.20070865241741914
0.008285816108339273,0.2009372499714253
0.008374910905203136,0.2009372499714253
0.008374910905203136,0.20128014630243457
0.008464005702066998,0.20128014630243457
0.008464005702066998,0.20162304263344383
0.008553100498930863,0.20162304263344383
0.008553100498930863,0.20185164018745
0.008642195295794726,0.20185164018745
0.008642195295794726,0.20208023774145617
0.008731290092658588,0.20208023774145617
0.008731290092658588,0.20219453651845926
0.008820384889522451,0.20219453651845926
0.008820384889522451,0.2033375242884901
0.008909479686386316,0.2033375242884901
0.008909479686386316,0.2041376157275117
0.008998574483250178,0.2041376157275117
0.008998574483250178,0.20448051205852097
0.009087669280114041,0.20448051205852097
0.009087669280114041,0.20550920105154874
0.009176764076977904,0.20550920105154874
0.009176764076977904,0.21065264601668762
0.009265858873841768,0.21065264601668762
0.009265858873841768,0.21122413990170305
0.00935495367070563,0.21122413990170305
0.00935495367070563,0.2123671276717339
0.009444048467569494,0.2123671276717339
0.009444048467569494,0.21351011544176476
0.009533143264433356,0.21351011544176476
0.009533143264433356,0.21385301177277402
0.00962223806129722,0.21385301177277402
0.00962223806129722,0.2147674019887987
0.009711332858161083,0.2147674019887987
0.009711332858161083,0.21488170076580182
0.009800427655024946,0.21488170076580182
0.009800427655024946,0.2149959995428049
0.009889522451888809,0.2149959995428049
0.009889522451888809,0.21625328608983885
0.009978617248752673,0.21625328608983885
0.009978617248752673,0.21716767630586353
0.010067712045616536,0.21716767630586353
0.010067712045616536,0.21762487141387588
0.010156806842480399,0.21762487141387588
0.010156806842480399,0.21773917019087896
0.010245901639344262,0.21773917019087896
0.010245901639344262,0.21796776774488513
0.010334996436208126,0.21796776774488513
0.010334996436208126,0.21808206652188822
0.010424091233071989,0.21808206652188822
0.010424091233071989,0.2181963652988913
0.010513186029935851,0.2181963652988913
0.010513186029935851,0.22048234083895302
0.010602280826799714,0.22048234083895302
0.010602280826799714,0.2205966396159561
0.010780470420527441,0.2205966396159561
0.010780470420527441,0.2207109383929592
0.010869565217391304,0.2207109383929592
0.010869565217391304,0.22105383472396845
0.010958660014255167,0.22105383472396845
0.010958660014255167,0.22128243227797462
0.011047754811119031,0.22128243227797462
0.011047754811119031,0.22185392616299004
0.011136849607982894,0.22185392616299004
0.011136849607982894,0.2221968224939993
0.011225944404846757,0.2221968224939993
0.011225944404846757,0.2232255114870271
0.01131503920171062,0.2232255114870271
0.01131503920171062,0.22425420048005487
0.011493228795438347,0.22425420048005487
0.011493228795438347,0.22505429191907647
0.01158232359230221,0.22505429191907647
0.01158232359230221,0.22596868213510116
0.011760513186029936,0.22596868213510116
0.011760513186029936,0.22745456623614127
0.0118496079828938,0.22745456623614127
0.0118496079828938,0.22825465767516287
0.011938702779757662,0.22825465767516287
0.011938702779757662,0.22916904789118756
0.012027797576621525,0.22916904789118756
0.012027797576621525,0.2295119442221968
0.012116892373485389,0.2295119442221968
0.012116892373485389,0.2296262429991999
0.012205987170349252,0.2296262429991999
0.012205987170349252,0.2321408160932678
0.012205987170349252,0.23236941364727398
0.012205987170349252,0.23282660875528632
0.012295081967213115,0.23282660875528632
0.012295081967213115,0.23808435249742826
0.012384176764076977,0.23808435249742826
0.012384176764076977,0.23819865127443135
0.012562366357804704,0.23819865127443135
0.012562366357804704,0.23831295005143446
0.012651461154668567,0.23831295005143446
0.012651461154668567,0.23865584638244372
0.01274055595153243,0.23865584638244372
0.01274055595153243,0.2396845353754715
0.012829650748396294,0.2396845353754715
0.012829650748396294,0.24014173048348383
0.012918745545260157,0.24014173048348383
0.012918745545260157,0.24139901703051778
0.01300784034212402,0.24139901703051778
0.01300784034212402,0.24162761458452395
0.013096935138987882,0.24162761458452395
0.013096935138987882,0.24185621213853012
0.01327512473271561,0.24185621213853012
0.01327512473271561,0.24219910846953938
0.013453314326443335,0.24219910846953938
0.013453314326443335,0.2436849925705795
0.0135424091233072,0.2436849925705795
0.0135424091233072,0.24425648645559492
0.013720598717034925,0.24425648645559492
0.013720598717034925,0.2444850840096011
0.013809693513898788,0.2444850840096011
0.013809693513898788,0.24459938278660417
0.013987883107626515,0.24459938278660417
0.013987883107626515,0.24585666933363812
0.014076977904490378,0.24585666933363812
0.014076977904490378,0.2471139558806721
0.01416607270135424,0.2471139558806721
0.01416607270135424,0.24745685221168134
0.014255167498218105,0.24745685221168134
0.014255167498218105,0.2477997485426906
0.014344262295081968,0.2477997485426906
0.014344262295081968,0.2479140473196937
0.01443335709194583,0.2479140473196937
0.01443335709194583,0.24837124242770603
0.014522451888809693,0.24837124242770603
0.014522451888809693,0.24962852897473997
0.014611546685673557,0.24962852897473997
0.014611546685673557,0.24997142530574923
0.01470064148253742,0.24997142530574923
0.01470064148253742,0.2500857240827523
0.014789736279401283,0.2500857240827523
0.014789736279401283,0.2508858155217739
0.014878831076265146,0.2508858155217739
0.014878831076265146,0.2535146873928449
0.015057020669992873,0.2535146873928449
0.015057020669992873,0.2539718825008572
0.015146115466856735,0.2539718825008572
0.015146115466856735,0.2543147788318665
0.015235210263720598,0.2543147788318665
0.015235210263720598,0.2556863641559035
0.015324305060584463,0.2556863641559035
0.015324305060584463,0.25602926048691277
0.015413399857448325,0.25602926048691277
0.015413399857448325,0.2566007543719282
0.015502494654312188,0.2566007543719282
0.015502494654312188,0.25820093724997145
0.01559158945117605,0.25820093724997145
0.01559158945117605,0.2586581323579838
0.015680684248039915,0.2586581323579838
0.015680684248039915,0.25968682135101157
0.01585887384176764,0.25968682135101157
0.01585887384176764,0.260258315236027
0.015947968638631505,0.260258315236027
0.015947968638631505,0.2603726140130301
0.016037063435495366,0.2603726140130301
0.016037063435495366,0.26151560178306094
0.01612615823235923,0.26151560178306094
0.01612615823235923,0.2617441993370671
0.016215253029223095,0.2617441993370671
0.016215253029223095,0.26380157732312265
0.016304347826086956,0.26380157732312265
0.016304347826086956,0.26448736998514116
0.01639344262295082,0.26448736998514116
0.01639344262295082,0.2649445650931535
0.016571632216678546,0.2649445650931535
0.016571632216678546,0.2659732540861813
0.01666072701354241,0.2659732540861813
0.01666072701354241,0.2666590467481998
0.01674982181040627,0.2666590467481998
0.01674982181040627,0.2672305406332152
0.016838916607270136,0.2672305406332152
0.016838916607270136,0.2683735284032461
0.016928011404133997,0.2683735284032461
0.016928011404133997,0.27008801005829236
0.01701710620099786,0.27008801005829236
0.01701710620099786,0.2714595953823294
0.017106200997861726,0.2714595953823294
0.017106200997861726,0.2728311807063664
0.017195295794725587,0.2728311807063664
0.017195295794725587,0.2729454794833695
0.01728439059158945,0.2729454794833695
0.01728439059158945,0.27397416847639733
0.017373485388453316,0.27397416847639733
0.017373485388453316,0.274888558692422
0.017462580185317177,0.274888558692422
0.017462580185317177,0.2758029489084467
0.01755167498218104,0.2758029489084467
0.01755167498218104,0.27603154646245287
0.017640769779044902,0.27603154646245287
0.017640769779044902,0.2764887415704652
0.017729864575908767,0.2764887415704652
0.017729864575908767,0.2771745342324837
0.01781895937277263,0.2771745342324837
0.01781895937277263,0.2774031317864899
0.017908054169636492,0.2774031317864899
0.017908054169636492,0.27763172934049607
0.017997148966500356,0.27763172934049607
0.017997148966500356,0.2780889244485084
0.01808624376336422,0.2780889244485084
0.01808624376336422,0.27854611955652075
0.018175338560228082,0.27854611955652075
0.018175338560228082,0.2806034975425763
0.018264433357091946,0.2806034975425763
0.018264433357091946,0.28083209509658247
0.018442622950819672,0.28083209509658247
0.018442622950819672,0.2830037718596411
0.018799002138275126,0.2830037718596411
0.018799002138275126,0.2831180706366442
0.018888096935138987,0.2831180706366442
0.018888096935138987,0.2835752657446565
0.019066286528866713,0.2835752657446565
0.019066286528866713,0.2843753571836781
0.019155381325730577,0.2843753571836781
0.019155381325730577,0.2846039547376843
0.01924447612259444,0.2846039547376843
0.01924447612259444,0.28494685106869355
0.019333570919458302,0.28494685106869355
0.019333570919458302,0.2852897473997028
0.01951176051318603,0.2852897473997028
0.01951176051318603,0.285518344953709
0.019600855310049892,0.285518344953709
0.019600855310049892,0.28586124128471824
0.019689950106913757,0.28586124128471824
0.019689950106913757,0.2859755400617213
0.019779044903777618,0.2859755400617213
0.019779044903777618,0.28643273516973367
0.019868139700641482,0.28643273516973367
0.019868139700641482,0.2870042290547491
0.019957234497505347,0.2870042290547491
0.019957234497505347,0.2871185278317522
0.020046329294369208,0.2871185278317522
0.020046329294369208,0.2875757229397645
0.020135424091233072,0.2875757229397645
0.020135424091233072,0.2878043204937707
0.020224518888096937,0.2878043204937707
0.020224518888096937,0.28803291804777686
0.020313613684960798,0.28803291804777686
0.020313613684960798,0.2884901131557892
0.020402708481824662,0.2884901131557892
0.020402708481824662,0.2914618813578695
0.020491803278688523,0.2914618813578695
0.020491803278688523,0.2922619727968911
0.020669992872416252,0.2922619727968911
0.020669992872416252,0.2923762715738942
0.020759087669280113,0.2923762715738942
0.020759087669280113,0.29260486912790035
0.020848182466143977,0.29260486912790035
0.020848182466143977,0.2928334666819065
0.020937277263007842,0.2928334666819065
0.020937277263007842,0.29329066178991886
0.021026372059871703,0.29329066178991886
0.021026372059871703,0.29340496056692195
0.021115466856735567,0.29340496056692195
0.021115466856735567,0.2936335581209281
0.02120456165359943,0.2936335581209281
0.02120456165359943,0.29431935078294663
0.021293656450463293,0.29431935078294663
0.021293656450463293,0.2955766373299806
0.021382751247327157,0.2955766373299806
0.021382751247327157,0.29660532632300834
0.021650035637918747,0.29660532632300834
0.021650035637918747,0.29751971653903303
0.021739130434782608,0.29751971653903303
0.021739130434782608,0.29969139330209166
0.021828225231646473,0.29969139330209166
0.021828225231646473,0.30152017373414103
0.021917320028510334,0.30152017373414103
0.021917320028510334,0.3016344725111441
0.022006414825374198,0.3016344725111441
0.022006414825374198,0.3018630700651503
0.022095509622238062,0.3018630700651503
0.022095509622238062,0.30209166761915646
0.022184604419101923,0.30209166761915646
0.022184604419101923,0.30232026517316263
0.022273699215965788,0.30232026517316263
0.022273699215965788,0.3033489541661904
0.022362794012829652,0.3033489541661904
0.022362794012829652,0.30369185049719966
0.022451888809693513,0.30369185049719966
0.022451888809693513,0.304149045605212
0.02263007840342124,0.304149045605212
0.02263007840342124,0.3042633443822151
0.022719173200285103,0.3042633443822151
0.022719173200285103,0.3060921248142645
0.02289736279401283,0.3060921248142645
0.02289736279401283,0.3071208138072923
0.022986457590876693,0.3071208138072923
0.022986457590876693,0.3075780089153046
0.023075552387740558,0.3075780089153046
0.023075552387740558,0.3076923076923077
0.02316464718460442,0.3076923076923077
0.02316464718460442,0.3086066979083324
0.023253741981468283,0.3086066979083324
0.023253741981468283,0.30986398445536634
0.023342836778332144,0.30986398445536634
0.023342836778332144,0.3102068807863756
0.02343193157519601,0.3102068807863756
0.02343193157519601,0.3103211795633787
0.023521026372059873,0.3103211795633787
0.023521026372059873,0.3108926734483941
0.023610121168923734,0.3108926734483941
0.023610121168923734,0.31134986855640645
0.0236992159657876,0.31134986855640645
0.0236992159657876,0.3118070636644188
0.023788310762651463,0.3118070636644188
0.023788310762651463,0.31295005143444965
0.023877405559515324,0.31295005143444965
0.023877405559515324,0.3131786489884558
0.02396650035637919,0.3131786489884558
0.02396650035637919,0.3143216367584867
0.024144689950106914,0.3143216367584867
0.024144689950106914,0.31455023431249285
0.024233784746970778,0.31455023431249285
0.024233784746970778,0.314778831866499
0.024501069137562368,0.314778831866499
0.024501069137562368,0.3166076122985484
0.02459016393442623,0.3166076122985484
0.02459016393442623,0.3180934963995885
0.024768353528153954,0.3180934963995885
0.024768353528153954,0.31843639273059776
0.02485744832501782,0.31843639273059776
0.02485744832501782,0.3188935878386101
0.024946543121881683,0.3188935878386101
0.024946543121881683,0.3198079780546348
0.025035637918745544,0.3198079780546348
0.025035637918745544,0.32003657560864096
0.02521382751247327,0.32003657560864096
0.02521382751247327,0.3211795633786719
0.025302922309337134,0.3211795633786719
0.025302922309337134,0.32209395359469656
0.025392017106201,0.32209395359469656
0.025392017106201,0.3233512401417305
0.02548111190306486,0.3233512401417305
0.02548111190306486,0.32357983769573667
0.025570206699928724,0.32357983769573667
0.025570206699928724,0.32369413647273976
0.02574839629365645,0.32369413647273976
0.02574839629365645,0.32392273402674593
0.025837491090520314,0.32392273402674593
0.025837491090520314,0.3242656303577552
0.025926585887384175,0.3242656303577552
0.025926585887384175,0.32460852668876444
0.026104775481111904,0.32460852668876444
0.026104775481111904,0.32472282546576753
0.026193870277975765,0.32472282546576753
0.026193870277975765,0.32529431935078296
0.026372059871703494,0.32529431935078296
0.026372059871703494,0.32540861812778604
0.026461154668567355,0.32540861812778604
0.026461154668567355,0.3257515144587953
0.02655024946543122,0.3257515144587953
0.02655024946543122,0.3258658132357984
0.02663934426229508,0.3258658132357984
0.02663934426229508,0.32700880100582924
0.02681753385602281,0.32700880100582924
0.02681753385602281,0.32758029489084467
0.02690662865288667,0.32758029489084467
0.02690662865288667,0.3279231912218539
0.026995723449750535,0.3279231912218539
0.026995723449750535,0.3281517887758601
0.027263007840342125,0.3281517887758601
0.027263007840342125,0.3282660875528632
0.027352102637205986,0.3282660875528632
0.027352102637205986,0.32838038632986627
0.02744119743406985,0.32838038632986627
0.02744119743406985,0.3288375814378786
0.027619387027797575,0.3288375814378786
0.027619387027797575,0.33020916676191564
0.027797576621525304,0.33020916676191564
0.027797576621525304,0.3304377643159218
0.027886671418389165,0.3304377643159218
0.027886671418389165,0.3313521545319465
0.02797576621525303,0.3313521545319465
0.02797576621525303,0.3336381300720082
0.02806486101211689,0.3336381300720082
0.02806486101211689,0.3338667276260144
0.028153955808980755,0.3338667276260144
0.028153955808980755,0.3343239227340267
0.02824305060584462,0.3343239227340267
0.02824305060584462,0.3344382215110298
0.02833214540270848,0.3344382215110298
0.02833214540270848,0.33500971539604524
0.028421240199572345,0.33500971539604524
0.028421240199572345,0.3351240141730483
0.02859942979330007,0.3351240141730483
0.02859942979330007,0.3353526117270545
0.028688524590163935,0.3353526117270545
0.028688524590163935,0.3354669105040576
0.028777619387027796,0.3354669105040576
0.028777619387027796,0.33580980683506684
0.02886671418389166,0.33580980683506684
0.02886671418389166,0.33603840438907306
0.028955808980755525,0.33603840438907306
0.028955808980755525,0.33683849582809466
0.029044903777619386,0.33683849582809466
0.029044903777619386,0.337295690936107
0.029312188168210976,0.337295690936107
0.029312188168210976,0.3375242884901132
0.02940128296507484,0.3375242884901132
0.02940128296507484,0.3387815750371471
0.029579472558802566,0.3387815750371471
0.029579472558802566,0.339924562807178
0.02966856735566643,0.339924562807178
0.02966856735566643,0.34015316036118415
0.02975766215253029,0.34015316036118415
0.02975766215253029,0.341296148131215
0.029846756949394156,0.341296148131215
0.029846756949394156,0.3415247456852212
0.02993585174625802,0.3415247456852212
0.02993585174625802,0.34335352611727055
0.03002494654312188,0.34335352611727055
0.03002494654312188,0.34415361755629215
0.030114041339985746,0.34415361755629215
0.030114041339985746,0.3444965138873014
0.030203136136849607,0.3444965138873014
0.030203136136849607,0.3447251114413076
0.03029223093371347,0.3447251114413076
0.03029223093371347,0.34506800777231683
0.030381325730577335,0.34506800777231683
0.030381325730577335,0.34563950165733226
0.03055951532430506,0.34563950165733226
0.03055951532430506,0.34643959309635386
0.030737704918032786,0.34643959309635386
0.030737704918032786,0.34746828208938163
0.030915894511760512,0.34746828208938163
0.030915894511760512,0.3478111784203909
0.031004989308624376,0.3478111784203909
0.031004989308624376,0.3484969710824094
0.03109408410548824,0.3484969710824094
0.03109408410548824,0.3495256600754372
0.0311831789023521,0.3495256600754372
0.0311831789023521,0.35112584295348037
0.031272273699215966,0.35112584295348037
0.031272273699215966,0.35135444050748654
0.031450463292943695,0.35135444050748654
0.031450463292943695,0.35146873928448963
0.03153955808980755,0.35146873928448963
0.03153955808980755,0.35158303806149277
0.03162865288667142,0.35158303806149277
0.03162865288667142,0.35329751971653905
0.03171774768353528,0.35329751971653905
0.03171774768353528,0.3535261172705452
0.031806842480399146,0.3535261172705452
0.031806842480399146,0.3538690136015545
0.03189593727726301,0.3538690136015545
0.03189593727726301,0.35398331237855757
0.03198503207412687,0.35398331237855757
0.03198503207412687,0.35421190993256374
0.0321632216678546,0.35421190993256374
0.0321632216678546,0.3544405074865699
0.03225231646471846,0.3544405074865699
0.03225231646471846,0.354554806263573
0.032341411261582326,0.354554806263573
0.032341411261582326,0.35649788547262545
0.03243050605844619,0.35649788547262545
0.03243050605844619,0.3570693793576409
0.03251960085531005,0.3570693793576409
0.03251960085531005,0.35741227568865014
0.03269779044903778,0.35741227568865014
0.03269779044903778,0.3577551720196594
0.03278688524590164,0.3577551720196594
0.03278688524590164,0.35878386101268717
0.032875980042765506,0.35878386101268717
0.032875980042765506,0.3592410561206995
0.03296507483962936,0.3592410561206995
0.03296507483962936,0.35981255000571494
0.03305416963649323,0.35981255000571494
0.03305416963649323,0.3600411475597211
0.03314326443335709,0.3600411475597211
0.03314326443335709,0.36038404389073037
0.033232359230220956,0.36038404389073037
0.033232359230220956,0.3607269402217396
0.03332145402708482,0.3607269402217396
0.03332145402708482,0.3610698365527489
0.03341054882394868,0.3610698365527489
0.03341054882394868,0.36118413532975197
0.03349964362081254,0.36118413532975197
0.03349964362081254,0.36129843410675505
0.03358873841767641,0.36129843410675505
0.03358873841767641,0.3615270316607612
0.03367783321454027,0.3615270316607612
0.03367783321454027,0.3616413304377643
0.033766928011404136,0.3616413304377643
0.033766928011404136,0.36221282432277974
0.03412330719885959,0.36221282432277974
0.03412330719885959,0.3631272145388044
0.03421240199572345,0.3631272145388044
0.03421240199572345,0.36449879986284145
0.034301496792587316,0.36449879986284145
0.034301496792587316,0.36461309863984454
0.0345687811831789,0.36461309863984454
0.0345687811831789,0.3648416961938507
0.03483606557377049,0.3648416961938507
0.03483606557377049,0.36518459252485996
0.03492516037063435,0.36518459252485996
0.03492516037063435,0.36598468396388156
0.03510334996436208,0.36598468396388156
0.03510334996436208,0.36609898274088465
0.03519244476122595,0.36609898274088465
0.03519244476122595,0.36815636072694025
0.035281539558089804,0.36815636072694025
0.035281539558089804,0.36827065950394333
0.0355488239486814,0.36827065950394333
0.0355488239486814,0.36975654360498345
0.03563791874554526,0.36975654360498345
0.03563791874554526,0.3699851411589896
0.035727013542409126,0.3699851411589896
0.035727013542409126,0.37055663504400504
0.035816108339272984,0.37055663504400504
0.035816108339272984,0.37147102526002973
0.03590520313613685,0.37147102526002973
0.03590520313613685,0.3715853240370328
0.03599429793300071,0.3715853240370328
0.03599429793300071,0.37227111669905133
0.03608339272986458,0.37227111669905133
0.03608339272986458,0.37307120813807293
0.03617248752672844,0.37307120813807293
0.03617248752672844,0.37364270202308836
0.0362615823235923,0.37364270202308836
0.0362615823235923,0.3740998971311007
0.036350677120456164,0.3740998971311007
0.036350677120456164,0.3742141959081038
0.03643977191732003,0.3742141959081038
0.03643977191732003,0.37432849468510687
0.03652886671418389,0.37432849468510687
0.03652886671418389,0.3748999885701223
0.03661796151104776,0.3748999885701223
0.03661796151104776,0.3757000800091439
0.03679615110477548,0.3757000800091439
0.03679615110477548,0.37615727511715624
0.036885245901639344,0.37615727511715624
0.036885245901639344,0.3766144702251686
0.03697434069850321,0.3766144702251686
0.03697434069850321,0.3781003543262087
0.037241625089094794,0.3781003543262087
0.037241625089094794,0.3786718482112241
0.03733071988595866,0.3786718482112241
0.03733071988595866,0.3789004457652303
0.03741981468282252,0.3789004457652303
0.03741981468282252,0.37924334209623956
0.03759800427655025,0.37924334209623956
0.03759800427655025,0.3795862384272488
0.0379543834640057,0.3795862384272488
0.0379543834640057,0.38004343353526115
0.038132573057733425,0.38004343353526115
0.038132573057733425,0.3806149274202766
0.03822166785459729,0.3806149274202766
0.03822166785459729,0.38072922619727967
0.03839985744832502,0.38072922619727967
0.03839985744832502,0.38095782375128584
0.03848895224518888,0.38095782375128584
0.03848895224518888,0.381186421305292
0.03857804704205275,0.381186421305292
0.03857804704205275,0.3813007200822951
0.038667141838916605,0.3813007200822951
0.038667141838916605,0.3821008115213167
0.03875623663578047,0.3821008115213167
0.03875623663578047,0.38244370785232595
0.038845331432644334,0.38244370785232595
0.038845331432644334,0.3832437992913476
0.0389344262295082,0.3832437992913476
0.0389344262295082,0.3834723968453538
0.03902352102637206,0.3834723968453538
0.03902352102637206,0.3839295919533661
0.03911261582323592,0.3839295919533661
0.03911261582323592,0.3857583723854155
0.039201710620099785,0.3857583723854155
0.039201710620099785,0.3858726711624186
0.03929080541696365,0.3858726711624186
0.03929080541696365,0.3871299577094525
0.03946899501069138,0.3871299577094525
0.03946899501069138,0.38838724425648646
0.039558089807555236,0.38838724425648646
0.039558089807555236,0.38850154303348955
0.039736279401282965,0.38850154303348955
0.039736279401282965,0.3888444393644988
0.03991446899501069,0.3888444393644988
0.03991446899501069,0.3889587381415019
0.040092658588738415,0.3889587381415019
0.040092658588738415,0.3919305063435821
0.040270848182466144,0.3919305063435821
0.040270848182466144,0.3921591038975883
0.040627227369921595,0.3921591038975883
0.040627227369921595,0.3927305977826037
0.04071632216678546,0.3927305977826037
0.04071632216678546,0.39410218310664075
0.04125089094796864,0.39410218310664075
0.04125089094796864,0.39421648188364383
0.041339985744832504,0.39421648188364383
0.041339985744832504,0.39490227454566235
0.04142908054169637,0.39490227454566235
0.04142908054169637,0.3959309635386901
0.041518175338560226,0.3959309635386901
0.041518175338560226,0.3961595610926963
0.04160727013542409,0.3961595610926963
0.04160727013542409,0.3962738598696994
0.041696364932287955,0.3962738598696994
0.041696364932287955,0.39650245742370555
0.04178545972915182,0.39650245742370555
0.04178545972915182,0.3968453537547148
0.041874554526015684,0.3968453537547148
0.041874554526015684,0.3969596525317179
0.04196364932287954,0.3969596525317179
0.04196364932287954,0.397073951308721
0.042052744119743406,0.397073951308721
0.042052744119743406,0.39718825008572406
0.042230933713471135,0.39718825008572406
0.042230933713471135,0.3990170305177735
0.042320028510335,0.3990170305177735
0.042320028510335,0.39913132929477657
0.04240912330719886,0.39913132929477657
0.04240912330719886,0.39935992684878274
0.04249821810406272,0.39935992684878274
0.04249821810406272,0.39947422562578583
0.04267640769779045,0.39947422562578583
0.04267640769779045,0.39993142073379817
0.042765502494654314,0.39993142073379817
0.042765502494654314,0.4006172133958167
0.04285459729151817,0.4006172133958167
0.04285459729151817,0.40073151217281977
0.0430327868852459,0.40073151217281977
0.0430327868852459,0.4021030974968568
0.043121881682109765,0.4021030974968568
0.043121881682109765,0.4027888901588753
0.04321097647897363,0.4027888901588753
0.04321097647897363,0.4034746828208938
0.043300071275837494,0.4034746828208938
0.043300071275837494,0.4038175791519031
0.04356735566642908,0.4038175791519031
0.04356735566642908,0.40416047548291234
0.043656450463292945,0.40416047548291234
0.043656450463292945,0.4045033718139216
0.04374554526015681,0.4045033718139216
0.04374554526015681,0.40496056692193394
0.04383464005702067,0.40496056692193394
0.04383464005702067,0.405074865698937
0.044012829650748396,0.405074865698937
0.044012829650748396,0.4054177620299463
0.04410192444761226,0.4054177620299463
0.04410192444761226,0.4058749571379586
0.044191019244476125,0.4058749571379586
0.044191019244476125,0.4059892559149617
0.04428011404133998,0.4059892559149617
0.04428011404133998,0.40633215224597097
0.04436920883820385,0.40633215224597097
0.04436920883820385,0.40713224368499257
0.04445830363506771,0.40713224368499257
0.04445830363506771,0.40793233512401417
0.044547398431931576,0.40793233512401417
0.044547398431931576,0.4082752314550234
0.044725588025659305,0.4082752314550234
0.044725588025659305,0.4086181277860327
0.04481468282252316,0.4086181277860327
0.04481468282252316,0.409075322894045
0.04490377761938703,0.409075322894045
0.04490377761938703,0.40964681677906045
0.04499287241625089,0.40964681677906045
0.04499287241625089,0.4107898045490913
0.045081967213114756,0.4107898045490913
0.045081967213114756,0.4110184021030975
0.04517106200997862,0.4110184021030975
0.04517106200997862,0.4114755972111098
0.04526015680684248,0.4114755972111098
0.04526015680684248,0.411704194765116
0.04534925160370634,0.411704194765116
0.04534925160370634,0.41193279231912217
0.045438346400570206,0.41193279231912217
0.045438346400570206,0.41204709109612525
0.04552744119743407,0.41204709109612525
0.04552744119743407,0.4122756886501314
0.04570563079116179,0.4122756886501314
0.04570563079116179,0.4125042862041376
0.04579472558802566,0.4125042862041376
0.04579472558802566,0.4131900788661561
0.04588382038488952,0.4131900788661561
0.04588382038488952,0.41353297519716536
0.0464183891660727,0.41353297519716536
0.0464183891660727,0.4138758715281746
0.046507483962936566,0.4138758715281746
0.046507483962936566,0.41410446908218085
0.04659657875980043,0.41410446908218085
0.04659657875980043,0.4144473654131901
0.04668567355666429,0.4144473654131901
0.04668567355666429,0.4151331580752086
0.04677476835352815,0.4151331580752086
0.04677476835352815,0.41570465196022405
0.04686386315039202,0.41570465196022405
0.04686386315039202,0.41661904217624873
0.047042052744119746,0.41661904217624873
0.047042052744119746,0.4167333409532518
0.0471311475409836,0.4167333409532518
0.0471311475409836,0.4175334323922734
0.04722024233784747,0.4175334323922734
0.04722024233784747,0.4176477311692765
0.0473984319315752,0.4176477311692765
0.0473984319315752,0.41810492627728885
0.04748752672843906,0.41810492627728885
0.04748752672843906,0.4185621213853012
0.047576621525302926,0.4185621213853012
0.047576621525302926,0.41890501771631045
0.04766571632216678,0.41890501771631045
0.04766571632216678,0.4193622128243228
0.04775481111903065,0.4193622128243228
0.04775481111903065,0.4194765116013259
0.04784390591589451,0.4194765116013259
0.04784390591589451,0.41959081037832896
0.04793300071275838,0.41959081037832896
0.04793300071275838,0.4200480054863413
0.04802209550962224,0.4200480054863413
0.04802209550962224,0.42050520059435365
0.0481111903064861,0.42050520059435365
0.0481111903064861,0.4207337981483598
0.04820028510334996,0.4207337981483598
0.04820028510334996,0.4210766944793691
0.04828937990021383,0.4210766944793691
0.04828937990021383,0.4217624871413876
0.04837847469707769,0.4217624871413876
0.04837847469707769,0.42199108469539376
0.048556664290805414,0.42199108469539376
0.048556664290805414,0.42210538347239684
0.04882394868139701,0.42210538347239684
0.04882394868139701,0.42279117613441536
0.04891304347826087,0.42279117613441536
0.04891304347826087,0.42370556635044004
0.049002138275124736,0.42370556635044004
0.049002138275124736,0.42439135901245856
0.049091233071988594,0.42439135901245856
0.049091233071988594,0.4248485541204709
0.04918032786885246,0.4248485541204709
0.04918032786885246,0.42507715167447707
0.04926942266571632,0.42507715167447707
0.04926942266571632,0.42519145045148016
0.04935851746258019,0.42519145045148016
0.04935851746258019,0.42530574922848324
0.04944761225944405,0.42530574922848324
0.04944761225944405,0.42542004800548633
0.04953670705630791,0.42542004800548633
0.04953670705630791,0.4256486455594925
0.04971489665003564,0.4256486455594925
0.04971489665003564,0.42610584066750484
0.0498039914468995,0.42610584066750484
0.0498039914468995,0.42702023088352953
0.04989308624376337,0.42702023088352953
0.04989308624376337,0.4272488284375357
0.049982181040627224,0.4272488284375357
0.049982181040627224,0.42759172476854496
0.05007127583749109,0.42759172476854496
0.05007127583749109,0.4279346210995542
0.05016037063435495,0.4279346210995542
0.05016037063435495,0.4286204137615727
0.05033856022808268,0.4286204137615727
0.05033856022808268,0.4287347125385758
0.05042765502494654,0.4287347125385758
0.05042765502494654,0.4288490113155789
0.050516749821810404,0.4288490113155789
0.050516749821810404,0.428963310092582
0.05060584461867427,0.428963310092582
0.05060584461867427,0.42976340153160364
0.050784034212402,0.42976340153160364
0.050784034212402,0.4299919990856098
0.05096222380612972,0.4299919990856098
0.05096222380612972,0.4301062978626129
0.051051318602993584,0.4301062978626129
0.051051318602993584,0.4306777917476283
0.05114041339985745,0.4306777917476283
0.05114041339985745,0.43124928563264375
0.05122950819672131,0.43124928563264375
0.05122950819672131,0.4322779746256715
0.05131860299358518,0.4322779746256715
0.05131860299358518,0.4325065721796777
0.051407697790449035,0.4325065721796777
0.051407697790449035,0.43296376728769004
0.0514967925873129,0.43296376728769004
0.0514967925873129,0.4333066636186993
0.051585887384176764,0.4333066636186993
0.051585887384176764,0.43444965138873015
0.05167498218104063,0.43444965138873015
0.05167498218104063,0.4346782489427363
0.05176407697790449,0.4346782489427363
0.05176407697790449,0.4357069379357641
0.05185317177476835,0.4357069379357641
0.05185317177476835,0.43604983426677335
0.051942266571632215,0.43604983426677335
0.051942266571632215,0.4362784318207795
0.05220955096222381,0.4362784318207795
0.05220955096222381,0.4370785232598011
0.05238774055595153,0.4370785232598011
0.05238774055595153,0.4371928220368042
0.052476835352815394,0.4371928220368042
0.052476835352815394,0.4379929134758258
0.05256593014967926,0.4379929134758258
0.05256593014967926,0.4389073036918505
0.05265502494654312,0.4389073036918505
0.05265502494654312,0.4394787975768659
0.05274411974340699,0.4394787975768659
0.05274411974340699,0.4398216939078752
0.052833214540270845,0.4398216939078752
0.052833214540270845,0.43993599268487826
0.05292230933713471,0.43993599268487826
0.05292230933713471,0.44085038290090295
0.05310049893086244,0.44085038290090295
0.05310049893086244,0.4421076694479369
0.0531895937277263,0.4421076694479369
0.0531895937277263,0.4426791633329523
0.05345687811831789,0.4426791633329523
0.05345687811831789,0.44336495599497083
0.05363506771204562,0.44336495599497083
0.05363506771204562,0.443593553548977
0.05372416250890948,0.443593553548977
0.05372416250890948,0.4438221511029832
0.05381325730577334,0.4438221511029832
0.05381325730577334,0.44496513887301403
0.05399144689950107,0.44496513887301403
0.05399144689950107,0.4450794376500171
0.054080541696364934,0.4450794376500171
0.054080541696364934,0.4451937364270202
0.0541696364932288,0.4451937364270202
0.0541696364932288,0.44599382786604186
0.054258731290092656,0.44599382786604186
0.054258731290092656,0.44622242542004803
0.05434782608695652,0.44622242542004803
0.05434782608695652,0.4464510229740542
0.054436920883820385,0.4464510229740542
0.054436920883820385,0.4472511144130758
0.05470420527441197,0.4472511144130758
0.05470420527441197,0.44862269973711283
0.054793300071275836,0.44862269973711283
0.054793300071275836,0.44919419362212826
0.054971489665003564,0.44919419362212826
0.054971489665003564,0.4495370899531375
0.05514967925873129,0.4495370899531375
0.05514967925873129,0.44987998628414677
0.05523877405559515,0.44987998628414677
0.05523877405559515,0.4504514801691622
0.055327868852459015,0.4504514801691622
0.055327868852459015,0.45079437650017146
0.05541696364932288,0.45079437650017146
0.05541696364932288,0.45102297405417763
0.055506058446186744,0.45102297405417763
0.055506058446186744,0.4513658703851869
0.055684248039914466,0.4513658703851869
0.055684248039914466,0.45159446793919306
0.05595153243050606,0.45159446793919306
0.05595153243050606,0.4519373642702023
0.056040627227369924,0.4519373642702023
0.056040627227369924,0.4521659618242085
0.05612972202423378,0.4521659618242085
0.05612972202423378,0.4529660532632301
0.056218816821097646,0.4529660532632301
0.056218816821097646,0.4537661447022517
0.05630791161796151,0.4537661447022517
0.05630791161796151,0.45388044347925477
0.056397006414825375,0.45388044347925477
0.056397006414825375,0.454223339810264
0.056575196008553104,0.454223339810264
0.056575196008553104,0.4544519373642702
0.056753385602280826,0.4544519373642702
0.056753385602280826,0.45479483369527945
0.056931575196008555,0.45479483369527945
0.056931575196008555,0.4553663275802949
0.05702066999287242,0.4553663275802949
0.05702066999287242,0.4559378214653103
0.05710976478973628,0.4559378214653103
0.05710976478973628,0.4575380043433535
0.05719885958660014,0.4575380043433535
0.05719885958660014,0.4576523031203566
0.05737704918032787,0.4576523031203566
0.05737704918032787,0.45810949822836894
0.057466143977191735,0.45810949822836894
0.057466143977191735,0.458223797005372
0.05764433357091946,0.458223797005372
0.05764433357091946,0.4585666933363813
0.05773342836778332,0.4585666933363813
0.05773342836778332,0.45970968110641214
0.05808980755523877,0.45970968110641214
0.05808980755523877,0.4599382786604183
0.058178902352102636,0.4599382786604183
0.058178902352102636,0.46039547376843065
0.0582679971489665,0.46039547376843065
0.0582679971489665,0.460852668876443
0.058357091945830365,0.460852668876443
0.058357091945830365,0.4611955652074523
0.05853528153955809,0.4611955652074523
0.05853528153955809,0.4622242542004801
0.05862437633642195,0.4622242542004801
0.05862437633642195,0.46245285175448625
0.05880256593014968,0.46245285175448625
0.05880256593014968,0.46325294319350785
0.0589807555238774,0.46325294319350785
0.0589807555238774,0.46393873585552636
0.059248039914468996,0.46393873585552636
0.059248039914468996,0.46405303463252945
0.05933713471133286,0.46405303463252945
0.05933713471133286,0.46416733340953253
0.05942622950819672,0.46416733340953253
0.05942622950819672,0.46485312607155105
0.05951532430506058,0.46485312607155105
0.05951532430506058,0.4659961138415819
0.05960441910192445,0.4659961138415819
0.05960441910192445,0.466110412618585
0.05969351389878831,0.466110412618585
0.05969351389878831,0.4670248028346097
0.059782608695652176,0.4670248028346097
0.059782608695652176,0.46725340038861585
0.06004989308624376,0.46725340038861585
0.06004989308624376,0.4677105954966282
0.06013898788310763,0.4677105954966282
0.06013898788310763,0.4683963881586467
0.06022808267997149,0.4683963881586467
0.06022808267997149,0.4686249857126529
0.06040627227369921,0.4686249857126529
0.06040627227369921,0.46873928448965596
0.060673556664290806,0.46873928448965596
0.060673556664290806,0.4690821808206652
0.06094084105488239,0.4690821808206652
0.06094084105488239,0.4691964795976683
0.061208125445473986,0.4691964795976683
0.061208125445473986,0.46965367470568065
0.06129722024233785,0.46965367470568065
0.06129722024233785,0.4699965710366899
0.06156450463292944,0.4699965710366899
0.06156450463292944,0.4702251685906961
0.061742694226657166,0.4702251685906961
0.061742694226657166,0.47033946736769916
0.06209907341411262,0.47033946736769916
0.06209907341411262,0.47056806492170533
0.06218816821097648,0.47056806492170533
0.06218816821097648,0.47136815636072693
0.0623663578047042,0.47136815636072693
0.0623663578047042,0.4717110526917362
0.06245545260156807,0.4717110526917362
0.06245545260156807,0.4718253514687393
0.06254454739843193,0.4718253514687393
0.06254454739843193,0.47193965024574236
0.0626336421952958,0.47193965024574236
0.0626336421952958,0.47216824779974853
0.06281183178902353,0.47216824779974853
0.06281183178902353,0.4722825465767516
0.06290092658588739,0.4722825465767516
0.06290092658588739,0.4726254429077609
0.06299002138275124,0.4726254429077609
0.06299002138275124,0.47296833923877013
0.0633464005702067,0.47296833923877013
0.0633464005702067,0.4731969367927763
0.06343549536707056,0.4731969367927763
0.06343549536707056,0.4746828208938164
0.06352459016393443,0.4746828208938164
0.06352459016393443,0.4747971196708195
0.06370277975766216,0.4747971196708195
0.06370277975766216,0.47502571722482567
0.06379187455452602,0.47502571722482567
0.06379187455452602,0.47525431477883184
0.06397006414825374,0.47525431477883184
0.06397006414825374,0.475482912332838
0.06414825374198146,0.475482912332838
0.06414825374198146,0.47616870499485653
0.0643264433357092,0.47616870499485653
0.0643264433357092,0.47731169276488744
0.06441553813257306,0.47731169276488744
0.06441553813257306,0.47788318664990287
0.06450463292943692,0.47788318664990287
0.06450463292943692,0.47891187564293064
0.06459372772630079,0.47891187564293064
0.06459372772630079,0.4790261744199337
0.06468282252316465,0.4790261744199337
0.06468282252316465,0.4792547719739399
0.06477191732002852,0.4792547719739399
0.06477191732002852,0.47948336952794607
0.06486101211689238,0.47948336952794607
0.06486101211689238,0.47971196708195224
0.06495010691375623,0.47971196708195224
0.06495010691375623,0.4798262658589553
0.0650392017106201,0.4798262658589553
0.0650392017106201,0.48039775974397075
0.06512829650748396,0.48039775974397075
0.06512829650748396,0.4806263572979769
0.06521739130434782,0.4806263572979769
0.06521739130434782,0.4808549548519831
0.06530648610121169,0.4808549548519831
0.06530648610121169,0.48131214995999544
0.06548467569493942,0.48131214995999544
0.06548467569493942,0.48211224139901704
0.06557377049180328,0.48211224139901704
0.06557377049180328,0.4825694365070294
0.06566286528866715,0.4825694365070294
0.06566286528866715,0.48291233283803864
0.06575196008553101,0.48291233283803864
0.06575196008553101,0.4831409303920448
0.06584105488239486,0.4831409303920448
0.06584105488239486,0.4838267230540633
0.06593014967925873,0.4838267230540633
0.06593014967925873,0.4840553206080695
0.06601924447612259,0.4840553206080695
0.06601924447612259,0.4841696193850726
0.06619743406985032,0.4841696193850726
0.06619743406985032,0.4846268144930849
0.06628652886671418,0.4846268144930849
0.06628652886671418,0.4848554120470911
0.06646471846044191,0.4848554120470911
0.06646471846044191,0.48519830837810035
0.06655381325730578,0.48519830837810035
0.06655381325730578,0.4854269059321065
0.06664290805416964,0.4854269059321065
0.06664290805416964,0.4855412047091096
0.0667320028510335,0.4855412047091096
0.0667320028510335,0.4856555034861127
0.06691019244476122,0.4856555034861127
0.06691019244476122,0.48588410104011887
0.06708838203848895,0.48588410104011887
0.06708838203848895,0.48599839981712195
0.06717747683535281,0.48599839981712195
0.06717747683535281,0.4862269973711281
0.06726657163221668,0.4862269973711281
0.06726657163221668,0.4863412961481312
0.06735566642908054,0.4863412961481312
0.06735566642908054,0.48668419247914046
0.06744476122594441,0.48668419247914046
0.06744476122594441,0.48759858269516515
0.06762295081967214,0.48759858269516515
0.06762295081967214,0.48839867413418675
0.06771204561653599,0.48839867413418675
0.06771204561653599,0.4886272716881929
0.06780114041339985,0.4886272716881929
0.06780114041339985,0.4889701680192022
0.06789023521026372,0.4889701680192022
0.06789023521026372,0.4894273631272145
0.06797933000712758,0.4894273631272145
0.06797933000712758,0.4895416619042176
0.06815751960085531,0.4895416619042176
0.06815751960085531,0.4897702594582238
0.06833570919458304,0.4897702594582238
0.06833570919458304,0.48988455823522686
0.06851389878831077,0.48988455823522686
0.06851389878831077,0.48999885701222995
0.06860299358517463,0.48999885701222995
0.06860299358517463,0.49148474111327006
0.06869208838203848,0.49148474111327006
0.06869208838203848,0.49171333866727623
0.06878118317890235,0.49171333866727623
0.06878118317890235,0.4918276374442793
0.06887027797576621,0.4918276374442793
0.06887027797576621,0.4919419362212824
0.06895937277263008,0.4919419362212824
0.06895937277263008,0.4921705337752886
0.06904846756949394,0.4921705337752886
0.06904846756949394,0.4923991313292948
0.0691375623663578,0.4923991313292948
0.0691375623663578,0.4925134301062979
0.06922665716322167,0.4925134301062979
0.06922665716322167,0.4931992227683164
0.06931575196008553,0.4931992227683164
0.06931575196008553,0.4933135215453195
0.0694048467569494,0.4933135215453195
0.0694048467569494,0.4934278203223226
0.06958303635067713,0.4934278203223226
0.06958303635067713,0.49354211909932566
0.0698503207412687,0.49354211909932566
0.0698503207412687,0.4938850154303349
0.07002851033499644,0.4938850154303349
0.07002851033499644,0.493999314207338
0.07020669992872416,0.493999314207338
0.07020669992872416,0.4941136129843411
0.07029579472558803,0.4941136129843411
0.07029579472558803,0.49457080809235343
0.0703848895224519,0.49457080809235343
0.0703848895224519,0.4947994056463596
0.07047398431931576,0.4947994056463596
0.07047398431931576,0.4949137044233627
0.07056307911617961,0.4949137044233627
0.07056307911617961,0.49514230197736886
0.07065217391304347,0.49514230197736886
0.07065217391304347,0.49525660075437195
0.07074126870990734,0.49525660075437195
0.07074126870990734,0.49537089953137503
0.0708303635067712,0.49537089953137503
0.0708303635067712,0.4955994970853812
0.07091945830363507,0.4955994970853812
0.07091945830363507,0.4957137958623843
0.07100855310049893,0.4957137958623843
0.07100855310049893,0.49594239341639046
0.07118674269422666,0.49594239341639046
0.07118674269422666,0.4963995885244028
0.07127583749109052,0.4963995885244028
0.07127583749109052,0.496628186078409
0.07136493228795439,0.496628186078409
0.07136493228795439,0.49697108240941823
0.07145402708481825,0.49697108240941823
0.07145402708481825,0.4974282775174306
0.0715431218816821,0.4974282775174306
0.0715431218816821,0.49754257629443366
0.07163221667854597,0.49754257629443366
0.07163221667854597,0.49765687507143674
0.0718104062722737,0.49765687507143674
0.0718104062722737,0.49777117384843983
0.07189950106913756,0.49777117384843983
0.07189950106913756,0.497999771402446
0.07198859586600143,0.497999771402446
0.07198859586600143,0.4981140701794491
0.07207769066286529,0.4981140701794491
0.07207769066286529,0.4982283689564522
0.07225588025659302,0.4982283689564522
0.07225588025659302,0.49845696651045834
0.07234497505345688,0.49845696651045834
0.07234497505345688,0.4987998628414676
0.07261225944404846,0.4987998628414676
0.07261225944404846,0.4989141616184707
0.07270135424091233,0.4989141616184707
0.07270135424091233,0.49982855183449537
0.07279044903777619,0.49982855183449537
0.07279044903777619,0.49994285061149846
0.07287954383464006,0.49994285061149846
0.07287954383464006,0.5000571493885015
0.07296863863150392,0.5000571493885015
0.07296863863150392,0.5002857469425077
0.07305773342836779,0.5002857469425077
0.07305773342836779,0.500628643273517
0.07314682822523165,0.500628643273517
0.07314682822523165,0.5014287347125386
0.07341411261582323,0.5014287347125386
0.07341411261582323,0.5018859298205509
0.07359230220955096,0.5018859298205509
0.07359230220955096,0.5021145273745571
0.07385958660014255,0.5021145273745571
0.07385958660014255,0.5022288261515602
0.07394868139700642,0.5022288261515602
0.07394868139700642,0.503371813921591
0.07403777619387028,0.503371813921591
0.07403777619387028,0.5037147102526003
0.07412687099073414,0.5037147102526003
0.07412687099073414,0.5041719053606126
0.07421596578759801,0.5041719053606126
0.07421596578759801,0.5042862041376157
0.07430506058446187,0.5042862041376157
0.07430506058446187,0.5045148016916219
0.07466143977191732,0.5045148016916219
0.07466143977191732,0.504743399245628
0.07475053456878118,0.504743399245628
0.07475053456878118,0.5050862955766373
0.07483962936564505,0.5050862955766373
0.07483962936564505,0.5054291919076466
0.07501781895937278,0.5054291919076466
0.07501781895937278,0.5056577894616527
0.07510691375623664,0.5056577894616527
0.07510691375623664,0.5057720882386558
0.0751960085531005,0.5057720882386558
0.0751960085531005,0.5064578809006743
0.07528510334996436,0.5064578809006743
0.07528510334996436,0.5066864784546805
0.07537419814682822,0.5066864784546805
0.07537419814682822,0.5070293747856898
0.07546329294369208,0.5070293747856898
0.07546329294369208,0.5072579723396959
0.07555238774055595,0.5072579723396959
0.07555238774055595,0.5076008686707052
0.07564148253741981,0.5076008686707052
0.07564148253741981,0.5077151674477083
0.0759087669280114,0.5077151674477083
0.0759087669280114,0.5088581552177391
0.07599786172487527,0.5088581552177391
0.07599786172487527,0.51000114298777
0.07608695652173914,0.51000114298777
0.07608695652173914,0.5101154417647731
0.076176051318603,0.5101154417647731
0.076176051318603,0.5105726368727854
0.07635424091233071,0.5105726368727854
0.07635424091233071,0.5112584295348039
0.07653243050605844,0.5112584295348039
0.07653243050605844,0.5116013258658132
0.07662152530292231,0.5116013258658132
0.07662152530292231,0.5117156246428163
0.07679971489665004,0.5117156246428163
0.07679971489665004,0.5124014173048348
0.0768888096935139,0.5124014173048348
0.0768888096935139,0.512744313635844
0.07706699928724163,0.512744313635844
0.07706699928724163,0.5132015087438564
0.0771560940841055,0.5132015087438564
0.0771560940841055,0.5134301062978626
0.07724518888096935,0.5134301062978626
0.07724518888096935,0.5136587038518687
0.07733428367783321,0.5136587038518687
0.07733428367783321,0.5142301977368842
0.07742337847469707,0.5142301977368842
0.07742337847469707,0.5144587952908903
0.07751247327156094,0.5144587952908903
0.07751247327156094,0.5151445879529089
0.0776015680684248,0.5151445879529089
0.0776015680684248,0.515373185506915
0.07777975766215253,0.515373185506915
0.07777975766215253,0.5161732769459367
0.07813613684960798,0.5161732769459367
0.07813613684960798,0.516516173276946
0.07822523164647184,0.516516173276946
0.07822523164647184,0.5167447708309522
0.07840342124019957,0.5167447708309522
0.07840342124019957,0.5173162647159676
0.07849251603706343,0.5173162647159676
0.07849251603706343,0.5174305634929707
0.07867070563079116,0.5174305634929707
0.07867070563079116,0.5176591610469768
0.07875980042765503,0.5176591610469768
0.07875980042765503,0.5180020573779861
0.07893799002138276,0.5180020573779861
0.07893799002138276,0.5182306549319923
0.07902708481824662,0.5182306549319923
0.07902708481824662,0.5185735512630015
0.07911617961511047,0.5185735512630015
0.07911617961511047,0.5197165390330324
0.07920527441197434,0.5197165390330324
0.07920527441197434,0.5198308378100355
0.0792943692088382,0.5198308378100355
0.0792943692088382,0.5201737341410447
0.07947255880256593,0.5201737341410447
0.07947255880256593,0.5202880329180478
0.07965074839629366,0.5202880329180478
0.07965074839629366,0.5204023316950509
0.07973984319315752,0.5204023316950509
0.07973984319315752,0.5206309292490571
0.08000712758374912,0.5206309292490571
0.08000712758374912,0.5210881243570694
0.08009622238061297,0.5210881243570694
0.08009622238061297,0.521888215796091
0.08018531717747683,0.521888215796091
0.08018531717747683,0.5220025145730941
0.08036350677120456,0.5220025145730941
0.08036350677120456,0.5223454109041034
0.08045260156806842,0.5223454109041034
0.08045260156806842,0.5225740084581095
0.08054169636493229,0.5225740084581095
0.08054169636493229,0.5228026060121157
0.08063079116179615,0.5229169047891188
0.08063079116179615,0.5230312035661219
0.08080898075552388,0.5230312035661219
0.08080898075552388,0.5233740998971311
0.0809871703492516,0.5233740998971311
0.0809871703492516,0.5234883986741342
0.08116535994297933,0.5234883986741342
0.08116535994297933,0.5238312950051435
0.08125445473984319,0.5238312950051435
0.08125445473984319,0.5239455937821466
0.08134354953670705,0.5239455937821466
0.08134354953670705,0.5242884901131558
0.08143264433357092,0.5242884901131558
0.08143264433357092,0.5247456852211682
0.08152173913043478,0.5247456852211682
0.08152173913043478,0.5250885815521774
0.08161083392729865,0.5250885815521774
0.08161083392729865,0.5252028803291805
0.08187811831789024,0.5252028803291805
0.08187811831789024,0.5255457766601898
0.08196721311475409,0.5255457766601898
0.08196721311475409,0.5256600754371928
0.08205630791161796,0.5256600754371928
0.08205630791161796,0.5260029717682021
0.08214540270848182,0.5260029717682021
0.08214540270848182,0.5265744656532175
0.08223449750534569,0.5265744656532175
0.08223449750534569,0.5270316607612299
0.08250178189593728,0.5270316607612299
0.08250178189593728,0.5274888558692422
0.08259087669280114,0.5274888558692422
0.08259087669280114,0.5276031546462453
0.08267997148966501,0.5276031546462453
0.08267997148966501,0.5278317522002515
0.08276906628652887,0.5278317522002515
0.08276906628652887,0.5280603497542576
0.08285816108339274,0.5280603497542576
0.08285816108339274,0.5281746485312607
0.08294725588025659,0.5281746485312607
0.08294725588025659,0.5282889473082638
0.08303635067712045,0.5282889473082638
0.08303635067712045,0.5284032460852669
0.08321454027084818,0.5284032460852669
0.08321454027084818,0.52851754486227
0.08330363506771205,0.52851754486227
0.08330363506771205,0.5286318436392731
0.08348182466143977,0.5286318436392731
0.08348182466143977,0.5290890387472854
0.0836600142551675,0.5290890387472854
0.0836600142551675,0.5294319350782947
0.08383820384889522,0.5294319350782947
0.08383820384889522,0.5297748314093039
0.08392729864575908,0.5297748314093039
0.08392729864575908,0.5305749228483255
0.08410548823948681,0.5305749228483255
0.08410548823948681,0.5310321179563379
0.08446186742694227,0.5310321179563379
0.08446186742694227,0.531146416733341
0.08455096222380613,0.531146416733341
0.08455096222380613,0.531260715510344
0.08464005702067,0.531260715510344
0.08464005702067,0.5313750142873471
0.08472915181753386,0.5313750142873471
0.08472915181753386,0.5317179106183564
0.08490734141126158,0.5317179106183564
0.08490734141126158,0.5318322093953595
0.08499643620812544,0.5318322093953595
0.08499643620812544,0.5333180934963996
0.0850855310049893,0.5333180934963996
0.0850855310049893,0.5334323922734027
0.0853528153955809,0.5334323922734027
0.0853528153955809,0.5335466910504058
0.08579828937990021,0.5335466910504058
0.08579828937990021,0.5341181849354212
0.08588738417676407,0.5341181849354212
0.08588738417676407,0.5342324837124243
0.08597647897362794,0.5342324837124243
0.08597647897362794,0.5343467824894274
0.0860655737704918,0.5343467824894274
0.0860655737704918,0.5344610812664304
0.08615466856735567,0.5344610812664304
0.08615466856735567,0.535261172705452
0.08624376336421953,0.535261172705452
0.08624376336421953,0.5353754714824551
0.08642195295794726,0.5353754714824551
0.08642195295794726,0.5364041604754829
0.08660014255167499,0.5364041604754829
0.08660014255167499,0.536518459252486
0.0867783321454027,0.536518459252486
0.0867783321454027,0.5368613555834952
0.08695652173913043,0.5368613555834952
0.08695652173913043,0.5370899531375014
0.0870456165359943,0.5370899531375014
0.0870456165359943,0.5372042519145045
0.08722380612972203,0.5372042519145045
0.08722380612972203,0.5373185506915076
0.08749109052031362,0.5373185506915076
0.08749109052031362,0.5375471482455138
0.08766928011404133,0.5375471482455138
0.08766928011404133,0.5381186421305292
0.08793656450463293,0.5381186421305292
0.08793656450463293,0.5386901360155446
0.08811475409836066,0.5386901360155446
0.08811475409836066,0.5388044347925477
0.08829294369208839,0.5388044347925477
0.08829294369208839,0.539147331123557
0.08838203848895225,0.539147331123557
0.08838203848895225,0.53926162990056
0.08856022808267996,0.53926162990056
0.08856022808267996,0.5394902274545662
0.08864932287954383,0.5394902274545662
0.08864932287954383,0.5396045262315693
0.08882751247327156,0.5396045262315693
0.08882751247327156,0.5400617213395816
0.08891660727013542,0.5400617213395816
0.08891660727013542,0.5404046176705909
0.08900570206699929,0.5404046176705909
0.08900570206699929,0.5416619042176248
0.08909479686386315,0.5416619042176248
0.08909479686386315,0.5417762029946279
0.08918389166072702,0.5417762029946279
0.08918389166072702,0.5420048005486341
0.08954027084818246,0.5420048005486341
0.08954027084818246,0.5421190993256372
0.08962936564504632,0.5421190993256372
0.08962936564504632,0.5424619956566464
0.08980755523877405,0.5424619956566464
0.08980755523877405,0.5426905932106526
0.08989665003563792,0.5426905932106526
0.08989665003563792,0.5434906846496742
0.09007483962936565,0.5434906846496742
0.09007483962936565,0.5438335809806835
0.09016393442622951,0.5438335809806835
0.09016393442622951,0.5439478797576865
0.09025302922309338,0.5439478797576865
0.09025302922309338,0.5440621785346896
0.0904312188168211,0.5440621785346896
0.0904312188168211,0.544519373642702
0.09052031361368496,0.544519373642702
0.09052031361368496,0.5447479711967081
0.09078759800427655,0.5447479711967081
0.09078759800427655,0.5448622699737112
0.09087669280114041,0.5448622699737112
0.09087669280114041,0.5452051663047205
0.09096578759800428,0.5452051663047205
0.09096578759800428,0.5454337638587267
0.09123307198859587,0.5454337638587267
0.09123307198859587,0.5455480626357297
0.09132216678545974,0.5455480626357297
0.09132216678545974,0.5457766601897359
0.09141126158232359,0.5457766601897359
0.09141126158232359,0.5461195565207452
0.09150035637918745,0.5461195565207452
0.09150035637918745,0.5468053491827637
0.09158945117605131,0.5468053491827637
0.09158945117605131,0.5469196479597669
0.09167854597291518,0.5469196479597669
0.09167854597291518,0.5471482455137731
0.09194583036350677,0.5471482455137731
0.09194583036350677,0.5477197393987885
0.09203492516037064,0.5477197393987885
0.09203492516037064,0.5482912332838039
0.0921240199572345,0.5482912332838039
0.0921240199572345,0.5486341296148132
0.09221311475409837,0.5486341296148132
0.09221311475409837,0.5487484283918163
0.09256949394155381,0.5487484283918163
0.09256949394155381,0.5489770259458224
0.09265858873841767,0.5489770259458224
0.09265858873841767,0.5493199222768317
0.09274768353528154,0.5493199222768317
0.09274768353528154,0.5495485198308379
0.0928367783321454,0.5495485198308379
0.0928367783321454,0.549777117384844
0.09319315751960086,0.549777117384844
0.09319315751960086,0.5504629100468625
0.09337134711332858,0.5504629100468625
0.09337134711332858,0.5514915990398903
0.0935495367070563,0.5514915990398903
0.0935495367070563,0.5519487941479027
0.09363863150392017,0.5519487941479027
0.09363863150392017,0.5522916904789119
0.09372772630078403,0.5522916904789119
0.09372772630078403,0.552405989255915
0.09399501069137563,0.552405989255915
0.09399501069137563,0.5525202880329181
0.09408410548823949,0.5525202880329181
0.09408410548823949,0.5527488855869243
0.09417320028510336,0.5527488855869243
0.09417320028510336,0.5528631843639273
0.09435138987883107,0.5528631843639273
0.09435138987883107,0.5532060806949366
0.09444048467569494,0.5532060806949366
0.09444048467569494,0.5534346782489428
0.0945295794725588,0.5534346782489428
0.0945295794725588,0.5535489770259459
0.09470776906628653,0.5535489770259459
0.09470776906628653,0.5536632758029489
0.0947968638631504,0.5536632758029489
0.0947968638631504,0.553777574579952
0.09488595866001426,0.553777574579952
0.09488595866001426,0.5541204709109613
0.09497505345687812,0.5541204709109613
0.09497505345687812,0.5544633672419705
0.09506414825374199,0.5544633672419705
0.09506414825374199,0.5545776660189736
0.0952423378474697,0.5545776660189736
0.0952423378474697,0.5546919647959767
0.09533143264433357,0.5546919647959767
0.09533143264433357,0.5549205623499829
0.09542052744119743,0.5549205623499829
0.09542052744119743,0.5556063550120014
0.0955096222380613,0.5556063550120014
0.0955096222380613,0.5558349525660076
0.09559871703492516,0.5558349525660076
0.09559871703492516,0.5559492513430107
0.09568781183178902,0.5559492513430107
0.09568781183178902,0.5566350440050292
0.09586600142551675,0.5566350440050292
0.09586600142551675,0.5568636415590353
0.09595509622238062,0.5568636415590353
0.09595509622238062,0.5570922391130415
0.09604419101924448,0.5570922391130415
0.09604419101924448,0.5575494342210539
0.0962223806129722,0.5575494342210539
0.0962223806129722,0.5580066293290662
0.09631147540983606,0.5580066293290662
0.09631147540983606,0.5581209281060693
0.09640057020669993,0.5581209281060693
0.09640057020669993,0.5582352268830724
0.09648966500356379,0.5582352268830724
0.09648966500356379,0.5586924219910847
0.09657875980042765,0.5586924219910847
0.09657875980042765,0.5589210195450909
0.09675694939415538,0.5589210195450909
0.09675694939415538,0.559035318322094
0.09693513898788311,0.559035318322094
0.09693513898788311,0.559149617099097
0.09702423378474698,0.559149617099097
0.09702423378474698,0.5592639158761001
0.09720242337847469,0.5592639158761001
0.09720242337847469,0.5596068122071094
0.09729151817533856,0.5596068122071094
0.09729151817533856,0.5598354097611156
0.09755880256593015,0.5598354097611156
0.09755880256593015,0.5599497085381187
0.09773699215965788,0.5599497085381187
0.09773699215965788,0.5608640987541433
0.09791518175338561,0.5608640987541433
0.09791518175338561,0.5610926963081495
0.09800427655024947,0.5610926963081495
0.09800427655024947,0.5614355926391588
0.09809337134711332,0.5614355926391588
0.09809337134711332,0.5615498914161619
0.09818246614397719,0.5615498914161619
0.09818246614397719,0.5616641901931649
0.09827156094084105,0.5616641901931649
0.09827156094084105,0.5620070865241742
0.09836065573770492,0.5620070865241742
0.09836065573770492,0.5621213853011773
0.09862794012829651,0.5621213853011773
0.09862794012829651,0.5623499828551835
0.0988952245188881,0.5623499828551835
0.0988952245188881,0.5625785804091896
0.09898431931575195,0.5625785804091896
0.09898431931575195,0.5628071779631958
0.09916250890947968,0.5628071779631958
0.09916250890947968,0.563035775517202
0.09942979330007128,0.563035775517202
0.09942979330007128,0.563150074294205
0.09951888809693514,0.563150074294205
0.09951888809693514,0.5632643730712081
0.099607982893799,0.5632643730712081
0.099607982893799,0.5638358669562236
0.09969707769066287,0.5638358669562236
0.09969707769066287,0.5640644645102297
0.0998752672843906,0.5640644645102297
0.0998752672843906,0.5641787632872328
0.09996436208125445,0.5641787632872328
0.09996436208125445,0.564407360841239
0.10005345687811831,0.564407360841239
0.10005345687811831,0.5645216596182421
0.10023164647184604,0.5645216596182421
0.10023164647184604,0.5647502571722482
0.1003207412687099,0.5647502571722482
0.1003207412687099,0.5649788547262544
0.10049893086243764,0.5649788547262544
0.10049893086243764,0.5652074522802606
0.10067712045616536,0.5652074522802606
0.10067712045616536,0.5654360498342668
0.10076621525302923,0.5654360498342668
0.10076621525302923,0.5655503486112698
0.10085531004989308,0.5655503486112698
0.10085531004989308,0.5656646473882729
0.10094440484675694,0.5656646473882729
0.10094440484675694,0.565778946165276
0.10121168923734854,0.565778946165276
0.10121168923734854,0.5662361412732884
0.1013007840342124,0.5662361412732884
0.1013007840342124,0.5665790376042976
0.10138987883107627,0.5665790376042976
0.10138987883107627,0.5666933363813007
0.10147897362794013,0.5666933363813007
0.10147897362794013,0.56703623271231
0.101568068424804,0.56703623271231
0.101568068424804,0.567150531489313
0.10174625801853172,0.567150531489313
0.10174625801853172,0.5685221168133501
0.1020135424091233,0.5685221168133501
0.1020135424091233,0.5687507143673562
0.10210263720598717,0.5687507143673562
0.10210263720598717,0.5688650131443593
0.10219173200285103,0.5688650131443593
0.10219173200285103,0.5689793119213624
0.10236992159657876,0.5689793119213624
0.10236992159657876,0.5693222082523717
0.10245901639344263,0.5693222082523717
0.10245901639344263,0.569779403360384
0.10272630078403422,0.569779403360384
0.10272630078403422,0.5700080009143902
0.10290449037776193,0.5700080009143902
0.10290449037776193,0.5704651960224025
0.1029935851746258,0.5704651960224025
0.1029935851746258,0.5708080923534118
0.10326086956521739,0.5708080923534118
0.10326086956521739,0.5712652874614241
0.10334996436208126,0.5712652874614241
0.10334996436208126,0.5719510801234426
0.10343905915894512,0.5719510801234426
0.10343905915894512,0.5721796776774488
0.10352815395580899,0.5721796776774488
0.10352815395580899,0.5725225740084581
0.10361724875267285,0.5725225740084581
0.10361724875267285,0.5732083666704766
0.10379543834640056,0.5732083666704766
0.10379543834640056,0.5733226654474797
0.10388453314326443,0.5733226654474797
0.10388453314326443,0.5735512630014858
0.1039736279401283,0.5735512630014858
0.1039736279401283,0.5736655617784889
0.10406272273699216,0.5736655617784889
0.10406272273699216,0.573779860555492
0.10433000712758375,0.573779860555492
0.10433000712758375,0.5743513544405074
0.10441910192444762,0.5743513544405074
0.10441910192444762,0.5748085495485198
0.10459729151817534,0.5748085495485198
0.10459729151817534,0.575037147102526
0.10477548111190306,0.575037147102526
0.10477548111190306,0.5754943422105383
0.10495367070563079,0.5754943422105383
0.10495367070563079,0.5756086409875414
0.10513186029935852,0.5756086409875414
0.10513186029935852,0.5757229397645445
0.10522095509622238,0.5757229397645445
0.10522095509622238,0.5758372385415476
0.10539914468995011,0.5758372385415476
0.10539914468995011,0.5761801348725568
0.10548823948681398,0.5761801348725568
0.10548823948681398,0.5767516287575722
0.10566642908054169,0.5767516287575722
0.10566642908054169,0.5770945250885815
0.10575552387740556,0.5770945250885815
0.10575552387740556,0.5773231226425877
0.10584461867426942,0.5773231226425877
0.10584461867426942,0.5776660189735969
0.10593371347113328,0.5776660189735969
0.10593371347113328,0.5780089153046062
0.10611190306486101,0.5780089153046062
0.10611190306486101,0.5788090067436279
0.1063791874554526,0.5788090067436279
0.1063791874554526,0.578923305520631
0.10664647184604419,0.578923305520631
0.10664647184604419,0.5798376957366557
0.10673556664290805,0.5798376957366557
0.10673556664290805,0.5799519945136588
0.10682466143977191,0.5799519945136588
0.10682466143977191,0.5804091896216711
0.10691375623663578,0.5804091896216711
0.10691375623663578,0.5806377871756773
0.10709194583036351,0.5806377871756773
0.10709194583036351,0.5810949822836896
0.10718104062722737,0.5810949822836896
0.10718104062722737,0.581552177391702
0.10727013542409124,0.581552177391702
0.10727013542409124,0.581666476168705
0.10744832501781897,0.581666476168705
0.10744832501781897,0.5820093724997143
0.10753741981468282,0.5820093724997143
0.10753741981468282,0.5821236712767174
0.10762651461154668,0.5821236712767174
0.10762651461154668,0.5824665676077266
0.10771560940841055,0.5824665676077266
0.10771560940841055,0.5826951651617328
0.10789379900213827,0.5826951651617328
0.10789379900213827,0.5828094639387359
0.1083392729864576,0.5828094639387359
0.1083392729864576,0.582923762715739
0.10842836778332145,0.582923762715739
0.10842836778332145,0.5830380614927421
0.10851746258018531,0.5830380614927421
0.10851746258018531,0.5831523602697452
0.10860655737704918,0.5831523602697452
0.10860655737704918,0.5833809578237513
0.10869565217391304,0.5833809578237513
0.10869565217391304,0.5834952566007544
0.10887384176764077,0.5834952566007544
0.10887384176764077,0.5836095553777575
0.10896293656450463,0.5836095553777575
0.10896293656450463,0.5837238541547606
0.1090520313613685,0.5837238541547606
0.1090520313613685,0.5839524517087668
0.10914112615823236,0.5839524517087668
0.10914112615823236,0.5841810492627729
0.10940841054882394,0.5841810492627729
0.10940841054882394,0.584295348039776
0.1097647897362794,0.584295348039776
0.1097647897362794,0.5850954394787976
0.10985388453314326,0.5850954394787976
0.10985388453314326,0.5852097382558007
0.10994297933000713,0.5852097382558007
0.10994297933000713,0.585666933363813
0.110032074126871,0.585666933363813
0.110032074126871,0.5857812321408161
0.11012116892373486,0.5857812321408161
0.11012116892373486,0.5858955309178192
0.11038845331432644,0.5858955309178192
0.11038845331432644,0.5864670248028346
0.1104775481111903,0.5864670248028346
0.1104775481111903,0.5870385186878501
0.11065573770491803,0.5870385186878501
0.11065573770491803,0.5873814150188593
0.1107448325017819,0.5873814150188593
0.1107448325017819,0.5876100125728655
0.11083392729864576,0.5876100125728655
0.11083392729864576,0.5877243113498686
0.11092302209550962,0.5877243113498686
0.11092302209550962,0.588295805234884
0.11101211689237349,0.588295805234884
0.11101211689237349,0.5885244027888902
0.11110121168923735,0.5885244027888902
0.11110121168923735,0.5887530003428963
0.11154668567355666,0.5887530003428963
0.11154668567355666,0.5889815978969025
0.11163578047042053,0.5889815978969025
0.11163578047042053,0.5890958966739056
0.11172487526728439,0.5890958966739056
0.11172487526728439,0.5892101954509087
0.11199215965787598,0.5892101954509087
0.11199215965787598,0.589553091781918
0.11217034925160371,0.589553091781918
0.11217034925160371,0.5900102868899303
0.11225944404846756,0.5900102868899303
0.11225944404846756,0.5902388844439365
0.11234853884533143,0.5902388844439365
0.11234853884533143,0.5903531832209395
0.11243763364219529,0.5903531832209395
0.11243763364219529,0.5904674819979426
0.11252672843905916,0.5904674819979426
0.11252672843905916,0.5905817807749457
0.11279401282965075,0.5905817807749457
0.11279401282965075,0.5906960795519488
0.11288310762651461,0.5906960795519488
0.11288310762651461,0.5908103783289519
0.11306129722024234,0.5908103783289519
0.11306129722024234,0.5911532746599611
0.11315039201710621,0.5911532746599611
0.11315039201710621,0.5919533660989827
0.11350677120456165,0.5919533660989827
0.11350677120456165,0.5920676648759858
0.11359586600142552,0.5920676648759858
0.11359586600142552,0.592296262429992
0.11368496079828938,0.592296262429992
0.11368496079828938,0.5927534575380043
0.11377405559515325,0.5927534575380043
0.11377405559515325,0.5929820550920105
0.11395224518888097,0.5929820550920105
0.11395224518888097,0.5930963538690136
0.11404133998574484,0.5930963538690136
0.11404133998574484,0.5932106526460167
0.11421952957947255,0.5932106526460167
0.11421952957947255,0.5938964453080352
0.11430862437633642,0.5938964453080352
0.11430862437633642,0.5942393416390445
0.11448681397006415,0.5942393416390445
0.11448681397006415,0.5946965367470568
0.11475409836065574,0.5946965367470568
0.11475409836065574,0.5948108355240599
0.1148431931575196,0.5948108355240599
0.1148431931575196,0.5950394330780661
0.11493228795438347,0.5950394330780661
0.11493228795438347,0.5952680306320722
0.11502138275124733,0.5952680306320722
0.11502138275124733,0.5956109269630815
0.11511047754811118,0.5956109269630815
0.11511047754811118,0.5974397073951309
0.11537776193870278,0.5974397073951309
0.11537776193870278,0.597554006172134
0.11591233071988596,0.597554006172134
0.11591233071988596,0.597668304949137
0.11600142551674983,0.597668304949137
0.11600142551674983,0.5977826037261401
0.11662508909479687,0.5977826037261401
0.11662508909479687,0.5982397988341525
0.11671418389166073,0.5982397988341525
0.11671418389166073,0.5983540976111555
0.1168032786885246,0.5983540976111555
0.1168032786885246,0.5988112927191679
0.11698146828225231,0.5988112927191679
0.11698146828225231,0.598925591496171
0.11707056307911617,0.598925591496171
0.11707056307911617,0.5992684878271802
0.11715965787598004,0.5992684878271802
0.11715965787598004,0.5993827866041833
0.1172487526728439,0.5993827866041833
0.1172487526728439,0.5994970853811864
0.11778332145402709,0.5994970853811864
0.11778332145402709,0.600297176820208
0.11787241625089095,0.600297176820208
0.11787241625089095,0.6008686707052234
0.11805060584461867,0.6008686707052234
0.11805060584461867,0.6010972682592296
0.11831789023521026,0.6010972682592296
0.11831789023521026,0.6012115670362327
0.11840698503207413,0.6012115670362327
0.11840698503207413,0.6013258658132358
0.11849607982893799,0.6013258658132358
0.11849607982893799,0.6014401645902389
0.11858517462580186,0.6014401645902389
0.11858517462580186,0.601668762144245
0.11903064861012116,0.601668762144245
0.11903064861012116,0.6017830609212481
0.11911974340698503,0.6017830609212481
0.11911974340698503,0.6020116584752543
0.1192088382038489,0.6020116584752543
0.1192088382038489,0.6021259572522574
0.11929793300071276,0.6021259572522574
0.11929793300071276,0.6024688535832666
0.11938702779757662,0.6024688535832666
0.11938702779757662,0.6028117499142759
0.11956521739130435,0.6028117499142759
0.11956521739130435,0.6031546462452851
0.11974340698503208,0.6031546462452851
0.11974340698503208,0.6034975425762944
0.11983250178189593,0.6034975425762944
0.11983250178189593,0.6040690364613098
0.1199215965787598,0.6040690364613098
0.1199215965787598,0.6049834266773345
0.12027797576621525,0.6049834266773345
0.12027797576621525,0.6050977254543376
0.12045616535994298,0.6050977254543376
0.12045616535994298,0.6053263230083438
0.12054526015680685,0.6053263230083438
0.12054526015680685,0.6054406217853469
0.12072344975053458,0.6054406217853469
0.12072344975053458,0.6057835181163561
0.12081254454739843,0.6057835181163561
0.12081254454739843,0.6060121156703623
0.12099073414112615,0.6060121156703623
0.12099073414112615,0.606926505886387
0.12107982893799002,0.606926505886387
0.12107982893799002,0.60704080466339
0.12116892373485388,0.60704080466339
0.12116892373485388,0.6076122985484055
0.12125801853171775,0.6076122985484055
0.12125801853171775,0.6079551948794147
0.12134711332858161,0.6079551948794147
0.12134711332858161,0.6080694936564178
0.1216143977191732,0.6080694936564178
0.1216143977191732,0.6085266887644302
0.12170349251603706,0.6085266887644302
0.12170349251603706,0.6087552863184363
0.12188168210976479,0.6087552863184363
0.12188168210976479,0.6088695850954394
0.12214896650035638,0.6088695850954394
0.12214896650035638,0.6093267802034518
0.12223806129722024,0.6093267802034518
0.12223806129722024,0.609441078980455
0.12241625089094797,0.609441078980455
0.12241625089094797,0.6098982740884673
0.12277263007840342,0.6098982740884673
0.12277263007840342,0.6100125728654704
0.12295081967213115,0.6100125728654704
0.12295081967213115,0.6101268716424735
0.12321810406272274,0.6101268716424735
0.12321810406272274,0.6105840667504858
0.1233071988595866,0.6105840667504858
0.1233071988595866,0.6106983655274889
0.12348538845331433,0.6106983655274889
0.12348538845331433,0.6110412618584982
0.12366357804704205,0.6110412618584982
0.12366357804704205,0.6111555606355012
0.12375267284390591,0.6111555606355012
0.12375267284390591,0.6114984569665105
0.12393086243763364,0.6114984569665105
0.12393086243763364,0.6116127557435136
0.1240199572344975,0.6116127557435136
0.1240199572344975,0.6119556520745228
0.12419814682822523,0.6119556520745228
0.12419814682822523,0.612184249628529
0.12464362081254454,0.612184249628529
0.12464362081254454,0.6124128471825352
0.1247327156094084,0.6124128471825352
0.1247327156094084,0.6125271459595383
0.12491090520313614,0.6125271459595383
0.12491090520313614,0.6126414447365414
0.125,0.6126414447365414
0.125,0.6128700422905475
0.12517818959372773,0.6128700422905475
0.12517818959372773,0.613441536175563
0.12535637918745546,0.613441536175563
0.12535637918745546,0.613555834952566
0.12544547398431932,0.613555834952566
0.12544547398431932,0.6137844325065722
0.1255345687811832,0.6137844325065722
0.1255345687811832,0.6142416276145846
0.12571275837491092,0.6142416276145846
0.12571275837491092,0.6145845239455938
0.12580185317177478,0.6145845239455938
0.12580185317177478,0.6151560178306092
0.12589094796863864,0.6151560178306092
0.12589094796863864,0.6153846153846154
0.12598004276550248,0.6153846153846154
0.12598004276550248,0.6157275117156247
0.1261582323592302,0.6157275117156247
0.1261582323592302,0.6160704080466339
0.12633642195295794,0.6160704080466339
0.12633642195295794,0.6165276031546463
0.12660370634354953,0.6165276031546463
0.12660370634354953,0.6167562007086524
0.12678189593727726,0.6167562007086524
0.12678189593727726,0.6169847982626586
0.126960085531005,0.6169847982626586
0.126960085531005,0.6170990970396617
0.1274055595153243,0.6170990970396617
0.1274055595153243,0.617556292147674
0.1276728439059159,0.617556292147674
0.1276728439059159,0.6176705909246771
0.12794012829650747,0.6176705909246771
0.12794012829650747,0.6178991884786833
0.12820741268709906,0.6178991884786833
0.12820741268709906,0.6180134872556864
0.1283856022808268,0.6180134872556864
0.1283856022808268,0.6184706823636987
0.12856379187455452,0.6184706823636987
0.12856379187455452,0.6189278774717111
0.1286528866714184,0.6189278774717111
0.1286528866714184,0.6190421762487142
0.12892017106200998,0.6190421762487142
0.12892017106200998,0.6191564750257172
0.1290983606557377,0.6191564750257172
0.1290983606557377,0.6192707738027203
0.12918745545260157,0.6192707738027203
0.12918745545260157,0.6197279689107327
0.12927655024946544,0.6197279689107327
0.12927655024946544,0.6199565664647388
0.1293656450463293,0.6199565664647388
0.1293656450463293,0.6200708652417419
0.12945473984319317,0.6200708652417419
0.12945473984319317,0.6204137615727512
0.12954383464005703,0.6204137615727512
0.12954383464005703,0.6205280603497543
0.1298111190306486,0.6205280603497543
0.1298111190306486,0.6206423591267574
0.12990021382751246,0.6206423591267574
0.12990021382751246,0.6208709566807635
0.12998930862437633,0.6208709566807635
0.12998930862437633,0.6209852554577666
0.13016749821810406,0.6209852554577666
0.13016749821810406,0.6210995542347697
0.13025659301496792,0.6210995542347697
0.13025659301496792,0.6212138530117728
0.13043478260869565,0.6212138530117728
0.13043478260869565,0.6216710481197851
0.1307911617961511,0.6216710481197851
0.1307911617961511,0.6218996456737913
0.13088025659301497,0.6218996456737913
0.13088025659301497,0.6221282432277975
0.13096935138987884,0.6221282432277975
0.13096935138987884,0.6229283346668191
0.1310584461867427,0.6229283346668191
0.1310584461867427,0.6231569322208252
0.13114754098360656,0.6231569322208252
0.13114754098360656,0.6234998285518345
0.13123663578047043,0.6234998285518345
0.13123663578047043,0.6240713224368499
0.1313257305773343,0.6240713224368499
0.1313257305773343,0.624185621213853
0.13150392017106202,0.624185621213853
0.13150392017106202,0.6242999199908561
0.13186029935851745,0.6242999199908561
0.13186029935851745,0.6244142187678592
0.13194939415538132,0.6244142187678592
0.13194939415538132,0.6246428163218654
0.13203848895224518,0.6246428163218654
0.13203848895224518,0.6249857126528746
0.13212758374910905,0.6249857126528746
0.13212758374910905,0.6251000114298777
0.1322166785459729,0.6251000114298777
0.1322166785459729,0.6256715053148931
0.13230577334283677,0.6256715053148931
0.13230577334283677,0.6257858040918962
0.1324839629365645,0.6257858040918962
0.1324839629365645,0.6261287004229055
0.13257305773342837,0.6261287004229055
0.13257305773342837,0.6262429991999086
0.13284034212401996,0.6262429991999086
0.13284034212401996,0.626814493084924
0.13310762651461155,0.626814493084924
0.13310762651461155,0.6270430906389302
0.13337491090520315,0.6270430906389302
0.13337491090520315,0.6271573894159332
0.13355310049893085,0.6271573894159332
0.13355310049893085,0.6273859869699394
0.1336421952957947,0.6273859869699394
0.1336421952957947,0.6278431820779518
0.13373129009265858,0.6278431820779518
0.13373129009265858,0.6280717796319579
0.13382038488952244,0.6280717796319579
0.13382038488952244,0.6288718710709795
0.13399857448325017,0.6288718710709795
0.13399857448325017,0.6292147674019888
0.13435495367070563,0.6292147674019888
0.13435495367070563,0.629443364955995
0.13453314326443336,0.629443364955995
0.13453314326443336,0.6296719625100011
0.13462223806129722,0.6296719625100011
0.13462223806129722,0.6297862612870042
0.1347113328581611,0.6297862612870042
0.1347113328581611,0.6299005600640073
0.13497861724875268,0.6299005600640073
0.13497861724875268,0.6302434563950166
0.1351568068424804,0.6302434563950166
0.1351568068424804,0.6303577551720196
0.13524590163934427,0.6303577551720196
0.13524590163934427,0.6304720539490227
0.1356022808267997,0.6304720539490227
0.1356022808267997,0.6309292490570351
0.13569137562366357,0.6309292490570351
0.13569137562366357,0.6310435478340382
0.1358695652173913,0.6310435478340382
0.1358695652173913,0.6312721453880443
0.13595866001425516,0.6312721453880443
0.13595866001425516,0.6315007429420505
0.1361368496079829,0.6315007429420505
0.1361368496079829,0.6317293404960567
0.13622594440484675,0.6317293404960567
0.13622594440484675,0.6320722368270659
0.13667141838916608,0.6320722368270659
0.13667141838916608,0.632186535604069
0.13676051318602994,0.632186535604069
0.13676051318602994,0.6323008343810721
0.13693870277975767,0.6323008343810721
0.13693870277975767,0.6331009258200937
0.13702779757662154,0.6331009258200937
0.13702779757662154,0.6336724197051091
0.1371168923734854,0.6336724197051091
0.1371168923734854,0.6342439135901246
0.13720598717034926,0.6342439135901246
0.13720598717034926,0.6345868099211338
0.13738417676407697,0.6345868099211338
0.13738417676407697,0.6347011086981369
0.13791874554526015,0.6347011086981369
0.13791874554526015,0.63481540747514
0.13800784034212402,0.63481540747514
0.13800784034212402,0.6349297062521431
0.13818602993585175,0.6349297062521431
0.13818602993585175,0.6351583038061492
0.13845331432644334,0.6351583038061492
0.13845331432644334,0.6352726025831523
0.1385424091233072,0.6352726025831523
0.1385424091233072,0.6355012001371585
0.13863150392017107,0.6355012001371585
0.13863150392017107,0.6356154989141616
0.13889878831076266,0.6356154989141616
0.13889878831076266,0.6357297976911647
0.1390769779044904,0.6357297976911647
0.1390769779044904,0.6359583952451708
0.13916607270135425,0.6359583952451708
0.13916607270135425,0.636186992799177
0.1392551674982181,0.636186992799177
0.1392551674982181,0.6363012915761801
0.13934426229508196,0.6363012915761801
0.13934426229508196,0.6366441879071894
0.13943335709194582,0.6366441879071894
0.13943335709194582,0.6372156817922048
0.13952245188880968,0.6372156817922048
0.13952245188880968,0.6373299805692079
0.13961154668567355,0.6373299805692079
0.13961154668567355,0.6376728769002171
0.1397006414825374,0.6376728769002171
0.1397006414825374,0.6377871756772202
0.13978973627940128,0.6377871756772202
0.13978973627940128,0.6379014744542233
0.14032430506058446,0.6379014744542233
0.14032430506058446,0.6382443707852326
0.1405024946543122,0.6382443707852326
0.1405024946543122,0.6383586695622356
0.14068068424803992,0.6383586695622356
0.14068068424803992,0.6387015658932449
0.14085887384176765,0.6387015658932449
0.14085887384176765,0.638815864670248
0.14112615823235922,0.638815864670248
0.14112615823235922,0.6389301634472511
0.14121525302922308,0.6389301634472511
0.14121525302922308,0.6391587610012572
0.1413934426229508,0.6391587610012572
0.1413934426229508,0.6392730597782603
0.141928011404134,0.6392730597782603
0.141928011404134,0.6395016573322665
0.14201710620099786,0.6395016573322665
0.14201710620099786,0.6396159561092696
0.14246258018531718,0.6396159561092696
0.14246258018531718,0.6400731512172819
0.14255167498218105,0.6400731512172819
0.14255167498218105,0.640187449994285
0.1426407697790449,0.640187449994285
0.1426407697790449,0.6403017487712881
0.1430862437633642,0.6403017487712881
0.1430862437633642,0.6404160475482912
0.14344262295081966,0.6404160475482912
0.14344262295081966,0.6405303463252943
0.14353171774768353,0.6405303463252943
0.14353171774768353,0.6408732426563036
0.1436208125445474,0.6408732426563036
0.1436208125445474,0.6411018402103098
0.14379900213827512,0.6411018402103098
0.14379900213827512,0.6414447365413191
0.143888096935139,0.6414447365413191
0.143888096935139,0.6415590353183221
0.14397719173200285,0.6415590353183221
0.14397719173200285,0.6419019316493314
0.14406628652886672,0.6419019316493314
0.14406628652886672,0.6422448279803407
0.14442266571632217,0.6422448279803407
0.14442266571632217,0.6423591267573437
0.14468995010691377,0.6423591267573437
0.14468995010691377,0.6429306206423592
0.14477904490377763,0.6429306206423592
0.14477904490377763,0.6433878157503715
0.1450463292943692,0.6433878157503715
0.1450463292943692,0.6435021145273746
0.14513542409123306,0.6435021145273746
0.14513542409123306,0.6443022059663962
0.1453136136849608,0.6443022059663962
0.1453136136849608,0.6445308035204024
0.14540270848182466,0.6445308035204024
0.14540270848182466,0.6448736998514116
0.14549180327868852,0.6448736998514116
0.14549180327868852,0.6449879986284147
0.14566999287241625,0.6449879986284147
0.14566999287241625,0.6451022974054178
0.1457590876692801,0.6451022974054178
0.1457590876692801,0.645330894959424
0.14593727726300784,0.645330894959424
0.14593727726300784,0.6456737912904332
0.1460263720598717,0.6456737912904332
0.1460263720598717,0.6457880900674363
0.14611546685673557,0.6457880900674363
0.14611546685673557,0.6460166876214425
0.14620456165359944,0.6460166876214425
0.14620456165359944,0.6464738827294548
0.14665003563791876,0.6464738827294548
0.14665003563791876,0.6465881815064579
0.14673913043478262,0.6465881815064579
0.14673913043478262,0.646702480283461
0.14691732002851032,0.646702480283461
0.14691732002851032,0.6469310778374672
0.14709550962223805,0.6469310778374672
0.14709550962223805,0.6470453766144703
0.14718460441910192,0.6470453766144703
0.14718460441910192,0.6471596753914733
0.14736279401282965,0.6471596753914733
0.14736279401282965,0.6472739741684764
0.1477191732002851,0.6472739741684764
0.1477191732002851,0.6475025717224826
0.1479864575908767,0.6475025717224826
0.1479864575908767,0.6478454680534919
0.14807555238774056,0.6478454680534919
0.14807555238774056,0.648074065607498
0.1482537419814683,0.648074065607498
0.1482537419814683,0.6483026631615042
0.14834283677833215,0.6483026631615042
0.14834283677833215,0.6484169619385073
0.14852102637205988,0.6484169619385073
0.14852102637205988,0.6486455594925135
0.14861012116892375,0.6486455594925135
0.14861012116892375,0.6489884558235227
0.14869921596578758,0.6489884558235227
0.14869921596578758,0.6491027546005258
0.14878831076265145,0.6491027546005258
0.14878831076265145,0.649331352154532
0.1488774055595153,0.649331352154532
0.1488774055595153,0.6497885472625443
0.14896650035637918,0.6497885472625443
0.14896650035637918,0.6499028460395474
0.14905559515324304,0.6499028460395474
0.14905559515324304,0.6501314435935536
0.14950106913756236,0.6501314435935536
0.14950106913756236,0.6502457423705567
0.1496792587312901,0.6502457423705567
0.1496792587312901,0.6503600411475597
0.14985744832501782,0.6503600411475597
0.14985744832501782,0.6505886387015659
0.15012473271560942,0.6505886387015659
0.15012473271560942,0.6509315350325752
0.15021382751247328,0.6509315350325752
0.15021382751247328,0.6510458338095783
0.15030292230933714,0.6510458338095783
0.15030292230933714,0.6511601325865813
0.1505702066999287,0.6511601325865813
0.1505702066999287,0.6513887301405875
0.15065930149679257,0.6513887301405875
0.15065930149679257,0.6515030289175906
0.15074839629365644,0.6515030289175906
0.15074839629365644,0.6516173276945937
0.1508374910905203,0.6516173276945937
0.1508374910905203,0.6517316264715968
0.15101568068424803,0.6517316264715968
0.15101568068424803,0.6523031203566122
0.15128296507483963,0.6523031203566122
0.15128296507483963,0.6527603154646245
0.15172843905915895,0.6527603154646245
0.15172843905915895,0.6528746142416276
0.1518175338560228,0.6528746142416276
0.1518175338560228,0.6531032117956338
0.15190662865288668,0.6531032117956338
0.15190662865288668,0.6536747056806492
0.15199572344975054,0.6536747056806492
0.15199572344975054,0.6539033032346554
0.15217391304347827,0.6539033032346554
0.15217391304347827,0.6542461995656647
0.15226300784034213,0.6542461995656647
0.15226300784034213,0.6544747971196708
0.152352102637206,0.6544747971196708
0.152352102637206,0.6548176934506801
0.1525302922309337,0.6548176934506801
0.1525302922309337,0.6549319922276832
0.15261938702779757,0.6549319922276832
0.15261938702779757,0.6556177848897017
0.15270848182466143,0.6556177848897017
0.15270848182466143,0.6557320836667048
0.1530648610121169,0.6557320836667048
0.1530648610121169,0.6558463824437079
0.15315395580898075,0.6558463824437079
0.15315395580898075,0.6559606812207109
0.15333214540270848,0.6559606812207109
0.15333214540270848,0.6561892787747171
0.1537776193870278,0.6561892787747171
0.1537776193870278,0.6563035775517202
0.15386671418389167,0.6563035775517202
0.15386671418389167,0.6566464738827295
0.15395580898075553,0.6566464738827295
0.15395580898075553,0.6567607726597325
0.1540449037776194,0.6567607726597325
0.1540449037776194,0.6568750714367356
0.15422309337134713,0.6568750714367356
0.15422309337134713,0.6569893702137387
0.15440128296507483,0.6569893702137387
0.15440128296507483,0.657332266544748
0.15511404133998574,0.657332266544748
0.15511404133998574,0.6579037604297634
0.1552031361368496,0.6579037604297634
0.1552031361368496,0.6580180592067665
0.15555951532430506,0.6580180592067665
0.15555951532430506,0.6585895530917819
0.1557377049180328,0.6585895530917819
0.1557377049180328,0.658703851868785
0.15582679971489666,0.658703851868785
0.15582679971489666,0.6588181506457881
0.15591589451176052,0.6588181506457881
0.15591589451176052,0.6589324494227912
0.15618317890235212,0.6589324494227912
0.15618317890235212,0.6590467481997943
0.15636136849607982,0.6590467481997943
0.15636136849607982,0.6591610469767973
0.15653955808980755,0.6591610469767973
0.15653955808980755,0.6592753457538004
0.15680684248039914,0.6592753457538004
0.15680684248039914,0.6596182420848097
0.1571632216678546,0.6596182420848097
0.1571632216678546,0.6597325408618128
0.1574305060584462,0.6597325408618128
0.1574305060584462,0.6599611384158189
0.15751960085531005,0.6599611384158189
0.15751960085531005,0.6603040347468282
0.15769779044903778,0.6603040347468282
0.15769779044903778,0.6604183335238313
0.15805416963649324,0.6604183335238313
0.15805416963649324,0.6605326323008344
0.15823235923022094,0.6605326323008344
0.15823235923022094,0.6606469310778375
0.15841054882394867,0.6606469310778375
0.15841054882394867,0.6607612298548405
0.1585887384176764,0.6607612298548405
0.1585887384176764,0.6608755286318436
0.15867783321454026,0.6608755286318436
0.15867783321454026,0.6609898274088467
0.158856022808268,0.6609898274088467
0.158856022808268,0.6612184249628529
0.15894511760513186,0.6612184249628529
0.15894511760513186,0.661332723739856
0.1591233071988596,0.661332723739856
0.1591233071988596,0.6616756200708652
0.15921240199572345,0.6616756200708652
0.15921240199572345,0.6617899188478683
0.15930149679258732,0.6617899188478683
0.15930149679258732,0.6623614127328837
0.15947968638631504,0.6623614127328837
0.15947968638631504,0.6625900102868899
0.1595687811831789,0.6625900102868899
0.1595687811831789,0.662704309063893
0.15974697077690664,0.662704309063893
0.15974697077690664,0.6631615041719053
0.1598360655737705,0.6631615041719053
0.1598360655737705,0.6635044005029146
0.15992516037063437,0.6635044005029146
0.15992516037063437,0.6637329980569208
0.16001425516749823,0.6637329980569208
0.16001425516749823,0.6638472968339239
0.16010334996436207,0.6638472968339239
0.16010334996436207,0.66407589438793
0.16019244476122593,0.66407589438793
0.16019244476122593,0.6641901931649331
0.1602815395580898,0.6641901931649331
0.1602815395580898,0.6643044919419362
0.16037063435495366,0.6643044919419362
0.16037063435495366,0.6646473882729454
0.16063791874554526,0.6646473882729454
0.16063791874554526,0.6648759858269516
0.16072701354240912,0.6648759858269516
0.16072701354240912,0.6651045833809578
0.16090520313613685,0.6651045833809578
0.16090520313613685,0.6652188821579609
0.16161796151104776,0.6652188821579609
0.16161796151104776,0.665333180934964
0.16170705630791163,0.665333180934964
0.16170705630791163,0.665447479711967
0.16188524590163936,0.665447479711967
0.16188524590163936,0.6656760772659732
0.1619743406985032,0.6656760772659732
0.1619743406985032,0.6661332723739856
0.16206343549536706,0.6661332723739856
0.16206343549536706,0.6662475711509886
0.16215253029223092,0.6662475711509886
0.16215253029223092,0.6665904674819979
0.16259800427655025,0.6665904674819979
0.16259800427655025,0.6668190650360041
0.16277619387027797,0.6668190650360041
0.16277619387027797,0.6672762601440164
0.16286528866714184,0.6672762601440164
0.16286528866714184,0.6673905589210195
0.1629543834640057,0.6673905589210195
0.1629543834640057,0.6675048576980226
0.16313257305773343,0.6675048576980226
0.16313257305773343,0.6676191564750257
0.16331076265146116,0.6676191564750257
0.16331076265146116,0.6677334552520288
0.16339985744832503,0.6677334552520288
0.16339985744832503,0.6678477540290318
0.1634889522451889,0.6678477540290318
0.1634889522451889,0.6679620528060349
0.16357804704205275,0.6679620528060349
0.16357804704205275,0.6681906503600411
0.16366714183891662,0.6681906503600411
0.16366714183891662,0.6687621442450565
0.1641126158232359,0.6687621442450565
0.1641126158232359,0.6689907417990627
0.16429080541696364,0.6689907417990627
0.16429080541696364,0.6691050405760658
0.16446899501069137,0.6691050405760658
0.16446899501069137,0.6692193393530689
0.16473627940128296,0.6692193393530689
0.16473627940128296,0.669447936907075
0.16509265858873842,0.669447936907075
0.16509265858873842,0.6699051320150874
0.1651817533856023,0.6699051320150874
0.1651817533856023,0.6702480283460966
0.16527084818246615,0.6702480283460966
0.16527084818246615,0.6705909246771059
0.16535994297933002,0.6705909246771059
0.16535994297933002,0.670705223454109
0.16544903777619388,0.670705223454109
0.16544903777619388,0.6710481197851182
0.16553813257305774,0.6710481197851182
0.16553813257305774,0.6713910161161275
0.1658054169636493,0.6713910161161275
0.1658054169636493,0.6716196136701337
0.16589451176051317,0.6716196136701337
0.16589451176051317,0.6718482112241398
0.16598360655737704,0.6718482112241398
0.16598360655737704,0.6727626014401646
0.1660727013542409,0.6727626014401646
0.1660727013542409,0.6728769002171677
0.16625089094796863,0.6728769002171677
0.16625089094796863,0.6735626928791862
0.16651817533856023,0.6735626928791862
0.16651817533856023,0.6736769916561893
0.1666072701354241,0.6736769916561893
0.1666072701354241,0.6737912904331924
0.16669636493228795,0.6737912904331924
0.16669636493228795,0.6741341867642017
0.16678545972915182,0.6741341867642017
0.16678545972915182,0.6743627843182078
0.167320028510335,0.6743627843182078
0.167320028510335,0.6744770830952109
0.16740912330719887,0.6744770830952109
0.16740912330719887,0.6748199794262202
0.1675873129009266,0.6748199794262202
0.1675873129009266,0.6749342782032233
0.16785459729151816,0.6749342782032233
0.16785459729151816,0.6751628757572294
0.16794369208838203,0.6751628757572294
0.16794369208838203,0.6752771745342325
0.16812188168210976,0.6752771745342325
0.16812188168210976,0.6755057720882387
0.1683000712758375,0.6755057720882387
0.1683000712758375,0.6756200708652418
0.16838916607270135,0.6756200708652418
0.16838916607270135,0.6757343696422449
0.16847826086956522,0.6757343696422449
0.16847826086956522,0.675962967196251
0.16856735566642908,0.675962967196251
0.16856735566642908,0.6763058635272603
0.16865645046329295,0.6763058635272603
0.16865645046329295,0.677220253743285
0.1690128296507484,0.677220253743285
0.1690128296507484,0.6773345525202881
0.16910192444761227,0.6773345525202881
0.16910192444761227,0.6774488512972912
0.16919101924447613,0.6774488512972912
0.16919101924447613,0.6775631500742942
0.16928011404134,0.6775631500742942
0.16928011404134,0.6779060464053035
0.1697255880256593,0.6779060464053035
0.1697255880256593,0.6782489427363128
0.16999287241625088,0.6782489427363128
0.16999287241625088,0.6787061378443251
0.1701710620099786,0.6787061378443251
0.1701710620099786,0.6788204366213282
0.1704383464005702,0.6788204366213282
0.1704383464005702,0.6789347353983313
0.17052744119743407,0.6789347353983313
0.17052744119743407,0.6791633329523374
0.17061653599429794,0.6791633329523374
0.17061653599429794,0.6792776317293405
0.17088382038488953,0.6792776317293405
0.17088382038488953,0.6795062292833467
0.1709729151817534,0.6795062292833467
0.1709729151817534,0.6797348268373529
0.17106200997861726,0.6797348268373529
0.17106200997861726,0.679849125614356
0.171240199572345,0.679849125614356
0.171240199572345,0.679963424391359
0.1714183891660727,0.679963424391359
0.1714183891660727,0.6800777231683621
0.17195295794725587,0.6800777231683621
0.17195295794725587,0.6803063207223683
0.17204205274411974,0.6803063207223683
0.17204205274411974,0.6805349182763745
0.17222024233784747,0.6805349182763745
0.17222024233784747,0.6806492170533776
0.17230933713471133,0.6806492170533776
0.17230933713471133,0.6808778146073837
0.1723984319315752,0.6808778146073837
0.1723984319315752,0.6809921133843868
0.17275481111903065,0.6809921133843868
0.17275481111903065,0.681220710938393
0.17293300071275838,0.681220710938393
0.17293300071275838,0.6816779060464053
0.17302209550962225,0.6816779060464053
0.17302209550962225,0.6819065036004115
0.1731111903064861,0.6819065036004115
0.1731111903064861,0.6821351011544177
0.1735566642908054,0.6821351011544177
0.1735566642908054,0.6822493999314208
0.17400213827512473,0.6822493999314208
0.17400213827512473,0.6823636987084238
0.1740912330719886,0.6823636987084238
0.1740912330719886,0.6824779974854269
0.17453670705630792,0.6824779974854269
0.17453670705630792,0.68259229626243
0.1748039914468995,0.68259229626243
0.1748039914468995,0.6828208938164362
0.17489308624376337,0.6828208938164362
0.17489308624376337,0.6829351925934393
0.1750712758374911,0.6829351925934393
0.1750712758374911,0.6830494913704424
0.17542765502494653,0.6830494913704424
0.17542765502494653,0.6832780889244485
0.1755167498218104,0.6832780889244485
0.1755167498218104,0.6837352840324609
0.17587312900926586,0.6837352840324609
0.17587312900926586,0.6840781803634701
0.17596222380612972,0.6840781803634701
0.17596222380612972,0.6841924791404732
0.17658588738417677,0.6841924791404732
0.17658588738417677,0.6844210766944794
0.17667498218104064,0.6844210766944794
0.17667498218104064,0.6849925705794948
0.1767640769779045,0.6849925705794948
0.1767640769779045,0.6854497656875072
0.1772095509622238,0.6854497656875072
0.1772095509622238,0.6856783632415133
0.17729864575908766,0.6856783632415133
0.17729864575908766,0.6857926620185164
0.1774768353528154,0.6857926620185164
0.1774768353528154,0.6859069607955195
0.17756593014967925,0.6859069607955195
0.17756593014967925,0.6860212595725226
0.17774411974340698,0.6860212595725226
0.17774411974340698,0.6862498571265288
0.17783321454027085,0.6862498571265288
0.17783321454027085,0.6863641559035318
0.1779223093371347,0.6863641559035318
0.1779223093371347,0.686592753457538
0.17810049893086244,0.686592753457538
0.17810049893086244,0.6871642473425534
0.17827868852459017,0.6871642473425534
0.17827868852459017,0.6872785461195565
0.1784568781183179,0.6872785461195565
0.1784568781183179,0.6875071436735627
0.17881325730577335,0.6875071436735627
0.17881325730577335,0.6877357412275689
0.17899144689950106,0.6877357412275689
0.17899144689950106,0.687850040004572
0.17908054169636492,0.687850040004572
0.17908054169636492,0.687964338781575
0.17916963649322878,0.687964338781575
0.17916963649322878,0.6880786375585781
0.1793478260869565,0.6880786375585781
0.1793478260869565,0.6881929363355812
0.1796151104775481,0.6881929363355812
0.1796151104775481,0.6884215338895874
0.17979330007127584,0.6884215338895874
0.17979330007127584,0.6888787289975997
0.1798823948681397,0.6888787289975997
0.1798823948681397,0.6889930277746028
0.17997148966500356,0.6889930277746028
0.17997148966500356,0.6893359241056121
0.18006058446186743,0.6893359241056121
0.18006058446186743,0.6894502228826151
0.1801496792587313,0.6894502228826151
0.1801496792587313,0.6897931192136244
0.18032786885245902,0.6897931192136244
0.18032786885245902,0.6899074179906275
0.18050605844618675,0.6899074179906275
0.18050605844618675,0.6900217167676306
0.18077334283677834,0.6900217167676306
0.18077334283677834,0.6903646130986398
0.1808624376336422,0.6903646130986398
0.1808624376336422,0.690593210652646
0.18095153243050605,0.690593210652646
0.18095153243050605,0.6907075094296491
0.1810406272273699,0.6907075094296491
0.1810406272273699,0.6909361069836553
0.1813079116179615,0.6909361069836553
0.1813079116179615,0.6911647045376614
0.18139700641482537,0.6911647045376614
0.18139700641482537,0.6913933020916676
0.1818424803991447,0.6913933020916676
0.1818424803991447,0.6915076008686707
0.18202066999287242,0.6915076008686707
0.18202066999287242,0.6916218996456738
0.18210976478973628,0.6916218996456738
0.18210976478973628,0.6920790947536861
0.182287954383464,0.6920790947536861
0.182287954383464,0.6921933935306892
0.18237704918032788,0.6921933935306892
0.18237704918032788,0.6923076923076923
0.18246614397719174,0.6923076923076923
0.18246614397719174,0.6924219910846954
0.18264433357091947,0.6924219910846954
0.18264433357091947,0.6925362898616985
0.1830007127583749,0.6925362898616985
0.1830007127583749,0.6926505886387015
0.18308980755523876,0.6926505886387015
0.18308980755523876,0.6928791861927077
0.1832679971489665,0.6928791861927077
0.1832679971489665,0.6931077837467139
0.18335709194583036,0.6931077837467139
0.18335709194583036,0.6933363813007201
0.18344618674269422,0.6933363813007201
0.18344618674269422,0.6936792776317293
0.1835352815395581,0.6936792776317293
0.1835352815395581,0.6939078751857355
0.18362437633642195,0.6939078751857355
0.18362437633642195,0.6940221739627386
0.18371347113328582,0.6940221739627386
0.18371347113328582,0.6944793690707509
0.1839807555238774,0.6944793690707509
0.1839807555238774,0.694593667847754
0.18406985032074127,0.694593667847754
0.18406985032074127,0.6947079666247571
0.1845153243050606,0.6947079666247571
0.1845153243050606,0.6948222654017602
0.18478260869565216,0.6948222654017602
0.18478260869565216,0.6950508629557663
0.18504989308624376,0.6950508629557663
0.18504989308624376,0.6951651617327694
0.18531717747683535,0.6951651617327694
0.18531717747683535,0.6953937592867756
0.1854062722736992,0.6953937592867756
0.1854062722736992,0.6956223568407818
0.18576265146115467,0.6956223568407818
0.18576265146115467,0.695850954394788
0.1859408410548824,0.695850954394788
0.1859408410548824,0.695965253171791
0.18602993585174626,0.695965253171791
0.18602993585174626,0.6960795519487941
0.18611903064861013,0.6960795519487941
0.18611903064861013,0.6963081495028003
0.186208125445474,0.6963081495028003
0.186208125445474,0.6965367470568065
0.18638631503920172,0.6965367470568065
0.18638631503920172,0.6968796433878157
0.1866535994297933,0.6968796433878157
0.1866535994297933,0.6971082409418219
0.18674269422665715,0.6971082409418219
0.18674269422665715,0.697222539718825
0.18692088382038488,0.697222539718825
0.18692088382038488,0.6973368384958281
0.18700997861724875,0.6973368384958281
0.18700997861724875,0.6974511372728311
0.1873663578047042,0.6974511372728311
0.1873663578047042,0.6975654360498342
0.18745545260156807,0.6975654360498342
0.18745545260156807,0.6976797348268373
0.18781183178902353,0.6976797348268373
0.18781183178902353,0.6977940336038404
0.18825730577334285,0.6977940336038404
0.18825730577334285,0.6979083323808435
0.1883464005702067,0.6979083323808435
0.1883464005702067,0.6981369299348497
0.18843549536707058,0.6981369299348497
0.18843549536707058,0.6987084238198651
0.18870277975766214,0.6987084238198651
0.18870277975766214,0.6988227225968682
0.188791874554526,0.6988227225968682
0.188791874554526,0.6989370213738713
0.18897006414825374,0.6989370213738713
0.18897006414825374,0.6990513201508743
0.1890591589451176,0.6990513201508743
0.1890591589451176,0.6992799177048805
0.18914825374198146,0.6992799177048805
0.18914825374198146,0.6995085152588867
0.18941553813257306,0.6995085152588867
0.18941553813257306,0.6996228140358898
0.18950463292943692,0.6996228140358898
0.18950463292943692,0.6997371128128929
0.18968282252316465,0.6997371128128929
0.18968282252316465,0.7000800091439021
0.1900392017106201,0.7000800091439021
0.1900392017106201,0.7001943079209052
0.1903064861012117,0.7001943079209052
0.1903064861012117,0.7003086066979083
0.1904846756949394,0.7003086066979083
0.1904846756949394,0.7006515030289175
0.19057377049180327,0.7006515030289175
0.19057377049180327,0.7007658018059206
0.19066286528866713,0.7007658018059206
0.19066286528866713,0.7009943993599268
0.190751960085531,0.7009943993599268
0.190751960085531,0.7013372956909361
0.19093014967925873,0.7013372956909361
0.19093014967925873,0.7015658932449422
0.1910192444761226,0.7015658932449422
0.1910192444761226,0.7016801920219453
0.19110833927298645,0.7016801920219453
0.19110833927298645,0.7017944907989484
0.19128652886671418,0.7017944907989484
0.19128652886671418,0.7020230883529546
0.1914647184604419,0.7020230883529546
0.1914647184604419,0.7022516859069607
0.19155381325730578,0.7022516859069607
0.19155381325730578,0.7023659846839638
0.19182109764789737,0.7023659846839638
0.19182109764789737,0.70259458223797
0.19191019244476124,0.70259458223797
0.19191019244476124,0.7027088810149731
0.19253385602280826,0.7027088810149731
0.19253385602280826,0.7029374785689793
0.19297933000712758,0.7029374785689793
0.19297933000712758,0.7032803748999886
0.1931575196008553,0.7032803748999886
0.1931575196008553,0.7035089724539948
0.19360299358517463,0.7035089724539948
0.19360299358517463,0.7039661675620071
0.1936920883820385,0.7039661675620071
0.1936920883820385,0.7043090638930164
0.19378118317890236,0.7043090638930164
0.19378118317890236,0.7045376614470226
0.19387027797576623,0.7045376614470226
0.19387027797576623,0.7046519602240257
0.19449394155381325,0.7046519602240257
0.19449394155381325,0.7047662590010287
0.1945830363506771,0.7047662590010287
0.1945830363506771,0.705109155332038
0.19467213114754098,0.705109155332038
0.19467213114754098,0.7053377528860442
0.19476122594440484,0.7053377528860442
0.19476122594440484,0.7055663504400503
0.1948503207412687,0.7055663504400503
0.1948503207412687,0.7056806492170534
0.19493941553813257,0.7056806492170534
0.19493941553813257,0.7059092467710596
0.19502851033499644,0.7059092467710596
0.19502851033499644,0.7065950394330781
0.1951176051318603,0.7065950394330781
0.1951176051318603,0.7070522345410905
0.1953848895224519,0.7070522345410905
0.1953848895224519,0.7073951308720997
0.1956521739130435,0.7073951308720997
0.1956521739130435,0.707738027203109
0.19574126870990735,0.707738027203109
0.19574126870990735,0.7079666247571151
0.19583036350677122,0.7079666247571151
0.19583036350677122,0.7083095210881244
0.19591945830363508,0.7083095210881244
0.19591945830363508,0.7084238198651275
0.19600855310049894,0.7084238198651275
0.19600855310049894,0.7085381186421306
0.19609764789736278,0.7085381186421306
0.19609764789736278,0.7086524174191337
0.19618674269422665,0.7086524174191337
0.19618674269422665,0.7087667161961367
0.1962758374910905,0.7087667161961367
0.1962758374910905,0.7088810149731398
0.1965431218816821,0.7088810149731398
0.1965431218816821,0.7089953137501429
0.19663221667854597,0.7089953137501429
0.19663221667854597,0.709109612527146
0.1968104062722737,0.709109612527146
0.1968104062722737,0.7093382100811522
0.19698859586600143,0.7093382100811522
0.19698859586600143,0.7096811064121614
0.1975231646471846,0.7096811064121614
0.1975231646471846,0.7099097039661676
0.19770135424091234,0.7099097039661676
0.19770135424091234,0.7100240027431707
0.1977904490377762,0.7100240027431707
0.1977904490377762,0.7102526002971769
0.1987704918032787,0.7102526002971769
0.1987704918032787,0.7103668990741799
0.19885958660014255,0.7103668990741799
0.19885958660014255,0.710481197851183
0.19912687099073414,0.710481197851183
0.19912687099073414,0.7107097954051892
0.1994832501781896,0.7107097954051892
0.1994832501781896,0.7109383929591954
0.19966143977191733,0.7109383929591954
0.19966143977191733,0.7110526917361985
0.1997505345687812,0.7110526917361985
0.1997505345687812,0.7111669905132015
0.20001781895937276,0.7111669905132015
0.20001781895937276,0.7115098868442108
0.2001960085531005,0.7115098868442108
0.2001960085531005,0.711738484398217
0.20028510334996436,0.711738484398217
0.20028510334996436,0.7119670819522231
0.20046329294369208,0.7119670819522231
0.20046329294369208,0.7125385758372386
0.20055238774055595,0.7125385758372386
0.20055238774055595,0.7126528746142416
0.20081967213114754,0.7126528746142416
0.20081967213114754,0.7128814721682478
0.2009087669280114,0.7128814721682478
0.2009087669280114,0.7129957709452509
0.20099786172487527,0.7129957709452509
0.20099786172487527,0.713110069722254
0.20108695652173914,0.713110069722254
0.20108695652173914,0.7137958623842725
0.20126514611546686,0.7137958623842725
0.20126514611546686,0.7141387587152818
0.20135424091233073,0.7141387587152818
0.20135424091233073,0.7143673562692879
0.20153243050605846,0.7143673562692879
0.20153243050605846,0.7149388501543034
0.20171062009978616,0.7149388501543034
0.20171062009978616,0.7150531489313064
0.20197790449037775,0.7150531489313064
0.20197790449037775,0.7152817464853126
0.20206699928724162,0.7152817464853126
0.20206699928724162,0.7153960452623157
0.20224518888096935,0.7153960452623157
0.20224518888096935,0.7156246428163219
0.2023342836778332,0.7156246428163219
0.2023342836778332,0.7160818379243342
0.20242337847469707,0.7160818379243342
0.20242337847469707,0.7161961367013373
0.20251247327156094,0.7161961367013373
0.20251247327156094,0.7164247342553435
0.20277975766215253,0.7164247342553435
0.20277975766215253,0.7165390330323466
0.20295794725588026,0.7165390330323466
0.20295794725588026,0.7166533318093496
0.20331432644333572,0.7166533318093496
0.20331432644333572,0.7167676305863527
0.2035816108339273,0.7167676305863527
0.2035816108339273,0.7168819293633558
0.20367070563079115,0.7168819293633558
0.20367070563079115,0.7169962281403589
0.20384889522451888,0.7169962281403589
0.20384889522451888,0.717110526917362
0.20411617961511047,0.717110526917362
0.20411617961511047,0.7172248256943651
0.20420527441197434,0.7172248256943651
0.20420527441197434,0.7174534232483712
0.20438346400570206,0.7174534232483712
0.20438346400570206,0.7175677220253743
0.2045616535994298,0.7175677220253743
0.2045616535994298,0.7177963195793805
0.20465074839629366,0.7177963195793805
0.20465074839629366,0.7179106183563836
0.20500712758374912,0.7179106183563836
0.20500712758374912,0.7180249171333867
0.20509622238061298,0.7180249171333867
0.20509622238061298,0.7181392159103898
0.2052744119743407,0.7181392159103898
0.2052744119743407,0.7190536061264144
0.20563079116179614,0.7190536061264144
0.20563079116179614,0.7191679049034175
0.20571988595866,0.7191679049034175
0.20571988595866,0.7192822036804206
0.20589807555238773,0.7192822036804206
0.20589807555238773,0.7196251000114299
0.2059871703492516,0.7196251000114299
0.2059871703492516,0.719739398788433
0.20616535994297933,0.719739398788433
0.20616535994297933,0.719853697565436
0.20643264433357092,0.719853697565436
0.20643264433357092,0.7200822951194422
0.20652173913043478,0.7200822951194422
0.20652173913043478,0.7201965938964453
0.20661083392729865,0.7201965938964453
0.20661083392729865,0.7204251914504515
0.2066999287241625,0.7204251914504515
0.2066999287241625,0.7206537890044576
0.2069672131147541,0.7206537890044576
0.2069672131147541,0.7207680877814607
0.2072344975053457,0.7207680877814607
0.2072344975053457,0.7212252828894731
0.20732359230220956,0.7212252828894731
0.20732359230220956,0.7213395816664762
0.20750178189593727,0.7213395816664762
0.20750178189593727,0.7214538804434792
0.20812544547398432,0.7214538804434792
0.20812544547398432,0.7220253743284947
0.20821454027084818,0.7220253743284947
0.20821454027084818,0.7222539718825008
0.2083927298645759,0.7222539718825008
0.2083927298645759,0.7223682706595039
0.2089272986457591,0.7223682706595039
0.2089272986457591,0.722482569436507
0.2093727726300784,0.722482569436507
0.2093727726300784,0.7227111669905132
0.20946186742694226,0.7227111669905132
0.20946186742694226,0.7228254657675163
0.20955096222380612,0.7228254657675163
0.20955096222380612,0.7230540633215224
0.20990734141126158,0.7230540633215224
0.20990734141126158,0.7231683620985255
0.20999643620812544,0.7231683620985255
0.20999643620812544,0.7232826608755286
0.2100855310049893,0.7232826608755286
0.2100855310049893,0.7236255572065379
0.21026372059871704,0.7236255572065379
0.21026372059871704,0.723739855983541
0.2103528153955809,0.723739855983541
0.2103528153955809,0.7239684535375471
0.21053100498930863,0.7239684535375471
0.21053100498930863,0.7243113498685564
0.2106200997861725,0.7243113498685564
0.2106200997861725,0.7244256486455595
0.2108873841767641,0.7244256486455595
0.2108873841767641,0.7246542461995656
0.21106557377049182,0.7246542461995656
0.21106557377049182,0.7247685449765687
0.2115110477548111,0.7247685449765687
0.2115110477548111,0.7248828437535718
0.21186742694226657,0.7248828437535718
0.21186742694226657,0.7253400388615842
0.21213471133285816,0.7253400388615842
0.21213471133285816,0.7256829351925934
0.21258018531717748,0.7256829351925934
0.21258018531717748,0.7260258315236027
0.21266928011404135,0.7260258315236027
0.21266928011404135,0.7261401303006058
0.21284746970776908,0.7261401303006058
0.21284746970776908,0.7262544290776088
0.2130256593014968,0.7262544290776088
0.2130256593014968,0.7265973254086181
0.21311475409836064,0.7265973254086181
0.21311475409836064,0.7267116241856212
0.2132038488952245,0.7267116241856212
0.2132038488952245,0.7270545205166304
0.21329294369208837,0.7270545205166304
0.21329294369208837,0.7271688192936335
0.2134711332858161,0.7271688192936335
0.2134711332858161,0.7273974168476397
0.21356022808267996,0.7273974168476397
0.21356022808267996,0.7275117156246428
0.21364932287954383,0.7275117156246428
0.21364932287954383,0.7279689107326551
0.21427298645759088,0.7279689107326551
0.21427298645759088,0.7281975082866613
0.2144511760513186,0.7281975082866613
0.2144511760513186,0.7284261058406675
0.21462936564504634,0.7284261058406675
0.21462936564504634,0.7286547033946736
0.21489665003563793,0.7286547033946736
0.21489665003563793,0.7289975997256829
0.21498574483250177,0.7289975997256829
0.21498574483250177,0.729111898502686
0.2151639344262295,0.729111898502686
0.2151639344262295,0.7292261972796891
0.21560940841054882,0.7292261972796891
0.21560940841054882,0.7294547948336952
0.21578759800427655,0.7294547948336952
0.21578759800427655,0.7300262887187107
0.216143977191732,0.7300262887187107
0.216143977191732,0.7302548862727168
0.21632216678545974,0.7302548862727168
0.21632216678545974,0.730483483826723
0.2164112615823236,0.730483483826723
0.2164112615823236,0.7308263801577323
0.21650035637918746,0.7308263801577323
0.21650035637918746,0.7310549777117384
0.21658945117605133,0.7310549777117384
0.21658945117605133,0.7312835752657446
0.2168567355666429,0.7312835752657446
0.2168567355666429,0.731740770373757
0.21694583036350676,0.731740770373757
0.21694583036350676,0.73185506915076
0.21703492516037062,0.73185506915076
0.21703492516037062,0.7320836667047662
0.2171240199572345,0.7320836667047662
0.2171240199572345,0.7324265630357755
0.21721311475409835,0.7324265630357755
0.21721311475409835,0.7325408618127786
0.21730220955096222,0.7325408618127786
0.21730220955096222,0.733112355697794
0.21748039914468995,0.733112355697794
0.21748039914468995,0.7332266544747971
0.2175694939415538,0.7332266544747971
0.2175694939415538,0.7333409532518002
0.21774768353528154,0.7333409532518002
0.21774768353528154,0.7334552520288032
0.2178367783321454,0.7334552520288032
0.2178367783321454,0.7336838495828094
0.21819315751960086,0.7336838495828094
0.21819315751960086,0.7337981483598125
0.21846044191019245,0.7337981483598125
0.21846044191019245,0.7340267459138187
0.21872772630078405,0.7340267459138187
0.21872772630078405,0.7341410446908218
0.21881682109764788,0.7341410446908218
0.21881682109764788,0.7342553434678248
0.2192622950819672,0.7342553434678248
0.2192622950819672,0.7343696422448279
0.21961867426942266,0.7343696422448279
0.21961867426942266,0.7345982397988342
0.2197968638631504,0.7345982397988342
0.2197968638631504,0.7351697336838496
0.22024233784746972,0.7351697336838496
0.22024233784746972,0.7355126300148589
0.22033143264433358,0.7355126300148589
0.22033143264433358,0.7357412275688651
0.2205096222380613,0.7357412275688651
0.2205096222380613,0.7358555263458681
0.220687811831789,0.7358555263458681
0.220687811831789,0.7359698251228712
0.22077690662865287,0.7359698251228712
0.22077690662865287,0.7360841238998743
0.22086600142551674,0.7360841238998743
0.22086600142551674,0.7361984226768774
0.22140057020669993,0.7361984226768774
0.22140057020669993,0.7364270202308836
0.22157875980042765,0.7364270202308836
0.22157875980042765,0.7366556177848897
0.22166785459729152,0.7366556177848897
0.22166785459729152,0.7368842153388959
0.22211332858161084,0.7368842153388959
0.22211332858161084,0.736998514115899
0.22229151817533857,0.736998514115899
0.22229151817533857,0.7372271116699052
0.22238061297220243,0.7372271116699052
0.22238061297220243,0.7373414104469083
0.2224697077690663,0.7373414104469083
0.2224697077690663,0.7374557092239113
0.222647897362794,0.7374557092239113
0.222647897362794,0.7375700080009144
0.2229151817533856,0.7375700080009144
0.2229151817533856,0.7376843067779175
0.22309337134711332,0.7376843067779175
0.22309337134711332,0.7377986055549206
0.2231824661439772,0.7377986055549206
0.2231824661439772,0.7380272031089268
0.22327156094084105,0.7380272031089268
0.22327156094084105,0.7381415018859299
0.22344975053456878,0.7381415018859299
0.22344975053456878,0.738255800662933
0.22353884533143265,0.738255800662933
0.22353884533143265,0.738370099439936
0.2241625089094797,0.738370099439936
0.2241625089094797,0.7384843982169391
0.22434069850320743,0.7384843982169391
0.22434069850320743,0.7385986969939422
0.2244297933000713,0.7385986969939422
0.2244297933000713,0.7387129957709453
0.22451888809693513,0.7387129957709453
0.22451888809693513,0.7389415933249515
0.22478617248752672,0.7389415933249515
0.22478617248752672,0.7390558921019545
0.22514255167498218,0.7390558921019545
0.22514255167498218,0.7391701908789576
0.22523164647184604,0.7391701908789576
0.22523164647184604,0.7393987884329638
0.2253207412687099,0.7393987884329638
0.2253207412687099,0.7395130872099669
0.22567712045616536,0.7395130872099669
0.22567712045616536,0.7398559835409761
0.22594440484675696,0.7398559835409761
0.22594440484675696,0.7400845810949823
0.22603349964362082,0.7400845810949823
0.22603349964362082,0.7404274774259916
0.2261225944404847,0.7404274774259916
0.2261225944404847,0.7406560749799977
0.22638987883107625,0.7406560749799977
0.22638987883107625,0.7407703737570008
0.22683535281539557,0.7407703737570008
0.22683535281539557,0.740998971311007
0.2270135424091233,0.740998971311007
0.2270135424091233,0.7411132700880101
0.22719173200285103,0.7411132700880101
0.22719173200285103,0.7413418676420163
0.2272808267997149,0.7413418676420163
0.2272808267997149,0.7417990627500286
0.22736992159657876,0.7417990627500286
0.22736992159657876,0.7419133615270317
0.22745901639344263,0.7419133615270317
0.22745901639344263,0.7420276603040348
0.2275481111903065,0.7420276603040348
0.2275481111903065,0.7421419590810379
0.22781539558089808,0.7421419590810379
0.22781539558089808,0.742256257858041
0.2279935851746258,0.742256257858041
0.2279935851746258,0.742370556635044
0.22808267997148968,0.742370556635044
0.22808267997148968,0.7424848554120471
0.22817177476835354,0.7424848554120471
0.22817177476835354,0.7428277517430564
0.22826086956521738,0.7428277517430564
0.22826086956521738,0.7429420505200595
0.22834996436208124,0.7429420505200595
0.22834996436208124,0.7430563492970625
0.2284390591589451,0.7430563492970625
0.2284390591589451,0.7431706480740656
0.22861724875267284,0.7431706480740656
0.22861724875267284,0.7432849468510687
0.22888453314326443,0.7432849468510687
0.22888453314326443,0.7433992456280718
0.2289736279401283,0.7433992456280718
0.2289736279401283,0.7435135444050749
0.22906272273699216,0.7435135444050749
0.22906272273699216,0.7437421419590811
0.22915181753385602,0.7437421419590811
0.22915181753385602,0.7438564407360841
0.22933000712758375,0.7438564407360841
0.22933000712758375,0.7440850382900903
0.22941910192444762,0.7440850382900903
0.22941910192444762,0.7444279346210996
0.2296863863150392,0.7444279346210996
0.2296863863150392,0.7445422333981027
0.22977548111190307,0.7445422333981027
0.22977548111190307,0.7446565321751057
0.23004276550249467,0.7446565321751057
0.23004276550249467,0.744999428506115
0.2301318602993585,0.744999428506115
0.2301318602993585,0.7451137272831181
0.23022095509622237,0.7451137272831181
0.23022095509622237,0.7453423248371243
0.23031004989308623,0.7453423248371243
0.23031004989308623,0.7455709223911304
0.2303991446899501,0.7455709223911304
0.2303991446899501,0.7456852211681335
0.23048823948681396,0.7456852211681335
0.23048823948681396,0.7460281174991428
0.23075552387740556,0.7460281174991428
0.23075552387740556,0.746256715053149
0.23093371347113328,0.746256715053149
0.23093371347113328,0.7465996113841582
0.23102280826799715,0.7465996113841582
0.23102280826799715,0.7467139101611613
0.2313791874554526,0.7467139101611613
0.2313791874554526,0.7469425077151675
0.23182466143977193,0.7469425077151675
0.23182466143977193,0.7470568064921705
0.2319137562366358,0.7470568064921705
0.2319137562366358,0.7471711052691736
0.2320919458303635,0.7471711052691736
0.2320919458303635,0.7472854040461767
0.23218104062722736,0.7472854040461767
0.23218104062722736,0.7477425991541891
0.2323592302209551,0.7477425991541891
0.2323592302209551,0.7478568979311921
0.23253741981468282,0.7478568979311921
0.23253741981468282,0.7480854954851983
0.2328047042052744,0.7480854954851983
0.2328047042052744,0.7481997942622014
0.23289379900213827,0.7481997942622014
0.23289379900213827,0.7485426905932107
0.233071988595866,0.7485426905932107
0.233071988595866,0.7486569893702137
0.2333392729864576,0.7486569893702137
0.2333392729864576,0.7487712881472168
0.23342836778332146,0.7487712881472168
0.23342836778332146,0.7491141844782261
0.23351746258018533,0.7491141844782261
0.23351746258018533,0.7492284832552292
0.2336065573770492,0.7492284832552292
0.2336065573770492,0.7494570808092353
0.23387384176764078,0.7494570808092353
0.23387384176764078,0.7496856783632415
0.23405203136136848,0.7496856783632415
0.23405203136136848,0.7497999771402446
0.2342302209550962,0.7497999771402446
0.2342302209550962,0.7502571722482569
0.23431931575196008,0.7502571722482569
0.23431931575196008,0.75037147102526
0.23458660014255167,0.75037147102526
0.23458660014255167,0.7504857698022631
0.23467569493941554,0.7504857698022631
0.23467569493941554,0.7511715624642816
0.23494297933000713,0.7511715624642816
0.23494297933000713,0.7515144587952909
0.2352993585174626,0.7515144587952909
0.2352993585174626,0.7520859526803063
0.2357448325017819,0.7520859526803063
0.2357448325017819,0.7523145502343125
0.23601211689237347,0.7523145502343125
0.23601211689237347,0.7524288490113156
0.23610121168923734,0.7524288490113156
0.23610121168923734,0.7525431477883187
0.23636849607982893,0.7525431477883187
0.23636849607982893,0.753000342896331
0.2364575908766928,0.753000342896331
0.2364575908766928,0.7532289404503372
0.23654668567355666,0.7532289404503372
0.23654668567355666,0.7533432392273403
0.23690306486101212,0.7533432392273403
0.23690306486101212,0.7536861355583495
0.23725944404846758,0.7536861355583495
0.23725944404846758,0.7538004343353526
0.23859586600142552,0.7538004343353526
0.23859586600142552,0.7542576294433649
0.23868496079828938,0.7542576294433649
0.23868496079828938,0.754371928220368
0.2388631503920171,0.754371928220368
0.2388631503920171,0.7544862269973711
0.23895224518888097,0.7544862269973711
0.23895224518888097,0.7547148245513773
0.23904133998574484,0.7547148245513773
0.23904133998574484,0.7550577208823865
0.23921952957947257,0.7550577208823865
0.23921952957947257,0.7551720196593896
0.23948681397006416,0.7551720196593896
0.23948681397006416,0.7552863184363927
0.23957590876692803,0.7552863184363927
0.23957590876692803,0.7554006172133958
0.23975409836065573,0.7554006172133958
0.23975409836065573,0.7555149159903989
0.2398431931575196,0.7555149159903989
0.2398431931575196,0.755629214767402
0.24002138275124732,0.755629214767402
0.24002138275124732,0.7558578123214081
0.2402886671418389,0.7558578123214081
0.2402886671418389,0.7559721110984112
0.24064504632929437,0.7559721110984112
0.24064504632929437,0.7560864098754143
0.2408232359230221,0.7560864098754143
0.2408232359230221,0.7562007086524174
0.24144689950106915,0.7562007086524174
0.24144689950106915,0.7565436049834267
0.24162508909479685,0.7565436049834267
0.24162508909479685,0.7566579037604297
0.24171418389166072,0.7566579037604297
0.24171418389166072,0.7568865013144359
0.24180327868852458,0.7568865013144359
0.24180327868852458,0.757000800091439
0.2419814682822523,0.757000800091439
0.2419814682822523,0.7572293976454452
0.24215965787598004,0.7572293976454452
0.24215965787598004,0.7574579951994513
0.2422487526728439,0.7574579951994513
0.2422487526728439,0.7582580866384729
0.24233784746970777,0.7582580866384729
0.24233784746970777,0.7589438793004915
0.24242694226657163,0.7589438793004915
0.24242694226657163,0.7590581780774945
0.24296151104775482,0.7590581780774945
0.24296151104775482,0.7591724768544976
0.24313970064148255,0.7591724768544976
0.24313970064148255,0.75962967196251
0.2434069850320741,0.75962967196251
0.2434069850320741,0.759743970739513
0.24376336421952957,0.759743970739513
0.24376336421952957,0.7598582695165161
0.2439415538132573,0.7598582695165161
0.2439415538132573,0.7599725682935192
0.24429793300071276,0.7599725682935192
0.24429793300071276,0.7603154646245285
0.24438702779757662,0.7603154646245285
0.24438702779757662,0.7605440621785347
0.2444761225944405,0.7605440621785347
0.2444761225944405,0.7606583609555377
0.24465431218816822,0.7606583609555377
0.24465431218816822,0.7607726597325408
0.24474340698503208,0.7607726597325408
0.24474340698503208,0.7608869585095439
0.2449215965787598,0.7608869585095439
0.2449215965787598,0.761001257286547
0.24501069137562367,0.761001257286547
0.24501069137562367,0.7612298548405532
0.24509978617248754,0.7612298548405532
0.24509978617248754,0.7614584523945593
0.2451888809693514,0.7614584523945593
0.2451888809693514,0.7615727511715624
0.2453670705630791,0.7615727511715624
0.2453670705630791,0.7616870499485655
0.24545616535994297,0.7616870499485655
0.24545616535994297,0.7620299462795748
0.24572344975053456,0.7620299462795748
0.24572344975053456,0.7622585438335809
0.24599073414112615,0.7622585438335809
0.24599073414112615,0.7627157389415933
0.24607982893799002,0.7627157389415933
0.24607982893799002,0.7628300377185964
0.24616892373485388,0.7628300377185964
0.24616892373485388,0.7629443364955995
0.2463471133285816,0.7629443364955995
0.2463471133285816,0.7631729340496056
0.24652530292230934,0.7631729340496056
0.24652530292230934,0.7634015316036118
0.2468816821097648,0.7634015316036118
0.2468816821097648,0.7635158303806149
0.2471489665003564,0.7635158303806149
0.2471489665003564,0.763744427934621
0.2473271560940841,0.763744427934621
0.2473271560940841,0.7638587267116241
0.2475944404846757,0.7638587267116241
0.2475944404846757,0.7640873242656303
0.24768353528153955,0.7640873242656303
0.24768353528153955,0.7644302205966396
0.24777263007840342,0.7644302205966396
0.24777263007840342,0.7646588181506457
0.24786172487526728,0.7646588181506457
0.24786172487526728,0.7647731169276488
0.2485744832501782,0.7647731169276488
0.2485744832501782,0.7648874157046519
0.24875267284390593,0.7648874157046519
0.24875267284390593,0.765001714481655
0.2488417676407698,0.765001714481655
0.2488417676407698,0.7651160132586581
0.24893086243763365,0.7651160132586581
0.24893086243763365,0.7654589095896673
0.24901995723449752,0.7654589095896673
0.24901995723449752,0.7655732083666704
0.24937633642195295,0.7655732083666704
0.24937633642195295,0.7659161046976798
0.24964362081254454,0.7659161046976798
0.24964362081254454,0.7660304034746829
0.2497327156094084,0.7660304034746829
0.2497327156094084,0.7666018973596983
0.24982181040627227,0.7666018973596983
0.24982181040627227,0.7670590924677106
0.25008909479686386,0.7670590924677106
0.25008909479686386,0.7671733912447137
0.2502672843905916,0.7671733912447137
0.2502672843905916,0.7672876900217168
0.2509800427655025,0.7672876900217168
0.2509800427655025,0.7674019887987199
0.25133642195295797,0.7674019887987199
0.25133642195295797,0.767516287575723
0.2515146115466857,0.767516287575723
0.2515146115466857,0.7676305863527261
0.2516928011404134,0.7676305863527261
0.2516928011404134,0.7678591839067322
0.25187099073414115,0.7678591839067322
0.25187099073414115,0.7684306777917477
0.25196008553100496,0.7684306777917477
0.25196008553100496,0.7685449765687508
0.2520491803278688,0.7685449765687508
0.2520491803278688,0.7687735741227569
0.2521382751247327,0.7687735741227569
0.2521382751247327,0.76888787289976
0.2523164647184604,0.76888787289976
0.2523164647184604,0.7693450680077724
0.2524055595153243,0.7693450680077724
0.2524055595153243,0.7694593667847754
0.2526728439059159,0.7694593667847754
0.2526728439059159,0.7695736655617785
0.25276193870277974,0.7695736655617785
0.25276193870277974,0.7696879643387816
0.2531183178902352,0.7696879643387816
0.2531183178902352,0.7698022631157847
0.25329650748396293,0.7698022631157847
0.25329650748396293,0.7700308606697909
0.2533856022808268,0.7700308606697909
0.2533856022808268,0.770145159446794
0.2538310762651461,0.770145159446794
0.2538310762651461,0.770259458223797
0.25392017106201,0.770259458223797
0.25392017106201,0.7706023545548063
0.2540983606557377,0.7706023545548063
0.2540983606557377,0.7707166533318094
0.25498930862437635,0.7707166533318094
0.25498930862437635,0.7712881472168248
0.2551674982181041,0.7712881472168248
0.2551674982181041,0.771516744770831
0.25525659301496795,0.771516744770831
0.25525659301496795,0.7716310435478341
0.2556129722024234,0.7716310435478341
0.2556129722024234,0.7717453423248372
0.25588025659301494,0.7717453423248372
0.25588025659301494,0.7720882386558464
0.25605844618674267,0.7720882386558464
0.25605844618674267,0.7723168362098526
0.25614754098360654,0.7723168362098526
0.25614754098360654,0.7724311349868557
0.25632573057733427,0.7724311349868557
0.25632573057733427,0.7725454337638588
0.25641482537419813,0.7725454337638588
0.25641482537419813,0.7726597325408618
0.256503920171062,0.7726597325408618
0.256503920171062,0.7727740313178649
0.25659301496792586,0.7727740313178649
0.25659301496792586,0.7733455252028804
0.2567712045616536,0.7733455252028804
0.2567712045616536,0.7735741227568865
0.25686029935851745,0.7735741227568865
0.25686029935851745,0.7738027203108927
0.2570384889522452,0.7738027203108927
0.2570384889522452,0.7739170190878958
0.2574839629365645,0.7739170190878958
0.2574839629365645,0.7740313178648989
0.2577512473271561,0.7740313178648989
0.2577512473271561,0.774145616641902
0.2582858161083393,0.774145616641902
0.2582858161083393,0.774259915418905
0.258464005702067,0.774259915418905
0.258464005702067,0.7744885129729112
0.2585531004989309,0.7744885129729112
0.2585531004989309,0.7746028117499143
0.2592658588738418,0.7746028117499143
0.2592658588738418,0.7747171105269174
0.25935495367070566,0.7747171105269174
0.25935495367070566,0.7751743056349297
0.2596222380612972,0.7751743056349297
0.2596222380612972,0.7752886044119328
0.25971133285816106,0.7752886044119328
0.25971133285816106,0.7754029031889359
0.25997861724875265,0.7754029031889359
0.25997861724875265,0.7756315007429421
0.2601568068424804,0.7756315007429421
0.2601568068424804,0.7758600982969482
0.26051318602993584,0.7758600982969482
0.26051318602993584,0.7759743970739513
0.26078047042052743,0.7759743970739513
0.26078047042052743,0.7760886958509544
0.2611368496079829,0.7760886958509544
0.2611368496079829,0.7763172934049606
0.26122594440484675,0.7763172934049606
0.26122594440484675,0.7765458909589668
0.2613150392017106,0.7765458909589668
0.2613150392017106,0.7770030860669791
0.2616714183891661,0.7770030860669791
0.2616714183891661,0.7771173848439822
0.26176051318602994,0.7771173848439822
0.26176051318602994,0.7774602811749914
0.26193870277975767,0.7774602811749914
0.26193870277975767,0.7775745799519945
0.2621168923734854,0.7775745799519945
0.2621168923734854,0.7776888787289976
0.26247327156094086,0.7776888787289976
0.26247327156094086,0.7778031775060007
0.2625623663578047,0.7778031775060007
0.2625623663578047,0.7779174762830038
0.2628296507483963,0.7779174762830038
0.2628296507483963,0.7780317750600069
0.26300784034212404,0.7780317750600069
0.26300784034212404,0.7786032689450223
0.2630969351389879,0.7786032689450223
0.2630969351389879,0.7787175677220254
0.2631860299358518,0.7787175677220254
0.2631860299358518,0.7788318664990285
0.2632751247327156,0.7788318664990285
0.2632751247327156,0.7789461652760316
0.26336421952957945,0.7789461652760316
0.26336421952957945,0.7790604640530346
0.26363150392017104,0.7790604640530346
0.26363150392017104,0.7791747628300377
0.26389878831076263,0.7791747628300377
0.26389878831076263,0.7792890616070408
0.2641660727013542,0.7792890616070408
0.2641660727013542,0.7794033603840439
0.2644333570919458,0.7794033603840439
0.2644333570919458,0.7796319579380501
0.26461154668567355,0.7796319579380501
0.26461154668567355,0.7797462567150532
0.26514611546685674,0.7797462567150532
0.26514611546685674,0.7799748542690593
0.2652352102637206,0.7799748542690593
0.2652352102637206,0.7800891530460624
0.26532430506058446,0.7800891530460624
0.26532430506058446,0.7803177506000686
0.26541339985744833,0.7803177506000686
0.26541339985744833,0.7804320493770717
0.2656806842480399,0.7804320493770717
0.2656806842480399,0.7805463481540748
0.2657697790449038,0.7805463481540748
0.2657697790449038,0.7806606469310778
0.2659479686386315,0.7806606469310778
0.2659479686386315,0.7807749457080809
0.2660370634354954,0.7807749457080809
0.2660370634354954,0.7810035432620871
0.26612615823235924,0.7810035432620871
0.26612615823235924,0.7811178420390902
0.2667498218104063,0.7811178420390902
0.2667498218104063,0.7813464395930964
0.26683891660727016,0.7813464395930964
0.26683891660727016,0.7814607383700994
0.26719529579472556,0.7814607383700994
0.26719529579472556,0.7815750371471025
0.26746258018531716,0.7815750371471025
0.26746258018531716,0.7816893359241056
0.26772986457590875,0.7816893359241056
0.26772986457590875,0.7820322322551149
0.2678189593727726,0.7820322322551149
0.2678189593727726,0.782260829809121
0.2679080541696365,0.782260829809121
0.2679080541696365,0.7829466224711396
0.26826443335709194,0.7829466224711396
0.26826443335709194,0.7831752200251457
0.2686208125445474,0.7831752200251457
0.2686208125445474,0.7832895188021488
0.26870990734141126,0.7832895188021488
0.26870990734141126,0.7834038175791519
0.26897719173200285,0.7834038175791519
0.26897719173200285,0.783518116356155
0.26924447612259444,0.783518116356155
0.26924447612259444,0.7836324151331581
0.2694226657163222,0.7836324151331581
0.2694226657163222,0.7837467139101612
0.26951176051318604,0.7837467139101612
0.26951176051318604,0.7840896102411704
0.2698681397006415,0.7840896102411704
0.2698681397006415,0.7842039090181735
0.2700463292943692,0.7842039090181735
0.2700463292943692,0.7843182077951766
0.27022451888809695,0.7843182077951766
0.27022451888809695,0.7844325065721797
0.27049180327868855,0.7844325065721797
0.27049180327868855,0.7845468053491828
0.2705808980755524,0.7845468053491828
0.2705808980755524,0.7847754029031889
0.2706699928724163,0.7847754029031889
0.2706699928724163,0.784889701680192
0.27084818246614395,0.784889701680192
0.27084818246614395,0.7850040004571951
0.27111546685673554,0.7850040004571951
0.27111546685673554,0.7851182992341982
0.2712045616535994,0.7851182992341982
0.2712045616535994,0.7853468967882044
0.271471846044191,0.7853468967882044
0.271471846044191,0.7854611955652074
0.2717391304347826,0.7854611955652074
0.2717391304347826,0.7855754943422105
0.2720064148253742,0.7855754943422105
0.2720064148253742,0.7858040918962167
0.2722736992159658,0.7858040918962167
0.2722736992159658,0.7859183906732198
0.27280826799714897,0.7859183906732198
0.27280826799714897,0.786146988227226
0.27289736279401283,0.786146988227226
0.27289736279401283,0.786261287004229
0.2731646471846044,0.786261287004229
0.2731646471846044,0.7864898845582352
0.27334283677833215,0.7864898845582352
0.27334283677833215,0.7866041833352383
0.2735210263720599,0.7866041833352383
0.2735210263720599,0.7871756772202537
0.27361012116892375,0.7871756772202537
0.27361012116892375,0.7872899759972568
0.2737883107626515,0.7872899759972568
0.2737883107626515,0.7877471711052692
0.27387740555951534,0.7877471711052692
0.27387740555951534,0.7878614698822722
0.2739665003563792,0.7878614698822722
0.2739665003563792,0.7880900674362784
0.27405559515324307,0.7880900674362784
0.27405559515324307,0.7885472625442908
0.27414468995010693,0.7885472625442908
0.27414468995010693,0.7886615613212938
0.27432287954383466,0.7886615613212938
0.27432287954383466,0.7887758600982969
0.27441197434069853,0.7887758600982969
0.27441197434069853,0.7888901588753
0.2745010691375624,0.7888901588753
0.2745010691375624,0.7890044576523031
0.27459016393442626,0.7890044576523031
0.27459016393442626,0.7891187564293062
0.27467925873129007,0.7891187564293062
0.27467925873129007,0.7892330552063093
0.27476835352815393,0.7892330552063093
0.27476835352815393,0.7893473539833123
0.2748574483250178,0.7893473539833123
0.2748574483250178,0.7894616527603154
0.2750356379187455,0.7894616527603154
0.2750356379187455,0.7895759515373185
0.27521382751247325,0.7895759515373185
0.27521382751247325,0.7898045490913247
0.27574839629365644,0.7898045490913247
0.27574839629365644,0.790147445422334
0.27601568068424803,0.790147445422334
0.27601568068424803,0.790261744199337
0.27619387027797576,0.790261744199337
0.27619387027797576,0.7906046405303463
0.2762829650748396,0.7906046405303463
0.2762829650748396,0.7910618356383586
0.27646115466856735,0.7910618356383586
0.27646115466856735,0.7911761344153617
0.2765502494654312,0.7911761344153617
0.2765502494654312,0.791519030746371
0.2766393442622951,0.791519030746371
0.2766393442622951,0.7916333295233741
0.27672843905915895,0.7916333295233741
0.27672843905915895,0.7920905246313864
0.2768175338560228,0.7920905246313864
0.2768175338560228,0.7923191221853926
0.2769066286528867,0.7923191221853926
0.2769066286528867,0.7924334209623957
0.27699572344975054,0.7924334209623957
0.27699572344975054,0.7926620185164018
0.2770848182466144,0.7926620185164018
0.2770848182466144,0.7927763172934049
0.27717391304347827,0.7927763172934049
0.27717391304347827,0.792890616070408
0.2776193870277976,0.792890616070408
0.2776193870277976,0.7931192136244142
0.27770848182466146,0.7931192136244142
0.27770848182466146,0.7932335124014173
0.2778866714183892,0.7932335124014173
0.2778866714183892,0.7936907075094296
0.27824305060584464,0.7936907075094296
0.27824305060584464,0.7940336038404389
0.27859942979330005,0.7940336038404389
0.27859942979330005,0.794147902617442
0.2789558089807555,0.794147902617442
0.2789558089807555,0.7943765001714481
0.2792230933713471,0.7943765001714481
0.2792230933713471,0.7944907989484512
0.2797576621525303,0.7944907989484512
0.2797576621525303,0.7950622928334666
0.2800249465431219,0.7950622928334666
0.2800249465431219,0.7952908903874728
0.28011404133998574,0.7952908903874728
0.28011404133998574,0.7954051891644759
0.28038132573057734,0.7954051891644759
0.28038132573057734,0.795519487941479
0.2809158945117605,0.795519487941479
0.2809158945117605,0.7956337867184821
0.28109408410548825,0.7956337867184821
0.28109408410548825,0.7958623842724882
0.281272273699216,0.7958623842724882
0.281272273699216,0.7960909818264944
0.2817177476835353,0.7960909818264944
0.2817177476835353,0.7962052806034975
0.28189593727726303,0.7962052806034975
0.28189593727726303,0.7963195793805006
0.2821632216678546,0.7963195793805006
0.2821632216678546,0.7967767744885129
0.28225231646471843,0.7967767744885129
0.28225231646471843,0.7968910732655161
0.2823414112615823,0.7968910732655161
0.2823414112615823,0.7970053720425192
0.28243050605844616,0.7970053720425192
0.28243050605844616,0.7973482683735285
0.2828759800427655,0.7973482683735285
0.2828759800427655,0.7974625671505315
0.28296507483962935,0.7974625671505315
0.28296507483962935,0.7975768659275346
0.2831432644333571,0.7975768659275346
0.2831432644333571,0.7976911647045377
0.28323235923022094,0.7976911647045377
0.28323235923022094,0.7978054634815408
0.2833214540270848,0.7978054634815408
0.2833214540270848,0.7979197622585439
0.28349964362081254,0.7979197622585439
0.28349964362081254,0.798034061035547
0.2835887384176764,0.798034061035547
0.2835887384176764,0.7981483598125501
0.283856022808268,0.7981483598125501
0.283856022808268,0.7982626585895531
0.28394511760513186,0.7982626585895531
0.28394511760513186,0.7986055549205624
0.28421240199572345,0.7986055549205624
0.28421240199572345,0.7987198536975655
0.2843014967925873,0.7987198536975655
0.2843014967925873,0.7989484512515717
0.28447968638631504,0.7989484512515717
0.28447968638631504,0.7991770488055778
0.2845687811831789,0.7991770488055778
0.2845687811831789,0.799405646359584
0.2846578759800428,0.799405646359584
0.2846578759800428,0.7995199451365871
0.28492516037063437,0.7995199451365871
0.28492516037063437,0.8002057377986056
0.28519244476122596,0.8002057377986056
0.28519244476122596,0.8003200365756087
0.2856379187455453,0.8003200365756087
0.2856379187455453,0.800777231683621
0.28572701354240915,0.800777231683621
0.28572701354240915,0.8008915304606241
0.28608339272986455,0.8008915304606241
0.28608339272986455,0.8010058292376272
0.2861724875267284,0.8010058292376272
0.2861724875267284,0.8011201280146303
0.2862615823235923,0.8011201280146303
0.2862615823235923,0.8012344267916334
0.28643977191732,0.8012344267916334
0.28643977191732,0.8013487255686365
0.2869743406985032,0.8013487255686365
0.2869743406985032,0.8015773231226426
0.2871525302922309,0.8015773231226426
0.2871525302922309,0.8018059206766488
0.287776193870278,0.8018059206766488
0.287776193870278,0.8019202194536519
0.2879543834640057,0.8019202194536519
0.2879543834640057,0.802034518230655
0.2882216678545973,0.802034518230655
0.2882216678545973,0.802148817007658
0.28831076265146116,0.802148817007658
0.28857804704205275,0.8024917133386673
0.2889344262295082,0.8024917133386673
0.2889344262295082,0.8026060121156704
0.2890235210263721,0.8026060121156704
0.2890235210263721,0.8028346096696766
0.2892017106200998,0.8028346096696766
0.2892017106200998,0.8029489084466797
0.28991446899501067,0.8029489084466797
0.28991446899501067,0.8030632072236827
0.2902708481824661,0.8030632072236827
0.2902708481824661,0.803406103554692
0.29035994297933,0.803406103554692
0.29035994297933,0.8035204023316951
0.29071632216678545,0.8035204023316951
0.29071632216678545,0.8036347011086982
0.29098360655737704,0.8036347011086982
0.29098360655737704,0.8038632986627043
0.29125089094796863,0.8040918962167105
0.29125089094796863,0.8042061949937136
0.2913399857448325,0.8042061949937136
0.2913399857448325,0.8043204937707167
0.29142908054169636,0.8043204937707167
0.29142908054169636,0.804777688878729
0.2917854597291518,0.804777688878729
0.2917854597291518,0.8050062864327352
0.2920527441197434,0.8050062864327352
0.2920527441197434,0.8051205852097383
0.29240912330719887,0.8051205852097383
0.29240912330719887,0.8052348839867414
0.29249821810406273,0.8052348839867414
0.29249821810406273,0.8054634815407475
0.2925873129009266,0.8054634815407475
0.2925873129009266,0.8055777803177506
0.29267640769779046,0.8055777803177506
0.29267640769779046,0.8056920790947537
0.29294369208838206,0.8056920790947537
0.29294369208838206,0.8058063778717568
0.2933891660727014,0.8058063778717568
0.2933891660727014,0.8059206766487599
0.29383464005702065,0.8059206766487599
0.29383464005702065,0.8062635729797691
0.2939237348538845,0.8062635729797691
0.2939237348538845,0.8069493656417877
0.2940128296507484,0.8069493656417877
0.2940128296507484,0.8070636644187907
0.29410192444761224,0.8070636644187907
0.29410192444761224,0.8072922619727969
0.29436920883820383,0.8072922619727969
0.29436920883820383,0.8075208595268031
0.29454739843193156,0.8075208595268031
0.29454739843193156,0.8076351583038062
0.2947255880256593,0.8076351583038062
0.2947255880256593,0.8080923534118185
0.294903777619387,0.8080923534118185
0.294903777619387,0.8084352497428278
0.2954383464005702,0.8084352497428278
0.2954383464005702,0.8085495485198309
0.29552744119743407,0.8085495485198309
0.29552744119743407,0.8086638472968339
0.2957056307911618,0.8086638472968339
0.2957056307911618,0.808778146073837
0.29579472558802566,0.808778146073837
0.29579472558802566,0.8088924448508401
0.29588382038488953,0.8088924448508401
0.29588382038488953,0.8091210424048463
0.2961511047754811,0.8091210424048463
0.29659657875980044,0.8096925362898617
0.29704205274411977,0.8096925362898617
0.29704205274411977,0.8099211338438679
0.29730933713471136,0.8099211338438679
0.29730933713471136,0.8103783289518802
0.2975766215253029,0.8103783289518802
0.2975766215253029,0.8106069265058864
0.2981111903064861,0.8106069265058864
0.2981111903064861,0.8110641216138987
0.29820028510334995,0.8110641216138987
0.29820028510334995,0.8111784203909018
0.2982893799002138,0.8111784203909018
0.2982893799002138,0.8115213167219111
0.2983784746970777,0.8115213167219111
0.2983784746970777,0.8117499142759173
0.298823948681397,0.8117499142759173
0.298823948681397,0.8119785118299234
0.29900213827512473,0.8122071093839296
0.29900213827512473,0.8123214081609327
0.2996258018531718,0.8123214081609327
0.2996258018531718,0.8124357069379358
0.3000712758374911,0.8124357069379358
0.3000712758374911,0.8125500057149388
0.30024946543121883,0.8125500057149388
0.30024946543121883,0.8126643044919419
0.30042765502494656,0.8126643044919419
0.30042765502494656,0.8130072008229512
0.300784034212402,0.8130072008229512
0.300784034212402,0.8131214995999543
0.3012295081967213,0.8131214995999543
0.3012295081967213,0.8136929934849697
0.30131860299358515,0.8136929934849697
0.30131860299358515,0.8138072922619728
0.3014967925873129,0.8138072922619728
0.3014967925873129,0.8139215910389759
0.30185317177476834,0.8139215910389759
0.30185317177476834,0.814035889815979
0.3019422665716322,0.814035889815979
0.3019422665716322,0.8143787861469882
0.30203136136849607,0.8143787861469882
0.30203136136849607,0.8144930849239913
0.30212045616535993,0.8144930849239913
0.30212045616535993,0.8149502800320036
0.30229864575908766,0.8149502800320036
0.30229864575908766,0.815407475140016
0.30256593014967925,0.815407475140016
0.30256593014967925,0.8155217739170191
0.3026550249465431,0.8155217739170191
0.3026550249465431,0.8156360726940222
0.30283321454027085,0.8156360726940222
0.30283321454027085,0.8157503714710252
0.3030114041339986,0.8157503714710252
0.3030114041339986,0.8159789690250314
0.30327868852459017,0.8159789690250314
0.30327868852459017,0.8160932678020345
0.3036350677120456,0.8160932678020345
0.3036350677120456,0.8162075665790376
0.3037241625089095,0.8162075665790376
0.3037241625089095,0.8163218653560407
0.3039914468995011,0.8163218653560407
0.3039914468995011,0.8164361641330438
0.30408054169636495,0.8164361641330438
0.30408054169636495,0.8165504629100468
0.30452601568068427,0.8165504629100468
0.30452601568068427,0.816779060464053
0.30488239486813973,0.816779060464053
0.30488239486813973,0.8172362555720654
0.3050605844618674,0.8172362555720654
0.3050605844618674,0.8174648531260715
0.30514967925873127,0.8174648531260715
0.30514967925873127,0.8179220482340839
0.305327868852459,0.8179220482340839
0.305327868852459,0.818036347011087
0.30541696364932286,0.818036347011087
0.30541696364932286,0.8182649445650931
0.3063079116179615,0.8182649445650931
0.3063079116179615,0.8184935421190993
0.3067533856022808,0.8184935421190993
0.3067533856022808,0.8186078408961024
0.307287954383464,0.8186078408961024
0.307287954383464,0.8187221396731055
0.3078225231646472,0.8187221396731055
0.3083570919458304,0.8192936335581209
0.3083570919458304,0.8196365298891302
0.3087134711332858,0.8196365298891302
0.3087134711332858,0.8197508286661332
0.3089807555238774,0.8197508286661332
0.3089807555238774,0.8198651274431363
0.3091589451176051,0.8198651274431363
0.3091589451176051,0.8200937249971425
0.30933713471133284,0.8200937249971425
0.30951532430506057,0.8200937249971425
0.30951532430506057,0.8205509201051548
0.30978260869565216,0.8205509201051548
0.30978260869565216,0.820779517659161
0.31004989308624376,0.820779517659161
0.31004989308624376,0.8211224139901703
0.3101389878831076,0.8211224139901703
0.3101389878831076,0.8213510115441764
0.31031717747683535,0.8213510115441764
0.31031717747683535,0.8216939078751857
0.3104953670705631,0.8216939078751857
0.3104953670705631,0.8218082066521888
0.3106735566642908,0.8218082066521888
0.3106735566642908,0.8219225054291919
0.3109408410548824,0.8219225054291919
0.3109408410548824,0.822151102983198
0.31111903064861013,0.822151102983198
0.31111903064861013,0.8222654017602011
0.3114754098360656,0.8222654017602011
0.3114754098360656,0.8224939993142073
0.31156450463292945,0.8224939993142073
0.31156450463292945,0.8226082980912104
0.3117426942266572,0.8226082980912104
0.3117426942266572,0.8227225968682135
0.3119208838203849,0.8227225968682135
0.3119208838203849,0.8228368956452166
0.31227726300784037,0.8228368956452166
0.31227726300784037,0.8229511944222196
0.31236635780470423,0.8229511944222196
0.31236635780470423,0.8230654931992227
0.3129900213827512,0.8230654931992227
0.3129900213827512,0.8231797919762258
0.31316821097647896,0.8231797919762258
0.31316821097647896,0.8237512858612412
0.3132573057733428,0.8237512858612412
0.3132573057733428,0.8240941821922505
0.3135245901639344,0.8240941821922505
0.3135245901639344,0.8242084809692536
0.31370277975766214,0.8242084809692536
0.31370277975766214,0.8245513773002628
0.313791874554526,0.8245513773002628
0.313791874554526,0.8246656760772659
0.31388096935138987,0.8246656760772659
0.31388096935138987,0.824779974854269
0.31397006414825374,0.824779974854269
0.31397006414825374,0.8250085724082752
0.31423734853884533,0.8250085724082752
0.31423734853884533,0.8254657675162875
0.3143264433357092,0.8254657675162875
0.3143264433357092,0.8255800662932906
0.31441553813257306,0.8255800662932906
0.31441553813257306,0.8256943650702937
0.3145046329294369,0.8256943650702937
0.3145046329294369,0.8258086638472968
0.315128296507484,0.8258086638472968
0.315128296507484,0.8259229626242999
0.31521739130434784,0.8259229626242999
0.31521739130434784,0.826037261401303
0.3153064861012117,0.826037261401303
0.3153064861012117,0.826151560178306
0.31566286528866716,0.826151560178306
0.31566286528866716,0.8262658589553091
0.3160192444761226,0.8262658589553091
0.3160192444761226,0.8263801577323122
0.316375623663578,0.8263801577323122
0.316375623663578,0.8264944565093153
0.3164647184604419,0.8264944565093153
0.3164647184604419,0.8267230540633215
0.31655381325730575,0.8267230540633215
0.31655381325730575,0.8268373528403246
0.31682109764789734,0.8268373528403246
0.31682109764789734,0.8269516516173276
0.3176229508196721,0.8269516516173276
0.3176229508196721,0.8270659503943307
0.317712045616536,0.8270659503943307
0.317712045616536,0.8271802491713338
0.3179793300071276,0.8271802491713338
0.3179793300071276,0.8272945479483369
0.3184248039914469,0.8272945479483369
0.3184248039914469,0.82740884672534
0.31851389878831077,0.82740884672534
0.31851389878831077,0.8275231455023431
0.3188702779757662,0.8275231455023431
0.3188702779757662,0.8276374442793462
0.3189593727726301,0.8276374442793462
0.3189593727726301,0.8277517430563492
0.31904846756949395,0.8277517430563492
0.31904846756949395,0.8280946393873585
0.3191375623663578,0.8280946393873585
0.3191375623663578,0.828551834495371
0.31931575196008555,0.828551834495371
0.31931575196008555,0.8291233283803864
0.319672131147541,0.8291233283803864
0.319672131147541,0.8293519259343926
0.32002851033499646,0.8293519259343926
0.32002851033499646,0.8295805234883987
0.32020669992872414,0.8295805234883987
0.32020669992872414,0.8296948222654018
0.3205630791161796,0.8296948222654018
0.3205630791161796,0.8298091210424049
0.3207412687099073,0.8298091210424049
0.3207412687099073,0.829923419819408
0.3210085531004989,0.829923419819408
0.3210085531004989,0.8300377185964111
0.32118674269422665,0.8300377185964111
0.32118674269422665,0.8301520173734142
0.3212758374910905,0.8301520173734142
0.3212758374910905,0.8302663161504172
0.3215431218816821,0.8302663161504172
0.3215431218816821,0.8303806149274203
0.3223449750534569,0.8303806149274203
0.3223449750534569,0.8304949137044234
0.32243406985032075,0.8304949137044234
0.32243406985032075,0.8306092124814265
0.3227904490377762,0.8306092124814265
0.3227904490377762,0.8307235112584296
0.3233250178189594,0.8307235112584296
0.3233250178189594,0.8308378100354327
0.3235032074126871,0.8308378100354327
0.3235032074126871,0.8310664075894388
0.32368139700641485,0.8310664075894388
0.32368139700641485,0.8311807063664419
0.324215965787598,0.8311807063664419
0.324215965787598,0.8314093039204481
0.3243941553813257,0.8314093039204481
0.3243941553813257,0.8315236026974512
0.32475053456878117,0.8315236026974512
0.32475053456878117,0.8316379014744543
0.32483962936564503,0.8316379014744543
0.32483962936564503,0.8317522002514574
0.3251069137562366,0.8317522002514574
0.3251069137562366,0.8318664990284604
0.3253741981468282,0.8318664990284604
0.3253741981468282,0.8319807978054635
0.3256414825374198,0.8319807978054635
0.3256414825374198,0.8322093953594697
0.3257305773342837,0.8322093953594697
0.3257305773342837,0.8323236941364728
0.32599786172487527,0.8323236941364728
0.32599786172487527,0.832552291690479
0.3267106200997862,0.832552291690479
0.3267106200997862,0.832666590467482
0.32679971489665005,0.832666590467482
0.32679971489665005,0.8328951880214882
0.3271560940841055,0.8328951880214882
0.3271560940841055,0.8330094867984913
0.3272451888809694,0.8330094867984913
0.3272451888809694,0.8331237855754944
0.32733428367783324,0.8331237855754944
0.32733428367783324,0.8332380843524975
0.32751247327156097,0.8332380843524975
0.32751247327156097,0.8333523831295006
0.32760156806842483,0.8333523831295006
0.32760156806842483,0.8334666819065036
0.32786885245901637,0.8334666819065036
0.32786885245901637,0.8335809806835067
0.3280470420527441,0.8335809806835067
0.3280470420527441,0.8338095782375129
0.3285816108339273,0.8338095782375129
0.3285816108339273,0.833923877014516
0.328759800427655,0.833923877014516
0.328759800427655,0.8340381757915191
0.3288488952245189,0.8340381757915191
0.3288488952245189,0.8342667733455252
0.3290270848182466,0.8342667733455252
0.3290270848182466,0.8344953708995314
0.32938346400570206,0.8344953708995314
0.32938346400570206,0.8346096696765345
0.32947255880256593,0.8346096696765345
0.32947255880256593,0.8348382672305407
0.3295616535994298,0.8348382672305407
0.3295616535994298,0.8349525660075438
0.32965074839629366,0.8349525660075438
0.32965074839629366,0.8350668647845468
0.3297398431931575,0.8350668647845468
0.3297398431931575,0.8355240598925592
0.32991803278688525,0.8355240598925592
0.32991803278688525,0.8356383586695623
0.3300071275837491,0.8356383586695623
0.3300071275837491,0.8358669562235684
0.330096222380613,0.8358669562235684
0.330096222380613,0.8360955537775746
0.3302744119743407,0.8360955537775746
0.3302744119743407,0.836552748885587
0.3303635067712046,0.836552748885587
0.3303635067712046,0.83666704766259
0.33089807555238776,0.83666704766259
0.33089807555238776,0.8368956452165962
0.3309871703492516,0.8368956452165962
0.3309871703492516,0.8371242427706024
0.3310762651461155,0.8371242427706024
0.3310762651461155,0.8372385415476055
0.33116535994297935,0.8372385415476055
0.33116535994297935,0.8374671391016116
0.3313435495367071,0.8374671391016116
0.3313435495367071,0.8378100354326209
0.3316999287241625,0.8378100354326209
0.3316999287241625,0.837924334209624
0.33178902352102635,0.837924334209624
0.33178902352102635,0.8380386329866271
0.33232359230220954,0.8380386329866271
0.33232359230220954,0.8382672305406332
0.33250178189593727,0.8382672305406332
0.33250178189593727,0.8384958280946394
0.332679971489665,0.8384958280946394
0.332679971489665,0.8386101268716425
0.33276906628652886,0.8386101268716425
0.33276906628652886,0.8387244256486456
0.3331254454739843,0.8387244256486456
0.3331254454739843,0.8391816207566579
0.33357091945830364,0.8391816207566579
0.33357091945830364,0.8394102183106641
0.33401639344262296,0.8394102183106641
0.33401639344262296,0.8396388158646703
0.3343727726300784,0.8396388158646703
0.3343727726300784,0.8397531146416733
0.3344618674269423,0.8397531146416733
0.3344618674269423,0.8398674134186764
0.33455096222380615,0.8398674134186764
0.33455096222380615,0.8399817121956795
0.33464005702067,0.8399817121956795
0.33464005702067,0.8400960109726826
0.3347291518175339,0.8400960109726826
0.3347291518175339,0.8402103097496857
0.33481824661439774,0.8402103097496857
0.33481824661439774,0.8403246085266888
0.3351746258018532,0.8403246085266888
0.3351746258018532,0.8404389073036919
0.335263720598717,0.8404389073036919
0.335263720598717,0.840553206080695
0.3355310049893086,0.840553206080695
0.3355310049893086,0.8407818036347011
0.3367783321454027,0.8407818036347011
0.3367783321454027,0.8408961024117042
0.33713471133285816,0.8408961024117042
0.33713471133285816,0.8413532975197165
0.3373129009265859,0.8413532975197165
0.3373129009265859,0.8414675962967196
0.3378474697077691,0.8414675962967196
0.3378474697077691,0.8415818950737227
0.3380256593014968,0.8415818950737227
0.3380256593014968,0.8416961938507258
0.3382929436920884,0.8416961938507258
0.3382929436920884,0.8418104926277289
0.33847113328581613,0.8418104926277289
0.33847113328581613,0.841924791404732
0.33856022808268,0.841924791404732
0.33856022808268,0.8420390901817351
0.33927298645759085,0.8420390901817351
0.33927298645759085,0.8422676877357412
0.33954027084818245,0.8422676877357412
0.33954027084818245,0.8423819865127443
0.33998574483250177,0.8423819865127443
0.33998574483250177,0.8426105840667505
0.3403421240199572,0.8426105840667505
0.3403421240199572,0.8428391816207567
0.3404312188168211,0.8428391816207567
0.3404312188168211,0.8429534803977597
0.3406094084105488,0.8429534803977597
0.3406094084105488,0.8430677791747628
0.34105488239486814,0.8430677791747628
0.34105488239486814,0.8434106755057721
0.341143977191732,0.8434106755057721
0.341143977191732,0.8435249742827752
0.34123307198859587,0.8435249742827752
0.34123307198859587,0.8439821693907875
0.3414112615823236,0.8439821693907875
0.3414112615823236,0.8440964681677906
0.3416785459729152,0.8440964681677906
0.3416785459729152,0.8444393644987999
0.34176764076977906,0.8444393644987999
0.34176764076977906,0.844553663275803
0.34203492516037065,0.844553663275803
0.34203492516037065,0.8452394559378215
0.3421240199572345,0.8452394559378215
0.3421240199572345,0.8454680534918276
0.34230220955096224,0.8454680534918276
0.34230220955096224,0.8455823522688307
0.34274768353528157,0.8455823522688307
0.34274768353528157,0.8456966510458338
0.34292587312900924,0.8456966510458338
0.34292587312900924,0.84592524859984
0.34310406272273697,0.84592524859984
0.34310406272273697,0.8461538461538461
0.34363863150392016,0.8461538461538461
0.34363863150392016,0.8462681449308492
0.343727726300784,0.8462681449308492
0.343727726300784,0.8463824437078523
0.34444048467569494,0.8463824437078523
0.34444048467569494,0.8464967424848554
0.3447968638631504,0.8464967424848554
0.3447968638631504,0.8467253400388616
0.34488595866001426,0.8467253400388616
0.34488595866001426,0.8468396388158647
0.3449750534568781,0.8468396388158647
0.3449750534568781,0.8469539375928677
0.345064148253742,0.8469539375928677
0.345064148253742,0.8474111327008801
0.3453314326443336,0.8474111327008801
0.3453314326443336,0.8475254314778832
0.3462223806129722,0.8475254314778832
0.3462223806129722,0.8477540290318893
0.34640057020669995,0.8477540290318893
0.34640057020669995,0.8478683278088924
0.3464896650035638,0.8478683278088924
0.3464896650035638,0.8479826265858955
0.3468460441910192,0.8479826265858955
0.3468460441910192,0.8480969253628986
0.3471133285816108,0.8480969253628986
0.3471133285816108,0.8482112241399017
0.34729151817533854,0.8482112241399017
0.34729151817533854,0.8484398216939079
0.34773699215965787,0.8484398216939079
0.34773699215965787,0.8485541204709109
0.34782608695652173,0.8485541204709109
0.34782608695652173,0.848668419247914
0.34907341411261583,0.848668419247914
0.34907341411261583,0.8487827180249171
0.3493406985032074,0.8487827180249171
0.3493406985032074,0.8488970168019202
0.349607982893799,0.8488970168019202
0.349607982893799,0.8490113155789233
0.35005345687811834,0.8490113155789233
0.35005345687811834,0.8491256143559264
0.35112259444048466,0.8491256143559264
0.35112259444048466,0.8493542119099325
0.351568068424804,0.8493542119099325
0.351568068424804,0.8494685106869356
0.3518353528153956,0.8494685106869356
0.3518353528153956,0.8495828094639387
0.3522808267997149,0.8495828094639387
0.3522808267997149,0.8496971082409418
0.35236992159657876,0.8496971082409418
0.35236992159657876,0.8498114070179449
0.3528153955808981,0.8498114070179449
0.3528153955808981,0.849925705794948
0.35290449037776195,0.849925705794948
0.35290449037776195,0.8501543033489541
0.3530826799714897,0.8501543033489541
0.3530826799714897,0.8502686021259572
0.35317177476835354,0.8502686021259572
0.35317177476835354,0.8503829009029603
0.35334996436208127,0.8503829009029603
0.35334996436208127,0.8507257972339696
0.35343905915894513,0.8507257972339696
0.35343905915894513,0.8509543947879757
0.353528153955809,0.8509543947879757
0.353528153955809,0.8510686935649788
0.35370634354953673,0.8510686935649788
0.35370634354953673,0.8514115898959881
0.35415181753385605,0.8514115898959881
0.35415181753385605,0.8518687850040004
0.3543300071275837,0.8518687850040004
0.3543300071275837,0.8522116813350097
0.3551318602993585,0.8522116813350097
0.3551318602993585,0.8524402788890159
0.35522095509622237,0.8524402788890159
0.35522095509622237,0.8525545776660189
0.3559337134711333,0.8525545776660189
0.3559337134711333,0.852668876443022
0.35602280826799715,0.852668876443022
0.35602280826799715,0.8528974739970282
0.3562009978617249,0.8528974739970282
0.3562009978617249,0.8530117727740313
0.3563791874554526,0.8530117727740313
0.3563791874554526,0.8531260715510344
0.35655737704918034,0.8531260715510344
0.35655737704918034,0.8532403703280375
0.3566464718460442,0.8532403703280375
0.3566464718460442,0.8533546691050405
0.35700285103349966,0.8533546691050405
0.35700285103349966,0.8534689678820436
0.3571810406272274,0.8534689678820436
0.3571810406272274,0.8535832666590467
0.35753741981468284,0.8535832666590467
0.35753741981468284,0.8536975654360498
0.3579828937990021,0.8536975654360498
0.3579828937990021,0.8538118642130529
0.35816108339272984,0.8538118642130529
0.35816108339272984,0.853926162990056
0.35833927298645757,0.853926162990056
0.35833927298645757,0.8542690593210652
0.3585174625801853,0.8542690593210652
0.3585174625801853,0.8543833580980683
0.35860655737704916,0.8543833580980683
0.35860655737704916,0.8544976568750714
0.358695652173913,0.8544976568750714
0.358695652173913,0.8546119556520745
0.3587847469707769,0.8546119556520745
0.3587847469707769,0.8547262544290776
0.3589629365645046,0.8547262544290776
0.3589629365645046,0.8548405532060807
0.35914112615823235,0.8548405532060807
0.35914112615823235,0.8549548519830837
0.3593193157519601,0.8549548519830837
0.3593193157519601,0.8550691507600868
0.3594975053456878,0.8550691507600868
0.3594975053456878,0.8551834495370899
0.35958660014255167,0.8551834495370899
0.35958660014255167,0.855297748314093
0.3597647897362794,0.855297748314093
0.3597647897362794,0.8554120470910961
0.360032074126871,0.8554120470910961
0.360032074126871,0.8555263458680992
0.3602102637205987,0.8555263458680992
0.3602102637205987,0.8556406446451023
0.3602993585174626,0.8556406446451023
0.3602993585174626,0.8558692421991084
0.3604775481111903,0.8558692421991084
0.3604775481111903,0.8559835409761115
0.3605666429080542,0.8559835409761115
0.3605666429080542,0.8560978397531146
0.3608339272986458,0.8560978397531146
0.3608339272986458,0.8563264373071208
0.36092302209550964,0.8563264373071208
0.36092302209550964,0.8565550348611269
0.3610121168923735,0.8565550348611269
0.3610121168923735,0.8567836324151331
0.3614575908766928,0.8567836324151331
0.3614575908766928,0.8568979311921362
0.3615466856735567,0.8568979311921362
0.3615466856735567,0.8572408275231455
0.3618139700641482,0.8572408275231455
0.3618139700641482,0.8573551263001485
0.36199215965787596,0.8573551263001485
0.36199215965787596,0.8574694250771516
0.3624376336421953,0.8574694250771516
0.3624376336421953,0.8576980226311578
0.36270491803278687,0.8576980226311578
0.36270491803278687,0.858040918962167
0.36279401282965074,0.858040918962167
0.36279401282965074,0.8581552177391701
0.36306129722024233,0.8581552177391701
0.36306129722024233,0.8586124128471825
0.3633285816108339,0.8586124128471825
0.3633285816108339,0.8587267116241856
0.3634176764076978,0.8587267116241856
0.3634176764076978,0.8588410104011887
0.36350677120456165,0.8588410104011887
0.36350677120456165,0.8589553091781917
0.3636849607982894,0.8589553091781917
0.3636849607982894,0.8590696079551948
0.36448681397006416,0.8590696079551948
0.36448681397006416,0.8591839067321979
0.36475409836065575,0.8591839067321979
0.36475409836065575,0.859298205509201
0.3649322879543835,0.859298205509201
0.3649322879543835,0.8594125042862042
0.36502138275124735,0.8594125042862042
0.36502138275124735,0.8596411018402104
0.36591233071988594,0.8596411018402104
0.36591233071988594,0.8598696993942165
0.36617961511047753,0.8598696993942165
0.36617961511047753,0.8599839981712196
0.3662687099073414,0.8599839981712196
0.3662687099073414,0.8600982969482227
0.3664468995010691,0.8600982969482227
0.3664468995010691,0.8602125957252258
0.3672487526728439,0.8602125957252258
0.3672487526728439,0.8603268945022289
0.36733784746970777,0.8603268945022289
0.36733784746970777,0.860441193279232
0.3675160370634355,0.860441193279232
0.3675160370634355,0.860555492056235
0.3676942266571632,0.860555492056235
0.3676942266571632,0.8606697908332381
0.3680506058446187,0.8606697908332381
0.3680506058446187,0.8607840896102412
0.36840698503207414,0.8607840896102412
0.36840698503207414,0.8611269859412505
0.36867426942266573,0.8611269859412505
0.36867426942266573,0.8612412847182536
0.36974340698503205,0.8612412847182536
0.36974340698503205,0.8613555834952566
0.3699215965787598,0.8613555834952566
0.3699215965787598,0.8614698822722597
0.3700997861724875,0.8614698822722597
0.3700997861724875,0.8615841810492628
0.37045616535994297,0.8615841810492628
0.37045616535994297,0.8616984798262659
0.37107982893799,0.8616984798262659
0.37107982893799,0.861812778603269
0.3711689237348539,0.861812778603269
0.3711689237348539,0.8619270773802721
0.37152530292230934,0.8619270773802721
0.37152530292230934,0.8620413761572752
0.3716143977191732,0.8620413761572752
0.3716143977191732,0.8622699737112813
0.3728617248752673,0.8622699737112813
0.3728617248752673,0.8623842724882844
0.3739308624376336,0.8623842724882844
0.3739308624376336,0.8626128700422906
0.3740199572344975,0.8626128700422906
0.3740199572344975,0.8627271688192937
0.3742872416250891,0.8627271688192937
0.3742872416250891,0.8628414675962968
0.37437633642195295,0.8628414675962968
0.37437633642195295,0.8629557663732998
0.37482181040627227,0.8629557663732998
0.37482181040627227,0.863184363927306
0.3754454739843193,0.863184363927306
0.3754454739843193,0.8632986627043091
0.3757127583749109,0.8632986627043091
0.3757127583749109,0.8634129614813122
0.37589094796863864,0.8634129614813122
0.37589094796863864,0.8635272602583153
0.3759800427655025,0.8635272602583153
0.3759800427655025,0.8636415590353184
0.37615823235923024,0.8636415590353184
0.37615823235923024,0.8637558578123214
0.37633642195295797,0.8637558578123214
0.37633642195295797,0.8639844553663276
0.37642551674982183,0.8639844553663276
0.37642551674982183,0.8643273516973369
0.3765146115466857,0.8643273516973369
0.3765146115466857,0.86444165047434
0.3770491803278688,0.86444165047434
0.3770491803278688,0.864555949251343
0.3771382751247327,0.864555949251343
0.3771382751247327,0.8646702480283461
0.3773164647184604,0.8646702480283461
0.3773164647184604,0.8647845468053492
0.3774055595153243,0.8647845468053492
0.3774055595153243,0.8648988455823523
0.3781183178902352,0.8648988455823523
0.3781183178902352,0.8650131443593554
0.37820741268709906,0.8650131443593554
0.37820741268709906,0.8651274431363585
0.3785637918745545,0.8651274431363585
0.3785637918745545,0.8653560406903646
0.37874198146828225,0.8653560406903646
0.37874198146828225,0.8654703394673677
0.3788310762651461,0.8654703394673677
0.3788310762651461,0.8655846382443708
0.3790983606557377,0.8655846382443708
0.3790983606557377,0.8656989370213739
0.3793656450463293,0.8656989370213739
0.3793656450463293,0.865813235798377
0.37954383464005703,0.865813235798377
0.37954383464005703,0.8660418333523832
0.3796329294369209,0.8660418333523832
0.3796329294369209,0.8661561321293862
0.37972202423378476,0.8661561321293862
0.37972202423378476,0.8662704309063893
0.3798111190306486,0.8662704309063893
0.3798111190306486,0.8663847296833924
0.3800784034212402,0.8663847296833924
0.3800784034212402,0.8667276260144017
0.38025659301496795,0.8667276260144017
0.38025659301496795,0.8668419247914048
0.3804347826086957,0.8668419247914048
0.3804347826086957,0.8669562235684078
0.38052387740555954,0.8669562235684078
0.38052387740555954,0.8670705223454109
0.3807020669992872,0.8670705223454109
0.3807020669992872,0.8674134186764202
0.38088025659301494,0.8674134186764202
0.38088025659301494,0.8676420162304264
0.38114754098360654,0.8676420162304264
0.38114754098360654,0.8677563150074294
0.381503920171062,0.8677563150074294
0.381503920171062,0.8680992113384387
0.3820384889522452,0.8680992113384387
0.3820384889522452,0.8683278088924449
0.38266215253029223,0.8683278088924449
0.38266215253029223,0.868442107669448
0.3827512473271561,0.868442107669448
0.3827512473271561,0.8686707052234541
0.38284034212401996,0.8686707052234541
0.38284034212401996,0.8687850040004572
0.3830185317177477,0.8687850040004572
0.3830185317177477,0.8688993027774603
0.3842658588738418,0.8688993027774603
0.3842658588738418,0.8693564978854726
0.3844440484675695,0.8693564978854726
0.3844440484675695,0.8695850954394788
0.38453314326443333,0.8695850954394788
0.38453314326443333,0.869813692993485
0.38524590163934425,0.869813692993485
0.38524590163934425,0.8699279917704881
0.3853349964362081,0.8699279917704881
0.3853349964362081,0.8701565893244942
0.3856022808267997,0.8701565893244942
0.3856022808267997,0.8704994856555035
0.38569137562366357,0.8704994856555035
0.38569137562366357,0.8706137844325066
0.386047754811119,0.8706137844325066
0.386047754811119,0.8708423819865128
0.38676051318602994,0.8708423819865128
0.38676051318602994,0.8709566807635158
0.38693870277975767,0.8709566807635158
0.38693870277975767,0.871185278317522
0.38747327156094086,0.871185278317522
0.38747327156094086,0.8712995770945251
0.3876514611546686,0.8712995770945251
0.3876514611546686,0.8716424734255344
0.38774055595153245,0.8716424734255344
0.38774055595153245,0.8717567722025374
0.3881860299358518,0.8717567722025374
0.3881860299358518,0.8718710709795405
0.3882751247327156,0.8718710709795405
0.3882751247327156,0.8719853697565436
0.3884533143264433,0.8719853697565436
0.3884533143264433,0.8720996685335467
0.3895224518888097,0.8720996685335467
0.3895224518888097,0.8723282660875529
0.38987883107626514,0.8723282660875529
0.38987883107626514,0.872442564864556
0.39041339985744833,0.872442564864556
0.39041339985744833,0.872556863641559
0.3906806842480399,0.872556863641559
0.3906806842480399,0.8727854611955652
0.3910370634354954,0.8727854611955652
0.3910370634354954,0.8730140587495714
0.3912152530292231,0.8730140587495714
0.3912152530292231,0.8731283575265745
0.391928011404134,0.8731283575265745
0.391928011404134,0.8732426563035776
0.3921062009978617,0.8732426563035776
0.3921062009978617,0.8734712538575837
0.3923734853884533,0.8734712538575837
0.3923734853884533,0.8735855526345868
0.3929080541696365,0.8735855526345868
0.3929080541696365,0.8739284489655961
0.39326443335709194,0.8739284489655961
0.39326443335709194,0.8741570465196022
0.3933535281539558,0.8741570465196022
0.3933535281539558,0.8743856440736084
0.39370990734141126,0.8743856440736084
0.39370990734141126,0.8744999428506115
0.393888096935139,0.8744999428506115
0.393888096935139,0.8747285404046177
0.3940662865288667,0.8747285404046177
0.3940662865288667,0.8748428391816208
0.39451176051318604,0.8748428391816208
0.39451176051318604,0.8749571379586238
0.39468995010691377,0.8749571379586238
0.39468995010691377,0.8750714367356269
0.3954027084818247,0.8750714367356269
0.3954027084818247,0.8753000342896331
0.39549180327868855,0.8753000342896331
0.39549180327868855,0.8754143330666362
0.39575908766928014,0.8754143330666362
0.39575908766928014,0.8755286318436393
0.3959372772630078,0.8755286318436393
0.3959372772630078,0.8756429306206424
0.3962045616535994,0.8756429306206424
0.3962045616535994,0.8757572293976454
0.39629365645046327,0.8757572293976454
0.39629365645046327,0.8759858269516516
0.3969173200285103,0.8759858269516516
0.3969173200285103,0.8761001257286547
0.39763007840342124,0.8761001257286547
0.39763007840342124,0.8763287232826609
0.39789736279401283,0.8763287232826609
0.39789736279401283,0.876443022059664
0.3982537419814683,0.876443022059664
0.3982537419814683,0.876557320836667
0.3985210263720599,0.876557320836667
0.3985210263720599,0.8767859183906732
0.3987883107626515,0.8767859183906732
0.3987883107626515,0.8769002171676763
0.3989665003563792,0.8769002171676763
0.3989665003563792,0.8771288147216825
0.3992337847469708,0.8771288147216825
0.3992337847469708,0.8772431134986856
0.39941197434069853,0.8772431134986856
0.39941197434069853,0.8774717110526917
0.39959016393442626,0.8774717110526917
0.39959016393442626,0.8775860098296948
0.39967925873129007,0.8775860098296948
0.39967925873129007,0.8777003086066979
0.4000356379187455,0.8777003086066979
0.4000356379187455,0.877814607383701
0.40074839629365644,0.877814607383701
0.40074839629365644,0.8783861012687164
0.40119387027797576,0.8783861012687164
0.40119387027797576,0.8786146988227226
0.4012829650748396,0.8786146988227226
0.4012829650748396,0.8787289975997257
0.4026193870277976,0.8787289975997257
0.4026193870277976,0.8788432963767288
0.4027975766215253,0.8788432963767288
0.4027975766215253,0.8790718939307349
0.4031539558089808,0.8790718939307349
0.4031539558089808,0.879186192707738
0.40324305060584464,0.879186192707738
0.40324305060584464,0.8793004914847411
0.40359942979330005,0.8793004914847411
0.40359942979330005,0.8794147902617442
0.40457947255880256,0.8794147902617442
0.40457947255880256,0.8795290890387473
0.40511404133998574,0.8795290890387473
0.40511404133998574,0.8796433878157504
0.4054704205274412,0.8796433878157504
0.4054704205274412,0.8797576865927534
0.40564861012116893,0.8797576865927534
0.40564861012116893,0.8798719853697565
0.4059158945117605,0.8798719853697565
0.4059158945117605,0.8803291804777689
0.4060049893086244,0.8803291804777689
0.4060049893086244,0.880443479254772
0.40609408410548825,0.880443479254772
0.40609408410548825,0.880557778031775
0.4069850320741269,0.880557778031775
0.4069850320741269,0.8810149731397874
0.4071632216678546,0.8810149731397874
0.4071632216678546,0.8811292719167905
0.40751960085531,0.8811292719167905
0.40751960085531,0.8812435706937936
0.40769779044903776,0.8812435706937936
0.40769779044903776,0.8813578694707966
0.4078759800427655,0.8813578694707966
0.4078759800427655,0.8817007658018059
0.4083214540270848,0.8817007658018059
0.4083214540270848,0.881815064578809
0.40876692801140413,0.881815064578809
0.40876692801140413,0.8819293633558121
0.408856022808268,0.8819293633558121
0.408856022808268,0.8820436621328152
0.40921240199572345,0.8820436621328152
0.40921240199572345,0.8821579609098182
0.40947968638631504,0.8821579609098182
0.40947968638631504,0.8822722596868213
0.4096578759800428,0.8822722596868213
0.4096578759800428,0.8823865584638244
0.4098360655737705,0.8823865584638244
0.4098360655737705,0.8825008572408275
0.40992516037063437,0.8825008572408275
0.40992516037063437,0.8826151560178306
0.4101033499643621,0.8826151560178306
0.4101033499643621,0.8828437535718368
0.41019244476122596,0.8828437535718368
0.41019244476122596,0.8829580523488398
0.4103706343549537,0.8829580523488398
0.4103706343549537,0.8830723511258429
0.4105488239486814,0.8830723511258429
0.4105488239486814,0.883186649902846
0.4111724875267284,0.883186649902846
0.4111724875267284,0.8834152474568522
0.4112615823235923,0.8834152474568522
0.4112615823235923,0.8837581437878614
0.41233071988595865,0.8837581437878614
0.41233071988595865,0.8838724425648645
0.4126870990734141,0.8838724425648645
0.4126870990734141,0.8839867413418676
0.412776193870278,0.8839867413418676
0.412776193870278,0.8841010401188707
0.41286528866714184,0.8841010401188707
0.41286528866714184,0.8842153388958738
0.4129543834640057,0.8842153388958738
0.4129543834640057,0.8843296376728769
0.41304347826086957,0.8843296376728769
0.41304347826086957,0.88444393644988
0.41313257305773343,0.88444393644988
0.41313257305773343,0.884558235226883
0.4132216678545973,0.884558235226883
0.4132216678545973,0.8846725340038861
0.413399857448325,0.8846725340038861
0.413399857448325,0.8847868327808892
0.41357804704205275,0.8847868327808892
0.41357804704205275,0.8852440278889016
0.4148253741981468,0.8852440278889016
0.4148253741981468,0.8853583266659046
0.4150926585887384,0.8853583266659046
0.4150926585887384,0.8855869242199108
0.41518175338560226,0.8855869242199108
0.41518175338560226,0.8857012229969139
0.41625089094796863,0.8857012229969139
0.41625089094796863,0.8859298205509201
0.4168745545260157,0.8859298205509201
0.4168745545260157,0.8860441193279232
0.41696364932287955,0.8860441193279232
0.41696364932287955,0.8862727168819293
0.417320028510335,0.8862727168819293
0.417320028510335,0.8863870156589324
0.41740912330719887,0.8863870156589324
0.41740912330719887,0.8865013144359355
0.41749821810406273,0.8865013144359355
0.41749821810406273,0.8866156132129386
0.41767640769779046,0.8866156132129386
0.41767640769779046,0.8867299119899417
0.41794369208838206,0.8867299119899417
0.41794369208838206,0.8868442107669448
0.4181218816821098,0.8868442107669448
0.4181218816821098,0.8870728083209509
0.4187455452601568,0.8870728083209509
0.4187455452601568,0.887187107097954
0.41883464005702065,0.887187107097954
0.41883464005702065,0.8873014058749571
0.41910192444761224,0.8873014058749571
0.41910192444761224,0.8876443022059664
0.4191910192444761,0.8876443022059664
0.4191910192444761,0.8877586009829694
0.4194583036350677,0.8877586009829694
0.4194583036350677,0.8879871985369756
0.41954739843193156,0.8879871985369756
0.41954739843193156,0.888444393644988
0.4196364932287954,0.888444393644988
0.4196364932287954,0.888558692421991
0.42008196721311475,0.888558692421991
0.42008196721311475,0.8886729911989941
0.4201710620099786,0.8886729911989941
0.4201710620099786,0.8887872899759972
0.4202601568068425,0.8887872899759972
0.4202601568068425,0.8889015887530003
0.4207056307911618,0.8889015887530003
0.4207056307911618,0.8891301863070065
0.4209729151817534,0.8891301863070065
0.4209729151817534,0.8892444850840096
0.42106200997861726,0.8892444850840096
0.42106200997861726,0.8893587838610126
0.42159657875980044,0.8893587838610126
0.42159657875980044,0.8894730826380157
0.4217747683535282,0.8894730826380157
0.4217747683535282,0.8895873814150188
0.42204205274411977,0.8895873814150188
0.42204205274411977,0.8897016801920219
0.42213114754098363,0.8897016801920219
0.42213114754098363,0.8899302777460281
0.42230933713471136,0.8899302777460281
0.42230933713471136,0.8901588753000342
0.4228439059158945,0.8901588753000342
0.4228439059158945,0.8903874728540404
0.4230220955096222,0.8903874728540404
0.4230220955096222,0.8905017716310435
0.42320028510334995,0.8905017716310435
0.42320028510334995,0.8906160704080466
0.4232893799002138,0.8906160704080466
0.4232893799002138,0.8907303691850498
0.42346756949394154,0.8907303691850498
0.42346756949394154,0.8908446679620529
0.4240912330719886,0.8908446679620529
0.4240912330719886,0.891073265516059
0.42444761225944405,0.891073265516059
0.42444761225944405,0.8911875642930621
0.42471489665003564,0.8911875642930621
0.42471489665003564,0.8913018630700652
0.42498218104062724,0.8913018630700652
0.42498218104062724,0.8914161618470683
0.425784034212402,0.8914161618470683
0.425784034212402,0.8915304606240714
0.4262295081967213,0.8915304606240714
0.4262295081967213,0.8916447594010745
0.4266749821810406,0.8916447594010745
0.4266749821810406,0.8917590581780775
0.42685317177476834,0.8917590581780775
0.42685317177476834,0.8918733569550806
0.4272095509622238,0.8918733569550806
0.4272095509622238,0.8921019545090868
0.4273877405559515,0.8921019545090868
0.4273877405559515,0.8922162532860899
0.42827868852459017,0.8922162532860899
0.42827868852459017,0.892330552063093
0.42854597291518176,0.892330552063093
0.42854597291518176,0.8926734483941022
0.4286350677120456,0.8926734483941022
0.4286350677120456,0.8930163447251115
0.42881325730577335,0.8930163447251115
0.42881325730577335,0.8931306435021146
0.42988239486813973,0.8931306435021146
0.42988239486813973,0.8932449422791177
0.4300605844618674,0.8932449422791177
0.4300605844618674,0.8933592410561207
0.4305060584461867,0.8933592410561207
0.4305060584461867,0.8934735398331238
0.43068424803991445,0.8934735398331238
0.43068424803991445,0.89370213738713
0.4307733428367783,0.89370213738713
0.4307733428367783,0.8938164361641331
0.4310406272273699,0.8938164361641331
0.4310406272273699,0.8939307349411362
0.43139700641482537,0.8939307349411362
0.43139700641482537,0.8942736312721454
0.4315751960085531,0.8942736312721454
0.4315751960085531,0.8946165276031547
0.4317533856022808,0.8946165276031547
0.4317533856022808,0.8947308263801578
0.43193157519600855,0.8947308263801578
0.43193157519600855,0.8948451251571609
0.4332679971489665,0.8948451251571609
0.4332679971489665,0.894959423934164
0.4333570919458304,0.894959423934164
0.4333570919458304,0.895073722711167
0.43380256593014965,0.895073722711167
0.43380256593014965,0.8953023202651732
0.4338916607270135,0.8953023202651732
0.4338916607270135,0.8954166190421763
0.4344262295081967,0.8954166190421763
0.4344262295081967,0.8958738141501886
0.4346935138987883,0.8958738141501886
0.4346935138987883,0.8959881129271917
0.43478260869565216,0.8959881129271917
0.43478260869565216,0.8961024117041948
0.434871703492516,0.8961024117041948
0.434871703492516,0.8962167104811979
0.43531717747683535,0.8962167104811979
0.43531717747683535,0.8964453080352041
0.4354062722736992,0.8964453080352041
0.4354062722736992,0.8965596068122071
0.43558446186742694,0.8965596068122071
0.43558446186742694,0.8967882043662133
0.43576265146115467,0.8967882043662133
0.43576265146115467,0.8969025031432164
0.43585174625801854,0.8969025031432164
0.43585174625801854,0.8970168019202195
0.43611903064861013,0.8970168019202195
0.43629722024233786,0.8970168019202195
0.43629722024233786,0.8971311006972226
0.4364754098360656,0.8971311006972226
0.4364754098360656,0.8972453994742257
0.43683178902352104,0.8972453994742257
0.43683178902352104,0.8974739970282318
0.4369208838203849,0.8974739970282318
0.4369208838203849,0.8975882958052349
0.43727726300784037,0.8975882958052349
0.4374554526015681,0.8975882958052349
0.43763364219529577,0.8975882958052349
0.43763364219529577,0.897702594582238
0.4379900213827512,0.897702594582238
0.4379900213827512,0.8978168933592411
0.4382573057733428,0.8978168933592411
0.4382573057733428,0.8979311921362442
0.438791874554526,0.8979311921362442
0.438791874554526,0.8980454909132473
0.43897006414825374,0.8980454909132473
0.43897006414825374,0.8981597896902503
0.43914825374198146,0.8981597896902503
0.43914825374198146,0.8982740884672534
0.4395046329294369,0.8982740884672534
0.4395046329294369,0.8983883872442565
0.4395937277263008,0.8983883872442565
0.4395937277263008,0.8985026860212596
0.43968282252316465,0.8985026860212596
0.43968282252316465,0.8986169847982627
0.4400392017106201,0.8986169847982627
0.4400392017106201,0.8987312835752658
0.44021739130434784,0.8987312835752658
0.44021739130434784,0.8988455823522689
0.4403064861012117,0.8988455823522689
0.4403064861012117,0.899074179906275
0.440751960085531,0.899074179906275
0.440751960085531,0.8993027774602812
0.4412865288667142,0.8993027774602812
0.4412865288667142,0.8994170762372843
0.4417320028510335,0.8994170762372843
0.4417320028510335,0.8995313750142874
0.44182109764789734,0.8995313750142874
0.44182109764789734,0.8996456737912905
0.4419101924447612,0.8996456737912905
0.4419101924447612,0.8997599725682935
0.4421774768353528,0.8997599725682935
0.4421774768353528,0.8999885701222997
0.44226657163221667,0.8999885701222997
0.44226657163221667,0.9001028688993028
0.44253385602280826,0.9001028688993028
0.44253385602280826,0.9002171676763059
0.4428902352102637,0.9002171676763059
0.4428902352102637,0.9004457652303121
0.44306842480399145,0.9004457652303121
0.44306842480399145,0.9005600640073151
0.4434248039914469,0.9005600640073151
0.4434248039914469,0.9006743627843182
0.4436920883820385,0.9006743627843182
0.4436920883820385,0.9007886615613213
0.4441375623663578,0.9007886615613213
0.4441375623663578,0.9009029603383244
0.44431575196008555,0.9009029603383244
0.44431575196008555,0.9010172591153275
0.4444048467569494,0.9010172591153275
0.4444048467569494,0.9011315578923306
0.4444939415538133,0.9011315578923306
0.4444939415538133,0.9012458566693337
0.44485032074126873,0.9012458566693337
0.44485032074126873,0.9013601554463367
0.44502851033499646,0.9013601554463367
0.44502851033499646,0.9014744542233398
0.44511760513186027,0.9014744542233398
0.44511760513186027,0.901703051777346
0.4460085531004989,0.901703051777346
0.4460085531004989,0.9019316493313522
0.4460976478973628,0.9019316493313522
0.4460976478973628,0.9020459481083553
0.44618674269422665,0.9020459481083553
0.44618674269422665,0.9022745456623614
0.4465431218816821,0.9022745456623614
0.4465431218816821,0.9026174419933707
0.44663221667854597,0.9026174419933707
0.44663221667854597,0.9027317407703738
0.44796863863150393,0.9027317407703738
0.44796863863150393,0.9029603383243799
0.4480577334283678,0.9029603383243799
0.4480577334283678,0.903074637101383
0.4489486813970064,0.903074637101383
0.4489486813970064,0.9033032346553892
0.44930506058446185,0.9033032346553892
0.44930506058446185,0.9034175334323923
0.44957234497505344,0.9034175334323923
0.44957234497505344,0.9035318322093954
0.45028510334996436,0.9035318322093954
0.45028510334996436,0.9037604297634015
0.4506414825374198,0.9037604297634015
0.4506414825374198,0.9038747285404046
0.4507305773342837,0.9038747285404046
0.4507305773342837,0.9039890273174077
0.45081967213114754,0.9039890273174077
0.45081967213114754,0.90444622242542
0.4509087669280114,0.90444622242542
0.4509087669280114,0.9045605212024231
0.45099786172487527,0.9045605212024231
0.45099786172487527,0.9046748199794262
0.45179971489665005,0.9046748199794262
0.45179971489665005,0.9047891187564293
0.4518888096935139,0.9047891187564293
0.4518888096935139,0.9049034175334324
0.4519779044903778,0.9049034175334324
0.4519779044903778,0.9050177163104355
0.4527797576621525,0.9050177163104355
0.4527797576621525,0.9052463138644417
0.45295794725588023,0.9052463138644417
0.45295794725588023,0.9053606126414447
0.4530470420527441,0.9053606126414447
0.4530470420527441,0.9055892101954509
0.45340342124019956,0.9055892101954509
0.45340342124019956,0.9058178077494571
0.4534925160370634,0.9058178077494571
0.4534925160370634,0.9059321065264602
0.4538488952245189,0.9059321065264602
0.4538488952245189,0.9061607040804663
0.4542943692088382,0.9061607040804663
0.4542943692088382,0.9062750028574694
0.45447255880256593,0.9062750028574694
0.45447255880256593,0.9065036004114756
0.4545616535994298,0.9065036004114756
0.4545616535994298,0.9066178991884787
0.4552744119743407,0.9066178991884787
0.4552744119743407,0.9067321979654818
0.4553635067712046,0.9067321979654818
0.4553635067712046,0.9068464967424849
0.4559871703492516,0.9068464967424849
0.4559871703492516,0.907075094296491
0.45616535994297935,0.907075094296491
0.45616535994297935,0.9071893930734941
0.4568781183178902,0.9071893930734941
0.4568781183178902,0.9073036918504972
0.457679971489665,0.9073036918504972
0.457679971489665,0.9074179906275003
0.4582145402708482,0.9074179906275003
0.4582145402708482,0.9075322894045034
0.45830363506771205,0.9075322894045034
0.45830363506771205,0.9076465881815065
0.45857091945830364,0.9076465881815065
0.45857091945830364,0.9079894845125157
0.45901639344262296,0.9079894845125157
0.45901639344262296,0.9081037832895188
0.4591054882394868,0.9081037832895188
0.4591054882394868,0.9082180820665219
0.45955096222380615,0.9082180820665219
0.45955096222380615,0.908332380843525
0.45999643620812547,0.908332380843525
0.45999643620812547,0.908446679620528
0.460263720598717,0.908446679620528
0.460263720598717,0.9085609783975311
0.46070919458303633,0.9085609783975311
0.46070919458303633,0.9086752771745342
0.46115466856735565,0.9086752771745342
0.46115466856735565,0.9089038747285404
0.4612437633642195,0.9089038747285404
0.4612437633642195,0.9090181735055435
0.46142195295794725,0.9090181735055435
0.46142195295794725,0.9091324722825466
0.4617783321454027,0.9091324722825466
0.4617783321454027,0.9092467710595497
0.46186742694226657,0.9092467710595497
0.46186742694226657,0.9094753686135558
0.46195652173913043,0.9094753686135558
0.46195652173913043,0.9095896673905589
0.4620456165359943,0.9095896673905589
0.4620456165359943,0.909703966167562
0.46213471133285816,0.909703966167562
0.46213471133285816,0.9098182649445651
0.462223806129722,0.9098182649445651
0.462223806129722,0.9100468624985713
0.46240199572344975,0.9100468624985713
0.46240199572344975,0.9101611612755743
0.4625801853171775,0.9101611612755743
0.4625801853171775,0.9102754600525774
0.4630256593014968,0.9102754600525774
0.4630256593014968,0.9103897588295805
0.46311475409836067,0.9103897588295805
0.46311475409836067,0.9105040576065836
0.4632929436920884,0.9105040576065836
0.4632929436920884,0.9107326551605898
0.46338203848895226,0.9107326551605898
0.46338203848895226,0.9108469539375929
0.4637384176764077,0.9108469539375929
0.4637384176764077,0.9109612527145959
0.46391660727013545,0.9109612527145959
0.46391660727013545,0.9111898502686021
0.4640057020669993,0.9111898502686021
0.4640057020669993,0.9114184478226083
0.46427298645759085,0.9114184478226083
0.46427298645759085,0.9116470453766145
0.4643620812544547,0.9116470453766145
0.4643620812544547,0.9117613441536175
0.4646293656450463,0.9117613441536175
0.4646293656450463,0.9118756429306206
0.46480755523877404,0.9118756429306206
0.46480755523877404,0.9119899417076237
0.4654312188168211,0.9119899417076237
0.4654312188168211,0.9121042404846268
0.4656985032074127,0.9121042404846268
0.4656985032074127,0.9122185392616299
0.4658766928011404,0.9122185392616299
0.4658766928011404,0.9126757343696422
0.46623307198859587,0.9126757343696422
0.46623307198859587,0.9127900331466453
0.46658945117605133,0.9127900331466453
0.46658945117605133,0.9129043319236484
0.46703492516037065,0.9129043319236484
0.46703492516037065,0.9131329294776546
0.4685495367070563,0.9131329294776546
0.4685495367070563,0.9132472282546577
0.46917320028510334,0.9132472282546577
0.46917320028510334,0.9133615270316607
0.46961867426942266,0.9133615270316607
0.46961867426942266,0.9134758258086638
0.46970776906628653,0.9134758258086638
0.46970776906628653,0.9135901245856669
0.4697968638631504,0.9135901245856669
0.4697968638631504,0.91370442336267
0.4699750534568781,0.91370442336267
0.4699750534568781,0.9138187221396731
0.470064148253742,0.9138187221396731
0.470064148253742,0.9139330209166762
0.4703314326443336,0.9139330209166762
0.4703314326443336,0.9140473196936792
0.47042052744119744,0.9140473196936792
0.47042052744119744,0.9141616184706823
0.4707769066286529,0.9141616184706823
0.4707769066286529,0.9143902160246885
0.4710441910192445,0.9143902160246885
0.4710441910192445,0.9145045148016916
0.47113328581610836,0.9145045148016916
0.47113328581610836,0.9146188135786947
0.4716678545972915,0.9146188135786947
0.4716678545972915,0.9147331123556978
0.4721133285816108,0.9147331123556978
0.4721133285816108,0.915076008686707
0.4723806129722024,0.915076008686707
0.4723806129722024,0.9151903074637101
0.47273699215965787,0.9151903074637101
0.47273699215965787,0.9153046062407132
0.4744297933000713,0.9153046062407132
0.4744297933000713,0.9154189050177163
0.47505345687811834,0.9154189050177163
0.47505345687811834,0.9156475025717224
0.47558802565930147,0.9156475025717224
0.47558802565930147,0.9158761001257286
0.47594440484675693,0.9158761001257286
0.47594440484675693,0.9159903989027317
0.47612259444048466,0.9159903989027317
0.47612259444048466,0.9161046976797348
0.4763007840342124,0.9161046976797348
0.4763007840342124,0.9162189964567379
0.47665716322166785,0.9162189964567379
0.47665716322166785,0.916333295233741
0.47692444761225944,0.916333295233741
0.47692444761225944,0.916447594010744
0.4774590163934426,0.916447594010744
0.4774590163934426,0.9165618927877471
0.4777263007840342,0.9165618927877471
0.4777263007840342,0.9166761915647502
0.47790449037776195,0.9166761915647502
0.47790449037776195,0.9167904903417533
0.47870634354953673,0.9167904903417533
0.47870634354953673,0.9169047891187564
0.4790627227369922,0.9169047891187564
0.4790627227369922,0.9170190878957595
0.47915181753385605,0.9170190878957595
0.47915181753385605,0.9171333866727626
0.47924091233071986,0.9171333866727626
0.47924091233071986,0.9172476854497656
0.4796863863150392,0.9172476854497656
0.4796863863150392,0.9173619842267687
0.4798645759087669,0.9173619842267687
0.4798645759087669,0.9174762830037718
0.48022095509622237,0.9174762830037718
0.48022095509622237,0.9175905817807749
0.4803991446899501,0.9175905817807749
0.4803991446899501,0.917704880557778
0.4816464718460442,0.917704880557778
0.4816464718460442,0.9178191793347811
0.48200285103349966,0.9178191793347811
0.48200285103349966,0.9179334781117842
0.483071988595866,0.9179334781117842
0.483071988595866,0.9180477768887872
0.48316108339272984,0.9180477768887872
0.48316108339272984,0.9182763744427934
0.48333927298645757,0.9182763744427934
0.48333927298645757,0.9183906732197965
0.4842302209550962,0.9183906732197965
0.4842302209550962,0.9186192707738027
0.48440841054882394,0.9186192707738027
0.48440841054882394,0.9187335695508058
0.48485388453314326,0.9187335695508058
0.48485388453314326,0.9188478683278088
0.4854775481111903,0.9188478683278088
0.4854775481111903,0.9189621671048119
0.4858339272986458,0.9189621671048119
0.4858339272986458,0.9191907646588181
0.4871703492516037,0.9191907646588181
0.4871703492516037,0.9193050634358212
0.4873485388453314,0.9193050634358212
0.4873485388453314,0.9194193622128243
0.4883285816108339,0.9194193622128243
0.4883285816108339,0.9197622585438335
0.48904133998574484,0.9197622585438335
0.48904133998574484,0.9198765573208366
0.4893977191732003,0.9198765573208366
0.4893977191732003,0.9199908560978397
0.48975409836065575,0.9199908560978397
0.48975409836065575,0.9202194536518459
0.4901104775481112,0.9202194536518459
0.4901104775481112,0.920333752428849
0.4905559515324305,0.920333752428849
0.4905559515324305,0.9205623499828551
0.4920705630791162,0.9205623499828551
0.4920705630791162,0.9206766487598582
0.49233784746970777,0.9206766487598582
0.49233784746970777,0.9207909475368613
0.4929615110477548,0.9207909475368613
0.4929615110477548,0.9209052463138644
0.49313970064148255,0.9209052463138644
0.49313970064148255,0.9211338438678706
0.49358517462580187,0.9211338438678706
0.49358517462580187,0.9212481426448736
0.4937633642195296,0.9212481426448736
0.4937633642195296,0.9213624414218767
0.4942979330007128,0.9213624414218767
0.4942979330007128,0.9215910389758829
0.4943870277975766,0.9215910389758829
0.4943870277975766,0.921705337752886
0.4949215965787598,0.921705337752886
0.4949215965787598,0.9218196365298891
0.49545616535994297,0.9218196365298891
0.49545616535994297,0.9219339353068923
0.4956343549536707,0.9219339353068923
0.4956343549536707,0.9220482340838954
0.49607982893799,0.9220482340838954
0.49607982893799,0.9221625328608984
0.4963471133285816,0.9221625328608984
0.4963471133285816,0.9222768316379015
0.49652530292230934,0.9222768316379015
0.49652530292230934,0.9223911304149046
0.4968816821097648,0.9223911304149046
0.4968816821097648,0.9227340267459139
0.49697077690662866,0.9227340267459139
0.49697077690662866,0.922848325522917
0.4971489665003564,0.922848325522917
0.4971489665003564,0.92296262429992
0.4976835352815396,0.92296262429992
0.4976835352815396,0.9230769230769231
0.49812900926585885,0.9230769230769231
0.49812900926585885,0.9233055206309293
0.4984853884533143,0.9233055206309293
0.4984853884533143,0.9235341181849355
0.49964362081254454,0.9235341181849355
0.49964362081254454,0.9236484169619386
0.49982181040627227,0.9236484169619386
0.49982181040627227,0.9237627157389416
0.49991090520313614,0.9237627157389416
0.49991090520313614,0.9238770145159447
0.5003563791874555,0.9238770145159447
0.5003563791874555,0.9239913132929478
0.5005345687811832,0.9239913132929478
0.5005345687811832,0.924219910846954
0.5010691375623664,0.924219910846954
0.5010691375623664,0.9244485084009602
0.5014255167498218,0.9244485084009602
0.5014255167498218,0.9245628071779632
0.5018709907341411,0.9245628071779632
0.5018709907341411,0.9247914047319694
0.501960085531005,0.9247914047319694
0.501960085531005,0.9249057035089725
0.5023164647184605,0.9249057035089725
0.5023164647184605,0.9250200022859756
0.5024055595153243,0.9250200022859756
0.5024055595153243,0.9252485998399818
0.502583749109052,0.9252485998399818
0.502583749109052,0.9253628986169848
0.5028510334996437,0.9253628986169848
0.5028510334996437,0.9254771973939879
0.5030292230933714,0.9254771973939879
0.5030292230933714,0.9257057949479941
0.5034746970776907,0.9257057949479941
0.5034746970776907,0.9260486912790034
0.5035637918745546,0.9260486912790034
0.5035637918745546,0.9261629900560064
0.5047220242337848,0.9261629900560064
0.5047220242337848,0.9262772888330095
0.5053456878118318,0.9262772888330095
0.5053456878118318,0.926848782718025
0.5057020669992872,0.926848782718025
0.5057020669992872,0.926963081495028
0.5057911617961511,0.926963081495028
0.5057911617961511,0.9270773802720311
0.5061475409836066,0.9270773802720311
0.5061475409836066,0.9271916790490342
0.5064148253741981,0.9271916790490342
0.5064148253741981,0.9273059778260373
0.5068602993585175,0.9273059778260373
0.5068602993585175,0.9275345753800435
0.5081967213114754,0.9275345753800435
0.5081967213114754,0.9276488741570466
0.5089094796863863,0.9276488741570466
0.5089094796863863,0.9277631729340496
0.5089985744832501,0.9277631729340496
0.5089985744832501,0.9279917704880558
0.5090876692801141,0.9279917704880558
0.5090876692801141,0.9281060692650589
0.5092658588738418,0.9281060692650589
0.5092658588738418,0.928220368042062
0.5094440484675695,0.928220368042062
0.5094440484675695,0.9283346668190651
0.5095331432644333,0.9283346668190651
0.5095331432644333,0.9284489655960682
0.5097113328581611,0.9284489655960682
0.5097113328581611,0.9285632643730712
0.509800427655025,0.9285632643730712
0.509800427655025,0.9286775631500743
0.5100677120456165,0.9286775631500743
0.5100677120456165,0.9287918619270774
0.5103349964362082,0.9287918619270774
0.5103349964362082,0.9289061607040805
0.5107804704205274,0.9289061607040805
0.5107804704205274,0.9290204594810836
0.5114041339985744,0.9290204594810836
0.5114041339985744,0.9292490570350898
0.5118496079828938,0.9292490570350898
0.5118496079828938,0.9294776545890959
0.5121168923734853,0.9294776545890959
0.5121168923734853,0.929591953366099
0.5136315039201711,0.929591953366099
0.5136315039201711,0.9298205509201052
0.5146115466856735,0.9298205509201052
0.5146115466856735,0.9299348496971083
0.5155024946543122,0.9299348496971083
0.5155024946543122,0.9300491484741114
0.5171062009978618,0.9300491484741114
0.5171062009978618,0.9301634472511144
0.5173734853884533,0.9301634472511144
0.5173734853884533,0.9302777460281175
0.5178189593727727,0.9302777460281175
0.5178189593727727,0.9305063435821237
0.5182644333570919,0.9305063435821237
0.5182644333570919,0.9306206423591268
0.5184426229508197,0.9306206423591268
0.5184426229508197,0.9307349411361299
0.5189771917320029,0.9307349411361299
0.5189771917320029,0.930849239913133
0.5190662865288667,0.930849239913133
0.5190662865288667,0.930963538690136
0.5191553813257306,0.930963538690136
0.5191553813257306,0.9310778374671391
0.5194226657163221,0.9310778374671391
0.5194226657163221,0.9311921362441422
0.520135424091233,0.9311921362441422
0.520135424091233,0.9313064350211453
0.5204918032786885,0.9313064350211453
0.5204918032786885,0.9315350325751515
0.5206699928724162,0.9315350325751515
0.5206699928724162,0.9316493313521546
0.520848182466144,0.9316493313521546
0.520848182466144,0.9317636301291576
0.5209372772630079,0.9317636301291576
0.5209372772630079,0.9318779289061607
0.5210263720598717,0.9318779289061607
0.5210263720598717,0.9319922276831638
0.5219173200285103,0.9319922276831638
0.5219173200285103,0.93222082523717
0.522184604419102,0.93222082523717
0.522184604419102,0.9326780203451823
0.5225409836065574,0.9326780203451823
0.5225409836065574,0.9327923191221854
0.522808267997149,0.9327923191221854
0.522808267997149,0.9329066178991885
0.5228973627940128,0.9329066178991885
0.5228973627940128,0.9330209166761916
0.5232537419814682,0.9330209166761916
0.5232537419814682,0.9331352154531947
0.5238774055595153,0.9331352154531947
0.5238774055595153,0.9332495142301978
0.5239665003563792,0.9332495142301978
0.5239665003563792,0.9333638130072008
0.5246792587312901,0.9333638130072008
0.5246792587312901,0.933592410561207
0.524768353528154,0.933592410561207
0.524768353528154,0.9337067093382101
0.5248574483250178,0.9337067093382101
0.5248574483250178,0.9338210081152132
0.5249465431218817,0.9338210081152132
0.5249465431218817,0.9339353068922163
0.5250356379187455,0.9339353068922163
0.5250356379187455,0.9340496056692194
0.5255702066999287,0.9340496056692194
0.5255702066999287,0.9341639044462224
0.5261047754811119,0.9341639044462224
0.5261047754811119,0.9342782032232255
0.5263720598717035,0.9342782032232255
0.5263720598717035,0.9343925020002286
0.5276193870277975,0.9343925020002286
0.5276193870277975,0.9345068007772317
0.5277084818246615,0.9345068007772317
0.5277084818246615,0.9346210995542348
0.5278866714183892,0.9346210995542348
0.5278866714183892,0.9347353983312379
0.5284212401995724,0.9347353983312379
0.5284212401995724,0.934849697108241
0.5285103349964362,0.934849697108241
0.5285103349964362,0.934963995885244
0.529935851746258,0.934963995885244
0.529935851746258,0.9350782946622471
0.5303813257305773,0.9350782946622471
0.5303813257305773,0.9351925934392502
0.5311831789023521,0.9351925934392502
0.5311831789023521,0.9353068922162533
0.5312722736992159,0.9353068922162533
0.5312722736992159,0.9354211909932564
0.531895937277263,0.9354211909932564
0.531895937277263,0.9355354897702595
0.5321632216678546,0.9355354897702595
0.5321632216678546,0.9356497885472626
0.5329650748396294,0.9356497885472626
0.5329650748396294,0.9357640873242656
0.5337669280114041,0.9357640873242656
0.5337669280114041,0.9359926848782718
0.5340342124019958,0.9359926848782718
0.5340342124019958,0.9361069836552749
0.5347469707769066,0.9361069836552749
0.5347469707769066,0.936221282432278
0.535192444761226,0.936221282432278
0.535192444761226,0.9363355812092811
0.5355488239486814,0.9363355812092811
0.5355488239486814,0.9366784775402903
0.5356379187455452,0.9366784775402903
0.5356379187455452,0.9367927763172934
0.5361724875267284,0.9367927763172934
0.5361724875267284,0.9369070750942965
0.5362615823235923,0.9369070750942965
0.5362615823235923,0.9370213738712996
0.5363506771204561,0.9370213738712996
0.5363506771204561,0.9371356726483027
0.5375089094796864,0.9371356726483027
0.5375089094796864,0.9372499714253058
0.5375980042765502,0.9372499714253058
0.5375980042765502,0.9377071665333181
0.537776193870278,0.9377071665333181
0.537776193870278,0.9378214653103212
0.5378652886671419,0.9378214653103212
0.5378652886671419,0.9380500628643273
0.5379543834640057,0.9380500628643273
0.5379543834640057,0.9382786604183335
0.5389344262295082,0.9382786604183335
0.5389344262295082,0.9383929591953366
0.5390235210263721,0.9383929591953366
0.5390235210263721,0.9386215567493428
0.5394689950106913,0.9386215567493428
0.5394689950106913,0.9387358555263459
0.5401817533856023,0.9387358555263459
0.5401817533856023,0.938850154303349
0.5404490377761939,0.938850154303349
0.5404490377761939,0.9390787518573551
0.5420527441197434,0.9390787518573551
0.5420527441197434,0.9391930506343582
0.5426764076977905,0.9391930506343582
0.5426764076977905,0.9393073494113613
0.542943692088382,0.9393073494113613
0.542943692088382,0.9394216481883644
0.5431218816821097,0.9394216481883644
0.5431218816821097,0.9396502457423705
0.5437455452601568,0.9396502457423705
0.5437455452601568,0.9397645445193736
0.5438346400570206,0.9397645445193736
0.5438346400570206,0.9398788432963767
0.5445473984319316,0.9398788432963767
0.5445473984319316,0.9401074408503829
0.544903777619387,0.9401074408503829
0.544903777619387,0.9403360384043891
0.5450819672131147,0.9403360384043891
0.5450819672131147,0.9404503371813921
0.5456165359942979,0.9404503371813921
0.5456165359942979,0.9406789347353983
0.5465965787598004,0.9406789347353983
0.5465965787598004,0.9409075322894045
0.5470420527441198,0.9409075322894045
0.5470420527441198,0.9410218310664076
0.5472202423378475,0.9410218310664076
0.5472202423378475,0.9412504286204137
0.547487526728439,0.9412504286204137
0.547487526728439,0.9413647273974168
0.5479330007127584,0.9413647273974168
0.5479330007127584,0.9414790261744199
0.54820028510335,0.9414790261744199
0.54820028510335,0.941593324951423
0.5483784746970777,0.941593324951423
0.5483784746970777,0.9417076237284261
0.5490912330719886,0.9417076237284261
0.5490912330719886,0.9419362212824323
0.5492694226657163,0.9419362212824323
0.5492694226657163,0.9420505200594353
0.5497148966500356,0.9420505200594353
0.5497148966500356,0.9421648188364384
0.5498039914468995,0.9421648188364384
0.5498039914468995,0.9422791176134415
0.5503385602280827,0.9422791176134415
0.5503385602280827,0.9423934163904446
0.5504276550249465,0.9423934163904446
0.5504276550249465,0.9425077151674477
0.5517640769779045,0.9425077151674477
0.5517640769779045,0.9426220139444508
0.5518531717747683,0.9426220139444508
0.5518531717747683,0.9427363127214539
0.553367783321454,0.9427363127214539
0.553367783321454,0.942850611498457
0.5543478260869565,0.942850611498457
0.5543478260869565,0.94296491027546
0.5568424803991446,0.94296491027546
0.5568424803991446,0.9430792090524631
0.5569315751960086,0.9430792090524631
0.5569315751960086,0.9431935078294662
0.5575552387740556,0.9431935078294662
0.5575552387740556,0.9433078066064693
0.5581789023521027,0.9433078066064693
0.5581789023521027,0.9436507029374785
0.5588025659301497,0.9436507029374785
0.5588025659301497,0.9438793004914847
0.5589807555238774,0.9438793004914847
0.5589807555238774,0.9441078980454909
0.559248039914469,0.9441078980454909
0.559248039914469,0.944222196822494
0.5593371347113328,0.944222196822494
0.5593371347113328,0.9443364955994971
0.5606735566642908,0.9443364955994971
0.5606735566642908,0.9444507943765001
0.5611190306486101,0.9444507943765001
0.5611190306486101,0.9446793919305063
0.5613863150392017,0.9446793919305063
0.5613863150392017,0.9447936907075094
0.562455452601568,0.9447936907075094
0.562455452601568,0.9450222882615156
0.5626336421952958,0.9450222882615156
0.5626336421952958,0.9451365870385187
0.5629009265858874,0.9451365870385187
0.5629009265858874,0.9453651845925248
0.5633464005702067,0.9453651845925248
0.5633464005702067,0.9454794833695279
0.5636136849607983,0.9454794833695279
0.5636136849607983,0.945593782146531
0.5648610121168923,0.945593782146531
0.5648610121168923,0.9457080809235341
0.5649501069137562,0.9457080809235341
0.5649501069137562,0.9458223797005372
0.56503920171062,0.9458223797005372
0.56503920171062,0.9459366784775403
0.5653955808980755,0.9459366784775403
0.5653955808980755,0.9460509772545433
0.5656628652886672,0.9460509772545433
0.5656628652886672,0.9462795748085495
0.5661083392729864,0.9462795748085495
0.5661083392729864,0.9465081723625557
0.5665538132573058,0.9465081723625557
0.5665538132573058,0.946851068693565
0.5667320028510335,0.946851068693565
0.5667320028510335,0.946965367470568
0.567088382038489,0.946965367470568
0.567088382038489,0.9470796662475711
0.567712045616536,0.9470796662475711
0.567712045616536,0.9473082638015773
0.5678902352102637,0.9473082638015773
0.5678902352102637,0.9475368613555835
0.5680684248039914,0.9475368613555835
0.5680684248039914,0.9476511601325865
0.568335709194583,0.9476511601325865
0.568335709194583,0.9477654589095896
0.5684248039914469,0.9477654589095896
0.5684248039914469,0.9478797576865927
0.5686029935851746,0.9478797576865927
0.5686029935851746,0.9479940564635958
0.5691375623663578,0.9479940564635958
0.5691375623663578,0.9481083552405989
0.569672131147541,0.9481083552405989
0.569672131147541,0.948222654017602
0.5698503207412687,0.948222654017602
0.5698503207412687,0.9483369527946051
0.5710085531004989,0.9483369527946051
0.5710085531004989,0.9484512515716081
0.5717213114754098,0.9484512515716081
0.5717213114754098,0.9485655503486112
0.5718104062722738,0.9485655503486112
0.5718104062722738,0.9486798491256143
0.5724340698503207,0.9486798491256143
0.5724340698503207,0.9487941479026174
0.5727013542409123,0.9487941479026174
0.5727013542409123,0.9489084466796205
0.5730577334283677,0.9489084466796205
0.5730577334283677,0.9490227454566236
0.5735032074126871,0.9490227454566236
0.5735032074126871,0.9491370442336267
0.5738595866001426,0.9491370442336267
0.5738595866001426,0.9492513430106297
0.5740377761938703,0.9492513430106297
0.5740377761938703,0.9494799405646359
0.5751069137562367,0.9494799405646359
0.5751069137562367,0.9497085381186421
0.5763542409123307,0.9497085381186421
0.5763542409123307,0.9498228368956452
0.5769779044903778,0.9498228368956452
0.5769779044903778,0.9499371356726483
0.5777797576621525,0.9499371356726483
0.5777797576621525,0.9500514344496513
0.5778688524590164,0.9500514344496513
0.5778688524590164,0.9502800320036575
0.5780470420527442,0.9502800320036575
0.5780470420527442,0.9503943307806606
0.5787598004276551,0.9503943307806606
0.5787598004276551,0.9505086295576637
0.5797398431931575,0.9505086295576637
0.5797398431931575,0.9508515258886729
0.5798289379900213,0.9508515258886729
0.5798289379900213,0.950965824665676
0.5808980755523877,0.950965824665676
0.5808980755523877,0.9511944222196822
0.5813435495367071,0.9511944222196822
0.5813435495367071,0.9513087209966853
0.5816108339272986,0.9513087209966853
0.5816108339272986,0.9514230197736884
0.5816999287241625,0.9514230197736884
0.5816999287241625,0.9515373185506915
0.5817890235210263,0.9515373185506915
0.5817890235210263,0.9516516173276945
0.5822344975053457,0.9516516173276945
0.5822344975053457,0.9517659161046976
0.5823235923022095,0.9517659161046976
0.5823235923022095,0.9518802148817007
0.5825017818959373,0.9518802148817007
0.5825017818959373,0.9521088124357069
0.5833927298645759,0.9521088124357069
0.5833927298645759,0.95222311121271
0.5834818246614397,0.95222311121271
0.5834818246614397,0.9523374099897131
0.5848182466143977,0.9523374099897131
0.5848182466143977,0.9524517087667161
0.5856200997861725,0.9524517087667161
0.5856200997861725,0.9525660075437192
0.5857091945830364,0.9525660075437192
0.5857091945830364,0.9526803063207223
0.5857982893799002,0.9526803063207223
0.5857982893799002,0.9527946050977254
0.5862437633642196,0.9527946050977254
0.5862437633642196,0.9529089038747285
0.5876692801140413,0.9529089038747285
0.5876692801140413,0.9530232026517316
0.5881147540983607,0.9530232026517316
0.5881147540983607,0.9531375014287348
0.5886493228795439,0.9531375014287348
0.5886493228795439,0.9532518002057379
0.5887384176764077,0.9532518002057379
0.5887384176764077,0.9533660989827409
0.5896293656450463,0.9533660989827409
0.5896293656450463,0.953480397759744
0.5913221667854597,0.953480397759744
0.5913221667854597,0.9535946965367471
0.5915894511760513,0.9535946965367471
0.5915894511760513,0.9537089953137502
0.5916785459729151,0.9537089953137502
0.5916785459729151,0.9539375928677564
0.5917676407697791,0.9539375928677564
0.5917676407697791,0.9540518916447595
0.5921240199572345,0.9540518916447595
0.5921240199572345,0.9541661904217625
0.5923022095509622,0.9541661904217625
0.5923022095509622,0.9542804891987656
0.5925694939415538,0.9542804891987656
0.5925694939415538,0.9543947879757687
0.5927476835352815,0.9543947879757687
0.5927476835352815,0.9545090867527718
0.5928367783321454,0.9545090867527718
0.5928367783321454,0.9546233855297749
0.593104062722737,0.9546233855297749
0.593104062722737,0.954737684306778
0.594440484675695,0.954737684306778
0.594440484675695,0.954851983083781
0.5946186742694227,0.954851983083781
0.5946186742694227,0.9549662818607841
0.5947077690662865,0.9549662818607841
0.5947077690662865,0.9550805806377872
0.5948859586600143,0.9550805806377872
0.5948859586600143,0.9551948794147903
0.597024233784747,0.9551948794147903
0.597024233784747,0.9553091781917934
0.5981824661439772,0.9553091781917934
0.5981824661439772,0.9554234769687965
0.5995188880969351,0.9554234769687965
0.5995188880969351,0.9555377757457996
0.599607982893799,0.9555377757457996
0.599607982893799,0.9556520745228027
0.5997861724875267,0.9556520745228027
0.5997861724875267,0.9557663732998057
0.5999643620812545,0.9557663732998057
0.5999643620812545,0.9558806720768088
0.6001425516749822,0.9558806720768088
0.6001425516749822,0.9559949708538119
0.600231646471846,0.9559949708538119
0.600231646471846,0.956109269630815
0.6013007840342124,0.956109269630815
0.6013007840342124,0.9562235684078181
0.6014789736279401,0.9562235684078181
0.6014789736279401,0.9564521659618243
0.6020135424091233,0.9564521659618243
0.6020135424091233,0.9566807635158304
0.6021026372059872,0.9566807635158304
0.6021026372059872,0.9567950622928335
0.602191732002851,0.9567950622928335
0.602191732002851,0.9569093610698366
0.6023699215965788,0.9569093610698366
0.6023699215965788,0.9570236598468397
0.602904490377762,0.9570236598468397
0.602904490377762,0.9571379586238428
0.6037954383464006,0.9571379586238428
0.6037954383464006,0.9572522574008459
0.6039736279401283,0.9572522574008459
0.6039736279401283,0.9573665561778489
0.6045972915181753,0.9573665561778489
0.6045972915181753,0.957480854954852
0.6050427655024947,0.957480854954852
0.6050427655024947,0.9575951537318551
0.6053100498930862,0.9575951537318551
0.6053100498930862,0.9577094525088582
0.6056664290805417,0.9577094525088582
0.6056664290805417,0.9578237512858613
0.6057555238774056,0.9578237512858613
0.6057555238774056,0.9579380500628644
0.6076265146115467,0.9579380500628644
0.6076265146115467,0.9580523488398675
0.6078047042052744,0.9580523488398675
0.6078047042052744,0.9581666476168705
0.6086956521739131,0.9581666476168705
0.6086956521739131,0.9582809463938736
0.6096756949394155,0.9582809463938736
0.6096756949394155,0.9583952451708767
0.6105666429080542,0.9583952451708767
0.6105666429080542,0.9585095439478798
0.6108339272986457,0.9585095439478798
0.6108339272986457,0.9586238427248829
0.6110121168923734,0.9586238427248829
0.6110121168923734,0.958738141501886
0.6111903064861012,0.958738141501886
0.6111903064861012,0.958852440278889
0.6112794012829651,0.958852440278889
0.6112794012829651,0.9590810378328952
0.6118139700641483,0.9590810378328952
0.6118139700641483,0.9591953366098983
0.6127940128296507,0.9591953366098983
0.6127940128296507,0.9593096353869014
0.6138631503920171,0.9593096353869014
0.6138631503920171,0.9594239341639045
0.6140413399857448,0.9594239341639045
0.6140413399857448,0.9595382329409076
0.6141304347826086,0.9595382329409076
0.6141304347826086,0.9596525317179107
0.6143977191732003,0.9596525317179107
0.6143977191732003,0.9597668304949137
0.6155559515324305,0.9597668304949137
0.6155559515324305,0.9598811292719168
0.6157341411261582,0.9598811292719168
0.6157341411261582,0.9599954280489199
0.6160905203136137,0.9599954280489199
0.6160905203136137,0.960109726825923
0.6163578047042053,0.960109726825923
0.6163578047042053,0.9602240256029261
0.6164468995010691,0.9602240256029261
0.6164468995010691,0.9603383243799292
0.616535994297933,0.9603383243799292
0.616535994297933,0.9605669219339353
0.6179615110477548,0.9605669219339353
0.6179615110477548,0.9606812207109384
0.6184069850320741,0.9606812207109384
0.6184069850320741,0.9607955194879415
0.619832501781896,0.9607955194879415
0.619832501781896,0.9609098182649446
0.6203670705630792,0.9609098182649446
0.6203670705630792,0.9610241170419477
0.6206343549536707,0.9610241170419477
0.6206343549536707,0.9612527145959538
0.6220598717034925,0.9612527145959538
0.6220598717034925,0.9613670133729569
0.6227726300784034,0.9613670133729569
0.6227726300784034,0.96148131214996
0.6237526728439059,0.96148131214996
0.6237526728439059,0.9615956109269631
0.6238417676407698,0.9615956109269631
0.6238417676407698,0.9617099097039662
0.6240199572344975,0.9617099097039662
0.6240199572344975,0.9620528060349754
0.6252672843905915,0.9620528060349754
0.6252672843905915,0.9621671048119785
0.6262473271560941,0.9621671048119785
0.6262473271560941,0.9622814035889816
0.6266928011404134,0.9622814035889816
0.6266928011404134,0.9625100011429878
0.6277619387027797,0.9625100011429878
0.6277619387027797,0.962738598696994
0.6278510334996437,0.962738598696994
0.6278510334996437,0.9629671962510001
0.6283856022808268,0.9629671962510001
0.6283856022808268,0.9630814950280032
0.6284746970776907,0.9630814950280032
0.6284746970776907,0.9631957938050063
0.6290092658588738,0.9631957938050063
0.6290092658588738,0.9633100925820094
0.6290983606557377,0.9633100925820094
0.6290983606557377,0.9635386901360156
0.6296329294369208,0.9635386901360156
0.6296329294369208,0.9637672876900217
0.6297220242337848,0.9637672876900217
0.6297220242337848,0.9638815864670248
0.6306129722024234,0.9638815864670248
0.6306129722024234,0.9639958852440279
0.6318602993585175,0.9639958852440279
0.6318602993585175,0.9642244827980341
0.632127583749109,0.9642244827980341
0.632127583749109,0.9646816779060464
0.6323948681397007,0.9646816779060464
0.6323948681397007,0.9649102754600526
0.6329294369208838,0.9649102754600526
0.6329294369208838,0.9650245742370557
0.6330185317177477,0.9650245742370557
0.6330185317177477,0.9651388730140588
0.6352459016393442,0.9651388730140588
0.6352459016393442,0.9652531717910618
0.6364932287954383,0.9652531717910618
0.6364932287954383,0.9653674705680649
0.6371168923734853,0.9653674705680649
0.6371168923734853,0.965481769345068
0.6372950819672131,0.965481769345068
0.6372950819672131,0.9655960681220711
0.6381860299358517,0.9655960681220711
0.6381860299358517,0.9657103668990742
0.6396115466856735,0.9657103668990742
0.6396115466856735,0.9658246656760773
0.6416607270135424,0.9658246656760773
0.6416607270135424,0.9659389644530804
0.6421952957947256,0.9659389644530804
0.6421952957947256,0.9660532632300834
0.6424625801853172,0.9660532632300834
0.6424625801853172,0.9662818607840896
0.6433535281539559,0.9662818607840896
0.6433535281539559,0.9663961595610927
0.6434426229508197,0.9663961595610927
0.6434426229508197,0.9665104583380958
0.6437990021382751,0.9665104583380958
0.6437990021382751,0.9666247571150989
0.645135424091233,0.9666247571150989
0.645135424091233,0.966739055892102
0.6463827512473271,0.966739055892102
0.6463827512473271,0.9669676534461081
0.6464718460441911,0.9669676534461081
0.6464718460441911,0.9670819522231112
0.6474518888096935,0.9670819522231112
0.6474518888096935,0.9671962510001143
0.6478973627940128,0.9671962510001143
0.6478973627940128,0.9673105497771174
0.6479864575908767,0.9673105497771174
0.6479864575908767,0.9675391473311236
0.6483428367783322,0.9675391473311236
0.6483428367783322,0.9676534461081266
0.6491446899501069,0.9676534461081266
0.6491446899501069,0.9677677448851297
0.6495901639344263,0.9677677448851297
0.6495901639344263,0.9678820436621328
0.6514611546685674,0.9678820436621328
0.6514611546685674,0.9679963424391359
0.6518175338560228,0.9679963424391359
0.6518175338560228,0.968110641216139
0.6519957234497505,0.968110641216139
0.6519957234497505,0.9682249399931421
0.6520848182466144,0.9682249399931421
0.6520848182466144,0.9683392387701452
0.6527975766215253,0.9683392387701452
0.6527975766215253,0.9684535375471482
0.6528866714183892,0.9684535375471482
0.6528866714183892,0.9685678363241513
0.6531539558089807,0.9685678363241513
0.6531539558089807,0.9686821351011544
0.6533321454027085,0.9686821351011544
0.6533321454027085,0.9689107326551606
0.6535994297933001,0.9689107326551606
0.6535994297933001,0.9690250314321637
0.6537776193870278,0.9690250314321637
0.6537776193870278,0.9692536289861698
0.654312188168211,0.9692536289861698
0.654312188168211,0.9693679277631729
0.6554704205274412,0.9693679277631729
0.6554704205274412,0.969482226540176
0.6561831789023521,0.969482226540176
0.6561831789023521,0.9695965253171791
0.6581432644333571,0.9695965253171791
0.6581432644333571,0.9697108240941822
0.6591233071988596,0.9697108240941822
0.6591233071988596,0.9698251228711853
0.6606379187455452,0.9698251228711853
0.6606379187455452,0.9699394216481884
0.6611724875267284,0.9699394216481884
0.6611724875267284,0.9700537204251914
0.6612615823235923,0.9700537204251914
0.6612615823235923,0.9701680192021945
0.6618852459016393,0.9701680192021945
0.6618852459016393,0.9702823179791976
0.6626870990734142,0.9702823179791976
0.6626870990734142,0.9703966167562007
0.663399857448325,0.9703966167562007
0.663399857448325,0.9705109155332038
0.6636671418389166,0.9705109155332038
0.6636671418389166,0.9706252143102069
0.6641126158232359,0.9706252143102069
0.6641126158232359,0.97073951308721
0.6642017106200998,0.97073951308721
0.6642017106200998,0.970853811864213
0.6651817533856023,0.970853811864213
0.6651817533856023,0.9710824094182192
0.6652708481824662,0.9710824094182192
0.6652708481824662,0.9711967081952223
0.6655381325730577,0.9711967081952223
0.6655381325730577,0.9713110069722254
0.6658945117605132,0.9713110069722254
0.6658945117605132,0.9714253057492285
0.6663399857448326,0.9714253057492285
0.6663399857448326,0.9715396045262316
0.6674091233071988,0.9715396045262316
0.6674091233071988,0.9717682020802377
0.6682109764789737,0.9717682020802377
0.6682109764789737,0.9718825008572408
0.6690128296507484,0.9718825008572408
0.6690128296507484,0.9719967996342439
0.6696364932287955,0.9719967996342439
0.6696364932287955,0.972111098411247
0.6704383464005702,0.972111098411247
0.6704383464005702,0.9722253971882501
0.6709729151817534,0.9722253971882501
0.6709729151817534,0.9723396959652532
0.6710620099786172,0.9723396959652532
0.6710620099786172,0.9724539947422562
0.6715965787598004,0.9724539947422562
0.6715965787598004,0.9725682935192593
0.67320028510335,0.9725682935192593
0.67320028510335,0.9726825922962624
0.6732893799002139,0.9726825922962624
0.6732893799002139,0.9727968910732655
0.6739130434782609,0.9727968910732655
0.6739130434782609,0.9729111898502686
0.6745367070563079,0.9729111898502686
0.6745367070563079,0.9730254886272717
0.6748039914468995,0.9730254886272717
0.6748039914468995,0.9731397874042748
0.675160370634355,0.9731397874042748
0.675160370634355,0.9733683849582809
0.6763186029935851,0.9733683849582809
0.6763186029935851,0.973482683735284
0.67712045616536,0.973482683735284
0.67712045616536,0.9735969825122871
0.6797933000712758,0.9735969825122871
0.6797933000712758,0.9737112812892902
0.680327868852459,0.9737112812892902
0.680327868852459,0.9738255800662933
0.6805060584461867,0.9738255800662933
0.6805060584461867,0.9739398788432964
0.6830007127583749,0.9739398788432964
0.6830007127583749,0.9740541776202994
0.6836243763364219,0.9740541776202994
0.6836243763364219,0.9741684763973025
0.6853171774768354,0.9741684763973025
0.6853171774768354,0.9742827751743056
0.6855844618674269,0.9742827751743056
0.6855844618674269,0.9743970739513087
0.6858517462580185,0.9743970739513087
0.6858517462580185,0.9745113727283118
0.6860299358517462,0.9745113727283118
0.6860299358517462,0.9746256715053149
0.6866535994297933,0.9746256715053149
0.6866535994297933,0.974739970282318
0.6890591589451176,0.974739970282318
0.6890591589451176,0.974854269059321
0.6892373485388453,0.974854269059321
0.6892373485388453,0.9749685678363241
0.6895937277263008,0.9749685678363241
0.6895937277263008,0.9750828666133272
0.6897719173200285,0.9750828666133272
0.6897719173200285,0.9751971653903303
0.690751960085531,0.9751971653903303
0.690751960085531,0.9753114641673334
0.6910192444761226,0.9753114641673334
0.6910192444761226,0.9757686592753457
0.6955630791161797,0.9757686592753457
0.6955630791161797,0.9758829580523488
0.6957412687099074,0.9758829580523488
0.6957412687099074,0.9759972568293519
0.6959194583036351,0.9759972568293519
0.6959194583036351,0.976111555606355
0.6971667854597291,0.976111555606355
0.6971667854597291,0.9762258543833581
0.697255880256593,0.9762258543833581
0.697255880256593,0.9763401531603612
0.6985923022095509,0.9763401531603612
0.6985923022095509,0.9764544519373642
0.6997505345687812,0.9764544519373642
0.6997505345687812,0.9765687507143673
0.7016215253029223,0.9765687507143673
0.7016215253029223,0.9766830494913704
0.7034925160370634,0.9766830494913704
0.7034925160370634,0.9767973482683735
0.7036707056307911,0.9767973482683735
0.7036707056307911,0.9769116470453766
0.7037598004276551,0.9769116470453766
0.7037598004276551,0.9770259458223797
0.7040270848182466,0.9770259458223797
0.7040270848182466,0.9771402445993828
0.7055416963649322,0.9771402445993828
0.7055416963649322,0.9772545433763858
0.7066108339272986,0.9772545433763858
0.7066108339272986,0.9773688421533889
0.7069672131147541,0.9773688421533889
0.7069672131147541,0.977483140930392
0.7074126870990735,0.977483140930392
0.7074126870990735,0.9775974397073951
0.7083036350677121,0.9775974397073951
0.7083036350677121,0.9777117384843982
0.7085709194583036,0.9777117384843982
0.7085709194583036,0.9778260372614013
0.7086600142551674,0.9778260372614013
0.7086600142551674,0.9779403360384044
0.7091054882394868,0.9779403360384044
0.7091054882394868,0.9780546348154074
0.712223806129722,0.9780546348154074
0.712223806129722,0.9781689335924105
0.7124910905203136,0.9781689335924105
0.7124910905203136,0.9782832323694136
0.7132929436920884,0.9782832323694136
0.7132929436920884,0.9783975311464167
0.7171240199572345,0.9783975311464167
0.7171240199572345,0.9785118299234198
0.717391304347826,0.9785118299234198
0.717391304347826,0.9786261287004229
0.7191732002851033,0.9786261287004229
0.7191732002851033,0.978740427477426
0.7192622950819673,0.978740427477426
0.7192622950819673,0.978854726254429
0.7195295794725588,0.978854726254429
0.7195295794725588,0.9790833238084352
0.7201532430506058,0.9790833238084352
0.7201532430506058,0.9791976225854383
0.7202423378474697,0.9791976225854383
0.7202423378474697,0.9794262201394445
0.7208660014255167,0.9794262201394445
0.7208660014255167,0.9795405189164476
0.7221133285816108,0.9795405189164476
0.7221133285816108,0.9796548176934506
0.7237170349251604,0.9796548176934506
0.7237170349251604,0.9797691164704537
0.7238952245188881,0.9797691164704537
0.7238952245188881,0.9798834152474568
0.7264789736279401,0.9798834152474568
0.7264789736279401,0.9799977140244599
0.7273699215965788,0.9799977140244599
0.7273699215965788,0.980112012801463
0.7287063435495367,0.980112012801463
0.7287063435495367,0.9802263115784661
0.7292409123307199,0.9802263115784661
0.7292409123307199,0.9803406103554692
0.7295081967213115,0.9803406103554692
0.7295081967213115,0.9805692079094753
0.7302209550962224,0.9805692079094753
0.7302209550962224,0.9806835066864784
0.7309337134711333,0.9806835066864784
0.7309337134711333,0.9809121042404846
0.7331610833927299,0.9809121042404846
0.7331610833927299,0.9810264030174877
0.7338738417676408,0.9810264030174877
0.7338738417676408,0.9811407017944908
0.7351211689237348,0.9811407017944908
0.7351211689237348,0.9812550005714938
0.7352993585174625,0.9812550005714938
0.7352993585174625,0.9813692993484969
0.7355666429080542,0.9813692993484969
0.7355666429080542,0.9814835981255
0.7366357804704206,0.9814835981255
0.7366357804704206,0.9815978969025031
0.7377940128296507,0.9815978969025031
0.7377940128296507,0.9817121956795062
0.7385958660014256,0.9817121956795062
0.7385958660014256,0.9819407932335124
0.7407341411261582,0.9819407932335124
0.7407341411261582,0.9820550920105154
0.7413578047042053,0.9820550920105154
0.7413578047042053,0.9821693907875185
0.7416250890947969,0.9821693907875185
0.7416250890947969,0.9822836895645216
0.7426051318602993,0.9822836895645216
0.7426051318602993,0.9825122871185278
0.7431397006414825,0.9825122871185278
0.7431397006414825,0.9826265858955309
0.7432287954383464,0.9826265858955309
0.7432287954383464,0.982740884672534
0.7435851746258019,0.982740884672534
0.7435851746258019,0.982855183449537
0.7460798289379901,0.982855183449537
0.7460798289379901,0.9829694822265401
0.7463471133285816,0.9829694822265401
0.7463471133285816,0.9830837810035432
0.7467925873129009,0.9830837810035432
0.7467925873129009,0.9831980797805463
0.7471489665003563,0.9831980797805463
0.7471489665003563,0.9833123785575494
0.7483071988595866,0.9833123785575494
0.7483071988595866,0.9834266773345525
0.7487526728439059,0.9834266773345525
0.7487526728439059,0.9835409761115556
0.7501781895937277,0.9835409761115556
0.7501781895937277,0.9836552748885586
0.750623663578047,0.9836552748885586
0.750623663578047,0.9838838724425648
0.7513364219529579,0.9838838724425648
0.7513364219529579,0.9839981712195679
0.7521382751247327,0.9839981712195679
0.7521382751247327,0.984112469996571
0.7524055595153243,0.984112469996571
0.7524055595153243,0.9842267687735741
0.7534746970776907,0.9842267687735741
0.7534746970776907,0.9843410675505772
0.7550784034212402,0.9843410675505772
0.7550784034212402,0.9844553663275804
0.7556129722024234,0.9844553663275804
0.7556129722024234,0.9845696651045834
0.7597113328581611,0.9845696651045834
0.7597113328581611,0.9846839638815865
0.7605131860299359,0.9846839638815865
0.7605131860299359,0.9847982626585896
0.7699572344975053,0.9847982626585896
0.7699572344975053,0.9849125614355927
0.7700463292943692,0.9849125614355927
0.7700463292943692,0.9850268602125958
0.7704918032786885,0.9850268602125958
0.7704918032786885,0.9851411589895989
0.7717391304347826,0.9851411589895989
0.7717391304347826,0.985255457766602
0.7729864575908767,0.985255457766602
0.7729864575908767,0.985369756543605
0.7732537419814682,0.985369756543605
0.7732537419814682,0.9854840553206081
0.7749465431218817,0.9854840553206081
0.7749465431218817,0.9855983540976112
0.7754811119030649,0.9855983540976112
0.7754811119030649,0.9857126528746143
0.7756593014967926,0.9857126528746143
0.7756593014967926,0.9858269516516174
0.7775302922309337,0.9858269516516174
0.7775302922309337,0.9859412504286205
0.7783321454027085,0.9859412504286205
0.7783321454027085,0.9860555492056235
0.7814504632929437,0.9860555492056235
0.7814504632929437,0.9861698479826266
0.7852815395580898,0.9861698479826266
0.7852815395580898,0.9862841467596297
0.7853706343549537,0.9862841467596297
0.7853706343549537,0.9863984455366328
0.7863506771204561,0.9863984455366328
0.7863506771204561,0.9865127443136359
0.7873307198859587,0.9865127443136359
0.7873307198859587,0.986627043090639
0.788399857448325,0.986627043090639
0.788399857448325,0.9867413418676421
0.7891126158232359,0.9867413418676421
0.7891126158232359,0.9869699394216482
0.789736279401283,0.9869699394216482
0.789736279401283,0.9870842381986513
0.7912508909479686,0.9870842381986513
0.7912508909479686,0.9871985369756544
0.7933000712758375,0.9871985369756544
0.7933000712758375,0.9873128357526575
0.7960620099786172,0.9873128357526575
0.7960620099786172,0.9874271345296606
0.7965074839629366,0.9874271345296606
0.7965074839629366,0.9875414333066637
0.7971311475409836,0.9875414333066637
0.7971311475409836,0.9876557320836667
0.797487526728439,0.9876557320836667
0.797487526728439,0.9877700308606698
0.7987348538845331,0.9877700308606698
0.7987348538845331,0.9878843296376729
0.7998930862437633,0.9878843296376729
0.7998930862437633,0.987998628414676
0.7999821810406272,0.987998628414676
0.7999821810406272,0.9881129271916791
0.8004276550249465,0.9881129271916791
0.8004276550249465,0.9882272259686822
0.8014967925873129,0.9882272259686822
0.8014967925873129,0.9883415247456853
0.80212045616536,0.9883415247456853
0.80212045616536,0.9884558235226883
0.8026550249465432,0.9884558235226883
0.8026550249465432,0.9885701222996914
0.8030114041339986,0.9885701222996914
0.8030114041339986,0.9886844210766945
0.8035459729151817,0.9886844210766945
0.8035459729151817,0.9887987198536976
0.8042587312900926,0.9887987198536976
0.8042587312900926,0.9890273174077038
0.8052387740555952,0.9890273174077038
0.8052387740555952,0.9891416161847069
0.8077334283677833,0.9891416161847069
0.8077334283677833,0.98925591496171
0.8100498930862438,0.98925591496171
0.8100498930862438,0.989370213738713
0.8104062722736992,0.989370213738713
0.8104062722736992,0.9894845125157161
0.8120099786172488,0.9894845125157161
0.8120099786172488,0.9895988112927192
0.8129900213827512,0.9895988112927192
0.8129900213827512,0.9897131100697223
0.8133464005702067,0.9897131100697223
0.8133464005702067,0.9899417076237285
0.8145937277263008,0.9899417076237285
0.8145937277263008,0.9900560064007315
0.8178011404133999,0.9900560064007315
0.8178011404133999,0.9901703051777346
0.818335709194583,0.9901703051777346
0.818335709194583,0.9903989027317408
0.8185138987883107,0.9903989027317408
0.8185138987883107,0.9905132015087439
0.8197612259444048,0.9905132015087439
0.8197612259444048,0.990627500285747
0.820295794725588,0.990627500285747
0.820295794725588,0.9907417990627501
0.8267106200997861,0.9907417990627501
0.8267106200997861,0.9908560978397531
0.8268888096935139,0.9908560978397531
0.8268888096935139,0.9909703966167562
0.8286707056307911,0.9909703966167562
0.8286707056307911,0.9910846953937593
0.8308089807555239,0.9910846953937593
0.8308089807555239,0.9911989941707624
0.8335709194583036,0.9911989941707624
0.8335709194583036,0.9913132929477655
0.8349073414112615,0.9913132929477655
0.8349073414112615,0.9914275917247686
0.8351746258018532,0.9914275917247686
0.8351746258018532,0.9915418905017717
0.8355310049893087,0.9915418905017717
0.8355310049893087,0.9916561892787747
0.8364219529579473,0.9916561892787747
0.8364219529579473,0.9917704880557778
0.8385602280826799,0.9917704880557778
0.8385602280826799,0.9918847868327809
0.839807555238774,0.9918847868327809
0.839807555238774,0.991999085609784
0.8399857448325018,0.991999085609784
0.8399857448325018,0.9921133843867871
0.8426585887384177,0.9921133843867871
0.8426585887384177,0.9922276831637902
0.8461332858161084,0.9922276831637902
0.8461332858161084,0.9923419819407933
0.8462223806129722,0.9923419819407933
0.8462223806129722,0.9924562807177963
0.8471133285816108,0.9924562807177963
0.8471133285816108,0.9925705794947994
0.8504098360655737,0.9925705794947994
0.8504098360655737,0.9926848782718025
0.8510334996436208,0.9926848782718025
0.8510334996436208,0.9927991770488056
0.8519244476122595,0.9927991770488056
0.8519244476122595,0.9929134758258087
0.858071988595866,0.9929134758258087
0.858071988595866,0.9930277746028118
0.8599429793300071,0.9930277746028118
0.8599429793300071,0.9931420733798149
0.8641304347826086,0.9931420733798149
0.8641304347826086,0.993256372156818
0.8649322879543835,0.993256372156818
0.8649322879543835,0.993370670933821
0.8652886671418389,0.993370670933821
0.8652886671418389,0.9934849697108241
0.867872416250891,0.9934849697108241
0.867872416250891,0.9935992684878272
0.8681397006414825,0.9935992684878272
0.8681397006414825,0.9937135672648303
0.8696543121881682,0.9937135672648303
0.8696543121881682,0.9938278660418334
0.8699215965787598,0.9938278660418334
0.8699215965787598,0.9939421648188365
0.8726835352815395,0.9939421648188365
0.8726835352815395,0.9940564635958395
0.8733962936564504,0.9940564635958395
0.8733962936564504,0.9941707623728426
0.8759800427655025,0.9941707623728426
0.8759800427655025,0.9942850611498457
0.8856913756236636,0.9942850611498457
0.8856913756236636,0.9943993599268488
0.8859586600142552,0.9943993599268488
0.8859586600142552,0.9945136587038519
0.8861368496079829,0.9945136587038519
0.8861368496079829,0.994627957480855
0.888007840342124,0.994627957480855
0.888007840342124,0.9947422562578581
0.8888987883107626,0.9947422562578581
0.8888987883107626,0.9948565550348611
0.8892551674982181,0.9948565550348611
0.8892551674982181,0.9949708538118642
0.8896115466856735,0.9949708538118642
0.8896115466856735,0.9950851525888673
0.8905024946543122,0.9950851525888673
0.8905024946543122,0.9951994513658704
0.8912152530292231,0.9951994513658704
0.8912152530292231,0.9953137501428735
0.8931753385602281,0.9953137501428735
0.8931753385602281,0.9954280489198766
0.8941553813257306,0.9954280489198766
0.8941553813257306,0.9955423476968797
0.8947790449037776,0.9955423476968797
0.8947790449037776,0.9956566464738827
0.897095509622238,0.9956566464738827
0.897095509622238,0.9957709452508858
0.9022630078403421,0.9957709452508858
0.9022630078403421,0.9958852440278889
0.9041339985744833,0.9958852440278889
0.9041339985744833,0.995999542804892
0.9060940841054882,0.995999542804892
0.9060940841054882,0.9961138415818951
0.9086778332145403,0.9961138415818951
0.9086778332145403,0.9962281403588982
0.910103349964362,0.9962281403588982
0.910103349964362,0.9963424391359013
0.9110833927298646,0.9963424391359013
0.9110833927298646,0.9964567379129043
0.9118852459016393,0.9964567379129043
0.9118852459016393,0.9965710366899074
0.9144689950106913,0.9965710366899074
0.9144689950106913,0.9966853354669105
0.9182109764789737,0.9966853354669105
0.9182109764789737,0.9967996342439136
0.9191910192444761,0.9967996342439136
0.9191910192444761,0.9969139330209167
0.9196364932287955,0.9969139330209167
0.9196364932287955,0.9970282317979198
0.9208838203848895,0.9970282317979198
0.9208838203848895,0.9971425305749229
0.9215965787598004,0.9971425305749229
0.9215965787598004,0.9972568293519259
0.9249821810406272,0.9972568293519259
0.9249821810406272,0.997371128128929
0.9256949394155382,0.997371128128929
0.9256949394155382,0.9974854269059321
0.9284568781183179,0.9974854269059321
0.9284568781183179,0.9975997256829352
0.9319315751960086,0.9975997256829352
0.9319315751960086,0.9977140244599383
0.9354953670705631,0.9977140244599383
0.9354953670705631,0.9978283232369414
0.9437811831789024,0.9978283232369414
0.9437811831789024,0.9979426220139445
0.9442266571632216,0.9979426220139445
0.9442266571632216,0.9980569207909475
0.9465431218816821,0.9980569207909475
0.9465431218816821,0.9981712195679506
0.9469885958660014,0.9981712195679506
0.9469885958660014,0.9982855183449537
0.9484141126158232,0.9982855183449537
0.9484141126158232,0.9983998171219568
0.9526015680684248,0.9983998171219568
0.9526015680684248,0.9985141158989599
0.9545616535994298,0.9985141158989599
0.9545616535994298,0.998628414675963
0.9583927298645759,0.998628414675963
0.9583927298645759,0.9987427134529661
0.95964005702067,0.9987427134529661
0.95964005702067,0.9988570122299691
0.9605310049893087,0.9988570122299691
0.9605310049893087,0.9989713110069722
0.9638275124732716,0.9989713110069722
0.9638275124732716,0.9990856097839753
0.9658766928011404,0.9990856097839753
0.9658766928011404,0.9991999085609784
0.9676585887384177,0.9991999085609784
0.9676585887384177,0.9993142073379815
0.9683713471133286,0.9993142073379815
0.9683713471133286,0.9994285061149846
0.9721133285816108,0.9994285061149846
0.9721133285816108,0.9995428048919877
0.9748752672843906,0.9995428048919877
0.9748752672843906,0.9996571036689907
0.9789736279401283,0.9996571036689907
0.9789736279401283,0.9997714024459938
0.9905559515324305,0.9997714024459938
0.9905559515324305,0.9998857012229969
0.9939415538132573,0.9998857012229969
0.9939415538132573,1.0
1.0,1.0
