fpr,tpr
0.0,0.0
8.909479686386316e-05,0.0
8.909479686386316e-05,0.0005714938850154304
0.0001781895937277263,0.0005714938850154304
0.0001781895937277263,0.0009143902160246885
0.00026728439059158947,0.0009143902160246885
0.00026728439059158947,0.001714481655046291
0.0003563791874554526,0.001714481655046291
0.0003563791874554526,0.0027431706480740654
0.0004454739843193158,0.0027431706480740654
0.0004454739843193158,0.003314664533089496
0.0005345687811831789,0.003314664533089496
0.0005345687811831789,0.0037718596411018403
0.0007127583749109052,0.0037718596411018403
0.0007127583749109052,0.004000457195108012
0.0008018531717747684,0.004000457195108012
0.0008018531717747684,0.004914847411132701
0.0009800427655024947,0.004914847411132701
0.0009800427655024947,0.005143444965138873
0.0010691375623663579,0.005143444965138873
0.0010691375623663579,0.0052577437421419595
0.0012473271560940842,0.0052577437421419595
0.0012473271560940842,0.006515030289175906
0.0013364219529579473,0.006515030289175906
0.0013364219529579473,0.006743627843182078
0.0014255167498218105,0.006743627843182078
0.0014255167498218105,0.007315121728197508
0.0015146115466856736,0.007315121728197508
0.0015146115466856736,0.007429420505200594
0.0016037063435495368,0.007429420505200594
0.0016037063435495368,0.0075437192822036805
0.0016928011404134,0.0075437192822036805
0.0016928011404134,0.007772316836209853
0.001781895937277263,0.007772316836209853
0.001781895937277263,0.009258200937249971
0.0018709907341411263,0.009258200937249971
0.0018709907341411263,0.009486798491256143
0.0019600855310049894,0.009486798491256143
0.0019600855310049894,0.01017259115327466
0.0020491803278688526,0.01017259115327466
0.0020491803278688526,0.010629786261287005
0.002227369921596579,0.010629786261287005
0.002227369921596579,0.011086981369299349
0.0026728439059158947,0.011086981369299349
0.0026728439059158947,0.01131557892330552
0.002761938702779758,0.01131557892330552
0.002761938702779758,0.011544176477311693
0.002851033499643621,0.011544176477311693
0.002851033499643621,0.01188707280832095
0.002940128296507484,0.01188707280832095
0.002940128296507484,0.013144359355354898
0.0031183178902352104,0.013144359355354898
0.0031183178902352104,0.01337295690936107
0.0032074126870990736,0.01337295690936107
0.0032074126870990736,0.013487255686364157
0.0032965074839629367,0.013487255686364157
0.0032965074839629367,0.013715853240370328
0.003474697077690663,0.013715853240370328
0.003474697077690663,0.014744542233398102
0.003920171062009979,0.014744542233398102
0.003920171062009979,0.016116127557435137
0.0040092658588738415,0.016116127557435137
0.0040092658588738415,0.017030517773459822
0.004187455452601568,0.017030517773459822
0.004187455452601568,0.017830609212481426
0.0042765502494654314,0.017830609212481426
0.0042765502494654314,0.018059206766487597
0.004365645046329294,0.018059206766487597
0.004365645046329294,0.018516401874499943
0.004454739843193158,0.018516401874499943
0.004454739843193158,0.01863070065150303
0.004632929436920884,0.01863070065150303
0.004632929436920884,0.019430792090524632
0.00481111903064861,0.019430792090524632
0.00481111903064861,0.019545090867527717
0.004989308624376337,0.019545090867527717
0.004989308624376337,0.019659389644530803
0.005167498218104063,0.019659389644530803
0.005167498218104063,0.02000228597554006
0.005256593014967926,0.02000228597554006
0.005256593014967926,0.020802377414561663
0.005434782608695652,0.020802377414561663
0.005434782608695652,0.021145273745570924
0.005612972202423378,0.021145273745570924
0.005612972202423378,0.02125957252257401
0.005702066999287242,0.02125957252257401
0.005702066999287242,0.02148817007658018
0.005791161796151105,0.02148817007658018
0.005791161796151105,0.022288261515601784
0.005880256593014968,0.022288261515601784
0.005880256593014968,0.022516859069607955
0.005969351389878831,0.022516859069607955
0.005969351389878831,0.02263115784661104
0.0060584461867426945,0.02263115784661104
0.0060584461867426945,0.0229740541776203
0.006147540983606557,0.0229740541776203
0.006147540983606557,0.023088352954623387
0.006236635780470421,0.023088352954623387
0.006236635780470421,0.023888444393644986
0.006325730577334284,0.023888444393644986
0.006325730577334284,0.02411704194765116
0.006682109764789736,0.02411704194765116
0.006682109764789736,0.024231340724654247
0.0068602993585174625,0.024231340724654247
0.0068602993585174625,0.024459938278660418
0.007038488952245189,0.024459938278660418
0.007038488952245189,0.024802834609669675
0.007127583749109052,0.024802834609669675
0.007127583749109052,0.024917133386672764
0.007216678545972915,0.024917133386672764
0.007216678545972915,0.02503143216367585
0.007305773342836779,0.02503143216367585
0.007305773342836779,0.025717224825694364
0.0073948681397006414,0.025717224825694364
0.0073948681397006414,0.02617441993370671
0.007483962936564505,0.02617441993370671
0.007483962936564505,0.02674591381872214
0.007573057733428368,0.02674591381872214
0.007573057733428368,0.0270888101497314
0.007662152530292231,0.0270888101497314
0.007662152530292231,0.027774602811749913
0.007751247327156094,0.027774602811749913
0.007751247327156094,0.02823179791976226
0.007840342124019958,0.02823179791976226
0.007840342124019958,0.0286889930277746
0.00792943692088382,0.0286889930277746
0.00792943692088382,0.028917590581780776
0.008018531717747683,0.028917590581780776
0.008018531717747683,0.029031889358783862
0.00819672131147541,0.029031889358783862
0.00819672131147541,0.02937478568979312
0.008285816108339273,0.02937478568979312
0.008285816108339273,0.029489084466796205
0.008374910905203136,0.029489084466796205
0.008374910905203136,0.02960338324379929
0.008464005702066998,0.02960338324379929
0.008464005702066998,0.029717682020802376
0.008553100498930863,0.029717682020802376
0.008553100498930863,0.02994627957480855
0.008642195295794726,0.02994627957480855
0.008642195295794726,0.03051777345982398
0.008731290092658588,0.03051777345982398
0.008731290092658588,0.03074637101383015
0.008820384889522451,0.03074637101383015
0.008820384889522451,0.030974968567836325
0.008909479686386316,0.030974968567836325
0.008909479686386316,0.031203566121842496
0.008998574483250178,0.031203566121842496
0.008998574483250178,0.032232255114870274
0.009087669280114041,0.032232255114870274
0.009087669280114041,0.03234655389187336
0.009176764076977904,0.03234655389187336
0.009176764076977904,0.03257515144587953
0.009265858873841768,0.03257515144587953
0.009265858873841768,0.03291804777688879
0.00935495367070563,0.03291804777688879
0.00935495367070563,0.0336038404389073
0.009444048467569494,0.0336038404389073
0.009444048467569494,0.03371813921591039
0.009533143264433356,0.03371813921591039
0.009533143264433356,0.033832437992913474
0.009711332858161083,0.033832437992913474
0.009711332858161083,0.034061035546919645
0.009800427655024946,0.034061035546919645
0.009800427655024946,0.03417533432392273
0.009889522451888809,0.03417533432392273
0.009889522451888809,0.03463252943193508
0.009978617248752673,0.03463252943193508
0.009978617248752673,0.03486112698594125
0.010067712045616536,0.03486112698594125
0.010067712045616536,0.03520402331695051
0.010245901639344262,0.03520402331695051
0.010245901639344262,0.035546919647959765
0.010334996436208126,0.035546919647959765
0.010334996436208126,0.03566121842496285
0.010424091233071989,0.03566121842496285
0.010424091233071989,0.03600411475597211
0.010513186029935851,0.03600411475597211
0.010513186029935851,0.036232712309978286
0.010602280826799714,0.036232712309978286
0.010602280826799714,0.03657560864098754
0.010691375623663579,0.03657560864098754
0.010691375623663579,0.03668990741799063
0.011047754811119031,0.03668990741799063
0.011047754811119031,0.0369185049719968
0.011136849607982894,0.0369185049719968
0.011136849607982894,0.03817579151903075
0.011225944404846757,0.03817579151903075
0.011225944404846757,0.038290090296033835
0.01131503920171062,0.038290090296033835
0.01131503920171062,0.03840438907303692
0.011404133998574484,0.03840438907303692
0.011404133998574484,0.039090181735055435
0.011493228795438347,0.039090181735055435
0.011493228795438347,0.03977597439707395
0.01158232359230221,0.03977597439707395
0.01158232359230221,0.039890273174077034
0.011760513186029936,0.039890273174077034
0.011760513186029936,0.04069036461309864
0.011938702779757662,0.04069036461309864
0.011938702779757662,0.04091896216710481
0.012027797576621525,0.04091896216710481
0.012027797576621525,0.04126185849811407
0.012116892373485389,0.04126185849811407
0.012116892373485389,0.04149045605212024
0.012205987170349252,0.04149045605212024
0.012205987170349252,0.042061949937135676
0.012295081967213115,0.042061949937135676
0.012295081967213115,0.04297634015316036
0.012384176764076977,0.04297634015316036
0.012384176764076977,0.04309063893016345
0.012473271560940842,0.04309063893016345
0.012473271560940842,0.04377643159218196
0.012562366357804704,0.04377643159218196
0.012562366357804704,0.043890730369185046
0.012651461154668567,0.043890730369185046
0.012651461154668567,0.044347925477197396
0.01274055595153243,0.044347925477197396
0.01274055595153243,0.04457652303120357
0.012829650748396294,0.04457652303120357
0.012829650748396294,0.04537661447022517
0.012918745545260157,0.04537661447022517
0.012918745545260157,0.04583380957823751
0.013096935138987882,0.04583380957823751
0.013096935138987882,0.046176705909246774
0.013186029935851747,0.046176705909246774
0.013186029935851747,0.04709109612527146
0.01327512473271561,0.04709109612527146
0.01327512473271561,0.04731969367927763
0.013453314326443335,0.04731969367927763
0.013453314326443335,0.0475482912332838
0.0135424091233072,0.0475482912332838
0.0135424091233072,0.04811978511829924
0.013631503920171062,0.04811978511829924
0.013631503920171062,0.04926277288833009
0.013720598717034925,0.04926277288833009
0.013720598717034925,0.05052005943536404
0.013898788310762652,0.05052005943536404
0.013898788310762652,0.0508629557663733
0.013987883107626515,0.0508629557663733
0.013987883107626515,0.05269173619842268
0.014076977904490378,0.05269173619842268
0.014076977904490378,0.05292033375242885
0.01416607270135424,0.05292033375242885
0.01416607270135424,0.05314893130643502
0.014255167498218105,0.05314893130643502
0.014255167498218105,0.05383472396845354
0.014344262295081968,0.05383472396845354
0.014344262295081968,0.054520516630472055
0.01443335709194583,0.054520516630472055
0.01443335709194583,0.055549205623499825
0.014522451888809693,0.055549205623499825
0.014522451888809693,0.05589210195450909
0.014611546685673557,0.05589210195450909
0.014611546685673557,0.056234998285518346
0.01470064148253742,0.056234998285518346
0.01470064148253742,0.05634929706252143
0.01496792587312901,0.05634929706252143
0.01496792587312901,0.0565778946165276
0.015057020669992873,0.0565778946165276
0.015057020669992873,0.05692079094753686
0.015235210263720598,0.05692079094753686
0.015235210263720598,0.0573779860555492
0.015324305060584463,0.0573779860555492
0.015324305060584463,0.058292376271573895
0.015413399857448325,0.058292376271573895
0.015413399857448325,0.059092467710595495
0.01559158945117605,0.059092467710595495
0.01559158945117605,0.05920676648759858
0.015680684248039915,0.05920676648759858
0.015680684248039915,0.06023545548062636
0.015769779044903776,0.06023545548062636
0.015769779044903776,0.060349754257629444
0.015947968638631505,0.060349754257629444
0.015947968638631505,0.06046405303463253
0.01612615823235923,0.06046405303463253
0.01612615823235923,0.06080694936564179
0.016215253029223095,0.06080694936564179
0.016215253029223095,0.061149845696651044
0.016571632216678546,0.061149845696651044
0.016571632216678546,0.06194993713567265
0.01666072701354241,0.06194993713567265
0.01666072701354241,0.06217853468967882
0.01674982181040627,0.06217853468967882
0.01674982181040627,0.06252143102068808
0.01701710620099786,0.06252143102068808
0.01701710620099786,0.06275002857469425
0.017106200997861726,0.06275002857469425
0.017106200997861726,0.06297862612870042
0.01728439059158945,0.06297862612870042
0.01728439059158945,0.06377871756772202
0.017462580185317177,0.06377871756772202
0.017462580185317177,0.06412161389873128
0.01755167498218104,0.06412161389873128
0.01755167498218104,0.06617899188478683
0.017729864575908767,0.06617899188478683
0.017729864575908767,0.06629329066178992
0.01781895937277263,0.06629329066178992
0.01781895937277263,0.066407589438793
0.017997148966500356,0.066407589438793
0.017997148966500356,0.06732197965481769
0.018175338560228082,0.06732197965481769
0.018175338560228082,0.06755057720882386
0.018264433357091946,0.06755057720882386
0.018264433357091946,0.06857926620185165
0.018531717747683536,0.06857926620185165
0.018531717747683536,0.06915076008686707
0.018620812544547397,0.06915076008686707
0.018620812544547397,0.06949365641787633
0.01870990734141126,0.06949365641787633
0.01870990734141126,0.07006515030289176
0.018799002138275126,0.07006515030289176
0.018799002138275126,0.07097954051891645
0.018888096935138987,0.07097954051891645
0.018888096935138987,0.07440850382900903
0.01897719173200285,0.07440850382900903
0.01897719173200285,0.07509429649102754
0.019066286528866713,0.07509429649102754
0.019066286528866713,0.07578008915304606
0.01924447612259444,0.07578008915304606
0.01924447612259444,0.07589438793004914
0.019333570919458302,0.07589438793004914
0.019333570919458302,0.07600868670705223
0.01951176051318603,0.07600868670705223
0.01951176051318603,0.07623728426105841
0.019600855310049892,0.07623728426105841
0.019600855310049892,0.07680877814607384
0.019689950106913757,0.07680877814607384
0.019689950106913757,0.07738027203108927
0.019779044903777618,0.07738027203108927
0.019779044903777618,0.07783746713910161
0.019868139700641482,0.07783746713910161
0.019868139700641482,0.07863755857812321
0.019957234497505347,0.07863755857812321
0.019957234497505347,0.07898045490913247
0.020135424091233072,0.07898045490913247
0.020135424091233072,0.08058063778717568
0.020224518888096937,0.08058063778717568
0.020224518888096937,0.08149502800320037
0.020313613684960798,0.08149502800320037
0.020313613684960798,0.08183792433420962
0.020491803278688523,0.08183792433420962
0.020491803278688523,0.08195222311121271
0.020580898075552388,0.08195222311121271
0.020580898075552388,0.0820665218882158
0.020759087669280113,0.0820665218882158
0.020759087669280113,0.08298091210424048
0.020848182466143977,0.08298091210424048
0.020848182466143977,0.08320950965824665
0.020937277263007842,0.08320950965824665
0.020937277263007842,0.08378100354326208
0.021026372059871703,0.08378100354326208
0.021026372059871703,0.08412389987427135
0.021115466856735567,0.08412389987427135
0.021115466856735567,0.08640987541433306
0.02120456165359943,0.08640987541433306
0.02120456165359943,0.08801005829237628
0.021293656450463293,0.08801005829237628
0.021293656450463293,0.08903874728540405
0.021382751247327157,0.08903874728540405
0.021382751247327157,0.08972453994742256
0.021560940841054883,0.08972453994742256
0.021560940841054883,0.09075322894045033
0.021650035637918747,0.09075322894045033
0.021650035637918747,0.09201051548748429
0.021828225231646473,0.09201051548748429
0.021828225231646473,0.09258200937249972
0.022095509622238062,0.09258200937249972
0.022095509622238062,0.09315350325751515
0.022184604419101923,0.09315350325751515
0.022184604419101923,0.09326780203451823
0.022273699215965788,0.09326780203451823
0.022273699215965788,0.0934963995885244
0.022362794012829652,0.0934963995885244
0.022362794012829652,0.09372499714253058
0.022451888809693513,0.09372499714253058
0.022451888809693513,0.09383929591953366
0.022540983606557378,0.09383929591953366
0.022540983606557378,0.09452508858155217
0.022719173200285103,0.09452508858155217
0.022719173200285103,0.09498228368956452
0.022808267997148968,0.09498228368956452
0.022808267997148968,0.09589667390558922
0.02289736279401283,0.09589667390558922
0.02289736279401283,0.09623957023659847
0.023075552387740558,0.09623957023659847
0.023075552387740558,0.09635386901360156
0.023253741981468283,0.09635386901360156
0.023253741981468283,0.09669676534461082
0.02343193157519601,0.09669676534461082
0.02343193157519601,0.09738255800662933
0.023521026372059873,0.09738255800662933
0.023521026372059873,0.0976111555606355
0.0236992159657876,0.0976111555606355
0.0236992159657876,0.09772545433763859
0.023788310762651463,0.09772545433763859
0.023788310762651463,0.09863984455366327
0.02396650035637919,0.09863984455366327
0.02396650035637919,0.09886844210766944
0.02405559515324305,0.09886844210766944
0.02405559515324305,0.09898274088467253
0.024144689950106914,0.09898274088467253
0.024144689950106914,0.09932563721568179
0.024233784746970778,0.09932563721568179
0.024233784746970778,0.09955423476968796
0.02432287954383464,0.09955423476968796
0.02432287954383464,0.09966853354669106
0.024411974340698504,0.09966853354669106
0.024411974340698504,0.10024002743170649
0.02459016393442623,0.10024002743170649
0.02459016393442623,0.10035432620870957
0.024679258731290094,0.10035432620870957
0.024679258731290094,0.10046862498571266
0.024768353528153954,0.10046862498571266
0.024768353528153954,0.10104011887072809
0.024946543121881683,0.10104011887072809
0.024946543121881683,0.10115441764773117
0.02512473271560941,0.10115441764773117
0.02512473271560941,0.10126871642473426
0.025302922309337134,0.10126871642473426
0.025302922309337134,0.10149731397874043
0.025392017106201,0.10149731397874043
0.025392017106201,0.10161161275574351
0.02548111190306486,0.10161161275574351
0.02548111190306486,0.1017259115327466
0.02565930149679259,0.1017259115327466
0.02565930149679259,0.10229740541776203
0.02574839629365645,0.10229740541776203
0.02574839629365645,0.10275460052577437
0.025837491090520314,0.10275460052577437
0.025837491090520314,0.10309749685678363
0.02601568068424804,0.10309749685678363
0.02601568068424804,0.10355469196479598
0.026104775481111904,0.10355469196479598
0.026104775481111904,0.10435478340381758
0.026193870277975765,0.10435478340381758
0.026193870277975765,0.10481197851182993
0.02628296507483963,0.10481197851182993
0.02628296507483963,0.10492627728883301
0.026461154668567355,0.10492627728883301
0.026461154668567355,0.10595496628186078
0.02655024946543122,0.10595496628186078
0.02655024946543122,0.10606926505886387
0.02663934426229508,0.10606926505886387
0.02663934426229508,0.10824094182192251
0.026728439059158945,0.10824094182192251
0.026728439059158945,0.10949822836895645
0.02681753385602281,0.10949822836895645
0.02681753385602281,0.10984112469996571
0.02690662865288667,0.10984112469996571
0.02690662865288667,0.1099554234769688
0.026995723449750535,0.1099554234769688
0.026995723449750535,0.11144130757800892
0.0270848182466144,0.11144130757800892
0.0270848182466144,0.11235569779403361
0.027263007840342125,0.11235569779403361
0.027263007840342125,0.11258429534803978
0.027352102637205986,0.11258429534803978
0.027352102637205986,0.1131557892330552
0.02744119743406985,0.1131557892330552
0.02744119743406985,0.11372728311807064
0.027530292230933714,0.11372728311807064
0.027530292230933714,0.11441307578008915
0.02770848182466144,0.11441307578008915
0.02770848182466144,0.11521316721911075
0.027797576621525304,0.11521316721911075
0.027797576621525304,0.11578466110412619
0.02797576621525303,0.11578466110412619
0.02797576621525303,0.11749914275917248
0.02806486101211689,0.11749914275917248
0.02806486101211689,0.11772774031317865
0.02833214540270848,0.11772774031317865
0.02833214540270848,0.1180706366441879
0.02859942979330007,0.1180706366441879
0.02859942979330007,0.11864213052920333
0.028688524590163935,0.11864213052920333
0.028688524590163935,0.11955652074522803
0.02886671418389166,0.11955652074522803
0.02886671418389166,0.12092810606926506
0.028955808980755525,0.12092810606926506
0.028955808980755525,0.12161389873128357
0.029044903777619386,0.12161389873128357
0.029044903777619386,0.12229969139330209
0.02913399857448325,0.12229969139330209
0.02913399857448325,0.1229854840553206
0.029223093371347115,0.1229854840553206
0.029223093371347115,0.12321408160932679
0.029312188168210976,0.12321408160932679
0.029312188168210976,0.12378557549434221
0.02940128296507484,0.12378557549434221
0.02940128296507484,0.1238998742713453
0.0294903777619387,0.1238998742713453
0.0294903777619387,0.12458566693336381
0.029579472558802566,0.12458566693336381
0.029579472558802566,0.12481426448736999
0.02966856735566643,0.12481426448736999
0.02966856735566643,0.12492856326437307
0.02975766215253029,0.12492856326437307
0.02975766215253029,0.12515716081837924
0.029846756949394156,0.12515716081837924
0.029846756949394156,0.12538575837238541
0.02993585174625802,0.12538575837238541
0.02993585174625802,0.126185849811407
0.030114041339985746,0.126185849811407
0.030114041339985746,0.12641444736541319
0.030203136136849607,0.12641444736541319
0.030203136136849607,0.12664304491941936
0.030381325730577335,0.12664304491941936
0.030381325730577335,0.12687164247342553
0.030470420527441196,0.12687164247342553
0.030470420527441196,0.1289290204594811
0.030648610121168925,0.1289290204594811
0.030648610121168925,0.12927191679049035
0.030737704918032786,0.12927191679049035
0.030737704918032786,0.12950051434449653
0.03082679971489665,0.12950051434449653
0.03082679971489665,0.12984341067550578
0.031004989308624376,0.12984341067550578
0.031004989308624376,0.12995770945250887
0.0311831789023521,0.12995770945250887
0.0311831789023521,0.13007200822951195
0.031272273699215966,0.13007200822951195
0.031272273699215966,0.1305292033375243
0.03136136849607983,0.1305292033375243
0.03136136849607983,0.13110069722253972
0.031450463292943695,0.13110069722253972
0.031450463292943695,0.13144359355354898
0.03162865288667142,0.13144359355354898
0.03162865288667142,0.13155789233055207
0.03171774768353528,0.13155789233055207
0.03171774768353528,0.13178648988455824
0.031806842480399146,0.13178648988455824
0.031806842480399146,0.1320150874385644
0.03189593727726301,0.1320150874385644
0.03189593727726301,0.1321293862155675
0.03198503207412687,0.1321293862155675
0.03198503207412687,0.13247228254657675
0.03207412687099073,0.13247228254657675
0.03207412687099073,0.13258658132357984
0.0321632216678546,0.13258658132357984
0.0321632216678546,0.1329294776545891
0.03225231646471846,0.1329294776545891
0.03225231646471846,0.13304377643159218
0.03251960085531005,0.13304377643159218
0.03251960085531005,0.13327237398559835
0.03296507483962936,0.13327237398559835
0.03296507483962936,0.13430106297862612
0.03305416963649323,0.13430106297862612
0.03305416963649323,0.1344153617556292
0.03314326443335709,0.1344153617556292
0.03314326443335709,0.13475825808663847
0.033232359230220956,0.13475825808663847
0.033232359230220956,0.1353297519716539
0.03332145402708482,0.1353297519716539
0.03332145402708482,0.13555834952566007
0.03349964362081254,0.13555834952566007
0.03349964362081254,0.13567264830266315
0.033766928011404136,0.13567264830266315
0.033766928011404136,0.13590124585666932
0.033856022808267994,0.13590124585666932
0.033856022808267994,0.13635844096468167
0.03412330719885959,0.13635844096468167
0.03412330719885959,0.13647273974168475
0.03421240199572345,0.13647273974168475
0.03421240199572345,0.13670133729569092
0.034301496792587316,0.13670133729569092
0.034301496792587316,0.13681563607269404
0.034390591589451174,0.13681563607269404
0.034390591589451174,0.13692993484969712
0.03447968638631504,0.13692993484969712
0.03447968638631504,0.1370442336267002
0.0345687811831789,0.1370442336267002
0.0345687811831789,0.1371585324037033
0.03465787598004277,0.1371585324037033
0.03465787598004277,0.13750142873471255
0.03474697077690663,0.13750142873471255
0.03474697077690663,0.13761572751171564
0.03483606557377049,0.13761572751171564
0.03483606557377049,0.13807292261972798
0.03492516037063435,0.13807292261972798
0.03492516037063435,0.13830152017373415
0.03501425516749822,0.13830152017373415
0.03501425516749822,0.13841581895073723
0.03510334996436208,0.13841581895073723
0.03510334996436208,0.1387587152817465
0.03519244476122595,0.1387587152817465
0.03519244476122595,0.13898731283575266
0.035281539558089804,0.13898731283575266
0.035281539558089804,0.13967310549777118
0.03537063435495367,0.13967310549777118
0.03537063435495367,0.14047319693679278
0.03563791874554526,0.14047319693679278
0.03563791874554526,0.14241627614584523
0.035727013542409126,0.14241627614584523
0.035727013542409126,0.1427591724768545
0.035816108339272984,0.1427591724768545
0.035816108339272984,0.14287347125385758
0.03590520313613685,0.14287347125385758
0.03590520313613685,0.14401645902388843
0.03599429793300071,0.14401645902388843
0.03599429793300071,0.14413075780089152
0.03643977191732003,0.14413075780089152
0.03643977191732003,0.14515944679391932
0.03652886671418389,0.14515944679391932
0.03652886671418389,0.14584523945593783
0.03661796151104776,0.14584523945593783
0.03661796151104776,0.14664533089495943
0.03679615110477548,0.14664533089495943
0.03679615110477548,0.1469882272259687
0.03706343549536707,0.1469882272259687
0.03706343549536707,0.14733112355697794
0.03715253029223094,0.14733112355697794
0.03715253029223094,0.14824551377300263
0.03733071988595866,0.14824551377300263
0.03733071988595866,0.1484741113270088
0.03741981468282252,0.1484741113270088
0.03741981468282252,0.1485884101040119
0.03750890947968639,0.1485884101040119
0.03750890947968639,0.14870270888101497
0.037776193870277974,0.14870270888101497
0.037776193870277974,0.14915990398902731
0.0379543834640057,0.14915990398902731
0.0379543834640057,0.1493885015430335
0.03804347826086957,0.1493885015430335
0.03804347826086957,0.14961709909703966
0.03822166785459729,0.14961709909703966
0.03822166785459729,0.14984569665104583
0.038310762651461154,0.14984569665104583
0.038310762651461154,0.1508743856440736
0.03848895224518888,0.1508743856440736
0.03848895224518888,0.1515601783060921
0.03857804704205275,0.1515601783060921
0.03857804704205275,0.15224597096811063
0.03875623663578047,0.15224597096811063
0.03875623663578047,0.1525888672991199
0.038845331432644334,0.1525888672991199
0.038845331432644334,0.152703166076123
0.0389344262295082,0.152703166076123
0.0389344262295082,0.15281746485312608
0.03902352102637206,0.15293176363012917
0.03902352102637206,0.15327465996113843
0.03911261582323592,0.15327465996113843
0.03911261582323592,0.15373185506915077
0.039201710620099785,0.15373185506915077
0.039201710620099785,0.15384615384615385
0.039558089807555236,0.15384615384615385
0.039558089807555236,0.15407475140016003
0.039736279401282965,0.15407475140016003
0.039736279401282965,0.15464624528517545
0.04000356379187456,0.15464624528517545
0.04000356379187456,0.15487484283918163
0.040092658588738415,0.15487484283918163
0.040092658588738415,0.15544633672419705
0.04018175338560228,0.15544633672419705
0.04018175338560228,0.15556063550120014
0.040270848182466144,0.15556063550120014
0.040270848182466144,0.1557892330552063
0.04035994297933001,0.1557892330552063
0.04035994297933001,0.15647502571722482
0.04071632216678546,0.15647502571722482
0.04071632216678546,0.15681792204823408
0.040805416963649324,0.15681792204823408
0.040805416963649324,0.15693222082523717
0.040983606557377046,0.15693222082523717
0.040983606557377046,0.15704651960224025
0.04107270135424091,0.15704651960224025
0.04107270135424091,0.1573894159332495
0.04125089094796864,0.1573894159332495
0.04125089094796864,0.15967539147331122
0.04142908054169637,0.15967539147331122
0.04142908054169637,0.16013258658132357
0.041518175338560226,0.16013258658132357
0.041518175338560226,0.16036118413532977
0.04160727013542409,0.16036118413532977
0.04160727013542409,0.16070408046633902
0.041696364932287955,0.16070408046633902
0.041696364932287955,0.16104697679734828
0.04178545972915182,0.16104697679734828
0.04178545972915182,0.1617327694593668
0.041874554526015684,0.1617327694593668
0.041874554526015684,0.1625328608983884
0.042230933713471135,0.1625328608983884
0.042230933713471135,0.16310435478340382
0.042320028510335,0.16310435478340382
0.042320028510335,0.16390444622242542
0.04240912330719886,0.16390444622242542
0.04240912330719886,0.1640187449994285
0.04249821810406272,0.1640187449994285
0.04249821810406272,0.16447594010744085
0.042587312900926586,0.16447594010744085
0.042587312900926586,0.16470453766144702
0.04267640769779045,0.16470453766144702
0.04267640769779045,0.16516173276945936
0.04285459729151817,0.16516173276945936
0.04285459729151817,0.16550462910046862
0.042943692088382036,0.16550462910046862
0.042943692088382036,0.16607612298548405
0.043121881682109765,0.16607612298548405
0.043121881682109765,0.16630472053949022
0.04321097647897363,0.16630472053949022
0.04321097647897363,0.1664190193164933
0.043300071275837494,0.1664190193164933
0.043300071275837494,0.16687621442450565
0.04338916607270135,0.16687621442450565
0.04338916607270135,0.16710481197851182
0.043478260869565216,0.16710481197851182
0.043478260869565216,0.167333409532518
0.04356735566642908,0.167333409532518
0.04356735566642908,0.16756200708652416
0.043656450463292945,0.16756200708652416
0.043656450463292945,0.16790490341753342
0.04374554526015681,0.16790490341753342
0.04374554526015681,0.16813350097153962
0.04383464005702067,0.16813350097153962
0.04383464005702067,0.1683620985255458
0.04392373485388453,0.1683620985255458
0.04392373485388453,0.16847639730254887
0.044012829650748396,0.16847639730254887
0.044012829650748396,0.1691621899645674
0.04410192444761226,0.1691621899645674
0.04410192444761226,0.16961938507257973
0.044191019244476125,0.16961938507257973
0.044191019244476125,0.16973368384958282
0.04445830363506771,0.16973368384958282
0.04445830363506771,0.17007658018059207
0.044547398431931576,0.17007658018059207
0.044547398431931576,0.17019087895759516
0.04481468282252316,0.17019087895759516
0.04481468282252316,0.17030517773459825
0.04490377761938703,0.17030517773459825
0.04490377761938703,0.1707623728426106
0.04499287241625089,0.1707623728426106
0.04499287241625089,0.17133386672762602
0.045081967213114756,0.17133386672762602
0.045081967213114756,0.1714481655046291
0.04534925160370634,0.1714481655046291
0.04534925160370634,0.17213395816664762
0.04552744119743407,0.17213395816664762
0.04552744119743407,0.17270545205166304
0.045616535994297935,0.17270545205166304
0.045616535994297935,0.1731626471596754
0.04570563079116179,0.1731626471596754
0.04570563079116179,0.17339124471368156
0.04579472558802566,0.17339124471368156
0.04579472558802566,0.173962738598697
0.04606200997861725,0.173962738598697
0.04606200997861725,0.17407703737570007
0.046151104775481115,0.17407703737570007
0.046151104775481115,0.17430563492970624
0.04632929436920884,0.17430563492970624
0.04632929436920884,0.17441993370670933
0.046507483962936566,0.17441993370670933
0.046507483962936566,0.17487712881472167
0.04659657875980043,0.17487712881472167
0.04659657875980043,0.17499142759172476
0.04668567355666429,0.17499142759172476
0.04668567355666429,0.17522002514573093
0.04677476835352815,0.17522002514573093
0.04677476835352815,0.17567722025374327
0.04686386315039202,0.17567722025374327
0.04686386315039202,0.17613441536175564
0.04695295794725588,0.17613441536175564
0.04695295794725588,0.17659161046976798
0.047042052744119746,0.17659161046976798
0.047042052744119746,0.17670590924677107
0.0471311475409836,0.17670590924677107
0.0471311475409836,0.17693450680077724
0.04722024233784747,0.17693450680077724
0.04722024233784747,0.17704880557778033
0.047576621525302926,0.17704880557778033
0.047576621525302926,0.1771631043547834
0.04775481111903065,0.1771631043547834
0.04775481111903065,0.17739170190878958
0.0481111903064861,0.17739170190878958
0.0481111903064861,0.17750600068579267
0.04820028510334996,0.17750600068579267
0.04820028510334996,0.177963195793805
0.04828937990021383,0.177963195793805
0.04828937990021383,0.17842039090181736
0.04837847469707769,0.17842039090181736
0.04837847469707769,0.1787632872328266
0.048467569493941556,0.1787632872328266
0.048467569493941556,0.17990627500285747
0.048556664290805414,0.17990627500285747
0.048556664290805414,0.18024917133386673
0.04882394868139701,0.18024917133386673
0.04882394868139701,0.1804777688878729
0.04891304347826087,0.1804777688878729
0.04891304347826087,0.18082066521888215
0.049002138275124736,0.18082066521888215
0.049002138275124736,0.18139215910389758
0.049091233071988594,0.18139215910389758
0.049091233071988594,0.18150645788090067
0.04926942266571632,0.18150645788090067
0.04926942266571632,0.18230654931992227
0.04953670705630791,0.18230654931992227
0.04953670705630791,0.18242084809692535
0.04962580185317177,0.18242084809692535
0.04962580185317177,0.1827637444279346
0.0498039914468995,0.1827637444279346
0.0498039914468995,0.1837924334209624
0.04989308624376337,0.1837924334209624
0.04989308624376337,0.18424962852897475
0.05016037063435495,0.18424962852897475
0.05016037063435495,0.18504971996799635
0.05024946543121882,0.18504971996799635
0.05024946543121882,0.1853926162990056
0.05033856022808268,0.1853926162990056
0.05033856022808268,0.18562121385301178
0.050516749821810404,0.18562121385301178
0.050516749821810404,0.18584981140701795
0.05069493941553813,0.18584981140701795
0.05069493941553813,0.18607840896102412
0.050784034212402,0.18607840896102412
0.050784034212402,0.1861927077380272
0.05087312900926586,0.1861927077380272
0.05087312900926586,0.18653560406903646
0.05096222380612972,0.18653560406903646
0.05096222380612972,0.18676420162304264
0.05114041339985745,0.18676420162304264
0.05114041339985745,0.18687850040004572
0.05122950819672131,0.18687850040004572
0.05122950819672131,0.18733569550805806
0.05131860299358518,0.18733569550805806
0.05131860299358518,0.18756429306206424
0.051407697790449035,0.18756429306206424
0.051407697790449035,0.1877928906160704
0.0514967925873129,0.1877928906160704
0.0514967925873129,0.18802148817007658
0.051585887384176764,0.18802148817007658
0.051585887384176764,0.18825008572408275
0.05167498218104063,0.18825008572408275
0.05167498218104063,0.18847868327808892
0.05176407697790449,0.18847868327808892
0.05176407697790449,0.188592982055092
0.05185317177476835,0.188592982055092
0.05185317177476835,0.18882157960909818
0.05203136136849608,0.18882157960909818
0.05203136136849608,0.18973596982512286
0.052120456165359944,0.18973596982512286
0.052120456165359944,0.18985026860212595
0.05220955096222381,0.18985026860212595
0.05220955096222381,0.18996456737912903
0.05229864575908767,0.18996456737912903
0.05229864575908767,0.1903074637101383
0.05238774055595153,0.1903074637101383
0.05238774055595153,0.19042176248714138
0.05265502494654312,0.19042176248714138
0.05265502494654312,0.19053606126414446
0.052833214540270845,0.19053606126414446
0.052833214540270845,0.19076465881815063
0.05292230933713471,0.19076465881815063
0.05292230933713471,0.19087895759515372
0.05310049893086244,0.19087895759515372
0.05310049893086244,0.1909932563721568
0.0531895937277263,0.1909932563721568
0.0531895937277263,0.19133615270316606
0.05327868852459016,0.19133615270316606
0.05327868852459016,0.19156475025717226
0.053367783321454025,0.19156475025717226
0.053367783321454025,0.1920219453651846
0.05345687811831789,0.1920219453651846
0.05345687811831789,0.19225054291919078
0.053545972915181754,0.19225054291919078
0.053545972915181754,0.19259343925020003
0.05363506771204562,0.19259343925020003
0.05363506771204562,0.19339353068922163
0.05372416250890948,0.19339353068922163
0.05372416250890948,0.1937364270202309
0.05381325730577334,0.1937364270202309
0.05381325730577334,0.19385072579723397
0.05399144689950107,0.19385072579723397
0.05399144689950107,0.19396502457423706
0.054080541696364934,0.19396502457423706
0.054080541696364934,0.19407932335124015
0.0541696364932288,0.19407932335124015
0.0541696364932288,0.19476511601325866
0.054258731290092656,0.19476511601325866
0.054258731290092656,0.19487941479026175
0.05434782608695652,0.19487941479026175
0.05434782608695652,0.19499371356726483
0.054436920883820385,0.19499371356726483
0.054436920883820385,0.19510801234426792
0.05452601568068425,0.19510801234426792
0.05452601568068425,0.19556520745228026
0.054615110477548114,0.19556520745228026
0.054615110477548114,0.19567950622928335
0.05470420527441197,0.19567950622928335
0.05470420527441197,0.1961367013372957
0.054793300071275836,0.1961367013372957
0.054793300071275836,0.19670819522231112
0.0548823948681397,0.19670819522231112
0.0548823948681397,0.19727968910732654
0.05541696364932288,0.19727968910732654
0.05541696364932288,0.19739398788432963
0.055506058446186744,0.19739398788432963
0.055506058446186744,0.19796548176934506
0.05559515324305061,0.19796548176934506
0.05559515324305061,0.19887987198536974
0.055684248039914466,0.19887987198536974
0.055684248039914466,0.19979426220139446
0.05577334283677833,0.19979426220139446
0.05577334283677833,0.19990856097839754
0.055862437633642195,0.19990856097839754
0.055862437633642195,0.20013715853240371
0.056040627227369924,0.20013715853240371
0.056040627227369924,0.20036575608640989
0.05612972202423378,0.20036575608640989
0.05612972202423378,0.20059435364041606
0.05648610121168924,0.20059435364041606
0.05648610121168924,0.2010515487484284
0.05666429080541696,0.2010515487484284
0.05666429080541696,0.20128014630243457
0.05684248039914469,0.20128014630243457
0.05684248039914469,0.20150874385644074
0.056931575196008555,0.20150874385644074
0.056931575196008555,0.2017373414104469
0.05702066999287242,0.2017373414104469
0.05702066999287242,0.20196593896445308
0.05710976478973628,0.20196593896445308
0.05710976478973628,0.20230883529546234
0.05719885958660014,0.20230883529546234
0.05719885958660014,0.20276603040347468
0.057287954383464006,0.20276603040347468
0.057287954383464006,0.2033375242884901
0.05737704918032787,0.2033375242884901
0.05737704918032787,0.2034518230654932
0.057466143977191735,0.2034518230654932
0.057466143977191735,0.20356612184249628
0.05755523877405559,0.20356612184249628
0.05755523877405559,0.20368042061949937
0.05764433357091946,0.20368042061949937
0.05764433357091946,0.20390901817350554
0.05773342836778332,0.20390901817350554
0.05773342836778332,0.20402331695050863
0.05791161796151105,0.20402331695050863
0.05791161796151105,0.20448051205852097
0.058000712758374914,0.20448051205852097
0.058000712758374914,0.2049377071665333
0.05808980755523877,0.2049377071665333
0.05808980755523877,0.20539490227454565
0.058357091945830365,0.20539490227454565
0.058357091945830365,0.20562349982855183
0.058713471133285816,0.20562349982855183
0.058713471133285816,0.20608069493656417
0.058891660727013545,0.20608069493656417
0.058891660727013545,0.20619499371356725
0.05933713471133286,0.20619499371356725
0.05933713471133286,0.20630929249057034
0.05942622950819672,0.20630929249057034
0.05942622950819672,0.20642359126757343
0.05960441910192445,0.20642359126757343
0.05960441910192445,0.2065378900445765
0.059782608695652176,0.2065378900445765
0.059782608695652176,0.20688078637558577
0.0599607982893799,0.20688078637558577
0.0599607982893799,0.20745228026060122
0.06013898788310763,0.20745228026060122
0.06013898788310763,0.2076808778146074
0.06022808267997149,0.2076808778146074
0.06022808267997149,0.20813807292261974
0.060317177476835356,0.20813807292261974
0.060317177476835356,0.2083666704766259
0.06040627227369921,0.2083666704766259
0.06040627227369921,0.208480969253629
0.06049536707056308,0.208480969253629
0.06049536707056308,0.2092810606926506
0.06058446186742694,0.2092810606926506
0.06058446186742694,0.2099668533546691
0.06076265146115467,0.2099668533546691
0.06076265146115467,0.21019545090867528
0.06085174625801853,0.21019545090867528
0.06085174625801853,0.21042404846268145
0.06111903064861012,0.21042404846268145
0.06111903064861012,0.21110984112469997
0.061208125445473986,0.21110984112469997
0.061208125445473986,0.21122413990170305
0.06138631503920171,0.21122413990170305
0.06138631503920171,0.2116813350097154
0.06147540983606557,0.2116813350097154
0.06147540983606557,0.21202423134072465
0.0616535994297933,0.21202423134072465
0.0616535994297933,0.21213853011772774
0.061742694226657166,0.21213853011772774
0.061742694226657166,0.21225282889473082
0.061831789023521024,0.21225282889473082
0.061831789023521024,0.212481426448737
0.06192088382038489,0.212481426448737
0.06192088382038489,0.21271002400274316
0.06200997861724875,0.21271002400274316
0.06200997861724875,0.21282432277974625
0.06218816821097648,0.21282432277974625
0.06218816821097648,0.21293862155674934
0.0623663578047042,0.21293862155674934
0.0623663578047042,0.21305292033375242
0.06254454739843193,0.21305292033375242
0.06254454739843193,0.21373871299577094
0.0626336421952958,0.21373871299577094
0.0626336421952958,0.21431020688078636
0.06272273699215966,0.21431020688078636
0.06272273699215966,0.2147674019887987
0.06281183178902353,0.2147674019887987
0.06281183178902353,0.215110298319808
0.06316821097647897,0.215110298319808
0.06316821097647897,0.21522459709681108
0.06325730577334283,0.21522459709681108
0.06325730577334283,0.21568179220482342
0.0633464005702067,0.21568179220482342
0.0633464005702067,0.21602468853583268
0.06352459016393443,0.21602468853583268
0.06352459016393443,0.21625328608983885
0.06379187455452602,0.21625328608983885
0.06379187455452602,0.2165961824208481
0.06388096935138989,0.2165961824208481
0.06388096935138989,0.2167104811978512
0.06397006414825374,0.2167104811978512
0.06397006414825374,0.21762487141387588
0.0640591589451176,0.21762487141387588
0.0640591589451176,0.21785346896788205
0.06414825374198146,0.21785346896788205
0.06414825374198146,0.2181963652988913
0.06423734853884533,0.2181963652988913
0.06423734853884533,0.2183106640758944
0.0643264433357092,0.2183106640758944
0.0643264433357092,0.21853926162990056
0.06450463292943692,0.21853926162990056
0.06450463292943692,0.21876785918390673
0.06459372772630079,0.21876785918390673
0.06459372772630079,0.21968224939993142
0.06477191732002852,0.21968224939993142
0.06477191732002852,0.2199108469539376
0.0650392017106201,0.2199108469539376
0.0650392017106201,0.22002514573094067
0.06512829650748396,0.22002514573094067
0.06512829650748396,0.22013944450794376
0.06521739130434782,0.22013944450794376
0.06521739130434782,0.22093953594696536
0.06530648610121169,0.22093953594696536
0.06530648610121169,0.22105383472396845
0.06539558089807555,0.22105383472396845
0.06539558089807555,0.2213967310549777
0.06548467569493942,0.2213967310549777
0.06548467569493942,0.2221968224939993
0.06566286528866715,0.2221968224939993
0.06566286528866715,0.22253971882500856
0.06575196008553101,0.22253971882500856
0.06575196008553101,0.22265401760201164
0.06584105488239486,0.22265401760201164
0.06584105488239486,0.22288261515601784
0.06593014967925873,0.22288261515601784
0.06593014967925873,0.22299691393302093
0.06601924447612259,0.22299691393302093
0.06601924447612259,0.2232255114870271
0.06619743406985032,0.2232255114870271
0.06619743406985032,0.22345410904103327
0.06628652886671418,0.22345410904103327
0.06628652886671418,0.22368270659503944
0.06646471846044191,0.22368270659503944
0.06646471846044191,0.22493999314207339
0.06655381325730578,0.22493999314207339
0.06655381325730578,0.22528288947308264
0.06664290805416964,0.22528288947308264
0.06664290805416964,0.22539718825008573
0.0667320028510335,0.22539718825008573
0.0667320028510335,0.22619727968910733
0.06691019244476122,0.22619727968910733
0.06691019244476122,0.22654017602011658
0.06699928724162509,0.22654017602011658
0.06699928724162509,0.22676877357412276
0.06735566642908054,0.22676877357412276
0.06735566642908054,0.22688307235112584
0.06744476122594441,0.22688307235112584
0.06744476122594441,0.227111669905132
0.06806842480399145,0.227111669905132
0.06806842480399145,0.22745456623614127
0.06815751960085531,0.22745456623614127
0.06815751960085531,0.22768316379014744
0.06824661439771917,0.22768316379014744
0.06824661439771917,0.22779746256715053
0.06833570919458304,0.22779746256715053
0.06833570919458304,0.22836895645216596
0.06860299358517463,0.22836895645216596
0.06860299358517463,0.22859755400617213
0.06869208838203848,0.22859755400617213
0.06869208838203848,0.2303120356612184
0.06904846756949394,0.2303120356612184
0.06904846756949394,0.2306549319922277
0.0691375623663578,0.2306549319922277
0.0691375623663578,0.23122642587724312
0.06922665716322167,0.23122642587724312
0.06922665716322167,0.2313407246542462
0.06931575196008553,0.2313407246542462
0.06931575196008553,0.23156932220825238
0.0694048467569494,0.23156932220825238
0.0694048467569494,0.23168362098525547
0.06949394155381326,0.23168362098525547
0.06949394155381326,0.23179791976225855
0.06958303635067713,0.23179791976225855
0.06958303635067713,0.23191221853926164
0.06967213114754098,0.23191221853926164
0.06967213114754098,0.23202651731626472
0.06976122594440484,0.23202651731626472
0.06976122594440484,0.2321408160932678
0.06993941553813257,0.2321408160932678
0.06993941553813257,0.23236941364727398
0.07002851033499644,0.23236941364727398
0.07002851033499644,0.23248371242427707
0.0701176051318603,0.23248371242427707
0.0701176051318603,0.23328380386329867
0.07020669992872416,0.23328380386329867
0.07020669992872416,0.23396959652531718
0.07029579472558803,0.23396959652531718
0.07029579472558803,0.23442679163332952
0.07047398431931576,0.23442679163332952
0.07047398431931576,0.2345410904103326
0.07056307911617961,0.2345410904103326
0.07056307911617961,0.2346553891873357
0.07065217391304347,0.2346553891873357
0.07065217391304347,0.23511258429534804
0.0708303635067712,0.23511258429534804
0.0708303635067712,0.23579837695736655
0.07091945830363507,0.23579837695736655
0.07091945830363507,0.23591267573436964
0.07100855310049893,0.23591267573436964
0.07100855310049893,0.23636987084238198
0.07118674269422666,0.23636987084238198
0.07118674269422666,0.23739855983540975
0.07127583749109052,0.23739855983540975
0.07127583749109052,0.23751285861241284
0.07136493228795439,0.23751285861241284
0.07136493228795439,0.23808435249742826
0.07145402708481825,0.23808435249742826
0.07145402708481825,0.23899874271345298
0.07163221667854597,0.23899874271345298
0.07163221667854597,0.23922734026745915
0.07172131147540983,0.23922734026745915
0.07172131147540983,0.23934163904446223
0.0718104062722737,0.23934163904446223
0.0718104062722737,0.2396845353754715
0.07189950106913756,0.2396845353754715
0.07189950106913756,0.24025602926048692
0.07198859586600143,0.24025602926048692
0.07198859586600143,0.2404846268144931
0.07234497505345688,0.2404846268144931
0.07234497505345688,0.24094182192250543
0.07243406985032075,0.24094182192250543
0.07243406985032075,0.24105612069950852
0.0725231646471846,0.24105612069950852
0.0725231646471846,0.2411704194765116
0.07287954383464006,0.2411704194765116
0.07287954383464006,0.2412847182535147
0.07323592302209551,0.2412847182535147
0.07323592302209551,0.24162761458452395
0.07332501781895938,0.24162761458452395
0.07332501781895938,0.24185621213853012
0.07359230220955096,0.24185621213853012
0.07359230220955096,0.24219910846953938
0.07368139700641482,0.24219910846953938
0.07368139700641482,0.24231340724654246
0.07377049180327869,0.24231340724654246
0.07377049180327869,0.2428849011315579
0.07385958660014255,0.2428849011315579
0.07385958660014255,0.24299919990856098
0.07403777619387028,0.24299919990856098
0.07403777619387028,0.24322779746256715
0.07412687099073414,0.24322779746256715
0.07412687099073414,0.24334209623957023
0.07421596578759801,0.24334209623957023
0.07421596578759801,0.24345639501657332
0.07430506058446187,0.24345639501657332
0.07430506058446187,0.2436849925705795
0.07439415538132572,0.2436849925705795
0.07439415538132572,0.24402788890158875
0.07448325017818959,0.24402788890158875
0.07448325017818959,0.24414218767859183
0.07457234497505345,0.24414218767859183
0.07457234497505345,0.24425648645559492
0.07475053456878118,0.24425648645559492
0.07475053456878118,0.2444850840096011
0.07492872416250891,0.2444850840096011
0.07492872416250891,0.24494227911761343
0.07501781895937278,0.24494227911761343
0.07501781895937278,0.24505657789461652
0.0751960085531005,0.24505657789461652
0.0751960085531005,0.2452851754486227
0.07537419814682822,0.2452851754486227
0.07537419814682822,0.24539947422562577
0.07546329294369208,0.24539947422562577
0.07546329294369208,0.24551377300262886
0.07555238774055595,0.24551377300262886
0.07555238774055595,0.24562807177963195
0.07581967213114754,0.24562807177963195
0.07581967213114754,0.2461995656646474
0.076176051318603,0.2461995656646474
0.076176051318603,0.24642816321865357
0.07635424091233071,0.24642816321865357
0.07635424091233071,0.24654246199565666
0.07644333570919458,0.24654246199565666
0.07644333570919458,0.24722825465767517
0.07653243050605844,0.24722825465767517
0.07653243050605844,0.24814264487369986
0.07662152530292231,0.24814264487369986
0.07662152530292231,0.24882843753571837
0.07679971489665004,0.24882843753571837
0.07679971489665004,0.24894273631272146
0.07706699928724163,0.24894273631272146
0.07706699928724163,0.24928563264373071
0.07751247327156094,0.24928563264373071
0.07751247327156094,0.24974282775174306
0.07769066286528867,0.24974282775174306
0.07769066286528867,0.24997142530574923
0.07777975766215253,0.24997142530574923
0.07777975766215253,0.2502000228597554
0.0778688524590164,0.2502000228597554
0.0778688524590164,0.25042862041376157
0.07804704205274413,0.25042862041376157
0.07804704205274413,0.25065721796776774
0.07813613684960798,0.25065721796776774
0.07813613684960798,0.251000114298777
0.0783143264433357,0.251000114298777
0.0783143264433357,0.25122871185278317
0.07840342124019957,0.25122871185278317
0.07840342124019957,0.2516859069607955
0.07849251603706343,0.2516859069607955
0.07849251603706343,0.2519145045148017
0.07867070563079116,0.2519145045148017
0.07867070563079116,0.25214310206880786
0.07884889522451889,0.25214310206880786
0.07884889522451889,0.25225740084581094
0.07893799002138276,0.25225740084581094
0.07893799002138276,0.25282889473082637
0.07911617961511047,0.25282889473082637
0.07911617961511047,0.2535146873928449
0.07920527441197434,0.2535146873928449
0.07920527441197434,0.2543147788318665
0.0792943692088382,0.2543147788318665
0.0792943692088382,0.2547719739398788
0.07938346400570206,0.2547719739398788
0.07938346400570206,0.25522916904789117
0.07947255880256593,0.25522916904789117
0.07947255880256593,0.2556863641559035
0.0795616535994298,0.2556863641559035
0.0795616535994298,0.2564864555949251
0.07965074839629366,0.2564864555949251
0.07965074839629366,0.2574008458109498
0.07973984319315752,0.2574008458109498
0.07973984319315752,0.25774374214195905
0.07982893799002139,0.25774374214195905
0.07982893799002139,0.2579723396959653
0.08009622238061297,0.2579723396959653
0.08009622238061297,0.25820093724997145
0.0802744119743407,0.25820093724997145
0.0802744119743407,0.25831523602697454
0.08036350677120456,0.25831523602697454
0.08036350677120456,0.2587724311349869
0.08045260156806842,0.2587724311349869
0.08045260156806842,0.25900102868899305
0.08054169636493229,0.25900102868899305
0.08054169636493229,0.2592296262429992
0.08063079116179615,0.2592296262429992
0.08063079116179615,0.2594582237970054
0.08080898075552388,0.2594582237970054
0.08080898075552388,0.25968682135101157
0.0809871703492516,0.25968682135101157
0.0809871703492516,0.25980112012801465
0.08116535994297933,0.25980112012801465
0.08116535994297933,0.2600297176820208
0.08134354953670705,0.2600297176820208
0.08134354953670705,0.2603726140130301
0.08143264433357092,0.2603726140130301
0.08143264433357092,0.26071551034403934
0.08152173913043478,0.26071551034403934
0.08152173913043478,0.2610584066750486
0.08161083392729865,0.2610584066750486
0.08161083392729865,0.261629900560064
0.08169992872416251,0.261629900560064
0.08169992872416251,0.26208709566807636
0.08187811831789024,0.26208709566807636
0.08187811831789024,0.26231569322208254
0.08196721311475409,0.26231569322208254
0.08196721311475409,0.2624299919990856
0.08214540270848182,0.2624299919990856
0.08214540270848182,0.2625442907760887
0.08223449750534569,0.2625442907760887
0.08223449750534569,0.26288718710709796
0.08241268709907341,0.26288718710709796
0.08241268709907341,0.26300148588410105
0.08267997148966501,0.26300148588410105
0.08267997148966501,0.2632300834381072
0.08294725588025659,0.2632300834381072
0.08294725588025659,0.2635729797691165
0.08303635067712045,0.2635729797691165
0.08303635067712045,0.26391587610012573
0.08321454027084818,0.26391587610012573
0.08321454027084818,0.2640301748771288
0.08330363506771205,0.2640301748771288
0.08330363506771205,0.2641444736541319
0.08339272986457591,0.2641444736541319
0.08339272986457591,0.26471596753914733
0.08348182466143977,0.26471596753914733
0.08348182466143977,0.2649445650931535
0.0836600142551675,0.2649445650931535
0.0836600142551675,0.26540176020116585
0.08401639344262295,0.26540176020116585
0.08401639344262295,0.265630357755172
0.08419458303635068,0.265630357755172
0.08419458303635068,0.2664304491941936
0.08428367783321454,0.2664304491941936
0.08428367783321454,0.26700194307920905
0.08472915181753386,0.26700194307920905
0.08472915181753386,0.2672305406332152
0.08481824661439771,0.2672305406332152
0.08481824661439771,0.2673448394102183
0.08490734141126158,0.2673448394102183
0.08490734141126158,0.2674591381872214
0.0850855310049893,0.2674591381872214
0.0850855310049893,0.26791633329523373
0.08517462580185317,0.26791633329523373
0.08517462580185317,0.2683735284032461
0.08526372059871704,0.2683735284032461
0.08526372059871704,0.26848782718024916
0.08544191019244476,0.26848782718024916
0.08544191019244476,0.2688307235112584
0.08553100498930863,0.2688307235112584
0.08553100498930863,0.26928791861927076
0.08570919458303634,0.26928791861927076
0.08570919458303634,0.26951651617327693
0.08579828937990021,0.26951651617327693
0.08579828937990021,0.26963081495028
0.0860655737704918,0.26963081495028
0.0860655737704918,0.2699737112812893
0.08615466856735567,0.2699737112812893
0.08615466856735567,0.2704309063893016
0.08624376336421953,0.2704309063893016
0.08624376336421953,0.2705452051663047
0.08642195295794726,0.2705452051663047
0.08642195295794726,0.27088810149731396
0.08660014255167499,0.27088810149731396
0.08660014255167499,0.27100240027431705
0.0867783321454027,0.27100240027431705
0.0867783321454027,0.2712309978283232
0.08686742694226657,0.2712309978283232
0.08686742694226657,0.27168819293633556
0.08695652173913043,0.27168819293633556
0.08695652173913043,0.27180249171333865
0.0870456165359943,0.27180249171333865
0.0870456165359943,0.27248828437535716
0.08722380612972203,0.27248828437535716
0.08722380612972203,0.27260258315236024
0.08731290092658589,0.27260258315236024
0.08731290092658589,0.27328837581437876
0.08766928011404133,0.27328837581437876
0.08766928011404133,0.273516973368385
0.08784746970776906,0.273516973368385
0.08784746970776906,0.2743170648074066
0.08793656450463293,0.2743170648074066
0.08793656450463293,0.27477425991541893
0.08802565930149679,0.27477425991541893
0.08802565930149679,0.2750028574694251
0.08811475409836066,0.2750028574694251
0.08811475409836066,0.27534575380043436
0.08829294369208839,0.27534575380043436
0.08829294369208839,0.2758029489084467
0.08838203848895225,0.2758029489084467
0.08838203848895225,0.27603154646245287
0.08864932287954383,0.27603154646245287
0.08864932287954383,0.27614584523945596
0.0887384176764077,0.27614584523945596
0.0887384176764077,0.27626014401645904
0.08909479686386315,0.27626014401645904
0.08909479686386315,0.2764887415704652
0.08927298645759088,0.2764887415704652
0.08927298645759088,0.2766030403474683
0.08936208125445474,0.2766030403474683
0.08936208125445474,0.27683163790147447
0.08945117605131861,0.27683163790147447
0.08945117605131861,0.27706023545548064
0.08954027084818246,0.27706023545548064
0.08954027084818246,0.2772888330094868
0.08962936564504632,0.2772888330094868
0.08962936564504632,0.27763172934049607
0.08989665003563792,0.27763172934049607
0.08989665003563792,0.2780889244485084
0.09007483962936565,0.2780889244485084
0.09007483962936565,0.27854611955652075
0.09016393442622951,0.27854611955652075
0.09016393442622951,0.2790033146645331
0.0904312188168211,0.2790033146645331
0.0904312188168211,0.2791176134415362
0.09052031361368496,0.2791176134415362
0.09052031361368496,0.2796891073265516
0.09087669280114041,0.2796891073265516
0.09087669280114041,0.2798034061035547
0.09096578759800428,0.2798034061035547
0.09096578759800428,0.28003200365756087
0.09105488239486814,0.28003200365756087
0.09105488239486814,0.28026060121156704
0.09123307198859587,0.28026060121156704
0.09123307198859587,0.2806034975425763
0.09141126158232359,0.2806034975425763
0.09141126158232359,0.2807177963195794
0.09158945117605131,0.2807177963195794
0.09158945117605131,0.28083209509658247
0.09185673556664291,0.28083209509658247
0.09185673556664291,0.28094639387358555
0.09194583036350677,0.28094639387358555
0.09194583036350677,0.2811749914275917
0.09221311475409837,0.2811749914275917
0.09221311475409837,0.2812892902045948
0.09230220955096223,0.2812892902045948
0.09230220955096223,0.2820893816436164
0.09239130434782608,0.2820893816436164
0.09239130434782608,0.2823179791976226
0.09248039914468995,0.2823179791976226
0.09248039914468995,0.28254657675162875
0.09256949394155381,0.28254657675162875
0.09256949394155381,0.28266087552863184
0.0928367783321454,0.28266087552863184
0.0928367783321454,0.2831180706366442
0.09292587312900927,0.2831180706366442
0.09292587312900927,0.28323236941364727
0.09301496792587313,0.28323236941364727
0.09301496792587313,0.2836895645216596
0.093104062722737,0.2836895645216596
0.093104062722737,0.2839181620756658
0.09319315751960086,0.2839181620756658
0.09319315751960086,0.28403246085266887
0.09328225231646471,0.28403246085266887
0.09328225231646471,0.2847182535146874
0.09337134711332858,0.2847182535146874
0.09337134711332858,0.28494685106869355
0.09346044191019244,0.28494685106869355
0.09346044191019244,0.28506114984569664
0.09363863150392017,0.28506114984569664
0.09363863150392017,0.28574694250771515
0.09372772630078403,0.28574694250771515
0.09372772630078403,0.28586124128471824
0.09399501069137563,0.28586124128471824
0.09399501069137563,0.2860898388387244
0.09408410548823949,0.2860898388387244
0.09408410548823949,0.2862041376157275
0.09417320028510336,0.2862041376157275
0.09417320028510336,0.2870042290547491
0.09444048467569494,0.2870042290547491
0.09444048467569494,0.28723282660875527
0.0945295794725588,0.28723282660875527
0.0945295794725588,0.28734712538575835
0.09461867426942266,0.28734712538575835
0.09461867426942266,0.28746142416276144
0.09470776906628653,0.28746142416276144
0.09470776906628653,0.2875757229397645
0.09488595866001426,0.2875757229397645
0.09488595866001426,0.2887187107097954
0.09515324305060585,0.2887187107097954
0.09515324305060585,0.28883300948679846
0.09542052744119743,0.28883300948679846
0.09542052744119743,0.28894730826380155
0.0955096222380613,0.28894730826380155
0.0955096222380613,0.28906160704080464
0.09568781183178902,0.28906160704080464
0.09568781183178902,0.28929020459481086
0.09577690662865289,0.28929020459481086
0.09577690662865289,0.28940450337181395
0.09586600142551675,0.28940450337181395
0.09586600142551675,0.2897473997028232
0.09604419101924448,0.2897473997028232
0.09604419101924448,0.29031889358783863
0.0962223806129722,0.29031889358783863
0.0962223806129722,0.2914618813578695
0.09631147540983606,0.2914618813578695
0.09640057020669993,0.2915761801348726
0.09640057020669993,0.29191907646588183
0.09648966500356379,0.29191907646588183
0.09648966500356379,0.2929477654589096
0.09657875980042765,0.2929477654589096
0.09657875980042765,0.2931763630129158
0.09675694939415538,0.2931763630129158
0.09675694939415538,0.29329066178991886
0.09684604419101925,0.29329066178991886
0.09684604419101925,0.2937478568979312
0.09693513898788311,0.2937478568979312
0.09693513898788311,0.2938621556749343
0.09702423378474698,0.2938621556749343
0.09702423378474698,0.2939764544519374
0.09711332858161083,0.2939764544519374
0.09711332858161083,0.29420505200594355
0.09720242337847469,0.29420505200594355
0.09720242337847469,0.29431935078294663
0.09738061297220242,0.29431935078294663
0.09755880256593015,0.29431935078294663
0.09755880256593015,0.29489084466796206
0.09764789736279401,0.29489084466796206
0.09764789736279401,0.29511944222196823
0.09773699215965788,0.29511944222196823
0.09773699215965788,0.2952337409989713
0.09782608695652174,0.2952337409989713
0.09782608695652174,0.2955766373299806
0.09800427655024947,0.2955766373299806
0.09800427655024947,0.29569093610698366
0.09853884533143265,0.29569093610698366
0.09853884533143265,0.29591953366098983
0.09862794012829651,0.29591953366098983
0.09862794012829651,0.2960338324379929
0.09871703492516037,0.2960338324379929
0.09871703492516037,0.296148131214996
0.09880612972202424,0.296148131214996
0.09880612972202424,0.2963767287690022
0.09916250890947968,0.2963767287690022
0.09916250890947968,0.2970625214310207
0.09925160370634355,0.2970625214310207
0.09925160370634355,0.2976340153160361
0.09951888809693514,0.2976340153160361
0.09951888809693514,0.2978626128700423
0.099607982893799,0.2978626128700423
0.099607982893799,0.29820550920105154
0.09969707769066287,0.29820550920105154
0.09969707769066287,0.29831980797805463
0.09978617248752673,0.29831980797805463
0.09978617248752673,0.2985484055320608
0.0998752672843906,0.2985484055320608
0.0998752672843906,0.29889130186307006
0.09996436208125445,0.29889130186307006
0.09996436208125445,0.2992341981940793
0.10014255167498218,0.2992341981940793
0.10014255167498218,0.2994627957480855
0.10040983606557377,0.2994627957480855
0.10040983606557377,0.3000342896331009
0.10040983606557377,0.3002628871871071
0.10040983606557377,0.30037718596411017
0.10049893086243764,0.30037718596411017
0.10049893086243764,0.30049148474111326
0.10076621525302923,0.30049148474111326
0.10076621525302923,0.3008343810721225
0.10085531004989308,0.3008343810721225
0.10085531004989308,0.30117727740313177
0.10103349964362081,0.30117727740313177
0.10103349964362081,0.30129157618013486
0.1013007840342124,0.30129157618013486
0.1013007840342124,0.30152017373414103
0.10138987883107627,0.30152017373414103
0.10138987883107627,0.3016344725111441
0.10183535281539557,0.3016344725111441
0.10183535281539557,0.3017487712881472
0.10192444761225944,0.3017487712881472
0.10192444761225944,0.30220596639615954
0.1020135424091233,0.30220596639615954
0.1020135424091233,0.30232026517316263
0.10219173200285103,0.30232026517316263
0.10219173200285103,0.3025488627271688
0.1022808267997149,0.3025488627271688
0.1022808267997149,0.3026631615041719
0.10236992159657876,0.3026631615041719
0.10236992159657876,0.30289175905817806
0.10254811119030649,0.30289175905817806
0.10254811119030649,0.3031203566121842
0.10263720598717035,0.3031203566121842
0.10263720598717035,0.3033489541661904
0.10272630078403422,0.3033489541661904
0.10272630078403422,0.3034632529431935
0.10281539558089807,0.3034632529431935
0.10281539558089807,0.30380614927420274
0.10290449037776193,0.30380614927420274
0.10290449037776193,0.3039204480512058
0.1029935851746258,0.3039204480512058
0.1029935851746258,0.30437764315921817
0.10308267997148966,0.30437764315921817
0.10308267997148966,0.30449194193622126
0.10317177476835353,0.30449194193622126
0.10317177476835353,0.3047205394902275
0.10343905915894512,0.3047205394902275
0.10343905915894512,0.30586352726025834
0.10379543834640056,0.30586352726025834
0.10379543834640056,0.3059778260372614
0.10388453314326443,0.3059778260372614
0.10388453314326443,0.3060921248142645
0.1039736279401283,0.3060921248142645
0.1039736279401283,0.3062064235912676
0.10415181753385602,0.3062064235912676
0.10415181753385602,0.3063207223682707
0.10424091233071989,0.3063207223682707
0.10424091233071989,0.30643502114527377
0.10433000712758375,0.30643502114527377
0.10433000712758375,0.306777917476283
0.10441910192444762,0.306777917476283
0.10441910192444762,0.3070065150302892
0.10450819672131148,0.3070065150302892
0.10450819672131148,0.3071208138072923
0.10459729151817534,0.3071208138072923
0.10459729151817534,0.30734941136129845
0.10504276550249465,0.30734941136129845
0.10504276550249465,0.30746371013830154
0.10513186029935852,0.30746371013830154
0.10513186029935852,0.3075780089153046
0.10522095509622238,0.3075780089153046
0.10522095509622238,0.3076923076923077
0.10531004989308625,0.3076923076923077
0.10531004989308625,0.30814950280032005
0.10539914468995011,0.30814950280032005
0.10539914468995011,0.30826380157732314
0.10557733428367784,0.30826380157732314
0.10557733428367784,0.3086066979083324
0.10602280826799715,0.3086066979083324
0.10602280826799715,0.30883529546233857
0.10611190306486101,0.30883529546233857
0.10611190306486101,0.3092924905703509
0.10629009265858874,0.3092924905703509
0.10629009265858874,0.30974968567836325
0.1063791874554526,0.30974968567836325
0.1063791874554526,0.3102068807863756
0.10655737704918032,0.3102068807863756
0.10655737704918032,0.3108926734483941
0.10664647184604419,0.3108926734483941
0.10664647184604419,0.3110069722253972
0.10682466143977191,0.3110069722253972
0.10682466143977191,0.3111212710024003
0.10700285103349964,0.3111212710024003
0.10700285103349964,0.31123556977940336
0.10718104062722737,0.31123556977940336
0.10718104062722737,0.31146416733340954
0.10727013542409124,0.31146416733340954
0.10727013542409124,0.3116927648874157
0.10744832501781897,0.3116927648874157
0.10744832501781897,0.3119213624414219
0.10753741981468282,0.3119213624414219
0.10753741981468282,0.31214995999542805
0.10780470420527441,0.31214995999542805
0.10780470420527441,0.3126071551034404
0.10798289379900214,0.3126071551034404
0.10798289379900214,0.3131786489884558
0.10842836778332145,0.3131786489884558
0.10842836778332145,0.3132929477654589
0.10851746258018531,0.3132929477654589
0.10851746258018531,0.313407246542462
0.1087847469707769,0.313407246542462
0.1087847469707769,0.31386444165047434
0.10887384176764077,0.31386444165047434
0.10887384176764077,0.3143216367584867
0.10896293656450463,0.3143216367584867
0.10896293656450463,0.31455023431249285
0.1090520313613685,0.31455023431249285
0.1090520313613685,0.31466453308949593
0.10914112615823236,0.31466453308949593
0.10914112615823236,0.314778831866499
0.10940841054882394,0.314778831866499
0.10940841054882394,0.3150074294205052
0.1094975053456878,0.3150074294205052
0.1094975053456878,0.3151217281975083
0.10958660014255167,0.3151217281975083
0.10958660014255167,0.31523602697451136
0.10967569493941554,0.31523602697451136
0.10967569493941554,0.31546462452851753
0.1097647897362794,0.31546462452851753
0.1097647897362794,0.3156932220825237
0.10994297933000713,0.3156932220825237
0.10994297933000713,0.31603611841353296
0.11012116892373486,0.31603611841353296
0.11012116892373486,0.3164933135215453
0.11021026372059872,0.3164933135215453
0.11021026372059872,0.31706480740656073
0.11038845331432644,0.31706480740656073
0.11038845331432644,0.3171791061835638
0.1104775481111903,0.3171791061835638
0.1104775481111903,0.3172934049605669
0.11056664290805417,0.3172934049605669
0.11056664290805417,0.3179791976225854
0.11065573770491803,0.3179791976225854
0.11065573770491803,0.3182077951765916
0.11083392729864576,0.3182077951765916
0.11083392729864576,0.3183220939535947
0.11092302209550962,0.3183220939535947
0.11092302209550962,0.31843639273059776
0.11119030648610122,0.31843639273059776
0.11119030648610122,0.31855069150760085
0.11127940128296507,0.31855069150760085
0.11127940128296507,0.31866499028460393
0.11190306486101212,0.31866499028460393
0.11190306486101212,0.3190078866156132
0.11208125445473985,0.3190078866156132
0.11208125445473985,0.3191221853926163
0.11217034925160371,0.3191221853926163
0.11217034925160371,0.3196936792776317
0.11225944404846756,0.3196936792776317
0.11225944404846756,0.3198079780546348
0.11234853884533143,0.3198079780546348
0.11234853884533143,0.3199222768316379
0.11252672843905916,0.3199222768316379
0.11252672843905916,0.32003657560864096
0.11279401282965075,0.32003657560864096
0.11279401282965075,0.32015087438564405
0.11288310762651461,0.32015087438564405
0.11288310762651461,0.32026517316264713
0.11297220242337848,0.32026517316264713
0.11297220242337848,0.32049377071665336
0.11315039201710621,0.32049377071665336
0.11315039201710621,0.32060806949365644
0.11323948681397006,0.32060806949365644
0.11323948681397006,0.3211795633786719
0.11332858161083392,0.3211795633786719
0.11332858161083392,0.32152245970968113
0.11341767640769779,0.32152245970968113
0.11341767640769779,0.32220825237169964
0.11350677120456165,0.32220825237169964
0.11350677120456165,0.3225511487027089
0.11368496079828938,0.3225511487027089
0.11368496079828938,0.3233512401417305
0.11377405559515325,0.3233512401417305
0.11377405559515325,0.3234655389187336
0.11404133998574484,0.3234655389187336
0.11404133998574484,0.32357983769573667
0.11413043478260869,0.32357983769573667
0.11413043478260869,0.3242656303577552
0.11448681397006415,0.3242656303577552
0.11448681397006415,0.32518002057377987
0.1148431931575196,0.32518002057377987
0.1148431931575196,0.3256372156817922
0.11493228795438347,0.3256372156817922
0.11493228795438347,0.32609441078980456
0.11511047754811118,0.32609441078980456
0.11511047754811118,0.32620870956680764
0.11519957234497505,0.32620870956680764
0.11519957234497505,0.3265516058978169
0.11546685673556664,0.3265516058978169
0.11546685673556664,0.3271230997828323
0.1155559515324305,0.3271230997828323
0.1155559515324305,0.3272373985598354
0.11573414112615824,0.3272373985598354
0.11573414112615824,0.3273516973368385
0.11591233071988596,0.3273516973368385
0.11591233071988596,0.32758029489084467
0.11600142551674983,0.32758029489084467
0.11600142551674983,0.3279231912218539
0.11609052031361368,0.3279231912218539
0.11609052031361368,0.32838038632986627
0.11617961511047754,0.32838038632986627
0.11617961511047754,0.3287232826608755
0.11635780470420527,0.3287232826608755
0.11635780470420527,0.32918047776888787
0.11644689950106914,0.32918047776888787
0.11644689950106914,0.32998056920790947
0.116535994297933,0.32998056920790947
0.116535994297933,0.3305520630929249
0.11662508909479687,0.3305520630929249
0.11662508909479687,0.3312378557549434
0.11689237348538846,0.3312378557549434
0.11689237348538846,0.3314664533089496
0.11698146828225231,0.3314664533089496
0.11698146828225231,0.3321522459709681
0.11707056307911617,0.3321522459709681
0.11707056307911617,0.3322665447479712
0.11733784746970777,0.3322665447479712
0.11733784746970777,0.3327237398559835
0.11742694226657163,0.3327237398559835
0.11742694226657163,0.3330666361869928
0.11769422665716323,0.3330666361869928
0.11769422665716323,0.33329523374099895
0.1179615110477548,0.33329523374099895
0.1179615110477548,0.33340953251800204
0.11805060584461867,0.33340953251800204
0.11805060584461867,0.33398102640301747
0.1182287954383464,0.33398102640301747
0.1182287954383464,0.3343239227340267
0.11858517462580186,0.3343239227340267
0.11858517462580186,0.334666819065036
0.1189415538132573,0.334666819065036
0.1189415538132573,0.33478111784203907
0.1192088382038489,0.33478111784203907
0.1192088382038489,0.33500971539604524
0.11929793300071276,0.33500971539604524
0.11929793300071276,0.3351240141730483
0.11938702779757662,0.3351240141730483
0.11938702779757662,0.3352383129500514
0.11947612259444049,0.3352383129500514
0.11947612259444049,0.3353526117270545
0.11965431218816822,0.3353526117270545
0.11965431218816822,0.3363813007200823
0.11974340698503208,0.3363813007200823
0.11974340698503208,0.33706709338210084
0.11983250178189593,0.33706709338210084
0.11983250178189593,0.3371813921591039
0.1199215965787598,0.3371813921591039
0.1199215965787598,0.337295690936107
0.12001069137562366,0.337295690936107
0.12001069137562366,0.33763858726711626
0.12018888096935139,0.33763858726711626
0.12018888096935139,0.33775288604411935
0.12036707056307912,0.33775288604411935
0.12036707056307912,0.33786718482112243
0.12090163934426229,0.33786718482112243
0.12090163934426229,0.3379814835981255
0.12099073414112615,0.3379814835981255
0.12099073414112615,0.3380957823751286
0.12107982893799002,0.3380957823751286
0.12107982893799002,0.3382100811521317
0.12116892373485388,0.3382100811521317
0.12116892373485388,0.3383243799291348
0.12125801853171775,0.3383243799291348
0.12125801853171775,0.33855297748314095
0.12143620812544548,0.33855297748314095
0.12143620812544548,0.33866727626014403
0.12152530292230934,0.33866727626014403
0.12152530292230934,0.3387815750371471
0.12170349251603706,0.3387815750371471
0.12170349251603706,0.3388958738141502
0.12179258731290092,0.3388958738141502
0.12179258731290092,0.3390101725911533
0.12197077690662865,0.3390101725911533
0.12197077690662865,0.33923877014515946
0.12205987170349251,0.33923877014515946
0.12205987170349251,0.3395816664761687
0.12214896650035638,0.3395816664761687
0.12214896650035638,0.3396959652531718
0.12232715609408411,0.3396959652531718
0.12232715609408411,0.34015316036118415
0.12250534568781184,0.34015316036118415
0.12250534568781184,0.34026745913818723
0.1225944404846757,0.34026745913818723
0.1225944404846757,0.34106755057720883
0.12295081967213115,0.34106755057720883
0.12295081967213115,0.341296148131215
0.1233071988595866,0.341296148131215
0.1233071988595866,0.3414104469082181
0.1235744832501782,0.3414104469082181
0.1235744832501782,0.34175334323922735
0.12384176764076978,0.34175334323922735
0.12384176764076978,0.34243913590124586
0.12393086243763364,0.34243913590124586
0.12393086243763364,0.34266773345525203
0.1240199572344975,0.34266773345525203
0.1240199572344975,0.3428963310092582
0.12410905203136137,0.3428963310092582
0.12410905203136137,0.3430106297862613
0.1242872416250891,0.3430106297862613
0.1242872416250891,0.3438107212252829
0.12437633642195296,0.3438107212252829
0.12437633642195296,0.343925020002286
0.12455452601568068,0.343925020002286
0.12455452601568068,0.34403931877928906
0.12464362081254454,0.34403931877928906
0.12464362081254454,0.34415361755629215
0.12482181040627227,0.34415361755629215
0.12482181040627227,0.3443822151102983
0.125,0.3443822151102983
0.125,0.34483941021831066
0.12508909479686386,0.34483941021831066
0.12508909479686386,0.34495370899531375
0.12517818959372773,0.34495370899531375
0.12517818959372773,0.34506800777231683
0.1252672843905916,0.34506800777231683
0.1252672843905916,0.345296605326323
0.12535637918745546,0.345296605326323
0.12535637918745546,0.34563950165733226
0.12571275837491092,0.34563950165733226
0.12571275837491092,0.3459823979883415
0.12598004276550248,0.3459823979883415
0.12598004276550248,0.3462109955423477
0.1261582323592302,0.3462109955423477
0.1261582323592302,0.3463252943193508
0.1264255167498218,0.3463252943193508
0.1264255167498218,0.34655389187335695
0.12651461154668567,0.34655389187335695
0.12651461154668567,0.3467824894273631
0.12660370634354953,0.3467824894273631
0.12660370634354953,0.3470110869813693
0.1266928011404134,0.3470110869813693
0.1266928011404134,0.34746828208938163
0.126960085531005,0.34746828208938163
0.126960085531005,0.3475825808663847
0.12704918032786885,0.3475825808663847
0.12704918032786885,0.34815407475140014
0.12749465431218818,0.34815407475140014
0.12749465431218818,0.34883986741341866
0.12758374910905204,0.34883986741341866
0.12758374910905204,0.34906846496742483
0.1276728439059159,0.34906846496742483
0.1276728439059159,0.3491827637444279
0.12776193870277977,0.3491827637444279
0.12776193870277977,0.3495256600754372
0.1278510334996436,0.3495256600754372
0.1278510334996436,0.3499828551834495
0.12802922309337134,0.3499828551834495
0.12802922309337134,0.3500971539604526
0.1281183178902352,0.3500971539604526
0.1281183178902352,0.3502114527374557
0.12820741268709906,0.3502114527374557
0.12820741268709906,0.35032575151445877
0.12856379187455452,0.35032575151445877
0.12856379187455452,0.35055434906846494
0.1286528866714184,0.35055434906846494
0.1286528866714184,0.35066864784546803
0.12874198146828225,0.35066864784546803
0.12874198146828225,0.3508972453994742
0.12892017106200998,0.3508972453994742
0.12892017106200998,0.35135444050748654
0.12900926585887385,0.35135444050748654
0.12900926585887385,0.35146873928448963
0.1290983606557377,0.35146873928448963
0.1290983606557377,0.35158303806149277
0.1293656450463293,0.35158303806149277
0.1293656450463293,0.35181163561549894
0.12954383464005703,0.35181163561549894
0.12954383464005703,0.351925934392502
0.12972202423378476,0.351925934392502
0.12972202423378476,0.3520402331695051
0.1298111190306486,0.3520402331695051
0.1298111190306486,0.3522688307235113
0.1300784034212402,0.3522688307235113
0.1300784034212402,0.35261172705452054
0.13016749821810406,0.35261172705452054
0.13016749821810406,0.3527260258315236
0.13025659301496792,0.3527260258315236
0.13025659301496792,0.35318322093953597
0.13043478260869565,0.35318322093953597
0.13043478260869565,0.35341181849354214
0.1305238774055595,0.35341181849354214
0.1305238774055595,0.3535261172705452
0.1307911617961511,0.3535261172705452
0.1307911617961511,0.3537547148245514
0.13088025659301497,0.3537547148245514
0.13088025659301497,0.35409761115556065
0.13096935138987884,0.35409761115556065
0.13096935138987884,0.35421190993256374
0.13114754098360656,0.35421190993256374
0.13114754098360656,0.3543262087095668
0.13141482537419816,0.3543262087095668
0.13141482537419816,0.3544405074865699
0.13150392017106202,0.3544405074865699
0.13150392017106202,0.354554806263573
0.1315930149679259,0.354554806263573
0.1315930149679259,0.3546691050405761
0.13168210976478972,0.3546691050405761
0.13168210976478972,0.35489770259458225
0.1317712045616536,0.35489770259458225
0.1317712045616536,0.35501200137158534
0.13186029935851745,0.35501200137158534
0.13186029935851745,0.35558349525660077
0.1324839629365645,0.35558349525660077
0.1324839629365645,0.3560406903646131
0.13257305773342837,0.3560406903646131
0.13257305773342837,0.3562692879186193
0.13266215253029223,0.3562692879186193
0.13266215253029223,0.35638358669562237
0.1327512473271561,0.35638358669562237
0.1327512473271561,0.3568407818036347
0.13310762651461155,0.3568407818036347
0.13310762651461155,0.3570693793576409
0.13319672131147542,0.3570693793576409
0.13319672131147542,0.35729797691164705
0.13337491090520315,0.35729797691164705
0.13337491090520315,0.3577551720196594
0.13355310049893085,0.3577551720196594
0.13355310049893085,0.3578694707966625
0.1336421952957947,0.3578694707966625
0.1336421952957947,0.35821236712767174
0.13399857448325017,0.35821236712767174
0.13399857448325017,0.3586695622356841
0.13453314326443336,0.3586695622356841
0.13453314326443336,0.359926848782718
0.13480042765502495,0.359926848782718
0.13480042765502495,0.3601554463367242
0.13488952245188882,0.3601554463367242
0.13488952245188882,0.36038404389073037
0.1351568068424804,0.36038404389073037
0.1351568068424804,0.36049834266773345
0.13524590163934427,0.36049834266773345
0.13524590163934427,0.36118413532975197
0.13542409123307197,0.36118413532975197
0.13542409123307197,0.3616413304377643
0.13551318602993584,0.3616413304377643
0.13551318602993584,0.36198422676877356
0.1356022808267997,0.36198422676877356
0.1356022808267997,0.36221282432277974
0.1358695652173913,0.36221282432277974
0.1358695652173913,0.36278431820779516
0.13595866001425516,0.36278431820779516
0.13595866001425516,0.36358440964681676
0.13604775481111903,0.36358440964681676
0.13604775481111903,0.363927305977826
0.1361368496079829,0.363927305977826
0.1361368496079829,0.3640416047548291
0.13640413399857448,0.3640416047548291
0.13640413399857448,0.3642702023088353
0.13676051318602994,0.3642702023088353
0.13676051318602994,0.36449879986284145
0.1368496079828938,0.36449879986284145
0.1368496079828938,0.3650702937478569
0.13693870277975767,0.3650702937478569
0.13693870277975767,0.36529889130186305
0.13720598717034926,0.36529889130186305
0.13720598717034926,0.36541319007886613
0.13738417676407697,0.36541319007886613
0.13738417676407697,0.3657560864098754
0.13747327156094083,0.3657560864098754
0.13747327156094083,0.3664418790718939
0.13791874554526015,0.3664418790718939
0.13791874554526015,0.36827065950394333
0.13836421952957947,0.36827065950394333
0.13836421952957947,0.3683849582809464
0.13863150392017107,0.3683849582809464
0.13863150392017107,0.36884215338895876
0.1388096935138988,0.36884215338895876
0.1388096935138988,0.36975654360498345
0.13889878831076266,0.36975654360498345
0.13889878831076266,0.3707852325980112
0.13898788310762653,0.3707852325980112
0.13898788310762653,0.3708995313750143
0.1390769779044904,0.3708995313750143
0.1390769779044904,0.3710138301520174
0.13934426229508196,0.3710138301520174
0.13934426229508196,0.3711281289290205
0.13943335709194582,0.37124242770602356
0.13943335709194582,0.3716996228140359
0.13952245188880968,0.3716996228140359
0.13952245188880968,0.371813921591039
0.1397006414825374,0.371813921591039
0.1397006414825374,0.3719282203680421
0.13978973627940128,0.3719282203680421
0.13978973627940128,0.37215681792204824
0.13987883107626514,0.37215681792204824
0.13987883107626514,0.37284261058406676
0.14005702066999287,0.37284261058406676
0.14005702066999287,0.37295690936106984
0.14014611546685674,0.37295690936106984
0.14014611546685674,0.37307120813807293
0.14032430506058446,0.37307120813807293
0.14032430506058446,0.3732998056920791
0.14068068424803992,0.3732998056920791
0.14068068424803992,0.37364270202308836
0.1407697790449038,0.37364270202308836
0.1407697790449038,0.3739855983540976
0.14085887384176765,0.3739855983540976
0.14085887384176765,0.37432849468510687
0.14112615823235922,0.37432849468510687
0.14112615823235922,0.37444279346210996
0.14121525302922308,0.37444279346210996
0.14121525302922308,0.37455709223911304
0.14130434782608695,0.37455709223911304
0.14130434782608695,0.37467139101611613
0.1413934426229508,0.37467139101611613
0.1413934426229508,0.3747856897931192
0.1416607270135424,0.3747856897931192
0.1416607270135424,0.3748999885701223
0.14201710620099786,0.3748999885701223
0.14201710620099786,0.3750142873471254
0.1421952957947256,0.3750142873471254
0.1421952957947256,0.37524288490113156
0.14228439059158945,0.37524288490113156
0.14228439059158945,0.3755857812321408
0.14237348538845332,0.3755857812321408
0.14237348538845332,0.3757000800091439
0.14246258018531718,0.3757000800091439
0.14246258018531718,0.375814378786147
0.14255167498218105,0.375814378786147
0.14255167498218105,0.3765001714481655
0.1426407697790449,0.3765001714481655
0.1426407697790449,0.37695736655617784
0.14281895937277264,0.37695736655617784
0.14281895937277264,0.3770716653331809
0.1429080541696365,0.3770716653331809
0.1429080541696365,0.377185964110184
0.14317533856022807,0.377185964110184
0.14317533856022807,0.37844325065721796
0.14326443335709194,0.37855754943422104
0.14344262295081966,0.37855754943422104
0.14344262295081966,0.3795862384272488
0.14353171774768353,0.3795862384272488
0.14353171774768353,0.379814835981255
0.14370990734141126,0.379814835981255
0.14370990734141126,0.38015773231226424
0.14379900213827512,0.38015773231226424
0.14379900213827512,0.3805006286432735
0.143888096935139,0.3805006286432735
0.143888096935139,0.3806149274202766
0.14406628652886672,0.3806149274202766
0.14406628652886672,0.38072922619727967
0.14415538132573058,0.38072922619727967
0.14415538132573058,0.38084352497428275
0.14442266571632217,0.38084352497428275
0.14442266571632217,0.38095782375128584
0.14477904490377763,0.38095782375128584
0.14477904490377763,0.3810721225282889
0.14495723449750533,0.3810721225282889
0.14495723449750533,0.381186421305292
0.1450463292943692,0.381186421305292
0.1450463292943692,0.3813007200822951
0.14549180327868852,0.3813007200822951
0.14549180327868852,0.3818722139673105
0.1457590876692801,0.3818722139673105
0.1457590876692801,0.3822151102983198
0.14584818246614398,0.3822151102983198
0.14584818246614398,0.3827866041833352
0.14593727726300784,0.3827866041833352
0.14593727726300784,0.3833580980683507
0.14638275124732716,0.3833580980683507
0.14638275124732716,0.3834723968453538
0.1465609408410549,0.3834723968453538
0.1465609408410549,0.3841581895073723
0.14682822523164646,0.3841581895073723
0.14682822523164646,0.3842724882843754
0.14691732002851032,0.3842724882843754
0.14691732002851032,0.38450108583838155
0.14709550962223805,0.38450108583838155
0.14709550962223805,0.38461538461538464
0.14727369921596578,0.38461538461538464
0.14727369921596578,0.3847296833923877
0.14736279401282965,0.3847296833923877
0.14736279401282965,0.385072579723397
0.1477191732002851,0.385072579723397
0.1477191732002851,0.38518687850040007
0.14780826799714897,0.38518687850040007
0.14780826799714897,0.38541547605440624
0.14789736279401283,0.38541547605440624
0.14789736279401283,0.3855297748314093
0.1482537419814683,0.3855297748314093
0.1482537419814683,0.3856440736084124
0.14843193157519602,0.3856440736084124
0.14843193157519602,0.3857583723854155
0.14852102637205988,0.3857583723854155
0.14852102637205988,0.38621556749342784
0.14861012116892375,0.38621556749342784
0.14861012116892375,0.386444165047434
0.14869921596578758,0.386444165047434
0.14869921596578758,0.3865584638244371
0.14896650035637918,0.3865584638244371
0.14896650035637918,0.38701565893244944
0.1491446899501069,0.38701565893244944
0.1491446899501069,0.3871299577094525
0.14923378474697077,0.3871299577094525
0.14923378474697077,0.3872442564864556
0.14932287954383464,0.3872442564864556
0.14932287954383464,0.3873585552634587
0.14950106913756236,0.3873585552634587
0.14950106913756236,0.38758715281746486
0.1496792587312901,0.38758715281746486
0.1496792587312901,0.3880443479254772
0.14976835352815396,0.3880443479254772
0.14976835352815396,0.3881586467024803
0.1499465431218817,0.3881586467024803
0.1499465431218817,0.3882729454794834
0.15003563791874555,0.3882729454794834
0.15003563791874555,0.38838724425648646
0.15012473271560942,0.38838724425648646
0.15012473271560942,0.38850154303348955
0.150392017106201,0.38850154303348955
0.150392017106201,0.3887301405874957
0.15048111190306487,0.3887301405874957
0.15048111190306487,0.3888444393644988
0.1505702066999287,0.3888444393644988
0.1505702066999287,0.38918733569550806
0.15065930149679257,0.38918733569550806
0.15065930149679257,0.39021602468853583
0.15074839629365644,0.39021602468853583
0.15074839629365644,0.390444622242542
0.1508374910905203,0.390444622242542
0.1508374910905203,0.39078751857355126
0.15128296507483963,0.39078751857355126
0.15128296507483963,0.39090181735055435
0.15146115466856735,0.39090181735055435
0.15146115466856735,0.39101611612755743
0.15163934426229508,0.39101611612755743
0.15163934426229508,0.3911304149045605
0.1518175338560228,0.3911304149045605
0.1518175338560228,0.3914733112355698
0.15190662865288668,0.3914733112355698
0.15190662865288668,0.39170190878957595
0.15217391304347827,0.39170190878957595
0.15217391304347827,0.3919305063435821
0.15261938702779757,0.3919305063435821
0.15261938702779757,0.3920448051205852
0.15288667141838916,0.3920448051205852
0.15288667141838916,0.3921591038975883
0.15297576621525302,0.3921591038975883
0.15297576621525302,0.3922734026745914
0.15324305060584462,0.3922734026745914
0.15324305060584462,0.39261629900560063
0.15333214540270848,0.39261629900560063
0.15333214540270848,0.3928448965596068
0.1535103349964362,0.3928448965596068
0.1535103349964362,0.393073494113613
0.15359942979330007,0.393073494113613
0.15359942979330007,0.3936449879986284
0.1537776193870278,0.3936449879986284
0.1537776193870278,0.3938735855526346
0.15386671418389167,0.3938735855526346
0.15386671418389167,0.39410218310664075
0.15395580898075553,0.39410218310664075
0.15395580898075553,0.39444507943765
0.1544903777619387,0.39444507943765
0.1544903777619387,0.3945593782146531
0.15457947255880256,0.3945593782146531
0.15457947255880256,0.3946736769916562
0.15466856735566642,0.3946736769916562
0.15466856735566642,0.39490227454566235
0.15475766215253028,0.39490227454566235
0.15475766215253028,0.39501657332266543
0.15484675694939415,0.39501657332266543
0.15484675694939415,0.3953594696536747
0.154935851746258,0.3953594696536747
0.154935851746258,0.3954737684306778
0.15502494654312188,0.3954737684306778
0.15502494654312188,0.39558806720768086
0.1552031361368496,0.39558806720768086
0.1552031361368496,0.39581666476168703
0.15529223093371347,0.39581666476168703
0.15529223093371347,0.3959309635386901
0.15538132573057734,0.3959309635386901
0.15538132573057734,0.39638815864670246
0.1554704205274412,0.39638815864670246
0.1554704205274412,0.39650245742370555
0.15564861012116893,0.39650245742370555
0.15564861012116893,0.3967310549777117
0.1557377049180328,0.3967310549777117
0.1557377049180328,0.3969596525317179
0.15582679971489666,0.3969596525317179
0.15582679971489666,0.397073951308721
0.15591589451176052,0.397073951308721
0.15591589451176052,0.39718825008572406
0.1560049893086244,0.39718825008572406
0.1560049893086244,0.39730254886272715
0.15618317890235212,0.39730254886272715
0.15618317890235212,0.3975311464167333
0.15627227369921595,0.3975311464167333
0.15627227369921595,0.3976454451937364
0.15645046329294368,0.3976454451937364
0.15645046329294368,0.3977597439707395
0.1566286528866714,0.3977597439707395
0.1566286528866714,0.39821693907875183
0.15680684248039914,0.39821693907875183
0.15680684248039914,0.39844553663275806
0.156895937277263,0.39844553663275806
0.156895937277263,0.3987884329637673
0.1571632216678546,0.3987884329637673
0.1571632216678546,0.39947422562578583
0.15725231646471846,0.39947422562578583
0.15725231646471846,0.3995885244027889
0.15751960085531005,0.3995885244027889
0.15751960085531005,0.3998171219567951
0.15760869565217392,0.3998171219567951
0.15760869565217392,0.40027431706480743
0.15778688524590165,0.40027431706480743
0.15778688524590165,0.4003886158418105
0.15805416963649324,0.4003886158418105
0.15805416963649324,0.4006172133958167
0.15823235923022094,0.4006172133958167
0.15823235923022094,0.40073151217281977
0.1583214540270848,0.40073151217281977
0.1583214540270848,0.4011887072808321
0.15841054882394867,0.4011887072808321
0.15841054882394867,0.4013030060578352
0.15849964362081254,0.4013030060578352
0.15849964362081254,0.40164590238884446
0.1585887384176764,0.40164590238884446
0.1585887384176764,0.40176020116584754
0.15867783321454026,0.40176020116584754
0.15867783321454026,0.4022173962738599
0.15876692801140413,0.4022173962738599
0.15876692801140413,0.40244599382786606
0.15903421240199572,0.40244599382786606
0.15903421240199572,0.4026745913818722
0.15921240199572345,0.4026745913818722
0.15921240199572345,0.4027888901588753
0.15930149679258732,0.4027888901588753
0.15930149679258732,0.4029031889358784
0.15947968638631504,0.4029031889358784
0.15947968638631504,0.4030174877128815
0.1598360655737705,0.4030174877128815
0.1598360655737705,0.40336038404389074
0.16010334996436207,0.40336038404389074
0.16010334996436207,0.4035889815978969
0.16019244476122593,0.4035889815978969
0.16019244476122593,0.4038175791519031
0.16045972915181753,0.4038175791519031
0.16045972915181753,0.40393187792890617
0.1605488239486814,0.40393187792890617
0.1605488239486814,0.40404617670590925
0.16090520313613685,0.40404617670590925
0.16090520313613685,0.4043890730369185
0.16108339272986458,0.4043890730369185
0.16108339272986458,0.40484626814493085
0.16117248752672844,0.40484626814493085
0.16117248752672844,0.405074865698937
0.1612615823235923,0.405074865698937
0.1612615823235923,0.40553206080694937
0.16135067712045617,0.40553206080694937
0.16135067712045617,0.4061035546919648
0.16161796151104776,0.4061035546919648
0.16161796151104776,0.4062178534689679
0.16170705630791163,0.4062178534689679
0.16170705630791163,0.40644645102297405
0.1617961511047755,0.40644645102297405
0.1617961511047755,0.4066750485769802
0.1622416250890948,0.4066750485769802
0.1622416250890948,0.4070179449079895
0.16233071988595865,0.4070179449079895
0.16233071988595865,0.40713224368499257
0.16241981468282252,0.40713224368499257
0.16241981468282252,0.40736084123899874
0.16250890947968638,0.40736084123899874
0.16250890947968638,0.4074751400160018
0.16304347826086957,0.4074751400160018
0.16304347826086957,0.40804663390101725
0.16375623663578048,0.40804663390101725
0.16375623663578048,0.40816093267802034
0.16384533143264432,0.40816093267802034
0.16384533143264432,0.40896102411704194
0.1641126158232359,0.40896102411704194
0.1641126158232359,0.409075322894045
0.1643799002138275,0.409075322894045
0.1643799002138275,0.4091896216710481
0.16446899501069137,0.4091896216710481
0.16446899501069137,0.4094182192250543
0.16473627940128296,0.4094182192250543
0.16473627940128296,0.40953251800205737
0.16482537419814683,0.40953251800205737
0.16482537419814683,0.40964681677906045
0.1649144689950107,0.40964681677906045
0.1649144689950107,0.4098754143330666
0.16509265858873842,0.4098754143330666
0.16509265858873842,0.4101040118870728
0.16544903777619388,0.4101040118870728
0.16544903777619388,0.4102183106640759
0.1656272273699216,0.4102183106640759
0.1656272273699216,0.41044690821808205
0.16571632216678547,0.41044690821808205
0.16571632216678547,0.4106755057720882
0.1658054169636493,0.4106755057720882
0.1658054169636493,0.4107898045490913
0.16589451176051317,0.4107898045490913
0.16589451176051317,0.4109041033260944
0.16598360655737704,0.4109041033260944
0.16598360655737704,0.41113270088010057
0.16616179615110477,0.41113270088010057
0.16616179615110477,0.411704194765116
0.1663399857448325,0.411704194765116
0.1663399857448325,0.4118184935421191
0.16642908054169636,0.4118184935421191
0.16642908054169636,0.41193279231912217
0.16651817533856023,0.41193279231912217
0.16651817533856023,0.41216138987312834
0.16669636493228795,0.41216138987312834
0.16669636493228795,0.4123899874271345
0.16678545972915182,0.4123899874271345
0.16678545972915182,0.4125042862041376
0.16696364932287955,0.4125042862041376
0.16696364932287955,0.4126185849811407
0.1670527441197434,0.4126185849811407
0.1670527441197434,0.413075780089153
0.16723093371347114,0.413075780089153
0.16723093371347114,0.41364727397416845
0.16740912330719887,0.41364727397416845
0.16740912330719887,0.4145616641901932
0.16749821810406273,0.4145616641901932
0.16749821810406273,0.41501885929820553
0.1675873129009266,0.41501885929820553
0.1675873129009266,0.4151331580752086
0.1677655024946543,0.4151331580752086
0.1677655024946543,0.41559035318322096
0.16794369208838203,0.41559035318322096
0.16794369208838203,0.41581895073722713
0.16812188168210976,0.41581895073722713
0.16812188168210976,0.4159332495142302
0.16838916607270135,0.4159332495142302
0.16838916607270135,0.4160475482912333
0.16847826086956522,0.4160475482912333
0.16847826086956522,0.4161618470682364
0.16856735566642908,0.4161618470682364
0.16856735566642908,0.41650474339924565
0.16865645046329295,0.41650474339924565
0.16865645046329295,0.41661904217624873
0.16883464005702067,0.41661904217624873
0.16883464005702067,0.4167333409532518
0.16910192444761227,0.4167333409532518
0.16910192444761227,0.416961938507258
0.16936920883820386,0.416961938507258
0.16936920883820386,0.41730483483826725
0.16945830363506773,0.41730483483826725
0.16945830363506773,0.4176477311692765
0.16954739843193156,0.4176477311692765
0.16954739843193156,0.41799062750028576
0.16981468282252316,0.41799062750028576
0.16981468282252316,0.41810492627728885
0.16990377761938702,0.41810492627728885
0.16990377761938702,0.418333523831295
0.16999287241625088,0.418333523831295
0.16999287241625088,0.41890501771631045
0.17008196721311475,0.41890501771631045
0.17008196721311475,0.41901931649331353
0.17034925160370634,0.41901931649331353
0.17034925160370634,0.4191336152703166
0.17061653599429794,0.4191336152703166
0.17061653599429794,0.4193622128243228
0.17115110477548112,0.4193622128243228
0.17115110477548112,0.41959081037832896
0.1714183891660727,0.41959081037832896
0.1714183891660727,0.41970510915533205
0.17159657875980042,0.41970510915533205
0.17159657875980042,0.41981940793233513
0.17168567355666428,0.41981940793233513
0.17168567355666428,0.4200480054863413
0.17177476835352815,0.4200480054863413
0.17177476835352815,0.42050520059435365
0.1721311475409836,0.42050520059435365
0.1721311475409836,0.42061949937135673
0.17222024233784747,0.42061949937135673
0.17222024233784747,0.4207337981483598
0.17230933713471133,0.4207337981483598
0.17230933713471133,0.4208480969253629
0.17293300071275838,0.4208480969253629
0.17293300071275838,0.4210766944793691
0.1731111903064861,0.4210766944793691
0.1731111903064861,0.42119099325637216
0.17337847469707768,0.42119099325637216
0.17337847469707768,0.42141959081037833
0.17346756949394154,0.42141959081037833
0.17346756949394154,0.4215338895873814
0.1735566642908054,0.4215338895873814
0.1735566642908054,0.4218767859183907
0.17391304347826086,0.4218767859183907
0.17391304347826086,0.42210538347239684
0.17400213827512473,0.42210538347239684
0.17400213827512473,0.42221968224939993
0.1740912330719886,0.42221968224939993
0.1740912330719886,0.42279117613441536
0.17418032786885246,0.42279117613441536
0.17418032786885246,0.4234769687964339
0.17426942266571632,0.4234769687964339
0.17426942266571632,0.4248485541204709
0.1743585174625802,0.4248485541204709
0.1743585174625802,0.42519145045148016
0.17444761225944405,0.42519145045148016
0.17444761225944405,0.42542004800548633
0.17453670705630792,0.42542004800548633
0.17453670705630792,0.4255343467824894
0.17489308624376337,0.4255343467824894
0.17489308624376337,0.4257629443364956
0.1750712758374911,0.4257629443364956
0.1750712758374911,0.42587724311349867
0.1752494654312188,0.42587724311349867
0.1752494654312188,0.42599154189050176
0.17533856022808267,0.42599154189050176
0.17533856022808267,0.4264487369985141
0.17542765502494653,0.4264487369985141
0.17542765502494653,0.4265630357755172
0.17560584461867426,0.4265630357755172
0.17560584461867426,0.42667733455252027
0.17569493941553813,0.42667733455252027
0.17569493941553813,0.42679163332952336
0.17587312900926586,0.42679163332952336
0.17587312900926586,0.42690593210652644
0.17596222380612972,0.42690593210652644
0.17596222380612972,0.42770602354554804
0.1762295081967213,0.42770602354554804
0.1762295081967213,0.4278203223225511
0.17640769779044904,0.4278203223225511
0.17640769779044904,0.42827751743056347
0.17667498218104064,0.42827751743056347
0.17667498218104064,0.42850611498456964
0.1767640769779045,0.42850611498456964
0.1767640769779045,0.4287347125385758
0.17685317177476836,0.4287347125385758
0.17685317177476836,0.428963310092582
0.1770313613684961,0.428963310092582
0.1770313613684961,0.42907760886958507
0.1772095509622238,0.42907760886958507
0.1772095509622238,0.42930620642359124
0.17729864575908766,0.42930620642359124
0.17729864575908766,0.4295348039775974
0.17756593014967925,0.4295348039775974
0.17756593014967925,0.4296491027546005
0.17810049893086244,0.4296491027546005
0.17810049893086244,0.42976340153160364
0.1781895937277263,0.42976340153160364
0.1781895937277263,0.4298777003086067
0.17827868852459017,0.4298777003086067
0.17827868852459017,0.4299919990856098
0.1784568781183179,0.4299919990856098
0.1784568781183179,0.43033489541661907
0.17863506771204563,0.43033489541661907
0.17863506771204563,0.4307920905246314
0.17881325730577335,0.4307920905246314
0.17881325730577335,0.4309063893016345
0.17890235210263722,0.4309063893016345
0.17890235210263722,0.4310206880786376
0.17899144689950106,0.4310206880786376
0.17899144689950106,0.43124928563264375
0.17908054169636492,0.43124928563264375
0.17908054169636492,0.43136358440964684
0.17925873129009265,0.43136358440964684
0.17925873129009265,0.4317064807406561
0.1793478260869565,0.4317064807406561
0.1793478260869565,0.4318207795176592
0.17943692088382038,0.4318207795176592
0.17943692088382038,0.43204937707166535
0.17952601568068424,0.43204937707166535
0.17952601568068424,0.4323922734026746
0.17970420527441197,0.4323922734026746
0.17970420527441197,0.4325065721796777
0.1798823948681397,0.4325065721796777
0.1798823948681397,0.4326208709566808
0.17997148966500356,0.4326208709566808
0.17997148966500356,0.43273516973368387
0.18006058446186743,0.43273516973368387
0.18006058446186743,0.43284946851068695
0.18023877405559516,0.43284946851068695
0.18023877405559516,0.43353526117270547
0.18050605844618675,0.43353526117270547
0.18050605844618675,0.43376385872671164
0.18059515324305062,0.43376385872671164
0.18059515324305062,0.4339924562807178
0.18068424803991448,0.4339924562807178
0.18068424803991448,0.43433535261172707
0.18077334283677834,0.43433535261172707
0.18077334283677834,0.4347925477197394
0.1810406272273699,0.4347925477197394
0.1810406272273699,0.4349068464967425
0.18112972202423377,0.4349068464967425
0.18112972202423377,0.43524974282775175
0.1813079116179615,0.43524974282775175
0.1813079116179615,0.43536404160475484
0.18139700641482537,0.43536404160475484
0.18139700641482537,0.4354783403817579
0.1815751960085531,0.4354783403817579
0.1815751960085531,0.435592639158761
0.18166429080541696,0.435592639158761
0.18166429080541696,0.4358212367127672
0.18202066999287242,0.4358212367127672
0.18202066999287242,0.43593553548977027
0.18219885958660015,0.43593553548977027
0.18219885958660015,0.43604983426677335
0.182287954383464,0.43604983426677335
0.182287954383464,0.4362784318207795
0.18273342836778333,0.4362784318207795
0.18273342836778333,0.4366213281517888
0.18282252316464717,0.4366213281517888
0.18282252316464717,0.43684992570579495
0.1830007127583749,0.43684992570579495
0.1830007127583749,0.4371928220368042
0.18308980755523876,0.4371928220368042
0.18308980755523876,0.4373071208138073
0.18317890235210263,0.4373071208138073
0.18317890235210263,0.4374214195908104
0.1832679971489665,0.4374214195908104
0.1832679971489665,0.43753571836781346
0.18380256593014968,0.43753571836781346
0.18380256593014968,0.4379929134758258
0.18389166072701355,0.4379929134758258
0.18389166072701355,0.438221511029832
0.18406985032074127,0.438221511029832
0.18406985032074127,0.43833580980683506
0.18415894511760514,0.43833580980683506
0.18415894511760514,0.43856440736084124
0.18460441910192446,0.43856440736084124
0.18460441910192446,0.4389073036918505
0.1846935138987883,0.4389073036918505
0.1846935138987883,0.43913590124585666
0.18478260869565216,0.43913590124585666
0.18478260869565216,0.43925020002285975
0.18522808267997148,0.43925020002285975
0.18522808267997148,0.43936449879986283
0.18531717747683535,0.43936449879986283
0.18531717747683535,0.4394787975768659
0.18558446186742694,0.4394787975768659
0.18558446186742694,0.439593096353869
0.1856735566642908,0.439593096353869
0.1856735566642908,0.4397073951308721
0.18576265146115467,0.4397073951308721
0.18576265146115467,0.4398216939078752
0.1859408410548824,0.4398216939078752
0.1859408410548824,0.44085038290090295
0.186208125445474,0.44085038290090295
0.186208125445474,0.44096468167790603
0.1866535994297933,0.44096468167790603
0.1866535994297933,0.4410789804549091
0.18674269422665715,0.4410789804549091
0.18674269422665715,0.4411932792319122
0.1870990734141126,0.4411932792319122
0.1870990734141126,0.44176477311692763
0.1873663578047042,0.44176477311692763
0.1873663578047042,0.4418790718939307
0.18772273699215966,0.4418790718939307
0.18772273699215966,0.4421076694479369
0.18781183178902353,0.4421076694479369
0.18781183178902353,0.44233626700194306
0.1879009265858874,0.44233626700194306
0.1879009265858874,0.4429077608869585
0.18799002138275125,0.4429077608869585
0.18799002138275125,0.44313635844096466
0.18807911617961512,0.44313635844096466
0.18807911617961512,0.44336495599497083
0.18816821097647898,0.44336495599497083
0.18816821097647898,0.44393644987998626
0.18825730577334285,0.44393644987998626
0.18825730577334285,0.44405074865698935
0.188791874554526,0.44405074865698935
0.188791874554526,0.4445079437650017
0.18888096935138987,0.4445079437650017
0.18888096935138987,0.44485084009601095
0.1890591589451176,0.44485084009601095
0.1890591589451176,0.44496513887301403
0.18914825374198146,0.44496513887301403
0.18914825374198146,0.4451937364270202
0.18923734853884533,0.4451937364270202
0.18923734853884533,0.4455366327580295
0.18977191732002852,0.4455366327580295
0.18977191732002852,0.4456509315350326
0.18986101211689238,0.4456509315350326
0.18986101211689238,0.4457652303120357
0.1900392017106201,0.4457652303120357
0.1900392017106201,0.44622242542004803
0.19021739130434784,0.44622242542004803
0.19021739130434784,0.4464510229740542
0.1903064861012117,0.4464510229740542
0.1903064861012117,0.4465653217510573
0.19039558089807554,0.4465653217510573
0.19039558089807554,0.4472511144130758
0.1904846756949394,0.4472511144130758
0.1904846756949394,0.4473654131900789
0.19057377049180327,0.4473654131900789
0.19057377049180327,0.4479369070750943
0.19066286528866713,0.4479369070750943
0.19066286528866713,0.44850840096010974
0.19093014967925873,0.44850840096010974
0.19093014967925873,0.44862269973711283
0.1910192444761226,0.44862269973711283
0.1910192444761226,0.448851297291119
0.19128652886671418,0.448851297291119
0.19128652886671418,0.4497656875071437
0.19137562366357805,0.4497656875071437
0.19137562366357805,0.44987998628414677
0.19164290805416964,0.44987998628414677
0.19164290805416964,0.44999428506114986
0.1919992872416251,0.44999428506114986
0.1919992872416251,0.4505657789461653
0.19217747683535283,0.4505657789461653
0.19217747683535283,0.45068007772316837
0.19235566642908053,0.45068007772316837
0.19235566642908053,0.45090867527717454
0.19253385602280826,0.45090867527717454
0.19253385602280826,0.45102297405417763
0.19262295081967212,0.45102297405417763
0.19262295081967212,0.4511372728311807
0.192712045616536,0.4511372728311807
0.192712045616536,0.45159446793919306
0.19280114041339985,0.45159446793919306
0.19280114041339985,0.45250885815521774
0.19306842480399145,0.45250885815521774
0.19306842480399145,0.4526231569322208
0.19333570919458304,0.4526231569322208
0.19333570919458304,0.4527374557092239
0.1934248039914469,0.4527374557092239
0.1934248039914469,0.4529660532632301
0.19351389878831077,0.4529660532632301
0.19351389878831077,0.45330894959423934
0.19360299358517463,0.45330894959423934
0.19360299358517463,0.45388044347925477
0.1936920883820385,0.45388044347925477
0.1936920883820385,0.454223339810264
0.19387027797576623,0.454223339810264
0.19387027797576623,0.4543376385872671
0.1939593727726301,0.4543376385872671
0.1939593727726301,0.4544519373642702
0.19422665716322166,0.4544519373642702
0.19422665716322166,0.4550234312492856
0.19431575196008552,0.4550234312492856
0.19431575196008552,0.4551377300262887
0.19440484675694938,0.4551377300262887
0.19440484675694938,0.4553663275802949
0.19449394155381325,0.4553663275802949
0.19449394155381325,0.45548062635729797
0.1945830363506771,0.45548062635729797
0.1945830363506771,0.4561664190193165
0.19476122594440484,0.4561664190193165
0.19476122594440484,0.45628071779631957
0.19493941553813257,0.45628071779631957
0.19493941553813257,0.45639501657332265
0.19502851033499644,0.45639501657332265
0.19502851033499644,0.45650931535032574
0.19547398431931576,0.45650931535032574
0.19547398431931576,0.4566236141273288
0.19574126870990735,0.4566236141273288
0.19574126870990735,0.456852211681335
0.19591945830363508,0.456852211681335
0.19591945830363508,0.4569665104583381
0.19636493228795437,0.4569665104583381
0.19636493228795437,0.45708080923534117
0.1965431218816821,0.45708080923534117
0.1965431218816821,0.4574237055663504
0.19663221667854597,0.4574237055663504
0.19663221667854597,0.4575380043433535
0.19689950106913756,0.4575380043433535
0.19689950106913756,0.4577666018973597
0.19698859586600143,0.4577666018973597
0.19698859586600143,0.45788090067436277
0.19725588025659302,0.45788090067436277
0.19725588025659302,0.458223797005372
0.1975231646471846,0.458223797005372
0.1975231646471846,0.4583380957823751
0.19770135424091234,0.4583380957823751
0.19770135424091234,0.45890958966739054
0.1977904490377762,0.45890958966739054
0.1977904490377762,0.4592524859983998
0.19787954383464007,0.4592524859983998
0.19787954383464007,0.45948108355240597
0.19805773342836777,0.45948108355240597
0.19805773342836777,0.4598239798834152
0.1982359230220955,0.4598239798834152
0.1982359230220955,0.46039547376843065
0.19841411261582323,0.46039547376843065
0.19841411261582323,0.46050977254543374
0.19868139700641482,0.46050977254543374
0.19868139700641482,0.4606240713224368
0.1987704918032787,0.4606240713224368
0.1987704918032787,0.4607383700994399
0.19903777619387028,0.4607383700994399
0.19903777619387028,0.46096696765344614
0.19912687099073414,0.46096696765344614
0.19912687099073414,0.4611955652074523
0.199215965787598,0.4611955652074523
0.199215965787598,0.4614241627614585
0.19939415538132574,0.4614241627614585
0.19939415538132574,0.462109955423477
0.19957234497505347,0.462109955423477
0.19957234497505347,0.46233855297748316
0.19983962936564503,0.46233855297748316
0.19983962936564503,0.46245285175448625
0.20028510334996436,0.46245285175448625
0.20028510334996436,0.46256715053148934
0.20046329294369208,0.46256715053148934
0.20046329294369208,0.4626814493084924
0.2006414825374198,0.4626814493084924
0.2006414825374198,0.4627957480854955
0.20081967213114754,0.4627957480854955
0.20081967213114754,0.4630243456395017
0.2009087669280114,0.4630243456395017
0.2009087669280114,0.4635958395245171
0.20108695652173914,0.4635958395245171
0.20108695652173914,0.4637101383015202
0.201176051318603,0.4637101383015202
0.201176051318603,0.46393873585552636
0.20126514611546686,0.46393873585552636
0.20126514611546686,0.46405303463252945
0.2014433357091946,0.46405303463252945
0.2014433357091946,0.4642816321865356
0.20153243050605846,0.4642816321865356
0.20153243050605846,0.4645102297405418
0.20179971489665002,0.4645102297405418
0.20179971489665002,0.4650817236255572
0.20206699928724162,0.4650817236255572
0.20206699928724162,0.4651960224025603
0.20224518888096935,0.4651960224025603
0.20224518888096935,0.4653103211795634
0.20242337847469707,0.4653103211795634
0.20242337847469707,0.4654246199565665
0.2026015680684248,0.4654246199565665
0.2026015680684248,0.4659961138415819
0.2028688524590164,0.4659961138415819
0.20304704205274413,0.4659961138415819
0.203136136849608,0.4659961138415819
0.203136136849608,0.466110412618585
0.20322523164647185,0.466110412618585
0.20322523164647185,0.4662247113955881
0.20367070563079115,0.4662247113955881
0.20367070563079115,0.46633901017259116
0.20447255880256593,0.46633901017259116
0.20447255880256593,0.46656760772659733
0.20465074839629366,0.46656760772659733
0.20465074839629366,0.4666819065036004
0.20473984319315752,0.4666819065036004
0.20473984319315752,0.4667962052806035
0.2048289379900214,0.4667962052806035
0.2048289379900214,0.46713910161161276
0.20518531717747684,0.46713910161161276
0.20518531717747684,0.46725340038861585
0.20545260156806844,0.46725340038861585
0.20545260156806844,0.46736769916561893
0.20554169636493227,0.46736769916561893
0.20554169636493227,0.4677105954966282
0.20563079116179614,0.4677105954966282
0.20563079116179614,0.4678248942736313
0.20571988595866,0.4678248942736313
0.20571988595866,0.46793919305063436
0.20580898075552387,0.46793919305063436
0.20580898075552387,0.4683963881586467
0.20607626514611546,0.4683963881586467
0.20607626514611546,0.4690821808206652
0.20705630791161797,0.4690821808206652
0.20705630791161797,0.4693107783746714
0.20714540270848184,0.4693107783746714
0.20714540270848184,0.4694250771516745
0.2074126870990734,0.4694250771516745
0.2074126870990734,0.46953937592867756
0.20750178189593727,0.46953937592867756
0.20750178189593727,0.46976797348268373
0.20759087669280113,0.46976797348268373
0.20759087669280113,0.4699965710366899
0.207679971489665,0.4699965710366899
0.207679971489665,0.4702251685906961
0.20830363506771205,0.4702251685906961
0.20830363506771205,0.47033946736769916
0.2083927298645759,0.47033946736769916
0.2083927298645759,0.47056806492170533
0.20848182466143977,0.47056806492170533
0.20848182466143977,0.4707966624757115
0.20857091945830364,0.4707966624757115
0.20857091945830364,0.4709109612527146
0.2086600142551675,0.4709109612527146
0.2086600142551675,0.4710252600297177
0.20874910905203137,0.4710252600297177
0.20874910905203137,0.47125385758372385
0.20883820384889523,0.47125385758372385
0.20883820384889523,0.47148245513773
0.20928367783321453,0.47148245513773
0.20928367783321453,0.4718253514687393
0.20955096222380612,0.4718253514687393
0.20955096222380612,0.47193965024574236
0.20972915181753385,0.47193965024574236
0.20972915181753385,0.47216824779974853
0.2098182466143977,0.47216824779974853
0.2098182466143977,0.4725111441307578
0.2100855310049893,0.4725111441307578
0.2100855310049893,0.47273974168476396
0.21026372059871704,0.47273974168476396
0.21026372059871704,0.4730826380157732
0.2103528153955809,0.4730826380157732
0.2103528153955809,0.47353983312378556
0.21044191019244476,0.47353983312378556
0.21044191019244476,0.47376843067779173
0.21053100498930863,0.47376843067779173
0.21053100498930863,0.4739970282317979
0.21106557377049182,0.4739970282317979
0.21106557377049182,0.47433992456280716
0.21133285816108338,0.47433992456280716
0.21133285816108338,0.47456852211681333
0.21142195295794725,0.47456852211681333
0.21142195295794725,0.4746828208938164
0.21168923734853884,0.4746828208938164
0.21168923734853884,0.4747971196708195
0.21213471133285816,0.4747971196708195
0.21213471133285816,0.47502571722482567
0.2123129009265859,0.47502571722482567
0.2123129009265859,0.47514001600182876
0.21249109052031362,0.47514001600182876
0.21249109052031362,0.47536861355583493
0.21258018531717748,0.47536861355583493
0.21258018531717748,0.475482912332838
0.2127583749109052,0.475482912332838
0.2127583749109052,0.4755972111098411
0.21293656450463294,0.4755972111098411
0.21293656450463294,0.4757115098868442
0.21311475409836064,0.4757115098868442
0.21311475409836064,0.47605440621785344
0.2132038488952245,0.47605440621785344
0.2132038488952245,0.4762830037718596
0.21329294369208837,0.4762830037718596
0.21329294369208837,0.4763973025488627
0.2137384176764077,0.4763973025488627
0.2137384176764077,0.4765116013258658
0.21382751247327156,0.4765116013258658
0.21382751247327156,0.476740198879872
0.21409479686386315,0.476740198879872
0.21409479686386315,0.4769687964338782
0.21418389166072702,0.4769687964338782
0.21418389166072702,0.47708309521088127
0.21427298645759088,0.47708309521088127
0.21427298645759088,0.4774259915418905
0.2144511760513186,0.4774259915418905
0.2144511760513186,0.4775402903188936
0.21454027084818247,0.4775402903188936
0.21454027084818247,0.4777688878728998
0.2147184604419102,0.4777688878728998
0.2147184604419102,0.47799748542690595
0.21498574483250177,0.47799748542690595
0.21498574483250177,0.47811178420390904
0.21507483962936563,0.47811178420390904
0.21507483962936563,0.4782260829809121
0.2151639344262295,0.4782260829809121
0.2151639344262295,0.4783403817579152
0.21534212401995723,0.4783403817579152
0.21534212401995723,0.4784546805349183
0.21552031361368496,0.4784546805349183
0.21552031361368496,0.4785689793119214
0.21605488239486814,0.4785689793119214
0.21605488239486814,0.47868327808892447
0.21632216678545974,0.47868327808892447
0.21632216678545974,0.47879757686592755
0.2164112615823236,0.47879757686592755
0.2164112615823236,0.47891187564293064
0.21676764076977906,0.47891187564293064
0.21676764076977906,0.4791404731969368
0.21748039914468995,0.4791404731969368
0.21748039914468995,0.479369070750943
0.2175694939415538,0.479369070750943
0.2175694939415538,0.47971196708195224
0.21765858873841767,0.47971196708195224
0.21765858873841767,0.4798262658589553
0.21774768353528154,0.4798262658589553
0.21774768353528154,0.4799405646359584
0.21792587312900927,0.4799405646359584
0.21792587312900927,0.4801691621899646
0.2183713471133286,0.4801691621899646
0.2183713471133286,0.48051205852097384
0.21881682109764788,0.48051205852097384
0.21881682109764788,0.48074065607498
0.21890591589451175,0.48074065607498
0.21890591589451175,0.48131214995999544
0.2189950106913756,0.48131214995999544
0.2189950106913756,0.4814264487369985
0.21908410548823948,0.4814264487369985
0.21908410548823948,0.4815407475140016
0.21917320028510334,0.4815407475140016
0.21917320028510334,0.48188364384501087
0.2192622950819672,0.48188364384501087
0.2192622950819672,0.48199794262201395
0.21935138987883107,0.48199794262201395
0.21935138987883107,0.48211224139901704
0.2195295794725588,0.48211224139901704
0.2195295794725588,0.48291233283803864
0.21961867426942266,0.48291233283803864
0.21961867426942266,0.4830266316150417
0.22015324305060585,0.4830266316150417
0.22015324305060585,0.4839410218310664
0.22024233784746972,0.4839410218310664
0.22024233784746972,0.4840553206080695
0.22033143264433358,0.4840553206080695
0.22033143264433358,0.4841696193850726
0.2205096222380613,0.4841696193850726
0.2205096222380613,0.484741113270088
0.220687811831789,0.484741113270088
0.220687811831789,0.48531260715510344
0.22086600142551674,0.48531260715510344
0.22086600142551674,0.4856555034861127
0.2209550962223806,0.4856555034861127
0.2209550962223806,0.4862269973711281
0.22113328581610833,0.4862269973711281
0.22113328581610833,0.4865698937021374
0.2214896650035638,0.4865698937021374
0.2214896650035638,0.48679849125614355
0.22175694939415538,0.48679849125614355
0.22175694939415538,0.48691279003314664
0.22184604419101925,0.48691279003314664
0.22184604419101925,0.4870270888101497
0.2219351389878831,0.4870270888101497
0.2219351389878831,0.4871413875871528
0.22211332858161084,0.4871413875871528
0.22211332858161084,0.4872556863641559
0.2222024233784747,0.4872556863641559
0.2222024233784747,0.4878271802491713
0.22238061297220243,0.4878271802491713
0.22238061297220243,0.4880557778031775
0.2224697077690663,0.4880557778031775
0.2224697077690663,0.48851297291118984
0.22255880256593014,0.48851297291118984
0.22255880256593014,0.488741570465196
0.2229151817533856,0.488741570465196
0.2229151817533856,0.4888558692421991
0.2231824661439772,0.4888558692421991
0.2231824661439772,0.48908446679620526
0.22336065573770492,0.48908446679620526
0.22336065573770492,0.48919876557320835
0.22344975053456878,0.48919876557320835
0.22344975053456878,0.48931306435021144
0.22353884533143265,0.48931306435021144
0.22353884533143265,0.4894273631272145
0.2238952245188881,0.4894273631272145
0.2238952245188881,0.4896559606812207
0.22398431931575197,0.4896559606812207
0.22398431931575197,0.4897702594582238
0.22407341411261583,0.4897702594582238
0.22407341411261583,0.48988455823522686
0.2241625089094797,0.48988455823522686
0.2241625089094797,0.48999885701222995
0.22425160370634356,0.48999885701222995
0.22425160370634356,0.4902274545662361
0.22434069850320743,0.4902274545662361
0.22434069850320743,0.4905703508972454
0.2244297933000713,0.4905703508972454
0.2244297933000713,0.49068464967424846
0.224607982893799,0.49068464967424846
0.224607982893799,0.49091324722825463
0.22469707769066286,0.49091324722825463
0.22469707769066286,0.4911418447822608
0.22487526728439058,0.4911418447822608
0.22487526728439058,0.49148474111327006
0.2253207412687099,0.49148474111327006
0.2253207412687099,0.4918276374442793
0.2255880256593015,0.4918276374442793
0.2255880256593015,0.4921705337752886
0.22576621525302923,0.4921705337752886
0.22576621525302923,0.4925134301062979
0.22594440484675696,0.4925134301062979
0.22594440484675696,0.49274202766030406
0.2261225944404847,0.49274202766030406
0.2261225944404847,0.4941136129843411
0.22621168923734855,0.4941136129843411
0.22621168923734855,0.4942279117613442
0.22638987883107625,0.4942279117613442
0.22638987883107625,0.49445650931535035
0.22656806842480398,0.49445650931535035
0.22656806842480398,0.4949137044233627
0.22665716322166785,0.4949137044233627
0.22665716322166785,0.49514230197736886
0.22683535281539557,0.49514230197736886
0.22683535281539557,0.4957137958623843
0.2270135424091233,0.4957137958623843
0.2270135424091233,0.4958280946393874
0.22710263720598717,0.4958280946393874
0.22710263720598717,0.49605669219339354
0.2272808267997149,0.49605669219339354
0.2272808267997149,0.49617099097039663
0.2275481111903065,0.49617099097039663
0.2275481111903065,0.4962852897473997
0.22763720598717035,0.4962852897473997
0.22763720598717035,0.4963995885244028
0.22772630078403422,0.4963995885244028
0.22772630078403422,0.49674248485541206
0.22781539558089808,0.49674248485541206
0.22781539558089808,0.4970853811864213
0.22790449037776195,0.4970853811864213
0.22790449037776195,0.4971996799634244
0.22826086956521738,0.4971996799634244
0.22826086956521738,0.4973139787404275
0.22852815395580897,0.4973139787404275
0.22852815395580897,0.4974282775174306
0.22861724875267284,0.4974282775174306
0.22861724875267284,0.49754257629443366
0.2287063435495367,0.49754257629443366
0.2287063435495367,0.49765687507143674
0.22879543834640056,0.49765687507143674
0.22879543834640056,0.49777117384843983
0.22888453314326443,0.49777117384843983
0.22888453314326443,0.4978854726254429
0.2289736279401283,0.4978854726254429
0.2289736279401283,0.497999771402446
0.22906272273699216,0.497999771402446
0.22906272273699216,0.4981140701794491
0.22915181753385602,0.4981140701794491
0.22915181753385602,0.49845696651045834
0.2296863863150392,0.49845696651045834
0.2296863863150392,0.49857126528746143
0.2299536707056308,0.49857126528746143
0.2299536707056308,0.4986855640644645
0.23004276550249467,0.4986855640644645
0.23004276550249467,0.4987998628414676
0.2301318602993585,0.4987998628414676
0.2301318602993585,0.4989141616184707
0.23057733428367783,0.4989141616184707
0.23057733428367783,0.49925705794947994
0.2306664290805417,0.49925705794947994
0.2306664290805417,0.49937135672648303
0.23093371347113328,0.49937135672648303
0.23093371347113328,0.4994856555034861
0.231111903064861,0.4994856555034861
0.231111903064861,0.4995999542804892
0.23120099786172488,0.4995999542804892
0.23120099786172488,0.49982855183449537
0.23155737704918034,0.49982855183449537
0.23155737704918034,0.49994285061149846
0.2316464718460442,0.49994285061149846
0.2316464718460442,0.5000571493885015
0.23173556664290806,0.5000571493885015
0.23173556664290806,0.500628643273517
0.2319137562366358,0.500628643273517
0.2319137562366358,0.5012001371585324
0.23200285103349966,0.5012001371585324
0.23200285103349966,0.5017716310435478
0.2320919458303635,0.5017716310435478
0.2320919458303635,0.5018859298205509
0.23227013542409122,0.5018859298205509
0.23227013542409122,0.5021145273745571
0.23289379900213827,0.5021145273745571
0.23289379900213827,0.5025717224825694
0.23298289379900214,0.5025717224825694
0.23298289379900214,0.5026860212595725
0.23325017818959373,0.5026860212595725
0.23325017818959373,0.5032575151445879
0.2333392729864576,0.5032575151445879
0.2333392729864576,0.5038290090296034
0.23342836778332146,0.5038290090296034
0.23342836778332146,0.5041719053606126
0.2336065573770492,0.5041719053606126
0.2336065573770492,0.5042862041376157
0.23369565217391305,0.5042862041376157
0.23369565217391305,0.5048576980226311
0.23440841054882394,0.5048576980226311
0.23440841054882394,0.5054291919076466
0.23467569493941554,0.5054291919076466
0.23467569493941554,0.5057720882386558
0.2347647897362794,0.5057720882386558
0.2347647897362794,0.5058863870156589
0.23512116892373486,0.5058863870156589
0.23512116892373486,0.506000685792662
0.23538845331432645,0.506000685792662
0.23538845331432645,0.5062292833466682
0.2357448325017819,0.5062292833466682
0.2357448325017819,0.5069150760086867
0.2359230220955096,0.5069150760086867
0.2359230220955096,0.5071436735626929
0.23610121168923734,0.5071436735626929
0.23610121168923734,0.5072579723396959
0.2361903064861012,0.5072579723396959
0.2361903064861012,0.5078294662247114
0.23636849607982893,0.5078294662247114
0.23636849607982893,0.5079437650017145
0.2364575908766928,0.5079437650017145
0.2364575908766928,0.5082866613327237
0.23654668567355666,0.5082866613327237
0.23654668567355666,0.508629557663733
0.23663578047042053,0.508629557663733
0.23663578047042053,0.5088581552177391
0.2367248752672844,0.5088581552177391
0.2367248752672844,0.5093153503257515
0.23681397006414825,0.5093153503257515
0.23681397006414825,0.5094296491027546
0.23699215965787598,0.5094296491027546
0.23699215965787598,0.5095439478797577
0.23725944404846758,0.5095439478797577
0.23725944404846758,0.5096582466567607
0.23734853884533144,0.5096582466567607
0.23734853884533144,0.5097725454337638
0.23761582323592303,0.5097725454337638
0.23761582323592303,0.5098868442107669
0.23770491803278687,0.5098868442107669
0.23770491803278687,0.51000114298777
0.23779401282965074,0.51000114298777
0.23779401282965074,0.5101154417647731
0.2378831076265146,0.5101154417647731
0.2378831076265146,0.5103440393187793
0.23823948681397006,0.5103440393187793
0.23823948681397006,0.5105726368727854
0.2384176764076978,0.5105726368727854
0.2384176764076978,0.5106869356497885
0.23868496079828938,0.5106869356497885
0.23868496079828938,0.5109155332037947
0.2388631503920171,0.5109155332037947
0.2388631503920171,0.5110298319807978
0.23895224518888097,0.5110298319807978
0.23895224518888097,0.5114870270888101
0.23921952957947257,0.5114870270888101
0.23921952957947257,0.5116013258658132
0.23930862437633643,0.5116013258658132
0.23930862437633643,0.5117156246428163
0.23966500356379186,0.5117156246428163
0.23966500356379186,0.5121728197508286
0.23993228795438346,0.5121728197508286
0.23993228795438346,0.5122871185278317
0.24002138275124732,0.5122871185278317
0.24002138275124732,0.5125157160818379
0.24011047754811118,0.5125157160818379
0.24011047754811118,0.512744313635844
0.24019957234497505,0.512744313635844
0.24019957234497505,0.5128586124128471
0.24037776193870278,0.5128586124128471
0.24037776193870278,0.5133158075208595
0.24046685673556664,0.5133158075208595
0.24046685673556664,0.5134301062978626
0.2405559515324305,0.5134301062978626
0.2405559515324305,0.5141158989598811
0.2408232359230221,0.5141158989598811
0.2408232359230221,0.5143444965138873
0.24091233071988596,0.5143444965138873
0.24091233071988596,0.5144587952908903
0.24126870990734142,0.5144587952908903
0.24126870990734142,0.5149159903989027
0.2413578047042053,0.5149159903989027
0.2413578047042053,0.515373185506915
0.24171418389166072,0.515373185506915
0.24171418389166072,0.5154874842839181
0.24189237348538845,0.5154874842839181
0.24189237348538845,0.5156017830609212
0.24215965787598004,0.5156017830609212
0.24215965787598004,0.5158303806149275
0.2422487526728439,0.5158303806149275
0.2422487526728439,0.5159446793919306
0.24269422665716323,0.5159446793919306
0.24269422665716323,0.5160589781689336
0.2427833214540271,0.5160589781689336
0.2427833214540271,0.5161732769459367
0.24287241625089095,0.5161732769459367
0.24287241625089095,0.5162875757229398
0.24305060584461868,0.5162875757229398
0.24305060584461868,0.516516173276946
0.24313970064148255,0.516516173276946
0.24313970064148255,0.5169733683849583
0.2432287954383464,0.5169733683849583
0.2432287954383464,0.5174305634929707
0.2434069850320741,0.5174305634929707
0.2434069850320741,0.5176591610469768
0.24358517462580184,0.5176591610469768
0.24358517462580184,0.5184592524859984
0.2436742694226657,0.5184592524859984
0.2436742694226657,0.5186878500400046
0.2439415538132573,0.5186878500400046
0.2439415538132573,0.5188021488170077
0.24403064861012116,0.5188021488170077
0.24403064861012116,0.5193736427020231
0.24411974340698503,0.5193736427020231
0.24411974340698503,0.5194879414790262
0.24429793300071276,0.5194879414790262
0.24429793300071276,0.5198308378100355
0.24438702779757662,0.5198308378100355
0.24438702779757662,0.5199451365870386
0.2449215965787598,0.5199451365870386
0.2449215965787598,0.5200594353640416
0.24509978617248754,0.5200594353640416
0.24509978617248754,0.5201737341410447
0.2456343549536707,0.5201737341410447
0.2456343549536707,0.5202880329180478
0.2459016393442623,0.5202880329180478
0.2459016393442623,0.5204023316950509
0.24599073414112615,0.5204023316950509
0.24599073414112615,0.5210881243570694
0.24625801853171775,0.5210881243570694
0.24625801853171775,0.5215453194650818
0.2463471133285816,0.5215453194650818
0.2463471133285816,0.5216596182420848
0.24652530292230934,0.5216596182420848
0.24652530292230934,0.5217739170190879
0.24697077690662866,0.5217739170190879
0.24697077690662866,0.5222311121271003
0.24705987170349253,0.5222311121271003
0.24705987170349253,0.5225740084581095
0.2473271560940841,0.5225740084581095
0.2473271560940841,0.5226883072351126
0.24741625089094796,0.5226883072351126
0.24741625089094796,0.5228026060121157
0.2475944404846757,0.5228026060121157
0.2475944404846757,0.5229169047891188
0.248039914468995,0.5229169047891188
0.248039914468995,0.5230312035661219
0.24812900926585887,0.5230312035661219
0.24812900926585887,0.5233740998971311
0.24839629365645047,0.5233740998971311
0.24839629365645047,0.5236026974511373
0.24848538845331433,0.5236026974511373
0.24848538845331433,0.5237169962281404
0.24875267284390593,0.5237169962281404
0.24875267284390593,0.5238312950051435
0.24910905203136136,0.5238312950051435
0.24910905203136136,0.5241741913361527
0.2494654312188168,0.5241741913361527
0.2494654312188168,0.5242884901131558
0.24982181040627227,0.5242884901131558
0.24982181040627227,0.5244027888901589
0.24991090520313614,0.5244027888901589
0.24991090520313614,0.524517087667162
0.25,0.524517087667162
0.25,0.5247456852211682
0.25035637918745546,0.5247456852211682
0.25035637918745546,0.5248599839981712
0.2505345687811832,0.5248599839981712
0.2505345687811832,0.5254314778831867
0.25062366357804705,0.5254314778831867
0.25062366357804705,0.5257743742141959
0.25089094796863864,0.5257743742141959
0.25089094796863864,0.525888672991199
0.2510691375623664,0.525888672991199
0.2510691375623664,0.5260029717682021
0.2515146115466857,0.5260029717682021
0.2515146115466857,0.5261172705452052
0.2516928011404134,0.5261172705452052
0.2516928011404134,0.5263458680992114
0.2517818959372773,0.5263458680992114
0.2517818959372773,0.5265744656532175
0.25196008553100496,0.5265744656532175
0.25196008553100496,0.5266887644302206
0.2521382751247327,0.5266887644302206
0.2521382751247327,0.5269173619842268
0.2523164647184604,0.5269173619842268
0.2523164647184604,0.527260258315236
0.2526728439059159,0.527260258315236
0.2526728439059159,0.5276031546462453
0.25276193870277974,0.5276031546462453
0.25276193870277974,0.5280603497542576
0.2528510334996436,0.5280603497542576
0.2528510334996436,0.5284032460852669
0.2531183178902352,0.5284032460852669
0.2531183178902352,0.5286318436392731
0.25320741268709906,0.5286318436392731
0.25320741268709906,0.5290890387472854
0.25347469707769066,0.5290890387472854
0.25347469707769066,0.5292033375242885
0.25374198146828225,0.5292033375242885
0.25374198146828225,0.5294319350782947
0.25392017106201,0.5294319350782947
0.25392017106201,0.5297748314093039
0.2540983606557377,0.5297748314093039
0.2540983606557377,0.5301177277403132
0.2541874554526016,0.5301177277403132
0.2541874554526016,0.5302320265173163
0.25445473984319317,0.5302320265173163
0.25445473984319317,0.5303463252943194
0.25472202423378476,0.5303463252943194
0.25472202423378476,0.5304606240713224
0.2549002138275125,0.5304606240713224
0.2549002138275125,0.5306892216253286
0.25498930862437635,0.5306892216253286
0.25498930862437635,0.5309178191793348
0.2550784034212402,0.5309178191793348
0.2550784034212402,0.531260715510344
0.2551674982181041,0.531260715510344
0.2551674982181041,0.5313750142873471
0.2553456878118318,0.5313750142873471
0.2553456878118318,0.5316036118413533
0.2554347826086957,0.5316036118413533
0.2554347826086957,0.5317179106183564
0.2556129722024234,0.5317179106183564
0.2556129722024234,0.5318322093953595
0.25588025659301494,0.5318322093953595
0.25588025659301494,0.5319465081723626
0.25605844618674267,0.5319465081723626
0.25605844618674267,0.5321751057263687
0.2569493941553813,0.5321751057263687
0.2569493941553813,0.5322894045033718
0.2573057733428368,0.5322894045033718
0.2573057733428368,0.5324037032803749
0.25739486813970064,0.5324037032803749
0.25739486813970064,0.5328608983883872
0.25784034212401996,0.5328608983883872
0.25784034212401996,0.5330894959423934
0.2579294369208838,0.5330894959423934
0.2579294369208838,0.5332037947193965
0.25810762651461155,0.5332037947193965
0.25810762651461155,0.5334323922734027
0.2581967213114754,0.5334323922734027
0.2581967213114754,0.5336609898274088
0.2582858161083393,0.5336609898274088
0.2582858161083393,0.5337752886044119
0.258464005702067,0.5337752886044119
0.258464005702067,0.5341181849354212
0.2585531004989309,0.5341181849354212
0.2585531004989309,0.5342324837124243
0.25864219529579474,0.5342324837124243
0.25864219529579474,0.5345753800434335
0.2587312900926586,0.5346896788204366
0.25882038488952247,0.5346896788204366
0.25882038488952247,0.5349182763744428
0.25890947968638633,0.5349182763744428
0.25890947968638633,0.535146873928449
0.25908766928011406,0.535146873928449
0.25908766928011406,0.5353754714824551
0.25917676407697793,0.5353754714824551
0.25917676407697793,0.5356040690364613
0.2594440484675695,0.5356040690364613
0.2594440484675695,0.5357183678134644
0.25971133285816106,0.5357183678134644
0.25971133285816106,0.5358326665904675
0.2598895224518888,0.5358326665904675
0.2598895224518888,0.5360612641444736
0.25997861724875265,0.5360612641444736
0.25997861724875265,0.5361755629214767
0.2600677120456165,0.5361755629214767
0.2600677120456165,0.5362898616984798
0.2601568068424804,0.5362898616984798
0.2601568068424804,0.5369756543604983
0.26024590163934425,0.5369756543604983
0.26024590163934425,0.5370899531375014
0.2606022808267997,0.5370899531375014
0.2606022808267997,0.5373185506915076
0.26069137562366357,0.5373185506915076
0.26069137562366357,0.5374328494685107
0.26095866001425516,0.5374328494685107
0.26095866001425516,0.537890044576523
0.26122594440484675,0.537890044576523
0.26122594440484675,0.5380043433535261
0.2613150392017106,0.5380043433535261
0.2613150392017106,0.5383472396845354
0.26149322879543835,0.5383472396845354
0.26149322879543835,0.5384615384615384
0.2621168923734854,0.5384615384615384
0.2621168923734854,0.5386901360155446
0.26229508196721313,0.5386901360155446
0.26229508196721313,0.5389187335695508
0.26247327156094086,0.5389187335695508
0.26247327156094086,0.539147331123557
0.2625623663578047,0.539147331123557
0.2625623663578047,0.5393759286775631
0.2626514611546686,0.5393759286775631
0.2626514611546686,0.5396045262315693
0.2628296507483963,0.5396045262315693
0.2628296507483963,0.5400617213395816
0.26300784034212404,0.5400617213395816
0.26300784034212404,0.5404046176705909
0.2630969351389879,0.5404046176705909
0.2630969351389879,0.540518916447594
0.26336421952957945,0.540518916447594
0.26336421952957945,0.5406332152245971
0.2641660727013542,0.5406332152245971
0.2641660727013542,0.5408618127786032
0.2644333570919458,0.5408618127786032
0.2644333570919458,0.5409761115556063
0.26461154668567355,0.5409761115556063
0.26461154668567355,0.5410904103326094
0.2647006414825374,0.5410904103326094
0.2647006414825374,0.5413190078866156
0.264967925873129,0.5413190078866156
0.264967925873129,0.5414333066636187
0.26514611546685674,0.5414333066636187
0.26514611546685674,0.541890501771631
0.26532430506058446,0.541890501771631
0.26532430506058446,0.5420048005486341
0.2655024946543122,0.5420048005486341
0.2655024946543122,0.5421190993256372
0.2657697790449038,0.5421190993256372
0.2657697790449038,0.5422333981026403
0.26585887384176765,0.5422333981026403
0.26585887384176765,0.5424619956566464
0.2659479686386315,0.5424619956566464
0.2659479686386315,0.5426905932106526
0.266304347826087,0.5426905932106526
0.266304347826087,0.5428048919876557
0.2664825374198147,0.5428048919876557
0.2664825374198147,0.5430334895416619
0.26657163221667857,0.5430334895416619
0.26657163221667857,0.543262087095668
0.26666072701354243,0.543262087095668
0.26666072701354243,0.5433763858726711
0.2667498218104063,0.5433763858726711
0.2667498218104063,0.5436049834266773
0.26683891660727016,0.5436049834266773
0.26683891660727016,0.5437192822036804
0.266928011404134,0.5437192822036804
0.266928011404134,0.5440621785346896
0.2672843905915894,0.5440621785346896
0.2672843905915894,0.5441764773116927
0.26746258018531716,0.5441764773116927
0.26746258018531716,0.5446336724197051
0.267551674982181,0.5446336724197051
0.267551674982181,0.5448622699737112
0.26772986457590875,0.5448622699737112
0.26772986457590875,0.5449765687507143
0.2678189593727726,0.5449765687507143
0.2678189593727726,0.5462338552977483
0.2679080541696365,0.5462338552977483
0.2679080541696365,0.5463481540747513
0.2680862437633642,0.5463481540747513
0.2680862437633642,0.5464624528517544
0.26826443335709194,0.5464624528517544
0.26826443335709194,0.5465767516287575
0.2683535281539558,0.5465767516287575
0.2683535281539558,0.5466910504057606
0.26853171774768353,0.5466910504057606
0.26853171774768353,0.5469196479597669
0.2686208125445474,0.5469196479597669
0.2686208125445474,0.5476054406217854
0.268888096935139,0.5476054406217854
0.268888096935139,0.5477197393987885
0.2690662865288667,0.5477197393987885
0.2690662865288667,0.5478340381757916
0.2693335709194583,0.5478340381757916
0.2693335709194583,0.5481769345068008
0.2694226657163222,0.5481769345068008
0.2694226657163222,0.5482912332838039
0.26995723449750536,0.5482912332838039
0.26995723449750536,0.5486341296148132
0.27049180327868855,0.5486341296148132
0.27049180327868855,0.5487484283918163
0.2705808980755524,0.5487484283918163
0.2705808980755524,0.5488627271688193
0.2706699928724163,0.5488627271688193
0.2706699928724163,0.5493199222768317
0.2710263720598717,0.5493199222768317
0.2710263720598717,0.5494342210538348
0.27111546685673554,0.5494342210538348
0.27111546685673554,0.549777117384844
0.2712045616535994,0.549777117384844
0.2712045616535994,0.5498914161618471
0.27129365645046327,0.5498914161618471
0.27129365645046327,0.5505772088238656
0.27156094084105487,0.5505772088238656
0.27156094084105487,0.5506915076008687
0.2719173200285103,0.5506915076008687
0.2719173200285103,0.551034403931878
0.2720064148253742,0.551034403931878
0.2720064148253742,0.5512630014858841
0.27209550962223805,0.5512630014858841
0.27209550962223805,0.5513773002628872
0.2727191732002851,0.5513773002628872
0.2727191732002851,0.5518344953708996
0.27280826799714897,0.5518344953708996
0.27280826799714897,0.5519487941479027
0.27289736279401283,0.5519487941479027
0.27289736279401283,0.5521773917019088
0.2729864575908767,0.5521773917019088
0.2729864575908767,0.5522916904789119
0.2731646471846044,0.5522916904789119
0.2731646471846044,0.5527488855869243
0.27334283677833215,0.5527488855869243
0.27334283677833215,0.5534346782489428
0.273431931575196,0.5534346782489428
0.273431931575196,0.5535489770259459
0.2736992159657876,0.5535489770259459
0.2736992159657876,0.553777574579952
0.27432287954383466,0.553777574579952
0.27432287954383466,0.5538918733569551
0.2748574483250178,0.5538918733569551
0.2748574483250178,0.5541204709109613
0.27521382751247325,0.5541204709109613
0.27521382751247325,0.5542347696879644
0.2753029223093371,0.5542347696879644
0.2753029223093371,0.5543490684649675
0.2755702066999287,0.5543490684649675
0.2755702066999287,0.5544633672419705
0.27574839629365644,0.5544633672419705
0.27574839629365644,0.5546919647959767
0.27592658588738417,0.5546919647959767
0.27592658588738417,0.5548062635729798
0.2762829650748396,0.5548062635729798
0.2762829650748396,0.555149159903989
0.2765502494654312,0.555149159903989
0.2765502494654312,0.5552634586809921
0.27699572344975054,0.5552634586809921
0.27699572344975054,0.5553777574579952
0.2770848182466144,0.5553777574579952
0.2770848182466144,0.5554920562349983
0.277352102637206,0.5554920562349983
0.277352102637206,0.5556063550120014
0.27744119743406986,0.5556063550120014
0.27744119743406986,0.5557206537890045
0.27753029223093373,0.5557206537890045
0.27753029223093373,0.5558349525660076
0.2776193870277976,0.5558349525660076
0.2776193870277976,0.5559492513430107
0.27770848182466146,0.5559492513430107
0.27770848182466146,0.5560635501200137
0.2781539558089808,0.5560635501200137
0.2781539558089808,0.5562921476740199
0.27824305060584464,0.5562921476740199
0.27824305060584464,0.5565207452280261
0.2783321454027085,0.5565207452280261
0.2783321454027085,0.5566350440050292
0.2784212401995723,0.5566350440050292
0.2784212401995723,0.5568636415590353
0.2785103349964362,0.5568636415590353
0.2785103349964362,0.5569779403360384
0.2786885245901639,0.5569779403360384
0.2786885245901639,0.5570922391130415
0.27886671418389164,0.5570922391130415
0.27886671418389164,0.5572065378900446
0.2789558089807555,0.5572065378900446
0.2789558089807555,0.5573208366670477
0.27904490377761937,0.5573208366670477
0.27904490377761937,0.5575494342210539
0.27913399857448323,0.5575494342210539
0.27913399857448323,0.55777803177506
0.2792230933713471,0.55777803177506
0.2792230933713471,0.5580066293290662
0.27931218816821096,0.5580066293290662
0.27931218816821096,0.5582352268830724
0.2794012829650748,0.5582352268830724
0.2794012829650748,0.5583495256600755
0.2796685673556664,0.5583495256600755
0.2796685673556664,0.5584638244370785
0.2797576621525303,0.5584638244370785
0.2797576621525303,0.5585781232140816
0.279935851746258,0.5585781232140816
0.279935851746258,0.5589210195450909
0.2800249465431219,0.5589210195450909
0.2800249465431219,0.559035318322094
0.2802031361368496,0.559035318322094
0.2802031361368496,0.5592639158761001
0.28029223093371347,0.5592639158761001
0.28029223093371347,0.5598354097611156
0.28038132573057734,0.5598354097611156
0.28038132573057734,0.5599497085381187
0.2810049893086244,0.5599497085381187
0.2810049893086244,0.5600640073151217
0.28109408410548825,0.5600640073151217
0.28109408410548825,0.5601783060921248
0.2811831789023521,0.5601783060921248
0.2811831789023521,0.5605212024231341
0.2815395580898076,0.5605212024231341
0.2815395580898076,0.5607497999771403
0.28189593727726303,0.5607497999771403
0.28189593727726303,0.5610926963081495
0.2821632216678546,0.5610926963081495
0.2821632216678546,0.5613212938621557
0.28243050605844616,0.5613212938621557
0.28243050605844616,0.561778488970168
0.28251960085531,0.561778488970168
0.28251960085531,0.5620070865241742
0.2826086956521739,0.5620070865241742
0.2826086956521739,0.5622356840781804
0.28269779044903776,0.5622356840781804
0.28269779044903776,0.5623499828551835
0.2828759800427655,0.5623499828551835
0.2828759800427655,0.5625785804091896
0.28296507483962935,0.5625785804091896
0.28296507483962935,0.563150074294205
0.2833214540270848,0.563150074294205
0.2833214540270848,0.5632643730712081
0.28341054882394867,0.5632643730712081
0.28341054882394867,0.5633786718482112
0.2835887384176764,0.5633786718482112
0.2835887384176764,0.5637215681792205
0.28367783321454026,0.5637215681792205
0.28367783321454026,0.5638358669562236
0.28376692801140413,0.5638358669562236
0.28376692801140413,0.5639501657332266
0.283856022808268,0.5639501657332266
0.283856022808268,0.5640644645102297
0.2840342124019957,0.5640644645102297
0.2840342124019957,0.5641787632872328
0.2841233071988596,0.5641787632872328
0.2841233071988596,0.5647502571722482
0.2843014967925873,0.5647502571722482
0.2843014967925873,0.5648645559492513
0.2843905915894512,0.5648645559492513
0.2843905915894512,0.5650931535032575
0.28474697077690664,0.5650931535032575
0.28474697077690664,0.5652074522802606
0.2848360655737705,0.5652074522802606
0.2848360655737705,0.5653217510572637
0.2851033499643621,0.5653217510572637
0.2851033499643621,0.5656646473882729
0.28519244476122596,0.5656646473882729
0.28519244476122596,0.565778946165276
0.2852815395580898,0.565778946165276
0.2852815395580898,0.5662361412732884
0.2853706343549537,0.5662361412732884
0.2853706343549537,0.5668076351583038
0.2855488239486814,0.5668076351583038
0.2855488239486814,0.56703623271231
0.2856379187455453,0.56703623271231
0.2856379187455453,0.567150531489313
0.28572701354240915,0.567150531489313
0.28572701354240915,0.5672648302663161
0.2859052031361369,0.5672648302663161
0.2859052031361369,0.5674934278203223
0.2861724875267284,0.5674934278203223
0.2861724875267284,0.5678363241513316
0.2862615823235923,0.5678363241513316
0.2862615823235923,0.5680649217053377
0.28652886671418387,0.5680649217053377
0.28652886671418387,0.5682935192593439
0.28661796151104774,0.5682935192593439
0.28661796151104774,0.5686364155903532
0.2867070563079116,0.5686364155903532
0.2867070563079116,0.5687507143673562
0.28688524590163933,0.5687507143673562
0.28688524590163933,0.5688650131443593
0.2869743406985032,0.5688650131443593
0.2869743406985032,0.5689793119213624
0.28706343549536706,0.5689793119213624
0.28706343549536706,0.5692079094753686
0.2872416250890948,0.5692079094753686
0.2872416250890948,0.5693222082523717
0.28733071988595865,0.5693222082523717
0.28733071988595865,0.5694365070293748
0.2874198146828225,0.5694365070293748
0.2874198146828225,0.5695508058063778
0.2876870990734141,0.5695508058063778
0.2876870990734141,0.5696651045833809
0.28813257305773343,0.5696651045833809
0.28813257305773343,0.569779403360384
0.2884889522451889,0.569779403360384
0.2884889522451889,0.5701222996913933
0.2887562366357805,0.5701222996913933
0.2887562366357805,0.5703508972453994
0.28884533143264435,0.5703508972453994
0.28884533143264435,0.5704651960224025
0.2890235210263721,0.5704651960224025
0.2890235210263721,0.5705794947994056
0.28911261582323594,0.5705794947994056
0.28911261582323594,0.5709223911304149
0.2892017106200998,0.5709223911304149
0.2892017106200998,0.571036689907418
0.28937990021382753,0.571036689907418
0.28937990021382753,0.571150988684421
0.28955808980755526,0.571150988684421
0.28955808980755526,0.5713795862384272
0.2898253741981468,0.5713795862384272
0.2898253741981468,0.5714938850154303
0.29000356379187453,0.5714938850154303
0.29000356379187453,0.5716081837924334
0.29035994297933,0.5716081837924334
0.29035994297933,0.5717224825694365
0.29044903777619385,0.5717224825694365
0.29044903777619385,0.5718367813464396
0.2905381325730577,0.5718367813464396
0.2905381325730577,0.5719510801234426
0.2908054169636493,0.5719510801234426
0.2908054169636493,0.5720653789004457
0.2910727013542409,0.5720653789004457
0.2910727013542409,0.572408275231455
0.29196364932287955,0.572408275231455
0.29196364932287955,0.5725225740084581
0.2921418389166073,0.5725225740084581
0.2921418389166073,0.5726368727854612
0.29223093371347114,0.5726368727854612
0.29223093371347114,0.5730940678934735
0.292320028510335,0.5730940678934735
0.292320028510335,0.5732083666704766
0.29240912330719887,0.5732083666704766
0.29240912330719887,0.5733226654474797
0.29249821810406273,0.5733226654474797
0.29249821810406273,0.5735512630014858
0.2925873129009266,0.5735512630014858
0.2925873129009266,0.5736655617784889
0.29267640769779046,0.5736655617784889
0.29267640769779046,0.573779860555492
0.2928545972915182,0.573779860555492
0.2928545972915182,0.5740084581094982
0.2931218816821098,0.5740084581094982
0.2931218816821098,0.5744656532175105
0.29321097647897365,0.5744656532175105
0.29321097647897365,0.5745799519945136
0.2933000712758375,0.5745799519945136
0.2933000712758375,0.5746942507715167
0.29347826086956524,0.5746942507715167
0.29347826086956524,0.5748085495485198
0.29383464005702065,0.5748085495485198
0.29383464005702065,0.5749228483255229
0.2939237348538845,0.5749228483255229
0.2939237348538845,0.5752657446565321
0.2940128296507484,0.5752657446565321
0.2940128296507484,0.5753800434335352
0.29436920883820383,0.5753800434335352
0.29436920883820383,0.5756086409875414
0.29454739843193156,0.5756086409875414
0.29454739843193156,0.5758372385415476
0.2946364932287954,0.5758372385415476
0.2946364932287954,0.5759515373185506
0.29481468282252316,0.5759515373185506
0.29481468282252316,0.5760658360955537
0.294903777619387,0.5760658360955537
0.294903777619387,0.5761801348725568
0.2951710620099786,0.5761801348725568
0.2951710620099786,0.576408732426563
0.2952601568068425,0.576408732426563
0.2952601568068425,0.5765230312035661
0.29552744119743407,0.5765230312035661
0.29552744119743407,0.5766373299805692
0.29561653599429794,0.5766373299805692
0.29561653599429794,0.5767516287575722
0.2957056307911618,0.5767516287575722
0.2957056307911618,0.5773231226425877
0.2959729151817534,0.5773231226425877
0.2959729151817534,0.5774374214195908
0.29606200997861726,0.5774374214195908
0.29606200997861726,0.5775517201965938
0.296240199572345,0.5775517201965938
0.296240199572345,0.5776660189735969
0.29632929436920885,0.5776660189735969
0.29632929436920885,0.5777803177506
0.29659657875980044,0.5777803177506
0.29659657875980044,0.5781232140816093
0.2966856735566643,0.5781232140816093
0.2966856735566643,0.5782375128586125
0.29686386315039204,0.5782375128586125
0.29686386315039204,0.5783518116356156
0.29704205274411977,0.5783518116356156
0.29704205274411977,0.5784661104126186
0.2972202423378475,0.5784661104126186
0.2972202423378475,0.5790376042976341
0.29730933713471136,0.5790376042976341
0.29730933713471136,0.5791519030746372
0.2977548111190306,0.5791519030746372
0.2977548111190306,0.5793805006286433
0.29793300071275836,0.5793805006286433
0.29793300071275836,0.5796090981826495
0.2980220955096222,0.5796090981826495
0.2980220955096222,0.5797233969596526
0.2983784746970777,0.5797233969596526
0.2983784746970777,0.5798376957366557
0.2985566642908054,0.5798376957366557
0.2985566642908054,0.5799519945136588
0.29864575908766927,0.5799519945136588
0.29864575908766927,0.580294890844668
0.29891304347826086,0.580294890844668
0.29891304347826086,0.5805234883986742
0.2990912330719886,0.5805234883986742
0.2990912330719886,0.5806377871756773
0.2992694226657163,0.5806377871756773
0.2992694226657163,0.5812092810606927
0.29944761225944405,0.5812092810606927
0.29944761225944405,0.5814378786146989
0.2996258018531718,0.5814378786146989
0.2996258018531718,0.581552177391702
0.2998930862437634,0.581552177391702
0.2998930862437634,0.581666476168705
0.3000712758374911,0.581666476168705
0.3000712758374911,0.5818950737227112
0.30016037063435497,0.5818950737227112
0.30016037063435497,0.5822379700537205
0.3003385602280827,0.5822379700537205
0.3003385602280827,0.5823522688307236
0.30069493941553815,0.5823522688307236
0.30069493941553815,0.5824665676077266
0.300784034212402,0.5824665676077266
0.300784034212402,0.5828094639387359
0.3008731290092659,0.5828094639387359
0.3008731290092659,0.582923762715739
0.30096222380612975,0.582923762715739
0.30096222380612975,0.5830380614927421
0.3011404133998574,0.5830380614927421
0.3011404133998574,0.5831523602697452
0.30131860299358515,0.5831523602697452
0.30131860299358515,0.5832666590467482
0.301407697790449,0.5832666590467482
0.301407697790449,0.5833809578237513
0.30158588738417674,0.5833809578237513
0.30158588738417674,0.5837238541547606
0.3016749821810406,0.5837238541547606
0.3016749821810406,0.5838381529317637
0.30185317177476834,0.5838381529317637
0.30185317177476834,0.5840667504857698
0.3019422665716322,0.5840667504857698
0.3019422665716322,0.5841810492627729
0.30203136136849607,0.5841810492627729
0.30203136136849607,0.5846382443707853
0.30212045616535993,0.5846382443707853
0.30212045616535993,0.5848668419247914
0.3022095509622238,0.5848668419247914
0.3022095509622238,0.5849811407017945
0.3023877405559515,0.5849811407017945
0.3023877405559515,0.5850954394787976
0.3029223093371347,0.5850954394787976
0.3029223093371347,0.5852097382558007
0.3030114041339986,0.5852097382558007
0.3030114041339986,0.5853240370328038
0.3031895937277263,0.5853240370328038
0.3031895937277263,0.5854383358098069
0.30336778332145403,0.5854383358098069
0.30336778332145403,0.5857812321408161
0.3034568781183179,0.5857812321408161
0.3034568781183179,0.5862384272488285
0.30354597291518176,0.5862384272488285
0.30354597291518176,0.5864670248028346
0.3037241625089095,0.5864670248028346
0.3037241625089095,0.586924219910847
0.3039914468995011,0.586924219910847
0.3039914468995011,0.5873814150188593
0.30452601568068427,0.5873814150188593
0.30452601568068427,0.5878386101268717
0.30479330007127586,0.5878386101268717
0.30479330007127586,0.5879529089038747
0.30488239486813973,0.5879529089038747
0.30488239486813973,0.5880672076808778
0.3050605844618674,0.5880672076808778
0.3050605844618674,0.5881815064578809
0.30514967925873127,0.5881815064578809
0.30514967925873127,0.5885244027888902
0.30523877405559513,0.5885244027888902
0.30523877405559513,0.5887530003428963
0.3055060584461867,0.5887530003428963
0.3055060584461867,0.5888672991198994
0.30568424803991445,0.5888672991198994
0.30568424803991445,0.5889815978969025
0.3058624376336422,0.5889815978969025
0.3058624376336422,0.5892101954509087
0.30595153243050605,0.5892101954509087
0.30595153243050605,0.5893244942279118
0.3060406272273699,0.5893244942279118
0.3060406272273699,0.5894387930049149
0.3063079116179615,0.5894387930049149
0.3063079116179615,0.589667390558921
0.30639700641482537,0.589667390558921
0.30639700641482537,0.5898959881129272
0.30666429080541696,0.5898959881129272
0.30666429080541696,0.5900102868899303
0.30693157519600855,0.5900102868899303
0.30693157519600855,0.5902388844439365
0.3071097647897363,0.5902388844439365
0.3071097647897363,0.5903531832209395
0.30719885958660015,0.5904674819979426
0.30719885958660015,0.5905817807749457
0.30764433357091947,0.5905817807749457
0.30764433357091947,0.5906960795519488
0.3080898075552388,0.5906960795519488
0.3080898075552388,0.590924677105955
0.3082679971489665,0.590924677105955
0.3082679971489665,0.5911532746599611
0.30844618674269425,0.5911532746599611
0.30844618674269425,0.5912675734369642
0.30906985032074125,0.5912675734369642
0.30906985032074125,0.5913818722139673
0.309248039914469,0.5913818722139673
0.309248039914469,0.5914961709909704
0.30933713471133284,0.5914961709909704
0.30933713471133284,0.5916104697679735
0.3094262295081967,0.5916104697679735
0.3094262295081967,0.5918390673219797
0.30960441910192443,0.5918390673219797
0.30960441910192443,0.5921819636529889
0.309871703492516,0.5921819636529889
0.309871703492516,0.592296262429992
0.3101389878831076,0.592296262429992
0.3101389878831076,0.5924105612069951
0.31031717747683535,0.5924105612069951
0.31031717747683535,0.5927534575380043
0.3106735566642908,0.5927534575380043
0.3106735566642908,0.5932106526460167
0.31102993585174626,0.5932106526460167
0.31102993585174626,0.5933249514230198
0.31129722024233786,0.5933249514230198
0.31129722024233786,0.593553548977026
0.3116535994297933,0.593553548977026
0.3116535994297933,0.5937821465310321
0.31209907341411264,0.5937821465310321
0.31209907341411264,0.5938964453080352
0.3124554526015681,0.5938964453080352
0.3124554526015681,0.5943536404160475
0.3125445473984319,0.5943536404160475
0.3125445473984319,0.5946965367470568
0.3128118317890235,0.5946965367470568
0.3128118317890235,0.594925134301063
0.3132573057733428,0.594925134301063
0.3132573057733428,0.5950394330780661
0.3133464005702067,0.5950394330780661
0.3133464005702067,0.5952680306320722
0.3135245901639344,0.5952680306320722
0.3135245901639344,0.5954966281860784
0.3136136849607983,0.5954966281860784
0.3136136849607983,0.5957252257400846
0.31370277975766214,0.5957252257400846
0.31370277975766214,0.5958395245170877
0.313791874554526,0.5958395245170877
0.313791874554526,0.5959538232940907
0.31388096935138987,0.5959538232940907
0.31388096935138987,0.5961824208480969
0.3143264433357092,0.5961824208480969
0.3143264433357092,0.5964110184021031
0.3145046329294369,0.5964110184021031
0.3145046329294369,0.5966396159561093
0.3148610121168924,0.5966396159561093
0.3148610121168924,0.5967539147331123
0.31521739130434784,0.5967539147331123
0.31521739130434784,0.5970968110641216
0.3153064861012117,0.5970968110641216
0.3153064861012117,0.5973254086181278
0.31539558089807557,0.5973254086181278
0.31539558089807557,0.5978969025031432
0.3158410548823949,0.5978969025031432
0.3158410548823949,0.5980112012801463
0.3160192444761226,0.5980112012801463
0.3160192444761226,0.5992684878271802
0.316375623663578,0.5992684878271802
0.316375623663578,0.5996113841581895
0.3166429080541696,0.5996113841581895
0.3166429080541696,0.5997256829351926
0.3167320028510335,0.5997256829351926
0.3167320028510335,0.6000685792662018
0.31682109764789734,0.6000685792662018
0.31682109764789734,0.600297176820208
0.3169101924447612,0.600297176820208
0.3169101924447612,0.6005257743742142
0.31699928724162507,0.6005257743742142
0.31699928724162507,0.6008686707052234
0.31708838203848894,0.6008686707052234
0.31708838203848894,0.6009829694822265
0.3174447612259444,0.6009829694822265
0.3174447612259444,0.6010972682592296
0.31753385602280826,0.6010972682592296
0.31753385602280826,0.6012115670362327
0.3176229508196721,0.6012115670362327
0.3176229508196721,0.6013258658132358
0.317712045616536,0.6013258658132358
0.317712045616536,0.6014401645902389
0.3178902352102637,0.6014401645902389
0.3178902352102637,0.6015544633672419
0.3181575196008553,0.6015544633672419
0.3181575196008553,0.601668762144245
0.31860299358517463,0.601668762144245
0.31860299358517463,0.6020116584752543
0.3186920883820385,0.6020116584752543
0.3186920883820385,0.6021259572522574
0.31878118317890236,0.6021259572522574
0.31878118317890236,0.6024688535832666
0.3189593727726301,0.6024688535832666
0.3189593727726301,0.6028117499142759
0.3191375623663578,0.6028117499142759
0.3191375623663578,0.6030403474682821
0.31931575196008555,0.6030403474682821
0.31931575196008555,0.6033832437992913
0.3199394155381326,0.6033832437992913
0.3199394155381326,0.6036118413532975
0.32020669992872414,0.6036118413532975
0.32020669992872414,0.6037261401303006
0.32065217391304346,0.6037261401303006
0.32065217391304346,0.6039547376843067
0.3207412687099073,0.6039547376843067
0.3207412687099073,0.6041833352383129
0.3208303635067712,0.6041833352383129
0.3208303635067712,0.6044119327923191
0.32118674269422665,0.6044119327923191
0.32118674269422665,0.6045262315693222
0.32172131147540983,0.6045262315693222
0.32172131147540983,0.6046405303463253
0.3218104062722737,0.6046405303463253
0.3218104062722737,0.6047548291233283
0.3220776906628653,0.6047548291233283
0.3220776906628653,0.6049834266773345
0.32216678545972915,0.6049834266773345
0.32216678545972915,0.6050977254543376
0.322255880256593,0.6050977254543376
0.322255880256593,0.6053263230083438
0.3223449750534569,0.6053263230083438
0.3223449750534569,0.6054406217853469
0.32243406985032075,0.6054406217853469
0.32243406985032075,0.6055549205623499
0.32270135424091234,0.6055549205623499
0.32270135424091234,0.605669219339353
0.3227904490377762,0.605669219339353
0.3227904490377762,0.6058978168933592
0.32287954383464007,0.6058978168933592
0.32287954383464007,0.6063550120013715
0.32296863863150393,0.6063550120013715
0.32296863863150393,0.6064693107783746
0.3233250178189594,0.6064693107783746
0.3233250178189594,0.6066979083323808
0.32341411261582326,0.6066979083323808
0.32341411261582326,0.6068122071093839
0.3235032074126871,0.6068122071093839
0.3235032074126871,0.606926505886387
0.323592302209551,0.606926505886387
0.323592302209551,0.60704080466339
0.32368139700641485,0.60704080466339
0.32368139700641485,0.6073837009943993
0.3237704918032787,0.6073837009943993
0.3237704918032787,0.6074979997714024
0.3241268709907341,0.6074979997714024
0.3241268709907341,0.6078408961024117
0.32430506058446185,0.6078408961024117
0.32430506058446185,0.6079551948794147
0.3243941553813257,0.6079551948794147
0.3243941553813257,0.6080694936564178
0.3249287241625089,0.6080694936564178
0.3249287241625089,0.6081837924334209
0.32501781895937276,0.6081837924334209
0.32501781895937276,0.6085266887644302
0.3251069137562366,0.6085266887644302
0.3251069137562366,0.6086409875414333
0.32528510334996436,0.6086409875414333
0.32528510334996436,0.6087552863184363
0.3254632929436921,0.6087552863184363
0.3254632929436921,0.6088695850954394
0.32555238774055595,0.6088695850954394
0.32555238774055595,0.6089838838724425
0.3257305773342837,0.6089838838724425
0.3257305773342837,0.6092124814264487
0.326176051318603,0.6092124814264487
0.326176051318603,0.6093267802034518
0.32626514611546686,0.6093267802034518
0.32626514611546686,0.609441078980455
0.32635424091233073,0.609441078980455
0.32635424091233073,0.609555377757458
0.32653243050605846,0.609555377757458
0.32653243050605846,0.6097839753114642
0.3267106200997862,0.6097839753114642
0.3267106200997862,0.6098982740884673
0.32733428367783324,0.6098982740884673
0.32733428367783324,0.6106983655274889
0.32751247327156097,0.6106983655274889
0.32751247327156097,0.610812664304492
0.3277797576621525,0.610812664304492
0.3277797576621525,0.6109269630814951
0.32795794725588023,0.6109269630814951
0.32795794725588023,0.6110412618584982
0.3284925160370634,0.6110412618584982
0.3284925160370634,0.6111555606355012
0.3285816108339273,0.6111555606355012
0.3285816108339273,0.6114984569665105
0.3288488952245189,0.6114984569665105
0.3288488952245189,0.6118413532975198
0.3295616535994298,0.6118413532975198
0.3295616535994298,0.6119556520745228
0.32965074839629366,0.6119556520745228
0.32965074839629366,0.6122985484055321
0.3298289379900214,0.6122985484055321
0.3298289379900214,0.6124128471825352
0.3300071275837491,0.6124128471825352
0.3300071275837491,0.6125271459595383
0.33018531717747684,0.6125271459595383
0.33018531717747684,0.6127557435135444
0.33045260156806844,0.6127557435135444
0.33045260156806844,0.6129843410675506
0.33063079116179617,0.6129843410675506
0.33063079116179617,0.6130986398445537
0.33071988595866003,0.6130986398445537
0.33071988595866003,0.6132129386215568
0.3308089807555239,0.6132129386215568
0.3308089807555239,0.613441536175563
0.33089807555238776,0.613441536175563
0.33089807555238776,0.613555834952566
0.3312544547398432,0.613555834952566
0.3312544547398432,0.6136701337295691
0.33178902352102635,0.6136701337295691
0.33178902352102635,0.6137844325065722
0.3318781183178902,0.6137844325065722
0.3318781183178902,0.6138987312835753
0.33205630791161794,0.6138987312835753
0.33205630791161794,0.6144702251685907
0.3321454027084818,0.6144702251685907
0.3321454027084818,0.6145845239455938
0.33250178189593727,0.6145845239455938
0.33250178189593727,0.6146988227225969
0.33259087669280113,0.6146988227225969
0.33259087669280113,0.6149274202766031
0.3328581610833927,0.6149274202766031
0.3328581610833927,0.6151560178306092
0.3329472558802566,0.6151560178306092
0.3329472558802566,0.6152703166076123
0.3332145402708482,0.6152703166076123
0.3332145402708482,0.6153846153846154
0.33330363506771205,0.6153846153846154
0.33330363506771205,0.6158418104926278
0.3336600142551675,0.6158418104926278
0.3336600142551675,0.616184706823637
0.33374910905203137,0.616184706823637
0.33374910905203137,0.6162990056006401
0.3339272986457591,0.6162990056006401
0.3339272986457591,0.6165276031546463
0.3341054882394868,0.6165276031546463
0.3341054882394868,0.6166419019316494
0.3341945830363507,0.6166419019316494
0.3341945830363507,0.6170990970396617
0.3343727726300784,0.6170990970396617
0.3343727726300784,0.6172133958166648
0.33455096222380615,0.6172133958166648
0.33455096222380615,0.6176705909246771
0.33481824661439774,0.6176705909246771
0.33481824661439774,0.6178991884786833
0.3349073414112616,0.6178991884786833
0.3349073414112616,0.6180134872556864
0.33499643620812547,0.6180134872556864
0.33499643620812547,0.6182420848096926
0.3351746258018532,0.6182420848096926
0.3351746258018532,0.6184706823636987
0.33535281539558087,0.6184706823636987
0.33535281539558087,0.618813578694708
0.33544191019244474,0.618813578694708
0.33544191019244474,0.6193850725797234
0.3355310049893086,0.6193850725797234
0.3355310049893086,0.6194993713567265
0.33562009978617247,0.6194993713567265
0.33562009978617247,0.6196136701337296
0.33588738417676406,0.6196136701337296
0.33588738417676406,0.6197279689107327
0.3360655737704918,0.6197279689107327
0.3360655737704918,0.6199565664647388
0.33668923734853884,0.6199565664647388
0.33668923734853884,0.6200708652417419
0.3367783321454027,0.6200708652417419
0.3367783321454027,0.620185164018745
0.33686742694226657,0.620185164018745
0.33686742694226657,0.6202994627957481
0.33740199572344975,0.6202994627957481
0.33740199572344975,0.6204137615727512
0.3374910905203136,0.6204137615727512
0.3374910905203136,0.6205280603497543
0.33793656450463294,0.6205280603497543
0.33793656450463294,0.6206423591267574
0.3380256593014968,0.6206423591267574
0.3380256593014968,0.6208709566807635
0.33820384889522453,0.6208709566807635
0.33820384889522453,0.6209852554577666
0.33856022808268,0.6209852554577666
0.33856022808268,0.6210995542347697
0.33864932287954386,0.6210995542347697
0.33864932287954386,0.6212138530117728
0.3387384176764077,0.6212138530117728
0.3387384176764077,0.621442450565779
0.33891660727013545,0.621442450565779
0.33891660727013545,0.6217853468967882
0.33927298645759085,0.6217853468967882
0.33927298645759085,0.6218996456737913
0.3393620812544547,0.6218996456737913
0.3393620812544547,0.6220139444507944
0.3394511760513186,0.6220139444507944
0.3394511760513186,0.6221282432277975
0.33980755523877404,0.6221282432277975
0.33980755523877404,0.6223568407818036
0.34007483962936563,0.6223568407818036
0.34007483962936563,0.6224711395588067
0.3401639344262295,0.6224711395588067
0.3401639344262295,0.6225854383358098
0.3403421240199572,0.6225854383358098
0.3403421240199572,0.6231569322208252
0.3404312188168211,0.6231569322208252
0.3404312188168211,0.6232712309978283
0.3406985032074127,0.6232712309978283
0.3406985032074127,0.6236141273288376
0.34078759800427655,0.6236141273288376
0.34078759800427655,0.6238427248828438
0.34132216678545974,0.6238427248828438
0.34132216678545974,0.6239570236598468
0.34176764076977906,0.6239570236598468
0.34176764076977906,0.624185621213853
0.34203492516037065,0.624185621213853
0.34203492516037065,0.6247571150988684
0.3421240199572345,0.6247571150988684
0.3421240199572345,0.6251000114298777
0.3423913043478261,0.6251000114298777
0.3423913043478261,0.625442907760887
0.34292587312900924,0.625442907760887
0.34292587312900924,0.62555720653789
0.34310406272273697,0.62555720653789
0.34310406272273697,0.6257858040918962
0.34319315751960083,0.6257858040918962
0.34319315751960083,0.6259001028688993
0.3438168210976479,0.6259001028688993
0.3438168210976479,0.6260144016459024
0.34390591589451175,0.6260144016459024
0.34390591589451175,0.6262429991999086
0.3439950106913756,0.6262429991999086
0.3439950106913756,0.6263572979769116
0.34417320028510334,0.6263572979769116
0.34417320028510334,0.6265858955309178
0.3442622950819672,0.6265858955309178
0.3442622950819672,0.6267001943079209
0.34444048467569494,0.6267001943079209
0.34444048467569494,0.626814493084924
0.3445295794725588,0.626814493084924
0.3445295794725588,0.6270430906389302
0.34461867426942266,0.6270430906389302
0.34461867426942266,0.6271573894159332
0.3447968638631504,0.6271573894159332
0.3447968638631504,0.6272716881929363
0.34488595866001426,0.6272716881929363
0.34488595866001426,0.6273859869699394
0.34515324305060585,0.6273859869699394
0.34515324305060585,0.6275002857469425
0.3452423378474697,0.6275002857469425
0.3452423378474697,0.6276145845239456
0.3453314326443336,0.6276145845239456
0.3453314326443336,0.6277288833009487
0.3455096222380613,0.6277288833009487
0.3455096222380613,0.6278431820779518
0.34568781183178904,0.6278431820779518
0.34568781183178904,0.6280717796319579
0.3457769066286529,0.6280717796319579
0.3457769066286529,0.628186078408961
0.34586600142551677,0.628186078408961
0.34586600142551677,0.6283003771859641
0.3462223806129722,0.6283003771859641
0.3462223806129722,0.6286432735169734
0.3463114754098361,0.6286432735169734
0.3463114754098361,0.6288718710709795
0.3464896650035638,0.6288718710709795
0.3464896650035638,0.6291004686249857
0.34702423378474695,0.6291004686249857
0.34702423378474695,0.629443364955995
0.3472024233784747,0.629443364955995
0.3472024233784747,0.629557663732998
0.34729151817533854,0.629557663732998
0.34729151817533854,0.6297862612870042
0.3473806129722024,0.6297862612870042
0.3473806129722024,0.6300148588410104
0.34746970776906627,0.6300148588410104
0.34746970776906627,0.6301291576180135
0.34755880256593014,0.6301291576180135
0.34755880256593014,0.6302434563950166
0.347647897362794,0.6302434563950166
0.347647897362794,0.6304720539490227
0.34800427655024946,0.6304720539490227
0.34800427655024946,0.6305863527260258
0.3480933713471133,0.6305863527260258
0.3480933713471133,0.630814950280032
0.34827156094084105,0.630814950280032
0.34827156094084105,0.6310435478340382
0.3487170349251604,0.6310435478340382
0.3487170349251604,0.6318436392730598
0.3488952245188881,0.6318436392730598
0.3488952245188881,0.6319579380500628
0.34951888809693515,0.6319579380500628
0.34951888809693515,0.6320722368270659
0.34978617248752675,0.6320722368270659
0.34978617248752675,0.6323008343810721
0.3504989308624376,0.6323008343810721
0.3504989308624376,0.6324151331580752
0.35067712045616534,0.6324151331580752
0.35067712045616534,0.6325294319350783
0.35085531004989307,0.6325294319350783
0.35085531004989307,0.6326437307120814
0.35094440484675693,0.6326437307120814
0.35094440484675693,0.6328723282660875
0.3510334996436208,0.6328723282660875
0.3510334996436208,0.6329866270430906
0.3512116892373485,0.6329866270430906
0.3512116892373485,0.6332152245970968
0.3514789736279401,0.6332152245970968
0.3514789736279401,0.6333295233740999
0.3517462580185317,0.6333295233740999
0.3517462580185317,0.633443822151103
0.35219173200285103,0.633443822151103
0.35219173200285103,0.633558120928106
0.35263720598717035,0.633558120928106
0.35263720598717035,0.6336724197051091
0.3527263007840342,0.6336724197051091
0.3527263007840342,0.6337867184821122
0.3528153955808981,0.6337867184821122
0.3528153955808981,0.6343582123671276
0.3529935851746258,0.6343582123671276
0.3529935851746258,0.6344725111441307
0.35317177476835354,0.6344725111441307
0.35317177476835354,0.6347011086981369
0.35343905915894513,0.6347011086981369
0.35343905915894513,0.6349297062521431
0.35361724875267286,0.6349297062521431
0.35361724875267286,0.6351583038061492
0.35388453314326446,0.6351583038061492
0.35388453314326446,0.6352726025831523
0.35415181753385605,0.6352726025831523
0.35415181753385605,0.6353869013601554
0.35424091233071986,0.6353869013601554
0.35424091233071986,0.6356154989141616
0.35450819672131145,0.6356154989141616
0.35450819672131145,0.6357297976911647
0.3545972915181753,0.6357297976911647
0.3545972915181753,0.6358440964681678
0.35504276550249464,0.6358440964681678
0.35504276550249464,0.6359583952451708
0.3551318602993585,0.6359583952451708
0.3551318602993585,0.6360726940221739
0.35531004989308623,0.6360726940221739
0.35531004989308623,0.6366441879071894
0.3553991446899501,0.6366441879071894
0.3553991446899501,0.6367584866841924
0.3558446186742694,0.6367584866841924
0.3558446186742694,0.6369870842381986
0.3559337134711333,0.6369870842381986
0.3559337134711333,0.6371013830152017
0.35602280826799715,0.6371013830152017
0.35602280826799715,0.6372156817922048
0.35655737704918034,0.6372156817922048
0.35655737704918034,0.6373299805692079
0.3566464718460442,0.6373299805692079
0.3566464718460442,0.6376728769002171
0.3570919458303635,0.6376728769002171
0.3570919458303635,0.6379014744542233
0.3573592302209551,0.6379014744542233
0.3573592302209551,0.6380157732312264
0.357448325017819,0.6380157732312264
0.357448325017819,0.6381300720082295
0.3577156094084106,0.6381300720082295
0.3577156094084106,0.6382443707852326
0.3578937990021383,0.6382443707852326
0.3578937990021383,0.6383586695622356
0.3579828937990021,0.6383586695622356
0.3579828937990021,0.6384729683392387
0.358071988595866,0.6384729683392387
0.358071988595866,0.6385872671162418
0.35842836778332143,0.6385872671162418
0.35842836778332143,0.6387015658932449
0.3590520313613685,0.6387015658932449
0.3590520313613685,0.6389301634472511
0.35914112615823235,0.6389301634472511
0.35914112615823235,0.6390444622242542
0.3592302209550962,0.6390444622242542
0.3592302209550962,0.6391587610012572
0.3593193157519601,0.6391587610012572
0.3593193157519601,0.6393873585552634
0.3594975053456878,0.6393873585552634
0.3594975053456878,0.6396159561092696
0.35958660014255167,0.6396159561092696
0.35958660014255167,0.6398445536632758
0.35985388453314326,0.6398445536632758
0.35985388453314326,0.6399588524402788
0.36012116892373486,0.6399588524402788
0.36012116892373486,0.6400731512172819
0.3602102637205987,0.6400731512172819
0.3602102637205987,0.6404160475482912
0.36038845331432645,0.6404160475482912
0.36038845331432645,0.6406446451022975
0.3604775481111903,0.6406446451022975
0.3604775481111903,0.6407589438793005
0.3608339272986458,0.6407589438793005
0.3608339272986458,0.6408732426563036
0.36119030648610123,0.6408732426563036
0.36119030648610123,0.6411018402103098
0.36136849607982896,0.6411018402103098
0.36136849607982896,0.6412161389873129
0.3618139700641482,0.6412161389873129
0.3618139700641482,0.6414447365413191
0.36199215965787596,0.6414447365413191
0.36199215965787596,0.6415590353183221
0.3620812544547398,0.6415590353183221
0.3620812544547398,0.6416733340953252
0.3624376336421953,0.6416733340953252
0.3624376336421953,0.6419019316493314
0.36252672843905914,0.6419019316493314
0.36252672843905914,0.6420162304263345
0.362615823235923,0.6420162304263345
0.362615823235923,0.6421305292033376
0.36270491803278687,0.6421305292033376
0.36270491803278687,0.6422448279803407
0.3628831076265146,0.6422448279803407
0.3628831076265146,0.6423591267573437
0.36297220242337846,0.6423591267573437
0.36297220242337846,0.642702023088353
0.36323948681397006,0.642702023088353
0.36323948681397006,0.6428163218653561
0.3633285816108339,0.6428163218653561
0.3633285816108339,0.6432735169733684
0.36350677120456165,0.6432735169733684
0.36350677120456165,0.6435021145273746
0.36377405559515325,0.6435021145273746
0.36377405559515325,0.6437307120813808
0.3643977191732003,0.6437307120813808
0.3643977191732003,0.6438450108583839
0.364575908766928,0.6438450108583839
0.364575908766928,0.6441879071893931
0.3646650035637919,0.6441879071893931
0.3646650035637919,0.6444165047433993
0.36475409836065575,0.6444165047433993
0.36475409836065575,0.6446451022974055
0.3648431931575196,0.6446451022974055
0.3648431931575196,0.6447594010744085
0.3649322879543835,0.6447594010744085
0.3649322879543835,0.6448736998514116
0.36502138275124735,0.6448736998514116
0.36502138275124735,0.6449879986284147
0.3651995723449751,0.6449879986284147
0.3651995723449751,0.6451022974054178
0.36528866714183894,0.6451022974054178
0.36528866714183894,0.645330894959424
0.3653777619387028,0.645330894959424
0.3653777619387028,0.6454451937364271
0.36591233071988594,0.6454451937364271
0.36591233071988594,0.6459023888444394
0.36617961511047753,0.6459023888444394
0.36617961511047753,0.6460166876214425
0.3662687099073414,0.6460166876214425
0.3662687099073414,0.6461309863984456
0.3664468995010691,0.6461309863984456
0.3664468995010691,0.6462452851754487
0.366535994297933,0.6462452851754487
0.366535994297933,0.6465881815064579
0.36662508909479685,0.6465881815064579
0.36662508909479685,0.6468167790604641
0.3668032786885246,0.6468167790604641
0.3668032786885246,0.6470453766144703
0.3669814682822523,0.6470453766144703
0.3669814682822523,0.6472739741684764
0.3670705630791162,0.6472739741684764
0.3670705630791162,0.6478454680534919
0.3672487526728439,0.6478454680534919
0.3672487526728439,0.6479597668304949
0.36787241625089095,0.6479597668304949
0.36787241625089095,0.648074065607498
0.3680506058446187,0.648074065607498
0.3680506058446187,0.6481883643845011
0.3682287954383464,0.6481883643845011
0.3682287954383464,0.6485312607155104
0.36858517462580187,0.6485312607155104
0.36858517462580187,0.6486455594925135
0.36867426942266573,0.6486455594925135
0.36867426942266573,0.6487598582695165
0.36885245901639346,0.6487598582695165
0.36885245901639346,0.6489884558235227
0.36894155381325733,0.6489884558235227
0.36894155381325733,0.6492170533775289
0.3690306486101212,0.6492170533775289
0.3690306486101212,0.649331352154532
0.36947612259444046,0.649331352154532
0.36947612259444046,0.6495599497085381
0.36974340698503205,0.6495599497085381
0.36974340698503205,0.6496742484855412
0.3698325017818959,0.6496742484855412
0.3698325017818959,0.6499028460395474
0.37027797576621524,0.6499028460395474
0.37027797576621524,0.6500171448165505
0.37107982893799,0.6500171448165505
0.37107982893799,0.6501314435935536
0.3723271560940841,0.6501314435935536
0.3723271560940841,0.6502457423705567
0.37250534568781185,0.6502457423705567
0.37250534568781185,0.6504743399245628
0.3725944404846757,0.6504743399245628
0.3725944404846757,0.6505886387015659
0.37303991446899504,0.6505886387015659
0.37303991446899504,0.6508172362555721
0.3732181040627227,0.6508172362555721
0.3732181040627227,0.6510458338095783
0.3733071988595866,0.6510458338095783
0.3733071988595866,0.6511601325865813
0.37339629365645044,0.6511601325865813
0.37339629365645044,0.6512744313635844
0.37366357804704203,0.6512744313635844
0.37366357804704203,0.6515030289175906
0.3737526728439059,0.6515030289175906
0.3737526728439059,0.6516173276945937
0.3740199572344975,0.6516173276945937
0.3740199572344975,0.6518459252485999
0.3741981468282252,0.6518459252485999
0.3741981468282252,0.6519602240256029
0.37437633642195295,0.6519602240256029
0.37437633642195295,0.652074522802606
0.37464362081254454,0.652074522802606
0.37464362081254454,0.6523031203566122
0.375,0.6523031203566122
0.375,0.6527603154646245
0.37517818959372773,0.6527603154646245
0.37517818959372773,0.6528746142416276
0.3752672843905916,0.6528746142416276
0.3752672843905916,0.6531032117956338
0.3757127583749109,0.6531032117956338
0.3757127583749109,0.65333180934964
0.3758018531717748,0.65333180934964
0.3758018531717748,0.653446108126643
0.3759800427655025,0.653446108126643
0.3759800427655025,0.6535604069036461
0.37615823235923024,0.6535604069036461
0.37615823235923024,0.6536747056806492
0.3762473271560941,0.6536747056806492
0.3762473271560941,0.6537890044576523
0.3765146115466857,0.6537890044576523
0.3765146115466857,0.6539033032346554
0.3767818959372773,0.6539033032346554
0.3767818959372773,0.6541319007886616
0.37696008553100496,0.6541319007886616
0.37696008553100496,0.6542461995656647
0.3770491803278688,0.6542461995656647
0.3770491803278688,0.6543604983426677
0.3771382751247327,0.6543604983426677
0.3771382751247327,0.6544747971196708
0.3773164647184604,0.6544747971196708
0.3773164647184604,0.6545890958966739
0.3774055595153243,0.6545890958966739
0.3774055595153243,0.654703394673677
0.37776193870277974,0.654703394673677
0.37776193870277974,0.6549319922276832
0.3778510334996436,0.6549319922276832
0.3778510334996436,0.6550462910046863
0.37794012829650747,0.6550462910046863
0.37794012829650747,0.6555034861126986
0.37802922309337134,0.6555034861126986
0.37802922309337134,0.6557320836667048
0.3783856022808268,0.6557320836667048
0.3783856022808268,0.6558463824437079
0.37847469707769066,0.6558463824437079
0.37847469707769066,0.656074979997714
0.3785637918745545,0.656074979997714
0.3785637918745545,0.6561892787747171
0.37874198146828225,0.6561892787747171
0.37874198146828225,0.6564178763287233
0.37900926585887385,0.6564178763287233
0.37900926585887385,0.6565321751057264
0.3790983606557377,0.6565321751057264
0.3790983606557377,0.6566464738827295
0.3791874554526016,0.6566464738827295
0.3791874554526016,0.6567607726597325
0.37927655024946544,0.6567607726597325
0.37927655024946544,0.6571036689907418
0.3793656450463293,0.6571036689907418
0.3793656450463293,0.657332266544748
0.3796329294369209,0.657332266544748
0.3796329294369209,0.657446565321751
0.3798111190306486,0.657446565321751
0.3798111190306486,0.6575608640987541
0.3799002138275125,0.6575608640987541
0.3799002138275125,0.6577894616527603
0.3800784034212402,0.6577894616527603
0.3800784034212402,0.6579037604297634
0.3801674982181041,0.6579037604297634
0.3801674982181041,0.6581323579837696
0.38025659301496795,0.6581323579837696
0.38025659301496795,0.6583609555377757
0.3804347826086957,0.6583609555377757
0.3804347826086957,0.6585895530917819
0.3807911617961511,0.6585895530917819
0.3807911617961511,0.658703851868785
0.3809693513898788,0.658703851868785
0.3809693513898788,0.6589324494227912
0.38105844618674267,0.6589324494227912
0.38105844618674267,0.6591610469767973
0.38132573057733427,0.6591610469767973
0.38132573057733427,0.6595039433078066
0.381503920171062,0.6595039433078066
0.381503920171062,0.6596182420848097
0.38159301496792586,0.6596182420848097
0.38159301496792586,0.6597325408618128
0.3817712045616536,0.6597325408618128
0.3817712045616536,0.6599611384158189
0.3819493941553813,0.6599611384158189
0.3819493941553813,0.660075437192822
0.3822166785459729,0.660075437192822
0.3822166785459729,0.6603040347468282
0.3823057733428368,0.6603040347468282
0.3823057733428368,0.6605326323008344
0.38239486813970064,0.6605326323008344
0.38239486813970064,0.6606469310778375
0.38257305773342837,0.6606469310778375
0.38257305773342837,0.6608755286318436
0.3827512473271561,0.6608755286318436
0.3827512473271561,0.6609898274088467
0.3829294369208838,0.6609898274088467
0.3829294369208838,0.6612184249628529
0.3830185317177477,0.6612184249628529
0.3830185317177477,0.6615613212938621
0.3831967213114754,0.6615613212938621
0.3831967213114754,0.6619042176248714
0.38364219529579474,0.6619042176248714
0.38364219529579474,0.6622471139558807
0.3837312900926586,0.6622471139558807
0.3837312900926586,0.6623614127328837
0.38408766928011406,0.6623614127328837
0.38408766928011406,0.6624757115098868
0.3844440484675695,0.6624757115098868
0.3844440484675695,0.6625900102868899
0.38453314326443333,0.6625900102868899
0.38453314326443333,0.662704309063893
0.3848004276550249,0.662704309063893
0.3848004276550249,0.6632758029489084
0.38524590163934425,0.6632758029489084
0.38524590163934425,0.6633901017259115
0.385424091233072,0.6633901017259115
0.385424091233072,0.6635044005029146
0.38578047042052743,0.6635044005029146
0.38578047042052743,0.6636186992799177
0.3858695652173913,0.6636186992799177
0.3858695652173913,0.6638472968339239
0.3861368496079829,0.6638472968339239
0.3861368496079829,0.6639615956109269
0.3863150392017106,0.6639615956109269
0.3863150392017106,0.66407589438793
0.3866714183891661,0.66407589438793
0.3866714183891661,0.6641901931649331
0.3868496079828938,0.6641901931649331
0.3868496079828938,0.6644187907189393
0.3871168923734854,0.6644187907189393
0.3871168923734854,0.6647616870499485
0.38720598717034926,0.6647616870499485
0.38720598717034926,0.6648759858269516
0.38729508196721313,0.6648759858269516
0.38729508196721313,0.6649902846039547
0.38747327156094086,0.6649902846039547
0.38747327156094086,0.6651045833809578
0.3875623663578047,0.6651045833809578
0.3875623663578047,0.665333180934964
0.38774055595153245,0.665333180934964
0.38774055595153245,0.665447479711967
0.3880969351389879,0.665447479711967
0.3880969351389879,0.6656760772659732
0.3881860299358518,0.6656760772659732
0.3881860299358518,0.6659046748199794
0.3882751247327156,0.6659046748199794
0.3882751247327156,0.6660189735969825
0.3885424091233072,0.6660189735969825
0.3885424091233072,0.6661332723739856
0.38863150392017104,0.6661332723739856
0.38863150392017104,0.6662475711509886
0.3887205987170349,0.6662475711509886
0.3887205987170349,0.6664761687049948
0.38907697790449036,0.6664761687049948
0.38907697790449036,0.666704766259001
0.38934426229508196,0.666704766259001
0.38934426229508196,0.6669333638130072
0.38961154668567355,0.6669333638130072
0.38961154668567355,0.6670476625900102
0.3897006414825374,0.6670476625900102
0.3897006414825374,0.6671619613670133
0.3897897362794013,0.6671619613670133
0.3897897362794013,0.6672762601440164
0.39014611546685674,0.6672762601440164
0.39014611546685674,0.6673905589210195
0.3902352102637206,0.6673905589210195
0.3902352102637206,0.6675048576980226
0.3907697790449038,0.6675048576980226
0.3907697790449038,0.6678477540290318
0.39085887384176765,0.6678477540290318
0.39085887384176765,0.6679620528060349
0.3912152530292231,0.6679620528060349
0.3912152530292231,0.668076351583038
0.39183891660727016,0.668076351583038
0.39183891660727016,0.6681906503600411
0.39219529579472556,0.6681906503600411
0.39219529579472556,0.6683049491370442
0.3923734853884533,0.6683049491370442
0.3923734853884533,0.6684192479140473
0.39246258018531716,0.6684192479140473
0.39246258018531716,0.6687621442450565
0.3926407697790449,0.6687621442450565
0.3926407697790449,0.6689907417990627
0.39353171774768353,0.6689907417990627
0.39353171774768353,0.6697908332380843
0.393888096935139,0.6697908332380843
0.393888096935139,0.6699051320150874
0.3948681397006415,0.6699051320150874
0.3948681397006415,0.6701337295690936
0.39495723449750536,0.6701337295690936
0.39495723449750536,0.6703623271230997
0.3950463292943692,0.6703623271230997
0.3950463292943692,0.6704766259001028
0.3951354240912331,0.6704766259001028
0.3951354240912331,0.6705909246771059
0.3954027084818247,0.6705909246771059
0.3954027084818247,0.670705223454109
0.3955808980755524,0.670705223454109
0.3955808980755524,0.6708195222311121
0.39584818246614395,0.6708195222311121
0.39584818246614395,0.6710481197851182
0.3959372772630078,0.6710481197851182
0.3959372772630078,0.6712767173391244
0.3960263720598717,0.6712767173391244
0.3960263720598717,0.6713910161161275
0.39638275124732714,0.6713910161161275
0.39638275124732714,0.6715053148931306
0.39656094084105487,0.6715053148931306
0.39656094084105487,0.6716196136701337
0.3969173200285103,0.6716196136701337
0.3969173200285103,0.6717339124471368
0.3972736992159658,0.6717339124471368
0.3972736992159658,0.6718482112241398
0.39736279401282965,0.6718482112241398
0.39736279401282965,0.6721911075551492
0.39789736279401283,0.6721911075551492
0.39789736279401283,0.6725340038861585
0.3979864575908767,0.6725340038861585
0.3979864575908767,0.6726483026631616
0.398431931575196,0.6726483026631616
0.398431931575196,0.6727626014401646
0.3985210263720599,0.6727626014401646
0.3985210263720599,0.6729911989941708
0.3987883107626515,0.6729911989941708
0.3987883107626515,0.6731054977711739
0.39887740555951534,0.6731054977711739
0.39887740555951534,0.673219796548177
0.3989665003563792,0.673219796548177
0.3989665003563792,0.6735626928791862
0.3995010691375624,0.6735626928791862
0.3995010691375624,0.6736769916561893
0.39959016393442626,0.6736769916561893
0.39959016393442626,0.6737912904331924
0.39976835352815393,0.6737912904331924
0.39976835352815393,0.6739055892101955
0.39994654312188166,0.6739055892101955
0.39994654312188166,0.6740198879871986
0.400392017106201,0.6740198879871986
0.400392017106201,0.6743627843182078
0.40048111190306485,0.6743627843182078
0.40048111190306485,0.6744770830952109
0.4006593014967926,0.6744770830952109
0.4006593014967926,0.674591381872214
0.40074839629365644,0.674591381872214
0.40074839629365644,0.6747056806492171
0.4008374910905203,0.6747056806492171
0.4008374910905203,0.6750485769802264
0.40092658588738417,0.6750485769802264
0.40092658588738417,0.6751628757572294
0.40101568068424803,0.6751628757572294
0.40101568068424803,0.6753914733112356
0.4013720598717035,0.6753914733112356
0.4013720598717035,0.6756200708652418
0.40146115466856735,0.6756200708652418
0.40146115466856735,0.675962967196251
0.4015502494654312,0.675962967196251
0.4015502494654312,0.6760772659732541
0.4016393442622951,0.6760772659732541
0.4016393442622951,0.6763058635272603
0.40244119743406986,0.6763058635272603
0.40244119743406986,0.6765344610812665
0.4030648610121169,0.6765344610812665
0.4030648610121169,0.6768773574122757
0.4031539558089808,0.6768773574122757
0.4031539558089808,0.6769916561892788
0.40324305060584464,0.6769916561892788
0.40324305060584464,0.6771059549662819
0.4033321454027085,0.6771059549662819
0.4033321454027085,0.677220253743285
0.40359942979330005,0.677220253743285
0.40359942979330005,0.6773345525202881
0.4036885245901639,0.6773345525202881
0.4036885245901639,0.6774488512972912
0.4037776193870278,0.6774488512972912
0.4037776193870278,0.6775631500742942
0.4039558089807555,0.6775631500742942
0.4039558089807555,0.6776774488512973
0.40404490377761937,0.6776774488512973
0.40404490377761937,0.6777917476283004
0.40413399857448323,0.6777917476283004
0.40413399857448323,0.6779060464053035
0.4042230933713471,0.6779060464053035
0.4042230933713471,0.6780203451823066
0.4044012829650748,0.6780203451823066
0.4044012829650748,0.6782489427363128
0.4044903777619387,0.6782489427363128
0.4044903777619387,0.6783632415133158
0.4046685673556664,0.6783632415133158
0.4046685673556664,0.6784775402903189
0.4047576621525303,0.6784775402903189
0.4047576621525303,0.678591839067322
0.4050249465431219,0.678591839067322
0.4050249465431219,0.6788204366213282
0.40511404133998574,0.6788204366213282
0.40511404133998574,0.6789347353983313
0.40529223093371347,0.6789347353983313
0.40529223093371347,0.6790490341753344
0.40555951532430506,0.6790490341753344
0.40555951532430506,0.6791633329523374
0.40564861012116893,0.6791633329523374
0.40564861012116893,0.6793919305063436
0.4059158945117605,0.6793919305063436
0.4059158945117605,0.6796205280603498
0.4060049893086244,0.6796205280603498
0.4060049893086244,0.6797348268373529
0.4061831789023521,0.6797348268373529
0.4061831789023521,0.679849125614356
0.40636136849607984,0.679849125614356
0.40636136849607984,0.679963424391359
0.40680684248039917,0.679963424391359
0.40680684248039917,0.6800777231683621
0.4069850320741269,0.6800777231683621
0.4069850320741269,0.6801920219453652
0.40743050605844616,0.6801920219453652
0.40743050605844616,0.6804206194993714
0.40751960085531,0.6804206194993714
0.40751960085531,0.6806492170533776
0.40769779044903776,0.6806492170533776
0.40769779044903776,0.6807635158303806
0.4078759800427655,0.6807635158303806
0.4078759800427655,0.6808778146073837
0.4081432644333571,0.6808778146073837
0.4081432644333571,0.6811064121613899
0.40823235923022094,0.6811064121613899
0.40823235923022094,0.6813350097153961
0.4083214540270848,0.6813350097153961
0.4083214540270848,0.6816779060464053
0.40841054882394867,0.6816779060464053
0.40841054882394867,0.6822493999314208
0.40849964362081254,0.6822493999314208
0.40849964362081254,0.6823636987084238
0.408856022808268,0.6823636987084238
0.408856022808268,0.6824779974854269
0.40894511760513186,0.6824779974854269
0.40894511760513186,0.6827065950394331
0.4090342124019957,0.6827065950394331
0.4090342124019957,0.6828208938164362
0.40921240199572345,0.6828208938164362
0.40921240199572345,0.6830494913704424
0.4093014967925873,0.6830494913704424
0.4093014967925873,0.6831637901474454
0.4093905915894512,0.6831637901474454
0.4093905915894512,0.6832780889244485
0.4095687811831789,0.6832780889244485
0.4095687811831789,0.6833923877014516
0.40992516037063437,0.6833923877014516
0.40992516037063437,0.6835066864784547
0.41001425516749823,0.6835066864784547
0.41001425516749823,0.683849582809464
0.41019244476122596,0.683849582809464
0.41019244476122596,0.683963881586467
0.4102815395580898,0.683963881586467
0.4102815395580898,0.6840781803634701
0.4103706343549537,0.6840781803634701
0.4103706343549537,0.6846496742484856
0.4105488239486814,0.6846496742484856
0.4105488239486814,0.6848782718024917
0.4106379187455453,0.6848782718024917
0.4106379187455453,0.6851068693564979
0.41108339272986455,0.6851068693564979
0.41108339272986455,0.6854497656875072
0.4111724875267284,0.6854497656875072
0.4111724875267284,0.6856783632415133
0.41233071988595865,0.6856783632415133
0.41233071988595865,0.6859069607955195
0.4126870990734141,0.6859069607955195
0.412776193870278,0.6860212595725226
0.4129543834640057,0.6860212595725226
0.4129543834640057,0.6863641559035318
0.41304347826086957,0.6863641559035318
0.41304347826086957,0.6864784546805349
0.41331076265146116,0.6864784546805349
0.41331076265146116,0.686592753457538
0.4134889522451889,0.686592753457538
0.4134889522451889,0.6867070522345411
0.4136671418389166,0.6867070522345411
0.4136671418389166,0.6868213510115442
0.4137562366357805,0.6868213510115442
0.4137562366357805,0.6869356497885473
0.4140235210263721,0.6869356497885473
0.4140235210263721,0.6870499485655504
0.4142017106200998,0.6870499485655504
0.4142017106200998,0.6871642473425534
0.41455808980755526,0.6871642473425534
0.41455808980755526,0.6875071436735627
0.41464718460441913,0.6875071436735627
0.41464718460441913,0.687850040004572
0.41544903777619385,0.687850040004572
0.41544903777619385,0.687964338781575
0.4156272273699216,0.687964338781575
0.4156272273699216,0.6880786375585781
0.41571632216678545,0.6880786375585781
0.41571632216678545,0.6881929363355812
0.4158054169636493,0.6881929363355812
0.4158054169636493,0.6883072351125843
0.41598360655737704,0.6883072351125843
0.41598360655737704,0.6884215338895874
0.4160727013542409,0.6884215338895874
0.4160727013542409,0.6885358326665905
0.4166072701354241,0.6885358326665905
0.4166072701354241,0.6886501314435935
0.4167854597291518,0.6886501314435935
0.4167854597291518,0.6888787289975997
0.4171418389166073,0.6888787289975997
0.4171418389166073,0.6889930277746028
0.41723093371347114,0.6889930277746028
0.41723093371347114,0.6893359241056121
0.41749821810406273,0.6893359241056121
0.41749821810406273,0.6896788204366213
0.41767640769779046,0.6896788204366213
0.41767640769779046,0.6899074179906275
0.41776550249465433,0.6899074179906275
0.41776550249465433,0.6900217167676306
0.4180327868852459,0.6900217167676306
0.4180327868852459,0.6901360155446337
0.4181218816821098,0.6901360155446337
0.4181218816821098,0.6903646130986398
0.41847826086956524,0.6903646130986398
0.41847826086956524,0.6904789118756429
0.4187455452601568,0.6904789118756429
0.4187455452601568,0.6907075094296491
0.41883464005702065,0.6907075094296491
0.41883464005702065,0.6909361069836553
0.4190128296507484,0.6909361069836553
0.4190128296507484,0.6910504057606583
0.41928011404133997,0.6910504057606583
0.41928011404133997,0.6911647045376614
0.41954739843193156,0.6911647045376614
0.41954739843193156,0.6912790033146645
0.41981468282252316,0.6912790033146645
0.41981468282252316,0.6915076008686707
0.419903777619387,0.6915076008686707
0.419903777619387,0.6916218996456738
0.4199928724162509,0.6916218996456738
0.4199928724162509,0.69185049719968
0.42008196721311475,0.69185049719968
0.42008196721311475,0.6920790947536861
0.4207056307911618,0.6920790947536861
0.4207056307911618,0.6923076923076923
0.4209729151817534,0.6923076923076923
0.4209729151817534,0.6924219910846954
0.42159657875980044,0.6924219910846954
0.42159657875980044,0.6925362898616985
0.4216856735566643,0.6925362898616985
0.4216856735566643,0.6926505886387015
0.4219529579472559,0.6926505886387015
0.4219529579472559,0.6928791861927077
0.42204205274411977,0.6928791861927077
0.42204205274411977,0.6931077837467139
0.4227548111190306,0.6931077837467139
0.4227548111190306,0.693222082523717
0.4231111903064861,0.693222082523717
0.4231111903064861,0.6933363813007201
0.4232893799002138,0.6933363813007201
0.4232893799002138,0.6936792776317293
0.42346756949394154,0.6936792776317293
0.42346756949394154,0.6937935764087324
0.423823948681397,0.6937935764087324
0.423823948681397,0.6939078751857355
0.42391304347826086,0.6939078751857355
0.42391304347826086,0.6940221739627386
0.42400213827512473,0.6940221739627386
0.42400213827512473,0.6941364727397417
0.4240912330719886,0.6941364727397417
0.4240912330719886,0.6943650702937478
0.42418032786885246,0.6943650702937478
0.42418032786885246,0.6944793690707509
0.4242694226657163,0.6944793690707509
0.4242694226657163,0.694593667847754
0.4243585174625802,0.694593667847754
0.4243585174625802,0.6947079666247571
0.42471489665003564,0.6947079666247571
0.42471489665003564,0.6948222654017602
0.42516037063435497,0.6948222654017602
0.42516037063435497,0.6949365641787633
0.42524946543121883,0.6949365641787633
0.42524946543121883,0.6951651617327694
0.42542765502494656,0.6951651617327694
0.42542765502494656,0.6956223568407818
0.4261404133998574,0.6956223568407818
0.4261404133998574,0.695965253171791
0.4262295081967213,0.695965253171791
0.4262295081967213,0.6960795519487941
0.42631860299358515,0.6960795519487941
0.42631860299358515,0.6961938507257972
0.42658588738417674,0.6961938507257972
0.42658588738417674,0.6964224482798034
0.4266749821810406,0.6964224482798034
0.4266749821810406,0.6967653446108126
0.42676407697790447,0.6967653446108126
0.42676407697790447,0.6971082409418219
0.4269422665716322,0.6971082409418219
0.4269422665716322,0.697222539718825
0.42703136136849607,0.697222539718825
0.42703136136849607,0.6974511372728311
0.4273877405559515,0.6974511372728311
0.4273877405559515,0.6977940336038404
0.42783321454027085,0.6977940336038404
0.42783321454027085,0.6980226311578466
0.4280114041339986,0.6980226311578466
0.4280114041339986,0.6981369299348497
0.42810049893086244,0.6981369299348497
0.42810049893086244,0.6983655274888558
0.42854597291518176,0.6983655274888558
0.42854597291518176,0.698594125042862
0.4292587312900927,0.698594125042862
0.4292587312900927,0.6987084238198651
0.42934782608695654,0.6987084238198651
0.42934782608695654,0.6989370213738713
0.42952601568068427,0.6989370213738713
0.42952601568068427,0.6991656189278774
0.42961511047754813,0.6991656189278774
0.42961511047754813,0.6992799177048805
0.42988239486813973,0.6992799177048805
0.42988239486813973,0.6995085152588867
0.4300605844618674,0.6995085152588867
0.4300605844618674,0.6997371128128929
0.43014967925873127,0.6997371128128929
0.43014967925873127,0.699965710366899
0.43023877405559513,0.699965710366899
0.43023877405559513,0.7000800091439021
0.430327868852459,0.7000800091439021
0.430327868852459,0.7001943079209052
0.4305060584461867,0.7001943079209052
0.4305060584461867,0.7008801005829237
0.43068424803991445,0.7008801005829237
0.43068424803991445,0.7009943993599268
0.4307733428367783,0.7009943993599268
0.4307733428367783,0.7011086981369299
0.43095153243050605,0.7011086981369299
0.43095153243050605,0.701222996913933
0.4311297220242338,0.701222996913933
0.4311297220242338,0.7013372956909361
0.43139700641482537,0.7013372956909361
0.43139700641482537,0.7014515944679391
0.43148610121168923,0.7014515944679391
0.43148610121168923,0.7015658932449422
0.43166429080541696,0.7015658932449422
0.43166429080541696,0.7016801920219453
0.4317533856022808,0.7016801920219453
0.4317533856022808,0.7017944907989484
0.4320206699928724,0.7017944907989484
0.4320206699928724,0.7019087895759515
0.43246614397719174,0.7019087895759515
0.43246614397719174,0.7020230883529546
0.4325552387740556,0.7020230883529546
0.4325552387740556,0.7021373871299577
0.43264433357091947,0.7021373871299577
0.43264433357091947,0.7022516859069607
0.4328225231646472,0.7022516859069607
0.4328225231646472,0.7024802834609669
0.4332679971489665,0.7024802834609669
0.4332679971489665,0.70259458223797
0.4337134711332858,0.70259458223797
0.4337134711332858,0.7027088810149731
0.43380256593014965,0.7027088810149731
0.43380256593014965,0.7028231797919762
0.4338916607270135,0.7028231797919762
0.4338916607270135,0.7029374785689793
0.43406985032074125,0.7029374785689793
0.43406985032074125,0.7032803748999886
0.4344262295081967,0.7032803748999886
0.4344262295081967,0.7033946736769917
0.43451532430506057,0.7033946736769917
0.43451532430506057,0.7036232712309979
0.4346935138987883,0.7036232712309979
0.4346935138987883,0.703737570008001
0.43478260869565216,0.703737570008001
0.43478260869565216,0.7040804663390102
0.4354062722736992,0.7040804663390102
0.4354062722736992,0.7043090638930164
0.4354953670705631,0.7043090638930164
0.4354953670705631,0.7044233626700195
0.4356735566642908,0.7044233626700195
0.4356735566642908,0.7045376614470226
0.436208125445474,0.7045376614470226
0.436208125445474,0.7047662590010287
0.4366535994297933,0.7047662590010287
0.4366535994297933,0.7048805577780318
0.4369208838203849,0.7048805577780318
0.4369208838203849,0.705109155332038
0.4370099786172488,0.705109155332038
0.4370099786172488,0.7052234541090411
0.4375445473984319,0.7052234541090411
0.4375445473984319,0.7053377528860442
0.43790092658588736,0.7053377528860442
0.43790092658588736,0.7054520516630473
0.4379900213827512,0.7054520516630473
0.4379900213827512,0.7056806492170534
0.4380791161796151,0.7056806492170534
0.4380791161796151,0.7057949479940565
0.4383464005702067,0.7057949479940565
0.4383464005702067,0.7060235455480627
0.438791874554526,0.7060235455480627
0.438791874554526,0.7061378443250658
0.43897006414825374,0.7061378443250658
0.43897006414825374,0.7062521431020689
0.4390591589451176,0.7062521431020689
0.4390591589451176,0.7063664418790719
0.43923734853884533,0.7063664418790719
0.43923734853884533,0.706480740656075
0.4393264433357092,0.706480740656075
0.4393264433357092,0.7068236369870843
0.43941553813257306,0.7068236369870843
0.43941553813257306,0.7072808320950966
0.4403064861012117,0.7072808320950966
0.4403064861012117,0.7073951308720997
0.44066286528866716,0.7073951308720997
0.44066286528866716,0.7076237284261059
0.440751960085531,0.7076237284261059
0.440751960085531,0.707738027203109
0.4411083392729865,0.707738027203109
0.4411083392729865,0.7079666247571151
0.44119743406985035,0.7079666247571151
0.44119743406985035,0.7080809235341182
0.4414647184604419,0.7080809235341182
0.4414647184604419,0.7081952223111213
0.44155381325730575,0.7081952223111213
0.44155381325730575,0.7083095210881244
0.4416429080541696,0.7083095210881244
0.4416429080541696,0.7089953137501429
0.44182109764789734,0.7089953137501429
0.44182109764789734,0.7092239113041491
0.4419101924447612,0.7092239113041491
0.4419101924447612,0.7093382100811522
0.44199928724162507,0.7093382100811522
0.44199928724162507,0.7094525088581553
0.4421774768353528,0.7094525088581553
0.4421774768353528,0.7095668076351583
0.4424447612259444,0.7095668076351583
0.4424447612259444,0.7096811064121614
0.44280114041339985,0.7096811064121614
0.44280114041339985,0.7097954051891645
0.4428902352102637,0.7097954051891645
0.4428902352102637,0.7099097039661676
0.4429793300071276,0.7099097039661676
0.4429793300071276,0.7100240027431707
0.44306842480399145,0.7100240027431707
0.44306842480399145,0.7101383015201738
0.44360299358517463,0.7101383015201738
0.44360299358517463,0.710481197851183
0.4438702779757662,0.710481197851183
0.4438702779757662,0.7109383929591954
0.44404846756949395,0.7109383929591954
0.44404846756949395,0.7112812892902046
0.4442266571632217,0.7112812892902046
0.4442266571632217,0.7113955880672077
0.44431575196008555,0.7113955880672077
0.44431575196008555,0.7116241856212139
0.444672131147541,0.7116241856212139
0.444672131147541,0.7125385758372386
0.44485032074126873,0.7125385758372386
0.44485032074126873,0.7126528746142416
0.44520669992872414,0.7126528746142416
0.44520669992872414,0.7127671733912447
0.44547398431931573,0.7127671733912447
0.44547398431931573,0.713110069722254
0.4455630791161796,0.713110069722254
0.4455630791161796,0.7132243684992571
0.4460085531004989,0.7132243684992571
0.4460085531004989,0.7133386672762602
0.4460976478973628,0.7133386672762602
0.4460976478973628,0.7136815636072694
0.4465431218816821,0.7136815636072694
0.4465431218816821,0.7140244599382787
0.44663221667854597,0.7140244599382787
0.44663221667854597,0.7143673562692879
0.44689950106913756,0.7143673562692879
0.44689950106913756,0.7145959538232941
0.4470776906628653,0.7145959538232941
0.4470776906628653,0.7148245513773003
0.447255880256593,0.7148245513773003
0.447255880256593,0.7150531489313064
0.44743406985032075,0.7150531489313064
0.44743406985032075,0.7151674477083095
0.4475231646471846,0.7151674477083095
0.4475231646471846,0.7155103440393188
0.4476122594440485,0.7155103440393188
0.4476122594440485,0.7159675391473311
0.4477904490377762,0.7159675391473311
0.4477904490377762,0.7161961367013373
0.44787954383464007,0.7161961367013373
0.44787954383464007,0.7163104354783404
0.44796863863150393,0.7163104354783404
0.44796863863150393,0.7164247342553435
0.4485032074126871,0.7164247342553435
0.4485032074126871,0.7165390330323466
0.448592302209551,0.7165390330323466
0.448592302209551,0.7166533318093496
0.4488595866001426,0.7166533318093496
0.4488595866001426,0.7167676305863527
0.44903777619387025,0.7167676305863527
0.44903777619387025,0.7168819293633558
0.4493941553813257,0.7168819293633558
0.4493941553813257,0.7172248256943651
0.44957234497505344,0.7172248256943651
0.44957234497505344,0.7173391244713682
0.44975053456878117,0.7173391244713682
0.44975053456878117,0.7174534232483712
0.4499287241625089,0.7174534232483712
0.4499287241625089,0.7175677220253743
0.4504632929436921,0.7175677220253743
0.4504632929436921,0.7176820208023774
0.4506414825374198,0.7176820208023774
0.4506414825374198,0.7179106183563836
0.4507305773342837,0.7179106183563836
0.4507305773342837,0.7180249171333867
0.4509087669280114,0.7180249171333867
0.4509087669280114,0.7181392159103898
0.45135424091233073,0.7181392159103898
0.45135424091233073,0.7182535146873928
0.4514433357091946,0.7182535146873928
0.4514433357091946,0.7183678134643959
0.4516215253029223,0.7183678134643959
0.4516215253029223,0.718482112241399
0.45179971489665005,0.718482112241399
0.45179971489665005,0.7187107097954052
0.45233428367783324,0.7187107097954052
0.45233428367783324,0.7188250085724083
0.45269066286528864,0.7188250085724083
0.45269066286528864,0.7189393073494114
0.4534925160370634,0.7189393073494114
0.4534925160370634,0.7190536061264144
0.4535816108339273,0.7190536061264144
0.4535816108339273,0.7191679049034175
0.45367070563079115,0.7191679049034175
0.45367070563079115,0.7192822036804206
0.4538488952245189,0.7192822036804206
0.4538488952245189,0.7193965024574237
0.45393799002138274,0.7193965024574237
0.45393799002138274,0.719853697565436
0.45447255880256593,0.719853697565436
0.45447255880256593,0.7199679963424391
0.45465074839629366,0.7199679963424391
0.45465074839629366,0.7203108926734484
0.4547398431931575,0.7203108926734484
0.4547398431931575,0.7204251914504515
0.4548289379900214,0.7204251914504515
0.4548289379900214,0.7205394902274546
0.45491803278688525,0.7205394902274546
0.45491803278688525,0.7207680877814607
0.4550071275837491,0.7207680877814607
0.4550071275837491,0.7208823865584638
0.455096222380613,0.7208823865584638
0.455096222380613,0.7209966853354669
0.45545260156806844,0.7209966853354669
0.45545260156806844,0.72111098411247
0.45563079116179617,0.72111098411247
0.45563079116179617,0.7212252828894731
0.45571988595866003,0.7212252828894731
0.45571988595866003,0.7213395816664762
0.4558089807555239,0.7213395816664762
0.4558089807555239,0.7214538804434792
0.4559871703492516,0.7214538804434792
0.4559871703492516,0.7215681792204823
0.45616535994297935,0.7215681792204823
0.45616535994297935,0.7217967767744885
0.45652173913043476,0.7217967767744885
0.45652173913043476,0.7219110755514916
0.45723449750534567,0.7219110755514916
0.45723449750534567,0.7221396731054978
0.45732359230220954,0.7221396731054978
0.45732359230220954,0.7222539718825008
0.4574126870990734,0.7222539718825008
0.4574126870990734,0.7225968682135101
0.45803635067712045,0.7225968682135101
0.45803635067712045,0.7227111669905132
0.4581254454739843,0.7227111669905132
0.4581254454739843,0.7228254657675163
0.4582145402708482,0.7228254657675163
0.4582145402708482,0.7229397645445194
0.45874910905203137,0.7229397645445194
0.45874910905203137,0.7230540633215224
0.45901639344262296,0.7230540633215224
0.45901639344262296,0.7231683620985255
0.4591945830363507,0.7231683620985255
0.4591945830363507,0.7233969596525317
0.45955096222380615,0.7233969596525317
0.45955096222380615,0.7235112584295348
0.4597291518175339,0.7235112584295348
0.4597291518175339,0.7236255572065379
0.45981824661439774,0.7236255572065379
0.45981824661439774,0.723739855983541
0.4599073414112616,0.723739855983541
0.4599073414112616,0.723854154760544
0.46008553100498933,0.723854154760544
0.46008553100498933,0.7239684535375471
0.460263720598717,0.7239684535375471
0.460263720598717,0.7241970510915533
0.46044191019244474,0.7241970510915533
0.46044191019244474,0.7243113498685564
0.46070919458303633,0.7243113498685564
0.46070919458303633,0.7244256486455595
0.4607982893799002,0.7244256486455595
0.4607982893799002,0.7245399474225626
0.4610655737704918,0.7245399474225626
0.4610655737704918,0.7246542461995656
0.4613328581610834,0.7246542461995656
0.4613328581610834,0.7247685449765687
0.46168923734853884,0.7247685449765687
0.46168923734853884,0.7248828437535718
0.4617783321454027,0.7248828437535718
0.4617783321454027,0.7249971425305749
0.46195652173913043,0.7249971425305749
0.46195652173913043,0.7253400388615842
0.4623129009265859,0.7253400388615842
0.4623129009265859,0.7255686364155903
0.46266928011404135,0.7255686364155903
0.46266928011404135,0.7256829351925934
0.46293656450463294,0.7256829351925934
0.46293656450463294,0.7257972339695965
0.46311475409836067,0.7257972339695965
0.46311475409836067,0.7261401303006058
0.46347113328581613,0.7261401303006058
0.46347113328581613,0.7262544290776088
0.46356022808268,0.7262544290776088
0.46356022808268,0.7263687278546119
0.4637384176764077,0.7263687278546119
0.4637384176764077,0.726483026631615
0.4638275124732716,0.726483026631615
0.4638275124732716,0.7268259229626243
0.4640057020669993,0.7268259229626243
0.4640057020669993,0.7269402217396274
0.464183891660727,0.7269402217396274
0.464183891660727,0.7273974168476397
0.46427298645759085,0.7273974168476397
0.46427298645759085,0.7275117156246428
0.4654312188168211,0.7275117156246428
0.4654312188168211,0.727854611955652
0.46578759800427655,0.727854611955652
0.46578759800427655,0.7279689107326551
0.4658766928011404,0.7279689107326551
0.4659657875980043,0.7280832095096582
0.4659657875980043,0.7281975082866613
0.466143977191732,0.7281975082866613
0.466143977191732,0.7284261058406675
0.4666785459729152,0.7284261058406675
0.4666785459729152,0.7285404046176706
0.46676764076977906,0.7285404046176706
0.46676764076977906,0.7287690021716767
0.46703492516037065,0.7287690021716767
0.46703492516037065,0.7288833009486798
0.4671240199572345,0.7288833009486798
0.4671240199572345,0.7292261972796891
0.4672131147540984,0.7292261972796891
0.4672131147540984,0.7293404960566922
0.46730220955096224,0.7293404960566922
0.46730220955096224,0.7294547948336952
0.46748039914469,0.7294547948336952
0.46748039914469,0.7297976911647045
0.46756949394155384,0.7297976911647045
0.46756949394155384,0.7302548862727168
0.4676585887384177,0.7302548862727168
0.4676585887384177,0.7305977826037261
0.4680149679258731,0.7305977826037261
0.4680149679258731,0.7307120813807292
0.46810406272273697,0.7307120813807292
0.46810406272273697,0.7310549777117384
0.4684604419101924,0.7310549777117384
0.4684604419101924,0.7311692764887415
0.46863863150392016,0.7311692764887415
0.46863863150392016,0.7313978740427477
0.468727726300784,0.7313978740427477
0.468727726300784,0.7316264715967539
0.4688168210976479,0.7316264715967539
0.4688168210976479,0.731740770373757
0.4689950106913756,0.731740770373757
0.4689950106913756,0.73185506915076
0.4690841054882395,0.73185506915076
0.4690841054882395,0.7323122642587724
0.46917320028510334,0.7323122642587724
0.46917320028510334,0.7326551605897816
0.4697968638631504,0.7326551605897816
0.4697968638631504,0.7327694593667847
0.47015324305060585,0.7327694593667847
0.47015324305060585,0.7328837581437878
0.47042052744119744,0.7328837581437878
0.47042052744119744,0.733112355697794
0.47068781183178904,0.733112355697794
0.47068781183178904,0.7333409532518002
0.4707769066286529,0.7333409532518002
0.4707769066286529,0.7334552520288032
0.47086600142551677,0.7334552520288032
0.47086600142551677,0.7335695508058063
0.47095509622238063,0.7335695508058063
0.47095509622238063,0.7336838495828094
0.4712223806129722,0.7336838495828094
0.4712223806129722,0.7339124471368156
0.4714896650035638,0.7339124471368156
0.4714896650035638,0.7340267459138187
0.4719351389878831,0.7340267459138187
0.4719351389878831,0.7343696422448279
0.4721133285816108,0.7343696422448279
0.4721133285816108,0.7344839410218311
0.47229151817533854,0.7344839410218311
0.47229151817533854,0.7345982397988342
0.47255880256593014,0.7345982397988342
0.47255880256593014,0.7348268373528404
0.47282608695652173,0.7348268373528404
0.47282608695652173,0.7349411361298435
0.4730933713471133,0.7349411361298435
0.4730933713471133,0.7350554349068465
0.4731824661439772,0.7350554349068465
0.4731824661439772,0.7353983312378558
0.4736279401282965,0.7353983312378558
0.4736279401282965,0.735626928791862
0.4741625089094797,0.735626928791862
0.4741625089094797,0.7357412275688651
0.4744297933000713,0.7357412275688651
0.4744297933000713,0.7359698251228712
0.47451888809693515,0.7359698251228712
0.47451888809693515,0.7361984226768774
0.4746970776906629,0.7361984226768774
0.4746970776906629,0.7364270202308836
0.47478617248752675,0.7364270202308836
0.47478617248752675,0.7365413190078867
0.4748752672843906,0.7365413190078867
0.4748752672843906,0.7366556177848897
0.4749643620812545,0.7366556177848897
0.4749643620812545,0.7368842153388959
0.4751425516749822,0.7368842153388959
0.4751425516749822,0.7371128128929021
0.47540983606557374,0.7371128128929021
0.47540983606557374,0.7372271116699052
0.47558802565930147,0.7372271116699052
0.47558802565930147,0.7375700080009144
0.47594440484675693,0.7375700080009144
0.47594440484675693,0.7377986055549206
0.4760334996436208,0.7377986055549206
0.4760334996436208,0.7379129043319237
0.47612259444048466,0.7379129043319237
0.47612259444048466,0.7381415018859299
0.4762116892373485,0.7381415018859299
0.4762116892373485,0.7385986969939422
0.47638987883107625,0.7385986969939422
0.47638987883107625,0.7388272945479484
0.476568068424804,0.7388272945479484
0.476568068424804,0.7389415933249515
0.47665716322166785,0.7389415933249515
0.47665716322166785,0.7390558921019545
0.4767462580185317,0.7390558921019545
0.4767462580185317,0.7391701908789576
0.4768353528153956,0.7391701908789576
0.4768353528153956,0.7393987884329638
0.47692444761225944,0.7393987884329638
0.47692444761225944,0.7395130872099669
0.47710263720598717,0.7395130872099669
0.47710263720598717,0.73962738598697
0.4772808267997149,0.73962738598697
0.4772808267997149,0.7397416847639731
0.47763720598717035,0.7397416847639731
0.47763720598717035,0.7399702823179792
0.47790449037776195,0.7399702823179792
0.47790449037776195,0.7401988798719854
0.4780826799714897,0.7401988798719854
0.4780826799714897,0.7404274774259916
0.4782608695652174,0.7404274774259916
0.4782608695652174,0.7406560749799977
0.47888453314326446,0.7406560749799977
0.47888453314326446,0.7407703737570008
0.47977548111190305,0.7407703737570008
0.47977548111190305,0.7408846725340039
0.4799536707056308,0.7408846725340039
0.4799536707056308,0.740998971311007
0.4801318602993585,0.740998971311007
0.4801318602993585,0.7411132700880101
0.48031004989308623,0.7411132700880101
0.48031004989308623,0.7413418676420163
0.4808446186742694,0.7413418676420163
0.4808446186742694,0.7414561664190193
0.4809337134711333,0.7414561664190193
0.4809337134711333,0.7417990627500286
0.481111903064861,0.7417990627500286
0.481111903064861,0.7420276603040348
0.48129009265858874,0.7420276603040348
0.48129009265858874,0.7421419590810379
0.4813791874554526,0.7421419590810379
0.4813791874554526,0.742256257858041
0.48146828225231647,0.742256257858041
0.48146828225231647,0.742370556635044
0.48155737704918034,0.742370556635044
0.48155737704918034,0.7424848554120471
0.4816464718460442,0.7424848554120471
0.4816464718460442,0.7425991541890502
0.48173556664290806,0.7425991541890502
0.48173556664290806,0.7428277517430564
0.48182466143977193,0.7428277517430564
0.48182466143977193,0.7429420505200595
0.4819137562366358,0.7429420505200595
0.4819137562366358,0.7432849468510687
0.48253741981468284,0.7432849468510687
0.48253741981468284,0.7433992456280718
0.4828937990021383,0.7433992456280718
0.4828937990021383,0.7435135444050749
0.4829828937990021,0.7435135444050749
0.4829828937990021,0.743627843182078
0.48316108339272984,0.743627843182078
0.48316108339272984,0.7437421419590811
0.48333927298645757,0.7437421419590811
0.48333927298645757,0.7438564407360841
0.48342836778332143,0.7438564407360841
0.48342836778332143,0.7439707395130872
0.4840520313613685,0.7439707395130872
0.4840520313613685,0.7441993370670934
0.4844975053456878,0.7441993370670934
0.4844975053456878,0.7443136358440965
0.48494297933000713,0.7443136358440965
0.48494297933000713,0.7444279346210996
0.485032074126871,0.7444279346210996
0.485032074126871,0.7446565321751057
0.4852993585174626,0.7446565321751057
0.4852993585174626,0.744999428506115
0.48538845331432645,0.744999428506115
0.48538845331432645,0.7451137272831181
0.48610121168923737,0.7451137272831181
0.48610121168923737,0.7452280260601212
0.48619030648610123,0.7452280260601212
0.48619030648610123,0.7454566236141273
0.4862794012829651,0.7454566236141273
0.4862794012829651,0.7457995199451366
0.48636849607982896,0.7457995199451366
0.48636849607982896,0.7461424162761459
0.4865466856735567,0.7461424162761459
0.4865466856735567,0.746371013830152
0.4870812544547398,0.746371013830152
0.4870812544547398,0.7465996113841582
0.4881503920171062,0.7465996113841582
0.4881503920171062,0.7469425077151675
0.4885958660014255,0.7469425077151675
0.4885958660014255,0.7470568064921705
0.48921952957947257,0.7470568064921705
0.48921952957947257,0.7471711052691736
0.48948681397006416,0.7471711052691736
0.48948681397006416,0.7473997028231798
0.489575908766928,0.7473997028231798
0.489575908766928,0.7477425991541891
0.48975409836065575,0.7477425991541891
0.48975409836065575,0.7479711967081952
0.4898431931575196,0.7479711967081952
0.4898431931575196,0.7480854954851983
0.49002138275124735,0.7480854954851983
0.49002138275124735,0.7483140930392045
0.4901104775481112,0.7483140930392045
0.4901104775481112,0.7486569893702137
0.4903777619387028,0.7486569893702137
0.4903777619387028,0.7487712881472168
0.49046685673556667,0.7487712881472168
0.49046685673556667,0.7488855869242199
0.49064504632929434,0.7488855869242199
0.49064504632929434,0.748999885701223
0.49109052031361367,0.748999885701223
0.49109052031361367,0.7491141844782261
0.49117961511047753,0.7491141844782261
0.49117961511047753,0.7492284832552292
0.4912687099073414,0.7492284832552292
0.4912687099073414,0.7493427820322323
0.4914468995010691,0.7493427820322323
0.4914468995010691,0.7495713795862384
0.491535994297933,0.7495713795862384
0.491535994297933,0.7497999771402446
0.49162508909479685,0.7497999771402446
0.49162508909479685,0.7499142759172477
0.4917141838916607,0.7499142759172477
0.4917141838916607,0.7501428734712539
0.4922487526728439,0.7501428734712539
0.4922487526728439,0.7502571722482569
0.49242694226657163,0.7502571722482569
0.49242694226657163,0.75037147102526
0.4925160370634355,0.75037147102526
0.4925160370634355,0.7504857698022631
0.49260513186029936,0.7504857698022631
0.49260513186029936,0.7506000685792662
0.4926942266571632,0.7506000685792662
0.4926942266571632,0.7509429649102755
0.4927833214540271,0.7509429649102755
0.4927833214540271,0.7510572636872785
0.49313970064148255,0.7510572636872785
0.49313970064148255,0.7511715624642816
0.4933178902352103,0.7511715624642816
0.4933178902352103,0.7512858612412847
0.49358517462580187,0.7512858612412847
0.49358517462580187,0.7514001600182878
0.49385245901639346,0.7514001600182878
0.49385245901639346,0.7515144587952909
0.4943870277975766,0.7515144587952909
0.4943870277975766,0.751628757572294
0.49447612259444046,0.751628757572294
0.49447612259444046,0.7517430563492971
0.4950997861724875,0.7517430563492971
0.4950997861724875,0.7518573551263001
0.49554526015680683,0.7518573551263001
0.49554526015680683,0.7520859526803063
0.4956343549536707,0.7520859526803063
0.4956343549536707,0.7522002514573094
0.49572344975053456,0.7522002514573094
0.49572344975053456,0.7524288490113156
0.4959016393442623,0.7524288490113156
0.4959016393442623,0.7525431477883187
0.49607982893799,0.7525431477883187
0.49607982893799,0.7528860441193279
0.49679258731290094,0.7528860441193279
0.49679258731290094,0.753000342896331
0.4968816821097648,0.753000342896331
0.4968816821097648,0.7531146416733341
0.4973271560940841,0.7531146416733341
0.4973271560940841,0.7533432392273403
0.497416250890948,0.7533432392273403
0.497416250890948,0.7534575380043433
0.49750534568781185,0.7534575380043433
0.49750534568781185,0.7536861355583495
0.4975944404846757,0.7536861355583495
0.4975944404846757,0.7538004343353526
0.49777263007840344,0.7538004343353526
0.49777263007840344,0.7539147331123557
0.4978617248752673,0.7539147331123557
0.4978617248752673,0.754371928220368
0.4982181040627227,0.754371928220368
0.4982181040627227,0.7544862269973711
0.4983071988595866,0.7544862269973711
0.4983071988595866,0.7547148245513773
0.49866357804704203,0.7547148245513773
0.49866357804704203,0.7548291233283804
0.49884176764076976,0.7548291233283804
0.49884176764076976,0.7550577208823865
0.4990199572344975,0.7550577208823865
0.4990199572344975,0.7551720196593896
0.49937633642195295,0.7551720196593896
0.49937633642195295,0.7552863184363927
0.4994654312188168,0.7552863184363927
0.4994654312188168,0.755743513544405
0.5001781895937277,0.755743513544405
0.5001781895937277,0.7559721110984112
0.5002672843905915,0.7559721110984112
0.5002672843905915,0.7560864098754143
0.5004454739843193,0.7560864098754143
0.5004454739843193,0.7563150074294205
0.500623663578047,0.7563150074294205
0.500623663578047,0.7564293062064236
0.5008909479686386,0.7564293062064236
0.5008909479686386,0.7565436049834267
0.5011582323592302,0.7565436049834267
0.5011582323592302,0.7571150988684421
0.5013364219529579,0.7571150988684421
0.5013364219529579,0.7572293976454452
0.5016037063435496,0.7572293976454452
0.5016037063435496,0.7573436964224483
0.5016928011404134,0.7573436964224483
0.5016928011404134,0.7574579951994513
0.5018709907341411,0.7574579951994513
0.5018709907341411,0.7575722939764544
0.501960085531005,0.7575722939764544
0.501960085531005,0.7576865927534575
0.5021382751247327,0.7576865927534575
0.5021382751247327,0.7580294890844668
0.5032074126870991,0.7580294890844668
0.5032074126870991,0.7581437878614699
0.5032965074839629,0.7581437878614699
0.5032965074839629,0.7582580866384729
0.5034746970776907,0.7582580866384729
0.5034746970776907,0.758372385415476
0.5037419814682823,0.758372385415476
0.5037419814682823,0.7584866841924791
0.5042765502494654,0.7584866841924791
0.5042765502494654,0.7588295805234884
0.5043656450463293,0.7588295805234884
0.5043656450463293,0.7589438793004915
0.5044547398431931,0.7589438793004915
0.5044547398431931,0.7592867756315007
0.5047220242337848,0.7592867756315007
0.5047220242337848,0.7594010744085038
0.5049002138275125,0.7594010744085038
0.5049002138275125,0.7595153731855069
0.505256593014968,0.7595153731855069
0.505256593014968,0.75962967196251
0.5054347826086957,0.75962967196251
0.5054347826086957,0.759743970739513
0.5055238774055595,0.759743970739513
0.5055238774055595,0.7599725682935192
0.5057020669992872,0.7599725682935192
0.5057020669992872,0.7600868670705223
0.5058802565930149,0.7600868670705223
0.5058802565930149,0.7602011658475254
0.5065930149679259,0.7602011658475254
0.5065930149679259,0.7604297634015316
0.5070384889522452,0.7604297634015316
0.5070384889522452,0.7606583609555377
0.507127583749109,0.7606583609555377
0.507127583749109,0.7607726597325408
0.5076621525302922,0.7607726597325408
0.5076621525302922,0.761001257286547
0.507751247327156,0.761001257286547
0.507751247327156,0.7611155560635501
0.5079294369208838,0.7611155560635501
0.5079294369208838,0.7614584523945593
0.5081076265146115,0.7614584523945593
0.5081076265146115,0.7616870499485655
0.5082858161083392,0.7616870499485655
0.5082858161083392,0.7619156475025717
0.508464005702067,0.7619156475025717
0.508464005702067,0.7620299462795748
0.5085531004989309,0.7620299462795748
0.5085531004989309,0.7622585438335809
0.5088203848895224,0.7622585438335809
0.5088203848895224,0.7624871413875871
0.5089985744832501,0.7624871413875871
0.5089985744832501,0.7626014401645902
0.5092658588738418,0.7626014401645902
0.5092658588738418,0.7627157389415933
0.5093549536707056,0.7627157389415933
0.5093549536707056,0.7628300377185964
0.5096222380612973,0.7628300377185964
0.5096222380612973,0.7629443364955995
0.5097113328581611,0.7629443364955995
0.5097113328581611,0.7632872328266087
0.509800427655025,0.7632872328266087
0.509800427655025,0.7634015316036118
0.5099786172487527,0.7634015316036118
0.5099786172487527,0.763630129157618
0.5100677120456165,0.763630129157618
0.5100677120456165,0.7638587267116241
0.5102459016393442,0.7638587267116241
0.5102459016393442,0.7640873242656303
0.5106022808267997,0.7640873242656303
0.5106022808267997,0.7642016230426334
0.5107804704205274,0.7642016230426334
0.5107804704205274,0.7643159218196365
0.5114041339985744,0.7643159218196365
0.5114041339985744,0.7644302205966396
0.5116714183891661,0.7644302205966396
0.5116714183891661,0.7645445193736427
0.5117605131860299,0.7645445193736427
0.5117605131860299,0.7647731169276488
0.5119387027797576,0.7647731169276488
0.5119387027797576,0.765001714481655
0.5120277975766215,0.765001714481655
0.5120277975766215,0.7653446108126642
0.5122059871703493,0.7653446108126642
0.5122059871703493,0.7654589095896673
0.5124732715609408,0.7654589095896673
0.5124732715609408,0.7656875071436736
0.5127405559515325,0.7656875071436736
0.5127405559515325,0.7658018059206767
0.513007840342124,0.7658018059206767
0.513007840342124,0.7659161046976798
0.5133642195295794,0.7659161046976798
0.5133642195295794,0.7660304034746829
0.5134533143264434,0.7660304034746829
0.5134533143264434,0.766144702251686
0.5135424091233072,0.766144702251686
0.5135424091233072,0.766259001028689
0.5137205987170349,0.766259001028689
0.5137205987170349,0.7664875985826952
0.5138987883107626,0.7664875985826952
0.5138987883107626,0.7666018973596983
0.5141660727013543,0.7666018973596983
0.5141660727013543,0.7667161961367014
0.5144333570919458,0.7667161961367014
0.5144333570919458,0.7669447936907076
0.5145224518888097,0.7669447936907076
0.5145224518888097,0.7670590924677106
0.5147006414825375,0.7670590924677106
0.5147006414825375,0.7671733912447137
0.5147897362794013,0.7671733912447137
0.5147897362794013,0.7674019887987199
0.5153243050605845,0.7674019887987199
0.5153243050605845,0.7678591839067322
0.5155024946543122,0.7678591839067322
0.5155024946543122,0.7679734826837353
0.515591589451176,0.7679734826837353
0.515591589451176,0.7680877814607384
0.5156806842480399,0.7680877814607384
0.5156806842480399,0.7682020802377415
0.5157697790449037,0.7682020802377415
0.5157697790449037,0.7684306777917477
0.5158588738417677,0.7684306777917477
0.5158588738417677,0.7685449765687508
0.5162152530292231,0.7685449765687508
0.5162152530292231,0.7686592753457538
0.5164825374198146,0.7686592753457538
0.5164825374198146,0.76888787289976
0.5165716322166786,0.76888787289976
0.5165716322166786,0.7690021716767631
0.5168389166072701,0.7690021716767631
0.5168389166072701,0.7692307692307693
0.5172843905915895,0.7692307692307693
0.5172843905915895,0.7695736655617785
0.5176407697790449,0.7695736655617785
0.5176407697790449,0.7699165618927878
0.5179080541696365,0.7699165618927878
0.5179080541696365,0.7700308606697909
0.5180862437633642,0.7700308606697909
0.5180862437633642,0.770145159446794
0.5181753385602281,0.770145159446794
0.5181753385602281,0.7703737570008001
0.5184426229508197,0.7703737570008001
0.5184426229508197,0.7704880557778032
0.5185317177476836,0.7704880557778032
0.5185317177476836,0.7706023545548063
0.5187099073414113,0.7706023545548063
0.5187099073414113,0.7709452508858156
0.5189771917320029,0.7709452508858156
0.5189771917320029,0.7711738484398217
0.5190662865288667,0.7711738484398217
0.5190662865288667,0.7712881472168248
0.5191553813257306,0.7712881472168248
0.5191553813257306,0.771516744770831
0.5193335709194583,0.771516744770831
0.5193335709194583,0.7716310435478341
0.5194226657163221,0.7716310435478341
0.5194226657163221,0.7717453423248372
0.519511760513186,0.7717453423248372
0.519511760513186,0.7718596411018402
0.5199572344975053,0.7718596411018402
0.5199572344975053,0.7722025374328495
0.5200463292943692,0.7722025374328495
0.5200463292943692,0.7723168362098526
0.520135424091233,0.7723168362098526
0.520135424091233,0.7726597325408618
0.5210263720598717,0.7726597325408618
0.5210263720598717,0.7727740313178649
0.5212045616535994,0.7727740313178649
0.5212045616535994,0.772888330094868
0.5212936564504633,0.772888330094868
0.5212936564504633,0.7730026288718711
0.5214718460441911,0.7730026288718711
0.5214718460441911,0.7731169276488742
0.5215609408410549,0.7731169276488742
0.5215609408410549,0.7734598239798834
0.5216500356379188,0.7734598239798834
0.5216500356379188,0.7735741227568865
0.5220064148253742,0.7735741227568865
0.5220064148253742,0.7736884215338896
0.5223627940128297,0.7736884215338896
0.5223627940128297,0.774145616641902
0.5225409836065574,0.774145616641902
0.5225409836065574,0.774259915418905
0.5226300784034212,0.774259915418905
0.5226300784034212,0.7744885129729112
0.522808267997149,0.7744885129729112
0.522808267997149,0.7746028117499143
0.5228973627940128,0.7746028117499143
0.5228973627940128,0.7747171105269174
0.5233428367783322,0.7747171105269174
0.5233428367783322,0.7748314093039205
0.5236101211689237,0.7748314093039205
0.5236101211689237,0.7749457080809236
0.5238774055595153,0.7749457080809236
0.5238774055595153,0.7751743056349297
0.5239665003563792,0.7751743056349297
0.5239665003563792,0.7752886044119328
0.5245010691375623,0.7752886044119328
0.5245010691375623,0.7754029031889359
0.5251247327156094,0.7754029031889359
0.5251247327156094,0.7756315007429421
0.525392017106201,0.7756315007429421
0.525392017106201,0.7757457995199452
0.5255702066999287,0.7757457995199452
0.5255702066999287,0.7759743970739513
0.5256593014967926,0.7759743970739513
0.5256593014967926,0.7760886958509544
0.5257483962936564,0.7760886958509544
0.5257483962936564,0.7763172934049606
0.5260156806842481,0.7763172934049606
0.5260156806842481,0.7764315921819637
0.5261938702779758,0.7764315921819637
0.5261938702779758,0.7765458909589668
0.5263720598717035,0.7765458909589668
0.5263720598717035,0.7766601897359698
0.5264611546685674,0.7766601897359698
0.5264611546685674,0.7767744885129729
0.5266393442622951,0.7767744885129729
0.5266393442622951,0.776888787289976
0.5269066286528866,0.776888787289976
0.5269066286528866,0.7771173848439822
0.5270848182466144,0.7771173848439822
0.5270848182466144,0.7772316836209853
0.5271739130434783,0.7772316836209853
0.5271739130434783,0.7773459823979884
0.5272630078403421,0.7773459823979884
0.5272630078403421,0.7774602811749914
0.5276193870277975,0.7774602811749914
0.5276193870277975,0.7776888787289976
0.5277084818246615,0.7776888787289976
0.5277084818246615,0.77814607383701
0.5278866714183892,0.77814607383701
0.5278866714183892,0.7783746713910161
0.5282430506058446,0.7783746713910161
0.5282430506058446,0.7784889701680192
0.5289558089807556,0.7784889701680192
0.5289558089807556,0.7786032689450223
0.5290449037776194,0.7786032689450223
0.5290449037776194,0.7788318664990285
0.5294903777619387,0.7788318664990285
0.5294903777619387,0.7791747628300377
0.5297576621525303,0.7791747628300377
0.5297576621525303,0.7792890616070408
0.529935851746258,0.7792890616070408
0.529935851746258,0.7794033603840439
0.5300249465431219,0.7794033603840439
0.5300249465431219,0.779517659161047
0.5301140413399857,0.779517659161047
0.5301140413399857,0.7796319579380501
0.5302031361368497,0.7796319579380501
0.5302031361368497,0.7797462567150532
0.5304704205274412,0.7797462567150532
0.5304704205274412,0.7799748542690593
0.5309158945117605,0.7799748542690593
0.5309158945117605,0.7802034518230655
0.5310940841054882,0.7802034518230655
0.5310940841054882,0.7803177506000686
0.5314504632929437,0.7803177506000686
0.5314504632929437,0.7805463481540748
0.5319850320741268,0.7805463481540748
0.5319850320741268,0.7806606469310778
0.5321632216678546,0.7806606469310778
0.5321632216678546,0.780889244485084
0.5323414112615823,0.780889244485084
0.5323414112615823,0.7810035432620871
0.5324305060584462,0.7810035432620871
0.5324305060584462,0.7812321408160933
0.532608695652174,0.7812321408160933
0.532608695652174,0.7813464395930964
0.5326977904490378,0.7813464395930964
0.5326977904490378,0.7815750371471025
0.5329650748396294,0.7815750371471025
0.5329650748396294,0.7816893359241056
0.5331432644333571,0.7816893359241056
0.5331432644333571,0.7820322322551149
0.5335887384176764,0.7820322322551149
0.5335887384176764,0.782146531032118
0.5341233071988596,0.782146531032118
0.5341233071988596,0.782260829809121
0.5343014967925873,0.782260829809121
0.5343014967925873,0.7826037261401303
0.5343905915894511,0.7826037261401303
0.5343905915894511,0.7827180249171334
0.5347469707769066,0.7827180249171334
0.5347469707769066,0.7828323236941365
0.5348360655737705,0.7828323236941365
0.5348360655737705,0.7830609212481426
0.5354597291518175,0.7830609212481426
0.5354597291518175,0.7831752200251457
0.5356379187455452,0.7831752200251457
0.5356379187455452,0.783518116356155
0.535816108339273,0.783518116356155
0.535816108339273,0.7838610126871642
0.5359052031361369,0.7838610126871642
0.5359052031361369,0.7839753114641673
0.5359942979330007,0.7839753114641673
0.5359942979330007,0.7840896102411704
0.5368852459016393,0.7840896102411704
0.5368852459016393,0.7842039090181735
0.5375980042765502,0.7842039090181735
0.5375980042765502,0.7847754029031889
0.5378652886671419,0.7847754029031889
0.5378652886671419,0.7850040004571951
0.5379543834640057,0.7850040004571951
0.5379543834640057,0.7851182992341982
0.5380434782608695,0.7851182992341982
0.5380434782608695,0.7852325980112013
0.5381325730577334,0.7852325980112013
0.5381325730577334,0.7853468967882044
0.5382216678545972,0.7853468967882044
0.5382216678545972,0.7855754943422105
0.5384889522451889,0.7855754943422105
0.5384889522451889,0.7859183906732198
0.5385780470420527,0.7859183906732198
0.5385780470420527,0.786146988227226
0.5391126158232359,0.786146988227226
0.5391126158232359,0.786261287004229
0.5393799002138275,0.786261287004229
0.5393799002138275,0.7863755857812321
0.5396471846044191,0.7863755857812321
0.5396471846044191,0.7864898845582352
0.5399144689950107,0.7864898845582352
0.5399144689950107,0.7867184821122414
0.5401817533856023,0.7867184821122414
0.5401817533856023,0.7869470796662476
0.5406272273699216,0.7869470796662476
0.5406272273699216,0.7871756772202537
0.5407163221667854,0.7871756772202537
0.5407163221667854,0.7872899759972568
0.5410727013542409,0.7872899759972568
0.5410727013542409,0.7874042747742599
0.5414290805416964,0.7874042747742599
0.5414290805416964,0.787518573551263
0.5420527441197434,0.787518573551263
0.5420527441197434,0.7876328723282661
0.5421418389166073,0.7876328723282661
0.5421418389166073,0.7877471711052692
0.5424091233071988,0.7877471711052692
0.5424091233071988,0.7879757686592753
0.5424982181040627,0.7879757686592753
0.5424982181040627,0.7884329637672877
0.542943692088382,0.7884329637672877
0.542943692088382,0.7888901588753
0.5431218816821097,0.7888901588753
0.5431218816821097,0.7890044576523031
0.5433000712758375,0.7890044576523031
0.5433000712758375,0.7891187564293062
0.5434782608695652,0.7891187564293062
0.5434782608695652,0.7892330552063093
0.5435673556664291,0.7892330552063093
0.5435673556664291,0.7893473539833123
0.5438346400570206,0.7893473539833123
0.5438346400570206,0.7900331466453309
0.5440128296507484,0.7900331466453309
0.5440128296507484,0.7903760429763401
0.5441910192444761,0.7903760429763401
0.5441910192444761,0.7904903417533432
0.5445473984319316,0.7904903417533432
0.5445473984319316,0.7906046405303463
0.5447255880256593,0.7906046405303463
0.5447255880256593,0.7907189393073494
0.5449928724162509,0.7907189393073494
0.5449928724162509,0.7908332380843525
0.5450819672131147,0.7908332380843525
0.5450819672131147,0.7909475368613555
0.5453492516037064,0.7909475368613555
0.5453492516037064,0.7910618356383586
0.545527441197434,0.7910618356383586
0.545527441197434,0.7911761344153617
0.5457947255880257,0.7911761344153617
0.5457947255880257,0.7912904331923648
0.5458838203848895,0.7912904331923648
0.5458838203848895,0.7914047319693679
0.5463292943692089,0.7914047319693679
0.5463292943692089,0.791519030746371
0.5465965787598004,0.791519030746371
0.5465965787598004,0.7916333295233741
0.5471311475409836,0.7916333295233741
0.5471311475409836,0.7917476283003771
0.5472202423378475,0.7917476283003771
0.5472202423378475,0.7918619270773802
0.5473093371347113,0.7918619270773802
0.5473093371347113,0.7919762258543833
0.5473984319315752,0.7919762258543833
0.5473984319315752,0.7920905246313864
0.5477548111190307,0.7920905246313864
0.5477548111190307,0.7923191221853926
0.5480220955096222,0.7923191221853926
0.5480220955096222,0.7924334209623957
0.5487348538845331,0.7924334209623957
0.5487348538845331,0.7925477197393987
0.5493585174625801,0.7925477197393987
0.5493585174625801,0.7926620185164018
0.5496258018531718,0.7926620185164018
0.5496258018531718,0.7927763172934049
0.5498930862437633,0.7927763172934049
0.5498930862437633,0.792890616070408
0.550160370634355,0.792890616070408
0.550160370634355,0.7931192136244142
0.5503385602280827,0.7931192136244142
0.5503385602280827,0.7932335124014173
0.5504276550249465,0.7932335124014173
0.5504276550249465,0.7933478111784203
0.5509622238061297,0.7933478111784203
0.5509622238061297,0.7934621099554234
0.5510513186029936,0.7934621099554234
0.5510513186029936,0.7935764087324265
0.5512295081967213,0.7935764087324265
0.5512295081967213,0.7936907075094296
0.5513186029935851,0.7936907075094296
0.5513186029935851,0.7940336038404389
0.5514967925873129,0.7940336038404389
0.5514967925873129,0.7943765001714481
0.5517640769779045,0.7943765001714481
0.5517640769779045,0.7944907989484512
0.5523877405559515,0.7944907989484512
0.5523877405559515,0.7946050977254543
0.5526550249465432,0.7946050977254543
0.5526550249465432,0.7948336952794605
0.5528332145402709,0.7948336952794605
0.5528332145402709,0.7951765916104697
0.553367783321454,0.7951765916104697
0.553367783321454,0.7954051891644759
0.5536350677120456,0.7954051891644759
0.5536350677120456,0.7959766830494913
0.5537241625089094,0.7959766830494913
0.5537241625089094,0.7960909818264944
0.5538132573057734,0.7960909818264944
0.5538132573057734,0.7962052806034975
0.5539023521026372,0.7962052806034975
0.5539023521026372,0.7963195793805006
0.5539914468995011,0.7963195793805006
0.5539914468995011,0.7964338781575037
0.5541696364932288,0.7964338781575037
0.5541696364932288,0.7966624757115098
0.5548823948681397,0.7966624757115098
0.5548823948681397,0.7967767744885129
0.5549714896650035,0.7967767744885129
0.5549714896650035,0.7970053720425192
0.5550605844618675,0.7970053720425192
0.5550605844618675,0.7972339695965254
0.5551496792587313,0.7972339695965254
0.5551496792587313,0.7974625671505315
0.555327868852459,0.7974625671505315
0.555327868852459,0.7975768659275346
0.5554169636493229,0.7975768659275346
0.5554169636493229,0.7976911647045377
0.5557733428367784,0.7976911647045377
0.5557733428367784,0.7978054634815408
0.5560406272273699,0.7978054634815408
0.5560406272273699,0.7979197622585439
0.556664290805417,0.7979197622585439
0.556664290805417,0.7981483598125501
0.5568424803991446,0.7981483598125501
0.5568424803991446,0.7982626585895531
0.5570206699928724,0.7982626585895531
0.5570206699928724,0.7984912561435593
0.5571097647897363,0.7984912561435593
0.5571097647897363,0.7986055549205624
0.557287954383464,0.7986055549205624
0.557287954383464,0.7989484512515717
0.5575552387740556,0.7989484512515717
0.5575552387740556,0.7990627500285747
0.5578225231646472,0.7990627500285747
0.5578225231646472,0.7991770488055778
0.5580007127583749,0.7991770488055778
0.5580007127583749,0.7992913475825809
0.5581789023521027,0.7992913475825809
0.5581789023521027,0.799405646359584
0.5582679971489665,0.799405646359584
0.5582679971489665,0.7995199451365871
0.5585352815395581,0.7995199451365871
0.5585352815395581,0.7996342439135902
0.5588025659301497,0.7996342439135902
0.5588025659301497,0.7997485426905933
0.5588916607270136,0.7997485426905933
0.5588916607270136,0.7998628414675963
0.5590698503207413,0.7998628414675963
0.5590698503207413,0.7999771402445994
0.559871703492516,0.7999771402445994
0.559871703492516,0.8000914390216025
0.5605844618674269,0.8000914390216025
0.5605844618674269,0.8002057377986056
0.5608517462580185,0.8002057377986056
0.5608517462580185,0.8004343353526118
0.5611190306486101,0.8004343353526118
0.5611190306486101,0.8005486341296149
0.5613863150392017,0.8005486341296149
0.5613863150392017,0.8008915304606241
0.5614754098360656,0.8008915304606241
0.5614754098360656,0.8010058292376272
0.5615645046329294,0.8010058292376272
0.5615645046329294,0.8011201280146303
0.561831789023521,0.8011201280146303
0.561831789023521,0.8012344267916334
0.5620990734141126,0.8012344267916334
0.5620990734141126,0.8015773231226426
0.5621881682109765,0.8015773231226426
0.5621881682109765,0.8016916218996457
0.5623663578047042,0.8016916218996457
0.5623663578047042,0.8019202194536519
0.5626336421952958,0.8019202194536519
0.5626336421952958,0.802148817007658
0.5629900213827512,0.802148817007658
0.5629900213827512,0.8022631157846611
0.5634354953670706,0.8022631157846611
0.5634354953670706,0.8024917133386673
0.5638809693513899,0.8024917133386673
0.5638809693513899,0.8026060121156704
0.5645937277263008,0.8026060121156704
0.5645937277263008,0.8028346096696766
0.5646828225231646,0.8028346096696766
0.5646828225231646,0.8029489084466797
0.5647719173200285,0.8029489084466797
0.5647719173200285,0.8030632072236827
0.5649501069137562,0.8030632072236827
0.5649501069137562,0.8031775060006858
0.56503920171062,0.8031775060006858
0.56503920171062,0.803406103554692
0.5653064861012117,0.803406103554692
0.5653064861012117,0.8035204023316951
0.5656628652886672,0.8035204023316951
0.5656628652886672,0.8036347011086982
0.5661974340698503,0.8036347011086982
0.5661974340698503,0.8037489998857013
0.5665538132573058,0.8037489998857013
0.5665538132573058,0.8038632986627043
0.5666429080541696,0.8038632986627043
0.5666429080541696,0.8039775974397074
0.5667320028510335,0.8039775974397074
0.5667320028510335,0.8040918962167105
0.5668210976478973,0.8040918962167105
0.5668210976478973,0.8042061949937136
0.567088382038489,0.8042061949937136
0.567088382038489,0.8043204937707167
0.5673556664290805,0.8043204937707167
0.5673556664290805,0.8044347925477198
0.5678011404133999,0.8044347925477198
0.5678011404133999,0.8045490913247229
0.5679793300071276,0.8045490913247229
0.5679793300071276,0.804777688878729
0.5681575196008554,0.804777688878729
0.5681575196008554,0.8048919876557321
0.5686029935851746,0.8048919876557321
0.5686029935851746,0.8050062864327352
0.5689593727726301,0.8050062864327352
0.5689593727726301,0.8051205852097383
0.5691375623663578,0.8051205852097383
0.5691375623663578,0.8053491827637445
0.5694048467569494,0.8053491827637445
0.5694048467569494,0.8054634815407475
0.5694939415538133,0.8054634815407475
0.5694939415538133,0.8056920790947537
0.5700285103349965,0.8056920790947537
0.5700285103349965,0.8058063778717568
0.5703848895224519,0.8058063778717568
0.5703848895224519,0.8059206766487599
0.5710085531004989,0.8059206766487599
0.5710085531004989,0.806034975425763
0.5717213114754098,0.806034975425763
0.5717213114754098,0.806149274202766
0.5718995010691376,0.806149274202766
0.5718995010691376,0.8062635729797691
0.5719885958660014,0.8062635729797691
0.5719885958660014,0.8063778717567722
0.5720776906628653,0.8063778717567722
0.5720776906628653,0.8068350668647846
0.5723449750534568,0.8068350668647846
0.5723449750534568,0.8069493656417877
0.5731468282252317,0.8069493656417877
0.5731468282252317,0.8070636644187907
0.5734141126158232,0.8070636644187907
0.5734141126158232,0.8072922619727969
0.5737704918032787,0.8072922619727969
0.5737704918032787,0.8075208595268031
0.5738595866001426,0.8075208595268031
0.5738595866001426,0.8076351583038062
0.574215965787598,0.8076351583038062
0.574215965787598,0.8080923534118185
0.5743050605844618,0.8080923534118185
0.5743050605844618,0.8084352497428278
0.5744832501781896,0.8084352497428278
0.5744832501781896,0.8086638472968339
0.5747505345687812,0.8086638472968339
0.5747505345687812,0.808778146073837
0.574839629365645,0.808778146073837
0.574839629365645,0.8091210424048463
0.5751960085531005,0.8091210424048463
0.5751960085531005,0.8092353411818494
0.5754632929436921,0.8092353411818494
0.5754632929436921,0.8094639387358555
0.5757305773342837,0.8094639387358555
0.5757305773342837,0.8095782375128586
0.5759087669280114,0.8095782375128586
0.5759087669280114,0.8096925362898617
0.5762651461154669,0.8096925362898617
0.5762651461154669,0.8098068350668648
0.5763542409123307,0.8098068350668648
0.5763542409123307,0.8102640301748771
0.5767106200997861,0.8102640301748771
0.5767106200997861,0.8103783289518802
0.5768888096935139,0.8103783289518802
0.5768888096935139,0.8104926277288833
0.5772451888809693,0.8104926277288833
0.5772451888809693,0.8106069265058864
0.577423378474697,0.8106069265058864
0.577423378474697,0.8107212252828895
0.577512473271561,0.8107212252828895
0.577512473271561,0.8108355240598926
0.5776906628652887,0.8108355240598926
0.5776906628652887,0.8109498228368957
0.5785816108339273,0.8109498228368957
0.5785816108339273,0.8110641216138987
0.5788488952245189,0.8110641216138987
0.5788488952245189,0.8111784203909018
0.5790270848182466,0.8111784203909018
0.5790270848182466,0.811407017944908
0.5792943692088383,0.811407017944908
0.5792943692088383,0.8116356154989142
0.5795616535994298,0.8116356154989142
0.5795616535994298,0.8117499142759173
0.5801853171774768,0.8117499142759173
0.5801853171774768,0.8122071093839296
0.5803635067712045,0.8122071093839296
0.5803635067712045,0.8123214081609327
0.5804526015680684,0.8123214081609327
0.5804526015680684,0.8125500057149388
0.5805416963649322,0.8125500057149388
0.5805416963649322,0.8126643044919419
0.5808980755523877,0.8126643044919419
0.5808980755523877,0.812778603268945
0.5817890235210263,0.812778603268945
0.5817890235210263,0.8128929020459481
0.582056307911618,0.8128929020459481
0.582056307911618,0.8130072008229512
0.5822344975053457,0.8130072008229512
0.5822344975053457,0.8132357983769574
0.5823235923022095,0.8132357983769574
0.5823235923022095,0.8134643959309635
0.582679971489665,0.8134643959309635
0.582679971489665,0.8135786947079666
0.5829472558802566,0.8135786947079666
0.5829472558802566,0.8138072922619728
0.5831254454739844,0.8138072922619728
0.5831254454739844,0.8139215910389759
0.5832145402708482,0.8139215910389759
0.5832145402708482,0.814150188592982
0.5833036350677121,0.814150188592982
0.5833036350677121,0.8142644873699851
0.5834818246614397,0.8142644873699851
0.5834818246614397,0.8143787861469882
0.5835709194583036,0.8143787861469882
0.5835709194583036,0.8147216824779975
0.5837491090520314,0.8147216824779975
0.5837491090520314,0.8149502800320036
0.5841945830363506,0.8149502800320036
0.5841945830363506,0.8150645788090067
0.5842836778332146,0.8150645788090067
0.5842836778332146,0.8151788775860098
0.5843727726300784,0.8151788775860098
0.5843727726300784,0.8152931763630129
0.5853528153955809,0.8152931763630129
0.5853528153955809,0.815407475140016
0.5857982893799002,0.815407475140016
0.5857982893799002,0.8155217739170191
0.5862437633642196,0.8155217739170191
0.5862437633642196,0.8159789690250314
0.5864219529579473,0.8159789690250314
0.5864219529579473,0.8160932678020345
0.5865110477548111,0.8160932678020345
0.5865110477548111,0.8163218653560407
0.586600142551675,0.8163218653560407
0.586600142551675,0.8164361641330438
0.5866892373485388,0.8164361641330438
0.5866892373485388,0.8166647616870499
0.5875801853171775,0.8166647616870499
0.5875801853171775,0.816779060464053
0.5876692801140413,0.816779060464053
0.5876692801140413,0.8170076580180592
0.5877583749109052,0.8170076580180592
0.5877583749109052,0.8172362555720654
0.5879365645046329,0.8172362555720654
0.5879365645046329,0.8173505543490684
0.5880256593014968,0.8173505543490684
0.5880256593014968,0.8176934506800777
0.5882929436920884,0.8176934506800777
0.5882929436920884,0.8178077494570808
0.5884711332858161,0.8178077494570808
0.5884711332858161,0.8179220482340839
0.5886493228795439,0.8179220482340839
0.5886493228795439,0.818036347011087
0.5889166072701354,0.818036347011087
0.5889166072701354,0.81815064578809
0.5895402708481825,0.81815064578809
0.5895402708481825,0.8183792433420962
0.5899857448325018,0.8183792433420962
0.5899857448325018,0.8184935421190993
0.5902530292230934,0.8184935421190993
0.5902530292230934,0.8186078408961024
0.5906094084105489,0.8186078408961024
0.5906094084105489,0.8187221396731055
0.5907875980042766,0.8187221396731055
0.5907875980042766,0.8190650360041147
0.5909657875980042,0.8190650360041147
0.5909657875980042,0.8192936335581209
0.5914112615823236,0.8192936335581209
0.5914112615823236,0.819407932335124
0.5921240199572345,0.819407932335124
0.5921240199572345,0.8195222311121271
0.5926585887384177,0.8195222311121271
0.5926585887384177,0.8196365298891302
0.5927476835352815,0.8196365298891302
0.5927476835352815,0.8199794262201394
0.5928367783321454,0.8199794262201394
0.5928367783321454,0.8200937249971425
0.5929258731290092,0.8200937249971425
0.5929258731290092,0.8203223225511487
0.593104062722737,0.8203223225511487
0.593104062722737,0.8204366213281518
0.5945295794725588,0.8204366213281518
0.5945295794725588,0.8205509201051548
0.5946186742694227,0.8205509201051548
0.5946186742694227,0.8206652188821579
0.5958660014255167,0.8206652188821579
0.5958660014255167,0.820779517659161
0.5963114754098361,0.820779517659161
0.5963114754098361,0.8208938164361641
0.5964896650035638,0.8208938164361641
0.5964896650035638,0.8210081152131672
0.5966678545972915,0.8210081152131672
0.5966678545972915,0.8211224139901703
0.5968460441910193,0.8211224139901703
0.5968460441910193,0.8212367127671734
0.5969351389878831,0.8212367127671734
0.5969351389878831,0.8213510115441764
0.597024233784747,0.8213510115441764
0.597024233784747,0.8219225054291919
0.5975588025659302,0.8219225054291919
0.5975588025659302,0.822036804206195
0.5977369921596579,0.822036804206195
0.5977369921596579,0.822151102983198
0.5980933713471134,0.822151102983198
0.5980933713471134,0.8222654017602011
0.5981824661439772,0.8222654017602011
0.5981824661439772,0.8224939993142073
0.5983606557377049,0.8224939993142073
0.5983606557377049,0.8227225968682135
0.5984497505345688,0.8227225968682135
0.5984497505345688,0.8229511944222196
0.5986279401282965,0.8229511944222196
0.5986279401282965,0.8230654931992227
0.5987170349251604,0.8230654931992227
0.5987170349251604,0.8235226883072351
0.5988061297220242,0.8235226883072351
0.5988061297220242,0.8236369870842382
0.5989843193157519,0.8236369870842382
0.5989843193157519,0.8237512858612412
0.5990734141126158,0.8237512858612412
0.5990734141126158,0.8239798834152474
0.5993406985032074,0.8239798834152474
0.5993406985032074,0.8240941821922505
0.5995188880969351,0.8240941821922505
0.5995188880969351,0.8243227797462567
0.599607982893799,0.8243227797462567
0.599607982893799,0.8244370785232598
0.5996970776906628,0.8244370785232598
0.5996970776906628,0.8245513773002628
0.5998752672843906,0.8245513773002628
0.5998752672843906,0.8248942736312721
0.5999643620812545,0.8248942736312721
0.5999643620812545,0.8250085724082752
0.6000534568781183,0.8250085724082752
0.6000534568781183,0.8251228711852783
0.6004098360655737,0.8251228711852783
0.6004098360655737,0.8252371699622814
0.6009444048467569,0.8252371699622814
0.6009444048467569,0.8254657675162875
0.6010334996436208,0.8254657675162875
0.6010334996436208,0.8255800662932906
0.6011225944404847,0.8255800662932906
0.6011225944404847,0.8256943650702937
0.6013007840342124,0.8256943650702937
0.6013007840342124,0.8259229626242999
0.601568068424804,0.8259229626242999
0.601568068424804,0.826037261401303
0.6018353528153956,0.826037261401303
0.6018353528153956,0.8263801577323122
0.6020135424091233,0.8263801577323122
0.6020135424091233,0.8268373528403246
0.6021026372059872,0.8268373528403246
0.6021026372059872,0.8269516516173276
0.602191732002851,0.8269516516173276
0.602191732002851,0.8270659503943307
0.6022808267997148,0.8270659503943307
0.6022808267997148,0.8271802491713338
0.6023699215965788,0.8271802491713338
0.6023699215965788,0.8272945479483369
0.6025481111903065,0.8272945479483369
0.6025481111903065,0.82740884672534
0.6027263007840342,0.82740884672534
0.6027263007840342,0.8275231455023431
0.6031717747683535,0.8275231455023431
0.6031717747683535,0.8276374442793462
0.6033499643620812,0.8276374442793462
0.6033499643620812,0.8277517430563492
0.6036172487526729,0.8277517430563492
0.6036172487526729,0.8280946393873585
0.6037954383464006,0.8280946393873585
0.6037954383464006,0.8282089381643617
0.6039736279401283,0.8282089381643617
0.6039736279401283,0.8287804320493771
0.6042409123307199,0.8287804320493771
0.6042409123307199,0.8293519259343926
0.6046863863150392,0.8293519259343926
0.6046863863150392,0.8294662247113956
0.604775481111903,0.8294662247113956
0.604775481111903,0.8295805234883987
0.604864575908767,0.8295805234883987
0.604864575908767,0.8296948222654018
0.6053100498930862,0.8296948222654018
0.6053100498930862,0.8298091210424049
0.6055773342836779,0.8298091210424049
0.6055773342836779,0.8301520173734142
0.6056664290805417,0.8301520173734142
0.6056664290805417,0.8302663161504172
0.6059337134711333,0.8302663161504172
0.6059337134711333,0.8306092124814265
0.6064682822523164,0.8306092124814265
0.6064682822523164,0.8308378100354327
0.6065573770491803,0.8308378100354327
0.6065573770491803,0.8309521088124358
0.6066464718460441,0.8309521088124358
0.6066464718460441,0.8310664075894388
0.6067355666429081,0.8310664075894388
0.6067355666429081,0.8311807063664419
0.6069137562366358,0.8311807063664419
0.6069137562366358,0.831295005143445
0.6071810406272273,0.831295005143445
0.6071810406272273,0.8314093039204481
0.6075374198146828,0.8314093039204481
0.6075374198146828,0.8317522002514574
0.6076265146115467,0.8317522002514574
0.6076265146115467,0.8319807978054635
0.6078937990021382,0.8319807978054635
0.6078937990021382,0.8320950965824666
0.608071988595866,0.8320950965824666
0.608071988595866,0.8323236941364728
0.6084283677833214,0.8323236941364728
0.6084283677833214,0.832552291690479
0.6085174625801854,0.832552291690479
0.6085174625801854,0.832666590467482
0.6086956521739131,0.832666590467482
0.6086956521739131,0.8327808892444851
0.6090520313613685,0.8327808892444851
0.6090520313613685,0.8330094867984913
0.6103884533143265,0.8330094867984913
0.6103884533143265,0.8331237855754944
0.6112794012829651,0.8331237855754944
0.6112794012829651,0.8333523831295006
0.6118139700641483,0.8333523831295006
0.6118139700641483,0.8336952794605098
0.6119030648610121,0.8336952794605098
0.6119030648610121,0.8338095782375129
0.611992159657876,0.8338095782375129
0.611992159657876,0.833923877014516
0.6124376336421953,0.833923877014516
0.6124376336421953,0.8343810721225283
0.6129722024233785,0.8343810721225283
0.6129722024233785,0.8346096696765345
0.6133285816108339,0.8346096696765345
0.6133285816108339,0.8348382672305407
0.6134176764076978,0.8348382672305407
0.6134176764076978,0.8349525660075438
0.6135067712045617,0.8349525660075438
0.6135067712045617,0.8350668647845468
0.6138631503920171,0.8350668647845468
0.6138631503920171,0.8351811635615499
0.614575908766928,0.8351811635615499
0.614575908766928,0.835295462338553
0.6147540983606558,0.835295462338553
0.6147540983606558,0.8354097611155561
0.6152886671418389,0.8354097611155561
0.6152886671418389,0.8355240598925592
0.6155559515324305,0.8355240598925592
0.6155559515324305,0.8356383586695623
0.6159123307198859,0.8356383586695623
0.6159123307198859,0.8357526574465654
0.6160014255167499,0.8357526574465654
0.6160014255167499,0.8358669562235684
0.6169814682822523,0.8358669562235684
0.6169814682822523,0.8359812550005715
0.6170705630791162,0.8359812550005715
0.6170705630791162,0.8362098525545777
0.617248752672844,0.8362098525545777
0.617248752672844,0.8364384501085839
0.6174269422665716,0.8364384501085839
0.6174269422665716,0.836552748885587
0.617783321454027,0.836552748885587
0.617783321454027,0.83666704766259
0.6179615110477548,0.83666704766259
0.6179615110477548,0.8367813464395931
0.618496079828938,0.8367813464395931
0.618496079828938,0.8368956452165962
0.6186742694226657,0.8368956452165962
0.6186742694226657,0.8370099439935993
0.6188524590163934,0.8370099439935993
0.6188524590163934,0.8374671391016116
0.6189415538132573,0.8374671391016116
0.6189415538132573,0.837924334209624
0.6190306486101211,0.837924334209624
0.6190306486101211,0.8380386329866271
0.6196543121881682,0.8380386329866271
0.6196543121881682,0.8383815293176363
0.619743406985032,0.8384958280946394
0.619743406985032,0.8386101268716425
0.619832501781896,0.8386101268716425
0.619832501781896,0.8389530232026517
0.6200106913756237,0.8389530232026517
0.6200106913756237,0.8391816207566579
0.6200997861724875,0.8391816207566579
0.6200997861724875,0.839295919533661
0.6202779757662152,0.839295919533661
0.6202779757662152,0.8394102183106641
0.620456165359943,0.8394102183106641
0.620456165359943,0.8395245170876672
0.6209016393442623,0.8395245170876672
0.6209016393442623,0.8396388158646703
0.6211689237348539,0.8396388158646703
0.6211689237348539,0.8397531146416733
0.6213471133285816,0.8397531146416733
0.6213471133285816,0.8398674134186764
0.6215253029223093,0.8398674134186764
0.6215253029223093,0.8399817121956795
0.6217925873129009,0.8399817121956795
0.6217925873129009,0.8400960109726826
0.6218816821097648,0.8400960109726826
0.6218816821097648,0.8402103097496857
0.6219707769066286,0.8402103097496857
0.6219707769066286,0.8403246085266888
0.6221489665003563,0.8403246085266888
0.6221489665003563,0.8404389073036919
0.6225944404846757,0.8404389073036919
0.6225944404846757,0.840553206080695
0.6226835352815395,0.840553206080695
0.6226835352815395,0.8407818036347011
0.6228617248752673,0.8407818036347011
0.6228617248752673,0.8408961024117042
0.6229508196721312,0.8408961024117042
0.6229508196721312,0.8410104011887073
0.6231290092658589,0.8410104011887073
0.6231290092658589,0.8411246999657104
0.6233962936564504,0.8411246999657104
0.6233962936564504,0.8414675962967196
0.6235744832501782,0.8414675962967196
0.6235744832501782,0.8415818950737227
0.6241090520313614,0.8415818950737227
0.6241090520313614,0.8416961938507258
0.6241981468282253,0.8416961938507258
0.6241981468282253,0.841924791404732
0.6244654312188168,0.841924791404732
0.6244654312188168,0.8420390901817351
0.6246436208125445,0.8420390901817351
0.6246436208125445,0.8422676877357412
0.625,0.8422676877357412
0.625,0.8423819865127443
0.6251781895937277,0.8423819865127443
0.6251781895937277,0.8426105840667505
0.6252672843905915,0.8426105840667505
0.6252672843905915,0.8429534803977597
0.6253563791874555,0.8429534803977597
0.6253563791874555,0.8430677791747628
0.6262473271560941,0.8430677791747628
0.6262473271560941,0.843296376728769
0.6264255167498218,0.843296376728769
0.6264255167498218,0.8435249742827752
0.6265146115466856,0.8435249742827752
0.6265146115466856,0.8436392730597783
0.6267818959372773,0.8436392730597783
0.6267818959372773,0.8438678706137844
0.6271382751247327,0.8438678706137844
0.6271382751247327,0.8442107669447937
0.6272273699215966,0.8442107669447937
0.6272273699215966,0.8444393644987999
0.6274055595153243,0.8444393644987999
0.6274055595153243,0.844553663275803
0.6276728439059159,0.844553663275803
0.6276728439059159,0.8447822608298091
0.6277619387027797,0.8447822608298091
0.6277619387027797,0.8448965596068122
0.6280292230933714,0.8448965596068122
0.6280292230933714,0.8450108583838153
0.6281183178902352,0.8450108583838153
0.6281183178902352,0.8452394559378215
0.6282074126870991,0.8452394559378215
0.6282074126870991,0.8453537547148245
0.6283856022808268,0.8453537547148245
0.6283856022808268,0.8454680534918276
0.6286528866714184,0.8454680534918276
0.6286528866714184,0.8455823522688307
0.6288310762651461,0.8455823522688307
0.6288310762651461,0.8456966510458338
0.6290983606557377,0.8456966510458338
0.6290983606557377,0.8460395473768431
0.6291874554526016,0.8460395473768431
0.6291874554526016,0.8462681449308492
0.629543834640057,0.8462681449308492
0.629543834640057,0.8464967424848554
0.6303456878118318,0.8464967424848554
0.6303456878118318,0.8466110412618585
0.6305238774055595,0.8466110412618585
0.6305238774055595,0.8467253400388616
0.6306129722024234,0.8467253400388616
0.6306129722024234,0.8469539375928677
0.6307020669992872,0.8469539375928677
0.6307020669992872,0.8470682363698708
0.6310584461867427,0.8470682363698708
0.6310584461867427,0.8471825351468739
0.631503920171062,0.8471825351468739
0.631503920171062,0.847296833923877
0.6315930149679259,0.847296833923877
0.6315930149679259,0.8474111327008801
0.6316821097647898,0.8474111327008801
0.6316821097647898,0.8475254314778832
0.6318602993585175,0.8475254314778832
0.6318602993585175,0.8478683278088924
0.6320384889522452,0.8478683278088924
0.6320384889522452,0.8482112241399017
0.6333749109052031,0.8482112241399017
0.6333749109052031,0.8483255229169048
0.633464005702067,0.8483255229169048
0.633464005702067,0.8485541204709109
0.6338203848895224,0.8485541204709109
0.6338203848895224,0.848668419247914
0.6343549536707056,0.848668419247914
0.6343549536707056,0.8487827180249171
0.6344440484675695,0.8487827180249171
0.6344440484675695,0.8488970168019202
0.635424091233072,0.8488970168019202
0.635424091233072,0.8490113155789233
0.6361368496079829,0.8490113155789233
0.6361368496079829,0.8491256143559264
0.6365823235923022,0.8491256143559264
0.6365823235923022,0.8492399131329295
0.6369387027797576,0.8492399131329295
0.6369387027797576,0.8493542119099325
0.6372950819672131,0.8493542119099325
0.6372950819672131,0.8495828094639387
0.6374732715609408,0.8495828094639387
0.6374732715609408,0.8496971082409418
0.6376514611546685,0.8496971082409418
0.6376514611546685,0.849925705794948
0.6379187455452602,0.849925705794948
0.6379187455452602,0.8500400045719511
0.6382751247327156,0.8500400045719511
0.6382751247327156,0.8502686021259572
0.6388096935138988,0.8502686021259572
0.6388096935138988,0.8506114984569665
0.6390769779044904,0.8506114984569665
0.6390769779044904,0.8507257972339696
0.6394333570919458,0.8507257972339696
0.6394333570919458,0.8508400960109727
0.6395224518888097,0.8508400960109727
0.6395224518888097,0.8509543947879757
0.6397006414825375,0.8509543947879757
0.6397006414825375,0.8510686935649788
0.639967925873129,0.8510686935649788
0.639967925873129,0.851297291118985
0.6402352102637205,0.851297291118985
0.6402352102637205,0.8516401874499943
0.6403243050605845,0.8516401874499943
0.6403243050605845,0.8517544862269973
0.6404133998574483,0.8517544862269973
0.6404133998574483,0.8518687850040004
0.6405024946543122,0.8518687850040004
0.6405024946543122,0.8519830837810035
0.6406806842480399,0.8519830837810035
0.6406806842480399,0.8520973825580066
0.6408588738417677,0.8520973825580066
0.6408588738417677,0.8523259801120128
0.6409479686386315,0.8523259801120128
0.6409479686386315,0.8524402788890159
0.6414825374198146,0.8524402788890159
0.6414825374198146,0.8525545776660189
0.6415716322166786,0.8525545776660189
0.6415716322166786,0.852668876443022
0.6418389166072701,0.852668876443022
0.6418389166072701,0.8527831752200251
0.6420171062009978,0.8527831752200251
0.6420171062009978,0.8528974739970282
0.6422843905915895,0.8528974739970282
0.6422843905915895,0.8530117727740313
0.6424625801853172,0.8530117727740313
0.6424625801853172,0.8532403703280375
0.6430862437633642,0.8532403703280375
0.6430862437633642,0.8533546691050405
0.6431753385602281,0.8533546691050405
0.6431753385602281,0.8534689678820436
0.6434426229508197,0.8534689678820436
0.6434426229508197,0.8535832666590467
0.6435317177476836,0.8535832666590467
0.6437099073414113,0.8535832666590467
0.6437990021382751,0.8535832666590467
0.6437990021382751,0.8536975654360498
0.6446008553100498,0.8536975654360498
0.6446008553100498,0.8540404617670591
0.6446899501069138,0.8540404617670591
0.6446899501069138,0.8542690593210652
0.6448681397006415,0.8542690593210652
0.6448681397006415,0.8543833580980683
0.645224518888097,0.8543833580980683
0.645224518888097,0.8546119556520745
0.6454027084818247,0.8546119556520745
0.6454027084818247,0.8547262544290776
0.6456699928724162,0.8547262544290776
0.645848182466144,0.8547262544290776
0.6459372772630079,0.8547262544290776
0.6459372772630079,0.8548405532060807
0.6460263720598717,0.8548405532060807
0.6460263720598717,0.8550691507600868
0.6464718460441911,0.8550691507600868
0.6464718460441911,0.8554120470910961
0.6469173200285103,0.8554120470910961
0.6469173200285103,0.8556406446451023
0.6472736992159658,0.8556406446451023
0.6472736992159658,0.8557549434221053
0.6473627940128297,0.8557549434221053
0.6473627940128297,0.8558692421991084
0.6476300784034212,0.8558692421991084
0.6476300784034212,0.8560978397531146
0.6478973627940128,0.8560978397531146
0.6478973627940128,0.8563264373071208
0.6479864575908767,0.8563264373071208
0.6479864575908767,0.8564407360841239
0.6480755523877405,0.8564407360841239
0.6480755523877405,0.8565550348611269
0.6481646471846044,0.8565550348611269
0.6481646471846044,0.85666933363813
0.6482537419814682,0.85666933363813
0.6482537419814682,0.8567836324151331
0.6486101211689237,0.8567836324151331
0.6486101211689237,0.8568979311921362
0.6487883107626514,0.8568979311921362
0.6487883107626514,0.8570122299691393
0.6488774055595153,0.8570122299691393
0.6488774055595153,0.8571265287461424
0.6492337847469708,0.8571265287461424
0.6492337847469708,0.8572408275231455
0.6500356379187455,0.8572408275231455
0.6500356379187455,0.8573551263001485
0.6503029223093372,0.8573551263001485
0.6503029223093372,0.8575837238541547
0.6509265858873842,0.8575837238541547
0.6509265858873842,0.8576980226311578
0.6513720598717035,0.8576980226311578
0.6513720598717035,0.8578123214081609
0.6514611546685674,0.8578123214081609
0.6514611546685674,0.857926620185164
0.6515502494654312,0.857926620185164
0.6515502494654312,0.858040918962167
0.6519066286528866,0.858040918962167
0.6519066286528866,0.8582695165161732
0.6520848182466144,0.8582695165161732
0.6520848182466144,0.8583838152931763
0.652352102637206,0.8583838152931763
0.652352102637206,0.8584981140701794
0.6525302922309337,0.8584981140701794
0.6525302922309337,0.8586124128471825
0.6530648610121169,0.8586124128471825
0.6530648610121169,0.8588410104011887
0.6533321454027085,0.8588410104011887
0.6533321454027085,0.8589553091781917
0.6534212401995724,0.8589553091781917
0.6534212401995724,0.8590696079551948
0.6536885245901639,0.8590696079551948
0.6536885245901639,0.8591839067321979
0.6537776193870278,0.8591839067321979
0.6537776193870278,0.859298205509201
0.6538667141838916,0.859298205509201
0.6538667141838916,0.8594125042862042
0.6540449037776194,0.8594125042862042
0.6540449037776194,0.8595268030632073
0.6544903777619387,0.8595268030632073
0.6544903777619387,0.8596411018402104
0.6546685673556665,0.8596411018402104
0.6546685673556665,0.8597554006172134
0.654935851746258,0.8597554006172134
0.654935851746258,0.8598696993942165
0.6550249465431219,0.8598696993942165
0.6550249465431219,0.8599839981712196
0.6552922309337135,0.8599839981712196
0.6552922309337135,0.8600982969482227
0.6553813257305773,0.8600982969482227
0.6553813257305773,0.8603268945022289
0.6558267997148967,0.8603268945022289
0.6558267997148967,0.860555492056235
0.6559158945117605,0.860555492056235
0.6559158945117605,0.8606697908332381
0.6565395580898076,0.8606697908332381
0.6565395580898076,0.8610126871642474
0.6567177476835353,0.8610126871642474
0.6567177476835353,0.8611269859412505
0.656895937277263,0.8611269859412505
0.656895937277263,0.8614698822722597
0.6570741268709908,0.8614698822722597
0.6570741268709908,0.8615841810492628
0.6571632216678546,0.8615841810492628
0.6571632216678546,0.861812778603269
0.65751960085531,0.861812778603269
0.65751960085531,0.8620413761572752
0.657608695652174,0.8620413761572752
0.657608695652174,0.8621556749342782
0.6576977904490378,0.8621556749342782
0.6576977904490378,0.8623842724882844
0.6584105488239487,0.8623842724882844
0.6584105488239487,0.8627271688192937
0.6584996436208126,0.8627271688192937
0.6584996436208126,0.8628414675962968
0.6586778332145403,0.8628414675962968
0.6586778332145403,0.8629557663732998
0.6587669280114041,0.8629557663732998
0.6587669280114041,0.863184363927306
0.6589451176051319,0.863184363927306
0.6589451176051319,0.8632986627043091
0.6592124019957234,0.8632986627043091
0.6592124019957234,0.8634129614813122
0.6595687811831789,0.8634129614813122
0.6595687811831789,0.8635272602583153
0.6596578759800428,0.8635272602583153
0.6596578759800428,0.8636415590353184
0.6598360655737705,0.8636415590353184
0.6598360655737705,0.8637558578123214
0.6616179615110478,0.8637558578123214
0.6616179615110478,0.8640987541433307
0.6619743406985032,0.8640987541433307
0.6619743406985032,0.8642130529203338
0.6620634354953671,0.8642130529203338
0.6620634354953671,0.8646702480283461
0.6623307198859587,0.8646702480283461
0.6623307198859587,0.8647845468053492
0.662776193870278,0.8647845468053492
0.662776193870278,0.8650131443593554
0.6629543834640057,0.8650131443593554
0.6629543834640057,0.8651274431363585
0.6633107626514612,0.8651274431363585
0.6633107626514612,0.8652417419133616
0.663399857448325,0.8652417419133616
0.663399857448325,0.8655846382443708
0.6635780470420527,0.8655846382443708
0.6635780470420527,0.8656989370213739
0.6636671418389166,0.8656989370213739
0.6636671418389166,0.865813235798377
0.6640235210263721,0.865813235798377
0.6640235210263721,0.8659275345753801
0.6644689950106913,0.8659275345753801
0.6644689950106913,0.8660418333523832
0.6646471846044191,0.8660418333523832
0.6646471846044191,0.8661561321293862
0.664736279401283,0.8662704309063893
0.6648253741981468,0.8662704309063893
0.6648253741981468,0.8663847296833924
0.6650035637918745,0.8663847296833924
0.6650035637918745,0.8664990284603955
0.6650926585887385,0.8664990284603955
0.6650926585887385,0.8666133272373986
0.6652708481824662,0.8666133272373986
0.6652708481824662,0.8667276260144017
0.6658054169636494,0.8667276260144017
0.6658054169636494,0.8668419247914048
0.6659836065573771,0.8668419247914048
0.6659836065573771,0.8669562235684078
0.6666072701354241,0.8669562235684078
0.6666072701354241,0.867184821122414
0.6667854597291518,0.867184821122414
0.6667854597291518,0.8672991198994171
0.6671418389166073,0.8672991198994171
0.6671418389166073,0.8675277174534233
0.6674982181040627,0.8675277174534233
0.6674982181040627,0.8676420162304264
0.6677655024946543,0.8676420162304264
0.6677655024946543,0.8678706137844325
0.6681218816821097,0.8678706137844325
0.6681218816821097,0.8682135101154418
0.6684782608695652,0.8682135101154418
0.6684782608695652,0.8683278088924449
0.6685673556664291,0.868442107669448
0.6686564504632929,0.868442107669448
0.6686564504632929,0.868556406446451
0.6700819672131147,0.868556406446451
0.6700819672131147,0.8688993027774603
0.670527441197434,0.8688993027774603
0.670527441197434,0.8690136015544634
0.6708838203848895,0.8690136015544634
0.6708838203848895,0.8691279003314665
0.6716856735566643,0.8691279003314665
0.6716856735566643,0.8692421991084696
0.6717747683535281,0.8692421991084696
0.6717747683535281,0.8693564978854726
0.671863863150392,0.8693564978854726
0.671863863150392,0.8694707966624757
0.6723093371347113,0.8694707966624757
0.6723093371347113,0.8695850954394788
0.6730220955096222,0.8695850954394788
0.6730220955096222,0.869813692993485
0.67320028510335,0.869813692993485
0.67320028510335,0.8700422905474912
0.6737348538845331,0.8700422905474912
0.6737348538845331,0.8701565893244942
0.6740021382751248,0.8701565893244942
0.6740021382751248,0.8702708881014973
0.6741803278688525,0.8702708881014973
0.6741803278688525,0.8704994856555035
0.674447612259444,0.8704994856555035
0.674447612259444,0.8706137844325066
0.6746258018531718,0.8706137844325066
0.6746258018531718,0.8707280832095097
0.6748930862437633,0.8707280832095097
0.6748930862437633,0.8708423819865128
0.675160370634355,0.8708423819865128
0.675160370634355,0.871185278317522
0.6753385602280827,0.871185278317522
0.6753385602280827,0.8712995770945251
0.6754276550249465,0.8712995770945251
0.6754276550249465,0.8714138758715282
0.6756058446186742,0.8714138758715282
0.6756058446186742,0.8715281746485313
0.6763186029935851,0.8715281746485313
0.6763186029935851,0.8716424734255344
0.6764967925873129,0.8716424734255344
0.6764967925873129,0.8717567722025374
0.6772986457590877,0.8717567722025374
0.6772986457590877,0.8718710709795405
0.6778332145402709,0.8718710709795405
0.6778332145402709,0.8719853697565436
0.6780114041339986,0.8719853697565436
0.6780114041339986,0.8720996685335467
0.678367783321454,0.8720996685335467
0.678367783321454,0.8722139673105498
0.6784568781183179,0.8722139673105498
0.6784568781183179,0.8723282660875529
0.6790805416963649,0.8723282660875529
0.6790805416963649,0.8726711624185621
0.6793478260869565,0.8726711624185621
0.6793478260869565,0.8727854611955652
0.6795260156806843,0.8727854611955652
0.6795260156806843,0.8730140587495714
0.679704205274412,0.8730140587495714
0.679704205274412,0.8731283575265745
0.6799714896650035,0.8731283575265745
0.6799714896650035,0.8733569550805806
0.6800605844618675,0.8733569550805806
0.6800605844618675,0.8735855526345868
0.6801496792587313,0.8735855526345868
0.6801496792587313,0.873814150188593
0.6802387740555952,0.873814150188593
0.6802387740555952,0.8739284489655961
0.6805060584461867,0.8739284489655961
0.6805060584461867,0.8740427477425992
0.6807733428367784,0.8740427477425992
0.6807733428367784,0.8741570465196022
0.6808624376336422,0.8741570465196022
0.6808624376336422,0.8742713452966053
0.6813079116179616,0.8742713452966053
0.6813079116179616,0.8743856440736084
0.6814861012116893,0.8743856440736084
0.6814861012116893,0.8744999428506115
0.681664290805417,0.8744999428506115
0.681664290805417,0.8747285404046177
0.6818424803991446,0.8747285404046177
0.6818424803991446,0.8748428391816208
0.6819315751960086,0.8748428391816208
0.6819315751960086,0.8750714367356269
0.6820206699928724,0.8750714367356269
0.6820206699928724,0.8758715281746485
0.6830007127583749,0.8758715281746485
0.6830007127583749,0.8761001257286547
0.6832679971489665,0.8761001257286547
0.6832679971489665,0.8767859183906732
0.6833570919458304,0.8767859183906732
0.6833570919458304,0.8771288147216825
0.6839807555238774,0.8771288147216825
0.6839807555238774,0.8772431134986856
0.684248039914469,0.8772431134986856
0.684248039914469,0.8774717110526917
0.6844262295081968,0.8774717110526917
0.6844262295081968,0.8777003086066979
0.68496079828938,0.8777003086066979
0.68496079828938,0.877814607383701
0.6851389878831077,0.877814607383701
0.6851389878831077,0.8781575037147102
0.6857626514611547,0.8781575037147102
0.6857626514611547,0.8782718024917133
0.6858517462580185,0.8782718024917133
0.6858517462580185,0.8786146988227226
0.6862081254454739,0.8786146988227226
0.6862081254454739,0.8787289975997257
0.6864754098360656,0.8787289975997257
0.6864754098360656,0.8789575951537318
0.6870099786172488,0.8789575951537318
0.6870099786172488,0.8790718939307349
0.6870990734141126,0.879186192707738
0.6873663578047042,0.879186192707738
0.6873663578047042,0.8794147902617442
0.6878118317890235,0.8794147902617442
0.6878118317890235,0.8796433878157504
0.6883464005702067,0.8796433878157504
0.6883464005702067,0.8797576865927534
0.6886136849607983,0.8797576865927534
0.6886136849607983,0.8798719853697565
0.6892373485388453,0.8798719853697565
0.6892373485388453,0.8801005829237627
0.6896828225231646,0.8801005829237627
0.6896828225231646,0.8802148817007658
0.6897719173200285,0.8802148817007658
0.6897719173200285,0.880557778031775
0.6910192444761226,0.880557778031775
0.6910192444761226,0.8806720768087781
0.6911083392729864,0.8806720768087781
0.6911083392729864,0.8807863755857812
0.6918210976478973,0.8807863755857812
0.6918210976478973,0.8809006743627843
0.6919992872416251,0.8809006743627843
0.6919992872416251,0.8810149731397874
0.6925338560228083,0.8810149731397874
0.6925338560228083,0.8811292719167905
0.6926229508196722,0.8811292719167905
0.6926229508196722,0.8812435706937936
0.6928011404133999,0.8812435706937936
0.6928011404133999,0.8813578694707966
0.6930684248039914,0.8813578694707966
0.6930684248039914,0.8815864670248028
0.6935138987883107,0.8815864670248028
0.6935138987883107,0.8817007658018059
0.6940484675694939,0.8817007658018059
0.6940484675694939,0.881815064578809
0.6941375623663578,0.881815064578809
0.6941375623663578,0.8819293633558121
0.6943157519600855,0.8819293633558121
0.6943157519600855,0.8820436621328152
0.694672131147541,0.8820436621328152
0.694672131147541,0.8821579609098182
0.6950285103349965,0.8821579609098182
0.6950285103349965,0.8822722596868213
0.695295794725588,0.8822722596868213
0.695295794725588,0.8823865584638244
0.6953848895224519,0.8823865584638244
0.6953848895224519,0.8826151560178306
0.6956521739130435,0.8826151560178306
0.6956521739130435,0.8827294547948337
0.6958303635067712,0.8827294547948337
0.6958303635067712,0.8828437535718368
0.6960085531004989,0.8828437535718368
0.6960085531004989,0.8830723511258429
0.6960976478973628,0.8830723511258429
0.6960976478973628,0.8833009486798491
0.6961867426942266,0.8833009486798491
0.6961867426942266,0.8835295462338553
0.6962758374910906,0.8835295462338553
0.6962758374910906,0.8836438450108584
0.697255880256593,0.8836438450108584
0.697255880256593,0.8837581437878614
0.6975231646471846,0.8837581437878614
0.6975231646471846,0.8838724425648645
0.6976122594440485,0.8838724425648645
0.6977904490377762,0.8838724425648645
0.6979686386315039,0.8838724425648645
0.6979686386315039,0.8839867413418676
0.6980577334283677,0.8839867413418676
0.6980577334283677,0.8841010401188707
0.6982359230220955,0.8841010401188707
0.6982359230220955,0.8843296376728769
0.6984141126158232,0.8843296376728769
0.6984141126158232,0.88444393644988
0.6985923022095509,0.88444393644988
0.6985923022095509,0.884558235226883
0.6989486813970064,0.884558235226883
0.6989486813970064,0.8846725340038861
0.6993941553813258,0.8846725340038861
0.6993941553813258,0.8847868327808892
0.6997505345687812,0.8847868327808892
0.6997505345687812,0.8849011315578923
0.699928724162509,0.8849011315578923
0.699928724162509,0.8850154303348954
0.7002851033499644,0.8850154303348954
0.7002851033499644,0.8851297291118985
0.7003741981468282,0.8851297291118985
0.7003741981468282,0.8852440278889016
0.7007305773342837,0.8852440278889016
0.7007305773342837,0.8853583266659046
0.7010869565217391,0.8853583266659046
0.7010869565217391,0.8855869242199108
0.7019779044903778,0.8855869242199108
0.7019779044903778,0.8857012229969139
0.7020669992872416,0.8857012229969139
0.7020669992872416,0.885815521773917
0.7023342836778332,0.885815521773917
0.7023342836778332,0.8862727168819293
0.7033143264433357,0.8862727168819293
0.7033143264433357,0.8865013144359355
0.7034925160370634,0.8865013144359355
0.7034925160370634,0.8866156132129386
0.7042052744119743,0.8866156132129386
0.7042052744119743,0.8867299119899417
0.7045616535994298,0.8867299119899417
0.7045616535994298,0.8868442107669448
0.7047398431931575,0.8868442107669448
0.7047398431931575,0.8870728083209509
0.7050071275837491,0.8870728083209509
0.7050071275837491,0.887187107097954
0.7052744119743407,0.887187107097954
0.7052744119743407,0.8875300034289633
0.7059871703492516,0.8875300034289633
0.7059871703492516,0.8876443022059664
0.7063435495367071,0.8876443022059664
0.7063435495367071,0.8877586009829694
0.7066999287241625,0.8877586009829694
0.7066999287241625,0.8883300948679849
0.7074126870990735,0.8883300948679849
0.7074126870990735,0.888444393644988
0.7079472558802566,0.888444393644988
0.7079472558802566,0.888558692421991
0.7084818246614397,0.888558692421991
0.7084818246614397,0.8887872899759972
0.7088382038488952,0.8887872899759972
0.7088382038488952,0.8890158875300034
0.7089272986457591,0.8890158875300034
0.7089272986457591,0.8891301863070065
0.7091054882394868,0.8891301863070065
0.7091054882394868,0.8892444850840096
0.7092836778332146,0.8892444850840096
0.7092836778332146,0.8893587838610126
0.7093727726300784,0.8893587838610126
0.7093727726300784,0.8894730826380157
0.7094618674269423,0.8894730826380157
0.7094618674269423,0.8895873814150188
0.7097291518175338,0.8895873814150188
0.7097291518175338,0.8897016801920219
0.7098182466143977,0.8897016801920219
0.7098182466143977,0.8899302777460281
0.7099964362081255,0.8899302777460281
0.7099964362081255,0.8900445765230312
0.7106200997861725,0.8900445765230312
0.7106200997861725,0.8901588753000342
0.7107091945830364,0.8901588753000342
0.7107091945830364,0.8903874728540404
0.7108873841767641,0.8903874728540404
0.7108873841767641,0.8906160704080466
0.7111546685673557,0.8906160704080466
0.7111546685673557,0.8908446679620529
0.7113328581610834,0.8908446679620529
0.7113328581610834,0.891073265516059
0.711600142551675,0.891073265516059
0.711600142551675,0.8911875642930621
0.7116892373485388,0.8911875642930621
0.7116892373485388,0.8913018630700652
0.712223806129722,0.8913018630700652
0.712223806129722,0.8914161618470683
0.7123129009265858,0.8914161618470683
0.7123129009265858,0.8916447594010745
0.7124910905203136,0.8916447594010745
0.7124910905203136,0.8918733569550806
0.7125801853171775,0.8918733569550806
0.7125801853171775,0.892330552063093
0.712847469707769,0.892330552063093
0.712847469707769,0.8924448508400961
0.7129365645046329,0.8924448508400961
0.7129365645046329,0.8927877471711053
0.7143620812544548,0.8927877471711053
0.7143620812544548,0.8930163447251115
0.714807555238774,0.8930163447251115
0.714807555238774,0.8931306435021146
0.714896650035638,0.8931306435021146
0.714896650035638,0.8933592410561207
0.7154312188168211,0.8933592410561207
0.7154312188168211,0.8934735398331238
0.7156985032074127,0.8934735398331238
0.7156985032074127,0.89370213738713
0.7164112615823236,0.89370213738713
0.7164112615823236,0.8938164361641331
0.7165003563791874,0.8939307349411362
0.7173022095509622,0.8939307349411362
0.7173022095509622,0.8940450337181393
0.71748039914469,0.8940450337181393
0.71748039914469,0.8941593324951423
0.7176585887384177,0.8941593324951423
0.7176585887384177,0.8942736312721454
0.7180149679258732,0.8942736312721454
0.7180149679258732,0.8943879300491485
0.7191732002851033,0.8943879300491485
0.7191732002851033,0.8945022288261516
0.7192622950819673,0.8945022288261516
0.7192622950819673,0.8946165276031547
0.7197968638631503,0.8946165276031547
0.7197968638631503,0.8947308263801578
0.7211332858161084,0.8947308263801578
0.7211332858161084,0.8948451251571609
0.7216678545972915,0.8948451251571609
0.7216678545972915,0.895073722711167
0.722024233784747,0.895073722711167
0.722024233784747,0.8955309178191794
0.7222024233784747,0.8955309178191794
0.7222024233784747,0.8957595153731855
0.7222915181753385,0.8957595153731855
0.7222915181753385,0.8959881129271917
0.7232715609408411,0.8959881129271917
0.7232715609408411,0.8961024117041948
0.7233606557377049,0.8961024117041948
0.7233606557377049,0.8962167104811979
0.7235388453314326,0.8962167104811979
0.7235388453314326,0.896331009258201
0.7236279401282965,0.896331009258201
0.7236279401282965,0.8964453080352041
0.7238061297220242,0.8964453080352041
0.7238061297220242,0.8966739055892102
0.7238952245188881,0.8966739055892102
0.7238952245188881,0.8967882043662133
0.7242516037063436,0.8967882043662133
0.7242516037063436,0.8969025031432164
0.7247861724875267,0.8969025031432164
0.7247861724875267,0.8973596982512287
0.7248752672843906,0.8973596982512287
0.7248752672843906,0.8975882958052349
0.7250534568781183,0.8975882958052349
0.7250534568781183,0.897702594582238
0.7251425516749822,0.897702594582238
0.7251425516749822,0.8981597896902503
0.7255880256593015,0.8981597896902503
0.7255880256593015,0.8982740884672534
0.7256771204561654,0.8982740884672534
0.7256771204561654,0.8987312835752658
0.7258553100498931,0.8987312835752658
0.7258553100498931,0.899074179906275
0.7261225944404847,0.899074179906275
0.7261225944404847,0.8991884786832781
0.7262116892373486,0.8991884786832781
0.7262116892373486,0.8993027774602812
0.7264789736279401,0.8993027774602812
0.7264789736279401,0.8994170762372843
0.7266571632216678,0.8994170762372843
0.7266571632216678,0.8996456737912905
0.7267462580185318,0.8996456737912905
0.7267462580185318,0.8997599725682935
0.7273699215965788,0.8997599725682935
0.7273699215965788,0.8998742713452966
0.7275481111903065,0.8998742713452966
0.7275481111903065,0.8999885701222997
0.7277263007840342,0.8999885701222997
0.7277263007840342,0.9001028688993028
0.7281717747683535,0.9001028688993028
0.7281717747683535,0.9002171676763059
0.7287954383464006,0.9002171676763059
0.7287954383464006,0.900331466453309
0.7288845331432644,0.900331466453309
0.7288845331432644,0.9004457652303121
0.7289736279401283,0.9004457652303121
0.7289736279401283,0.9005600640073151
0.729151817533856,0.9005600640073151
0.729151817533856,0.9006743627843182
0.7293300071275838,0.9006743627843182
0.7293300071275838,0.9007886615613213
0.729864575908767,0.9007886615613213
0.729864575908767,0.9009029603383244
0.7303100498930862,0.9009029603383244
0.7303100498930862,0.9010172591153275
0.7307555238774056,0.9010172591153275
0.7307555238774056,0.9011315578923306
0.7310228082679971,0.9011315578923306
0.7310228082679971,0.9012458566693337
0.731111903064861,0.9012458566693337
0.731111903064861,0.9013601554463367
0.7312900926585887,0.9013601554463367
0.7312900926585887,0.9014744542233398
0.732448325017819,0.9014744542233398
0.732448325017819,0.9015887530003429
0.7326265146115467,0.9015887530003429
0.7326265146115467,0.901703051777346
0.7327156094084105,0.901703051777346
0.7327156094084105,0.9018173505543491
0.7328047042052744,0.9018173505543491
0.7328047042052744,0.9019316493313522
0.7332501781895937,0.9019316493313522
0.7332501781895937,0.9021602468853583
0.7333392729864576,0.9021602468853583
0.7333392729864576,0.9023888444393645
0.7334283677833214,0.9023888444393645
0.7334283677833214,0.9025031432163676
0.7336065573770492,0.9025031432163676
0.7336065573770492,0.9026174419933707
0.7338738417676408,0.9026174419933707
0.7338738417676408,0.9027317407703738
0.7339629365645046,0.9027317407703738
0.7339629365645046,0.9028460395473769
0.7342302209550963,0.9028460395473769
0.7342302209550963,0.9029603383243799
0.7348538845331433,0.9029603383243799
0.7348538845331433,0.9031889358783861
0.735032074126871,0.9031889358783861
0.735032074126871,0.9033032346553892
0.7352102637205987,0.9033032346553892
0.7352102637205987,0.9034175334323923
0.735655737704918,0.9034175334323923
0.735655737704918,0.9036461309863985
0.7360121168923734,0.9036461309863985
0.7360121168923734,0.9037604297634015
0.736992159657876,0.9037604297634015
0.736992159657876,0.9038747285404046
0.7373485388453315,0.9038747285404046
0.7373485388453315,0.9041033260944108
0.7375267284390592,0.9041033260944108
0.7375267284390592,0.9042176248714139
0.737615823235923,0.9042176248714139
0.737615823235923,0.904331923648417
0.7377049180327869,0.904331923648417
0.7377049180327869,0.90444622242542
0.7380612972202424,0.90444622242542
0.7380612972202424,0.9045605212024231
0.7385067712045617,0.9045605212024231
0.7385067712045617,0.9046748199794262
0.7385958660014256,0.9046748199794262
0.7385958660014256,0.9047891187564293
0.7392195295794726,0.9047891187564293
0.7392195295794726,0.9049034175334324
0.740199572344975,0.9049034175334324
0.740199572344975,0.9051320150874386
0.7405559515324305,0.9051320150874386
0.7405559515324305,0.9052463138644417
0.7406450463292944,0.9052463138644417
0.7406450463292944,0.9053606126414447
0.7408232359230221,0.9053606126414447
0.7408232359230221,0.9054749114184478
0.7410014255167499,0.9054749114184478
0.7410014255167499,0.9055892101954509
0.7413578047042053,0.9055892101954509
0.7413578047042053,0.9058178077494571
0.7414468995010691,0.9058178077494571
0.7414468995010691,0.9059321065264602
0.7417141838916608,0.9059321065264602
0.7417141838916608,0.9061607040804663
0.7418032786885246,0.9061607040804663
0.7418032786885246,0.9068464967424849
0.7418923734853885,0.9068464967424849
0.7418923734853885,0.9069607955194879
0.7420705630791162,0.9069607955194879
0.7420705630791162,0.907075094296491
0.7423378474697078,0.907075094296491
0.7423378474697078,0.9071893930734941
0.742783321454027,0.9071893930734941
0.742783321454027,0.9076465881815065
0.7429615110477548,0.9076465881815065
0.7429615110477548,0.9077608869585095
0.7440306486101211,0.9077608869585095
0.7440306486101211,0.9079894845125157
0.7446543121881682,0.9079894845125157
0.7446543121881682,0.9081037832895188
0.7449215965787598,0.9081037832895188
0.7449215965787598,0.9082180820665219
0.7450997861724875,0.9082180820665219
0.7450997861724875,0.908332380843525
0.7452779757662152,0.908332380843525
0.7452779757662152,0.908446679620528
0.7453670705630792,0.908446679620528
0.7453670705630792,0.9086752771745342
0.7457234497505346,0.9086752771745342
0.7457234497505346,0.9087895759515373
0.7466143977191732,0.9087895759515373
0.7466143977191732,0.9090181735055435
0.7467034925160371,0.9090181735055435
0.7467034925160371,0.9091324722825466
0.7467925873129009,0.9091324722825466
0.7467925873129009,0.9092467710595497
0.7478617248752673,0.9092467710595497
0.7478617248752673,0.9093610698365527
0.7479508196721312,0.9093610698365527
0.7479508196721312,0.9095896673905589
0.748039914468995,0.9095896673905589
0.748039914468995,0.9098182649445651
0.7481290092658589,0.9098182649445651
0.7481290092658589,0.9099325637215682
0.7483071988595866,0.9099325637215682
0.7483071988595866,0.9100468624985713
0.7483962936564504,0.9100468624985713
0.7483962936564504,0.9101611612755743
0.7487526728439059,0.9101611612755743
0.7487526728439059,0.9103897588295805
0.7490199572344975,0.9103897588295805
0.7490199572344975,0.9106183563835867
0.7491090520313614,0.9106183563835867
0.7491090520313614,0.9107326551605898
0.749376336421953,0.9107326551605898
0.749376336421953,0.9108469539375929
0.7494654312188168,0.9108469539375929
0.7494654312188168,0.9109612527145959
0.7497327156094085,0.9109612527145959
0.7497327156094085,0.9115327465996114
0.75,0.9115327465996114
0.75,0.9116470453766145
0.7500890947968638,0.9116470453766145
0.7500890947968638,0.9117613441536175
0.7501781895937277,0.9117613441536175
0.7501781895937277,0.9118756429306206
0.7503563791874555,0.9118756429306206
0.7503563791874555,0.9119899417076237
0.7504454739843193,0.9119899417076237
0.7504454739843193,0.9122185392616299
0.7508909479686386,0.9122185392616299
0.7508909479686386,0.912332838038633
0.7512473271560941,0.912332838038633
0.7512473271560941,0.912447136815636
0.7513364219529579,0.912447136815636
0.7513364219529579,0.9126757343696422
0.7515146115466856,0.9126757343696422
0.7515146115466856,0.9127900331466453
0.7517818959372773,0.9127900331466453
0.7517818959372773,0.9130186307006515
0.7530292230933714,0.9130186307006515
0.7530292230933714,0.9131329294776546
0.7535637918745546,0.9131329294776546
0.7535637918745546,0.9132472282546577
0.7536528866714184,0.9132472282546577
0.7536528866714184,0.9134758258086638
0.7538310762651461,0.9134758258086638
0.7538310762651461,0.9138187221396731
0.7540983606557377,0.9138187221396731
0.7540983606557377,0.9139330209166762
0.7541874554526016,0.9139330209166762
0.7541874554526016,0.9141616184706823
0.7542765502494654,0.9141616184706823
0.7542765502494654,0.9142759172476854
0.7544547398431931,0.9142759172476854
0.7544547398431931,0.9143902160246885
0.7549893086243763,0.9143902160246885
0.7549893086243763,0.9145045148016916
0.7550784034212402,0.9145045148016916
0.7550784034212402,0.9146188135786947
0.7553456878118318,0.9146188135786947
0.7553456878118318,0.9147331123556978
0.7561475409836066,0.9147331123556978
0.7561475409836066,0.9148474111327008
0.7562366357804704,0.9148474111327008
0.7562366357804704,0.9149617099097039
0.7564148253741981,0.9149617099097039
0.7564148253741981,0.915076008686707
0.7568602993585175,0.915076008686707
0.7568602993585175,0.9153046062407132
0.7569493941553813,0.9153046062407132
0.7569493941553813,0.9155332037947194
0.7573057733428368,0.9155332037947194
0.7573057733428368,0.9156475025717224
0.7581967213114754,0.9156475025717224
0.7581967213114754,0.9158761001257286
0.7587312900926586,0.9158761001257286
0.7587312900926586,0.9159903989027317
0.7588203848895224,0.9159903989027317
0.7588203848895224,0.9161046976797348
0.7589094796863863,0.9161046976797348
0.7589094796863863,0.9162189964567379
0.7593549536707056,0.9162189964567379
0.7593549536707056,0.916447594010744
0.7594440484675695,0.916447594010744
0.7594440484675695,0.9165618927877471
0.7595331432644333,0.9165618927877471
0.7595331432644333,0.9166761915647502
0.7599786172487527,0.9166761915647502
0.7599786172487527,0.9167904903417533
0.7600677120456165,0.9167904903417533
0.7600677120456165,0.9170190878957595
0.7610477548111191,0.9170190878957595
0.7610477548111191,0.9171333866727626
0.7611368496079829,0.9171333866727626
0.7611368496079829,0.9172476854497656
0.7612259444048468,0.9172476854497656
0.7612259444048468,0.9173619842267687
0.7613150392017106,0.9173619842267687
0.7613150392017106,0.9174762830037718
0.7615823235923022,0.9174762830037718
0.7615823235923022,0.9175905817807749
0.7617605131860299,0.9175905817807749
0.7617605131860299,0.917704880557778
0.7621168923734853,0.917704880557778
0.7621168923734853,0.9178191793347811
0.7625623663578047,0.9178191793347811
0.7625623663578047,0.9179334781117842
0.7626514611546685,0.9179334781117842
0.7626514611546685,0.9180477768887872
0.7627405559515325,0.9180477768887872
0.7627405559515325,0.9181620756657903
0.763007840342124,0.9181620756657903
0.763007840342124,0.9182763744427934
0.7630969351389879,0.9182763744427934
0.7630969351389879,0.9183906732197965
0.7633642195295794,0.9183906732197965
0.7633642195295794,0.9186192707738027
0.7634533143264434,0.9186192707738027
0.7634533143264434,0.9187335695508058
0.7637205987170349,0.9187335695508058
0.7637205987170349,0.9188478683278088
0.7638096935138988,0.9188478683278088
0.7638096935138988,0.919076465881815
0.7638987883107626,0.919076465881815
0.7638987883107626,0.9191907646588181
0.7639878831076266,0.9191907646588181
0.7639878831076266,0.9194193622128243
0.7640769779044904,0.9194193622128243
0.7640769779044904,0.9196479597668304
0.764344262295082,0.9196479597668304
0.764344262295082,0.9198765573208366
0.7646115466856735,0.9198765573208366
0.7646115466856735,0.9201051548748428
0.7647897362794013,0.9201051548748428
0.7647897362794013,0.9202194536518459
0.764967925873129,0.9202194536518459
0.764967925873129,0.920333752428849
0.7652352102637205,0.920333752428849
0.7652352102637205,0.920448051205852
0.7654133998574483,0.920448051205852
0.7654133998574483,0.9205623499828551
0.7664825374198146,0.9205623499828551
0.7664825374198146,0.9206766487598582
0.7668389166072701,0.9206766487598582
0.7668389166072701,0.9207909475368613
0.7672843905915895,0.9207909475368613
0.7672843905915895,0.9209052463138644
0.7673734853884533,0.9209052463138644
0.7673734853884533,0.9212481426448736
0.7683535281539559,0.9212481426448736
0.7683535281539559,0.9214767401988798
0.7684426229508197,0.9214767401988798
0.7684426229508197,0.9215910389758829
0.7687099073414113,0.9215910389758829
0.7687099073414113,0.921705337752886
0.7687990021382751,0.921705337752886
0.7687990021382751,0.9218196365298891
0.7697790449037776,0.9218196365298891
0.7697790449037776,0.9220482340838954
0.7706699928724162,0.9220482340838954
0.7706699928724162,0.9221625328608984
0.7707590876692801,0.9221625328608984
0.7707590876692801,0.9222768316379015
0.7711154668567356,0.9222768316379015
0.7711154668567356,0.9223911304149046
0.7712936564504633,0.9223911304149046
0.7712936564504633,0.9225054291919077
0.7713827512473271,0.9225054291919077
0.7713827512473271,0.9226197279689108
0.7718282252316465,0.9226197279689108
0.7718282252316465,0.9227340267459139
0.7719173200285103,0.9227340267459139
0.7719173200285103,0.922848325522917
0.772184604419102,0.922848325522917
0.772184604419102,0.92296262429992
0.7722736992159658,0.92296262429992
0.7722736992159658,0.9230769230769231
0.7733428367783322,0.9230769230769231
0.7733428367783322,0.9233055206309293
0.7735210263720599,0.9233055206309293
0.7735210263720599,0.9234198194079324
0.7738774055595153,0.9234198194079324
0.7738774055595153,0.9235341181849355
0.7741446899501069,0.9235341181849355
0.7741446899501069,0.9237627157389416
0.7742337847469708,0.9237627157389416
0.7742337847469708,0.9238770145159447
0.7745901639344263,0.9238770145159447
0.7745901639344263,0.9239913132929478
0.7749465431218817,0.9239913132929478
0.7749465431218817,0.9241056120699509
0.7751247327156094,0.9241056120699509
0.7751247327156094,0.924219910846954
0.7755702066999287,0.924219910846954
0.7755702066999287,0.9243342096239571
0.7757483962936564,0.9243342096239571
0.7757483962936564,0.9245628071779632
0.7761938702779758,0.9245628071779632
0.7761938702779758,0.9246771059549663
0.7763720598717035,0.9246771059549663
0.7763720598717035,0.9247914047319694
0.7769957234497505,0.9247914047319694
0.7769957234497505,0.9250200022859756
0.7771739130434783,0.9250200022859756
0.7771739130434783,0.9251343010629787
0.7775302922309337,0.9251343010629787
0.7775302922309337,0.9252485998399818
0.7777084818246615,0.9252485998399818
0.7777084818246615,0.9253628986169848
0.777975766215253,0.9253628986169848
0.777975766215253,0.9254771973939879
0.7784212401995724,0.9254771973939879
0.7784212401995724,0.9257057949479941
0.7785994297933001,0.9257057949479941
0.7785994297933001,0.9258200937249972
0.7786885245901639,0.9258200937249972
0.7786885245901639,0.9259343925020003
0.7801140413399857,0.9259343925020003
0.7801140413399857,0.9260486912790034
0.7802922309337135,0.9260486912790034
0.7802922309337135,0.9261629900560064
0.7806486101211689,0.9261629900560064
0.7806486101211689,0.9262772888330095
0.7811831789023521,0.9262772888330095
0.7811831789023521,0.9263915876100126
0.7812722736992159,0.9263915876100126
0.7812722736992159,0.9266201851640188
0.7814504632929437,0.9266201851640188
0.7814504632929437,0.9267344839410219
0.781895937277263,0.9267344839410219
0.781895937277263,0.926848782718025
0.7819850320741268,0.926848782718025
0.7819850320741268,0.926963081495028
0.7820741268709908,0.926963081495028
0.7820741268709908,0.9270773802720311
0.7821632216678546,0.9270773802720311
0.7821632216678546,0.9273059778260373
0.7824305060584462,0.9273059778260373
0.7824305060584462,0.9276488741570466
0.7826977904490378,0.9276488741570466
0.7826977904490378,0.9279917704880558
0.7837669280114041,0.9279917704880558
0.7837669280114041,0.9281060692650589
0.7839451176051319,0.9281060692650589
0.7839451176051319,0.928220368042062
0.7843905915894511,0.928220368042062
0.7843905915894511,0.9283346668190651
0.7845687811831789,0.9283346668190651
0.7845687811831789,0.9285632643730712
0.785192444761226,0.9285632643730712
0.785192444761226,0.9286775631500743
0.7855488239486814,0.9286775631500743
0.7855488239486814,0.9287918619270774
0.7857270135424091,0.9287918619270774
0.7857270135424091,0.9289061607040805
0.7867961511047755,0.9289061607040805
0.7867961511047755,0.9290204594810836
0.7874198146828225,0.9290204594810836
0.7874198146828225,0.9291347582580867
0.7876870990734142,0.9291347582580867
0.7876870990734142,0.9292490570350898
0.7881325730577334,0.9292490570350898
0.7881325730577334,0.9294776545890959
0.7895580898075553,0.9294776545890959
0.7895580898075553,0.929591953366099
0.7896471846044191,0.929591953366099
0.7896471846044191,0.9297062521431021
0.7902708481824662,0.9297062521431021
0.7902708481824662,0.9298205509201052
0.7907163221667854,0.9298205509201052
0.7907163221667854,0.9299348496971083
0.7908945117605132,0.9299348496971083
0.7908945117605132,0.9301634472511144
0.7918745545260156,0.9301634472511144
0.7918745545260156,0.9302777460281175
0.7920527441197434,0.9302777460281175
0.7920527441197434,0.9305063435821237
0.792320028510335,0.9305063435821237
0.792320028510335,0.9306206423591268
0.7924982181040627,0.9306206423591268
0.7924982181040627,0.9307349411361299
0.7925873129009265,0.9307349411361299
0.7925873129009265,0.930849239913133
0.7927655024946543,0.930849239913133
0.7927655024946543,0.930963538690136
0.7928545972915182,0.930963538690136
0.7928545972915182,0.9310778374671391
0.792943692088382,0.9310778374671391
0.792943692088382,0.9311921362441422
0.7941019244476123,0.9311921362441422
0.7941019244476123,0.9314207337981484
0.7944583036350678,0.9314207337981484
0.7944583036350678,0.9315350325751515
0.7953492516037064,0.9315350325751515
0.7953492516037064,0.9316493313521546
0.7957056307911617,0.9316493313521546
0.7957056307911617,0.9317636301291576
0.7958838203848895,0.9317636301291576
0.7958838203848895,0.9319922276831638
0.7960620099786172,0.9319922276831638
0.7960620099786172,0.93222082523717
0.7961511047754811,0.93222082523717
0.7961511047754811,0.9323351240141731
0.7964183891660727,0.9323351240141731
0.7964183891660727,0.9324494227911762
0.7965965787598004,0.9324494227911762
0.7965965787598004,0.9325637215681792
0.796863863150392,0.9325637215681792
0.796863863150392,0.9326780203451823
0.7977548111190307,0.9326780203451823
0.7977548111190307,0.9327923191221854
0.7980220955096222,0.9327923191221854
0.7980220955096222,0.9329066178991885
0.7987348538845331,0.9329066178991885
0.7987348538845331,0.9331352154531947
0.7990021382751248,0.9331352154531947
0.7990021382751248,0.9332495142301978
0.7997148966500356,0.9332495142301978
0.7998039914468995,0.9333638130072008
0.8002494654312188,0.9333638130072008
0.8002494654312188,0.9334781117842039
0.8003385602280827,0.9334781117842039
0.8003385602280827,0.9338210081152132
0.8005167498218104,0.9338210081152132
0.8005167498218104,0.9339353068922163
0.800784034212402,0.9339353068922163
0.800784034212402,0.9341639044462224
0.8014076977904491,0.9341639044462224
0.8014076977904491,0.9343925020002286
0.8016749821810406,0.9343925020002286
0.8016749821810406,0.9345068007772317
0.8019422665716323,0.9345068007772317
0.8019422665716323,0.9346210995542348
0.80212045616536,0.9346210995542348
0.80212045616536,0.9347353983312379
0.8026550249465432,0.9347353983312379
0.8026550249465432,0.934963995885244
0.802744119743407,0.934963995885244
0.802744119743407,0.9350782946622471
0.8028332145402709,0.9350782946622471
0.8028332145402709,0.9351925934392502
0.8031895937277262,0.9351925934392502
0.8031895937277262,0.9353068922162533
0.8032786885245902,0.9353068922162533
0.8032786885245902,0.9354211909932564
0.8041696364932288,0.9354211909932564
0.8041696364932288,0.9355354897702595
0.8043478260869565,0.9355354897702595
0.8043478260869565,0.9357640873242656
0.8045260156806843,0.9357640873242656
0.8045260156806843,0.9359926848782718
0.8052387740555952,0.9359926848782718
0.8052387740555952,0.936221282432278
0.805327868852459,0.936221282432278
0.805327868852459,0.9363355812092811
0.8054169636493229,0.9363355812092811
0.8054169636493229,0.9364498799862842
0.8057733428367784,0.9364498799862842
0.8057733428367784,0.9365641787632872
0.8060406272273699,0.9365641787632872
0.8060406272273699,0.9366784775402903
0.8070206699928724,0.9366784775402903
0.8070206699928724,0.9367927763172934
0.8080007127583749,0.9367927763172934
0.8080007127583749,0.9371356726483027
0.8084461867426942,0.9371356726483027
0.8084461867426942,0.9372499714253058
0.8085352815395581,0.9372499714253058
0.8085352815395581,0.9373642702023088
0.8088025659301497,0.9373642702023088
0.8088025659301497,0.9374785689793119
0.8090698503207413,0.9374785689793119
0.8090698503207413,0.937592867756315
0.8094262295081968,0.937592867756315
0.8094262295081968,0.9378214653103212
0.8096044191019245,0.9378214653103212
0.8096044191019245,0.9380500628643273
0.8096935138987883,0.9380500628643273
0.8096935138987883,0.9383929591953366
0.809871703492516,0.9383929591953366
0.809871703492516,0.9386215567493428
0.80996079828938,0.9386215567493428
0.80996079828938,0.938850154303349
0.8101389878831077,0.938850154303349
0.8101389878831077,0.938964453080352
0.8103171774768354,0.938964453080352
0.8103171774768354,0.9390787518573551
0.8105844618674269,0.9390787518573551
0.8105844618674269,0.9393073494113613
0.8114754098360656,0.9393073494113613
0.8114754098360656,0.9394216481883644
0.8116535994297933,0.9394216481883644
0.8116535994297933,0.9395359469653675
0.8119208838203849,0.9395359469653675
0.8119208838203849,0.9397645445193736
0.8120099786172488,0.9397645445193736
0.8120099786172488,0.9399931420733798
0.812544547398432,0.9399931420733798
0.812544547398432,0.940221739627386
0.8128118317890235,0.940221739627386
0.8128118317890235,0.9403360384043891
0.8133464005702067,0.9403360384043891
0.8133464005702067,0.9404503371813921
0.8138809693513899,0.9404503371813921
0.8138809693513899,0.9405646359583952
0.8144155381325731,0.9405646359583952
0.8144155381325731,0.9406789347353983
0.8149501069137562,0.9406789347353983
0.8149501069137562,0.9407932335124014
0.815128296507484,0.9407932335124014
0.815128296507484,0.9409075322894045
0.8164647184604419,0.9409075322894045
0.8164647184604419,0.9410218310664076
0.8165538132573058,0.9410218310664076
0.8165538132573058,0.9411361298434107
0.8169992872416251,0.9411361298434107
0.8169992872416251,0.9412504286204137
0.817088382038489,0.9412504286204137
0.817088382038489,0.9413647273974168
0.8171774768353528,0.9413647273974168
0.8171774768353528,0.9414790261744199
0.8179793300071276,0.9414790261744199
0.8179793300071276,0.941593324951423
0.8181575196008554,0.941593324951423
0.8181575196008554,0.9417076237284261
0.818335709194583,0.9417076237284261
0.818335709194583,0.9418219225054292
0.8187811831789024,0.9418219225054292
0.8187811831789024,0.9419362212824323
0.8191375623663578,0.9419362212824323
0.8191375623663578,0.9420505200594353
0.8203848895224519,0.9420505200594353
0.8203848895224519,0.9421648188364384
0.8210976478973628,0.9421648188364384
0.8210976478973628,0.9423934163904446
0.8211867426942266,0.9423934163904446
0.8211867426942266,0.9425077151674477
0.8215431218816821,0.9425077151674477
0.8215431218816821,0.9426220139444508
0.8218104062722738,0.9426220139444508
0.8218104062722738,0.9427363127214539
0.8218995010691376,0.9427363127214539
0.8218995010691376,0.942850611498457
0.8225231646471846,0.942850611498457
0.8225231646471846,0.94296491027546
0.8229686386315039,0.94296491027546
0.8229686386315039,0.9431935078294662
0.8230577334283677,0.9431935078294662
0.8230577334283677,0.9433078066064693
0.8237704918032787,0.9433078066064693
0.8237704918032787,0.9434221053834724
0.824215965787598,0.9434221053834724
0.824215965787598,0.9435364041604755
0.8251069137562367,0.9435364041604755
0.8251069137562367,0.9436507029374785
0.8253741981468282,0.9436507029374785
0.8253741981468282,0.9437650017144816
0.8254632929436921,0.9437650017144816
0.8254632929436921,0.9438793004914847
0.8257305773342837,0.9438793004914847
0.8257305773342837,0.9439935992684878
0.8258196721311475,0.9439935992684878
0.8258196721311475,0.9441078980454909
0.8260869565217391,0.9441078980454909
0.8260869565217391,0.944222196822494
0.8261760513186029,0.944222196822494
0.8261760513186029,0.9443364955994971
0.82679971489665,0.9443364955994971
0.82679971489665,0.9445650931535032
0.8272451888809693,0.9445650931535032
0.8272451888809693,0.9446793919305063
0.827512473271561,0.9446793919305063
0.827512473271561,0.9450222882615156
0.8276906628652887,0.9450222882615156
0.8276906628652887,0.9451365870385187
0.8278688524590164,0.9451365870385187
0.8278688524590164,0.9452508858155217
0.8284925160370634,0.9452508858155217
0.8284925160370634,0.9453651845925248
0.8285816108339273,0.9453651845925248
0.8285816108339273,0.9454794833695279
0.8286707056307911,0.9454794833695279
0.8286707056307911,0.9457080809235341
0.8292052744119743,0.9457080809235341
0.8292052744119743,0.9458223797005372
0.829472558802566,0.9458223797005372
0.829472558802566,0.9459366784775403
0.8296507483962936,0.9459366784775403
0.8296507483962936,0.9460509772545433
0.8297398431931575,0.9460509772545433
0.8297398431931575,0.9462795748085495
0.8298289379900213,0.9462795748085495
0.8298289379900213,0.9463938735855526
0.8299180327868853,0.9463938735855526
0.8299180327868853,0.9465081723625557
0.8303635067712045,0.9465081723625557
0.8303635067712045,0.9466224711395588
0.8304526015680684,0.9466224711395588
0.8304526015680684,0.946851068693565
0.8308089807555239,0.946851068693565
0.8308089807555239,0.9470796662475711
0.8308980755523877,0.9470796662475711
0.8308980755523877,0.9473082638015773
0.8310762651461154,0.9473082638015773
0.8310762651461154,0.9474225625785804
0.8312544547398432,0.9474225625785804
0.8312544547398432,0.9475368613555835
0.8315217391304348,0.9475368613555835
0.8315217391304348,0.9476511601325865
0.8316108339272986,0.9476511601325865
0.8316108339272986,0.9477654589095896
0.8317890235210263,0.9477654589095896
0.8317890235210263,0.9478797576865927
0.8325017818959373,0.9478797576865927
0.8325017818959373,0.9483369527946051
0.8333036350677121,0.9483369527946051
0.8333036350677121,0.9485655503486112
0.8333927298645759,0.9485655503486112
0.8333927298645759,0.9486798491256143
0.8334818246614397,0.9486798491256143
0.8334818246614397,0.9487941479026174
0.8338382038488952,0.9487941479026174
0.8338382038488952,0.9489084466796205
0.8344618674269423,0.9489084466796205
0.8344618674269423,0.9490227454566236
0.8345509622238061,0.9490227454566236
0.8345509622238061,0.9492513430106297
0.83464005702067,0.9492513430106297
0.83464005702067,0.9493656417876328
0.8348182466143977,0.9493656417876328
0.8348182466143977,0.9494799405646359
0.8365110477548111,0.9494799405646359
0.8365110477548111,0.949594239341639
0.8371347113328581,0.949594239341639
0.8371347113328581,0.9498228368956452
0.8379365645046329,0.9498228368956452
0.8379365645046329,0.9499371356726483
0.8384711332858161,0.9499371356726483
0.8384711332858161,0.9500514344496513
0.8385602280826799,0.9500514344496513
0.8385602280826799,0.9501657332266544
0.8389166072701354,0.9501657332266544
0.8389166072701354,0.9503943307806606
0.8393620812544548,0.9503943307806606
0.8393620812544548,0.9506229283346668
0.8397184604419102,0.9506229283346668
0.8397184604419102,0.9507372271116699
0.839807555238774,0.9507372271116699
0.839807555238774,0.9508515258886729
0.8400748396293657,0.9508515258886729
0.8400748396293657,0.950965824665676
0.8413221667854597,0.950965824665676
0.8413221667854597,0.9510801234426791
0.8414112615823236,0.9510801234426791
0.8414112615823236,0.9511944222196822
0.8422131147540983,0.9511944222196822
0.8422131147540983,0.9513087209966853
0.84248039914469,0.9513087209966853
0.84248039914469,0.9518802148817007
0.8425694939415538,0.9518802148817007
0.8425694939415538,0.9519945136587038
0.8434604419101924,0.9519945136587038
0.8434604419101924,0.9521088124357069
0.8435495367070563,0.9521088124357069
0.8435495367070563,0.95222311121271
0.8438168210976479,0.95222311121271
0.8438168210976479,0.9523374099897131
0.8443513898788311,0.9523374099897131
0.8443513898788311,0.9524517087667161
0.8445295794725588,0.9524517087667161
0.8445295794725588,0.9525660075437192
0.8447077690662865,0.9525660075437192
0.8447077690662865,0.9529089038747285
0.8447968638631503,0.9529089038747285
0.8447968638631503,0.9533660989827409
0.8454205274411974,0.9533660989827409
0.8454205274411974,0.953480397759744
0.8465787598004276,0.953480397759744
0.8465787598004276,0.9535946965367471
0.8467569493941554,0.9535946965367471
0.8467569493941554,0.9537089953137502
0.8471133285816108,0.9537089953137502
0.8471133285816108,0.9539375928677564
0.8472024233784747,0.9539375928677564
0.8472024233784747,0.9540518916447595
0.847647897362794,0.9540518916447595
0.847647897362794,0.9542804891987656
0.8477369921596579,0.9542804891987656
0.8477369921596579,0.9543947879757687
0.8478260869565217,0.9543947879757687
0.8478260869565217,0.9545090867527718
0.8487170349251604,0.9545090867527718
0.8487170349251604,0.9546233855297749
0.8490734141126158,0.9546233855297749
0.8490734141126158,0.954737684306778
0.8494297933000713,0.954737684306778
0.8494297933000713,0.9549662818607841
0.8501425516749822,0.9549662818607841
0.8501425516749822,0.9550805806377872
0.8504098360655737,0.9550805806377872
0.8504098360655737,0.9551948794147903
0.8509444048467569,0.9551948794147903
0.8509444048467569,0.9553091781917934
0.8510334996436208,0.9553091781917934
0.8512116892373486,0.9553091781917934
0.851568068424804,0.9553091781917934
0.851568068424804,0.9554234769687965
0.8517462580185318,0.9554234769687965
0.8517462580185318,0.9555377757457996
0.8518353528153956,0.9555377757457996
0.8518353528153956,0.9557663732998057
0.8521026372059872,0.9557663732998057
0.8521026372059872,0.9559949708538119
0.8524590163934426,0.9559949708538119
0.8524590163934426,0.956109269630815
0.8525481111903065,0.956109269630815
0.8525481111903065,0.9562235684078181
0.8526372059871703,0.9562235684078181
0.8526372059871703,0.9563378671848212
0.852904490377762,0.9563378671848212
0.852904490377762,0.9564521659618243
0.8530826799714897,0.9564521659618243
0.8530826799714897,0.9565664647388273
0.8535281539558089,0.9565664647388273
0.8535281539558089,0.9566807635158304
0.854151817533856,0.9566807635158304
0.854151817533856,0.9569093610698366
0.8543300071275838,0.9569093610698366
0.8543300071275838,0.9570236598468397
0.8549536707056308,0.9570236598468397
0.8549536707056308,0.9571379586238428
0.8551318602993585,0.9571379586238428
0.8551318602993585,0.9572522574008459
0.8552209550962224,0.9572522574008459
0.8552209550962224,0.9573665561778489
0.8553991446899502,0.9573665561778489
0.8553991446899502,0.957480854954852
0.8569137562366358,0.957480854954852
0.8569137562366358,0.9575951537318551
0.8570028510334996,0.9575951537318551
0.8570028510334996,0.9577094525088582
0.8573592302209551,0.9577094525088582
0.8573592302209551,0.9578237512858613
0.8576265146115467,0.9578237512858613
0.8576265146115467,0.9579380500628644
0.8578937990021382,0.9579380500628644
0.8578937990021382,0.9580523488398675
0.8581610833927299,0.9580523488398675
0.8581610833927299,0.9581666476168705
0.8582501781895937,0.9581666476168705
0.8582501781895937,0.9582809463938736
0.8585174625801854,0.9582809463938736
0.8585174625801854,0.958738141501886
0.8586065573770492,0.958738141501886
0.8586065573770492,0.958852440278889
0.8589629365645046,0.958852440278889
0.8589629365645046,0.9589667390558921
0.859408410548824,0.9589667390558921
0.859408410548824,0.9591953366098983
0.8597647897362795,0.9591953366098983
0.8597647897362795,0.9593096353869014
0.8602993585174625,0.9593096353869014
0.8602993585174625,0.9594239341639045
0.860655737704918,0.9594239341639045
0.860655737704918,0.9595382329409076
0.8610121168923734,0.9595382329409076
0.8610121168923734,0.9596525317179107
0.8611012116892374,0.9596525317179107
0.8611012116892374,0.9597668304949137
0.8612794012829651,0.9597668304949137
0.8612794012829651,0.9598811292719168
0.8623485388453315,0.9598811292719168
0.8623485388453315,0.9599954280489199
0.8624376336421953,0.9599954280489199
0.8624376336421953,0.960109726825923
0.8625267284390592,0.960109726825923
0.8625267284390592,0.9602240256029261
0.8627940128296507,0.9602240256029261
0.8627940128296507,0.9603383243799292
0.8628831076265147,0.9603383243799292
0.8628831076265147,0.9604526231569323
0.8633285816108339,0.9604526231569323
0.8633285816108339,0.9607955194879415
0.8642195295794726,0.9607955194879415
0.8642195295794726,0.9609098182649446
0.8643086243763364,0.9609098182649446
0.8643086243763364,0.9611384158189508
0.8648431931575196,0.9611384158189508
0.8648431931575196,0.9612527145959538
0.865199572344975,0.9612527145959538
0.865199572344975,0.9613670133729569
0.8660014255167499,0.9613670133729569
0.8660014255167499,0.96148131214996
0.8662687099073414,0.96148131214996
0.8662687099073414,0.9615956109269631
0.8667141838916608,0.9615956109269631
0.8668032786885246,0.9617099097039662
0.8668032786885246,0.9618242084809693
0.8669814682822523,0.9618242084809693
0.8669814682822523,0.9619385072579724
0.8676051318602993,0.9619385072579724
0.8676051318602993,0.9620528060349754
0.8676942266571632,0.9620528060349754
0.8676942266571632,0.9621671048119785
0.867872416250891,0.9621671048119785
0.867872416250891,0.9623957023659847
0.8683178902352102,0.9623957023659847
0.8683178902352102,0.9625100011429878
0.8684069850320741,0.9625100011429878
0.8684069850320741,0.9626242999199909
0.868496079828938,0.9626242999199909
0.868496079828938,0.9629671962510001
0.8687633642195296,0.9629671962510001
0.8687633642195296,0.9630814950280032
0.8691197434069851,0.9630814950280032
0.8691197434069851,0.9631957938050063
0.8700106913756237,0.9631957938050063
0.8700106913756237,0.9633100925820094
0.8710798289379901,0.9633100925820094
0.8710798289379901,0.9635386901360156
0.8720598717034925,0.9635386901360156
0.8720598717034925,0.9638815864670248
0.8722380612972203,0.9638815864670248
0.8722380612972203,0.9639958852440279
0.8725053456878118,0.9639958852440279
0.8725053456878118,0.964110184021031
0.873039914468995,0.964110184021031
0.873039914468995,0.9642244827980341
0.8733071988595866,0.9642244827980341
0.8733071988595866,0.9643387815750372
0.8739308624376336,0.9643387815750372
0.8739308624376336,0.9644530803520402
0.8741981468282253,0.9644530803520402
0.8741981468282253,0.9645673791290433
0.8742872416250891,0.9645673791290433
0.8742872416250891,0.9647959766830495
0.875,0.9647959766830495
0.875,0.9649102754600526
0.8751781895937277,0.9649102754600526
0.8751781895937277,0.9650245742370557
0.875623663578047,0.9650245742370557
0.875623663578047,0.9651388730140588
0.8764255167498218,0.9651388730140588
0.8764255167498218,0.965481769345068
0.8765146115466856,0.965481769345068
0.8765146115466856,0.9655960681220711
0.8766928011404134,0.9655960681220711
0.8766928011404134,0.9657103668990742
0.8767818959372773,0.9657103668990742
0.8767818959372773,0.9658246656760773
0.8771382751247327,0.9658246656760773
0.8771382751247327,0.9659389644530804
0.8779401282965075,0.9659389644530804
0.8779401282965075,0.9660532632300834
0.8781183178902352,0.9660532632300834
0.8781183178902352,0.9661675620070865
0.8782965074839629,0.9661675620070865
0.8782965074839629,0.9662818607840896
0.8789201710620099,0.9662818607840896
0.8789201710620099,0.9663961595610927
0.8790983606557377,0.9663961595610927
0.8790983606557377,0.9665104583380958
0.8792765502494654,0.9665104583380958
0.8792765502494654,0.966739055892102
0.880256593014968,0.966739055892102
0.880256593014968,0.966853354669105
0.8808802565930149,0.966853354669105
0.8808802565930149,0.9670819522231112
0.8811475409836066,0.9670819522231112
0.8811475409836066,0.9673105497771174
0.8823057733428368,0.9673105497771174
0.8823057733428368,0.9676534461081266
0.8823948681397007,0.9676534461081266
0.8823948681397007,0.9678820436621328
0.8829294369208838,0.9678820436621328
0.8829294369208838,0.9679963424391359
0.8831967213114754,0.9679963424391359
0.8831967213114754,0.968110641216139
0.8840876692801141,0.968110641216139
0.8840876692801141,0.9682249399931421
0.8842658588738418,0.9682249399931421
0.8842658588738418,0.9683392387701452
0.8843549536707056,0.9683392387701452
0.8843549536707056,0.9684535375471482
0.8845331432644333,0.9684535375471482
0.8845331432644333,0.9685678363241513
0.8856022808267997,0.9685678363241513
0.8856022808267997,0.9686821351011544
0.8857804704205274,0.9686821351011544
0.8857804704205274,0.9689107326551606
0.8864041339985744,0.9689107326551606
0.8864041339985744,0.9690250314321637
0.8864932287954383,0.9690250314321637
0.8864932287954383,0.9692536289861698
0.8868496079828938,0.9692536289861698
0.8868496079828938,0.9693679277631729
0.8878296507483963,0.9693679277631729
0.8878296507483963,0.9695965253171791
0.8879187455452602,0.9695965253171791
0.8879187455452602,0.9698251228711853
0.8886315039201711,0.9698251228711853
0.8886315039201711,0.9699394216481884
0.8901461154668567,0.9699394216481884
0.8901461154668567,0.9700537204251914
0.8904133998574483,0.9700537204251914
0.8904133998574483,0.9701680192021945
0.8914825374198146,0.9701680192021945
0.8914825374198146,0.9703966167562007
0.891928011404134,0.9703966167562007
0.891928011404134,0.9705109155332038
0.8921062009978618,0.9705109155332038
0.8921062009978618,0.9706252143102069
0.8933535281539559,0.9706252143102069
0.8933535281539559,0.97073951308721
0.8937990021382751,0.97073951308721
0.8937990021382751,0.970853811864213
0.8939771917320029,0.970853811864213
0.8939771917320029,0.9709681106412161
0.8948681397006415,0.9709681106412161
0.8948681397006415,0.9711967081952223
0.8955808980755524,0.9711967081952223
0.8955808980755524,0.9713110069722254
0.8957590876692801,0.9713110069722254
0.8957590876692801,0.9714253057492285
0.8963827512473271,0.9714253057492285
0.8963827512473271,0.9715396045262316
0.8965609408410549,0.9715396045262316
0.8965609408410549,0.9716539033032346
0.8966500356379188,0.9716539033032346
0.8966500356379188,0.9717682020802377
0.8969173200285103,0.9717682020802377
0.8969173200285103,0.9718825008572408
0.8970064148253742,0.9718825008572408
0.8970064148253742,0.9719967996342439
0.8972736992159658,0.9719967996342439
0.8972736992159658,0.9722253971882501
0.8975409836065574,0.9722253971882501
0.8975409836065574,0.9723396959652532
0.8978973627940128,0.9723396959652532
0.8978973627940128,0.9725682935192593
0.8980755523877405,0.9725682935192593
0.8980755523877405,0.9731397874042748
0.8988774055595153,0.9731397874042748
0.8988774055595153,0.9733683849582809
0.8991446899501069,0.9733683849582809
0.8991446899501069,0.973482683735284
0.8992337847469708,0.973482683735284
0.8992337847469708,0.9735969825122871
0.9004811119030649,0.9735969825122871
0.9004811119030649,0.9737112812892902
0.9008374910905204,0.9737112812892902
0.9008374910905204,0.9738255800662933
0.9011047754811119,0.9738255800662933
0.9011047754811119,0.9740541776202994
0.9018175338560228,0.9740541776202994
0.9018175338560228,0.9741684763973025
0.902352102637206,0.9741684763973025
0.902352102637206,0.9742827751743056
0.9038667141838916,0.9742827751743056
0.9038667141838916,0.9743970739513087
0.9042230933713471,0.9743970739513087
0.9042230933713471,0.974739970282318
0.9044012829650748,0.974739970282318
0.9044012829650748,0.9749685678363241
0.9045794725588026,0.9749685678363241
0.9045794725588026,0.9753114641673334
0.9048467569493942,0.9753114641673334
0.9048467569493942,0.9754257629443365
0.9050249465431219,0.9754257629443365
0.9050249465431219,0.9755400617213396
0.9051140413399857,0.9755400617213396
0.9051140413399857,0.9756543604983426
0.9054704205274412,0.9756543604983426
0.9054704205274412,0.9757686592753457
0.905559515324305,0.9757686592753457
0.905559515324305,0.9758829580523488
0.9060940841054882,0.9758829580523488
0.9060940841054882,0.976111555606355
0.9061831789023521,0.976111555606355
0.9061831789023521,0.9762258543833581
0.9064504632929437,0.9762258543833581
0.9064504632929437,0.9763401531603612
0.9065395580898076,0.9763401531603612
0.9065395580898076,0.9764544519373642
0.907608695652174,0.9764544519373642
0.907608695652174,0.9765687507143673
0.9078759800427655,0.9765687507143673
0.9078759800427655,0.9766830494913704
0.9081432644333571,0.9766830494913704
0.9081432644333571,0.9767973482683735
0.908856022808268,0.9767973482683735
0.908856022808268,0.9769116470453766
0.9089451176051319,0.9769116470453766
0.9089451176051319,0.9771402445993828
0.9093014967925873,0.9771402445993828
0.9093014967925873,0.9772545433763858
0.9093905915894511,0.9772545433763858
0.9093905915894511,0.977483140930392
0.9099251603706343,0.977483140930392
0.9099251603706343,0.9775974397073951
0.9106379187455452,0.9775974397073951
0.9106379187455452,0.9777117384843982
0.9107270135424091,0.9777117384843982
0.9107270135424091,0.9779403360384044
0.9109052031361369,0.9779403360384044
0.9109052031361369,0.9780546348154074
0.9111724875267284,0.9780546348154074
0.9111724875267284,0.9781689335924105
0.9116179615110478,0.9781689335924105
0.9116179615110478,0.9782832323694136
0.9118852459016393,0.9782832323694136
0.9118852459016393,0.9783975311464167
0.9119743406985032,0.9783975311464167
0.9119743406985032,0.9785118299234198
0.912152530292231,0.9785118299234198
0.912152530292231,0.978740427477426
0.9123307198859587,0.978740427477426
0.9123307198859587,0.978854726254429
0.9129543834640057,0.978854726254429
0.9129543834640057,0.9789690250314321
0.9131325730577334,0.9789690250314321
0.9131325730577334,0.9790833238084352
0.9142017106200998,0.9790833238084352
0.9142017106200998,0.9791976225854383
0.9145580898075553,0.9791976225854383
0.9145580898075553,0.9794262201394445
0.9149144689950107,0.9794262201394445
0.9149144689950107,0.9795405189164476
0.9157163221667854,0.9795405189164476
0.9157163221667854,0.9796548176934506
0.9158054169636494,0.9796548176934506
0.9158054169636494,0.9797691164704537
0.9163399857448326,0.9797691164704537
0.9163399857448326,0.9798834152474568
0.9166072701354241,0.9798834152474568
0.9166072701354241,0.9799977140244599
0.9166963649322879,0.9799977140244599
0.9166963649322879,0.980112012801463
0.9167854597291518,0.980112012801463
0.9167854597291518,0.9804549091324722
0.9168745545260156,0.9804549091324722
0.9168745545260156,0.9806835066864784
0.9169636493228795,0.9806835066864784
0.9169636493228795,0.9807978054634815
0.9175873129009265,0.9807978054634815
0.9175873129009265,0.9809121042404846
0.9186564504632929,0.9809121042404846
0.9186564504632929,0.9810264030174877
0.9194583036350678,0.9810264030174877
0.9194583036350678,0.9811407017944908
0.9207947255880257,0.9811407017944908
0.9207947255880257,0.9813692993484969
0.9211511047754811,0.9813692993484969
0.9211511047754811,0.9814835981255
0.9214183891660727,0.9814835981255
0.9214183891660727,0.9815978969025031
0.922487526728439,0.9815978969025031
0.922487526728439,0.9817121956795062
0.922576621525303,0.9817121956795062
0.922576621525303,0.9818264944565093
0.9231111903064861,0.9818264944565093
0.9231111903064861,0.9819407932335124
0.9234675694939416,0.9819407932335124
0.9234675694939416,0.9821693907875185
0.9239130434782609,0.9821693907875185
0.9239130434782609,0.9822836895645216
0.9240912330719886,0.9822836895645216
0.9240912330719886,0.9825122871185278
0.9243585174625801,0.9825122871185278
0.9243585174625801,0.9826265858955309
0.924447612259444,0.9826265858955309
0.924447612259444,0.982740884672534
0.925071275837491,0.982740884672534
0.925071275837491,0.982855183449537
0.925160370634355,0.982855183449537
0.925160370634355,0.9829694822265401
0.9252494654312188,0.9829694822265401
0.9252494654312188,0.9830837810035432
0.9256058446186742,0.9830837810035432
0.9256058446186742,0.9831980797805463
0.9263186029935851,0.9831980797805463
0.9263186029935851,0.9833123785575494
0.9264967925873129,0.9833123785575494
0.9264967925873129,0.9835409761115556
0.9269422665716323,0.9835409761115556
0.9269422665716323,0.9836552748885586
0.9270313613684961,0.9836552748885586
0.9270313613684961,0.9837695736655617
0.9281004989308624,0.9837695736655617
0.9281004989308624,0.9838838724425648
0.9282786885245902,0.9838838724425648
0.9282786885245902,0.9839981712195679
0.9286350677120456,0.9839981712195679
0.9286350677120456,0.9842267687735741
0.9287241625089094,0.9842267687735741
0.9287241625089094,0.9843410675505772
0.9294369208838203,0.9843410675505772
0.9294369208838203,0.9844553663275804
0.930327868852459,0.9844553663275804
0.930327868852459,0.9845696651045834
0.9308624376336422,0.9845696651045834
0.9308624376336422,0.9846839638815865
0.9311297220242338,0.9846839638815865
0.9311297220242338,0.9847982626585896
0.9313970064148254,0.9847982626585896
0.9313970064148254,0.9850268602125958
0.9317533856022808,0.9850268602125958
0.9317533856022808,0.9851411589895989
0.932287954383464,0.9851411589895989
0.932287954383464,0.985255457766602
0.932911617961511,0.985255457766602
0.932911617961511,0.985369756543605
0.9330898075552387,0.985369756543605
0.9330898075552387,0.9858269516516174
0.9333570919458304,0.9858269516516174
0.9333570919458304,0.9859412504286205
0.9335352815395581,0.9859412504286205
0.9335352815395581,0.9860555492056235
0.9336243763364219,0.9860555492056235
0.9336243763364219,0.9861698479826266
0.9340698503207413,0.9861698479826266
0.9340698503207413,0.9862841467596297
0.9354062722736992,0.9862841467596297
0.9354062722736992,0.9863984455366328
0.9357626514611547,0.9863984455366328
0.9357626514611547,0.9865127443136359
0.9359408410548824,0.9865127443136359
0.9359408410548824,0.986627043090639
0.937455452601568,0.986627043090639
0.937455452601568,0.9869699394216482
0.9376336421952958,0.9869699394216482
0.9376336421952958,0.9870842381986513
0.9377227369921597,0.9870842381986513
0.9377227369921597,0.9871985369756544
0.9379900213827512,0.9871985369756544
0.9379900213827512,0.9873128357526575
0.9383464005702067,0.9873128357526575
0.9383464005702067,0.9874271345296606
0.9388809693513899,0.9874271345296606
0.9388809693513899,0.9875414333066637
0.9396828225231646,0.9875414333066637
0.9396828225231646,0.9876557320836667
0.9406628652886672,0.9876557320836667
0.9406628652886672,0.9878843296376729
0.9410192444761226,0.9878843296376729
0.9410192444761226,0.987998628414676
0.942088382038489,0.987998628414676
0.942088382038489,0.9881129271916791
0.9421774768353528,0.9881129271916791
0.9421774768353528,0.9882272259686822
0.9429793300071276,0.9882272259686822
0.9429793300071276,0.9884558235226883
0.9430684248039914,0.9884558235226883
0.9430684248039914,0.9885701222996914
0.9437811831789024,0.9885701222996914
0.9437811831789024,0.9886844210766945
0.9456521739130435,0.9886844210766945
0.9456521739130435,0.9887987198536976
0.9457412687099074,0.9887987198536976
0.9457412687099074,0.9889130186307007
0.9460085531004989,0.9889130186307007
0.9460085531004989,0.9890273174077038
0.9460976478973628,0.9890273174077038
0.9460976478973628,0.9891416161847069
0.946632216678546,0.9891416161847069
0.946632216678546,0.98925591496171
0.947255880256593,0.98925591496171
0.947255880256593,0.989370213738713
0.9475231646471846,0.989370213738713
0.9475231646471846,0.9897131100697223
0.9477013542409123,0.9897131100697223
0.9477013542409123,0.9898274088467254
0.949215965787598,0.9898274088467254
0.949215965787598,0.9900560064007315
0.9494832501781896,0.9900560064007315
0.9494832501781896,0.9901703051777346
0.9501069137562367,0.9901703051777346
0.9501069137562367,0.9902846039547377
0.950552387740556,0.9902846039547377
0.950552387740556,0.9903989027317408
0.9507305773342837,0.9903989027317408
0.9507305773342837,0.9905132015087439
0.9510869565217391,0.9905132015087439
0.9510869565217391,0.990627500285747
0.9514433357091946,0.990627500285747
0.9514433357091946,0.9907417990627501
0.9517106200997861,0.9907417990627501
0.9517106200997861,0.9908560978397531
0.95179971489665,0.9908560978397531
0.95179971489665,0.9910846953937593
0.9519779044903778,0.9910846953937593
0.9519779044903778,0.9911989941707624
0.9526015680684248,0.9911989941707624
0.9526015680684248,0.9913132929477655
0.9528688524590164,0.9913132929477655
0.9528688524590164,0.9914275917247686
0.9535816108339273,0.9914275917247686
0.9535816108339273,0.9915418905017717
0.9543834640057021,0.9915418905017717
0.9543834640057021,0.9916561892787747
0.9565217391304348,0.9916561892787747
0.9565217391304348,0.9917704880557778
0.957056307911618,0.9917704880557778
0.957056307911618,0.9918847868327809
0.9575908766928012,0.9918847868327809
0.9575908766928012,0.9921133843867871
0.9578581610833927,0.9921133843867871
0.9578581610833927,0.9922276831637902
0.9583927298645759,0.9922276831637902
0.9583927298645759,0.9924562807177963
0.9591945830363506,0.9924562807177963
0.9591945830363506,0.9925705794947994
0.9593727726300784,0.9925705794947994
0.9593727726300784,0.9926848782718025
0.9611546685673557,0.9926848782718025
0.9611546685673557,0.9927991770488056
0.9613328581610834,0.9927991770488056
0.9613328581610834,0.9929134758258087
0.9616892373485388,0.9929134758258087
0.9616892373485388,0.9930277746028118
0.9617783321454028,0.9930277746028118
0.9617783321454028,0.9931420733798149
0.9621347113328581,0.9931420733798149
0.9621347113328581,0.993256372156818
0.9632929436920884,0.993256372156818
0.9632929436920884,0.993370670933821
0.9638275124732716,0.993370670933821
0.9638275124732716,0.9934849697108241
0.9645402708481825,0.9934849697108241
0.9645402708481825,0.9935992684878272
0.9652530292230934,0.9935992684878272
0.9652530292230934,0.9937135672648303
0.9653421240199572,0.9937135672648303
0.9653421240199572,0.9939421648188365
0.9656985032074127,0.9939421648188365
0.9656985032074127,0.9940564635958395
0.9658766928011404,0.9940564635958395
0.9658766928011404,0.9941707623728426
0.9667676407697791,0.9941707623728426
0.9667676407697791,0.9942850611498457
0.9679258731290092,0.9942850611498457
0.9679258731290092,0.9943993599268488
0.9686386315039202,0.9943993599268488
0.9686386315039202,0.994627957480855
0.9687277263007841,0.994627957480855
0.9687277263007841,0.9948565550348611
0.9696186742694227,0.9948565550348611
0.9696186742694227,0.9949708538118642
0.9701532430506058,0.9949708538118642
0.9701532430506058,0.9951994513658704
0.9714896650035638,0.9951994513658704
0.9714896650035638,0.9953137501428735
0.9734497505345688,0.9953137501428735
0.9734497505345688,0.9955423476968797
0.9745188880969351,0.9955423476968797
0.9745188880969351,0.9956566464738827
0.9748752672843906,0.9956566464738827
0.9748752672843906,0.9957709452508858
0.9751425516749822,0.9957709452508858
0.9751425516749822,0.995999542804892
0.9756771204561654,0.995999542804892
0.9756771204561654,0.9961138415818951
0.9759444048467569,0.9961138415818951
0.9759444048467569,0.9962281403588982
0.977191732002851,0.9962281403588982
0.977191732002851,0.9964567379129043
0.9774590163934426,0.9964567379129043
0.9774590163934426,0.9965710366899074
0.9777263007840342,0.9965710366899074
0.9777263007840342,0.9966853354669105
0.9779935851746258,0.9966853354669105
0.9779935851746258,0.9967996342439136
0.9781717747683535,0.9967996342439136
0.9781717747683535,0.9969139330209167
0.9802209550962224,0.9969139330209167
0.9802209550962224,0.9970282317979198
0.9807555238774056,0.9970282317979198
0.9807555238774056,0.9971425305749229
0.9810228082679971,0.9971425305749229
0.9810228082679971,0.9972568293519259
0.9812009978617249,0.9972568293519259
0.9812009978617249,0.997371128128929
0.9819137562366358,0.997371128128929
0.9819137562366358,0.9974854269059321
0.9825374198146828,0.9974854269059321
0.9825374198146828,0.9975997256829352
0.9853884533143265,0.9975997256829352
0.9853884533143265,0.9977140244599383
0.9865466856735566,0.9977140244599383
0.9865466856735566,0.9978283232369414
0.9866357804704206,0.9978283232369414
0.9866357804704206,0.9979426220139445
0.9874376336421953,0.9979426220139445
0.9874376336421953,0.9980569207909475
0.9897540983606558,0.9980569207909475
0.9897540983606558,0.9981712195679506
0.9898431931575196,0.9981712195679506
0.9898431931575196,0.9982855183449537
0.9903777619387027,0.9982855183449537
0.9903777619387027,0.9985141158989599
0.9906450463292944,0.9985141158989599
0.9906450463292944,0.998628414675963
0.991535994297933,0.998628414675963
0.991535994297933,0.9987427134529661
0.9916250890947969,0.9987427134529661
0.9916250890947969,0.9989713110069722
0.9923378474697078,0.9989713110069722
0.9923378474697078,0.9990856097839753
0.9924269422665716,0.9990856097839753
0.9924269422665716,0.9991999085609784
0.9930506058446187,0.9991999085609784
0.9930506058446187,0.9993142073379815
0.9931397006414825,0.9993142073379815
0.9931397006414825,0.9994285061149846
0.9958125445473984,0.9994285061149846
0.9958125445473984,0.9995428048919877
0.9969707769066286,0.9995428048919877
0.9969707769066286,0.9996571036689907
0.9971489665003563,0.9996571036689907
0.9971489665003563,0.9997714024459938
0.9975053456878118,0.9997714024459938
0.9975053456878118,0.9998857012229969
0.9998218104062723,0.9998857012229969
0.9998218104062723,1.0
1.0,1.0
