feature,coefficient,abs_coefficient
امك,9.805968193725842,9.805968193725842
نيك,9.771482352618012,9.771482352618012
كلاب,9.443810422275055,9.443810422275055
وجوه,9.293986634145629,9.293986634145629
ختك,9.246644970260064,9.246644970260064
شر,8.599444528955267,8.599444528955267
حمار,7.729630164545314,7.729630164545314
بوصبع,7.702133394663261,7.702133394663261
الكلب,7.5402497058425055,7.5402497058425055
الكلاب,7.403590095816123,7.403590095816123
كلب,7.370963995044661,7.370963995044661
مزيه,-7.354619007374643,7.354619007374643
المازدا,7.142183111641874,7.142183111641874
تكذب,7.1041175346431,7.1041175346431
علابالي,-6.868129770430827,6.868129770430827
الكفار,6.853428676134687,6.853428676134687
مك,6.699033324065493,6.699033324065493
اختك,6.651849679477471,6.651849679477471
سبي,6.620830504755368,6.620830504755368
شكوبي,6.477200047083051,6.477200047083051
جاهل,6.460058402333738,6.460058402333738
العار,6.293793237035805,6.293793237035805
لعنه,6.160286254613992,6.160286254613992
بغل,6.0800361836961905,6.0800361836961905
كافي,6.051135701377636,6.051135701377636
الشعر,6.026365324107924,6.026365324107924
الغاز,-5.996735873092237,5.996735873092237
الباجه,5.989274083568574,5.989274083568574
الحمير,5.967765241738234,5.967765241738234
وجه,5.906899531644606,5.906899531644606
عميل,5.888725040428601,5.888725040428601
طحان,5.8476805557277896,5.8476805557277896
سراق,5.835544831541155,5.835544831541155
نقش,5.792533294986036,5.792533294986036
الزواف,5.770995068767328,5.770995068767328
وعلاه,-5.759955750353183,5.759955750353183
ترمتك,5.759068600979672,5.759068600979672
روحي,5.728285421071378,5.728285421071378
روح,5.721682823517158,5.721682823517158
وجهك,5.698884751077714,5.698884751077714
nik,5.681171415132273,5.681171415132273
الكعب,5.680069765125817,5.680069765125817
تعطي,5.664354157641414,5.664354157641414
تفوه,5.618356897250756,5.618356897250756
الذباب,5.617895691348857,5.617895691348857
الموت,5.610627591294724,5.610627591294724
كذاب,5.569132299098309,5.569132299098309
رخيس,5.501189217750911,5.501189217750911
ارهابيه,5.5003639534058335,5.5003639534058335
اغتصاب,5.478329132697762,5.478329132697762
ماكاش,-5.467794741813454,5.467794741813454
تفو,5.443884654454888,5.443884654454888
نكره,5.39352264299187,5.39352264299187
خاين,5.383593919378513,5.383593919378513
الابقار,5.371233451664518,5.371233451664518
عاهره,5.369816863931505,5.369816863931505
يدافعوا,5.218496081948798,5.218496081948798
تنبح,5.21016687909674,5.21016687909674
الخامجه,5.197745112642702,5.197745112642702
قحبه,5.148145650465803,5.148145650465803
يتمنيك,5.14145913234407,5.14145913234407
الجاج,-5.139465318598354,5.139465318598354
راك تهدر,-5.105932888914004,5.105932888914004
الصهيونيه,5.085774846611381,5.085774846611381
نيشان,-5.067501838288595,5.067501838288595
بنتك,5.04890673790892,5.04890673790892
نعدين,5.042447333982758,5.042447333982758
تربحكم,5.010795510305011,5.010795510305011
ينعلك,4.988380753948206,4.988380753948206
نكتها,4.982760401578453,4.982760401578453
زكاره,4.957473876928997,4.957473876928997
شيطان,4.951045894729716,4.951045894729716
نكمك,4.924292516398154,4.924292516398154
الخاين,4.908071787847076,4.908071787847076
تعاني,-4.906259887221173,4.906259887221173
يديك,4.90305188748683,4.90305188748683
معمره,4.888604438359421,4.888604438359421
ربكم,4.879190391319891,4.879190391319891
يماك,4.857261317895978,4.857261317895978
الخرطي,4.8524000359098345,4.8524000359098345
البناء,-4.833068201956027,4.833068201956027
عملاء,4.832272131785827,4.832272131785827
منافقين,4.82641605171709,4.82641605171709
مبروك,-4.821714932847521,4.821714932847521
القنطه,4.813305556460223,4.813305556460223
القحبه,4.81086207629923,4.81086207629923
تمنيك,4.802652486521088,4.802652486521088
ياخي,4.801204103796808,4.801204103796808
جايح,4.80000117885555,4.80000117885555
وشنو,4.797846266323626,4.797846266323626
باباهم,4.784819093709217,4.784819093709217
هدا واش,4.776772191694691,4.776772191694691
الله لا,4.771572866143139,4.771572866143139
لكلاب,4.76487496687359,4.76487496687359
yemak,4.7533757926855555,4.7533757926855555
الاه,4.751735716387415,4.751735716387415
وقتاش,-4.748667399134314,4.748667399134314
باباك,4.745295917118266,4.745295917118266
المنجل,4.744867138018735,4.744867138018735
لقحاب,4.739777116038455,4.739777116038455
106,4.737997838902321,4.737997838902321
صالح,-4.7147101664536,4.7147101664536
khtek,4.6994099042419215,4.6994099042419215
جيبك,4.698694641394832,4.698694641394832
نتي,4.695743602392142,4.695743602392142
يقف,4.695531868596829,4.695531868596829
الاخرار,4.689303098476844,4.689303098476844
يتبع,4.688993549959809,4.688993549959809
الجنود,4.688160485188727,4.688160485188727
كعب,4.681845695681369,4.681845695681369
mok,4.672785832782743,4.672785832782743
اتقو,4.630805433997157,4.630805433997157
فرج,4.627427213283046,4.627427213283046
الوكيل يا,4.610449779268231,4.610449779268231
خونه,4.606547705682977,4.606547705682977
كوندور,-4.606317279174784,4.606317279174784
ازبي,4.589390415666124,4.589390415666124
de,4.589311269913218,4.589311269913218
شيعه,4.580808896315836,4.580808896315836
الدعاره,4.569299914682086,4.569299914682086
يحكي,4.5627019528831845,4.5627019528831845
niveau,4.543487644601586,4.543487644601586
رخس,4.539711654874872,4.539711654874872
مثلك,4.530953400072737,4.530953400072737
زمن,4.516492142831771,4.516492142831771
غبغاب,4.511989931442957,4.511989931442957
الجهل,4.488444760337133,4.488444760337133
تقود,4.484097190998879,4.484097190998879
خبيث,4.4840694295839825,4.4840694295839825
اعطونا,-4.470807761741645,4.470807761741645
ياربك,4.46063328031138,4.46063328031138
مقوده,4.45035875176203,4.45035875176203
كول,4.449346550587668,4.449346550587668
مخك,4.436815407311381,4.436815407311381
سيادك,4.436691044217716,4.436691044217716
طاطا,4.435035049200758,4.435035049200758
يسرق,4.417528913151591,4.417528913151591
العبيد,4.408941271044632,4.408941271044632
يازبي,4.400875560790229,4.400875560790229
خصيتيك,4.392858043062136,4.392858043062136
قاعك,4.385108235093473,4.385108235093473
رخاس,4.3601611021563045,4.3601611021563045
مونك,4.355175714007225,4.355175714007225
kbira,4.353634954127811,4.353634954127811
يبارك,-4.349197708703314,4.349197708703314
النفاق,4.348269748969132,4.348269748969132
يخي,4.344189965298418,4.344189965298418
هاذا وين,4.343886042868066,4.343886042868066
شكب,4.33314685559903,4.33314685559903
لكعب,4.33029724739688,4.33029724739688
ماتكم,4.330108570609856,4.330108570609856
عقده العاصمه,4.327514103940474,4.327514103940474
تتمنيك,4.3245176461134935,4.3245176461134935
عقلك,4.32374539666486,4.32374539666486
يالي,4.316955698878331,4.316955698878331
بال,4.31322570866298,4.31322570866298
تناكت,4.311241464969188,4.311241464969188
مونيا,4.297553328609976,4.297553328609976
الطحان,4.296467147708732,4.296467147708732
ياخاين,4.295883711085115,4.295883711085115
زبي,4.282768489432516,4.282768489432516
جاك,4.276224466268552,4.276224466268552
يقود,4.276206099209349,4.276206099209349
يذلك,4.265509409792303,4.265509409792303
الفايحه,4.263051748691544,4.263051748691544
اليد,-4.25919606151462,4.25919606151462
الشياتين,4.254321207873653,4.254321207873653
مرحبا,-4.253094439459301,4.253094439459301
المكعبات,4.233393317072731,4.233393317072731
نيكمو,4.212815256977695,4.212815256977695
الهامل,4.2075311413405085,4.2075311413405085
فيق,4.20665224644628,4.20665224644628
ذل,4.197221449766253,4.197221449766253
غبي,4.1915664673393636,4.1915664673393636
تالم,-4.1879270522696945,4.1879270522696945
الامن,4.187177427432574,4.187177427432574
وليتو,4.178594333807915,4.178594333807915
رجعت,4.1686937438596265,4.1686937438596265
شعوب,-4.162914231692412,4.162914231692412
ترمتو,4.15516524577295,4.15516524577295
khtk,4.153915649855196,4.153915649855196
ماكان,-4.151993982249169,4.151993982249169
ستاتي,4.151695343146702,4.151695343146702
يذلكم,4.150850512739111,4.150850512739111
قولت,-4.1279007950554085,4.1279007950554085
ياخذ,4.12161192909031,4.12161192909031
العظيم استغفر,4.120476644961867,4.120476644961867
اخري,-4.120124496449026,4.120124496449026
فاسد,4.119636065577134,4.119636065577134
نقوشه,4.114115793063753,4.114115793063753
الامام,-4.112955408672657,4.112955408672657
فضلكم,-4.110025994051767,4.110025994051767
دعاره,4.108779842545177,4.108779842545177
تطياح,4.105267253233725,4.105267253233725
قطيع,4.1033440154148595,4.1033440154148595
قود,4.100666487363843,4.100666487363843
رخيص,4.097088838952339,4.097088838952339
روحكم,4.096109549227667,4.096109549227667
khoya,-4.089668951835114,4.089668951835114
يسما,-4.088248576806323,4.088248576806323
الوالد,-4.0881491319785335,4.0881491319785335
للعصابه,4.084747839436988,4.084747839436988
roh,4.084724097759295,4.084724097759295
الهاتف,-4.075464466513932,4.075464466513932
لعزيز,-4.074805313445873,4.074805313445873
يحفظكم,-4.073826905213865,4.073826905213865
العميل,4.072905262850792,4.072905262850792
يا خو,-4.070074748573871,4.070074748573871
صحافه,4.065057869699394,4.065057869699394
لي داير,-4.063933778019543,4.063933778019543
kima,4.046042894706607,4.046042894706607
انتاع,4.04499279683153,4.04499279683153
قادر,4.043248124157223,4.043248124157223
منافق,4.039684549048208,4.039684549048208
حيوانات,4.0339281089511445,4.0339281089511445
نكحتها,4.028729628886032,4.028729628886032
نهدرو,4.027715127277294,4.027715127277294
السياسي,-4.0207787720108685,4.0207787720108685
يديروا,-4.020487854338927,4.020487854338927
وخلاك,4.019949853084423,4.019949853084423
يبدل,4.006539618967274,4.006539618967274
بش,-4.005368403205989,4.005368403205989
علميه,4.000592591379927,4.000592591379927
تحياتي,-4.0000459515456654,4.0000459515456654
جزار,3.9952768974018125,3.9952768974018125
خرده,3.990607986153293,3.990607986153293
قبلو,3.9885076977673206,3.9885076977673206
نقي,3.9873088703042794,3.9873088703042794
يدافع,3.979824827883873,3.979824827883873
dok,3.977909648529062,3.977909648529062
باين,3.9765829028150153,3.9765829028150153
السراقين,3.9617331144344714,3.9617331144344714
بعدما,3.949670433845085,3.949670433845085
واش دخلك,3.949110299823232,3.949110299823232
وربراب,3.947955009423194,3.947955009423194
المازده,3.9444539654957325,3.9444539654957325
ملاح,3.9380552664139237,3.9380552664139237
العنه,3.937621209762206,3.937621209762206
الحيوان,3.9357516908304087,3.9357516908304087
الخرده,3.935592617994543,3.935592617994543
رساله,3.9313546763945943,3.9313546763945943
تبون,3.928784497059639,3.928784497059639
تقعد,3.926087671954034,3.926087671954034
انت,3.925276733657984,3.925276733657984
الدجال,3.923094772783033,3.923094772783033
لي يخدم,3.919554144096421,3.919554144096421
يرث,3.911330711777043,3.911330711777043
والعصابه,3.9102590414970733,3.9102590414970733
وبوصبع,3.907330506672783,3.907330506672783
ماهوش,3.9050023857539173,3.9050023857539173
ولايه,-3.903598580507048,3.903598580507048
لقيط,3.903417518721277,3.903417518721277
يا وحد,3.9018077270723355,3.9018077270723355
حساب,3.9013596599852707,3.9013596599852707
الاصبع,3.900063992594959,3.900063992594959
قمت,-3.895335990815099,3.895335990815099
خليهم,3.8828959819230553,3.8828959819230553
تضحك,3.8824617885727513,3.8824617885727513
كانوا,-3.8818391932449905,3.8818391932449905
خليه,3.8810045329768146,3.8810045329768146
يجيبوا,-3.8799562564349843,3.8799562564349843
خليو,3.875102017576586,3.875102017576586
ثروته,-3.8749477294629417,3.8749477294629417
لي راك,3.8635474516983126,3.8635474516983126
سراقين,3.862571009952314,3.862571009952314
متحشمش,3.860444133187617,3.860444133187617
يسرا,-3.8577712888962594,3.8577712888962594
حابس,3.856651131449746,3.856651131449746
كزبي,3.855314006113458,3.855314006113458
تنصحوني,3.8518993717739427,3.8518993717739427
مكن,-3.851300329358723,3.851300329358723
الحلو,3.8440656354713734,3.8440656354713734
عطاي,3.8414409601085073,3.8414409601085073
الزيقو,3.835359288579534,3.835359288579534
خويا,-3.834219710262196,3.834219710262196
الهدف,-3.8334006185440193,3.8334006185440193
يا جاهل,3.82435976617775,3.82435976617775
خياليه,3.8132907542392727,3.8132907542392727
قاري,3.808788530577023,3.808788530577023
الصين,-3.8016116576012338,3.8016116576012338
مكعب,3.8007615396236014,3.8007615396236014
مسخ,3.794058470027156,3.794058470027156
عقول,3.7897336406683024,3.7897336406683024
احشم,3.786291544075986,3.786291544075986
تاوعنا,-3.7829620673655016,3.7829620673655016
كلبه,3.7753708082970134,3.7753708082970134
yakhi,3.7696093216658513,3.7696093216658513
نتم,3.762812881849651,3.762812881849651
شغل,3.7612541398244033,3.7612541398244033
كي شغل,-3.7599342088931955,3.7599342088931955
الشرذمه,3.7580941706341187,3.7580941706341187
يعيش كيما,-3.756459275422673,3.756459275422673
مقود,3.7467216463712623,3.7467216463712623
الكعبه,3.742171189141406,3.742171189141406
الخير,-3.7409825940665464,3.7409825940665464
مزابي,3.74039660868841,3.74039660868841
الصبع,3.738293427746049,3.738293427746049
تستاهل,-3.7363774550886215,3.7363774550886215
خماج,3.736346200303791,3.736346200303791
طبون,3.7350763895918497,3.7350763895918497
هاهي,3.725629812113705,3.725629812113705
شهاده معترف,3.7251489420249984,3.7251489420249984
اشرف,3.7245051903238813,3.7245051903238813
العربيه,-3.7232327938429304,3.7232327938429304
admin,3.721763412250368,3.721763412250368
النقوشه,3.7189352724009024,3.7189352724009024
لسان,3.7141760892920073,3.7141760892920073
بلادهم,3.709161914049596,3.709161914049596
متحشميش,3.709097981062825,3.709097981062825
الخناس,3.7085943133812376,3.7085943133812376
قنات,3.7077453639417537,3.7077453639417537
دخلك,3.7071361322077863,3.7071361322077863
القناه,3.705935089626558,3.705935089626558
قاطع,-3.7058844869032286,3.7058844869032286
وهم,3.6922902269585207,3.6922902269585207
انا مع,3.6918973844442577,3.6918973844442577
يعبدو,3.6914983449740486,3.6914983449740486
نريد,3.691087540027232,3.691087540027232
ثما,3.690659690675318,3.690659690675318
بلماضي,3.685455383395269,3.685455383395269
تفووه,3.68486377313185,3.68486377313185
لاتربحكم,3.684232215673784,3.684232215673784
ربراب راك,-3.681894726826105,3.681894726826105
قرن,3.6765055179025476,3.6765055179025476
كلاتك,3.6756155232009884,3.6756155232009884
مرفهين,3.6697712072063613,3.6697712072063613
الدستور,3.6696656378104,3.6696656378104
الكذب,3.6630778439719123,3.6630778439719123
القحاب,3.6620208943371013,3.6620208943371013
المجرم,3.6609580805486908,3.6609580805486908
وراء,-3.6574912415097947,3.6574912415097947
خائن,3.6562285055955646,3.6562285055955646
اليمني,3.6541611132141907,3.6541611132141907
يحرقكم,3.650704951892688,3.650704951892688
بيتزا,-3.65001982861745,3.65001982861745
منيش,-3.6474006295499195,3.6474006295499195
بني,3.6466095973336627,3.6466095973336627
البكبك,3.6462222341068493,3.6462222341068493
المشكل,-3.6457092600282945,3.6457092600282945
مجلس,3.643169817952275,3.643169817952275
ممكن,-3.637159075860026,3.637159075860026
الجزائريين,3.629575657171568,3.629575657171568
تلقا,3.6268594680357022,3.6268594680357022
جبهتها,3.6266118115273343,3.6266118115273343
لزرق,3.6209325334839497,3.6209325334839497
التلفاز,-3.6192875517161727,3.6192875517161727
روحهم,3.6119862949000328,3.6119862949000328
بهذه,-3.609102037738394,3.609102037738394
الوطنيه,3.6029147911274246,3.6029147911274246
حشمان,3.6029079371504293,3.6029079371504293
معترف,3.597261163543127,3.597261163543127
اريد,-3.596084320077509,3.596084320077509
العطاي,3.5953305017439265,3.5953305017439265
يا ولد,3.5905447179072096,3.5905447179072096
سارق,3.5905004486307863,3.5905004486307863
اخطر,3.5890209729360327,3.5890209729360327
يتم,-3.5868976976825997,3.5868976976825997
تلبسو,3.583912872495068,3.583912872495068
مخي,-3.583587220566259,3.583587220566259
تبا,3.580797823719551,3.580797823719551
يرحم امك,3.580625676073101,3.580625676073101
شواكر,-3.5773554872249567,3.5773554872249567
المبردعين,3.5734678638718433,3.5734678638718433
يفرج,3.568162300815478,3.568162300815478
الخانه,3.5675066476133046,3.5675066476133046
المرتبه,3.5654022522386426,3.5654022522386426
خرا,3.5620664998545815,3.5620664998545815
الطاهره,3.5618175558593794,3.5618175558593794
فمك,3.5541912202315338,3.5541912202315338
تربحهم,3.553689736694755,3.553689736694755
تطور,-3.5535822554257703,3.5535822554257703
بناتهم,3.5511167753139894,3.5511167753139894
الزيتيست,3.550236361808523,3.550236361808523
ya,3.547022096758713,3.547022096758713
رمضان,-3.543109913044519,3.543109913044519
مستوى,3.5424212778887276,3.5424212778887276
الاسلاميه,-3.54196178009992,3.54196178009992
الرخس,3.5375846456341304,3.5375846456341304
وليت,3.5340392178952453,3.5340392178952453
خلاو,3.531603742107877,3.531603742107877
العبوديه,3.528721669164569,3.528721669164569
اكل,-3.526237099455653,3.526237099455653
مزبله التاريخ,3.5254365332568467,3.5254365332568467
مزبله,3.5254365332568467,3.5254365332568467
نشوفو,-3.5235915862781537,3.5235915862781537
va,3.518377518804582,3.518377518804582
المنحرفين,3.511934629160376,3.511934629160376
سجنت,3.51001133290428,3.51001133290428
كدبون,3.5088065657586194,3.5088065657586194
ومولوديه,3.5038466425058497,3.5038466425058497
الجاهل,3.503770287297035,3.503770287297035
فرخ,3.499590053485094,3.499590053485094
صحبي,3.494228664088674,3.494228664088674
ونتا,3.4872328261890537,3.4872328261890537
تلفاز,-3.4847858763357866,3.4847858763357866
قااع,3.484176355068677,3.484176355068677
مثقفين,-3.4835034852184648,3.4835034852184648
باين بصح,-3.4829822318065626,3.4829822318065626
الوعي,3.4813004970683172,3.4813004970683172
الهايشه,3.479027429912243,3.479027429912243
الفساد,3.4691069930849987,3.4691069930849987
امه,3.463765418698304,3.463765418698304
مبروك عليك,-3.463623824468655,3.463623824468655
مرحبا بيك,-3.4632006961721054,3.4632006961721054
بسيف,3.462807186030312,3.462807186030312
البغل,3.461019908182763,3.461019908182763
camarade,3.460277337271683,3.460277337271683
قنطه,3.459605807784116,3.459605807784116
اللعنه,3.458923193572349,3.458923193572349
نشوفك,3.457722055349138,3.457722055349138
نباح,-3.4525109865722134,3.4525109865722134
ربي يفرج,3.448139976474549,3.448139976474549
وما,-3.440339255499265,3.440339255499265
avec,3.435749065437521,3.435749065437521
كرك,3.435251081961503,3.435251081961503
اسطوره,-3.434451030966583,3.434451030966583
عباد,3.426725763854876,3.426725763854876
محاكمه,-3.424135233901772,3.424135233901772
بروحك,3.419952466531049,3.419952466531049
يدك,3.4177636995626575,3.4177636995626575
ضرب,-3.417615836314544,3.417615836314544
امثال,3.4151360675019307,3.4151360675019307
نحوس,-3.412992554514542,3.412992554514542
ربك,3.4127057820911832,3.4127057820911832
تفوو,3.4101530437372896,3.4101530437372896
مستوي,3.409603780396433,3.409603780396433
زيرو,3.409088662885819,3.409088662885819
حياك,-3.4058866122414977,3.4058866122414977
الحراك المبارك,3.4051240704767953,3.4051240704767953
يا زبي,3.4049350636643694,3.4049350636643694
وين راهم,3.4034829134276374,3.4034829134276374
عظيم,-3.4020132520188713,3.4020132520188713
المجرمين,3.400201228006792,3.400201228006792
قلوبهم,3.3975026757410003,3.3975026757410003
الشخص,-3.396709328628681,3.396709328628681
راه كاين,3.3964213343622127,3.3964213343622127
الخماج,3.3934344926629114,3.3934344926629114
خرنسا,3.3923553531016157,3.3923553531016157
خاءن,3.3907792420153706,3.3907792420153706
الخرا,3.3794189107552057,3.3794189107552057
افار,3.378526818699063,3.378526818699063
والديك,3.371485351934159,3.371485351934159
ينبحو,3.3712089016438096,3.3712089016438096
الجيش الوطني,3.3706250961796083,3.3706250961796083
بطريقه,-3.369814235617043,3.369814235617043
منانوك,3.367823056658008,3.367823056658008
الويل,3.3669905510743963,3.3669905510743963
جيري,-3.3653898132289792,3.3653898132289792
حقير,3.364036945401404,3.364036945401404
يكلاشي,3.3610037144310208,3.3610037144310208
السوق,3.3560702206672612,3.3560702206672612
نتا,3.354757832560332,3.354757832560332
منك,3.3532878037117366,3.3532878037117366
شويه,-3.3521108154398354,3.3521108154398354
سور,-3.3502908653295695,3.3502908653295695
قلت,-3.3500534838781606,3.3500534838781606
لازم تكون,3.3499803982327943,3.3499803982327943
قبايليه,-3.349649143728628,3.349649143728628
وعد,3.3478178482487495,3.3478178482487495
بالبراكه,-3.346512700262563,3.346512700262563
قحاب,3.3456367421373843,3.3456367421373843
الاول,-3.3436755433349212,3.3436755433349212
فزبي,3.341866628190243,3.341866628190243
ذباب,3.338453483534983,3.338453483534983
العمل,-3.3380094691613156,3.3380094691613156
لابوبال,3.335376996551787,3.335376996551787
ترتيبها,3.3300571244711046,3.3300571244711046
تحشم,3.3253657028356662,3.3253657028356662
الرايه,3.324809854154737,3.324809854154737
مشهور,3.3218787471320677,3.3218787471320677
نتا اك,-3.3213004082468736,3.3213004082468736
هذو,3.3165489791188034,3.3165489791188034
يماها,3.3147717288802547,3.3147717288802547
يقتل,3.313957640012188,3.313957640012188
واعره,-3.313755194659654,3.313755194659654
خدمو,3.3116025799605406,3.3116025799605406
طاح,-3.311010563152843,3.311010563152843
ديوث,3.304951325535705,3.304951325535705
امك انت,-3.30104138232632,3.30104138232632
المسلمين,-3.299734347575893,3.299734347575893
مدير,3.294700313576625,3.294700313576625
الحركى,3.294214621837312,3.294214621837312
مجهول,3.2923494352765683,3.2923494352765683
شرفك,3.2916336034511,3.2916336034511
اله اله,-3.2863854703463846,3.2863854703463846
اودي,-3.285744883916056,3.285744883916056
وين راك,-3.2849043755918608,3.2849043755918608
ولي,3.282568645549467,3.282568645549467
جيش شعب,-3.2817437321919174,3.2817437321919174
العوده,3.280123876666296,3.280123876666296
الفلاحه,3.2793392292579173,3.2793392292579173
يدكم,3.2781759402990267,3.2781759402990267
الانذال,3.277317708284423,3.277317708284423
الحديد,3.276658700286753,3.276658700286753
نيكو,3.2737028248155307,3.2737028248155307
ونسمع,3.2734413133943745,3.2734413133943745
غزه,-3.2716858226121177,3.2716858226121177
خنزير,3.2711649396287608,3.2711649396287608
الجزايري,3.2669949625727206,3.2669949625727206
هكدا,3.2665057955698926,3.2665057955698926
m3a,3.2663508924714924,3.2663508924714924
يكره,3.264232280110516,3.264232280110516
تحكو,3.2635302302205376,3.2635302302205376
جيجل,-3.2628700321777733,3.2628700321777733
الخساره,3.2607694710764745,3.2607694710764745
خدع,3.260366168890452,3.260366168890452
kahba,3.259473952644354,3.259473952644354
مزوره,-3.259401827633958,3.259401827633958
سخنتلهم,3.2583787980742267,3.2583787980742267
nike,3.255908671993517,3.255908671993517
راني نشوف,3.255023031169531,3.255023031169531
الكيران,-3.2542689408855052,3.2542689408855052
حنا لي,3.2518430233377904,3.2518430233377904
هبل,3.2515630532003295,3.2515630532003295
لذلك,3.247585045953478,3.247585045953478
القايد,3.2469530925026593,3.2469530925026593
ايداع,3.245540583494566,3.245540583494566
yemmak,3.2435836709072485,3.2435836709072485
حارب,-3.241999801177819,3.241999801177819
الازمه,-3.2399268166290147,3.2399268166290147
lacoste,-3.2380743828574885,3.2380743828574885
المانيا,-3.235611840946119,3.235611840946119
yamak,3.2344923022611756,3.2344923022611756
عندو,3.23155026626087,3.23155026626087
تكلاشي,3.231470415948151,3.231470415948151
دوار,3.2290634832351413,3.2290634832351413
salam,-3.2288674929430563,3.2288674929430563
حاشاكم,3.223984808731794,3.223984808731794
ربراب كاين,3.2212179121777313,3.2212179121777313
يحاسب,3.219398542592824,3.219398542592824
sahbi,-3.219256825054945,3.219256825054945
يالبغل,3.219180864221151,3.219180864221151
مولوديه كبيره,3.217152711078555,3.217152711078555
تنيك,3.2165071494860733,3.2165071494860733
الخاءن,3.2135900613249664,3.2135900613249664
كرشك,3.2113123478694408,3.2113123478694408
wala,3.2104776444674026,3.2104776444674026
واياكم,-3.2092966695991003,3.2092966695991003
بالنسبه,-3.2039953670494903,3.2039953670494903
خموس,-3.2037393544345716,3.2037393544345716
vous,3.2026106704969797,3.2026106704969797
امم,-3.2005387590769145,3.2005387590769145
سفهاء,3.195674462280244,3.195674462280244
دالتك يا,3.1953680715357704,3.1953680715357704
شبيبه,3.1949471499756794,3.1949471499756794
المبلغ,-3.1938356878793166,3.1938356878793166
السكوت,3.192130460473729,3.192130460473729
تفتح,-3.1917519130887015,3.1917519130887015
السم,3.1874457907983986,3.1874457907983986
تخلي,3.1852161191912405,3.1852161191912405
شهيتني,-3.1849363778497013,3.1849363778497013
خرطي,3.1844281451375536,3.1844281451375536
فاشل,3.1829025941815554,3.1829025941815554
يماه,3.1828248934772567,3.1828248934772567
سيخرج,-3.1801540628699003,3.1801540628699003
zebi,3.178520603384725,3.178520603384725
النمل,-3.176298054786806,3.176298054786806
المنطقه,-3.1739334817633194,3.1739334817633194
الجمعه,3.173307282519145,3.173307282519145
يسبو,3.1701874650321518,3.1701874650321518
باباكم,3.1689159638494346,3.1689159638494346
مولوخيه,3.1673312565276737,3.1673312565276737
فالعاصمه,-3.1663240044211673,3.1663240044211673
طريقك,-3.1655394950873332,3.1655394950873332
بركاك,3.164026258152848,3.164026258152848
الفايح,3.161870777329578,3.161870777329578
عليكم يا,3.1615160034228422,3.1615160034228422
مكانها,3.1605028706499416,3.1605028706499416
تافه,3.157298768610077,3.157298768610077
مايعرفوش,-3.1572346021014037,3.1572346021014037
ادمن,3.1549597949312735,3.1549597949312735
واحكي,3.1543871046949628,3.1543871046949628
تهدرو,3.151824757742573,3.151824757742573
اشهر,-3.1516236948108514,3.1516236948108514
اختو,3.1502262830342453,3.1502262830342453
بول,3.1493813350284836,3.1493813350284836
harki,3.1448009386728764,3.1448009386728764
اصلها,-3.144769774831491,3.144769774831491
الزبل,3.1444032168203186,3.1444032168203186
يهدي,3.143631174440107,3.143631174440107
الخائن,3.1427831013630354,3.1427831013630354
داركم,3.14087645461393,3.14087645461393
لعنه اله,3.1404990815628806,3.1404990815628806
اتفوه,3.138783272585026,3.138783272585026
خصونا,-3.1384641840138063,3.1384641840138063
لاحول,3.1323627434963055,3.1323627434963055
فم,3.1298885732198367,3.1298885732198367
بالتوفيق,-3.126885666322444,3.126885666322444
ينتقم,3.1238739503808493,3.1238739503808493
اكبر,3.1228342318985503,3.1228342318985503
خامج,3.1228303550319985,3.1228303550319985
قاعده,-3.122154988258762,3.122154988258762
لوكان جيت,3.119973012226347,3.119973012226347
العاهرات,3.1199616673250596,3.1199616673250596
التخمارتي,3.1189626668637205,3.1189626668637205
لقلاوي,3.117321426436959,3.117321426436959
بف,3.1170384860570612,3.1170384860570612
حسابك,3.114656164843741,3.114656164843741
kavi,3.1116769844529504,3.1116769844529504
العيد,-3.1094596655079667,3.1094596655079667
الفاحش,-3.1093515288461417,3.1093515288461417
يبني,3.10932239928394,3.10932239928394
الاغبياء,3.107493233675915,3.107493233675915
عنصريه,3.106569166206485,3.106569166206485
الرقم,-3.106446957987858,3.106446957987858
القبايل,3.1058406187710794,3.1058406187710794
المرخس,3.1054566724570627,3.1054566724570627
الفم,3.104610083942297,3.104610083942297
ماتهم,3.0995769709627146,3.0995769709627146
نقشا,3.0992530067695236,3.0992530067695236
تحشمي,3.0989366600316495,3.0989366600316495
ولاد,3.0979461113615527,3.0979461113615527
عنا,-3.0910533960121054,3.0910533960121054
عرضك,3.0903987549540606,3.0903987549540606
حتشون,3.0859320408079345,3.0859320408079345
المخنثين,3.082140630067719,3.082140630067719
وجها,3.0816891995103366,3.0816891995103366
نق,3.077989803632961,3.077989803632961
حيوان,3.076756725234096,3.076756725234096
قرعه,3.0764480682721147,3.0764480682721147
يزبي,3.074870446193812,3.074870446193812
شريت,-3.0719681424617344,3.0719681424617344
وعود,-3.0714125535713896,3.0714125535713896
فعلا,-3.069868375608664,3.069868375608664
خويا لطفي,3.066972632165412,3.066972632165412
مهبول,3.0654645192019307,3.0654645192019307
نزار,3.06489523190166,3.06489523190166
ربما,-3.0620443958507515,3.0620443958507515
يقرا,3.060124792265259,3.060124792265259
موت,3.0590566462991657,3.0590566462991657
لحقت,3.058011031677122,3.058011031677122
شنقا,3.0578273581188635,3.0578273581188635
ربي يشفيه,3.0575909560274237,3.0575909560274237
كلكم,3.0573492074127198,3.0573492074127198
ماماك,3.057181851192572,3.057181851192572
ربي يحفظ,3.054944494377643,3.054944494377643
ناكر,3.0490398973506023,3.0490398973506023
مقاطعين,3.0486486507022326,3.0486486507022326
مبروك خونا,3.0456552827130627,3.0456552827130627
فريت,-3.043780049227707,3.043780049227707
ربي يجازيك,3.0434527986887425,3.0434527986887425
يجازيك,3.0434527986887425,3.0434527986887425
زب,3.0431223035301667,3.0431223035301667
الزبي,3.039790682591662,3.039790682591662
يصلح,-3.039633731577012,3.039633731577012
دينك,-3.038718562491972,3.038718562491972
سيدك,3.03672915361936,3.03672915361936
شكبي,3.034818305626065,3.034818305626065
يمثلني,3.02975013988393,3.02975013988393
الجحيم,3.028641360525314,3.028641360525314
المفروض,-3.026588204047796,3.026588204047796
الكذاب,3.0244887206088067,3.0244887206088067
وين كنت,-3.023929523973146,3.023929523973146
كافره,3.0217504514399,3.0217504514399
حياكم,-3.0209435115657115,3.0209435115657115
تسلم,-3.0188129493961284,3.0188129493961284
لي يقولك,-3.018016497608186,3.018016497608186
بصراحه,-3.012852825629171,3.012852825629171
بيدق,3.011800845353865,3.011800845353865
لهاد,3.0052735259934122,3.0052735259934122
اخلاق,3.0029910667059188,3.0029910667059188
محاوله,-3.0012958700356482,3.0012958700356482
كمنتير,3.0011482081085146,3.0011482081085146
تبع,-3.000603965483277,3.000603965483277
سوه,3.0004498164741475,3.0004498164741475
ماني,3.0000809613819213,3.0000809613819213
comme,2.996953163909475,2.996953163909475
une,2.9942354538281304,2.9942354538281304
fitna,2.9940559348925646,2.9940559348925646
يعيش,-2.9933666182515712,2.9933666182515712
رخيسه,2.9932745552172575,2.9932745552172575
فرنسا,2.992065226189476,2.992065226189476
والعرب,2.9899108349210137,2.9899108349210137
والكلاب,2.9886475260262473,2.9886475260262473
اله اكبر,-2.988612469038843,2.988612469038843
بالذل,2.988149062037314,2.988149062037314
الفتن,-2.988123182441962,2.988123182441962
جمعيه,-2.98737638590304,2.98737638590304
الاعداء,2.986153110312417,2.986153110312417
سكران,2.985245260144549,2.985245260144549
ياعطاي,2.980025198282472,2.980025198282472
دراهمكم,2.9763481589310063,2.9763481589310063
نعم,-2.9746123538248415,2.9746123538248415
شركه,2.973475599159676,2.973475599159676
جزائر جديده,2.9725044835000047,2.9725044835000047
ta,2.9722731405260823,2.9722731405260823
زك,2.9718578350716576,2.9718578350716576
الاركان,2.971708779516043,2.971708779516043
بسيط,-2.9704397622579686,2.9704397622579686
هدا مكان,2.970218003532395,2.970218003532395
يخرط,2.966289099520444,2.966289099520444
ايديهم,2.9631149522207028,2.9631149522207028
ربي يبارك,2.9618348554181115,2.9618348554181115
تهدري,2.961158026032952,2.961158026032952
تزوج,2.9609372453158027,2.9609372453158027
يسير,-2.9602161018533417,2.9602161018533417
ياواحد,2.959219027170126,2.959219027170126
مشاهير,2.9589203366364356,2.9589203366364356
ترخف,2.956783324750429,2.956783324750429
موش,-2.955999035045071,2.955999035045071
خصني,-2.9557046591465057,2.9557046591465057
مهرج,2.9554744340687953,2.9554744340687953
المافيا,2.9552429673830876,2.9552429673830876
زيك,-2.9550381348911032,2.9550381348911032
ناك,2.9546705963899464,2.9546705963899464
الكبيره,2.95436705441824,2.95436705441824
التلفون,-2.9527938055175893,2.9527938055175893
مور,2.9510155773138242,2.9510155773138242
وهدا,-2.9507299189474216,2.9507299189474216
الوكيل في,2.9504851533270786,2.9504851533270786
جهل,-2.9501669459872173,2.9501669459872173
هرب,2.9491035715257277,2.9491035715257277
التشيع,2.9482693935598885,2.9482693935598885
خساره,-2.9478972125977245,2.9478972125977245
كاين,-2.9431233834920216,2.9431233834920216
hmar,2.9430198889654537,2.9430198889654537
ربراب يروح,2.9428875455391648,2.9428875455391648
قدك,2.942634908731319,2.942634908731319
انني,2.9419547286206473,2.9419547286206473
خامجه,2.9418066239872482,2.9418066239872482
الكاشير,2.941396085334336,2.941396085334336
العاصمه,-2.9413893170286833,2.9413893170286833
وحسبنا,2.9398923097256304,2.9398923097256304
تخبط,2.937454180444665,2.937454180444665
سجن ربراب,2.9341591785572536,2.9341591785572536
استغباء,2.933322883113013,2.933322883113013
المشاكل,-2.9330097957288905,2.9330097957288905
حياتك,2.9311891732687694,2.9311891732687694
تفهم,-2.9304817875712836,2.9304817875712836
اللصوص,2.930467714396064,2.930467714396064
الشوارع,-2.9294452524963566,2.9294452524963566
نعيش,-2.928554131368673,2.928554131368673
الوقوف,-2.927490808394176,2.927490808394176
وهو,2.9273526905033664,2.9273526905033664
العربي زيطوط,-2.9268478070138997,2.9268478070138997
افراد العصابه,2.923939366287734,2.923939366287734
لي يتبعو,2.9217938755837043,2.9217938755837043
دعوه,2.920604053938569,2.920604053938569
التعليقات,2.919878919313693,2.919878919313693
جمهور,-2.9187456168105905,2.9187456168105905
pas,2.9177325072420097,2.9177325072420097
ارحلو,2.916124807458369,2.916124807458369
الناس لي,-2.9147892644177835,2.9147892644177835
اعطينا,2.9145900480211533,2.9145900480211533
حيط,2.914214626808098,2.914214626808098
عبيد ربراب,2.913244589126559,2.913244589126559
يا,2.912193820463288,2.912193820463288
لعنك,2.911185999217249,2.911185999217249
ياعميل,2.910205575988015,2.910205575988015
يضرب,2.9100249676123155,2.9100249676123155
خطا,-2.9079763463564614,2.9079763463564614
الفيسبوك,2.907469284401028,2.907469284401028
جيبو,2.9073149972191406,2.9073149972191406
ربراب عندو,-2.904097017119013,2.904097017119013
شوفو,-2.9023682833503837,2.9023682833503837
اساس,-2.900803210559356,2.900803210559356
okay,2.8996402286599308,2.8996402286599308
برندت,-2.8991867151539443,2.8991867151539443
امون,2.8955374601363366,2.8955374601363366
هذوا,2.8946574371694553,2.8946574371694553
نهار,2.8945209483084247,2.8945209483084247
تقيسها,2.89399945386577,2.89399945386577
بوعلام,-2.8938043343869957,2.8938043343869957
ربراب وحداد,2.8936801403138643,2.8936801403138643
نقوشا,2.8928022092784014,2.8928022092784014
كعبه,2.8916000559426207,2.8916000559426207
بالحلال,2.8911597945129084,2.8911597945129084
نلعب,-2.890841851452001,2.890841851452001
البنه,-2.8892402800794375,2.8892402800794375
خراي,2.8878951487603253,2.8878951487603253
علبالي,2.886407419465942,2.886407419465942
هكذاك,-2.8831013650816226,2.8831013650816226
القدام,-2.878696319646561,2.878696319646561
ماعلاباليش,-2.877923981668993,2.877923981668993
ابوك,2.8771885511429813,2.8771885511429813
نديرهم,2.8763923094227035,2.8763923094227035
كلشي مبروك,-2.8750721030514708,2.8750721030514708
يلعنكم,2.8747354032915986,2.8747354032915986
اوه,-2.873803993045459,2.873803993045459
جاتك,-2.8730052761852085,2.8730052761852085
المساجد,-2.8717512639014853,2.8717512639014853
فيك,2.869277716675436,2.869277716675436
البوراك,-2.8689180867961452,2.8689180867961452
برج,-2.868904284642333,2.868904284642333
وكنت,-2.8660417518834542,2.8660417518834542
تاعهم,2.8655875868236698,2.8655875868236698
منوع,-2.8648885900330225,2.8648885900330225
عمال,2.864814813617587,2.864814813617587
منشور,2.863829703886849,2.863829703886849
ربراب لا,2.8612772793400154,2.8612772793400154
بلك,2.8583703196139907,2.8583703196139907
مازالت,-2.856936405341215,2.856936405341215
شكل,-2.856474531224571,2.856474531224571
بترول,-2.8559651049610926,2.8559651049610926
الاستحمار,2.8558986268334206,2.8558986268334206
اعتبره,2.8549403721887914,2.8549403721887914
يا ربك,2.854860605716566,2.854860605716566
اعرف,-2.8542183832140147,2.8542183832140147
تهدر,2.851715794748527,2.851715794748527
معني,-2.8506597292182634,2.8506597292182634
شواكركم,2.8505463990776563,2.8505463990776563
حياتكم,2.846450449081031,2.846450449081031
تعليق,-2.8455743465365355,2.8455743465365355
زادا,-2.845227295949946,2.845227295949946
رخص,2.8449135304307647,2.8449135304307647
ياك نتا,-2.8448386351693586,2.8448386351693586
المتقاعدين,-2.8433562933765866,2.8433562933765866
يعملون,2.841511540518541,2.841511540518541
التخلف,2.8414248179193518,2.8414248179193518
الايام,-2.838208370865597,2.838208370865597
التافه,2.83776204727512,2.83776204727512
الله ينعلك,2.8376214071322567,2.8376214071322567
العصابه راهي,-2.837253773642949,2.837253773642949
مقليه,-2.837216939718832,2.837216939718832
الذل,2.8357148377802206,2.8357148377802206
افهم,2.8352783930329215,2.8352783930329215
اعلم,-2.8336324853997716,2.8336324853997716
ينعل,2.833571968301488,2.833571968301488
نموت,-2.832562027317928,2.832562027317928
العديان,2.8307069723987164,2.8307069723987164
بالبركه,-2.830516916116907,2.830516916116907
اك فاهم,-2.829996900917939,2.829996900917939
النظام الفاسد,2.829940339539104,2.829940339539104
حسبتهم,-2.8290760497473224,2.8290760497473224
رواح,2.8264250512976137,2.8264250512976137
عشاء,-2.826209126822362,2.826209126822362
سرطان,2.825005842050612,2.825005842050612
طابو,2.8249759062082105,2.8249759062082105
مثقف,2.8229860534653635,2.8229860534653635
الخونه,2.8200163763203014,2.8200163763203014
تناخت,2.8200080048566654,2.8200080048566654
وبعض,2.8189631778156348,2.8189631778156348
نظام,2.817437815022593,2.817437815022593
الطباخه,-2.8173783158958345,2.8173783158958345
الفاسدين,2.8163369559768356,2.8163369559768356
طير,2.8157617442681717,2.8157617442681717
بالواحد,2.8149919695358725,2.8149919695358725
fihom,-2.8136240593128012,2.8136240593128012
عبده,2.812920203348759,2.812920203348759
ربي يستر,-2.8098915474601913,2.8098915474601913
يعطي,2.8095755036153727,2.8095755036153727
شفتو,2.8092844614543417,2.8092844614543417
ظهر,2.8074946105235825,2.8074946105235825
افريقيا,2.8070152721382127,2.8070152721382127
قبضه,2.806551357151799,2.806551357151799
يرحمكم,2.805089794266597,2.805089794266597
هدا عندو,-2.804308859721763,2.804308859721763
ان تكون,2.803573965852547,2.803573965852547
بالك,2.802482791507865,2.802482791507865
واضح,-2.8019562520585928,2.8019562520585928
بدل,-2.799574814016785,2.799574814016785
دوله مدينه,2.7958371182387856,2.7958371182387856
ايران,2.7933424950142327,2.7933424950142327
ولاد الحرام,2.793235784513584,2.793235784513584
تكوني,2.7927775477782384,2.7927775477782384
اله يبارك,-2.790915846962175,2.790915846962175
قعد,2.7906172015234016,2.7906172015234016
ينعلكم,2.790554680487485,2.790554680487485
العميقه,2.789760622463313,2.789760622463313
مجال,2.789054829796633,2.789054829796633
ولاقوه,-2.7890020672413907,2.7890020672413907
مشكل,-2.7887108366964677,2.7887108366964677
des,2.787561637762408,2.787561637762408
الجماعه,2.7874592130786606,2.7874592130786606
حبس,2.786959538027983,2.786959538027983
عصابات,2.7864688853766877,2.7864688853766877
منكم,2.785707930501137,2.785707930501137
يملك,2.78563146437827,2.78563146437827
سيدهم,2.784282468997981,2.784282468997981
السفيه,2.783664678501092,2.783664678501092
لواحد,2.782738456504251,2.782738456504251
نتوما,2.78264631394915,2.78264631394915
اطلاقا,2.780933882025711,2.780933882025711
نيكمك,2.7799279845592872,2.7799279845592872
عبيد,2.779355726140972,2.779355726140972
اليمنى,2.778444415033365,2.778444415033365
شرف,2.7778814894290926,2.7778814894290926
الخبيثه,2.776859559827684,2.776859559827684
الاتصال,-2.7767047380165515,2.7767047380165515
فخامه,-2.7754768820764046,2.7754768820764046
يصلي,-2.7752966926307674,2.7752966926307674
رشيد,2.775114388246532,2.775114388246532
مزالك,2.773372823753325,2.773372823753325
وكيل,-2.772288927768033,2.772288927768033
نحرقو,2.7719989665181965,2.7719989665181965
راهم يدافعو,2.7713719117766855,2.7713719117766855
اسباب,-2.7699796063455318,2.7699796063455318
لدزاير,2.7691375885707954,2.7691375885707954
متكونش,-2.7690669975385473,2.7690669975385473
مبروك امير,-2.7678070547190363,2.7678070547190363
راءحه,2.767288666774346,2.767288666774346
ymak,2.766850571551558,2.766850571551558
لورد,2.766078189415352,2.766078189415352
بارك,-2.765110529491918,2.765110529491918
تعطيه,2.763537012264865,2.763537012264865
جيشنا,-2.7633448113594716,2.7633448113594716
ليهود,2.761852664134544,2.761852664134544
الوسم,2.760464779788729,2.760464779788729
اعط,2.760016200980148,2.760016200980148
ادعو,2.7596077128966185,2.7596077128966185
البعض,2.7579957200493848,2.7579957200493848
مبروك ربي,-2.7572429303870885,2.7572429303870885
قويه,2.7569343520096683,2.7569343520096683
حكومه,2.7562574238406965,2.7562574238406965
بهم,-2.754468518050675,2.754468518050675
الصور,-2.753596196906954,2.753596196906954
الياجوره,-2.7532525021114544,2.7532525021114544
قايد,2.7532513214958088,2.7532513214958088
ركي,2.7519506482336027,2.7519506482336027
قستهاش,-2.7518749680012586,2.7518749680012586
tiz,2.7509700445048124,2.7509700445048124
بابشع,2.75077833959516,2.75077833959516
يدمرهم,2.7506604634555387,2.7506604634555387
ينيك,2.750180481198427,2.750180481198427
yaw,2.7474730104288354,2.7474730104288354
التصويره,-2.7465062881220623,2.7465062881220623
ماهيش,-2.746075641859276,2.746075641859276
يابغل,2.745982211330574,2.745982211330574
hena,2.7440995538859156,2.7440995538859156
تحبوش,2.743742701785038,2.743742701785038
جيزي,-2.743298334011493,2.743298334011493
بهلول,2.7426258392354086,2.7426258392354086
ميديرش,-2.742231557222047,2.742231557222047
توجد,-2.741330779961886,2.741330779961886
هدرتي,2.7412279984034233,2.7412279984034233
بدوي,2.740366257611257,2.740366257611257
ويعافيه,2.740035359882534,2.740035359882534
فا,-2.738898531647181,2.738898531647181
باعو,2.7381247672924047,2.7381247672924047
فسوف,2.7373623703278374,2.7373623703278374
النجاحات,-2.737070450747428,2.737070450747428
الاغنياء,-2.7368907395474897,2.7368907395474897
حرب,2.73386078774519,2.73386078774519
احترمي,2.73371481091427,2.73371481091427
الحركه,2.73301985093197,2.73301985093197
ملا,2.732800405349025,2.732800405349025
الامر,-2.732477836625332,2.732477836625332
ينال,-2.729809192990583,2.729809192990583
انتهي,2.729292124738422,2.729292124738422
الاعظم,2.729267775923653,2.729267775923653
وجيت,2.7255794013739756,2.7255794013739756
بهدلتونا,2.7255215384287856,2.7255215384287856
شيكورك,2.7247937625378373,2.7247937625378373
دايره,2.7246226694723266,2.7246226694723266
تقول صح,2.7240545694091263,2.7240545694091263
بوراك,-2.7232760895735,2.7232760895735
صاري,-2.7221456807878495,2.7221456807878495
lqahba,2.721639417777426,2.721639417777426
مستواك,2.7211125830509726,2.7211125830509726
غلطه,2.7208110229971973,2.7208110229971973
العاده,2.719940288858733,2.719940288858733
اثناء,-2.7195556707164936,2.7195556707164936
سروال مزير,-2.7192767305096144,2.7192767305096144
روحك,2.7165315239970775,2.7165315239970775
العقوبه,-2.7158919154807717,2.7158919154807717
دقايق,2.7158109535426087,2.7158109535426087
الحركي,2.714461739629162,2.714461739629162
لحاسين,2.713566214546015,2.713566214546015
روعه,-2.713256760513406,2.713256760513406
بوتبريره,2.7129894708567655,2.7129894708567655
شرعي,2.7120799022890494,2.7120799022890494
بلبركه,-2.7120584065077686,2.7120584065077686
فتان,2.7064201166479176,2.7064201166479176
ادير,2.705867408447002,2.705867408447002
الغاء,-2.7058390156173995,2.7058390156173995
يصل,2.7039275968402383,2.7039275968402383
يتبعهم,2.70382110411864,2.70382110411864
للبلاد,2.702207153415517,2.702207153415517
انتي,2.7019601718983184,2.7019601718983184
التفكير,-2.701335645755391,2.701335645755391
ساره,-2.7007037658121003,2.7007037658121003
mo,2.699892749591333,2.699892749591333
يقولك,2.6997366102727973,2.6997366102727973
tahya,2.6995966497622588,2.6995966497622588
اسحب,-2.6982163765381895,2.6982163765381895
غامل,2.697969293642833,2.697969293642833
تبداو,2.69650140091984,2.69650140091984
وكتاش,-2.695806852997124,2.695806852997124
وجه الشر,2.695178409286125,2.695178409286125
العسكريه,-2.6951031754964583,2.6951031754964583
mazda,2.693181066702399,2.693181066702399
جزاءري,-2.6919310128509855,2.6919310128509855
khtak,2.6904054127155383,2.6904054127155383
الفءه,2.6897975353897685,2.6897975353897685
فوطيت,2.6842990983711,2.6842990983711
ملحد,2.6823222084231606,2.6823222084231606
ربي معاك,2.6820579271508036,2.6820579271508036
اهدرونا,2.681608732667202,2.681608732667202
الغساله,-2.6808163938800544,2.6808163938800544
الانحطاط,2.6804257314425546,2.6804257314425546
تربحك,2.6799393729535352,2.6799393729535352
المجتمع,2.6798737578890424,2.6798737578890424
امن,2.679816539678322,2.679816539678322
استغلال,-2.6786707611416944,2.6786707611416944
تعجبني,-2.6786481802561224,2.6786481802561224
تزوخ,-2.6772247647901715,2.6772247647901715
ديرها,2.6772008980140627,2.6772008980140627
حوله,2.676426293696161,2.676426293696161
امثالك,2.6763973840978794,2.6763973840978794
هاتف,-2.675055190875931,2.675055190875931
وسته,2.6747694806458733,2.6747694806458733
الانسان,-2.6730817956028963,2.6730817956028963
مسلمه,2.6727987597949165,2.6727987597949165
براند,-2.6717453937356033,2.6717453937356033
اله تربحكم,2.6693292097030232,2.6693292097030232
عجل,2.6687226198774168,2.6687226198774168
العنوان,-2.6670238823078884,2.6670238823078884
الشرق,-2.6660319723654267,2.6660319723654267
ما شاء,-2.6638360070051115,2.6638360070051115
سكر,2.6591583297430126,2.6591583297430126
القمع,2.658722409226536,2.658722409226536
الزين,-2.6574460362383756,2.6574460362383756
بروبلام,-2.65637601180776,2.65637601180776
بيلي,2.653311391052538,2.653311391052538
قواد,2.653042586104857,2.653042586104857
تقدم,-2.650396618892923,2.650396618892923
ميمز,2.650219622562514,2.650219622562514
يلبس,2.6501333138100893,2.6501333138100893
بكلمه,2.649790439736592,2.649790439736592
وحداد وطحكوت,2.6496398432496715,2.6496398432496715
تنبحو,2.6487476125568876,2.6487476125568876
الحق,-2.6479590399156825,2.6479590399156825
الكريم,-2.646794266862809,2.646794266862809
تعسو,2.6463532252108495,2.6463532252108495
ربي يهدي,2.646098246792492,2.646098246792492
هادا,2.6450866351009537,2.6450866351009537
متعاطف معا,-2.64506819026055,2.64506819026055
راه يحوس,2.6442605244443587,2.6442605244443587
ولد قدور,-2.641788279217739,2.641788279217739
ياخاوتي,2.6407878537650773,2.6407878537650773
زينو,2.640391716791674,2.640391716791674
نجيب,2.6396362051329323,2.6396362051329323
عايشه,2.639634278924281,2.639634278924281
امين,-2.639090381466652,2.639090381466652
شبعت,2.638280828341973,2.638280828341973
تحيه,-2.6382564655826144,2.6382564655826144
فايح,2.6361872020061967,2.6361872020061967
روح تقود,2.6358697548289927,2.6358697548289927
شك,-2.6354542629387034,2.6354542629387034
العصابه الجديده,-2.6348231395704675,2.6348231395704675
شاهد,2.634049668103019,2.634049668103019
الماك,-2.633298807894615,2.633298807894615
مواطن,-2.632388155551829,2.632388155551829
الويل لكم,2.631083760579752,2.631083760579752
بلاك,-2.6299289400509944,2.6299289400509944
سءال,-2.6293522391830915,2.6293522391830915
خرجتو,2.628662693611321,2.628662693611321
لحال,2.6281252756934763,2.6281252756934763
نتاعنا,2.627698248906669,2.627698248906669
واش داك,-2.6272097806388355,2.6272097806388355
العباد,2.6269194131857647,2.6269194131857647
وجوهكم,2.6261403807388297,2.6261403807388297
مقارنه,2.6254791670527875,2.6254791670527875
اكسو,2.623998312504295,2.623998312504295
نبيك,-2.6206982020112153,2.6206982020112153
مقابله,-2.619811606446923,2.619811606446923
اجد,-2.619615616198933,2.619615616198933
نحبها,-2.61815215022159,2.61815215022159
مشي عسكريه,2.6165507259218077,2.6165507259218077
حمايه,-2.6160925798681847,2.6160925798681847
سلام عليكم,-2.6155813412813327,2.6155813412813327
مانيش,2.6134733163893844,2.6134733163893844
بشحال,-2.613330220724103,2.613330220724103
تغسل,-2.61205838962111,2.61205838962111
اليمين,-2.6097671706272445,2.6097671706272445
السومه,-2.605910017973977,2.605910017973977
تندم,2.605564683103601,2.605564683103601
اشاهد,2.605216245744972,2.605216245744972
اخره,2.6032902370988076,2.6032902370988076
فطوركم,-2.603192014694554,2.603192014694554
مزالو,-2.601746856230539,2.601746856230539
drs,2.601464772180741,2.601464772180741
قليطي,2.6012350284570545,2.6012350284570545
sont,2.6009637900257525,2.6009637900257525
وحداد,2.5990840647580375,2.5990840647580375
بيع,-2.59774931254696,2.59774931254696
رووح,2.5972106836421482,2.5972106836421482
تقدر,-2.596860291122251,2.596860291122251
السلطه,-2.595682096913638,2.595682096913638
المستعمر,2.5949089023203755,2.5949089023203755
انسان واش,-2.5948313295443497,2.5948313295443497
عيت,2.5925934695872557,2.5925934695872557
حمير,2.592425825118625,2.592425825118625
زبيده,2.5919004028527057,2.5919004028527057
يلعن,2.5917590802599126,2.5917590802599126
حابين,2.5908458809127093,2.5908458809127093
طويله,-2.5904194231024653,2.5904194231024653
زكك,2.5902592895250547,2.5902592895250547
مخنز,2.589529562809032,2.589529562809032
اسبي,2.5894752588629304,2.5894752588629304
شهاده صحفي,-2.5890501322650565,2.5890501322650565
قمه,2.5881998837485107,2.5881998837485107
حتشون يماك,2.5865920592363625,2.5865920592363625
اوملات,2.586586289334453,2.586586289334453
يرحم القايد,2.586521245531352,2.586521245531352
ههخخ,2.5855225651599603,2.5855225651599603
ضهرك,2.5853561848802142,2.5853561848802142
خدمه,-2.5849677442769665,2.5849677442769665
الغبي,2.5840673971563,2.5840673971563
السيد,-2.5832285867887186,2.5832285867887186
موك,2.582239539943447,2.582239539943447
قهوين,2.5817689706072176,2.5817689706072176
زاده,-2.5809427995807166,2.5809427995807166
نخش,2.5802547927287427,2.5802547927287427
تقودو,2.575297857790365,2.575297857790365
amchi,2.573580108156024,2.573580108156024
يا لي,2.572129798143944,2.572129798143944
اصبر,-2.5718553511578235,2.5718553511578235
الشهر,-2.5705975045535348,2.5705975045535348
ينبح,2.570338190308446,2.570338190308446
وتروح,2.569663531124072,2.569663531124072
عفريت,2.5695947797435488,2.5695947797435488
تحيا القايد,2.5689124427837418,2.5689124427837418
حكايه,-2.5681833520279005,2.5681833520279005
الفرن,-2.5662197883111557,2.5662197883111557
الكلمه,-2.565940272098763,2.565940272098763
الاقل,-2.5658023026485712,2.5658023026485712
اوقفوا,-2.5646773165661756,2.5646773165661756
بصحتك,-2.5644068230483543,2.5644068230483543
اربك,-2.5640350469604027,2.5640350469604027
خليل,-2.5634103381360616,2.5634103381360616
موجود,-2.5632209955727507,2.5632209955727507
صافيه,-2.559905138000732,2.559905138000732
الله يبارك,-2.5598341734805503,2.5598341734805503
زوجها,2.5597852104590286,2.5597852104590286
معاناه,2.5596980222031487,2.5596980222031487
fel,2.5591910640521998,2.5591910640521998
الهجوم,-2.558990247096528,2.558990247096528
نعبدوا,2.5581167905712623,2.5581167905712623
واش درت,2.5571858096345093,2.5571858096345093
لنفسه,-2.5546810669338997,2.5546810669338997
مبارك,-2.5540143865946567,2.5540143865946567
الاولاد,-2.552551296875822,2.552551296875822
الحيط,-2.5520283820503007,2.5520283820503007
يبقاو,2.5519649980925756,2.5519649980925756
خير منك,2.5517318048170745,2.5517318048170745
المناسب,2.5501209444506245,2.5501209444506245
الطاقه,-2.548189893687716,2.548189893687716
باينا,2.5466947070428723,2.5466947070428723
هداك,2.5461529836896335,2.5461529836896335
حريه,-2.544904932548667,2.544904932548667
كنتي,2.5445910590817697,2.5445910590817697
كالكلب,2.543981492439326,2.543981492439326
الطريق,2.543253955811798,2.543253955811798
بوتبون,2.543146908110413,2.543146908110413
نربح,-2.5428844183282884,2.5428844183282884
كرف,2.5424435015786195,2.5424435015786195
تعطي كي,-2.542242360744235,2.542242360744235
روح تعطي,2.54221921095971,2.54221921095971
ابا,2.5420567494151807,2.5420567494151807
والفتنه,2.539653049523538,2.539653049523538
اولاد فرنسا,2.5395622542951877,2.5395622542951877
الحقوق,-2.5391594995705264,2.5391594995705264
يرحمه,-2.5386510358118235,2.5386510358118235
ياسبي,2.5376300351964147,2.5376300351964147
حر,-2.5373186690313765,2.5373186690313765
مستمره,-2.5358321220000075,2.5358321220000075
هدو,2.5356560415277833,2.5356560415277833
فافا,2.53530040561614,2.53530040561614
حبو,-2.5352938845883064,2.5352938845883064
حركي,2.5346999837123674,2.5346999837123674
شخصيه,-2.5345624780418334,2.5345624780418334
بيكم,2.534472807260821,2.534472807260821
كلامك,2.534181044839161,2.534181044839161
امازيغي حر,2.5337755111961866,2.5337755111961866
عندكم,-2.53340755265213,2.53340755265213
بلي لي,2.5333107177705645,2.5333107177705645
ونتي,2.5326561602451316,2.5326561602451316
نهبل,-2.5317907389774383,2.5317907389774383
جايحه,2.5317350357976793,2.5317350357976793
كفاه,2.5316596412233876,2.5316596412233876
رائعه,-2.5313012844502834,2.5313012844502834
الله اكبر,-2.5295454182324066,2.5295454182324066
اخي,-2.5293984968721155,2.5293984968721155
قالت قاع,-2.529300493126734,2.529300493126734
كتر,2.528376175355287,2.528376175355287
مافيهاش,-2.528005655640751,2.528005655640751
بداو,2.5277420523443648,2.5277420523443648
اهلك,2.5262395999114973,2.5262395999114973
حفره,2.5261130266469327,2.5261130266469327
مي ماشي,2.524466181765759,2.524466181765759
جمع,-2.52292354760298,2.52292354760298
بانتلي,-2.5223208413682277,2.5223208413682277
فانت,2.52202333634785,2.52202333634785
كي زبي,2.5209157693523725,2.5209157693523725
الفريت اوملات,-2.5201140362778647,2.5201140362778647
الرجيم,2.5199189324662026,2.5199189324662026
قناتك,2.5197168308542772,2.5197168308542772
دعاء,-2.519220093645349,2.519220093645349
ناقه,2.5188794332324607,2.5188794332324607
لول,2.5181813487028615,2.5181813487028615
دانون,2.5176287566190356,2.5176287566190356
اليمن,2.5168123442207886,2.5168123442207886
عليك امير,-2.516573359093794,2.516573359093794
اساسي,2.5160468780018572,2.5160468780018572
بالصحه,-2.5155543527203617,2.5155543527203617
تقولي,-2.515163293656037,2.515163293656037
ويذل,2.5139784906588383,2.5139784906588383
طالح,2.513756131681989,2.513756131681989
السلام عليكم,-2.512427599231547,2.512427599231547
بحاجه,2.512098327912141,2.512098327912141
الدرجه,2.511423974936745,2.511423974936745
سمعتهم,2.511400086135565,2.511400086135565
يا بطل,-2.5109171911070685,2.5109171911070685
في فرنسا,2.510870128668897,2.510870128668897
تركيا,-2.510225890575802,2.510225890575802
بقداه,-2.5095112507058492,2.5095112507058492
حسادين,2.508998973382873,2.508998973382873
يخدمو,-2.508378330790471,2.508378330790471
للاسف,-2.508047318411632,2.508047318411632
القهوه,-2.508023936316579,2.508023936316579
خرج الشعب,2.507756860839969,2.507756860839969
شكون راه,2.5076292209211437,2.5076292209211437
لديكم,-2.506520941113603,2.506520941113603
الجنوب,-2.506221770901709,2.506221770901709
ka3ba,2.5055746814968396,2.5055746814968396
يرد,-2.5052471672901833,2.5052471672901833
بالفيديو,2.505005934665084,2.505005934665084
tfou,2.504279419970367,2.504279419970367
داءما,-2.5037423593628776,2.5037423593628776
لمواطن,2.5029765690990944,2.5029765690990944
الكوكايين,-2.5027721969733054,2.5027721969733054
وراهم,2.5002941821688873,2.5002941821688873
هاد البلاد,2.499664321676122,2.499664321676122
التعليق,-2.4991264467417795,2.4991264467417795
كاين ناس,2.497409960290481,2.497409960290481
كاش,-2.4962234725293824,2.4962234725293824
مرخس,2.495592962369038,2.495592962369038
الميلادي,2.494078416965746,2.494078416965746
فايحه,2.4928352063307226,2.4928352063307226
fayah,2.492099051742309,2.492099051742309
مشاريعه,2.4889592831451828,2.4889592831451828
راءعه,-2.4886402389212567,2.4886402389212567
غلق,-2.4884873263256457,2.4884873263256457
نطيب,-2.487764353569584,2.487764353569584
طرد,2.4867193648458334,2.4867193648458334
يفهم,2.486440599597273,2.486440599597273
الحاج,-2.4864188291339238,2.4864188291339238
بالناس,2.4860023702205654,2.4860023702205654
عصابه,2.4855033020818573,2.4855033020818573
نبقي,-2.485501449191912,2.485501449191912
يلعبو,-2.484707611471402,2.484707611471402
نامن,2.4834455741108044,2.4834455741108044
كي كان,-2.4832848736182624,2.4832848736182624
قواوده,2.4816772602966957,2.4816772602966957
هنايا,2.48083234244896,2.48083234244896
معكم,-2.480814562875177,2.480814562875177
فرر,-2.4808018303301127,2.4808018303301127
اصاحبي,2.4807860749796125,2.4807860749796125
الدنوب,-2.4804015189933244,2.4804015189933244
واو,-2.480048388776901,2.480048388776901
السفير الفرنسي,2.4794604539386667,2.4794604539386667
ظالما,-2.479027640152494,2.479027640152494
amin,-2.4785860821749344,2.4785860821749344
bayen,2.4773722559018037,2.4773722559018037
لاحول ولاقوه,-2.475233542774546,2.475233542774546
لباز,2.4731959824233676,2.4731959824233676
كلامه,2.472505076545329,2.472505076545329
maatoub,-2.470964186343025,2.470964186343025
الازرق,2.4706081543325533,2.4706081543325533
كنت غالط,-2.470427263111745,2.470427263111745
منتوجات,-2.470281093871006,2.470281093871006
ماعندناش,-2.4702307547592106,2.4702307547592106
اضعف,-2.4696990473803258,2.4696990473803258
مظلوم,-2.469434834663019,2.469434834663019
يسيبورتو,-2.4686080562089128,2.4686080562089128
ضك,2.4678043291059892,2.4678043291059892
حلاب,2.4671386669969624,2.4671386669969624
تخدم,2.4661894269097866,2.4661894269097866
ouled,2.466117649883497,2.466117649883497
مغربيه,-2.4657848309670043,2.4657848309670043
واصبحت,2.4655953132913724,2.4655953132913724
الملفات,2.4652431779618325,2.4652431779618325
زريعه,2.4648329954489716,2.4648329954489716
اصحاب الفرشيطه,2.464688425756388,2.464688425756388
لعنه الله,2.463940199703005,2.463940199703005
بالعكس,2.463577314401139,2.463577314401139
تدير,-2.4632791840713066,2.4632791840713066
ساعه,-2.4631767511412606,2.4631767511412606
التطبيع,2.4588072928555116,2.4588072928555116
غدوه,2.458034206904608,2.458034206904608
الزيطوط,2.45723218998808,2.45723218998808
مقطع,2.456816132654015,2.456816132654015
الورقه بلاكي,2.455796373111521,2.455796373111521
بلاكي,2.455796373111521,2.455796373111521
يفسر,2.4548828798235447,2.4548828798235447
وقيله,2.4542352877192886,2.4542352877192886
قدس,-2.4539224210329866,2.4539224210329866
مشاكل,-2.453911667880713,2.453911667880713
حفظ,2.453626921015101,2.453626921015101
تشهي,-2.453560110149863,2.453560110149863
نمي,2.4535517453031885,2.4535517453031885
نسمع سولكينغ,2.453186569198898,2.453186569198898
الصحراء,2.4530530515455085,2.4530530515455085
بالشعب,2.450981355433471,2.450981355433471
شيات,2.4479266567556426,2.4479266567556426
دوك يجوك,-2.4474068609761788,2.4474068609761788
يجوك,-2.4474068609761788,2.4474068609761788
العدو,-2.4473634791263006,2.4473634791263006
مناصب,2.4473603506510306,2.4473603506510306
عندها,2.4468841135686623,2.4468841135686623
مخنث,2.446869914097164,2.446869914097164
tfooh,2.4458598832025302,2.4458598832025302
القمح,-2.4457897603819077,2.4457897603819077
يديرها,-2.4456359682096185,2.4456359682096185
اسميتك,-2.444503366293032,2.444503366293032
روحو تقودو,2.4438395516989986,2.4438395516989986
راصك,-2.443024439134231,2.443024439134231
هوايش,2.442702188460802,2.442702188460802
اغلبيه الشعب,-2.442012955608539,2.442012955608539
داو,2.4404592657938684,2.4404592657938684
نيخ,2.4403948461395593,2.4403948461395593
القوه,-2.437371427416718,2.437371427416718
يحمي,-2.4371364434928298,2.4371364434928298
الشرفاء,2.436806978488087,2.436806978488087
قالها,-2.4365262570741093,2.4365262570741093
يا طحان,2.436099342276535,2.436099342276535
بالمخدرات,2.435642342576448,2.435642342576448
راك كبير,2.434284506662561,2.434284506662561
حتى واحد,-2.43404563147867,2.43404563147867
احتكر,2.4334195394520255,2.4334195394520255
طماعين,2.4326676670415184,2.4326676670415184
ينصرك,2.4314221931289843,2.4314221931289843
قروب الساعه,2.4312746013660695,2.4312746013660695
عالميا,-2.4311930567992865,2.4311930567992865
التصعيد,-2.429964976498202,2.429964976498202
الانتخابيه,2.4278731227414587,2.4278731227414587
وشكرا,-2.42752827169776,2.42752827169776
من عندي,2.4272418199477315,2.4272418199477315
الاغنيه,-2.4272249255244476,2.4272249255244476
ويحفظك,-2.4264550172712824,2.4264550172712824
بهايم,2.426182787737944,2.426182787737944
ولادنا,2.425279757840393,2.425279757840393
يريدون,-2.4243193619325694,2.4243193619325694
رايح,-2.424114968687564,2.424114968687564
وكذب,2.4237267394500766,2.4237267394500766
مباشره,-2.4227427051282775,2.4227427051282775
القادمه,-2.421404829800643,2.421404829800643
بوتسريقه,2.419330224875039,2.419330224875039
الحمله,-2.419048431441245,2.419048431441245
بصح راك,2.4187223540765648,2.4187223540765648
العالم,2.4180451318207976,2.4180451318207976
قوم لوط,2.4175152720167468,2.4175152720167468
لوط,2.4175152720167468,2.4175152720167468
الثامنه,-2.4171817330403687,2.4171817330403687
القلاوي,2.415461324146088,2.415461324146088
معدوده,2.415280149903856,2.415280149903856
تشبع,2.415191843258774,2.415191843258774
مولوديه يدك,2.4145118480520633,2.4145118480520633
السفاح,2.413214243668707,2.413214243668707
ربي يشفيك,2.412851112175755,2.412851112175755
تخمارت,2.412598356784384,2.412598356784384
جوده,-2.4109029390872716,2.4109029390872716
الاصنام,2.4100884323904532,2.4100884323904532
المصداقيه,-2.407670452248185,2.407670452248185
واش دخل,-2.4076055426651655,2.4076055426651655
is,2.4067845764497893,2.4067845764497893
نيتك,2.4065132688185837,2.4065132688185837
هدرتك,2.405102112496419,2.405102112496419
هوما لي,-2.4050056830382625,2.4050056830382625
راك فاهم,2.4037836626699356,2.4037836626699356
كيفاه,-2.4033092499975384,2.4033092499975384
يعرفون,2.4022383263269007,2.4022383263269007
khi,2.401510361864263,2.401510361864263
عيناني,2.4011764305267276,2.4011764305267276
تصلو,2.4006825215452596,2.4006825215452596
جوع,2.3978187947820166,2.3978187947820166
فرحانين,2.3955316831716797,2.3955316831716797
باقي,2.395047991611389,2.395047991611389
يتبعك,2.3949605467702972,2.3949605467702972
تدي,2.394539427290461,2.394539427290461
يلبس لاكوست,2.3941436102267195,2.3941436102267195
حقيقيه,-2.3938031307606695,2.3938031307606695
وزيت,2.392719696122231,2.392719696122231
حسنه,2.392348722262008,2.392348722262008
وتكتب,2.391166984423996,2.391166984423996
فان,2.3901471355262163,2.3901471355262163
النسل,-2.3898381600020624,2.3898381600020624
مزال مزال,-2.389459878690799,2.389459878690799
لبناء,-2.388418452450962,2.388418452450962
بومدين,2.3875042483631006,2.3875042483631006
السب,-2.387482806219011,2.387482806219011
امير لعقوبه,2.386658923253464,2.386658923253464
كي ربراب,-2.3862365097047524,2.3862365097047524
دوك,2.385873230694503,2.385873230694503
يفرح,-2.385234328894672,2.385234328894672
السيما,-2.384995468759041,2.384995468759041
ضحكتو,-2.384702063405257,2.384702063405257
زيطوطه,2.3840281251251554,2.3840281251251554
خسرت,-2.382948747414394,2.382948747414394
ta3ti,2.382161311505925,2.382161311505925
والعداله,2.381628036970446,2.381628036970446
دياراس,2.380934439706208,2.380934439706208
الواحد,-2.3808412862943906,2.3808412862943906
يكذبو,-2.3788008570586037,2.3788008570586037
matoub lounes,2.3777482354029873,2.3777482354029873
اعبد,-2.377640559251822,2.377640559251822
ااه يا,2.3772430836854705,2.3772430836854705
ماكانش,-2.377117841471718,2.377117841471718
بوترمه,2.377042584614815,2.377042584614815
الشاويه,-2.376368158123889,2.376368158123889
ويضحك,2.375878860059238,2.375878860059238
عادله,-2.3755767147767344,2.3755767147767344
حداد طحكوت,-2.3741400350816226,2.3741400350816226
شكون,-2.373081294287059,2.373081294287059
مسيره,-2.3718819453075386,2.3718819453075386
براندت,-2.3717556202104366,2.3717556202104366
هنيئا,-2.370346979546778,2.370346979546778
الدول,-2.36929160876539,2.36929160876539
في الجزاير,-2.369213165482165,2.369213165482165
مر,2.368819268623065,2.368819268623065
وادي,-2.368430086270273,2.368430086270273
علاه حنا,2.367269890280683,2.367269890280683
نم,2.36520361148038,2.36520361148038
ذر,2.3645780911876724,2.3645780911876724
frite,-2.3640140162718986,2.3640140162718986
دارولو,2.363654221393153,2.363654221393153
زوامل,2.3631215760761575,2.3631215760761575
التسعينات,2.3628220324236504,2.3628220324236504
تخم,2.36236441188555,2.36236441188555
كادو,2.362044775588194,2.362044775588194
لحرام,2.3613620722994755,2.3613620722994755
باطلاق,-2.3613184935618388,2.3613184935618388
نيكماتهم,2.3611410161802358,2.3611410161802358
سطيف,-2.3608800573359825,2.3608800573359825
راني,-2.359764074007297,2.359764074007297
اخرج,2.3589116091207187,2.3589116091207187
حقيقي,2.3580988687651554,2.3580988687651554
داسيا,-2.357672261628697,2.357672261628697
فتنه,2.356856886935974,2.356856886935974
يدين,2.356727069538877,2.356727069538877
قليط,2.3561522479096073,2.3561522479096073
الى الجزائر,2.3535259731678715,2.3535259731678715
حركه,2.353286260837515,2.353286260837515
الخليج,2.3532640417426993,2.3532640417426993
ويرحم امك,2.3528727272231564,2.3528727272231564
يوصل,-2.352632800358903,2.352632800358903
القديمه,-2.352390921522815,2.352390921522815
امشي نيك,-2.3520566277837904,2.3520566277837904
بقره الاركان,2.351520575949579,2.351520575949579
نشوفوا,2.3506490204481914,2.3506490204481914
دياراس مخابرات,2.350405444973417,2.350405444973417
ربي يحفظك,2.3503427112064528,2.3503427112064528
جايه,-2.3492003564415076,2.3492003564415076
نقاز,-2.3484542222872857,2.3484542222872857
ويرحم,2.3477553809395615,2.3477553809395615
مرا,-2.3470749396074844,2.3470749396074844
wlid,2.3462131824969252,2.3462131824969252
ارضهم,2.3454221847641326,2.3454221847641326
مصالح,-2.3444150889301065,2.3444150889301065
كاع,2.3440600088640253,2.3440600088640253
داير,2.3429808420924303,2.3429808420924303
هدري,2.342832379205147,2.342832379205147
الف الف,-2.3426469119209283,2.3426469119209283
التضامن,-2.3423274747890375,2.3423274747890375
محتكر,-2.3422394439546808,2.3422394439546808
تموتوا,2.341240943209782,2.341240943209782
اسال,2.340495585268538,2.340495585268538
المطار,-2.340446699930911,2.340446699930911
نتا لي,2.340191422088412,2.340191422088412
بابا,-2.3392948387364454,2.3392948387364454
الله ما,2.3384195104869345,2.3384195104869345
خاصني,-2.3378005385726772,2.3378005385726772
اسمحلي,-2.3374635458100754,2.3374635458100754
يفتح,-2.3366361520531345,2.3366361520531345
بسكو,2.336481951246927,2.336481951246927
موجوده,-2.3361358886050976,2.3361358886050976
fik,2.336084595968907,2.336084595968907
وهما,-2.335509673740216,2.335509673740216
مصالحها,-2.3347396831631513,2.3347396831631513
الهاشتاغ,-2.334722533285464,2.334722533285464
القهوي,2.3345844100560975,2.3345844100560975
يا ربراب,-2.3344881478764634,2.3344881478764634
الدي,-2.333032106110477,2.333032106110477
خوا,-2.3321163894177377,2.3321163894177377
ماميدو,2.332043008967618,2.332043008967618
يرحمو,-2.3319898904972556,2.3319898904972556
خريه,2.3313253706351333,2.3313253706351333
راه المشكل,-2.331084697783259,2.331084697783259
اله فيك,-2.3310261711345572,2.3310261711345572
اووه,-2.3300009160191997,2.3300009160191997
اشتريته,2.329840636818119,2.329840636818119
لي كيما,2.3297920774161947,2.3297920774161947
النشطاء,2.32949819335245,2.32949819335245
باه,2.3289689014205885,2.3289689014205885
والمزيد,-2.3286222318829615,2.3286222318829615
لي حاكمين,2.3285702392010377,2.3285702392010377
بو,2.328464107911163,2.328464107911163
nass,2.327354658842115,2.327354658842115
المزيد,-2.3263853932371616,2.3263853932371616
نتيجه,2.325715683180681,2.325715683180681
يرحم الوالد,-2.3250054699159697,2.3250054699159697
البقاء,2.32392290872643,2.32392290872643
اولاد,2.3233026661768164,2.3233026661768164
يسعد,-2.3229988480945436,2.3229988480945436
ki,2.3225266104402813,2.3225266104402813
تمنراست,-2.321479304721007,2.321479304721007
ونتوما,2.320822312798985,2.320822312798985
الريح,2.3206013157823304,2.3206013157823304
من العاصمه,2.3204930399827037,2.3204930399827037
يعسوا,-2.3204657731713705,2.3204657731713705
البيع,-2.3192634542611112,2.3192634542611112
اخوه,-2.318764096622799,2.318764096622799
بالخير,2.318102191903563,2.318102191903563
معنى,-2.3179351454901833,2.3179351454901833
ولادك,2.3170720950217993,2.3170720950217993
لوح,2.317037567689709,2.317037567689709
راكم ديرو,2.3162753421410986,2.3162753421410986
ارحلوا,-2.3162654351760015,2.3162654351760015
ياوحد,2.3162164105938023,2.3162164105938023
اسلام,-2.3148621312572404,2.3148621312572404
سقوط,2.314588245807611,2.314588245807611
شريك,2.3139444715129103,2.3139444715129103
الخبيث,2.3124516969581452,2.3124516969581452
تجري,-2.3123054827308387,2.3123054827308387
عبر,-2.3119355071634415,2.3119355071634415
والقواده,2.310228195031292,2.310228195031292
تبا لك,2.309054130740459,2.309054130740459
الو,-2.3089473877076725,2.3089473877076725
لحم,2.308251237044607,2.308251237044607
كرشو تبن,-2.307977236590209,2.307977236590209
تبن,-2.307977236590209,2.307977236590209
تشجع,-2.307965732808984,2.307965732808984
اردت,2.307385992665311,2.307385992665311
يحبس,2.3064930621332116,2.3064930621332116
نصيحه,2.305711476761044,2.305711476761044
تحرض,2.305579621453554,2.305579621453554
اخطينا,2.305563789989746,2.305563789989746
لدينا,-2.305405330512009,2.305405330512009
يخرج ربراب,-2.3048347390555155,2.3048347390555155
تنساش,2.304532048438146,2.304532048438146
الرجل,-2.3035453314143854,2.3035453314143854
الاغيول,2.303301404697699,2.303301404697699
الهي,2.3024975539467327,2.3024975539467327
لله,-2.3012209534491475,2.3012209534491475
ربراب رجل,-2.300062828803796,2.300062828803796
يارخيس,2.2994927882279095,2.2994927882279095
فلبلاد,2.299341828964148,2.299341828964148
قودك,2.299209445895385,2.299209445895385
طفل,2.2984469368784284,2.2984469368784284
اخي العربي,2.297681058533315,2.297681058533315
سعر,-2.296860513898413,2.296860513898413
hab,2.295677475559404,2.295677475559404
الطف,-2.295522737322327,2.295522737322327
معنتها,-2.2939928045773885,2.2939928045773885
لحق,2.292941141119403,2.292941141119403
تبان,2.2927655940253038,2.2927655940253038
سرقه,-2.2911945133327483,2.2911945133327483
هذوك,-2.291108395298954,2.291108395298954
روحي صلي,2.289989868046669,2.289989868046669
الوضع,-2.2887073606148682,2.2887073606148682
البقره,-2.2885818296091327,2.2885818296091327
اطلق,2.287592441710155,2.287592441710155
بحر,-2.2873875111603197,2.2873875111603197
يرزقك,-2.2870097521218744,2.2870097521218744
نقولك,2.286328945121106,2.286328945121106
لص,2.285974638009874,2.285974638009874
عيب,2.285053123301349,2.285053123301349
احتكار,2.2849482869602897,2.2849482869602897
بلاد الشهداء,2.284796945387882,2.284796945387882
كوستيم,2.284499274653811,2.284499274653811
عله,2.2842032986712075,2.2842032986712075
مكشوفه,-2.283917804941144,2.283917804941144
سؤال,-2.283888291142003,2.283888291142003
على ظهر,2.283083335086437,2.283083335086437
لاجل المال,2.28300486201543,2.28300486201543
ربراب او,2.282591223108406,2.282591223108406
التاريخ,-2.282303926887797,2.282303926887797
اقول لك,2.2819432846026078,2.2819432846026078
السءال,-2.281902972556131,2.281902972556131
دشره,2.2808848774283788,2.2808848774283788
هذي فتنه,2.280162965551234,2.280162965551234
ساكت,2.280106969169422,2.280106969169422
فداء,-2.279886888052888,2.279886888052888
fe,2.278334554215158,2.278334554215158
تعرفو,2.2778075445407486,2.2778075445407486
نفسو,2.2776576915479914,2.2776576915479914
شكون لي,-2.2774444819129838,2.2774444819129838
اصناف,-2.2768502245256874,2.2768502245256874
بعضانا,2.2767188884301395,2.2767188884301395
خونا,-2.2760937859096186,2.2760937859096186
يشري,2.2755908269286826,2.2755908269286826
اصعب,-2.274294199079056,2.274294199079056
يا وليد,2.2742937082522956,2.2742937082522956
الخبر,-2.273371222910923,2.273371222910923
سادويتش,-2.271590523947425,2.271590523947425
جابوه العسكر,2.2715808250035354,2.2715808250035354
تخلا,2.270363896991688,2.270363896991688
الراعي,-2.2689668741933717,2.2689668741933717
شابه,-2.2677009782366047,2.2677009782366047
اتقي,-2.2671000031600697,2.2671000031600697
فقيرا,-2.2663278246902534,2.2663278246902534
زيتوت,2.266271193691757,2.266271193691757
يلعب,-2.265799782561271,2.265799782561271
عليك يا,2.2657118619663676,2.2657118619663676
يزوج,2.2654986721611023,2.2654986721611023
anta,2.2652740257775936,2.2652740257775936
نقولكم,-2.2650923795437743,2.2650923795437743
نتاعك,2.2646870828563324,2.2646870828563324
مدنيه مشي,2.2642263293960534,2.2642263293960534
دنك,2.2641782285824723,2.2641782285824723
السؤال,-2.263845908447275,2.263845908447275
الخنزير,2.263797884947763,2.263797884947763
وقتهم,-2.2637769743674876,2.2637769743674876
والشيته,2.263440077994721,2.263440077994721
وحدو,-2.2627833160399584,2.2627833160399584
ولاد فرنسا,2.2627315298141473,2.2627315298141473
يا الجاهل,2.2624562258813845,2.2624562258813845
الوزير,-2.2618506256650113,2.2618506256650113
كاين بزاف,2.261371304513743,2.261371304513743
فرقه,2.2594779350110086,2.2594779350110086
والاخوه,2.2593541971533146,2.2593541971533146
اله ينعلك,2.2589277209469323,2.2589277209469323
المستويات,-2.258644808030649,2.258644808030649
الديمقراطيه,-2.256475984038181,2.256475984038181
وجماعتو,-2.2560026980701595,2.2560026980701595
لفرنسا,2.2539513552716683,2.2539513552716683
البعير,2.2537088966031815,2.2537088966031815
جزائري,-2.253409348967815,2.253409348967815
المسءوليه,-2.2533439699768287,2.2533439699768287
مي ربي,2.253308408948602,2.253308408948602
rahi,2.2530155836406,2.2530155836406
نعل,2.2522417829939254,2.2522417829939254
ربي يهديك,2.251426417682182,2.251426417682182
ويجيك,-2.250921604465686,2.250921604465686
المشكله,2.2508113406707078,2.2508113406707078
تعهم,-2.2507981149497165,2.2507981149497165
قليله,-2.2496765613820537,2.2496765613820537
9bayli,2.248223029132494,2.248223029132494
المصانع,-2.2471175534422745,2.2471175534422745
فارغ,2.2469621803127313,2.2469621803127313
تنازلت,-2.246944582318707,2.246944582318707
شمس,2.246369160374052,2.246369160374052
انتهى,2.2463073937627733,2.2463073937627733
يعلمون,-2.246130148334702,2.246130148334702
الحليب,-2.2454843403497833,2.2454843403497833
بزاف,-2.2453987481218016,2.2453987481218016
فرع,-2.2452000504546605,2.2452000504546605
خدامين,-2.244969825128134,2.244969825128134
اتمني,-2.2449276596066037,2.2449276596066037
يحفظك استاذ,2.243710507239107,2.243710507239107
بريكه,-2.242797595358083,2.242797595358083
تحوسو,2.242164011163133,2.242164011163133
يحسب,-2.240340532140437,2.240340532140437
تشينا,-2.2401604272968165,2.2401604272968165
يحدث,-2.239393027648657,2.239393027648657
مزور,2.239331725056626,2.239331725056626
السبه,-2.239308353833624,2.239308353833624
عسكري,2.239084868099345,2.239084868099345
اقول,2.2390573005588883,2.2390573005588883
الكبير,2.238807041464079,2.238807041464079
عسكريه دوله,2.238739234445877,2.238739234445877
الحروب,-2.2382813828081387,2.2382813828081387
يتسما,-2.2374815392087473,2.2374815392087473
ميور,-2.2365303492329547,2.2365303492329547
العاهره,2.2359535553497802,2.2359535553497802
طع,2.235881305007833,2.235881305007833
سياسه,-2.234791608221414,2.234791608221414
نعيمه,-2.234716993397789,2.234716993397789
طغاو,2.2343446198546983,2.2343446198546983
الجنه,-2.2333166539489224,2.2333166539489224
يهرب,-2.2330613208937815,2.2330613208937815
بو صبع,2.2314938150270893,2.2314938150270893
قعرتها,2.229231639191495,2.229231639191495
عليك,2.2286019097463177,2.2286019097463177
دير بالك,-2.22748001754232,2.22748001754232
توجه,2.2266268214987153,2.2266268214987153
مسانده,-2.2265554807249965,2.2265554807249965
بهدا,-2.226305499713708,2.226305499713708
زامل,2.225519518236889,2.225519518236889
عنصري,2.2254175372686085,2.2254175372686085
الاواني,-2.2253529182020246,2.2253529182020246
رابعه,2.2247776335047837,2.2247776335047837
كل من,2.2240054806452125,2.2240054806452125
حمله,2.223122488874896,2.223122488874896
حابه,-2.222486503105842,2.222486503105842
نقدر,-2.2218301412582906,2.2218301412582906
خوتي,-2.221307479665492,2.221307479665492
عميقين,2.221134009035009,2.221134009035009
مبروك يا,-2.2196580182217938,2.2196580182217938
يا لخراي,2.2194844920979317,2.2194844920979317
نقولهم,2.2189732897177317,2.2189732897177317
تخمم,2.218934490970129,2.218934490970129
ويعرف,-2.218541627606452,2.218541627606452
مثلما,2.2180902931609334,2.2180902931609334
الزمن,2.2176053158040423,2.2176053158040423
يقوم,2.21499201149367,2.21499201149367
عندما,2.2148337620377956,2.2148337620377956
يرحمهم,-2.214418678715008,2.214418678715008
الجيش الجزاءري,2.2141317233332,2.2141317233332
اليابان,-2.2134201159767657,2.2134201159767657
ثمن,-2.213345933049505,2.213345933049505
نساو,-2.212116621897957,2.212116621897957
الشمس,2.2121059325282784,2.2121059325282784
بدات,-2.2110338271310006,2.2110338271310006
الموضوع,2.210786705120721,2.210786705120721
يجوز,-2.210648886362192,2.210648886362192
هذا هو,2.2100258976931513,2.2100258976931513
rahoum,-2.2096455822304204,2.2096455822304204
مرزاق,2.2088939521925393,2.2088939521925393
هادو,2.2088753498536717,2.2088753498536717
المحتله,-2.2083174929118647,2.2083174929118647
بلاصه,2.208223905520791,2.208223905520791
الشعب واعي,2.2052684480258304,2.2052684480258304
لنا,-2.205183031274221,2.205183031274221
مثيره,2.204685170289681,2.204685170289681
لزم,2.204515545078313,2.204515545078313
تدافع,2.2039091434217024,2.2039091434217024
ياودي,2.2029619140053107,2.2029619140053107
جنرال,2.202852465530068,2.202852465530068
ونص,-2.201034470438566,2.201034470438566
السجن يا,2.2005768629724947,2.2005768629724947
ياك,-2.200388236363319,2.200388236363319
يحبش,2.199859241748783,2.199859241748783
يعس,-2.1979407851160566,2.1979407851160566
الخطر,-2.1978048574307922,2.1978048574307922
تلعبي,-2.197384088419428,2.197384088419428
الاخبار,-2.195118349754036,2.195118349754036
الهاشتاق,-2.194155418393466,2.194155418393466
بسكره,-2.1937915607133838,2.1937915607133838
تبدلو,2.1930239430627085,2.1930239430627085
يابوصبع,2.1919724377242304,2.1919724377242304
استاذ الفاضل,2.1915402959679726,2.1915402959679726
فرار,-2.191377961940816,2.191377961940816
سعيد بوتفليقه,2.1906613100960914,2.1906613100960914
دجاج,-2.1900260952640815,2.1900260952640815
اوو,2.1889598673216466,2.1889598673216466
لاسف,-2.1889096752191466,2.1889096752191466
يا البغل,2.1883346317651395,2.1883346317651395
مصريه,-2.18830105643693,2.18830105643693
اجمعين,-2.187827009146617,2.187827009146617
ak,2.186916181183697,2.186916181183697
مشروع,-2.186243606183975,2.186243606183975
حسب,-2.1849826829839287,2.1849826829839287
فالناس,2.184841845226916,2.184841845226916
سرقلك,2.1844566808500527,2.1844566808500527
سرقلك قناتك,2.1844566808500527,2.1844566808500527
خدام,2.1840021280600483,2.1840021280600483
ظهر الاغلبيه,2.1839417685134217,2.1839417685134217
يحبوهاش,2.1839417685134217,2.1839417685134217
على ما,2.183315256910843,2.183315256910843
يكن يوما,2.183183077603054,2.183183077603054
به,-2.183041879404857,2.183041879404857
النبي,-2.1814953706079994,2.1814953706079994
الشعب الجزايري,2.180442815081183,2.180442815081183
kbir,2.1791246320153603,2.1791246320153603
يعود,-2.1790709414521388,2.1790709414521388
طباخه,-2.178875749168064,2.178875749168064
يجرو,2.1788168899721723,2.1788168899721723
اله يذلك,2.1785603152016586,2.1785603152016586
نسمع راي,-2.1781324079323348,2.1781324079323348
خانزه,2.1777366875026893,2.1777366875026893
التوفيق,-2.176957262731935,2.176957262731935
جو,-2.176513393455471,2.176513393455471
الخاص,-2.174784411917585,2.174784411917585
سوني,2.174604786806611,2.174604786806611
ربي نتا,-2.174374666007863,2.174374666007863
مبروك مبروك,2.1742099798582784,2.1742099798582784
السيار,2.174057484530725,2.174057484530725
خبر,-2.17345702339063,2.17345702339063
شحال من,2.1734181438815825,2.1734181438815825
قتلوه,-2.1727983375264146,2.1727983375264146
مافيا,2.172152115068722,2.172152115068722
يدها,2.1720363879538733,2.1720363879538733
شخصيا,-2.169814828847653,2.169814828847653
حلوف,2.16930640855237,2.16930640855237
يخضع,-2.1691394201446883,2.1691394201446883
فاعل,-2.168654609151885,2.168654609151885
حسني,2.1685435251302287,2.1685435251302287
اندلسي,-2.167416519750927,2.167416519750927
تشري,-2.1670207351926716,2.1670207351926716
فظلكم,-2.166855458705991,2.166855458705991
تطبيق,-2.1664612529334786,2.1664612529334786
ربراب حتى,-2.16628827707613,2.16628827707613
نبح,2.16594631273642,2.16594631273642
وطنيه ماشي,-2.1654914983609954,2.1654914983609954
hirak,-2.1636559662440367,2.1636559662440367
قاع يتحاسبو,2.1633108221139676,2.1633108221139676
سيادو,2.162803029068624,2.162803029068624
دينار,2.162225106047545,2.162225106047545
جاورها,-2.1616196630096605,2.1616196630096605
عطاو,2.161301494653954,2.161301494653954
ماضي,2.161020562070925,2.161020562070925
ولما,2.1599720961813094,2.1599720961813094
خرجوا,-2.159630330374276,2.159630330374276
يبدو,2.1595444941937445,2.1595444941937445
بنينه,-2.159433258872351,2.159433258872351
قط,-2.159125958584462,2.159125958584462
عقل,2.158712453391189,2.158712453391189
وكيلهم,2.1586124753139164,2.1586124753139164
hechoun,2.157493710766065,2.157493710766065
كاينه,-2.1570341318593336,2.1570341318593336
مشي ربراب,2.156410733708473,2.156410733708473
اهدر كي,2.1562262603802647,2.1562262603802647
الخل,-2.1560369501054915,2.1560369501054915
متى,-2.1559552976571683,2.1559552976571683
الغيره,2.1540527353972405,2.1540527353972405
ويدك,2.15373623211166,2.15373623211166
راه يقول,2.152791766083842,2.152791766083842
متعاطف,-2.1521570086257014,2.1521570086257014
والمغرب,-2.1511934107213113,2.1511934107213113
مركز عبله,2.1507197284201878,2.1507197284201878
المعارضه,2.150264811909349,2.150264811909349
مره نشوف,2.1493900388937153,2.1493900388937153
شكون انت,-2.1490962576769057,2.1490962576769057
المجتمعات,-2.1486642981587725,2.1486642981587725
بحجه,2.147496503300165,2.147496503300165
انجازات,2.1473841001535563,2.1473841001535563
هكا,2.146780792455828,2.146780792455828
مع كل,2.146607530210925,2.146607530210925
الادمن,2.1458859553683056,2.1458859553683056
كبول,2.145851522065226,2.145851522065226
الب,2.1449518011665534,2.1449518011665534
ارضي,-2.144786457629584,2.144786457629584
البلاد العباد,-2.144590243892586,2.144590243892586
مازالو,2.1444199327215316,2.1444199327215316
نكون,-2.1438827415004504,2.1438827415004504
البخس,2.1435228795472496,2.1435228795472496
ذكرت,-2.1431457519767867,2.1431457519767867
اموال الشعب,-2.1424038729530697,2.1424038729530697
المولوديه,-2.142144608555319,2.142144608555319
بالذات,-2.1421108654031062,2.1421108654031062
يحفظ بلادنا,2.141814977357988,2.141814977357988
يرحمها,-2.1415459829446695,2.1415459829446695
ميحبوش,-2.1412062572971733,2.1412062572971733
الفرفاره,2.1408172259741067,2.1408172259741067
كلنا ربراب,-2.1407497980177492,2.1407497980177492
مع ربراب,-2.139657055910858,2.139657055910858
ام,-2.139584904982872,2.139584904982872
النقود,-2.1384905437011,2.1384905437011
مستقبلا,2.1380728575703754,2.1380728575703754
غساله,-2.1378098970381125,2.1378098970381125
حنين,-2.13762628229658,2.13762628229658
فرنسيه,2.1374455842673696,2.1374455842673696
نورمالمو,2.137101104084698,2.137101104084698
فرحتلك,-2.1366306334813046,2.1366306334813046
كل شر,2.1363640210112904,2.1363640210112904
راك يا,2.1356855001373987,2.1356855001373987
البسيط,-2.1355726208586687,2.1355726208586687
وخاصه,2.1355464637514414,2.1355464637514414
يفرجها,-2.1350472903215874,2.1350472903215874
حشوهالك,2.1349907098546352,2.1349907098546352
وحده,-2.1340549552113206,2.1340549552113206
متضامن,-2.1338491420055603,2.1338491420055603
مدنيه,-2.133468444823305,2.133468444823305
يكسر,2.1331232760765166,2.1331232760765166
يكسر ايديهم,2.1331232760765166,2.1331232760765166
السميد,-2.1330855399065403,2.1330855399065403
تهبل,-2.132904137960531,2.132904137960531
نهبو,2.1322446419103698,2.1322446419103698
نيك امك,-2.1315760425453845,2.1315760425453845
خافي,2.131451542668554,2.131451542668554
دبر,2.131205937659249,2.131205937659249
يدي,2.129593430127468,2.129593430127468
ولايتي,-2.1283629605759753,2.1283629605759753
الحي,-2.1275542532260343,2.1275542532260343
سلطه,-2.1270554600683673,2.1270554600683673
حبيت,-2.1267390385225955,2.1267390385225955
قياده,-2.126085518576445,2.126085518576445
خطيك,-2.125207773258752,2.125207773258752
تقول,-2.1243561053328537,2.1243561053328537
يدعي,2.124145292221348,2.124145292221348
الطلبه,-2.123276783126361,2.123276783126361
يكن,2.1232210826571025,2.1232210826571025
ماكاش لي,-2.122208262199119,2.122208262199119
العيش,-2.1215411294736573,2.1215411294736573
نقطه بيع,-2.1212655707915773,2.1212655707915773
اش,2.1209289197850754,2.1209289197850754
الخير للبلاد,2.1205830933446217,2.1205830933446217
الحرقه,-2.1204653278917904,2.1204653278917904
جاد وهبي,-2.12013053924833,2.12013053924833
وهبي,-2.12013053924833,2.12013053924833
جاد,-2.12013053924833,2.12013053924833
راك,2.11993603609073,2.11993603609073
متسرب,2.1192305496500916,2.1192305496500916
مدرسي,2.1192305496500916,2.1192305496500916
متسرب مدرسي,2.1192305496500916,2.1192305496500916
ويعسو,-2.1182457076363748,2.1182457076363748
كيفيه,-2.1180010522784314,2.1180010522784314
تولد,-2.1169708333158814,2.1169708333158814
علامات قروب,2.116936759127935,2.116936759127935
سعيد,-2.1168677771293276,2.1168677771293276
مخابرات عبله,2.1153698571183126,2.1153698571183126
اله يهديكم,-2.1153020244776304,2.1153020244776304
قولها,2.1142970877811904,2.1142970877811904
حبيت نسقسيك,2.114126092227184,2.114126092227184
احشمي,2.113092430223276,2.113092430223276
الثدي,-2.11268296303402,2.11268296303402
السحب,-2.1121480307871794,2.1121480307871794
rebbi,-2.1119227525706536,2.1119227525706536
كبير,2.1108742460478775,2.1108742460478775
فضلك,-2.1107271924674436,2.1107271924674436
ديدين كلاش,2.1100214039311735,2.1100214039311735
ماتقدرش,-2.109840846034852,2.109840846034852
مدينه ماشي,2.109677975826642,2.109677975826642
زادكا,-2.1096380659461764,2.1096380659461764
تميز,-2.1078476388626206,2.1078476388626206
الشيء,2.107645442038666,2.107645442038666
تاكلو,2.1073478489491477,2.1073478489491477
اصلن,-2.1073412160026215,2.1073412160026215
سكيكده,-2.10698786402879,2.10698786402879
نضرب,2.106567987313391,2.106567987313391
منظمه,2.1060123239842397,2.1060123239842397
يهودي,2.105556795561255,2.105556795561255
جات,-2.105007232739922,2.105007232739922
نيك مو,2.1048918037890205,2.1048918037890205
وشحال,-2.1048799844346915,2.1048799844346915
الحر,-2.1048754225310833,2.1048754225310833
بدا,-2.104291881986723,2.104291881986723
وشي,-2.103831677543644,2.103831677543644
اعطني,-2.1034572516387993,2.1034572516387993
ياكلب,2.1010072124595314,2.1010072124595314
دزب,2.099760858949959,2.099760858949959
اعوذ,2.099655143500392,2.099655143500392
تحريض,2.0982661288016717,2.0982661288016717
القران,2.0980738126272502,2.0980738126272502
rabi,-2.0978191782739763,2.0978191782739763
hechon,2.0978055660028936,2.0978055660028936
شريتها,-2.097666342445192,2.097666342445192
في اعراض,2.097438462800318,2.097438462800318
الاجتماعي,-2.096985071193668,2.096985071193668
مداير,2.09670242245409,2.09670242245409
كروشهم,2.0960347725739368,2.0960347725739368
القصه,2.0958642547751,2.0958642547751
العسكر يسقط,2.095469483581562,2.095469483581562
طاحت,2.0949630847364413,2.0949630847364413
يخم,2.094684167613118,2.094684167613118
ماشاء,-2.0943291966058566,2.0943291966058566
الروم,2.093646892690308,2.093646892690308
عطاولك,2.0934896484962295,2.0934896484962295
ارمي,2.092984258074337,2.092984258074337
محروقه,2.0928331338995565,2.0928331338995565
يدعم,-2.092526088995463,2.092526088995463
زيدو,2.0918015908147902,2.0918015908147902
الكوشه,-2.0914344434297782,2.0914344434297782
الرب,2.091372128625379,2.091372128625379
يغرد,-2.089012116967889,2.089012116967889
الشتا,2.0889941080711685,2.0889941080711685
عسكريه,-2.088972801595064,2.088972801595064
عنوانكم,-2.0887033116499447,2.0887033116499447
خوه,-2.0886640805811405,2.0886640805811405
الحديث,-2.087922695479356,2.087922695479356
اعطوني,-2.087080548772489,2.087080548772489
ابعث,-2.086696476660987,2.086696476660987
تلفزيون,-2.086670419189717,2.086670419189717
الكحله,-2.084831561676175,2.084831561676175
اخونا,-2.0847327296460625,2.0847327296460625
الداخليه,-2.0836292213979264,2.0836292213979264
منطقه,-2.0834785779780653,2.0834785779780653
شعبي,-2.0830844563618354,2.0830844563618354
الخام,-2.0825670180546743,2.0825670180546743
مفيده,2.0824829255932964,2.0824829255932964
قبرو,2.0821422704012686,2.0821422704012686
اعلان,-2.0821161750605106,2.0821161750605106
كانو يعملون,2.081232272949959,2.081232272949959
الحمير لي,2.080141252683703,2.080141252683703
وبعدها,2.0796105805401166,2.0796105805401166
فلي,2.079493966712091,2.079493966712091
لي دار,-2.0773840379035287,2.0773840379035287
kbira 3lik,2.077295669936384,2.077295669936384
الله يرحم,-2.075718967377614,2.075718967377614
صالحين,2.074846443199319,2.074846443199319
ابتداءي,2.0740996253865345,2.0740996253865345
aalik,-2.074082415983738,2.074082415983738
ياربي,2.072929655941696,2.072929655941696
الاستخبارات,2.0729144847045893,2.0729144847045893
نجاح,-2.0720850226907577,2.0720850226907577
السيد مات,-2.0707299027569364,2.0707299027569364
ينطق,2.0707237354934955,2.0707237354934955
دخلنا,-2.070721184243066,2.070721184243066
الزيتون,2.0705249510905754,2.0705249510905754
زاد,-2.0705210392058735,2.0705210392058735
السرقه,2.0703000403931813,2.0703000403931813
اشهد,2.0698680326844974,2.0698680326844974
بوخرص,-2.0693592552215123,2.0693592552215123
باينه تكمل,-2.0684974531708002,2.0684974531708002
بصحتهم,-2.066521240994075,2.066521240994075
حلو,2.0663043133317465,2.0663043133317465
برلمان,-2.065659930763928,2.065659930763928
بلاد,2.0656409528801594,2.0656409528801594
القدم,2.0645141505068776,2.0645141505068776
inchallah,-2.06259721829814,2.06259721829814
وانت اقعد,2.06239857373321,2.06239857373321
خرجونا,2.06203896006194,2.06203896006194
حصلنا,-2.060696810752444,2.060696810752444
يقولو,2.0606459523242022,2.0606459523242022
انا,-2.0593235318253806,2.0593235318253806
amir dz,2.0588035175811785,2.0588035175811785
مرض,-2.0585364874194867,2.0585364874194867
الزلزله,2.058323387827219,2.058323387827219
وعلاش,-2.0569752187672314,2.0569752187672314
نسي,2.056785097108538,2.056785097108538
بنك,2.056757435346795,2.056757435346795
زنقه,-2.0564151682219425,2.0564151682219425
بالتقسيط,-2.0548482163325765,2.0548482163325765
ينضح,-2.0547469179760145,2.0547469179760145
الاناء,-2.0547469179760145,2.0547469179760145
شيئ,2.053802505309426,2.053802505309426
يعطيكم الصحه,-2.0535271629636207,2.0535271629636207
الملك,-2.0528993946659133,2.0528993946659133
by,2.052270260367281,2.052270260367281
وش تحب,-2.0519127783503612,2.0519127783503612
تخون,-2.051572184711906,2.051572184711906
من جماعه,2.0506759771801053,2.0506759771801053
اليك,-2.05055068116256,2.05055068116256
الله على,-2.0500462314851697,2.0500462314851697
15,-2.0496025172144385,2.0496025172144385
التخريب,2.0485167196930845,2.0485167196930845
جنه,-2.047885883735409,2.047885883735409
استاد,-2.0477013268492237,2.0477013268492237
لاي,-2.0476309679251674,2.0476309679251674
عباده,2.0474761550129625,2.0474761550129625
على حساب,2.0471907693387936,2.0471907693387936
معندي,-2.047115145958472,2.047115145958472
وطن,2.047111658430103,2.047111658430103
كتابه,2.0461935805571314,2.0461935805571314
المصنع,-2.0460978755477415,2.0460978755477415
تتكلم,2.045596034031722,2.045596034031722
حتي ربراب,2.044575205413938,2.044575205413938
بالكم,2.0441403246237537,2.0441403246237537
او,2.0437854486335856,2.0437854486335856
الاغلبيه,-2.0432077487556106,2.0432077487556106
زيت,-2.042902118108856,2.042902118108856
استفزاز,2.0427058306322463,2.0427058306322463
رياض,-2.0426696153973465,2.0426696153973465
لي عندك,2.042501784211283,2.042501784211283
لناس,-2.0424265158411528,2.0424265158411528
العمله,2.042390856482911,2.042390856482911
سعرها,-2.0423704362982487,2.0423704362982487
ياولد,2.0422882182463584,2.0422882182463584
طبعا,-2.0414374180207053,2.0414374180207053
ربراب فاسد,2.041266041461918,2.041266041461918
هاهو,-2.0411746349761293,2.0411746349761293
ثانيا,-2.040897771733735,2.040897771733735
فرونسي,2.0403735758345056,2.0403735758345056
هذا من,2.040055342857724,2.040055342857724
يتحاسبو قاع,-2.039656182727439,2.039656182727439
يا ناس,-2.0395194988883687,2.0395194988883687
حتى ولو,-2.0387869730476975,2.0387869730476975
استحمار,2.038449049490703,2.038449049490703
اشريت,-2.037589237376367,2.037589237376367
صافي,-2.0373107423649675,2.0373107423649675
lfitna,2.037121496352784,2.037121496352784
كثره,-2.036569929639088,2.036569929639088
البريك,-2.0362749104777342,2.0362749104777342
قاع رانا,-2.0357073551046265,2.0357073551046265
الفئه,2.0356311484084717,2.0356311484084717
اعداء الوطن,-2.0352797240857994,2.0352797240857994
كي نتا,2.0352786557672187,2.0352786557672187
اعتقال,-2.0350192321560523,2.0350192321560523
تحصل,2.035015114910244,2.035015114910244
طرف العصابه,2.034757962863891,2.034757962863891
تكلوها,-2.03415919568858,2.03415919568858
الزجاج,-2.034110315048103,2.034110315048103
يباركلك,2.0340276113648343,2.0340276113648343
يسلمك,-2.033921215243305,2.033921215243305
الكاذبه,2.033912706273545,2.033912706273545
هاد,2.0338146310166296,2.0338146310166296
رشيد نكاز,2.0333586883975383,2.0333586883975383
قالك ربراب,2.032962547852463,2.032962547852463
مينداك,2.032684512492417,2.032684512492417
ماليه,-2.0325172175802866,2.0325172175802866
وسكر,2.031475062143656,2.031475062143656
نسقسيكم,-2.0312666742532577,2.0312666742532577
يطغاو,-2.030847368129259,2.030847368129259
اصلا,2.0301772031919962,2.0301772031919962
القلوب,-2.02967049615854,2.02967049615854
الخاين طالح,2.02865735291924,2.02865735291924
شرطه,2.0280610889058015,2.0280610889058015
الضيقه,-2.0265582459512452,2.0265582459512452
بيت,2.02615497890506,2.02615497890506
على ان,2.026008841414222,2.026008841414222
يتكلمو,-2.025260320566423,2.025260320566423
بنات الفاميليا,2.0242896794043794,2.0242896794043794
تبارك,-2.0239810664928526,2.0239810664928526
ليس,2.0231380073864154,2.0231380073864154
رابحين,-2.0230363662817146,2.0230363662817146
فلن,2.022736385200284,2.022736385200284
ملفات الفساد,-2.021653079533684,2.021653079533684
فتح ملفات,-2.021653079533684,2.021653079533684
جامعه,-2.0216441167573027,2.0216441167573027
الاسد,-2.0215391049363736,2.0215391049363736
كلهم,2.019964622931712,2.019964622931712
يا زواف,2.0191329602103814,2.0191329602103814
الحراك الشعبي,-2.018981191951422,2.018981191951422
تحياتنا,-2.0181348296697763,2.0181348296697763
الوحيد لي,-2.0178155558028195,2.0178155558028195
المغاربه,-2.0167303456424253,2.0167303456424253
نصف,-2.0165980223018662,2.0165980223018662
alf,-2.016018344681883,2.016018344681883
فساد,2.0155789174723107,2.0155789174723107
الجزاءر الجديده,-2.014452724975157,2.014452724975157
روح امك,2.0142565322626003,2.0142565322626003
المهربين,-2.013935298305716,2.013935298305716
اقسم باله,2.0138848871382415,2.0138848871382415
دواء,2.0137031651787582,2.0137031651787582
كيلو سكر,2.0133110465917703,2.0133110465917703
تحيا المولوديه,2.0124890005364175,2.0124890005364175
سمعه,2.01236260452529,2.01236260452529
الله الله,-2.011223198503101,2.011223198503101
يستجيب,-2.011097554917274,2.011097554917274
واش دار,2.0106882008019884,2.0106882008019884
حمادي,-2.010492800507323,2.010492800507323
السلام,-2.0102581952688268,2.0102581952688268
كبش فداء,-2.0100504766717364,2.0100504766717364
قبره,-2.0099330468843175,2.0099330468843175
درك,-2.0098648820586837,2.0098648820586837
لاعب,2.0095970057129318,2.0095970057129318
بالمختصر المفيد,2.0066763152064757,2.0066763152064757
wela,2.0065856640251307,2.0065856640251307
نعرف,-2.0063288657990324,2.0063288657990324
كلمه,-2.0061901319980517,2.0061901319980517
فيال,-2.0059255156943094,2.0059255156943094
تبانلي,-2.005134635383754,2.005134635383754
تحبهم,-2.00445522184153,2.00445522184153
يخمم,2.003603014222938,2.003603014222938
يا القهوي,2.0035435424079266,2.0035435424079266
ابوني,2.0032632751324138,2.0032632751324138
ريحت,-2.003194462061658,2.003194462061658
مرتزق,2.0031046307256037,2.0031046307256037
ثروه,2.0027541552864734,2.0027541552864734
المستوى,2.002418972375971,2.002418972375971
خليها,2.0023545428208136,2.0023545428208136
راجع,-2.0021455247480247,2.0021455247480247
سعيد بوتسريقه,-2.0018158917630826,2.0018158917630826
ختي,-2.0009161057483182,2.0009161057483182
كلا,2.00088760980484,2.00088760980484
يعاون,2.0004542992169716,2.0004542992169716
اصلو,1.9999907735200175,1.9999907735200175
مدينه,-1.9986667178142457,1.9986667178142457
الوقت,-1.9983875163863174,1.9983875163863174
خافي ربي,1.998211159048651,1.998211159048651
يجيبهالكم,1.9977120430248485,1.9977120430248485
تهريب,-1.9976400060493424,1.9976400060493424
الفعلي,-1.9971186437456006,1.9971186437456006
لك يا,1.9964819783169994,1.9964819783169994
اخبار,-1.9964798106963377,1.9964798106963377
لحمار,1.9962907244952193,1.9962907244952193
الاحتلال,-1.9959291606379268,1.9959291606379268
البسبوسه,-1.9957911691490147,1.9957911691490147
يدل,1.9954702170275551,1.9954702170275551
مصيرهم,1.9953787912128353,1.9953787912128353
خير من,1.995015855907794,1.995015855907794
تحيا,-1.9940295609487955,1.9940295609487955
الزيت السكر,1.9939830747393674,1.9939830747393674
افتحو,-1.9934520554189554,1.9934520554189554
يارب,-1.9929541430718656,1.9929541430718656
مولوديا,1.9915915318199544,1.9915915318199544
نتاعها,-1.9915317339203378,1.9915317339203378
وهيا,-1.991524200177864,1.991524200177864
بطل,1.9914422792185171,1.9914422792185171
يسمي,-1.9911358484879873,1.9911358484879873
ولاد ربراب,1.990598908997821,1.990598908997821
نولو,-1.9903645074666576,1.9903645074666576
الحاله,-1.9894840453018987,1.9894840453018987
متوفره,-1.9894452083860086,1.9894452083860086
كا,1.989351330543081,1.989351330543081
ولد,1.9882666604377237,1.9882666604377237
الغرب,-1.9877750394708433,1.9877750394708433
ربراب يا,-1.9867089548158583,1.9867089548158583
مفروض,-1.9862589755345854,1.9862589755345854
هايل,-1.9839148506481916,1.9839148506481916
لكان,-1.9838695165059843,1.9838695165059843
الف مبرووك,-1.9837207000880368,1.9837207000880368
كاين عباد,-1.9834456730839818,1.9834456730839818
دول,-1.9831836369171927,1.9831836369171927
ذكي,-1.982989577193669,1.982989577193669
درت,-1.982815601027431,1.982815601027431
لبنان,1.982538826760917,1.982538826760917
افتخر,1.9815667313988132,1.9815667313988132
عم,-1.9815555941788525,1.9815555941788525
يلحقش لعنب,1.9814436699399094,1.9814436699399094
هذو لي,-1.9809081784021878,1.9809081784021878
لامريكا,1.98033928242415,1.98033928242415
يعينكم,-1.9802501391001437,1.9802501391001437
باموال الشعب,-1.9802060779237285,1.9802060779237285
وطنيه,-1.9795864900101046,1.9795864900101046
الذوباب,1.9791247344149787,1.9791247344149787
عشر,1.9776069090012025,1.9776069090012025
بروند,-1.9772824498357104,1.9772824498357104
na9ch,1.9770537703329747,1.9770537703329747
بنين,-1.9766968666619795,1.9766968666619795
lah,-1.9765417212514216,1.9765417212514216
خرجنا,1.9756406829954698,1.9756406829954698
امانه,-1.9756148739511254,1.9756148739511254
الحمد,-1.975247351387023,1.975247351387023
خيار,-1.9749066711976928,1.9749066711976928
اولاد لحرام,1.9741750583570465,1.9741750583570465
شروط,1.9728596359608688,1.9728596359608688
انقش,1.9727961983670361,1.9727961983670361
شعر,1.9714639009571497,1.9714639009571497
القبايل كي,-1.9708190108888772,1.9708190108888772
12,-1.9701122169723597,1.9701122169723597
ماهمش,1.9689016616297477,1.9689016616297477
بالمختصر,1.968822718651477,1.968822718651477
شكام,1.9685928422012953,1.9685928422012953
نحترم,1.9684965349322991,1.9684965349322991
حادثه,-1.9684258257634335,1.9684258257634335
معشر,1.9682948253173744,1.9682948253173744
قستها,-1.967923654560088,1.967923654560088
انشالله,-1.9662312458437718,1.9662312458437718
يلزم,-1.966168738877666,1.966168738877666
قالك,1.965906830518474,1.965906830518474
الحاكمه,1.965797356994872,1.965797356994872
ويشافي,-1.9655941099485952,1.9655941099485952
تبقي,1.9651657818722705,1.9651657818722705
خاير,1.963069584945482,1.963069584945482
شكون الي,-1.9630108088349398,1.9630108088349398
يطلع,1.9613557305244473,1.9613557305244473
زوجته,1.9612154285447085,1.9612154285447085
ينحي,1.960780126004048,1.960780126004048
شلحي,1.9604801474527551,1.9604801474527551
جميله,-1.9604020377307578,1.9604020377307578
جحش,1.9597465812624093,1.9597465812624093
لي يهدر,1.9596863752877862,1.9596863752877862
غالي,-1.9594314407893643,1.9594314407893643
لاحول ولا,1.9591504082568605,1.9591504082568605
الجيش راهم,1.9589029117344081,1.9589029117344081
ماتخافش,1.9588985278480486,1.9588985278480486
يم,-1.9588884704239846,1.9588884704239846
hata,1.9584594740713788,1.9584594740713788
راكي,1.9573564605071656,1.9573564605071656
نييك,1.9568389258416048,1.9568389258416048
البلطجيه,1.9565456357692206,1.9565456357692206
التراث,-1.956167770342444,1.956167770342444
بناء,-1.9561344612497116,1.9561344612497116
يشفي,-1.9553170128716906,1.9553170128716906
الاخت,-1.9551701395010996,1.9551701395010996
انت كي,1.9545491118260077,1.9545491118260077
سليمه,1.9533253621910889,1.9533253621910889
مريضه,1.953205483748821,1.953205483748821
الجامع,-1.9531782961380055,1.9531782961380055
كتبت,-1.9530039575418214,1.9530039575418214
بدون تخريب,-1.9514315817558352,1.9514315817558352
عندهم,-1.9509991391928432,1.9509991391928432
سرقوا,-1.9505476401848685,1.9505476401848685
الشرعيه الشعب,1.9493727799673455,1.9493727799673455
الانتفاضه,-1.9490808247721598,1.9490808247721598
خانه,1.9482567350741669,1.9482567350741669
ياكلو,1.9480477282656614,1.9480477282656614
العبه,-1.9476599818477982,1.9476599818477982
مصطفي,-1.947499865744044,1.947499865744044
حطيت,-1.9459822727129397,1.9459822727129397
السعوديه,1.94513153742107,1.94513153742107
لدار,1.9450007787039267,1.9450007787039267
نتا تاع,1.9446644270645725,1.9446644270645725
عزيز,-1.9440815317480675,1.9440815317480675
حاجه فيهم,-1.943899450825345,1.943899450825345
مهنه,-1.9436225535559455,1.9436225535559455
ورمضان,1.9435355709870672,1.9435355709870672
هوا,1.9426059574618995,1.9426059574618995
زيدلها,-1.9421127191581495,1.9421127191581495
بحجه دعم,-1.9419476553548616,1.9419476553548616
اله عز,-1.94160362597983,1.94160362597983
بقاو,-1.9402970341542767,1.9402970341542767
حد,1.9398044519069875,1.9398044519069875
مالك,1.9397896332337103,1.9397896332337103
واش راكم,-1.9392678393143066,1.9392678393143066
علابالك,-1.9379420094138757,1.9379420094138757
كون درت,-1.9366188551835168,1.9366188551835168
درت تاع,-1.9366188551835168,1.9366188551835168
شياطين,-1.9363738928053666,1.9363738928053666
كامل في,-1.93637136665009,1.93637136665009
رواحهم,1.9360156558564205,1.9360156558564205
الى الامام,-1.9359299274048365,1.9359299274048365
سبحانو,-1.9358674084628278,1.9358674084628278
العظيم,-1.9354323561377849,1.9354323561377849
سقسي,-1.9352660841614446,1.9352660841614446
بلادك,1.9351230560314865,1.9351230560314865
لبس,-1.9350129596133407,1.9350129596133407
مقلتش,1.9338358797695905,1.9338358797695905
ضحك,-1.9335743375760754,1.9335743375760754
موجه,-1.9333614543282374,1.9333614543282374
دراهم لي,1.9332783034942682,1.9332783034942682
قالمه,-1.9323728338958472,1.9323728338958472
ياكل,1.9319044868917625,1.9319044868917625
نيفو,1.931695068489615,1.931695068489615
الجنرال توفيق,1.931337830339889,1.931337830339889
الصالح,1.929416330239966,1.929416330239966
اختي,-1.9293820331446274,1.9293820331446274
الخموس,-1.9292617815561783,1.9292617815561783
بالفرونسي,1.9283280428902463,1.9283280428902463
راك مليح,1.9278702889224748,1.9278702889224748
alik,1.9276081887019934,1.9276081887019934
التصميم,-1.9274593851706479,1.9274593851706479
وتبا,1.926030052942551,1.926030052942551
وطني,-1.9256974964803701,1.9256974964803701
يشافي,-1.9256564831112695,1.9256564831112695
دي,1.9247463086464893,1.9247463086464893
معا القباءل,-1.9245440747317486,1.9245440747317486
جد متعاطف,-1.9245440747317486,1.9245440747317486
الوسواس,1.9244388068184783,1.9244388068184783
جزاءر جديده,1.924433797756128,1.924433797756128
طز,1.9243879199244998,1.9243879199244998
توضيح,-1.923597929007936,1.923597929007936
الاحرار اينما,-1.9231465325362203,1.9231465325362203
يحكو,1.9230864951335478,1.9230864951335478
رنا,-1.922631314575417,1.922631314575417
با,1.922210421414779,1.922210421414779
وصفه,-1.922091480203124,1.922091480203124
التحقيق,-1.9213209632049857,1.9213209632049857
الحراك,-1.9206618076955289,1.9206618076955289
محل,-1.9203072254353397,1.9203072254353397
بان,1.9202760269466466,1.9202760269466466
البندقيه,1.9200100576751804,1.9200100576751804
في السجن,-1.9188195658225546,1.9188195658225546
سكان,-1.9187521785481616,1.9187521785481616
ياطحان,1.9177807647446647,1.9177807647446647
يعطيه,1.9177033790169167,1.9177033790169167
الرسميه,-1.9176526450342983,1.9176526450342983
وانت,1.916814076478325,1.916814076478325
ينصرو,1.9167298593448276,1.9167298593448276
خلا,1.9159530041839758,1.9159530041839758
امكن,-1.915775839038859,1.915775839038859
العلم,-1.9157447369733558,1.9157447369733558
العموميه,1.9155419859039546,1.9155419859039546
عليك خونا,1.9146421012102106,1.9146421012102106
خم,-1.9144712473758636,1.9144712473758636
يربح,-1.9139034421677716,1.9139034421677716
لمزيد,-1.913067850507344,1.913067850507344
متوسط,1.9128553892870037,1.9128553892870037
الرابعه متوسط,1.9128553892870037,1.9128553892870037
العدل,-1.9124273034861994,1.9124273034861994
شا,-1.9118574128392316,1.9118574128392316
ياولاد,1.9117214074469138,1.9117214074469138
يموتو,-1.9116390986005163,1.9116390986005163
لفرونسي,1.9116274632664843,1.9116274632664843
وفقك,-1.9115854763403841,1.9115854763403841
الكعب تع,1.9112186303320329,1.9112186303320329
الشيات,1.9101331338098384,1.9101331338098384
كذب,1.91008730398108,1.91008730398108
اسامه,1.9098646842473834,1.9098646842473834
الله يذلك,1.9094023276031318,1.9094023276031318
امبعد اهدر,-1.909315101867563,1.909315101867563
اشحال,-1.9081956403445102,1.9081956403445102
بيك,1.9065924361349997,1.9065924361349997
وجماعه,1.9062229843948266,1.9062229843948266
وجماعه تحيا,1.9062229843948266,1.9062229843948266
الضمان,-1.9045401475389554,1.9045401475389554
في راسك,1.9044747480118573,1.9044747480118573
الصوره,-1.9032530074914231,1.9032530074914231
كليب,1.9031230178005136,1.9031230178005136
غلطت كي,-1.902851101860771,1.902851101860771
تلبس,1.9025818692524161,1.9025818692524161
زواف,1.901712648639264,1.901712648639264
الرخص,1.901324740486624,1.901324740486624
الثالثه,1.9008469177214675,1.9008469177214675
الصبر,-1.8998310516996317,1.8998310516996317
الصيف,-1.8990513173859467,1.8990513173859467
خويا امير,-1.8984190921321018,1.8984190921321018
سوء,-1.8974645552878473,1.8974645552878473
النجاح,-1.8967313777982857,1.8967313777982857
رزقه,-1.8963878686521272,1.8963878686521272
عاده,-1.896000089787042,1.896000089787042
فوبيا,-1.8956919731103121,1.8956919731103121
اسطوري,-1.8956359256508148,1.8956359256508148
شعب معاك,-1.8939567097108054,1.8939567097108054
بالباركه,-1.8939539915717967,1.8939539915717967
بيضاء,-1.893825767885041,1.893825767885041
مربوط,-1.8936439856875846,1.8936439856875846
تبون مزور,1.8929114729242063,1.8929114729242063
فيهش,1.892660932462862,1.892660932462862
صلاح,-1.8926092146462252,1.8926092146462252
يالعصابه,1.8922637574941146,1.8922637574941146
فرشه,1.8917651732060816,1.8917651732060816
عهد,-1.8911593256134847,1.8911593256134847
الاغواط,-1.890785895340201,1.890785895340201
فتحت,-1.8907466316959092,1.8907466316959092
السردين,-1.8907078753494693,1.8907078753494693
حشون,1.8903790623649475,1.8903790623649475
الزمان,1.8902043515732767,1.8902043515732767
ملك,1.8896761223489607,1.8896761223489607
عيني,-1.8892053559254995,1.8892053559254995
بدماء الشهداء,-1.8891335242846712,1.8891335242846712
ساكنه,-1.8891084998154115,1.8891084998154115
مخبرات,1.888991734739447,1.888991734739447
والان,1.8888521553751718,1.8888521553751718
عقده,1.888691370354574,1.888691370354574
كلش,-1.8885118305183435,1.8885118305183435
خاطيني,-1.8876717778911034,1.8876717778911034
واش قودك,1.887526371704604,1.887526371704604
فيلم,-1.887475615883621,1.887475615883621
بقا,-1.8871881761662137,1.8871881761662137
اسعد,-1.8870301551387336,1.8870301551387336
عرف كيف,1.8867174880948918,1.8867174880948918
كرهت,-1.8867081795438647,1.8867081795438647
الخامج,1.886541674404781,1.886541674404781
يجي,1.8855871968958537,1.8855871968958537
الماركه,1.885041820815029,1.885041820815029
الطيب,-1.8840395827968375,1.8840395827968375
سورتو,1.8839948227405932,1.8839948227405932
يا كلب,1.8838115940877285,1.8838115940877285
اويحيا,-1.8828709411977125,1.8828709411977125
شء,-1.8822546686405497,1.8822546686405497
whd,1.8822076422394625,1.8822076422394625
ان الله,-1.8821781267898305,1.8821781267898305
قصر,-1.8820374761912129,1.8820374761912129
لابد,1.8802610152591066,1.8802610152591066
لكل,-1.8796640684540742,1.8796640684540742
لمولوديه,1.8791043556832232,1.8791043556832232
تحي,-1.8786959986148117,1.8786959986148117
وامير,-1.878532256861744,1.878532256861744
زوج دورو,1.877647428021001,1.877647428021001
اختفي,1.8768468447892606,1.8768468447892606
يركب,1.8749655380463535,1.8749655380463535
لاحول باله,1.874720529419168,1.874720529419168
لخرا,1.874571765234374,1.874571765234374
بلدان,-1.874553010375693,1.874553010375693
القافله,-1.8741060189394794,1.8741060189394794
بكري,-1.8730527855327106,1.8730527855327106
بدايه,-1.872880607496385,1.872880607496385
جزائريه,-1.8727199271640056,1.8727199271640056
لعلام,-1.8724466031897045,1.8724466031897045
يتفرجو,-1.8724149538965642,1.8724149538965642
العين,-1.871925845864031,1.871925845864031
رجلو,-1.8714342147560266,1.8714342147560266
حامض,-1.8713831842096242,1.8713831842096242
لانه,1.8703860707672466,1.8703860707672466
اله يهديك,-1.8703740089077288,1.8703740089077288
البالون,1.8703073784109971,1.8703073784109971
تكونوا,1.8696725837227777,1.8696725837227777
اله تربحك,1.8688345538638735,1.8688345538638735
دير,-1.8688114833440035,1.8688114833440035
مارس,-1.8684369637008162,1.8684369637008162
اتمنى,-1.8677436267546532,1.8677436267546532
باباك يا,1.8676460093580631,1.8676460093580631
التربيه,-1.867246672084677,1.867246672084677
كون,1.867164316677528,1.867164316677528
تجيب تفاعل,-1.8671158524004516,1.8671158524004516
نتا وين,-1.8668289972503278,1.8668289972503278
الضربه,-1.8665615055349987,1.8665615055349987
والاحرار,-1.8665022498171302,1.8665022498171302
شكاره,1.8664955177801095,1.8664955177801095
الله عز,-1.8660180381355895,1.8660180381355895
وحدك,1.865000604730691,1.865000604730691
كيف كيف,1.8645851347408045,1.8645851347408045
انها,-1.8642847253477741,1.8642847253477741
الواقع,-1.8638869691134325,1.8638869691134325
وسي,1.8627208530730046,1.8627208530730046
امراه,-1.862263999468948,1.862263999468948
افضل,-1.8621002170288645,1.8621002170288645
بحجم,1.8618878741481772,1.8618878741481772
يروج,-1.8607704910486067,1.8607704910486067
نحتشون,1.8599252466987706,1.8599252466987706
نخرج,-1.859787628830609,1.859787628830609
مولوديه ويدك,1.85932304721177,1.85932304721177
تبعي,1.8582582222420658,1.8582582222420658
قجال,-1.8581395724663954,1.8581395724663954
عنها,-1.8579317197550118,1.8579317197550118
يولد,-1.8577207557140525,1.8577207557140525
وحدها,-1.857688865246791,1.857688865246791
الانتخابات,-1.8576809566919346,1.8576809566919346
واقيلا,-1.8562712684952838,1.8562712684952838
سامه,1.8560185630317814,1.8560185630317814
مرات,1.8559732203000434,1.8559732203000434
النور,-1.8544556469013962,1.8544556469013962
جديده,-1.8540055701124194,1.8540055701124194
الشلف,-1.8537363474977384,1.8537363474977384
كي,1.8536972846334607,1.8536972846334607
من جيبك,1.8533382364014626,1.8533382364014626
زرع,1.8528654684928185,1.8528654684928185
قاوي,1.8526068007298255,1.8526068007298255
لك,1.8524730461038361,1.8524730461038361
لغتك,1.8517825051676655,1.8517825051676655
ستغفر,-1.851546114495405,1.851546114495405
لانك,1.8509427386586432,1.8509427386586432
يقولوا,1.8507696362543848,1.8507696362543848
علاش راك,-1.8505043421197303,1.8505043421197303
الحكومه,1.8503127495328549,1.8503127495328549
خلص,1.8503030860910075,1.8503030860910075
اهبط,1.8494576306119244,1.8494576306119244
يا شكب,1.849293659122613,1.849293659122613
حقهم,-1.8484781209144305,1.8484781209144305
قومي,1.8484492704274444,1.8484492704274444
قال تعالى,-1.8478549665136357,1.8478549665136357
ليزوم,-1.8477959255036775,1.8477959255036775
رياضيات,1.8476148447375536,1.8476148447375536
فهمت,-1.8473435517919958,1.8473435517919958
اولا,-1.847002814930947,1.847002814930947
المنتوج,-1.8469891748290506,1.8469891748290506
فعلها,-1.846813850118077,1.846813850118077
يرحم يماك,1.8465587823306615,1.8465587823306615
شاويه,-1.8465171891905654,1.8465171891905654
يحب,1.846225797147847,1.846225797147847
تدمير,-1.8459553296530204,1.8459553296530204
الصلاه,1.845808528005226,1.845808528005226
اعراض الناس,1.8455745020908598,1.8455745020908598
تبقى,1.8448034164655696,1.8448034164655696
ترتاح,1.8435529459225946,1.8435529459225946
يتفرج,1.8430156891365408,1.8430156891365408
وبن,1.8420548374160952,1.8420548374160952
الانتباه,-1.8413129409223725,1.8413129409223725
مالي,-1.8401934492981504,1.8401934492981504
الحمله الانتخابيه,-1.840156322216266,1.840156322216266
متوفر,-1.8395424669187956,1.8395424669187956
من الشعب,-1.8394792975675904,1.8394792975675904
الزوجه,-1.8384525133152376,1.8384525133152376
نقدرو,1.8382712090414333,1.8382712090414333
نخدم,-1.8380144726645724,1.8380144726645724
من فضلكم,-1.8368501754419886,1.8368501754419886
عمري,1.8366465006513175,1.8366465006513175
تزيد,1.8362306259363508,1.8362306259363508
الهزات,-1.835891225390805,1.835891225390805
وقالهم,1.8348643687906905,1.8348643687906905
اصلك,1.834474590799245,1.834474590799245
وحدي,-1.8342406731104717,1.8342406731104717
يشبه,1.8342327742076199,1.8342327742076199
يدلك,1.8333513758495517,1.8333513758495517
ابعثولنا,-1.8329015782971778,1.8329015782971778
نتا باين,1.832213166790669,1.832213166790669
نسيت القايد,-1.831883565769643,1.831883565769643
مصطفى,-1.8317043417262777,1.8317043417262777
شئ,-1.8316779404832557,1.8316779404832557
احكم,1.829295123746597,1.829295123746597
شبكه,1.8290798166097018,1.8290798166097018
كلشي,1.8286342843027936,1.8286342843027936
الخراي,1.8284653116019227,1.8284653116019227
تمثل,1.8283652966326098,1.8283652966326098
وانتوما,1.8278392093183446,1.8278392093183446
تصفيه حسابات,1.8278234840885261,1.8278234840885261
ولاكن,-1.8271667076518605,1.8271667076518605
مراه,1.824690306356302,1.824690306356302
مقمل,1.8238171943734252,1.8238171943734252
مبروك لعقوبه,-1.8237208669160225,1.8237208669160225
قبل,1.8229986143289876,1.8229986143289876
يهدر,1.8228896593133423,1.8228896593133423
بوتاف,1.822651672117145,1.822651672117145
جداره,-1.822065196537395,1.822065196537395
المستضعفين,-1.8213599760751213,1.8213599760751213
تعترف,1.8211644426051559,1.8211644426051559
ارهابي,1.8208147868525908,1.8208147868525908
محتاج,1.8204561897415388,1.8204561897415388
تع شكوبي,1.8204070034366933,1.8204070034366933
قع,1.8199129760136445,1.8199129760136445
بالون,1.8198917872813765,1.8198917872813765
تسيح,1.8196798040567184,1.8196798040567184
وحدكم,1.8186560233517783,1.8186560233517783
الهدره,-1.8182544297529535,1.8182544297529535
لوخرين,1.8175497323299288,1.8175497323299288
منتوج,-1.8175221028308655,1.8175221028308655
الاخري,1.8172650412010023,1.8172650412010023
العفن,1.8161597195634398,1.8161597195634398
chab,1.8158343741607368,1.8158343741607368
تطيحي,1.8157480496861431,1.8157480496861431
صبع,1.8151909004127296,1.8151909004127296
توكل,-1.8151609256997912,1.8151609256997912
عليك نتا,1.8143774601321399,1.8143774601321399
تاريخ,1.8141049952297381,1.8141049952297381
فن,-1.8139263303031086,1.8139263303031086
تقريبا,-1.813902030010184,1.813902030010184
كونيناف ربراب,-1.8135708206784231,1.8135708206784231
راني معاك,1.8125552355766408,1.8125552355766408
الرسمي,-1.8125398677733586,1.8125398677733586
غاضو,-1.8094819052856639,1.8094819052856639
هل من,-1.8092676400943883,1.8092676400943883
اتقوا,-1.8084656577819003,1.8084656577819003
انا لا,1.8082049695092304,1.8082049695092304
يمكني,-1.8081977099232922,1.8081977099232922
شهريه,1.8069416566491976,1.8069416566491976
الخبز,-1.8069271502227378,1.8069271502227378
بلا مزيه,-1.8057733780773193,1.8057733780773193
يا سيدي,1.805600249581142,1.805600249581142
الي راهم,1.8055670217467026,1.8055670217467026
يرحلو قاع,1.805161703031682,1.805161703031682
يرحلو,1.805161703031682,1.805161703031682
يا لطيف,-1.805090850610649,1.805090850610649
اه يا,1.8049704452646165,1.8049704452646165
خي,1.8046993666236006,1.8046993666236006
اصبح,1.8044326556345534,1.8044326556345534
هاي,-1.8043596151619896,1.8043596151619896
انتم,1.8042330520146614,1.8042330520146614
دوله مدنيه,-1.8037189083200518,1.8037189083200518
ويطول,1.8032922796806807,1.8032922796806807
تحير,-1.8028926398870766,1.8028926398870766
يحل,1.802517537205527,1.802517537205527
الاخرى,1.8022232094468682,1.8022232094468682
ou,1.8016292879458695,1.8016292879458695
لطفك يارب,1.8013471188575425,1.8013471188575425
يوجد,-1.8005806608843735,1.8005806608843735
مثلهم,1.8004248995940322,1.8004248995940322
ترمه,-1.7997734644436942,1.7997734644436942
الجديد,-1.799438256009852,1.799438256009852
ديما عقابهم,1.799126114714762,1.799126114714762
تريد,-1.7990933802355542,1.7990933802355542
علاقته,1.7981680585999127,1.7981680585999127
تقدرو,-1.798150605747019,1.798150605747019
منه,-1.798094481647153,1.798094481647153
واويحي,-1.7979982491997,1.7979982491997
منين,-1.7979073423240017,1.7979073423240017
الحلوف,1.797077512829217,1.797077512829217
لعشيه,-1.7966646145237641,1.7966646145237641
tahdar,1.7966025696067682,1.7966025696067682
لتوفيق,1.7963427307751492,1.7963427307751492
كاس جي,-1.795747869953688,1.795747869953688
يحيا,-1.794839707510263,1.794839707510263
الاخر,-1.794212672757807,1.794212672757807
تعيي,1.791492006155801,1.791492006155801
الله والله,1.7914568402924327,1.7914568402924327
طليبه,1.7912879920008102,1.7912879920008102
له,-1.79127605668022,1.79127605668022
الفيلم,-1.7912451167082024,1.7912451167082024
وجده,1.7908900939916792,1.7908900939916792
السب والشتم,-1.7907886264612127,1.7907886264612127
الساحات,1.7906481141938422,1.7906481141938422
الساحات العموميه,1.7906481141938422,1.7906481141938422
البوليس,-1.78843127642704,1.78843127642704
الاشكال,1.7878803601906266,1.7878803601906266
عدل,1.7871090032045145,1.7871090032045145
ومبعد,1.7867206111733864,1.7867206111733864
كي جات,1.7866834513110585,1.7866834513110585
ردكم,-1.7863160927175776,1.7863160927175776
حثاله,1.7855355395681023,1.7855355395681023
نفسك,-1.7850704904797727,1.7850704904797727
وكامل,-1.7845077531664923,1.7845077531664923
علاجال,1.7844133551586694,1.7844133551586694
السعر,-1.784274294463008,1.784274294463008
للحراك,-1.7832328031196998,1.7832328031196998
ديرلهم,-1.78271419969116,1.78271419969116
فر,-1.7818252014129967,1.7818252014129967
تفتخر,1.7806847762851943,1.7806847762851943
يشوفوا,1.7795106232291775,1.7795106232291775
وافتخر,-1.778314457831654,1.778314457831654
المال,-1.77798198865416,1.77798198865416
عدم,-1.7778917675735826,1.7778917675735826
يسقط النضام,-1.776994815229992,1.776994815229992
ابن,-1.7767350486166065,1.7767350486166065
قلو,1.776619305850918,1.776619305850918
اين انت,-1.7763789231744314,1.7763789231744314
كبيره عليك,1.7761264340716598,1.7761264340716598
ناس تيزي,1.7760187234239704,1.7760187234239704
اله الاحرار,-1.775667255297157,1.775667255297157
تفعل,-1.7754343148604528,1.7754343148604528
كملوها,-1.7750347569181366,1.7750347569181366
بالف,-1.7749498219879178,1.7749498219879178
يخمو,-1.774927937857143,1.774927937857143
شوف,1.7748940649190195,1.7748940649190195
البترول,1.774888821518162,1.774888821518162
مجاهدين,1.7747598835725293,1.7747598835725293
تحوس,1.7742659469794642,1.7742659469794642
ناطحه,-1.7741748635785064,1.7741748635785064
حدث,-1.7741737249077012,1.7741737249077012
جام,-1.7736849111663595,1.7736849111663595
الشارع,-1.7725569145608837,1.7725569145608837
حداد,1.772295371927864,1.772295371927864
الشعار,1.7720634389351102,1.7720634389351102
تركد,1.7720066829463508,1.7720066829463508
تركد خويا,1.7720066829463508,1.7720066829463508
ولقبايل,-1.7718300281493662,1.7718300281493662
خرجت,-1.7717277108241247,1.7717277108241247
كل خطره,1.7714962060980954,1.7714962060980954
النساء,1.7714406190046126,1.7714406190046126
تاع زبي,1.7710968394698634,1.7710968394698634
المدعو,1.7706422220784386,1.7706422220784386
ولا واش,-1.7697519939339659,1.7697519939339659
bik,1.76967223878058,1.76967223878058
الوفاق,-1.7688832581890532,1.7688832581890532
تغيير,1.7678984536131304,1.7678984536131304
بابلو,-1.7678863880387894,1.7678863880387894
توك,1.7676618370706814,1.7676618370706814
يديها,1.7672853434017304,1.7672853434017304
برافو,-1.7671265176933346,1.7671265176933346
الجياحه,1.767107106914643,1.767107106914643
ننتظر,-1.7666683850653966,1.7666683850653966
التوبه,1.766258072493485,1.766258072493485
اليه,-1.7661175565950802,1.7661175565950802
كي انت,1.7649447530934679,1.7649447530934679
لمال,-1.7636438132097472,1.7636438132097472
تعالي,-1.7633499070297871,1.7633499070297871
جديد,-1.7633429820364666,1.7633429820364666
سيدنا محمد,-1.7622581921115323,1.7622581921115323
يشرب,-1.761997944793691,1.761997944793691
يستطيع,1.761981720514827,1.761981720514827
الحزن,-1.7615737388055401,1.7615737388055401
وهدر,1.7615001061390818,1.7615001061390818
الجميل,1.7614277780595797,1.7614277780595797
السراق,1.7613386187344344,1.7613386187344344
وجماعته,1.7609609636120613,1.7609609636120613
قولو امين,-1.7600842536045103,1.7600842536045103
اهلا,-1.7597890847774698,1.7597890847774698
عمك,-1.7586459689175908,1.7586459689175908
اعلام,1.7584820119110987,1.7584820119110987
ابيك,1.7574216438300019,1.7574216438300019
خويا لعزيز,-1.7572819034219862,1.7572819034219862
وانتي,1.7571458086994214,1.7571458086994214
عالميه,1.7571271905377104,1.7571271905377104
ومزال,-1.7569868985729808,1.7569868985729808
وخوها,1.754546281031209,1.754546281031209
ظد,1.7545113445070124,1.7545113445070124
الله,-1.7541890765163353,1.7541890765163353
هاذ الفيديو,-1.7541112793947506,1.7541112793947506
القبائل,1.7534933757054036,1.7534933757054036
اميين,-1.7515909208509097,1.7515909208509097
كثرو,1.7511608504684064,1.7511608504684064
ااه,1.7511151708858903,1.7511151708858903
اموال,-1.7510044418135906,1.7510044418135906
الله عليهم,1.7505726724023396,1.7505726724023396
نتا كنت,1.7504746789433465,1.7504746789433465
يلحق,-1.7499177952663874,1.7499177952663874
تكبر,-1.7496601620841663,1.7496601620841663
ترجع,-1.749317034468644,1.749317034468644
يسلك,-1.748956749323879,1.748956749323879
يستحق,1.748954263039348,1.748954263039348
البلاد ربي,-1.7488750335971357,1.7488750335971357
شفت,-1.7488705218804013,1.7488705218804013
زينه,1.7485469570000507,1.7485469570000507
الله يذلكم,1.7484471794134702,1.7484471794134702
لانها,-1.7482929621537737,1.7482929621537737
مجراه,-1.7475435780810817,1.7475435780810817
ياخذ مجراه,-1.7475435780810817,1.7475435780810817
طحاحنه,1.7469816562698945,1.7469816562698945
يطيحو,1.746432685760375,1.746432685760375
ولم,1.7458414950339733,1.7458414950339733
الشعب لي,-1.745462535426216,1.745462535426216
معلومات,-1.745218905914986,1.745218905914986
كم,-1.7432527924352832,1.7432527924352832
يرجي,-1.7427942211039857,1.7427942211039857
باختصار,1.74223438346672,1.74223438346672
انتظر,-1.7421862405679884,1.7421862405679884
معطوبين,-1.7419153615987732,1.7419153615987732
معطوبين الجيش,-1.7419153615987732,1.7419153615987732
رايس,-1.7419052269873578,1.7419052269873578
تع,1.7416475316168503,1.7416475316168503
الذهب,-1.7414541396949268,1.7414541396949268
نشري,-1.741024326336559,1.741024326336559
الثلاجه,-1.740570584010064,1.740570584010064
انشاء,-1.7401002533776422,1.7401002533776422
اوموا,1.739703419039635,1.739703419039635
الدير,-1.7393817858975522,1.7393817858975522
الام,-1.7393231795336295,1.7393231795336295
ابدا,1.7390168607906964,1.7390168607906964
الخراب,1.7389524206621625,1.7389524206621625
مقلي,-1.738454433151594,1.738454433151594
عاءله,1.7381072299398932,1.7381072299398932
نك,1.737486627944704,1.737486627944704
سجن الحراش,1.7373367313530552,1.7373367313530552
الامنيه,-1.7372625355829558,1.7372625355829558
دروك,1.7369248370769754,1.7369248370769754
تناك,1.736808295881416,1.736808295881416
تقدر تشري,1.7362767513038861,1.7362767513038861
انت تقدر,1.7362767513038861,1.7362767513038861
الشعبيه,-1.736251872943193,1.736251872943193
rouh,1.7362081863537895,1.7362081863537895
تسما نتا,-1.7352283053064859,1.7352283053064859
ارخس,1.7349933698922402,1.7349933698922402
رجع,1.7347462364130188,1.7347462364130188
الولد,-1.7344557899730955,1.7344557899730955
بيناتهم,-1.7331203915977227,1.7331203915977227
العافيه,1.7330772545113613,1.7330772545113613
الرحله,-1.7330062510072284,1.7330062510072284
دماء,1.7326609740609324,1.7326609740609324
لربراب,1.7324861837113128,1.7324861837113128
احوالكم,-1.7303092848345523,1.7303092848345523
صدقت,-1.7302841201369898,1.7302841201369898
النظام العسكري,1.7300958245146392,1.7300958245146392
مراكش,1.7294429111243799,1.7294429111243799
معطوب راجل,1.7293911163702325,1.7293911163702325
روحو,1.7291414406636958,1.7291414406636958
رجال الاعمال,1.728696449800332,1.728696449800332
السعيد,1.7283649346716,1.7283649346716
ربي يهديكم,1.7282485905460687,1.7282485905460687
علا هذي,1.7280031789028416,1.7280031789028416
انت كبير,-1.7277500179129561,1.7277500179129561
بجايه,-1.7266714932758704,1.7266714932758704
وينصر,-1.7265322688025329,1.7265322688025329
بولحيه,1.726279318923102,1.726279318923102
اطفال,-1.7262678274784413,1.7262678274784413
نضام,1.7258496870310338,1.7258496870310338
مقدرتش,1.725616280680867,1.725616280680867
جدك,-1.725492990447328,1.725492990447328
ميزاجوغ,-1.7249842771767492,1.7249842771767492
حفضك,-1.7249493973557617,1.7249493973557617
تشعل,1.7248842576788013,1.7248842576788013
هدا الكلام,-1.7247591673666192,1.7247591673666192
يوفقك,-1.7245192573835337,1.7245192573835337
تهدر برك,1.7240761722455724,1.7240761722455724
الكدب,1.723394267214012,1.723394267214012
فيما,1.7232918192906117,1.7232918192906117
ناكو,1.7232049311039745,1.7232049311039745
اغنيه,-1.7230561331211232,1.7230561331211232
يستاهلو,1.7227880325842868,1.7227880325842868
بصحتكم,-1.7226949789660433,1.7226949789660433
الجامعات,-1.722527199265003,1.722527199265003
لي عندو,-1.721571313571846,1.721571313571846
الجهاد,1.7207408129089334,1.7207408129089334
الرزاق,-1.7203993169903953,1.7203993169903953
دنيا اخره,1.7198582268728602,1.7198582268728602
صحاب,-1.7196704152500164,1.7196704152500164
بيناتنا,-1.7193715055312393,1.7193715055312393
الحمدالله,-1.718883542049307,1.718883542049307
نحاو,1.7186413619739818,1.7186413619739818
الشعب ربراب,-1.7183873164277057,1.7183873164277057
كاين قبايل,1.7179711021464419,1.7179711021464419
راس,1.7178597771081372,1.7178597771081372
جليل,-1.7172223208173274,1.7172223208173274
احفظ,-1.7156030943464458,1.7156030943464458
تحيا الجيش,-1.715189335153946,1.715189335153946
كتاب,-1.7148938513197953,1.7148938513197953
نساء,1.7148936982074596,1.7148936982074596
وانا,-1.7138777302854398,1.7138777302854398
يعدكم,-1.7133875994308316,1.7133875994308316
رابعه ابتدائي,1.7133486732081642,1.7133486732081642
نقدر نشري,1.7127827149375818,1.7127827149375818
شان,1.7127490199492965,1.7127490199492965
معروفه,1.712078618200487,1.712078618200487
تقولولنا,1.711205297973536,1.711205297973536
اصلح,1.7107482224861863,1.7107482224861863
خريطه,-1.710306433232738,1.710306433232738
تعطو,1.7095757556570517,1.7095757556570517
كنت صغير,-1.708762407470855,1.708762407470855
الشبكه,-1.708752094650028,1.708752094650028
متقدرش,-1.707847847580231,1.707847847580231
السيوله,1.707325461208873,1.707325461208873
الترمه,1.7066513167664275,1.7066513167664275
تاع ربراب,1.7063577212481944,1.7063577212481944
حياكم اله,-1.7062895945439287,1.7062895945439287
لاني,-1.7060647437513445,1.7060647437513445
السوداء,1.7058994653572266,1.7058994653572266
الحريره,-1.7056740345895711,1.7056740345895711
ثوره,-1.70420208820216,1.70420208820216
يولو,-1.7038118949926613,1.7038118949926613
هاذ البلاد,1.7037984449629815,1.7037984449629815
سوره,-1.703253260012279,1.703253260012279
بحد,1.7023287285672857,1.7023287285672857
تاع,1.7021413979847846,1.7021413979847846
الاصبع الازرق,1.7021143123579858,1.7021143123579858
خلصتي,-1.7017343742037978,1.7017343742037978
تان,1.701646917703348,1.701646917703348
اكتر,-1.7013695125442982,1.7013695125442982
دستور,-1.7002531365685338,1.7002531365685338
بفف,1.700176440938789,1.700176440938789
والعار,1.6994082115565774,1.6994082115565774
تحيا ربراب,-1.6993067154085164,1.6993067154085164
حدود,-1.6991275772129677,1.6991275772129677
طريق,-1.6988471552201188,1.6988471552201188
نحتاج,-1.6985402988504914,1.6985402988504914
بين الشعب,1.6984461009892273,1.6984461009892273
البلد,1.697376947870037,1.697376947870037
لحظه,1.6969342866640262,1.6969342866640262
مند,1.6967106180355833,1.6967106180355833
هذيك,-1.6964760472310858,1.6964760472310858
استاذنا الفاضل,-1.6964670928736176,1.6964670928736176
ربي يكون,1.696322302939603,1.696322302939603
الانديه,1.6963161859727858,1.6963161859727858
رجله,1.6950492552105425,1.6950492552105425
يا شكوبي,1.694579792849048,1.694579792849048
ya admin,-1.6945706610337996,1.6945706610337996
يفتخر,-1.693369854227215,1.693369854227215
مومن,-1.6929326294664753,1.6929326294664753
او ربراب,-1.692635935686752,1.692635935686752
تقاطع,1.6922749695036554,1.6922749695036554
مخبارات ارهابيه,1.6922240323246733,1.6922240323246733
بسم,-1.6918407244667757,1.6918407244667757
عس,1.6916864543479873,1.6916864543479873
ترضي,1.6910300309323592,1.6910300309323592
الحاكم,-1.6907106001129675,1.6907106001129675
ديالك,1.6905854083037617,1.6905854083037617
ملاير,1.6897265480243213,1.6897265480243213
الدم,1.689670869438684,1.689670869438684
عرفتي,1.6894007496888552,1.6894007496888552
مستحيلا,1.6893952217503436,1.6893952217503436
هاداك,1.6886732170296772,1.6886732170296772
عاي,1.6880535982429985,1.6880535982429985
مطالبهم,-1.6879467245925444,1.6879467245925444
شعار,-1.687775770810989,1.687775770810989
الصوارد,1.6873864534072358,1.6873864534072358
شرورهم,-1.687351496043134,1.687351496043134
ربراب هو,1.68704624852125,1.68704624852125
الزطله,1.6864250253218886,1.6864250253218886
ابيض,-1.6861284485627248,1.6861284485627248
تاكيد,1.685397220000335,1.685397220000335
راك حاب,1.684128310958815,1.684128310958815
تحمل,-1.683712792101874,1.683712792101874
تعطيو,1.6830434530438227,1.6830434530438227
حكايه ربراب,-1.682931441497019,1.682931441497019
سمانه,1.682720753166834,1.682720753166834
لخر,1.6813705061203792,1.6813705061203792
فرونسا,1.680836518873402,1.680836518873402
رفيق,-1.6806952639475854,1.6806952639475854
يخرجون,1.6806928801158778,1.6806928801158778
اديداس,-1.680689756291477,1.680689756291477
الفيديو,1.6805506097433531,1.6805506097433531
وجهو,1.6802660702104648,1.6802660702104648
القبايل العرب,-1.6801672486291501,1.6801672486291501
اطيب,-1.679686694666607,1.679686694666607
ربراب اكبر,1.6794418266416182,1.6794418266416182
الهم,-1.6788529915512973,1.6788529915512973
دمك,1.6787518786892563,1.6787518786892563
قلوبنا,-1.678737349554194,1.678737349554194
انشاله,-1.678734593484529,1.678734593484529
الله فيك,-1.678475721847243,1.678475721847243
الوعود الكاذبه,1.6775140881704869,1.6775140881704869
مازلت,1.6770406425554258,1.6770406425554258
عاجل,-1.6769469317611505,1.6769469317611505
pnl,-1.676785030763509,1.676785030763509
لهيه,-1.6757632308025976,1.6757632308025976
هادا وين,-1.675753784240352,1.675753784240352
الدليل,-1.675240647939283,1.675240647939283
كيما نتا,1.6746957319519067,1.6746957319519067
الكلبه,1.6745764192790238,1.6745764192790238
بكم,-1.6745725440583281,1.6745725440583281
القيل,-1.6744711399466594,1.6744711399466594
مكه,1.6738388039760415,1.6738388039760415
قل,-1.6738062446110016,1.6738062446110016
وجوه الشر,1.6732818284144784,1.6732818284144784
امان,-1.6731813539898373,1.6731813539898373
تخري,1.6730999030776212,1.6730999030776212
مالقري,1.6726432801340323,1.6726432801340323
الخري,1.6725979665638018,1.6725979665638018
الكره,1.6718765523551997,1.6718765523551997
تضرب,-1.6703508583751072,1.6703508583751072
يخلصوهم,1.6702655379561866,1.6702655379561866
وتدفن,1.670193693825952,1.670193693825952
يهاجمون,1.6694996022212323,1.6694996022212323
nti,1.6687478579226935,1.6687478579226935
نلقاك,1.6681457441409084,1.6681457441409084
الريزو,-1.6680763146962412,1.6680763146962412
حوايج,-1.667944442661411,1.667944442661411
ياناس,-1.6672982131296807,1.6672982131296807
اكتشاف,-1.6672912377948408,1.6672912377948408
اهميه,-1.6671735940210708,1.6671735940210708
had,-1.6671238554170942,1.6671238554170942
نطالب,-1.6669760957364612,1.6669760957364612
استهدوا,-1.6663065071003873,1.6663065071003873
طزز,1.6657058108389315,1.6657058108389315
امشي,1.6655299671210686,1.6655299671210686
اناقه,-1.6652152354140206,1.6652152354140206
الرابط,-1.6648283238105086,1.6648283238105086
تكلفه,-1.6638024781477196,1.6638024781477196
الصراحه,-1.6632504827349508,1.6632504827349508
هدوك قوم,1.6628504884261488,1.6628504884261488
التاريخ الميلادي,1.6627189446438289,1.6627189446438289
ليا,-1.6618714189236614,1.6618714189236614
ايسكوبار,1.661866940994436,1.661866940994436
تاعك,1.6615294518017303,1.6615294518017303
وطنا,1.6605667292100943,1.6605667292100943
القمه,-1.6599829439762808,1.6599829439762808
استعمار,1.659649544538375,1.659649544538375
فقولك,1.659574383739433,1.659574383739433
في الحراش,1.6589064643221405,1.6589064643221405
المولوتوف,-1.6577651139843248,1.6577651139843248
مبروك خويا,1.6575768938959112,1.6575768938959112
عيد,-1.6574612236070692,1.6574612236070692
الفرق,-1.6573731052107503,1.6573731052107503
يوفق,-1.6567977326150705,1.6567977326150705
مول الخانه,1.6567564190419228,1.6567564190419228
الاخضر,-1.6563510507197694,1.6563510507197694
الرد,-1.6560921347418702,1.6560921347418702
اكبر شعب,-1.6557670281036507,1.6557670281036507
يطالبون,-1.6555463266077088,1.6555463266077088
اسود,1.6554904059937656,1.6554904059937656
حسبتونا,1.6543380942232513,1.6543380942232513
هخ,1.654142612632695,1.654142612632695
اله يذلكم,1.653983167320184,1.653983167320184
الله يهديكم,-1.6536917977221153,1.6536917977221153
لكلام,1.6536028916519951,1.6536028916519951
لي يقول,1.6528792513126056,1.6528792513126056
be,-1.6517424245829329,1.6517424245829329
خيرلك,1.6515305966186342,1.6515305966186342
منتخب,-1.6509388931747768,1.6509388931747768
وهادو,1.650616499238629,1.650616499238629
يسيبورتي,1.6503869871091588,1.6503869871091588
كريم,-1.6501420700776215,1.6501420700776215
نكملو,1.6498096282183443,1.6498096282183443
الاطباء,1.6477651275537273,1.6477651275537273
اخطيك,1.6477024454318236,1.6477024454318236
يثبت,1.6464442658713534,1.6464442658713534
الشرف,-1.6463495450205479,1.6463495450205479
يسخف,1.6458837252789862,1.6458837252789862
بما,1.6455718425223604,1.6455718425223604
لبيع,-1.6453309918905856,1.6453309918905856
صاحب,1.644830124045985,1.644830124045985
ليكم,1.6443402959068718,1.6443402959068718
المشكل في,-1.6436838839196435,1.6436838839196435
مام,-1.6433224754985258,1.6433224754985258
الدزاير,-1.6431337429317148,1.6431337429317148
حقو,-1.6431306988698133,1.6431306988698133
mabrouk,-1.642993225947489,1.642993225947489
خالد,-1.6424871363855127,1.6424871363855127
التجار,1.6423554928259079,1.6423554928259079
يا عطاي,1.6420984822006734,1.6420984822006734
عادل,-1.6415442267171385,1.6415442267171385
اما,1.6414646928471721,1.6414646928471721
الله يرحمهم,-1.6409843886162594,1.6409843886162594
تحكم,1.640572494942419,1.640572494942419
جماعه لي,1.6403937558310215,1.6403937558310215
راب,-1.640085484043378,1.640085484043378
نفسا,-1.6399160301956701,1.6399160301956701
افاعي,1.6395541138798242,1.6395541138798242
يدخلو,1.6382836264835856,1.6382836264835856
تحذر,1.6382430465078077,1.6382430465078077
جابلي,-1.6380872208715567,1.6380872208715567
ربي ماشي,-1.6378049259548866,1.6378049259548866
انجب,-1.6374267352140777,1.6374267352140777
اصله,-1.6372782323689863,1.6372782323689863
فحله,-1.6366559335822914,1.6366559335822914
داخل,-1.6365952901113736,1.6365952901113736
العميد,-1.6364880268766124,1.6364880268766124
عاقل,1.635829583616756,1.635829583616756
اراد,-1.6357306315025963,1.6357306315025963
مكنش,-1.6357184327187049,1.6357184327187049
فاعلون,1.6350641688287988,1.6350641688287988
انتخبت,-1.6349110073952662,1.6349110073952662
لعنكم,1.634880452339037,1.634880452339037
يدافع عن,1.6344007418297914,1.6344007418297914
اولادكم,1.6342566177533002,1.6342566177533002
يديرو,1.6335799609578263,1.6335799609578263
اغلبيه,1.6335720429548537,1.6335720429548537
في ترمتك,1.6333126251555186,1.6333126251555186
راسهم,1.6326131003755129,1.6326131003755129
مدنيه ماشي,-1.6325944200925364,1.6325944200925364
ابناء الجزاءر,1.6325727192255661,1.6325727192255661
وكي,1.6325273602977344,1.6325273602977344
على الشعب,1.632405636510379,1.632405636510379
انت واش,1.6319163625515078,1.6319163625515078
الجزائر,-1.631091970388433,1.631091970388433
يجيك,1.631063784174862,1.631063784174862
منطقه القباءل,-1.6310610086303883,1.6310610086303883
عمار,1.6304601609782439,1.6304601609782439
دخله,1.6304504181671393,1.6304504181671393
اللعبه,-1.630423908280123,1.630423908280123
انقرضو,1.6303071539758096,1.6303071539758096
تبكي,-1.6293453468271277,1.6293453468271277
يستر,-1.628553966301729,1.628553966301729
شواكرو,1.6280516582523803,1.6280516582523803
كم انت,1.6279619403621517,1.6279619403621517
نسقسيك,-1.627826865600581,1.627826865600581
قلب,-1.627713493170396,1.627713493170396
مذكرات,-1.6273790344896262,1.6273790344896262
منا,-1.6272166246897077,1.6272166246897077
لكره,-1.6264523916226954,1.6264523916226954
ps,1.6263596732478545,1.6263596732478545
صح,-1.62576712275441,1.62576712275441
ليست,-1.6256070378218765,1.6256070378218765
سنوات,1.6254668125657699,1.6254668125657699
باتري,-1.625402029505364,1.625402029505364
العالمين,-1.6253417400160783,1.6253417400160783
تاع الجهويه,1.6247558455105024,1.6247558455105024
جد,1.6244682501273904,1.6244682501273904
الجبال,-1.6242516338867121,1.6242516338867121
وعندما,1.6237055707262835,1.6237055707262835
وراسي,-1.6235641801051715,1.6235641801051715
يطالبون باطلاق,-1.6235035823160393,1.6235035823160393
مضاهرات,-1.6230978819230735,1.6230978819230735
نسيت,-1.6224560081132984,1.6224560081132984
العاءلات,-1.621592068011696,1.621592068011696
محترمه,-1.6213920506112856,1.6213920506112856
راهوا,-1.6213573177838054,1.6213573177838054
الكرسي,-1.6212915549394824,1.6212915549394824
الله ينعلكم,1.6211431580879776,1.6211431580879776
ادرار,-1.620472637800281,1.620472637800281
نستناو,-1.6204504892016656,1.6204504892016656
راهم يقولو,-1.62038696262166,1.62038696262166
هنيءا,-1.6194229782451275,1.6194229782451275
دقيقتين,1.6193166500088345,1.6193166500088345
الجيش خارج,-1.61918472062269,1.61918472062269
يا عمي,-1.6188444771026202,1.6188444771026202
هادوك,1.617567072704539,1.617567072704539
اشياء,-1.6175141021224952,1.6175141021224952
تضخيم,1.617415078158645,1.617415078158645
واحده,-1.6171242089957512,1.6171242089957512
رسمي,-1.6169209580012283,1.6169209580012283
ساكن,-1.6161888474402704,1.6161888474402704
mouk,1.6153973103688055,1.6153973103688055
بربي,1.6153917570258658,1.6153917570258658
غردايه,-1.6153425062195952,1.6153425062195952
ثانيه,-1.615152702359612,1.615152702359612
للفتنه,-1.6151200640383758,1.6151200640383758
المعطوبين,1.6143437163209085,1.6143437163209085
معيش,-1.6140907278405041,1.6140907278405041
والسعر,-1.6132755373005832,1.6132755373005832
تقلهم,1.6132750798878226,1.6132750798878226
اليم,-1.6128675794783487,1.6128675794783487
يلبي,-1.6114906847708952,1.6114906847708952
وجعك,1.6113210154094928,1.6113210154094928
يسقط حكم,1.610745314173543,1.610745314173543
نتظر,-1.6101926978047916,1.6101926978047916
لايك,-1.6101794324532894,1.6101794324532894
الشهداء,-1.6100764007618753,1.6100764007618753
rkhis,1.6094416940946616,1.6094416940946616
لحمير,1.6093551770260157,1.6093551770260157
زيطوط,1.6091565077374677,1.6091565077374677
والحق,-1.6090370311574798,1.6090370311574798
كل شيء,1.608767341680287,1.608767341680287
ابكي,-1.6087667447736145,1.6087667447736145
باتم,1.608453457052213,1.608453457052213
رؤوس,1.608122622054277,1.608122622054277
يموت,1.608094175934513,1.608094175934513
لباباك,1.6070817207207886,1.6070817207207886
تعتقل,-1.6065775305459382,1.6065775305459382
اون,-1.606312735336295,1.606312735336295
دعم,-1.6062898461515545,1.6062898461515545
اكبر لص,1.6062890936242402,1.6062890936242402
الشعب الجزائري,-1.6062286037875744,1.6062286037875744
تعصبو,-1.6058527348820686,1.6058527348820686
عبد,1.6057268454525748,1.6057268454525748
ويمكر,1.6056713712726713,1.6056713712726713
يربحو,1.6051837071568047,1.6051837071568047
ذنب,1.6050406563253747,1.6050406563253747
ويعرفون,-1.605029040079814,1.605029040079814
عبله,1.605020881718217,1.605020881718217
الروسيه,1.6040631994702108,1.6040631994702108
الانهيار,-1.6037448755212584,1.6037448755212584
كفر,1.6035457620371978,1.6035457620371978
يا لعار,-1.6028125420677248,1.6028125420677248
jus,-1.602711321139699,1.602711321139699
ميزان,1.6025949314958536,1.6025949314958536
الدهر,-1.6025265263363933,1.6025265263363933
مازدا,1.6007299880065375,1.6007299880065375
تسكن,1.6002638556976005,1.6002638556976005
شنقريحه,1.6001203283638967,1.6001203283638967
منطقه القبائل,-1.5991734800706994,1.5991734800706994
خلونا,-1.5991278567692495,1.5991278567692495
لضرب,1.5991153515052292,1.5991153515052292
الغناء,-1.5981206422255572,1.5981206422255572
اخوتنا,-1.5981058446272924,1.5981058446272924
في بالك,1.5970503823205597,1.5970503823205597
نرزقكم,-1.596957450585608,1.596957450585608
بالي,-1.5968248540710055,1.5968248540710055
شريته,-1.596684982295063,1.596684982295063
يخلصو,-1.5963494310254511,1.5963494310254511
لي,1.5960040540268274,1.5960040540268274
لمجرد,-1.5956782017224378,1.5956782017224378
الحاجه الوحيده,-1.595575471116435,1.595575471116435
الوحيده,-1.595575471116435,1.595575471116435
علاه انت,1.594825219228841,1.594825219228841
وسوف,1.5947425428534108,1.5947425428534108
وشرف,1.5944294769276182,1.5944294769276182
سعدي,1.594036976461005,1.594036976461005
الاموال,1.593746363921961,1.593746363921961
عالي,-1.5937412187229607,1.5937412187229607
الناس اللي,1.5934705543911818,1.5934705543911818
انت رخيس,1.5934401852256543,1.5934401852256543
hbb,-1.5931534794936133,1.5931534794936133
الكيان,-1.5921731206887588,1.5921731206887588
والكذب,1.5916047118557577,1.5916047118557577
نلبس,-1.5909956962072653,1.5909956962072653
المخدرات,-1.5906741530957336,1.5906741530957336
القانون,-1.5905666812163985,1.5905666812163985
حياه,1.589912969742156,1.589912969742156
الى كل,1.5889836287304373,1.5889836287304373
العالمي,-1.5864129044248165,1.5864129044248165
الصعبه,-1.585998417128617,1.585998417128617
يعاني,1.5857595738549286,1.5857595738549286
الاتحاد الاروبي,-1.5851379703033674,1.5851379703033674
ملايين,-1.5846653409829334,1.5846653409829334
فرص,1.5842005629024636,1.5842005629024636
ولا والو,-1.5833419524214662,1.5833419524214662
ثلاجه,-1.5833204636539395,1.5833204636539395
السلطان,-1.583281335728366,1.583281335728366
باتنه,-1.5826718512147937,1.5826718512147937
فوق,-1.582353839028745,1.582353839028745
يرجى,-1.5823419375337164,1.5823419375337164
الحيوانات,1.582252132972257,1.582252132972257
يجي يركب,1.5821315168427474,1.5821315168427474
اروح,1.5816700086983262,1.5816700086983262
مغاربه,1.5812568495516486,1.5812568495516486
دائما,-1.5810269778272996,1.5810269778272996
نتاع الخليج,1.581023260839156,1.581023260839156
ترميك,1.5806028813493909,1.5806028813493909
ينتقم منهم,1.5798167214159096,1.5798167214159096
تاع ختك,1.5792997699952995,1.5792997699952995
الاستاذ,-1.5792590820293935,1.5792590820293935
مشكله,-1.578669286501262,1.578669286501262
في الله,1.5783773167761341,1.5783773167761341
الحره,-1.5776555928633427,1.5776555928633427
هبلوا,-1.5775084485772772,1.5775084485772772
الجهاز,1.5766348809492068,1.5766348809492068
حق ربي,-1.5757678240704345,1.5757678240704345
افكاره,1.5752874019517376,1.5752874019517376
قلي,-1.57521924264241,1.57521924264241
الريح لي,-1.5750056548013796,1.5750056548013796
شرينا,-1.5748371125238028,1.5748371125238028
روح قود,1.5747351694460017,1.5747351694460017
الدنيا والاخره,-1.5737057301197352,1.5737057301197352
الهاويه,-1.5735634506731284,1.5735634506731284
اله يشفي,-1.573450899904836,1.573450899904836
وخلي,-1.5732366275726655,1.5732366275726655
مانعرف,-1.5729690329254313,1.5729690329254313
لافي,1.572743491457402,1.572743491457402
صحا فطوركم,-1.572344933658429,1.572344933658429
تزوجو,-1.5721410020056408,1.5721410020056408
فاسدين,1.5716287438810752,1.5716287438810752
راهو في,-1.5713320529054184,1.5713320529054184
غايه,-1.570749854452864,1.570749854452864
يا كعبه,1.5704670846902327,1.5704670846902327
هذا المبلغ,-1.57018549278343,1.57018549278343
بالبيض يا,1.5696640689375188,1.5696640689375188
مقوله,1.5691260858279772,1.5691260858279772
ياسي,1.5689726035735037,1.5689726035735037
باين عليك,1.5684796554634928,1.5684796554634928
الاستعمار,1.568370125410112,1.568370125410112
هاذوك لي,-1.567984687012141,1.567984687012141
المساواه,-1.5679772114377855,1.5679772114377855
سرق اموال,1.56777581510583,1.56777581510583
kol,-1.567758925150215,1.567758925150215
الوراء,-1.5674705389802732,1.5674705389802732
يدافعو,1.5672903524039237,1.5672903524039237
المسؤوليه,-1.5670596959309562,1.5670596959309562
وهران,-1.5667643817605388,1.5667643817605388
يدعموه,1.5660267220144413,1.5660267220144413
انها الحقيقه,-1.5657175958811995,1.5657175958811995
الفقراء,1.5652952330717564,1.5652952330717564
الكاوكاو,-1.5652676262446097,1.5652676262446097
الانس,1.5652060834647497,1.5652060834647497
في وجه,-1.5648585965850867,1.5648585965850867
من الكذب,-1.5647676283288339,1.5647676283288339
المنتجات,-1.564748922605827,1.564748922605827
غلط يخلص,-1.5639354115644064,1.5639354115644064
حط,-1.5636657489588561,1.5636657489588561
محبش,-1.5633405894219194,1.5633405894219194
لفريت,1.5630163009969478,1.5630163009969478
ولعقوبه,-1.562899006681045,1.562899006681045
الادمين,1.5628862961704344,1.5628862961704344
يا خاين,1.5627629412127055,1.5627629412127055
وفضلاتها,1.5626640858612557,1.5626640858612557
بن شيخ,1.5623832997953904,1.5623832997953904
صادقين,-1.562133458177145,1.562133458177145
غيره,1.5617278521461302,1.5617278521461302
sur,-1.5617269344808904,1.5617269344808904
سيتي,1.5615108955818442,1.5615108955818442
وفرنسا,-1.5608869079904848,1.5608869079904848
امنوا,-1.5606451872515863,1.5606451872515863
مصر,-1.5599393952317697,1.5599393952317697
الخزي,1.559710268410095,1.559710268410095
يتحاسب,-1.5596000531953162,1.5596000531953162
ومازلت,1.5594857692015291,1.5594857692015291
تنوض,-1.558675931088682,1.558675931088682
يجيب الخير,1.5583602248201087,1.5583602248201087
اصلهم,1.5579485572003602,1.5579485572003602
يو,-1.557822645166299,1.557822645166299
اعمارنا,-1.5577509798487952,1.5577509798487952
وكان,-1.5576714803476746,1.5576714803476746
او في,-1.557629064316062,1.557629064316062
الله العظيم,-1.5573526848582544,1.5573526848582544
الجفاف,1.5570900297095152,1.5570900297095152
معروف,1.556818868904812,1.556818868904812
الكورونا,-1.556799004438438,1.556799004438438
النقش,1.5567116761804274,1.5567116761804274
اعراس,-1.5563045440143661,1.5563045440143661
تقتل,1.5559086914392148,1.5559086914392148
خاوا,1.5552957210295628,1.5552957210295628
درجه,-1.5548306913063283,1.5548306913063283
الجلفه,-1.554807497136386,1.554807497136386
علامات,-1.554265699447769,1.554265699447769
جيت,1.553850248851694,1.553850248851694
لعرب,-1.5537341423666424,1.5537341423666424
من اجل,1.5531954657250873,1.5531954657250873
شكون اللي,-1.5531488679919985,1.5531488679919985
وباباك,1.5527772733761604,1.5527772733761604
شبابنا,1.5527431646138858,1.5527431646138858
مسلم,1.5525602063808674,1.5525602063808674
بوشاش,1.5522817934234294,1.5522817934234294
واش تحب,1.5516683632547348,1.5516683632547348
ياهذا,1.5515446344864263,1.5515446344864263
ميزاب,1.5509759568330705,1.5509759568330705
فكيك,-1.5509116383339647,1.5509116383339647
تستحق,-1.5505618246023305,1.5505618246023305
رانا عايشين,-1.5504273917664568,1.5504273917664568
صراحه,-1.5501924834674299,1.5501924834674299
معتوب,1.5494519140458558,1.5494519140458558
على واش,-1.5492853537811782,1.5492853537811782
الرساله,-1.54924800470132,1.54924800470132
حشاكم,1.5491422900497327,1.5491422900497327
كلي,-1.5489366008423688,1.5489366008423688
حمد,-1.5488711355630291,1.5488711355630291
تبعو,1.5483374141490978,1.5483374141490978
لحبس,-1.5473612613805439,1.5473612613805439
لعصابه,1.547036476489659,1.547036476489659
على روحك,1.5467236894457501,1.5467236894457501
مات,1.5464739350810535,1.5464739350810535
الاشخاص,1.546441977852349,1.546441977852349
حياكم الله,-1.5464039311538196,1.5464039311538196
تشوفو,1.5462502282339663,1.5462502282339663
تموت علي,1.5460849899206937,1.5460849899206937
تهتز,-1.5457404516878943,1.5457404516878943
جماعه وجده,-1.5455611879351758,1.5455611879351758
ول,1.5452231303037938,1.5452231303037938
لنظام,1.5449085237660156,1.5449085237660156
اقسم بالله,1.5448612708287217,1.5448612708287217
جيل,1.5447620840299328,1.5447620840299328
البرلمان,1.54474225741632,1.54474225741632
الحسد,1.5445881866624445,1.5445881866624445
القرار,1.5444149564485592,1.5444149564485592
تعود,-1.5438123715526424,1.5438123715526424
في عمر,1.5433310630925015,1.5433310630925015
تدخل,1.5432298165267861,1.5432298165267861
ولدي,-1.5429834689321833,1.5429834689321833
يا ولدي,-1.5429834689321833,1.5429834689321833
عده,-1.5424564678717512,1.5424564678717512
ورقه,-1.5411163710083098,1.5411163710083098
matoub,-1.5406874790007985,1.5406874790007985
كونيناف,-1.5396058064255727,1.5396058064255727
وحدا,-1.5392535150546054,1.5392535150546054
نو,-1.5391297627726894,1.5391297627726894
تقول ربراب,-1.5387292009548712,1.5387292009548712
ابتدائي,1.5380743690534444,1.5380743690534444
حشون يماك,1.5378006945566431,1.5378006945566431
كون جيتي,1.537735298974329,1.537735298974329
الشعب ان,-1.5376022929828475,1.5376022929828475
داخل الوطن,1.5373522964887487,1.5373522964887487
جدو,1.5373503186886306,1.5373503186886306
الدراسه,1.5371816241488971,1.5371816241488971
وبي,1.5369276181143745,1.5369276181143745
تفوق,-1.536629268940036,1.536629268940036
لكي,-1.5365114531465116,1.5365114531465116
معانا,-1.536383438344674,1.536383438344674
تظهر,-1.5361877975696245,1.5361877975696245
ربي يرحمو,-1.5360086282286622,1.5360086282286622
كلبك,1.5359077817242772,1.5359077817242772
جوع كلبك,1.5359077817242772,1.5359077817242772
تعيو,1.535384935512434,1.535384935512434
انت منافق,1.5350146501389228,1.5350146501389228
الرئيس,-1.5343042266284628,1.5343042266284628
يحبو,-1.5337735537769626,1.5337735537769626
ياكلك,1.5322433992481326,1.5322433992481326
الرسول,1.531765110004525,1.531765110004525
الانترنت,-1.531260766395205,1.531260766395205
ولينا,1.5309503601663972,1.5309503601663972
بن علي,-1.5305541573775223,1.5305541573775223
تكن,1.5300829217063616,1.5300829217063616
شنو,1.5300144111778295,1.5300144111778295
هاذي هي,-1.5295199064499387,1.5295199064499387
يحيا تبون,1.5287329391784592,1.5287329391784592
الثبات,-1.5273420106155888,1.5273420106155888
البوتفليقي,-1.526639413873513,1.526639413873513
اعداء,-1.5264986876849025,1.5264986876849025
الاف,1.5260596682760925,1.5260596682760925
الكيف,-1.5257229975053535,1.5257229975053535
امر,-1.5252488016479078,1.5252488016479078
يسب,-1.5250492467160424,1.5250492467160424
يحفظهم,-1.5247792911735942,1.5247792911735942
مجرد,1.5237192599600713,1.5237192599600713
خلو,-1.5234930385447194,1.5234930385447194
ليس من,1.523273632024325,1.523273632024325
يا منافقين,1.523042349160222,1.523042349160222
نضيف,-1.522548478039864,1.522548478039864
علم,1.5222498245818044,1.5222498245818044
قالو,-1.5221999635408558,1.5221999635408558
سبحانه,1.521884548363768,1.521884548363768
جيلالي,-1.521446866022499,1.521446866022499
الحلقه,1.5210097344833295,1.5210097344833295
روح الله,1.5204027836722576,1.5204027836722576
الامبراطوريه,-1.5202659300159824,1.5202659300159824
تغني,1.5201948648601138,1.5201948648601138
ذكر,1.5199868188629428,1.5199868188629428
هم,-1.519720785143966,1.519720785143966
واي,1.5197191013220748,1.5197191013220748
عزه,1.5196456145167567,1.5196456145167567
تاعنا,1.5195533735306639,1.5195533735306639
حوست,-1.5193271737118095,1.5193271737118095
املا,1.5188183028003113,1.5188183028003113
خاوتك,-1.51815898551595,1.51815898551595
تلفون,-1.517760962261798,1.517760962261798
القرن,-1.5173134766264915,1.5173134766264915
نسيبورتي مولوديه,-1.5166966877594337,1.5166966877594337
المتحده,1.516603520002712,1.516603520002712
هذاك,1.5163783026210096,1.5163783026210096
درت الفتنه,-1.5159556218381356,1.5159556218381356
مالغري,1.5159396020752771,1.5159396020752771
اوروبا,-1.515918180714548,1.515918180714548
فري,-1.5158653114118215,1.5158653114118215
انصار,1.5158628024777567,1.5158628024777567
على جال,1.515558098310932,1.515558098310932
لى,1.5150961899732809,1.5150961899732809
يمكر,-1.5149526414249614,1.5149526414249614
قولي,-1.5144898997049718,1.5144898997049718
كان ربراب,1.51406704193681,1.51406704193681
العثمانيه,-1.5139393946748216,1.5139393946748216
السياسيه,1.5136197733454817,1.5136197733454817
ويشفي,-1.513492549221935,1.513492549221935
كيفك,1.5126846486609133,1.5126846486609133
يقل,-1.5124605508535822,1.5124605508535822
المفيد,1.5122236293137012,1.5122236293137012
خليفه,-1.512192362721432,1.512192362721432
انتقام,-1.5120473279663806,1.5120473279663806
حرمه,-1.5119939848555974,1.5119939848555974
اشري,-1.5119191094245064,1.5119191094245064
لي يسمع,-1.511597116358004,1.511597116358004
الله الاحرار,-1.5114483850391747,1.5114483850391747
اهو,1.5111099370916685,1.5111099370916685
انضمو,-1.5094122676324282,1.5094122676324282
ونيك,1.509073148251215,1.509073148251215
لفتنه,-1.5087259428819861,1.5087259428819861
خايف,1.5086225528533446,1.5086225528533446
بالاحرار,1.5080740172209033,1.5080740172209033
بعيد,1.5075944696675199,1.5075944696675199
بيد,-1.5069221529680612,1.5069221529680612
الزوالي,-1.5063404454666611,1.5063404454666611
الستر,-1.5056519541575926,1.5056519541575926
معايا,-1.505279776158761,1.505279776158761
باش تسمع,1.5052468126835228,1.5052468126835228
جايك,1.504803967705062,1.504803967705062
الجيد,-1.5047611233244602,1.5047611233244602
خصاره,1.5045902537400606,1.5045902537400606
اله يحفظ,-1.5045150013137136,1.5045150013137136
اهدر,1.504167827291427,1.504167827291427
ارحلوا ارحلوا,-1.5034173347821744,1.5034173347821744
bel,1.5024556727123015,1.5024556727123015
تلحق,-1.501364558230069,1.501364558230069
ترحب,1.5010085103584474,1.5010085103584474
ارتقي,1.5006294986018351,1.5006294986018351
حاكمين,1.4997864432492438,1.4997864432492438
واذا,1.4997587971527875,1.4997587971527875
يسمى,-1.4996003867792014,1.4996003867792014
لي قال,-1.4993603416036576,1.4993603416036576
المصريون,-1.4990413839439145,1.4990413839439145
يؤمن,-1.4979774626462503,1.4979774626462503
يا بغل,1.4977011581941846,1.4977011581941846
والغاز,-1.4960656535320154,1.4960656535320154
خيرك,1.495873128069563,1.495873128069563
تقني,-1.495341136371276,1.495341136371276
الاله,1.4946555720686308,1.4946555720686308
اخطيكم,1.4945841098183048,1.4945841098183048
هناك,-1.4945621460186056,1.4945621460186056
نفس الوقت,1.4945167372505783,1.4945167372505783
يحرق,1.4943619468291147,1.4943619468291147
دين,1.4936895525521272,1.4936895525521272
يغفرله,-1.4936342591439182,1.4936342591439182
يمكنني,-1.4936202614907366,1.4936202614907366
الفتنه بين,1.4934667962476047,1.4934667962476047
ضربه,-1.4933131518809892,1.4933131518809892
الجيفه,1.4930204201569535,1.4930204201569535
يحكمو,1.4927410039297346,1.4927410039297346
دوري,1.4927095209215258,1.4927095209215258
لدى,1.4924542782018109,1.4924542782018109
من النجاحات,-1.4920326463248652,1.4920326463248652
المعبد,-1.4916764850885313,1.4916764850885313
ولا واحد,-1.491186128511813,1.491186128511813
شاوي امازيغي,1.490948583172793,1.490948583172793
كنتش,-1.4909120728476752,1.4909120728476752
التقشف,-1.4907318296003396,1.4907318296003396
قاع لي,1.4906699376871815,1.4906699376871815
مكانش قاع,1.4906699376871815,1.4906699376871815
يا فريت,1.490589179785397,1.490589179785397
ثروه ربراب,1.4898706217971942,1.4898706217971942
ماعندهمش,1.4897031591043757,1.4897031591043757
الفرماج,-1.489283448215897,1.489283448215897
كونت,1.4888434455877473,1.4888434455877473
nta,1.4887748349257863,1.4887748349257863
باباه,1.4887252665574298,1.4887252665574298
البريد,-1.4885392345265513,1.4885392345265513
قداه,-1.4880022836702889,1.4880022836702889
ويقلك,-1.4872615003179157,1.4872615003179157
زيت سكر,1.4869341436237014,1.4869341436237014
الاسبوع,-1.486834691496932,1.486834691496932
صحافه العار,1.4862878964126491,1.4862878964126491
قلبو,1.484612676811026,1.484612676811026
ورب,1.484605714067543,1.484605714067543
قلب ورب,1.484605714067543,1.484605714067543
لصوص,1.4845950901069176,1.4845950901069176
وصل,1.4843733352289497,1.4843733352289497
جات في,1.4841702647754162,1.4841702647754162
الكامله,1.4838015475725481,1.4838015475725481
انعم,-1.4835240878106084,1.4835240878106084
ان هذا,1.4831705380291162,1.4831705380291162
بالسلاح,-1.483166140622623,1.483166140622623
عروض,1.4831104032187137,1.4831104032187137
الوكيل فيهم,1.4827795373865975,1.4827795373865975
سياسه اويحي,1.4822936937189868,1.4822936937189868
علاش ربراب,1.4817680334429397,1.4817680334429397
تلمو,-1.4817530990879886,1.4817530990879886
حداد كونيناف,-1.4811169059554203,1.4811169059554203
طالب,1.4803361209019146,1.4803361209019146
تستهل,-1.4798521464848973,1.4798521464848973
نتوم,1.479594774617172,1.479594774617172
عقده من,1.4790275210185448,1.4790275210185448
والدين,1.4788835235936624,1.4788835235936624
وينعل,1.4784216946613855,1.4784216946613855
نسال,-1.4784053834768416,1.4784053834768416
غي,1.478254327148416,1.478254327148416
دنيا,1.4782071544091198,1.4782071544091198
ولي يحوس,-1.478174116483992,1.478174116483992
يديكم,1.4781073952200334,1.4781073952200334
تواصل,1.4780120277428344,1.4780120277428344
متل,-1.4779815791114979,1.4779815791114979
الفردوس,1.477894391739398,1.477894391739398
وارواح معانا,-1.477611066075577,1.477611066075577
لا اله,-1.4774877880522639,1.4774877880522639
نحب,-1.4763014591001733,1.4763014591001733
لاكن,1.4761164724915028,1.4761164724915028
اعمر,-1.47567628137207,1.47567628137207
هذا دليل,-1.4755400608269904,1.4755400608269904
اله ينعل,1.4755075596390834,1.4755075596390834
تعس,1.4753503044088234,1.4753503044088234
مابقاش,-1.4746018333958215,1.4746018333958215
هايله,-1.4745115384240108,1.4745115384240108
اخر,1.474359508539811,1.474359508539811
امسيتك طيبه,1.4741978952642496,1.4741978952642496
امسيتك,1.4741978952642496,1.4741978952642496
يتزوج,1.4735641038406964,1.4735641038406964
الاحتكار,-1.4732950970584817,1.4732950970584817
تناكو,1.472320698129863,1.472320698129863
بلادي,-1.4722604590122244,1.4722604590122244
فهناك,-1.4717656775562522,1.4717656775562522
toi,1.471409565047423,1.471409565047423
مسرحيه,-1.4711448704601988,1.4711448704601988
كيما يقول,-1.4709215007060412,1.4709215007060412
تخريب,-1.4701475930226626,1.4701475930226626
عامين,1.4699166693869963,1.4699166693869963
مدار,-1.4689557599259713,1.4689557599259713
في الواقع,1.468854632170505,1.468854632170505
nchallah,-1.4678701928860114,1.4678701928860114
rani,1.4675201722467406,1.4675201722467406
وكمل,-1.4673438506284722,1.4673438506284722
بخير,-1.4665681985670003,1.4665681985670003
انتضر,-1.4658289331329877,1.4658289331329877
استري روحك,1.465701944688601,1.465701944688601
استري,1.465701944688601,1.465701944688601
اصبحت معدوده,1.4654999193094649,1.4654999193094649
انواع,-1.4652552907922083,1.4652552907922083
يا استاذ,1.4650863164327257,1.4650863164327257
ضغط,-1.4650024403394164,1.4650024403394164
رجعو,1.4649161759989877,1.4649161759989877
تهمه الارهاب,-1.4643811000068425,1.4643811000068425
وش دخلك,1.4642912280823706,1.4642912280823706
ديما,-1.4641187976859213,1.4641187976859213
نحمي,-1.464091626557951,1.464091626557951
احح,1.4640362780659049,1.4640362780659049
ترفع يدها,1.4638257666437353,1.4638257666437353
وتزيد,1.4636007682990781,1.4636007682990781
الحمقي,1.4635342752173346,1.4635342752173346
الحمقى,1.4626906003212456,1.4626906003212456
رءوس,1.46253326239008,1.46253326239008
طيب,1.4616627171901828,1.4616627171901828
تمثيل,1.4610173251630443,1.4610173251630443
rah,-1.4609009206289547,1.4609009206289547
يقولك ربراب,1.460876875610152,1.460876875610152
غير على,1.460873075803638,1.460873075803638
اجتماعيه,-1.4608021178567536,1.4608021178567536
توجيه,1.4603273356623485,1.4603273356623485
قوادين,1.4598725484818438,1.4598725484818438
بلادو,1.4597333999230833,1.4597333999230833
واياهم,-1.4588700831550934,1.4588700831550934
نرزقكم واياهم,-1.4588700831550934,1.4588700831550934
نكرهوكم,1.4588631318693313,1.4588631318693313
وش,1.458847038846822,1.458847038846822
خطوات,1.4586543056737604,1.4586543056737604
ذبحوا الشعب,1.4584816519314776,1.4584816519314776
ذبحوا,1.4584816519314776,1.4584816519314776
نبغيها,-1.4583920817156788,1.4583920817156788
كره القدم,-1.4583647175511283,1.4583647175511283
بيننا,-1.4574923129999813,1.4574923129999813
امربكا,-1.457040386591282,1.457040386591282
احرار الجزاءر,-1.4562043589261324,1.4562043589261324
جاوبوني,-1.4560016502768462,1.4560016502768462
الجمله,1.4559345763214728,1.4559345763214728
ياربراب,-1.4551882112880519,1.4551882112880519
وا,-1.455073986182557,1.455073986182557
قعدت,1.454905264777644,1.454905264777644
beli,1.454830742694366,1.454830742694366
الحقيقيه,1.4548106130960505,1.4548106130960505
ايا,1.454533932824367,1.454533932824367
نقول,-1.4544484426454851,1.4544484426454851
اشد,-1.454425897436255,1.454425897436255
صوفيا,1.4539127735868311,1.4539127735868311
والشعب,1.4536754299205237,1.4536754299205237
المنشور,1.4536299923766676,1.4536299923766676
un,1.4532520381246048,1.4532520381246048
معامن,1.4527147729410481,1.4527147729410481
لقباءل,-1.4517470602898717,1.4517470602898717
الذراري,-1.4512228805284388,1.4512228805284388
صلي,1.451106066194746,1.451106066194746
مجرم,1.4508379594523855,1.4508379594523855
يدك فيه,1.4503185845854518,1.4503185845854518
فارغه,-1.4502038617922466,1.4502038617922466
تسيبورتي,-1.4497702629101221,1.4497702629101221
روراوه,1.4488730989637701,1.4488730989637701
وزاره,1.4481618874154074,1.4481618874154074
عبان,1.4476302111948993,1.4476302111948993
عبان رمضان,1.4476302111948993,1.4476302111948993
وكم,-1.4474742816954898,1.4474742816954898
توقيف,-1.4473185268312856,1.4473185268312856
ينجحك,-1.4472189542649692,1.4472189542649692
بلادنا شابه,-1.4470859751519858,1.4470859751519858
كانش,-1.447075812678192,1.447075812678192
عدو,1.4466980626131183,1.4466980626131183
مقستهاش,1.4466693024023263,1.4466693024023263
ليه,-1.4465985517461406,1.4465985517461406
مغلطتش,-1.4463791372771706,1.4463791372771706
ربراب ربراب,-1.4463577153079858,1.4463577153079858
العصابات,1.446260115937252,1.446260115937252
الثلج,1.44615616507258,1.44615616507258
امك الطاهره,1.4457125609121366,1.4457125609121366
رجاء,1.445602259746322,1.445602259746322
اكدلي,-1.4452844386835433,1.4452844386835433
الله يهديك,-1.44511305098055,1.44511305098055
خاوه,-1.4448093705790523,1.4448093705790523
rakom,1.4428260459319568,1.4428260459319568
سومه,-1.4421026049028065,1.4421026049028065
يغنيك,1.4420965240921961,1.4420965240921961
chkon,-1.4410827314410661,1.4410827314410661
تستاهل خير,-1.4404089848384938,1.4404089848384938
الهزان بالمعلوم,1.4401921583018955,1.4401921583018955
الهزان,1.4401921583018955,1.4401921583018955
بالمعلوم والقواده,1.4401921583018955,1.4401921583018955
بالمعلوم,1.4401921583018955,1.4401921583018955
والقواده باطل,1.4401921583018955,1.4401921583018955
شيء اخر,-1.44014850755582,1.44014850755582
بسعر,-1.4401227872488647,1.4401227872488647
الفقاقير,1.4397693839568557,1.4397693839568557
للحبس,-1.4390918024382244,1.4390918024382244
شنهي,-1.4389192997795859,1.4389192997795859
ناكلو,1.438811484338133,1.438811484338133
يازيطوط,1.4388058253539622,1.4388058253539622
حيا,-1.4384107770752754,1.4384107770752754
امنيتك,1.438181537334792,1.438181537334792
طرطاق,1.4381206463224787,1.4381206463224787
حصل,1.4378839049844379,1.4378839049844379
يستاهل,-1.4378795764195573,1.4378795764195573
لا يوجد,-1.4378425022488786,1.4378425022488786
يهيجو,1.437317790312196,1.437317790312196
ارواحي,-1.4370942737646695,1.4370942737646695
حديث,-1.436758743256629,1.436758743256629
المغربي,1.436163454925759,1.436163454925759
عليه سلم,1.435900867164317,1.435900867164317
حجر,1.435581422317883,1.435581422317883
يا خوا,-1.4353823799485594,1.4353823799485594
ارواح,-1.4345544885589252,1.4345544885589252
ذراري,1.4344235431837002,1.4344235431837002
اله تعالي,1.4342043938771991,1.4342043938771991
انفسهم,1.4319121926610847,1.4319121926610847
اسطح,-1.431066387126553,1.431066387126553
فالبلاد,1.4302204833141343,1.4302204833141343
كرعين,1.4299173141177546,1.4299173141177546
wa,-1.4294434825524702,1.4294434825524702
حاكم,1.428949742297558,1.428949742297558
قلبكم,1.4289422954938,1.4289422954938
رفع اليد,1.4288822214435966,1.4288822214435966
ناحيه,1.4284981059558235,1.4284981059558235
يكتب,-1.4282206390508325,1.4282206390508325
ذهب,-1.4280482207098397,1.4280482207098397
لا حول,-1.4278302927333437,1.4278302927333437
بنادم,1.427499030841399,1.427499030841399
عرب,1.427481672319333,1.427481672319333
يرحم لي,-1.4272997914542151,1.4272997914542151
بمطالب,1.4271816589983966,1.4271816589983966
امير تستهل,1.4271789696848223,1.4271789696848223
يبعثون,-1.4267981914563157,1.4267981914563157
مازلنا,-1.4264324079276904,1.4264324079276904
تناضل,1.4256963626406958,1.4256963626406958
لصالح,1.4256318452642005,1.4256318452642005
علابالي ربي,-1.4252393783861033,1.4252393783861033
متعه,-1.424848848501129,1.424848848501129
دم,1.4246329613961937,1.4246329613961937
يا وجوه,1.4245708204671965,1.4245708204671965
في الشعب,-1.4244330933734284,1.4244330933734284
فايت,1.4238381331804217,1.4238381331804217
حليمه,-1.4237554286826926,1.4237554286826926
ديجا,1.4237308986949642,1.4237308986949642
راك تضحك,-1.423555159522241,1.423555159522241
كل شي,-1.4230876849244112,1.4230876849244112
هي,-1.4229826164126784,1.4229826164126784
كويزينيار,-1.421886918538349,1.421886918538349
غيرو,-1.4218568530059352,1.4218568530059352
يطلب,1.4218530646130654,1.4218530646130654
الوم,1.4209956570517255,1.4209956570517255
يوفقكم,-1.4205442355720896,1.4205442355720896
غايبه,-1.420253655196223,1.420253655196223
نهايه,-1.4200765930733992,1.4200765930733992
الورقه,1.4197880584624731,1.4197880584624731
تاجرو,1.4197700035837963,1.4197700035837963
العائله,-1.4196662593720897,1.4196662593720897
وطيح,1.4195157244555432,1.4195157244555432
وربي,1.4194501587151027,1.4194501587151027
والعياذ,1.4192884326387312,1.4192884326387312
حق حقه,-1.4192058069185436,1.4192058069185436
قضيه,1.4191567593060639,1.4191567593060639
نتبع ختك,1.4188449304101822,1.4188449304101822
حذاري,1.4183906020590265,1.4183906020590265
قوه,-1.417955909895082,1.417955909895082
بلي راكم,1.417675516734199,1.417675516734199
بيتران,-1.4165740295692173,1.4165740295692173
حاجه,-1.4163544317464518,1.4163544317464518
وزير,1.415965989316969,1.415965989316969
بيبر,-1.4155025528038028,1.4155025528038028
الماصو,-1.4149144471652442,1.4149144471652442
الشجره,1.4148949343675516,1.4148949343675516
متضامن مع,-1.4134572996880561,1.4134572996880561
الشهاده,-1.4133760309583812,1.4133760309583812
الخضر,-1.4132611687064187,1.4132611687064187
عاش,1.4127344628373386,1.4127344628373386
فيك يا,1.411934089840422,1.411934089840422
العون,-1.4105512711631094,1.4105512711631094
زدت,1.4102159670767076,1.4102159670767076
اله يلعنكم,1.4093948295327885,1.4093948295327885
لندن,-1.4091902852141618,1.4091902852141618
الحمقي مشاهير,1.4089822466886046,1.4089822466886046
ايليو,-1.408903522362152,1.408903522362152
قروض,1.408418036222115,1.408418036222115
ارتفاع الاسعار,1.4080272988808091,1.4080272988808091
الزب,1.4076638402232002,1.4076638402232002
يا الادمن,1.4074972907921828,1.4074972907921828
واه,-1.407361077805892,1.407361077805892
نتمنى,1.4065899419875134,1.4065899419875134
هدي,1.4062759698822105,1.4062759698822105
سبور,1.4061417141832797,1.4061417141832797
تاع فتنه,1.4059205224805293,1.4059205224805293
30,-1.4059001665937911,1.4059001665937911
قدر,1.4058387288950698,1.4058387288950698
قديم,1.4056117626883529,1.4056117626883529
نجيبوك,-1.405268092903448,1.405268092903448
نعرفوه,1.4050614879331718,1.4050614879331718
قضاه,-1.4048295772523014,1.4048295772523014
نادي,-1.4047932698614944,1.4047932698614944
ياسر,1.4043988385113337,1.4043988385113337
الاموال المنهوبه,-1.4034128492383933,1.4034128492383933
يليق,1.4031995140857627,1.4031995140857627
مستنقع,-1.4026218694263255,1.4026218694263255
الاورو,1.4026095900417832,1.4026095900417832
تحكي,1.4019881688239544,1.4019881688239544
قواده,-1.401458634168268,1.401458634168268
ياخي الكريم,-1.4014253769113034,1.4014253769113034
على هذا,-1.4008499393093838,1.4008499393093838
وقف,1.4008175808918149,1.4008175808918149
بوشاشي,1.4007475690632192,1.4007475690632192
نوع,-1.4002300555576586,1.4002300555576586
تقطع,1.4000786045679812,1.4000786045679812
موالفين,1.3998579657270402,1.3998579657270402
يخدم,-1.3996170953656402,1.3996170953656402
خونا امير,1.3994388292751678,1.3994388292751678
كرسي,-1.3993498872369396,1.3993498872369396
تقاشر,1.3989182957893,1.3989182957893
لوناس,-1.3986016003868489,1.3986016003868489
الربح,-1.3981922584918767,1.3981922584918767
الزلزال في,1.3981855722332046,1.3981855722332046
الحبيب,1.3977311255349818,1.3977311255349818
الغاليه,1.3971305873552395,1.3971305873552395
تهنينا,1.397056451766346,1.397056451766346
داك,1.3968144451847202,1.3968144451847202
حرام,1.3964516984158688,1.3964516984158688
امسح,1.3960952712483883,1.3960952712483883
يعمل,1.3957438695664637,1.3957438695664637
اعجبني,-1.3956481802749305,1.3956481802749305
كيما انت,1.3954221619244758,1.3954221619244758
اسعد ربراب,-1.3949563607168913,1.3949563607168913
ويطالب,1.3948494279925103,1.3948494279925103
ملاين,-1.3948278622647468,1.3948278622647468
فهمتش,-1.3944975782249311,1.3944975782249311
غلط,1.3944827914125169,1.3944827914125169
ديرلي,-1.3940159606386884,1.3940159606386884
الدينار,-1.3935679729586206,1.3935679729586206
الا بالله,-1.3933635498691335,1.3933635498691335
بنه,-1.3932400377435645,1.3932400377435645
الاخ,-1.3929697390838616,1.3929697390838616
مهما كان,1.392833108060793,1.392833108060793
بركاو,1.3920498091621998,1.3920498091621998
ربنا,-1.3918729871320827,1.3918729871320827
et,1.3918726390014682,1.3918726390014682
يسقط,1.391803124296345,1.391803124296345
الحاجه لي,1.3910440901436134,1.3910440901436134
الهيبه,-1.391011716367908,1.391011716367908
حشا,-1.3908069762997308,1.3908069762997308
نبيع,-1.3905606705566504,1.3905606705566504
سيدي السعيد,-1.3903911576364487,1.3903911576364487
مكلاه,1.3903480409485325,1.3903480409485325
ارسلت,-1.3903052212912976,1.3903052212912976
الدرك,-1.3902716905202777,1.3902716905202777
اله عليهم,1.3900621584427233,1.3900621584427233
omelette,-1.3892240071012458,1.3892240071012458
الجزائر من,-1.3885531208184314,1.3885531208184314
يسلمكم,-1.3884185101199635,1.3884185101199635
يشوفو,1.388032144651793,1.388032144651793
حياتي,-1.3879827126724973,1.3879827126724973
ضرك,-1.3866968953767445,1.3866968953767445
بها,-1.3866652503082841,1.3866652503082841
الموقع,-1.3862580039961232,1.3862580039961232
ونحن ناءمون,1.38619113915341,1.38619113915341
ناءمون,1.38619113915341,1.38619113915341
bsahtek,-1.3860359744152566,1.3860359744152566
ربراب سراق,1.3859023411514246,1.3859023411514246
لي راهو,-1.3857690276447727,1.3857690276447727
الزوافي,-1.3857577157044252,1.3857577157044252
مضاهرات حاشده,-1.3857450218595946,1.3857450218595946
لكم,-1.3855471190024418,1.3855471190024418
تماك,-1.3854698254664968,1.3854698254664968
بشر,-1.3846387691028295,1.3846387691028295
فل,-1.3838199016334607,1.3838199016334607
مابين,1.3837148735378209,1.3837148735378209
تصبح,-1.3836891694850437,1.3836891694850437
رحم,1.3835967735385128,1.3835967735385128
قلبهم,1.3834535934163297,1.3834535934163297
الدجاج,-1.3830859829590856,1.3830859829590856
نبينا,1.3825078892540488,1.3825078892540488
نبينا محمد,1.3825078892540488,1.3825078892540488
ابطال,-1.3821040715976356,1.3821040715976356
معاشات,-1.38126109237623,1.38126109237623
انما,1.3801467885746819,1.3801467885746819
اله العظيم,-1.3790802979118018,1.3790802979118018
معا,1.3788505471357506,1.3788505471357506
امير ربي,-1.3784158169379137,1.3784158169379137
wach,1.3783901563777587,1.3783901563777587
en,1.3781976915900573,1.3781976915900573
تسليم,-1.3779829415356364,1.3779829415356364
سلاح,1.3778543616934116,1.3778543616934116
عارف,1.3777545172919767,1.3777545172919767
la page,1.3776597263305919,1.3776597263305919
تفاعل,-1.3776579579387926,1.3776579579387926
اسد,-1.3775182697583033,1.3775182697583033
الخميس,-1.3773797174221878,1.3773797174221878
بلاد الكفار,1.3770663285328115,1.3770663285328115
تسمع,1.376847936348363,1.376847936348363
هاشتاغ,-1.3767338162096796,1.3767338162096796
عندوا,1.3764815349855963,1.3764815349855963
برواحكم,1.37637192039104,1.37637192039104
بالجزاءر,-1.3763028110126465,1.3763028110126465
واش راكي,-1.3759267131408506,1.3759267131408506
حياه الرفاهيه,1.3751458352803212,1.3751458352803212
الفوق,-1.3749992001003242,1.3749992001003242
قودو,1.3747149732061994,1.3747149732061994
ربي سبحانو,-1.374535790425728,1.374535790425728
باس,1.374403067390612,1.374403067390612
فقراء,1.37428526409456,1.37428526409456
وشكيب,-1.3741101206288484,1.3741101206288484
العائلات,-1.3740750850881995,1.3740750850881995
حياك اله,-1.3738947136438178,1.3738947136438178
نفهم,-1.373285903129694,1.373285903129694
غدوا,1.3728971290474257,1.3728971290474257
اكبر سراق,1.3726122152652245,1.3726122152652245
فمواقع,1.3724737714757314,1.3724737714757314
كفاش,-1.3724230190170432,1.3724230190170432
يقوي,1.371153650324851,1.371153650324851
مخو,1.3708205514589087,1.3708205514589087
ماناش,1.3707724942573332,1.3707724942573332
المراه,1.37029618578623,1.37029618578623
مساكين,1.3702040718430288,1.3702040718430288
اوتوماتيك,-1.3702004757215835,1.3702004757215835
باعوا,1.3698029172092574,1.3698029172092574
تشرشل,1.3698029172092574,1.3698029172092574
بيعت,1.3698029172092574,1.3698029172092574
المال بيعت,1.3698029172092574,1.3698029172092574
زياده,-1.3697690853998288,1.3697690853998288
استاذ امير,-1.3695067534299776,1.3695067534299776
البنوك,1.3693774582720069,1.3693774582720069
اسيا,-1.3693178167270803,1.3693178167270803
مجمع,-1.3691500529425973,1.3691500529425973
بطس,-1.3691471263294002,1.3691471263294002
صدق,-1.3690660035322033,1.3690660035322033
وضعيه,-1.3690610870021713,1.3690610870021713
الله يشفي,-1.3688963341135627,1.3688963341135627
لي غاضهم,-1.3688836248605836,1.3688836248605836
المحلات,-1.3686889337848327,1.3686889337848327
اله ينعلكم,1.3683058237990215,1.3683058237990215
ماده,1.368131976192883,1.368131976192883
ايام,-1.3680378132193975,1.3680378132193975
يروحو,-1.3680231352120116,1.3680231352120116
الحمقى مشاهير,1.3680188568035672,1.3680188568035672
هل,-1.3679064698827978,1.3679064698827978
اشتري,-1.3677821901319736,1.3677821901319736
البشريه,-1.3673942161547112,1.3673942161547112
تقولوا,-1.367289688879586,1.367289688879586
انت راك,-1.3671987358192743,1.3671987358192743
نت,1.366923511281333,1.366923511281333
التراب,-1.3666149183922363,1.3666149183922363
التراب الوطني,-1.3666149183922363,1.3666149183922363
كامل التراب,-1.3666149183922363,1.3666149183922363
النصر,-1.3665109761197518,1.3665109761197518
بوصاشي,1.3660293646651371,1.3660293646651371
صفحه تاع,1.3659032626867633,1.3659032626867633
الحراقه,1.3657696305237965,1.3657696305237965
والمشكل,1.3656797099041287,1.3656797099041287
ماجر,1.3654455134825711,1.3654455134825711
الجواب,-1.364842794817567,1.364842794817567
بلي كاين,-1.3646324484278982,1.3646324484278982
تاع الماء,-1.3643972840092,1.3643972840092
جالهم العبيد,-1.3643526842811005,1.3643526842811005
علاش غاضهم,-1.3643526842811005,1.3643526842811005
العبيد علاش,-1.3643526842811005,1.3643526842811005
جالهم,-1.3643526842811005,1.3643526842811005
كشف,1.3641814661157938,1.3641814661157938
يا ودي,-1.364171185086998,1.364171185086998
روحي استري,1.3636720573533447,1.3636720573533447
وذلك,-1.3635923004149266,1.3635923004149266
وجاهله,1.3634893607764043,1.3634893607764043
فلماذا,-1.3633852747324353,1.3633852747324353
فوطاو,1.3632742837931837,1.3632742837931837
راجل لي,1.3631931158645165,1.3631931158645165
فعل,-1.3627838307655311,1.3627838307655311
مواطن بسيط,-1.3619264396386876,1.3619264396386876
العصابه الحاكمه,1.3616708820102226,1.3616708820102226
السابق,-1.3616207677432974,1.3616207677432974
هم من,1.3611367979885123,1.3611367979885123
وتحت,1.360058215409409,1.360058215409409
لي راه,1.3599086711170816,1.3599086711170816
اعلاه,-1.359639815002165,1.359639815002165
ندو,-1.3594675214184084,1.3594675214184084
سيدهم السعيد,1.35904501440122,1.35904501440122
فريطوملات بالبيض,-1.3589860565524816,1.3589860565524816
فريطوملات,-1.3589860565524816,1.3589860565524816
نتمني,1.358732657006703,1.358732657006703
غير شرعي,1.3577246381866932,1.3577246381866932
يحي,-1.3576808582850441,1.3576808582850441
وتعرف,1.3574907915704153,1.3574907915704153
الرغايه,-1.357445231215483,1.357445231215483
بيت الراحه,1.3573616657609082,1.3573616657609082
ضخم,-1.3573009279336146,1.3573009279336146
خطره,-1.357222697132284,1.357222697132284
رانا,-1.3570441474333,1.3570441474333
يا احرار,-1.356889523337175,1.356889523337175
العرض,-1.356874498143664,1.356874498143664
مها,1.356816795990015,1.356816795990015
مكانه,1.3563889235578448,1.3563889235578448
باجه,-1.356114409433075,1.356114409433075
مظلوما,-1.3560109511573528,1.3560109511573528
من المفروض,-1.3558682197575258,1.3558682197575258
تمنيكه,1.3558542218794651,1.3558542218794651
الحريه,-1.3556684164423851,1.3556684164423851
القوي,-1.355289942952915,1.355289942952915
السماح,-1.3552309093186825,1.3552309093186825
برا,-1.354919932355624,1.354919932355624
حول ولا,-1.3547691870524856,1.3547691870524856
مواقف,-1.354340165848206,1.354340165848206
الزيت وسكر,1.3543167080957716,1.3543167080957716
وسكر لمده,1.3543167080957716,1.3543167080957716
هو الله,-1.3533030128924328,1.3533030128924328
السنين,1.3523466778075965,1.3523466778075965
الشعارات,-1.3519760371089775,1.3519760371089775
الخدمه المعنيه,-1.3507582595654906,1.3507582595654906
مشفتش,-1.350245696333672,1.350245696333672
نتا مشفتش,-1.350245696333672,1.350245696333672
ani,-1.3495940979136452,1.3495940979136452
كنا,1.3495278262290304,1.3495278262290304
طاجين,-1.3493067151690465,1.3493067151690465
ندخل,-1.348855097846675,1.348855097846675
اقعدو,1.348685172161819,1.348685172161819
ينيكوك,1.3486756512148608,1.3486756512148608
ماعندنا,-1.3480379774278832,1.3480379774278832
ماشافوش,-1.348029983010264,1.348029983010264
قدرت,-1.3478630046925197,1.3478630046925197
الارهاب,1.3477833063852356,1.3477833063852356
لسنا,1.3477122891883,1.3477122891883
وكل شيء,-1.347346153464886,1.347346153464886
حال,1.3470912956374925,1.3470912956374925
كلها,-1.3468302961922387,1.3468302961922387
السمانه,-1.3467238291458892,1.3467238291458892
محمد صلاح,1.3465576697770276,1.3465576697770276
يخرج الجيش,-1.346426224545381,1.346426224545381
وال,-1.3463168814532878,1.3463168814532878
عمل,-1.3462229127801943,1.3462229127801943
سباب,1.3460903892559928,1.3460903892559928
يرحم معطوب,-1.3458304715109701,1.3458304715109701
خيار الناس,-1.345020210450411,1.345020210450411
الفشل,1.3448372346564266,1.3448372346564266
التحكم,-1.3447004223461327,1.3447004223461327
معناها,-1.3446037158110182,1.3446037158110182
نستفسر,-1.3445301022035556,1.3445301022035556
المالي,-1.3445204776975481,1.3445204776975481
مجتمع,-1.3444824299927933,1.3444824299927933
تزيدو,-1.3442267888518358,1.3442267888518358
ربي وكيلهم,1.3429758185688319,1.3429758185688319
يازح,1.3427584570861122,1.3427584570861122
دخلكم,-1.3427276710323033,1.3427276710323033
راه يحكي,1.342413568110224,1.342413568110224
محامين,1.342179712565405,1.342179712565405
اجعل,-1.342086181143842,1.342086181143842
تخرب,1.342079816980387,1.342079816980387
قلك,1.3419301606101925,1.3419301606101925
خوك,1.3418342537275807,1.3418342537275807
rak,1.341752292919674,1.341752292919674
سيادكم,1.3408816592801363,1.3408816592801363
نسا,1.3407161317964538,1.3407161317964538
فيهم ربي,-1.3399591478598816,1.3399591478598816
قولنا,-1.3398415082074262,1.3398415082074262
تقدير,1.3398284721991838,1.3398284721991838
العلامه,1.339692087013645,1.339692087013645
تخلاص,-1.3395452692821774,1.3395452692821774
ghir,1.339243043971333,1.339243043971333
العاءله,-1.3389904062087394,1.3389904062087394
نشارك,-1.3382485049823085,1.3382485049823085
طاب,1.3380475850361406,1.3380475850361406
حراك,-1.338046173208845,1.338046173208845
الغله,1.3378726973403092,1.3378726973403092
الواد,1.3375678006552065,1.3375678006552065
الجيش لا,1.3372508934446798,1.3372508934446798
لجزاءر,-1.3371189907510697,1.3371189907510697
المالك,1.3370982692034952,1.3370982692034952
توجع,-1.3370802739385843,1.3370802739385843
تبني,-1.3369817576087548,1.3369817576087548
mon,-1.3367667218458408,1.3367667218458408
الهند الصين,-1.336605511083094,1.336605511083094
فظلك,1.336462079650664,1.336462079650664
الصفحه,1.336155058344987,1.336155058344987
من زمان,1.3360527283581272,1.3360527283581272
20 سنه,1.3359517018063,1.3359517018063
المسكين,1.3357352211859723,1.3357352211859723
وكريم طابو,1.3357049952968554,1.3357049952968554
wlad,1.3351438836780847,1.3351438836780847
تصب,-1.3347773163107066,1.3347773163107066
ويقول,-1.3345931040528272,1.3345931040528272
وسيكون,-1.334526220925737,1.334526220925737
نحو,1.3344948864615995,1.3344948864615995
واله,-1.3340662585802128,1.3340662585802128
الذنوب,-1.3339805578054338,1.3339805578054338
ورخيس,1.3339615214431877,1.3339615214431877
ليهم,-1.3339427284873944,1.3339427284873944
بوتفليقه اليس,1.333756839714783,1.333756839714783
عهد بوتفليقه,1.333756839714783,1.333756839714783
ماريكان,-1.3335859101592658,1.3335859101592658
blad,1.3323482413448589,1.3323482413448589
روحي تعطي,1.3322870763278174,1.3322870763278174
حفتر,1.331989193614402,1.331989193614402
عايشها,1.3319161123184817,1.3319161123184817
ترفع,1.3316944652362537,1.3316944652362537
وسا,-1.3313254802840861,1.3313254802840861
مرتك,1.3312343034507317,1.3312343034507317
يريدونها,-1.3309769189273783,1.3309769189273783
الاجهزه,-1.3299861764605454,1.3299861764605454
وتشوف,1.3298242420342183,1.3298242420342183
يتحاسبو,1.3293682377761782,1.3293682377761782
اموات المسلمين,1.3291990154140019,1.3291990154140019
اخير,-1.3291960900226043,1.3291960900226043
يرحمك يا,-1.3291115660385948,1.3291115660385948
الله ربي,-1.3290020600203707,1.3290020600203707
نبقاو,1.328839403433658,1.328839403433658
يرجعوا,1.3288262215005258,1.3288262215005258
فوتنا,-1.3284797364303633,1.3284797364303633
المعاصي,-1.328418632674435,1.328418632674435
المنتج,-1.3278195720611357,1.3278195720611357
كمال,1.3267888342719818,1.3267888342719818
والنجاح,-1.3261806401678655,1.3261806401678655
نفسه,-1.3254369163435111,1.3254369163435111
وتكذبو,1.3252299731253823,1.3252299731253823
داير كي,1.3251500929420053,1.3251500929420053
سمارت,-1.3251048469710405,1.3251048469710405
مبعد,-1.3249590892852663,1.3249590892852663
المخ,-1.3246581426547972,1.3246581426547972
الدين,-1.3230997273875726,1.3230997273875726
ليله,-1.322802860461104,1.322802860461104
يقوله,1.3226865901485994,1.3226865901485994
تنهار,-1.3224559070482396,1.3224559070482396
الزامل,1.3224102824901076,1.3224102824901076
الملاير,-1.3221866034434293,1.3221866034434293
kayna,-1.3220917296275858,1.3220917296275858
خصوصا,1.3215724464528897,1.3215724464528897
نعمه,-1.3211547223260318,1.3211547223260318
وقعد,1.3211241639367306,1.3211241639367306
harkis,1.3209317966213956,1.3209317966213956
عمو,1.3209158047772838,1.3209158047772838
نتاع الصح,-1.3208952343014757,1.3208952343014757
خص,1.32067403131952,1.32067403131952
هكذا,1.319844443904604,1.319844443904604
اموال البترول,-1.3197164127129806,1.3197164127129806
تع زبي,1.31909334243367,1.31909334243367
كوكب,-1.3189310906635021,1.3189310906635021
الغني,-1.318853663508354,1.318853663508354
kabyle,1.3188364927851957,1.3188364927851957
الحقره,1.3187538544759203,1.3187538544759203
العربي,-1.3185153842075628,1.3185153842075628
في المغرب,-1.3174567507622992,1.3174567507622992
الدحداح,-1.3174191531944335,1.3174191531944335
kima nta,1.316782191840105,1.316782191840105
تبالي,-1.3166110555911505,1.3166110555911505
فرد,1.3164273046600325,1.3164273046600325
نتا تهدر,1.316344487817085,1.316344487817085
حوس,1.3162677721130531,1.3162677721130531
تقلي,-1.315784207400996,1.315784207400996
زواوله,1.3154634772157054,1.3154634772157054
نقاط,-1.3153732178352182,1.3153732178352182
السلام قبايلي,1.3150492811860905,1.3150492811860905
فعلتم,-1.3149004514242455,1.3149004514242455
لدرجه,1.3145625502736533,1.3145625502736533
كان في,-1.3128448684264404,1.3128448684264404
يا النقش,1.3122786634414343,1.3122786634414343
تحدث,-1.3121258522393089,1.3121258522393089
الكلب لي,1.3120312650189616,1.3120312650189616
يخلو,1.3119432653608216,1.3119432653608216
يتنحاو,1.311072057675579,1.311072057675579
مرتو,-1.310716533406475,1.310716533406475
تاع الصح,-1.3106361367684296,1.3106361367684296
الالهه,1.3104025922303588,1.3104025922303588
يا شيخ,-1.3099633838139428,1.3099633838139428
نفسها,-1.3099485384084741,1.3099485384084741
التعليم,-1.3098874017568511,1.3098874017568511
ياخو,1.309735878737251,1.309735878737251
سلميه,-1.309719273222347,1.309719273222347
فالجزائر,1.3095190372439216,1.3095190372439216
الميمز,-1.3089594924837415,1.3089594924837415
تنفس,-1.308915697659212,1.308915697659212
ديدين البندقيه,1.308737507434642,1.308737507434642
خير,1.3074440812153147,1.3074440812153147
كارثه,1.307345947352034,1.307345947352034
صالحي,1.306923096580115,1.306923096580115
نعيمه صالحي,1.306923096580115,1.306923096580115
جي,-1.3068866845129719,1.3068866845129719
التقدير,-1.3059735826618937,1.3059735826618937
قبايلي ربراب,1.3054136872571864,1.3054136872571864
نضحك,-1.305386287625821,1.305386287625821
يحفظك ويسترك,-1.3051259736058936,1.3051259736058936
الخرى,1.3050453388861183,1.3050453388861183
خريج,-1.30485237663961,1.30485237663961
قلبك,1.304188930445131,1.304188930445131
تستطيع,-1.303885954541333,1.303885954541333
تعارض,1.3032437997820046,1.3032437997820046
الجايح,1.302350976112866,1.302350976112866
صراح,-1.302128505161205,1.302128505161205
يعطيك,1.3016496029399611,1.3016496029399611
قلنا,-1.3016269410790362,1.3016269410790362
وحده شريك,-1.301583607400092,1.301583607400092
نعبدو ربي,-1.3014839797148516,1.3014839797148516
الصحه العافيه,1.300931467126168,1.300931467126168
توفر,-1.3006078660043605,1.3006078660043605
جمله,1.2998106519669235,1.2998106519669235
عندك,-1.299207994270473,1.299207994270473
فالخارج,1.2988733257081029,1.2988733257081029
قضايا,-1.2980468351695718,1.2980468351695718
عمار غول,1.297382742353634,1.297382742353634
تمدولي,-1.297120674713097,1.297120674713097
فقيره,1.2971146212596094,1.2971146212596094
العاطفه,-1.2969907021976186,1.2969907021976186
المسلمون,-1.2968053939770463,1.2968053939770463
كن,1.2967843348458044,1.2967843348458044
اضعاف,-1.296740897166893,1.296740897166893
لانهم,1.2965807871349146,1.2965807871349146
المعلومات,-1.2960965952229582,1.2960965952229582
شعال,-1.2957060575490076,1.2957060575490076
طويل,-1.2953217558678134,1.2953217558678134
رضا,1.2952370249875116,1.2952370249875116
جيت راجل,1.2951028072242077,1.2951028072242077
والدوله,-1.2949934827308878,1.2949934827308878
امير المازدا,1.2949858188833172,1.2949858188833172
الرابعه,1.29369137463042,1.29369137463042
الازمات,-1.2936016031977635,1.2936016031977635
تموشنت,-1.2933917454924317,1.2933917454924317
باين بلي,1.2932125873027496,1.2932125873027496
مازال ما,-1.2922624554929965,1.2922624554929965
على ربراب,1.291651756451384,1.291651756451384
يظنون,1.2914325519118144,1.2914325519118144
قنوات العار,-1.2913848522656757,1.2913848522656757
كدب,1.2913709005805662,1.2913709005805662
يا حر,-1.2912736191440093,1.2912736191440093
والشتم,1.2907768864889035,1.2907768864889035
يخسرلك الجهاز,1.290708214772262,1.290708214772262
باموال,1.290679275179487,1.290679275179487
كيما حكايه,-1.2899828181705668,1.2899828181705668
المحليه,-1.289893010474084,1.289893010474084
معندكش,1.2898811157176773,1.2898811157176773
تحب,-1.2897758886650883,1.2897758886650883
حاسي مسعود,-1.2897014824827788,1.2897014824827788
حاسي,-1.2897014824827788,1.2897014824827788
مرقه,-1.288413012700334,1.288413012700334
هو لي,1.2884127231769726,1.2884127231769726
جزء,1.2878806466310593,1.2878806466310593
من شر,1.2873999623717187,1.2873999623717187
مشكيتش,-1.286851077072131,1.286851077072131
والوا,1.286632202006752,1.286632202006752
لي عايش,-1.2862077581067939,1.2862077581067939
رانا نستناو,-1.2848664170190331,1.2848664170190331
الاصل,1.2847992082592887,1.2847992082592887
مادام,1.2841656428261536,1.2841656428261536
مفهمتش,-1.2841016536429737,1.2841016536429737
السنه الخامسه,-1.2836338485362702,1.2836338485362702
خدامين عند,-1.2836019954402684,1.2836019954402684
لاباج,1.2832695146169963,1.2832695146169963
مشارك,1.2829965406414234,1.2829965406414234
ماتشريش زيت,1.2819193340155803,1.2819193340155803
وعلي,1.2815590478326504,1.2815590478326504
جنه الفردوس,1.281310348148777,1.281310348148777
هؤلاء,1.2811969436280886,1.2811969436280886
فما,1.281190038408505,1.281190038408505
بيهم,-1.2798110305770851,1.2798110305770851
اخواني,-1.2798094217307012,1.2798094217307012
فيك استاذ,-1.2797997049065486,1.2797997049065486
هاذ,1.2796869459805955,1.2796869459805955
ntouma,1.2794989157119534,1.2794989157119534
يقرر,1.2793533900069518,1.2793533900069518
المباشر,-1.2793159616734855,1.2793159616734855
ترى,1.279197284670273,1.279197284670273
الانسانيه,-1.279129253070471,1.279129253070471
اليهود,-1.2790764595229989,1.2790764595229989
شرفاء,-1.278896084022233,1.278896084022233
بقره,1.2788185675601853,1.2788185675601853
الاغتصابيه,1.2788006265599152,1.2788006265599152
ورانا معاك,1.278418579376128,1.278418579376128
عارف بلي,1.2781580688690544,1.2781580688690544
يجب,-1.2781153541417984,1.2781153541417984
جده,-1.2778287739232193,1.2778287739232193
راح تولي,1.2777513944129077,1.2777513944129077
املات بالبيض,-1.277177228026728,1.277177228026728
كومنتار,1.2769005189146003,1.2769005189146003
على واحد,1.276462879477641,1.276462879477641
يقول,-1.2764136160307795,1.2764136160307795
ياامير,1.275878333148309,1.275878333148309
ياه,-1.2757368220243843,1.2757368220243843
يجازيكم,-1.2757031167642108,1.2757031167642108
راجعون,-1.2755213475345057,1.2755213475345057
اولادهم,-1.2752982746883574,1.2752982746883574
انا شريت,-1.2752859468225124,1.2752859468225124
حبيبتي,1.274903597323172,1.274903597323172
لتونس,-1.2745655605778152,1.2745655605778152
بعينه,-1.2731678573700196,1.2731678573700196
واين,-1.2726879178699666,1.2726879178699666
تخدم روحك,1.272569136492171,1.272569136492171
كان من,-1.2721442297605061,1.2721442297605061
يعطيهم الصحه,-1.2721099324542051,1.2721099324542051
يروح يعطي,1.2719540369727358,1.2719540369727358
يدبر,-1.271745816539323,1.271745816539323
لوقان,-1.2716371323181241,1.2716371323181241
مليار دولار,1.2714831106516369,1.2714831106516369
العجب,-1.2711858775340197,1.2711858775340197
راك ساكن,-1.2711434611333554,1.2711434611333554
ليها,1.2711341426167229,1.2711341426167229
معترف بها,1.2708378638905853,1.2708378638905853
brk,-1.2706007988317114,1.2706007988317114
وحده لا,-1.2700947149629704,1.2700947149629704
بيض,-1.2689263341554655,1.2689263341554655
اويحي,-1.2677979373202388,1.2677979373202388
المولوخيه,1.2677270525431872,1.2677270525431872
قتلتونا,1.2675489241712152,1.2675489241712152
حمل,-1.2674197868072261,1.2674197868072261
رحله,-1.2674125677461265,1.2674125677461265
امي,1.2663402884841222,1.2663402884841222
يا الذباب,1.265957233021377,1.265957233021377
لقبائل,-1.2659556718462381,1.2659556718462381
انتم مجرد,1.2652212453948473,1.2652212453948473
hada,1.2651791428204067,1.2651791428204067
الجيش,-1.2648450827840243,1.2648450827840243
رابي,-1.2645668108637247,1.2645668108637247
الزيت راه,-1.2644984008721085,1.2644984008721085
الاسلامي,-1.264337140310062,1.264337140310062
اله يرحمو,-1.26395821157293,1.26395821157293
الجديده,-1.2636544727775394,1.2636544727775394
يا من,1.2636001065516447,1.2636001065516447
اغبياء,1.2635854472065644,1.2635854472065644
عمرها,1.2631959285412835,1.2631959285412835
الداخل,-1.2631911086477419,1.2631911086477419
الحقيقي,1.2631164123575016,1.2631164123575016
وطنه,-1.2628153456371678,1.2628153456371678
صالحه,-1.2626819542870833,1.2626819542870833
القمر,-1.2623677018972934,1.2623677018972934
بينكم,-1.2620175644079836,1.2620175644079836
روحي توبي,1.2615684423279525,1.2615684423279525
توبي,1.2615684423279525,1.2615684423279525
مازالوا,-1.2608297732712335,1.2608297732712335
السبب,-1.2608081351486287,1.2608081351486287
حقا,1.2607527128742553,1.2607527128742553
انت لست,-1.2607097847710969,1.2607097847710969
تجويع,-1.260665252392227,1.260665252392227
قتلهم,1.2603708314039817,1.2603708314039817
الطغاه,1.2603383675290598,1.2603383675290598
اتركوا,-1.2600563810404262,1.2600563810404262
وحد,1.2594624763839644,1.2594624763839644
تصفيه,-1.259394221670457,1.259394221670457
مع بعض,-1.259306340371662,1.259306340371662
الذبان,1.2591482672688907,1.2591482672688907
موضوع,1.2588418848068672,1.2588418848068672
زعما,-1.258213959320241,1.258213959320241
واصل,-1.257564560017876,1.257564560017876
الشافي,-1.2575564894386368,1.2575564894386368
ايه تحوس,-1.257450983556241,1.257450983556241
قالي,-1.2571789188694553,1.2571789188694553
عاجلا,1.2567165523252128,1.2567165523252128
ياوجه,1.2565848955837,1.2565848955837
هذا الشعب,1.2562495412833634,1.2562495412833634
الخليفه,-1.2557133500398587,1.2557133500398587
يرحمك,-1.2552440569360834,1.2552440569360834
وين رانا,-1.2551963039676977,1.2551963039676977
ربراب لي,-1.2550148949262043,1.2550148949262043
مزالكم,1.254784540179873,1.254784540179873
انتما,-1.2546188896093324,1.2546188896093324
نتا كي,1.254314892076394,1.254314892076394
بالطبع,-1.2541318818970695,1.2541318818970695
ربراب حداد,1.2536477291955213,1.2536477291955213
متخلف,1.2526715073570691,1.2526715073570691
في كاش,1.2526512221899608,1.2526512221899608
حرام عليكم,-1.2523153689201518,1.2523153689201518
باجتك,1.2517637283909644,1.2517637283909644
جاء,-1.2517344177472667,1.2517344177472667
على الدوله,1.2517152853693219,1.2517152853693219
باغي,1.2512158049733941,1.2512158049733941
ظلم,-1.2510688106991472,1.2510688106991472
معهم,1.2508596763356095,1.2508596763356095
راه عايش,1.2506598790495995,1.2506598790495995
ربراب ولا,-1.2501725585009111,1.2501725585009111
الدماء,1.250111562535159,1.250111562535159
المرحله,1.2495097767870782,1.2495097767870782
متمنيه,-1.249175681859945,1.249175681859945
قضايا الفساد,-1.2491040201413839,1.2491040201413839
تجي,1.2490348412220882,1.2490348412220882
روح ترقد,-1.2487904922297108,1.2487904922297108
bla,1.247405019343258,1.247405019343258
باش كي,1.2463230344048326,1.2463230344048326
تخير,1.2461086580125356,1.2461086580125356
بريطانيا,-1.2457495708154263,1.2457495708154263
يضحكو,-1.2454790969914324,1.2454790969914324
الصدور,-1.2453082041179195,1.2453082041179195
شراء,-1.2446391343459697,1.2446391343459697
تخسر,1.2444400402999558,1.2444400402999558
حكموهم,-1.2432171755810169,1.2432171755810169
اك,-1.243192799490572,1.243192799490572
في عمرك,1.2431495238849046,1.2431495238849046
العامه,-1.2430247984514111,1.2430247984514111
mel,-1.2428859699498231,1.2428859699498231
ارهاب,1.242156777658378,1.242156777658378
يلحقوا,-1.2420480852279514,1.2420480852279514
تعاير,1.2416224555108848,1.2416224555108848
que,-1.2413956148168015,1.2413956148168015
وخاصتا,1.2412998235150923,1.2412998235150923
استهزاء,-1.2403556222605803,1.2403556222605803
عندي,-1.2402582109954412,1.2402582109954412
المنكر,-1.2398357094108114,1.2398357094108114
وقع,-1.2397728139283666,1.2397728139283666
سلميه سلميه,1.2392586925773519,1.2392586925773519
اولادنا,1.2391072739237377,1.2391072739237377
وجهه,1.2369226691106412,1.2369226691106412
اللص,1.2355838834216066,1.2355838834216066
شريفه,1.2346288219352604,1.2346288219352604
عربيه,-1.234472409378822,1.234472409378822
التحيه,-1.2340443824180833,1.2340443824180833
وبزاف,-1.2338682269863859,1.2338682269863859
تجوز,-1.2336180959977572,1.2336180959977572
بذات,1.2326730478456849,1.2326730478456849
دك,1.2325098977580262,1.2325098977580262
البيض,1.2322933968966863,1.2322933968966863
واش راك,-1.2321959540212664,1.2321959540212664
نيك عمري,1.23184725530802,1.23184725530802
كلبك يتبعك,1.2317255702799481,1.2317255702799481
عباد كيما,1.231288226678078,1.231288226678078
aime,-1.2310824813722232,1.2310824813722232
يا وجه,1.2310703964788448,1.2310703964788448
وهذاك,1.228762254804294,1.228762254804294
اقل,-1.2287208125558056,1.2287208125558056
الله احرار,-1.2280142935504925,1.2280142935504925
مع العلم,-1.2278523155961332,1.2278523155961332
يطلق,-1.2265062039350256,1.2265062039350256
الحق بصح,1.2264584431219216,1.2264584431219216
العزيز,-1.2263300442206775,1.2263300442206775
الاخيره,1.226172305772299,1.226172305772299
يسهل,-1.2260256592432375,1.2260256592432375
جبنه,-1.2258743384548665,1.2258743384548665
الرزق,-1.2252912009728725,1.2252912009728725
بلا بيض,-1.2246639774522126,1.2246639774522126
مت,1.2245308557949004,1.2245308557949004
قضاء,-1.224250092241863,1.224250092241863
بعده,-1.223437646741675,1.223437646741675
تعبدو,-1.2231746481083756,1.2231746481083756
لعقوبا,1.2230298532637836,1.2230298532637836
باش,-1.2229764892407524,1.2229764892407524
نعرفوك,1.2223896347605163,1.2223896347605163
راجلك,1.2212119450249808,1.2212119450249808
باله العلي,-1.220923667601093,1.220923667601093
الاخير,-1.2209170553918416,1.2209170553918416
استغفرو,1.220696087798055,1.220696087798055
كلاك,1.2206706734548918,1.2206706734548918
اسبوع,-1.2206491008420708,1.2206491008420708
يهدرو,1.2201326247916335,1.2201326247916335
ويتنحاو قع,-1.2194470714829577,1.2194470714829577
انش,-1.2191372505238147,1.2191372505238147
مالا,-1.2187062246488258,1.2187062246488258
كره منك,1.2179942642112114,1.2179942642112114
سمارت شحال,-1.2172542264959432,1.2172542264959432
طول,1.2167459967922396,1.2167459967922396
قولو,1.2166042205230407,1.2166042205230407
الفور,-1.2164109399519136,1.2164109399519136
الله اعلم,-1.2158748138630386,1.2158748138630386
الولايات,1.2152537114457125,1.2152537114457125
مخبرات ارهابيه,1.215233843882865,1.215233843882865
واحد من,1.213561062052095,1.213561062052095
الوطني الشعبي,1.2131823988863455,1.2131823988863455
الكهرومنزليه,-1.211916751187031,1.211916751187031
القتال,-1.2118216579291816,1.2118216579291816
جزايري,-1.2118014144491527,1.2118014144491527
رح,-1.2114669171342267,1.2114669171342267
اتكلم,-1.2113295581508465,1.2113295581508465
المواقع,-1.2112925986223437,1.2112925986223437
امول,-1.2108991223399141,1.2108991223399141
يدعون,1.2107916006722679,1.2107916006722679
المشع,1.2096414410585894,1.2096414410585894
تخرا,1.209099359088812,1.209099359088812
allah,-1.2087675541764997,1.2087675541764997
al,1.2072321025028776,1.2072321025028776
منيتك,-1.2069878803937288,1.2069878803937288
نقعد,1.2069438053906862,1.2069438053906862
كثيرا,-1.206828517153291,1.206828517153291
الحكايه,-1.2067574579464604,1.2067574579464604
الجزايرين,1.2065167940465376,1.2065167940465376
تعشق,-1.206225909419916,1.206225909419916
رانا مع,1.2059895007006136,1.2059895007006136
وراه,1.205790778145549,1.205790778145549
باستعمال,1.205757929629855,1.205757929629855
موتوا بغيضكم,1.2057230810979065,1.2057230810979065
متلعبش,-1.2054326235565096,1.2054326235565096
الصحون,-1.205337477689536,1.205337477689536
رب العالمين,-1.2051671644053439,1.2051671644053439
مره,-1.2051496859764832,1.2051496859764832
شاب,1.205052874992691,1.205052874992691
يرحم الشهداء,-1.2049860528948413,1.2049860528948413
الو وينك,-1.2045170175954585,1.2045170175954585
الجزاءرين,1.2042902821412813,1.2042902821412813
تروحش,1.2041833770810901,1.2041833770810901
انا شاوي,1.2039466488662456,1.2039466488662456
الله انا,1.203906268252257,1.203906268252257
ازمه خانقه,1.2036353309438124,1.2036353309438124
دايما,-1.2033629862915562,1.2033629862915562
في دوله,1.2033563648777217,1.2033563648777217
شيء اسمه,1.203250664132996,1.203250664132996
كان ما,1.203065084202075,1.203065084202075
صباح,-1.2030402627377403,1.2030402627377403
يثبتك,1.202890722691605,1.202890722691605
الشعب الجزاءري,-1.202836416380807,1.202836416380807
جهويه,-1.2023192697946232,1.2023192697946232
من النجاح,-1.2021860049425228,1.2021860049425228
هاتين,1.2019609169140224,1.2019609169140224
ايها الذين,-1.201883254039109,1.201883254039109
الذين امنوا,-1.201883254039109,1.201883254039109
تعبك,1.2018032931445712,1.2018032931445712
علما,-1.2017431540817258,1.2017431540817258
بالبراكه عليك,-1.201666008582841,1.201666008582841
بلقاسم,1.2015003508075255,1.2015003508075255
معظم,-1.201099914846388,1.201099914846388
البخص,1.201044203782373,1.201044203782373
حيث,-1.20095699543848,1.20095699543848
راهي دافع,1.2008989886603827,1.2008989886603827
واسكنه,-1.2008036380061617,1.2008036380061617
واسكنه فسيح,-1.2008036380061617,1.2008036380061617
وقت الصح,-1.2006427173222605,1.2006427173222605
خارج الحدود,1.2001720853891606,1.2001720853891606
اراضي,-1.200115138759713,1.200115138759713
نعبد,-1.2000852123089758,1.2000852123089758
لباس,-1.19986822474753,1.19986822474753
روح شوف,1.1996454992328907,1.1996454992328907
ازمه,-1.1993950817642403,1.1993950817642403
كاذبه,1.1992204836121885,1.1992204836121885
القيمه,-1.1988301194266324,1.1988301194266324
نسيتها,-1.1982653866753359,1.1982653866753359
يحصل,1.197964152311905,1.197964152311905
ولد قحبه,1.1977254273159603,1.1977254273159603
يكم,-1.1977207322741044,1.1977207322741044
طريقه,-1.1976061416631578,1.1976061416631578
يفهمها,-1.197452508772229,1.197452508772229
اخي العزيز,-1.1973084119500155,1.1973084119500155
الراجل,1.1972160164077703,1.1972160164077703
يا سبي,1.19695532140478,1.19695532140478
وكيلهم شياطين,1.1969009973182256,1.1969009973182256
بربراب,1.196180337377907,1.196180337377907
سير,1.196100644367052,1.196100644367052
saha,-1.1958859801755197,1.1958859801755197
ذوي,-1.1957333067107678,1.1957333067107678
ينصر الحق,-1.1951713253433431,1.1951713253433431
طرول,1.1946024859604312,1.1946024859604312
سراحه,1.1939677326569829,1.1939677326569829
تكرهو,1.1936143253317013,1.1936143253317013
يعطيك الصحه,-1.1928804484438407,1.1928804484438407
nik mok,1.1927377896382845,1.1927377896382845
حياتهم,-1.1921654563329978,1.1921654563329978
عمره,1.191950643313546,1.191950643313546
يا نقش,1.1904214834981963,1.1904214834981963
اصحابه,-1.1902567603222698,1.1902567603222698
الشان,1.189664153225239,1.189664153225239
تظل,1.1896070219614605,1.1896070219614605
حداد او,-1.1893142028646067,1.1893142028646067
اعطيوني,-1.1892789058061124,1.1892789058061124
عام,-1.188460183238794,1.188460183238794
نزيدلك,1.1881761087263853,1.1881761087263853
نحن,-1.1880721205104987,1.1880721205104987
التعبير,-1.1878456831977275,1.1878456831977275
مطلقه,1.187362937510346,1.187362937510346
البوليزاريو,-1.1873126086208414,1.1873126086208414
يا صاحب,-1.1872256193931474,1.1872256193931474
معاك يا,-1.187194030152643,1.187194030152643
نشوف,1.1870176092909517,1.1870176092909517
عن,-1.186401338459,1.186401338459
تمسخرو بينا,-1.186340168044752,1.186340168044752
في الفتنه,-1.1863016837851479,1.1863016837851479
الا باله,-1.1859157453515525,1.1859157453515525
اسف,1.1857516805578983,1.1857516805578983
المستحيل,-1.1852601393934885,1.1852601393934885
الرجال راك,1.1849144430451695,1.1849144430451695
لا واحد,-1.1846450946488907,1.1846450946488907
الاجناس,1.184315995895334,1.184315995895334
سيتم,1.1830269106719111,1.1830269106719111
3la,1.1828673971203079,1.1828673971203079
الابرار,-1.1825630714053366,1.1825630714053366
يخليكم,-1.1821456520308482,1.1821456520308482
واقيل,-1.1820650413744043,1.1820650413744043
استاذي,1.1819833881400763,1.1819833881400763
مخابرات منضمه,1.1818430548922723,1.1818430548922723
المسءول,-1.1815561882236898,1.1815561882236898
زيد,-1.1814077031666488,1.1814077031666488
الوالدين,-1.181380480173466,1.181380480173466
الخدمه زيرو,1.1812446095129425,1.1812446095129425
اكسو وهران,1.1812446095129425,1.1812446095129425
عندهم تاقه,1.1812446095129425,1.1812446095129425
تاقه,1.1812446095129425,1.1812446095129425
مكسره الخدمه,1.1812446095129425,1.1812446095129425
تاقه مكسره,1.1812446095129425,1.1812446095129425
زيرو اكسو,1.1812446095129425,1.1812446095129425
اله يحفظكم,-1.1810564321969037,1.1810564321969037
قبائلي,1.1809264516977949,1.1809264516977949
يهديكم,1.1807480178540044,1.1807480178540044
تسمي,-1.1804302998507947,1.1804302998507947
من فضلك,-1.1799173232252038,1.1799173232252038
في دزاير,1.1792598066658315,1.1792598066658315
واحنا,-1.179202314734739,1.179202314734739
ماشي عسكريه,1.1789032233606525,1.1789032233606525
ويتبع,1.1787792365476695,1.1787792365476695
عليا,-1.1783832350489005,1.1783832350489005
يديهم,1.1782031450634713,1.1782031450634713
مش عيب,-1.177261945140995,1.177261945140995
زوالي,1.177014076335156,1.177014076335156
رسميا,1.1768525385640227,1.1768525385640227
وين وصل,1.176667979306912,1.176667979306912
حين,-1.1761660788073132,1.1761660788073132
نري,1.1759811197330208,1.1759811197330208
يا ولاد,1.1758526011147692,1.1758526011147692
يا جحش,1.1754719962204034,1.1754719962204034
فالجزاءر,1.1754019582941482,1.1754019582941482
البراكه,-1.174952774067726,1.174952774067726
سمير,-1.1749182303161925,1.1749182303161925
يطول,-1.1747736030195772,1.1747736030195772
الزيت,-1.174460143218442,1.174460143218442
اتقي اله,-1.1726269688107394,1.1726269688107394
الباطل,1.172592279009206,1.172592279009206
تاني,-1.1724804974601535,1.1724804974601535
ويخرج,1.1721415843409644,1.1721415843409644
زمان,-1.171799888282104,1.171799888282104
اعتذر,-1.171688704023238,1.171688704023238
وتكون,-1.1714131482331873,1.1714131482331873
اله يرحمها,-1.1713420312417173,1.1713420312417173
وزبي,1.1712511444036084,1.1712511444036084
من المغرب,-1.1710590302525652,1.1710590302525652
مرت,1.1710528057113627,1.1710528057113627
مشكور,-1.1703779397067835,1.1703779397067835
اقرا,1.170225742485974,1.170225742485974
عجبهمش,-1.1699676942827582,1.1699676942827582
فانتم,1.1699370664398816,1.1699370664398816
نيكوهم,1.1697413710738518,1.1697413710738518
تحل,-1.1697052065003677,1.1697052065003677
حروف,1.1695304068560364,1.1695304068560364
سا,1.1687240766693032,1.1687240766693032
وتاع,1.1683497938398062,1.1683497938398062
اندهش,1.1681774598907746,1.1681774598907746
يرحو,-1.1681203221477288,1.1681203221477288
الاسود,-1.167637043192563,1.167637043192563
يخلف,1.167186394708402,1.167186394708402
هاو,1.1669571292362337,1.1669571292362337
مخ,1.1667649264920912,1.1667649264920912
سوف,-1.1666210657685647,1.1666210657685647
اتصل,-1.166454083115245,1.166454083115245
عندنا,-1.1652651555930553,1.1652651555930553
عقيده,-1.1649151482969626,1.1649151482969626
انتا,1.164831274817336,1.164831274817336
حسبنا,-1.1643346252765634,1.1643346252765634
seqsi,-1.1642330520889757,1.1642330520889757
اراك,-1.1641406645961354,1.1641406645961354
خاوتنا,-1.1638602755026326,1.1638602755026326
على مستوى,-1.1633327402956601,1.1633327402956601
كونك,1.163316946937091,1.163316946937091
زجاج,1.1630805398673587,1.1630805398673587
اصل البسبوسه,-1.162730578800642,1.162730578800642
التابعه,-1.162328643862792,1.162328643862792
الغبار,1.1622693288928039,1.1622693288928039
دافع,1.1617642059409237,1.1617642059409237
محلاتكم,-1.161703217166462,1.161703217166462
مول,1.1616258796480734,1.1616258796480734
ردوا,1.161021224059719,1.161021224059719
معنا,-1.1609567941751566,1.1609567941751566
تما,-1.160929721364281,1.160929721364281
لصفحه,-1.1608037118671384,1.1608037118671384
اني,-1.1607670655448865,1.1607670655448865
ويفك,1.1605717841378602,1.1605717841378602
وزيد,1.1604981880064333,1.1604981880064333
المياه,-1.1604635493924673,1.1604635493924673
الحكومات,-1.1602600438688362,1.1602600438688362
مخابارات,1.1602214004051585,1.1602214004051585
ترجعو,1.159933765700811,1.159933765700811
الكلاب تنبح,1.1597756143866997,1.1597756143866997
عارفه,1.159520911433058,1.159520911433058
ذيك,1.1589365540234853,1.1589365540234853
الفواتير,-1.1583982185380473,1.1583982185380473
مكانش,-1.1582977718462915,1.1582977718462915
القط,-1.158291771219928,1.158291771219928
اشهار,-1.1576626187927752,1.1576626187927752
هذه,-1.1567690164257394,1.1567690164257394
النشر,-1.1566203743178163,1.1566203743178163
حزب,1.1566159134624667,1.1566159134624667
كع,-1.1562060052949805,1.1562060052949805
مبرووك,-1.1556626268188726,1.1556626268188726
خليك,-1.1554111406044256,1.1554111406044256
حيرتني الناس,1.155345719511161,1.155345719511161
راه يرزق,1.155345719511161,1.155345719511161
يرزق فيكم,1.155345719511161,1.155345719511161
لي حيرتني,1.155345719511161,1.155345719511161
فيكم مثلا,1.155345719511161,1.155345719511161
حيرتني,1.155345719511161,1.155345719511161
فيهم,-1.154933115441029,1.154933115441029
يدير,1.1544050049747936,1.1544050049747936
واقع,1.1543832690920364,1.1543832690920364
الخاج,-1.1541367770456783,1.1541367770456783
تحت شعار,-1.154126965424355,1.154126965424355
داير حاله,1.1521497925327433,1.1521497925327433
يعطيكم,1.1521063642162235,1.1521063642162235
والي,-1.1510905117108932,1.1510905117108932
ارجوكم,-1.1509055709531328,1.1509055709531328
الا الله,1.1508270031739738,1.1508270031739738
الصحه,-1.1507326188560716,1.1507326188560716
لاجل,1.150635185690979,1.150635185690979
ان اكون,1.150271364297592,1.150271364297592
الي في,-1.1501521789294866,1.1501521789294866
ويحترم,1.1495053229942,1.1495053229942
جسر,-1.1494976894361628,1.1494976894361628
هتلر,-1.1494864240938587,1.1494864240938587
diro,1.1493497277508777,1.1493497277508777
الرحمان الرحيم,1.1491601102413869,1.1491601102413869
يومين,-1.149079317729413,1.149079317729413
تاحم,1.1489198335112416,1.1489198335112416
تمر,-1.1488350777052634,1.1488350777052634
نقطه,1.1487326845810542,1.1487326845810542
بي البيض,-1.1486736059234364,1.1486736059234364
السجن,1.1485559714495024,1.1485559714495024
فهم,-1.1484925721014396,1.1484925721014396
وكبيره,-1.1483062010262262,1.1483062010262262
راهم يخلصو,-1.1479781133969655,1.1479781133969655
كبش,1.14792090666446,1.14792090666446
مع المقاطعه,1.1478925415082755,1.1478925415082755
سعيده,1.147146221909388,1.147146221909388
زعمه,1.1470325750812318,1.1470325750812318
غاضهم,-1.1465408743085739,1.1465408743085739
الخزينه,1.1464793253103533,1.1464793253103533
انهم,1.1460477198975836,1.1460477198975836
المقاطعه هي,-1.1458092173458931,1.1458092173458931
201,1.1455116976012003,1.1455116976012003
ويسكنه,-1.14514582081594,1.14514582081594
دراهم الشعب,1.1443807601121356,1.1443807601121356
العديد,-1.144190716729262,1.144190716729262
لرجال,1.1441115458627593,1.1441115458627593
راو,-1.1440043335814738,1.1440043335814738
انتاعو,1.1439467492300268,1.1439467492300268
القافله تسير,1.143532170892955,1.143532170892955
اشاء,-1.1432901666739657,1.1432901666739657
الحاضر,-1.143017964758137,1.143017964758137
طلبت,1.1429736242976065,1.1429736242976065
اغلب,-1.1428421095286843,1.1428421095286843
ادي,1.1425794038553707,1.1425794038553707
الاستقاله,-1.1425638409995993,1.1425638409995993
الدرس,-1.1421686109685734,1.1421686109685734
اعلي,1.1421505669954968,1.1421505669954968
نهب,1.1421063706265373,1.1421063706265373
انو,1.142070566154816,1.142070566154816
الشر هذي,1.1419042679600016,1.1419042679600016
عائله,1.1415826919649072,1.1415826919649072
بعدها,-1.141455313528858,1.141455313528858
ان كل,1.1411681274364576,1.1411681274364576
نعرفو,1.1409890606196802,1.1409890606196802
بشكل,-1.14072057582595,1.14072057582595
ولازم,1.1403360439414256,1.1403360439414256
سامسونق,-1.1399301476322177,1.1399301476322177
وثيقه,1.1398131078216436,1.1398131078216436
مجرد وثيقه,1.1398131078216436,1.1398131078216436
المفسدين,1.1396020158507325,1.1396020158507325
امير dz,-1.1384711723321193,1.1384711723321193
سعوديه,-1.1377790902566038,1.1377790902566038
يخلصوا,1.1376097470629125,1.1376097470629125
تنجم,1.13680268139768,1.13680268139768
معترف بيها,1.136531871741972,1.136531871741972
بينه,-1.1362803833679056,1.1362803833679056
يغير,-1.1358535782691197,1.1358535782691197
جبري,1.1352887799050133,1.1352887799050133
يسمعو,-1.1350798835763187,1.1350798835763187
سلام,-1.1349573339233168,1.1349573339233168
المسلحه,-1.1348390816783198,1.1348390816783198
نعبدو,1.1347073365138387,1.1347073365138387
فكيف,1.1338468936482402,1.1338468936482402
تجار,1.1335268522691386,1.1335268522691386
خرجتلي,-1.1332887030950913,1.1332887030950913
كوب دافريك,-1.133168830357678,1.133168830357678
كوب,-1.133168830357678,1.133168830357678
دافريك,-1.133168830357678,1.133168830357678
فريت اوملات,-1.1331484669195737,1.1331484669195737
لباج,1.1329175753270715,1.1329175753270715
يوحد,1.1327217803704852,1.1327217803704852
كي ربي,1.132715004205796,1.132715004205796
fi,1.1326884109983222,1.1326884109983222
يحط,1.1323910453264832,1.1323910453264832
يرحم باباك,-1.1323896539446012,1.1323896539446012
الفورنو,1.1318514647958624,1.1318514647958624
لبلاد,1.1316078051392895,1.1316078051392895
بديتو,1.1313994896759432,1.1313994896759432
بنوزه,-1.1313582613789168,1.1313582613789168
المدرسه,1.1311760209803816,1.1311760209803816
وكما,-1.1309825326013367,1.1309825326013367
الماء,1.1305241320226043,1.1305241320226043
تقل,-1.1304847180877309,1.1304847180877309
اروع,-1.1299595986224564,1.1299595986224564
البلدين,-1.1298703957490837,1.1298703957490837
جاري,1.1297019506987231,1.1297019506987231
كغ,-1.1291311485579807,1.1291311485579807
محاسبه,1.129080195961863,1.129080195961863
مابقاش بزاف,-1.1287976853080066,1.1287976853080066
انتظار ردكم,-1.1287257798505115,1.1287257798505115
الحل الوحيد,1.12856010439824,1.12856010439824
رجل الاعمال,1.1283949720258106,1.1283949720258106
مكش,-1.1280665051900676,1.1280665051900676
حاجه شابه,-1.1278519772967748,1.1278519772967748
جماعه المعطوبين,1.1261607521460137,1.1261607521460137
واش دعوه,1.1261607521460137,1.1261607521460137
المعطوبين واش,1.1261607521460137,1.1261607521460137
دعوه الشعارات,1.1261607521460137,1.1261607521460137
وتسبوا,1.1261607521460137,1.1261607521460137
الشعارات تبون,1.1261607521460137,1.1261607521460137
رايتم,-1.125999193450571,1.125999193450571
كيما,1.1247620224804094,1.1247620224804094
باج,-1.1243983787136218,1.1243983787136218
مجموعه من,1.1243529254615243,1.1243529254615243
hadou,1.1241895294712365,1.1241895294712365
المجال,1.1241483816434543,1.1241483816434543
نرزقهم,-1.1238059781057923,1.1238059781057923
ليوم,-1.1236497335441389,1.1236497335441389
عشاق,-1.1235330044841791,1.1235330044841791
hna,-1.123469871495616,1.123469871495616
حركه المرور,-1.12346897737841,1.12346897737841
تقلق,-1.1229604817018608,1.1229604817018608
الجهاز تاعك,1.1227431502061387,1.1227431502061387
نسمع,-1.1226387207919268,1.1226387207919268
بينتنا,1.1225121864850807,1.1225121864850807
يتحكم,-1.1224733750508722,1.1224733750508722
المستوي,1.1224183186078107,1.1224183186078107
ساركوزي,1.1222798603748427,1.1222798603748427
صاحبي,1.1217629735977397,1.1217629735977397
قديمه,-1.1216511901594903,1.1216511901594903
عديده,-1.121254109991108,1.121254109991108
البلا,-1.1212104148538433,1.1212104148538433
مفهمتش علاه,1.121138376995878,1.121138376995878
قالت,-1.1209439840621687,1.1209439840621687
وسلم,-1.1205655022180074,1.1205655022180074
محكمه,1.120203492608812,1.120203492608812
راحو,1.1196465279278958,1.1196465279278958
صعب,1.1186755750262483,1.1186755750262483
راتب,1.1180974144136315,1.1180974144136315
ياجورا,-1.1175060592255794,1.1175060592255794
لا لا,-1.117377902984925,1.117377902984925
انت وماذا,1.1171994816210005,1.1171994816210005
حذف,-1.117073252218702,1.117073252218702
اسرائيل,1.1170693615229375,1.1170693615229375
ادا,-1.116899023334505,1.116899023334505
البريطانيه,-1.1168686317171617,1.1168686317171617
غاليه,1.1168361098814708,1.1168361098814708
الاحرار مكان,-1.1168147137851003,1.1168147137851003
سجل,-1.116557400277183,1.116557400277183
مفسد,1.116298542349354,1.116298542349354
لحمه,1.116161419997711,1.116161419997711
اعترف,1.1160685857262287,1.1160685857262287
ولا حتي,-1.1158972031692769,1.1158972031692769
ربي يجيب,-1.1157574014509726,1.1157574014509726
الاحرار دوله,-1.1157566096617286,1.1157566096617286
تنكر,-1.1148428245250712,1.1148428245250712
يمكنك,-1.1147560725648644,1.1147560725648644
الهجاله,1.1147115253715996,1.1147115253715996
المقبور,-1.1144733184757563,1.1144733184757563
غدا,-1.1143395214534353,1.1143395214534353
امير اشرف,1.1142140472335953,1.1142140472335953
رواحكم,-1.1136627409217184,1.1136627409217184
في الفايسبوك,1.1134654520352463,1.1134654520352463
الجنسيه,1.1134172031231466,1.1134172031231466
الحكام,-1.1130809680627423,1.1130809680627423
صفقه,1.11269135811213,1.11269135811213
على خاطر,1.112369735437442,1.112369735437442
الورم,1.1120055730527787,1.1120055730527787
rabi yahdik,-1.1118832336603173,1.1118832336603173
الزاويه,1.1117533239676476,1.1117533239676476
عند ربي,-1.1116310566848941,1.1116310566848941
وزياده,1.1115697612547135,1.1115697612547135
مشاركه,1.1111689158751399,1.1111689158751399
الشيته,1.1110538531693,1.1110538531693
حلال,-1.111017274081381,1.111017274081381
السنه الرابعه,1.1105531691334345,1.1105531691334345
حفظك,1.1105252358199318,1.1105252358199318
ظهرت,1.110328566513692,1.110328566513692
القبض,1.1097934449679743,1.1097934449679743
نهبت,-1.1097394785352785,1.1097394785352785
في حياتي,1.1092793105162775,1.1092793105162775
احكينا,-1.108314848635473,1.108314848635473
بلي بوتفليقه,-1.1082428342437498,1.1082428342437498
في هاذ,-1.1074549901753323,1.1074549901753323
تمدو,-1.1071236717434465,1.1071236717434465
نيك مها,1.1070061669059863,1.1070061669059863
نسقسي,-1.1070033326609872,1.1070033326609872
خداع,1.1069534104537886,1.1069534104537886
تبدل,-1.106601449687424,1.106601449687424
يصبر,-1.1064019317353424,1.1064019317353424
للشعب,-1.1063112465887295,1.1063112465887295
قايد صالح,1.1061634456367135,1.1061634456367135
يحفضك استاذ,1.1058982314670418,1.1058982314670418
بشار,-1.105763375913127,1.105763375913127
سمع,-1.105439329394212,1.105439329394212
تخرج,-1.1047896247175868,1.1047896247175868
يشافيك,-1.1047029878436878,1.1047029878436878
مزال,1.1046296145182632,1.1046296145182632
قاصر,1.1046221256882438,1.1046221256882438
اقتراب,1.1045787093823989,1.1045787093823989
الدوله العثمانيه,-1.1044297181782667,1.1044297181782667
انت في,1.1044192316358359,1.1044192316358359
شاء الله,1.1038667841165435,1.1038667841165435
رزقها,-1.1037578273873654,1.1037578273873654
الوالي,1.1032987372718095,1.1032987372718095
نحي الكاسكيطا,1.1026550853305916,1.1026550853305916
الكاسكيطا,1.1026550853305916,1.1026550853305916
القذره,1.1026486422872113,1.1026486422872113
موالف,-1.1022691066533503,1.1022691066533503
المرضى,-1.1019605632379206,1.1019605632379206
قله,-1.1011759653927689,1.1011759653927689
اشرف منك,1.1009254174063734,1.1009254174063734
وشعب,-1.1005375800029615,1.1005375800029615
للجزائر,-1.1005190915503056,1.1005190915503056
يوفر,-1.1000643575080649,1.1000643575080649
بريطاني,-1.0999819535408906,1.0999819535408906
عندو مشاريع,1.0999051414580734,1.0999051414580734
ديركت,-1.0994125664633214,1.0994125664633214
دراسه,-1.0991459925394262,1.0991459925394262
وراكي,-1.0986537561818097,1.0986537561818097
3lik,1.0984856150024163,1.0984856150024163
اله يرحمه,-1.0983798949628654,1.0983798949628654
صور,-1.0982935251728592,1.0982935251728592
يدوها,-1.0981555371562595,1.0981555371562595
لعطاي,1.0979300782287165,1.0979300782287165
اورو,1.0978998449779254,1.0978998449779254
الدور,1.097641641858167,1.097641641858167
المثل,-1.0976335369824224,1.0976335369824224
حوالي,-1.0974706146062012,1.0974706146062012
اي,-1.0972158651064732,1.0972158651064732
يقول حامض,-1.0966562882224369,1.0966562882224369
تندمو,1.0965765596101142,1.0965765596101142
يا حكومه,1.0963198028757402,1.0963198028757402
لله على,-1.0962939171517068,1.0962939171517068
ولاد الحركي,1.0960303169262275,1.0960303169262275
كلاب فرنسا,1.095828632610246,1.095828632610246
كوكب اليابان,-1.0954201968814403,1.0954201968814403
يسكن,-1.0951546796595328,1.0951546796595328
التي لم,1.0948896878135856,1.0948896878135856
حكم,-1.0946008687082176,1.0946008687082176
متلي,-1.094496733406409,1.094496733406409
انجبت,-1.0944407152214797,1.0944407152214797
على حق,-1.0937794271548844,1.0937794271548844
ساركازم,-1.0934386708704025,1.0934386708704025
مستمر,-1.0929992802933621,1.0929992802933621
شكرا لكم,-1.0926306797157195,1.0926306797157195
تعي,1.092614820910704,1.092614820910704
وجه الارض,1.0924598922184434,1.0924598922184434
وعدم,-1.0923300041132742,1.0923300041132742
ازول,-1.0919194802282,1.0919194802282
سيرتو,1.0916682315034894,1.0916682315034894
حبيت نسقسيكم,-1.091316759117435,1.091316759117435
البرقوق,-1.0912229164505507,1.0912229164505507
عاشت,1.090630513497653,1.090630513497653
ملجا,-1.0905826730573849,1.0905826730573849
بطبيعه,1.0904912356036878,1.0904912356036878
بطبيعه الحال,1.0904912356036878,1.0904912356036878
بالرغم,1.0901223647903304,1.0901223647903304
باسكو,1.0900118712479625,1.0900118712479625
قتلو,-1.0896031648126967,1.0896031648126967
يا اشباه,1.0894840936656058,1.0894840936656058
متفكرونيش,1.0888854705491455,1.0888854705491455
فالفتنه,1.0887308606506256,1.0887308606506256
bsh,-1.088220053835159,1.088220053835159
ظالم,-1.088055635101992,1.088055635101992
قصف,-1.0876517376483141,1.0876517376483141
تنتمي,-1.0874085852283322,1.0874085852283322
غرب,-1.0872195235582771,1.0872195235582771
روحي يا,1.0868320345710731,1.0868320345710731
سبعيني,1.0856613099343513,1.0856613099343513
ولاه,-1.0854233611871986,1.0854233611871986
من صفحه,-1.0851646385664753,1.0851646385664753
المهم,-1.085066462593777,1.085066462593777
قطع غيار,1.0849057530186552,1.0849057530186552
بلي خرطي,-1.0848168724138263,1.0848168724138263
دي زاد,-1.0843254436638745,1.0843254436638745
متروحش,1.0842614935526649,1.0842614935526649
دزها,1.0842092944467392,1.0842092944467392
بل,-1.084138079622587,1.084138079622587
الله ونعم,1.084084910370283,1.084084910370283
اوملات بالبيض,1.0837721227544332,1.0837721227544332
ماما,-1.0837690879940205,1.0837690879940205
طول حياتو,1.08340101119825,1.08340101119825
اله ونعم,1.0831766500538975,1.0831766500538975
lokan,1.0831572738225104,1.0831572738225104
ساند,1.0816991436834713,1.0816991436834713
عذاب اليم,-1.0813811016745996,1.0813811016745996
دعوات,-1.0810094304629576,1.0810094304629576
كلغ,-1.0807845135466654,1.0807845135466654
نشجع مولوديه,-1.0807392383880552,1.0807392383880552
ستدفن,1.0799637811208878,1.0799637811208878
مزال الخير,-1.0797612171039683,1.0797612171039683
اخرى,-1.0795788923288354,1.0795788923288354
عين,1.0795672318792178,1.0795672318792178
الغربيه,-1.078607435754701,1.078607435754701
الكفر,-1.0785459940531017,1.0785459940531017
بلجمعه,1.0784924839832852,1.0784924839832852
الجي,1.0783906567892567,1.0783906567892567
الله يرحمه,-1.0783755091836118,1.0783755091836118
هاديك,1.0780251834350063,1.0780251834350063
تيزي وزو,1.0778438471912373,1.0778438471912373
وزو,1.0778438471912373,1.0778438471912373
تيزي,1.0778438471912373,1.0778438471912373
تبارك الله,-1.0776726234862326,1.0776726234862326
شهريا,1.0775327243263364,1.0775327243263364
يرحم روح,1.0771169038411963,1.0771169038411963
مراركه,1.0768808947299784,1.0768808947299784
محمر,-1.0768662173148318,1.0768662173148318
صبحانو,-1.0762257903468773,1.0762257903468773
في القمه,-1.0760990533973953,1.0760990533973953
تجيب,-1.0760779945592758,1.0760779945592758
زمره,-1.0747423667888873,1.0747423667888873
بانتلهم,1.0745336857878593,1.0745336857878593
واليوم,-1.0736527484050407,1.0736527484050407
حبيبنا,1.0729463899107021,1.0729463899107021
هاشتاق,1.0728379660512564,1.0728379660512564
وتقدير,-1.0716736647776923,1.0716736647776923
bts,1.071257572767352,1.071257572767352
سامع,-1.0711457357083052,1.0711457357083052
بالعقل,1.0707863910188367,1.0707863910188367
الله محمد,-1.0707479518677225,1.0707479518677225
القدس,-1.0707101006625235,1.0707101006625235
في تاريخ,1.0705288823649632,1.0705288823649632
في مكان,1.0701905440308188,1.0701905440308188
دارت,-1.0700976279283192,1.0700976279283192
تكلمت,-1.0700355112901798,1.0700355112901798
بوصبع لزرق,1.0696020688062775,1.0696020688062775
وكاس,1.0693301924615564,1.0693301924615564
وهذي,1.0688236701927452,1.0688236701927452
نجي,1.0687970693538558,1.0687970693538558
الرخيس,1.0686729264143897,1.0686729264143897
منيش قبايلي,-1.0684060203363586,1.0684060203363586
mes,1.0677753012385254,1.0677753012385254
بالخبز,1.066853460799412,1.066853460799412
الوحيده لي,1.066437229473967,1.066437229473967
المناطق,-1.0663632569610764,1.0663632569610764
الوطن والشعب,-1.066359160004603,1.066359160004603
لحاجه,-1.066345564984916,1.066345564984916
يبيع السكر,-1.0660784733178508,1.0660784733178508
يمكنكم,-1.0650397688583217,1.0650397688583217
هدرت,-1.0647670579661783,1.0647670579661783
لازم المساواه,-1.0645795109649654,1.0645795109649654
الرجل المراه,-1.0645795109649654,1.0645795109649654
بوراوي,-1.0645795109649654,1.0645795109649654
بوراوي لازم,-1.0645795109649654,1.0645795109649654
بنات,-1.0644598831162446,1.0644598831162446
يقضي,-1.064398286541677,1.064398286541677
بالبركه عليك,-1.0642791431503493,1.0642791431503493
يغفر,-1.0640593416929234,1.0640593416929234
انت لي,1.0639046379231023,1.0639046379231023
موزع,-1.0634612432458368,1.0634612432458368
تسمى,-1.0634409775019453,1.0634409775019453
الاساس,-1.0632182441019944,1.0632182441019944
كندور,-1.0626905894896912,1.0626905894896912
سيد الريس,-1.0626167051386428,1.0626167051386428
الريس,-1.0626167051386428,1.0626167051386428
حسناتك,1.062607027496117,1.062607027496117
صحا,1.0625836500045576,1.0625836500045576
ريح,1.062568001198667,1.062568001198667
مصيرك,1.062526466805584,1.062526466805584
يا شيات,1.0624559876857367,1.0624559876857367
تهانينا,-1.0624221422634783,1.0624221422634783
كبيرا,1.062364588162323,1.062364588162323
شفقه,1.062354528629172,1.062354528629172
بلدا,-1.061845952584477,1.061845952584477
هجوم,1.0617850900879475,1.0617850900879475
الدار,-1.0612803144946827,1.0612803144946827
في البحر,-1.0610830306064185,1.0610830306064185
طلبك,-1.060906800213487,1.060906800213487
قامت,-1.0608109007195676,1.0608109007195676
مشاريع كتر,1.0604256659254672,1.0604256659254672
ايسكوبار مليح,1.0604256659254672,1.0604256659254672
سكن نص,1.0604256659254672,1.0604256659254672
وحدو سكن,1.0604256659254672,1.0604256659254672
ايسكوبار وحدو,1.0604256659254672,1.0604256659254672
يقاطع,-1.0603978454290868,1.0603978454290868
مولوديه ياخي,1.0602934293156563,1.0602934293156563
وهوما,1.0601919493730456,1.0601919493730456
مليحه,-1.060160115801414,1.060160115801414
مي تلقاه,1.0599544451739094,1.0599544451739094
ازول ازول,-1.0595016192840618,1.0595016192840618
يشعل,-1.059464494737172,1.059464494737172
امره,1.0591095578601175,1.0591095578601175
حول,-1.0589123686578894,1.0589123686578894
الامازيغيه,1.0584972834280235,1.0584972834280235
تلبس لاكوست,1.05836902134061,1.05836902134061
الحقد,-1.0579790686002357,1.0579790686002357
قدوه,-1.0574794265863765,1.0574794265863765
فرنسي,-1.057477238463069,1.057477238463069
اعتقال ربراب,1.057172901313383,1.057172901313383
الاولى,1.0568127003514802,1.0568127003514802
مزالهم,-1.0564959520942037,1.0564959520942037
الحاجه,1.0564460100260455,1.0564460100260455
كي درت,-1.056345596150138,1.056345596150138
تنشر,1.056294673083598,1.056294673083598
وجوه البخص,1.056183188658354,1.056183188658354
تخفيضات,-1.0561213945686296,1.0561213945686296
يخليك,-1.0561083334416796,1.0561083334416796
سويسري,-1.056008721629366,1.056008721629366
ناس,-1.0552540177428964,1.0552540177428964
الثروه,1.0550313228561943,1.0550313228561943
والله,-1.0547036523730424,1.0547036523730424
شهاده الضمان,-1.0546454511524923,1.0546454511524923
راهي تاكل,1.0542945613435086,1.0542945613435086
منتجاتنا,-1.0542472475116869,1.0542472475116869
روح دير,1.0542041535452469,1.0542041535452469
لالا,-1.0540484965137213,1.0540484965137213
على ربي,-1.0540075490813132,1.0540075490813132
ترنك,1.0539303731767629,1.0539303731767629
حبات,-1.0534792945820586,1.0534792945820586
ايضا,-1.053050475995199,1.053050475995199
يرحم,1.0529825900482026,1.0529825900482026
قريت,-1.0526738555859034,1.0526738555859034
يخرج,-1.0524192698676818,1.0524192698676818
يا زامل,1.0522836066467105,1.0522836066467105
والله خير,1.0519758818584128,1.0519758818584128
ويمكر الله,1.0519758818584128,1.0519758818584128
باك,-1.0519186888932752,1.0519186888932752
احد,-1.0516214816386675,1.0516214816386675
الخريه,1.0509154024671359,1.0509154024671359
في ولايه,-1.0503793744635816,1.0503793744635816
rt,-1.0502639032404715,1.0502639032404715
هذا المنشور,1.0500568847791216,1.0500568847791216
المرحوم,1.0500230459978752,1.0500230459978752
ويهدينا,-1.0499635108818508,1.0499635108818508
ولايه ورقله,-1.0485083643187312,1.0485083643187312
الحياه,-1.047424812838674,1.047424812838674
العرب,-1.0473849820269368,1.0473849820269368
رفض,-1.0472720769383848,1.0472720769383848
يحفظك ويرحم,1.046676555876764,1.046676555876764
يعني,-1.0465284929028795,1.0465284929028795
يا ايها,-1.0464303742964904,1.0464303742964904
بنان,-1.0464273304677207,1.0464273304677207
سابق,-1.0456914423721355,1.0456914423721355
هدف,-1.045224039915342,1.045224039915342
انا والله,-1.0448650758937243,1.0448650758937243
ديدين,-1.0447718497202256,1.0447718497202256
والحمد له,-1.044277851939761,1.044277851939761
وانت واش,1.0440485147577803,1.0440485147577803
الوكيل فيكم,-1.044024223618254,1.044024223618254
هدا الشي,-1.043908613038694,1.043908613038694
بالسلامه,-1.0437357800911684,1.0437357800911684
كذلك,-1.0437159069305832,1.0437159069305832
بهدلتو,1.0432616219045587,1.0432616219045587
راك قاعد,-1.0428021773616165,1.0428021773616165
خساره عليكم,-1.0425069260856819,1.0425069260856819
موهبه,1.0424404303664898,1.0424404303664898
الضاله,1.0422100065532593,1.0422100065532593
يمد,1.042040280619792,1.042040280619792
الفاسد,1.0418856326428125,1.0418856326428125
يلبسو,-1.040257689875593,1.040257689875593
ارخيس,1.0402527949833067,1.0402527949833067
قليل لي,1.0397749402147867,1.0397749402147867
الاوثان,-1.0394851667238563,1.0394851667238563
الحكمه,-1.0394506051156054,1.0394506051156054
معيشيه,1.0391760373924785,1.0391760373924785
تشيع,-1.0389859904381626,1.0389859904381626
ني,1.038734176028412,1.038734176028412
حابسين,-1.0387339388397436,1.0387339388397436
فرصه,-1.037963508658901,1.037963508658901
وينت,-1.0378655850385434,1.0378655850385434
اله غسيل,-1.0378081427526245,1.0378081427526245
تعمل,-1.0374729643664733,1.0374729643664733
راهم يمهدوا,-1.0372224281888245,1.0372224281888245
مصالح فرانسا,-1.0372224281888245,1.0372224281888245
ترميم,-1.0370420704053918,1.0370420704053918
راهم,1.0363105618433022,1.0363105618433022
سبق,-1.0358864155341874,1.0358864155341874
حساء,-1.035484213754625,1.035484213754625
النيك,1.0348752853380598,1.0348752853380598
الفيس,-1.0345541473490623,1.0345541473490623
تنوفيق,1.0339016642184773,1.0339016642184773
نيك مك,1.0338783003829353,1.0338783003829353
فيه,1.0334400277001707,1.0334400277001707
قاع,1.0329654067545175,1.0329654067545175
باعو البلاد,1.0329335236161887,1.0329335236161887
راك تعرف,-1.0326791106317161,1.0326791106317161
الشرعيه,-1.0325235011903078,1.0325235011903078
تبيعو,-1.0325020035421002,1.0325020035421002
تحاسب,-1.0316278809435078,1.0316278809435078
le,1.0310899469316284,1.0310899469316284
يا ادمين,-1.0302812700652846,1.0302812700652846
اسرار,-1.0296651683013287,1.0296651683013287
قلهم,1.0296531573800665,1.0296531573800665
الفريق,-1.0294767214032712,1.0294767214032712
مجتهد,-1.029423781002872,1.029423781002872
الخطاب,-1.0293253449085513,1.0293253449085513
وكيف,1.02894426585585,1.02894426585585
يسلم,-1.0287857155226854,1.0287857155226854
بنظام,-1.0285778840933548,1.0285778840933548
معطوب الوناس,-1.0282774345007037,1.0282774345007037
الوناس,-1.0282774345007037,1.0282774345007037
فخامه الشعب,-1.0276798994883987,1.0276798994883987
lik,1.0274510813969377,1.0274510813969377
لجزاير,-1.0270683681081565,1.0270683681081565
فيقو,-1.0257761801494083,1.0257761801494083
jus orange,-1.0249930123040725,1.0249930123040725
راهو خايف,1.0249429070537643,1.0249429070537643
فرح,-1.0246987791162028,1.0246987791162028
باباك شكون,1.0245451329597257,1.0245451329597257
الشعب راه,1.0239173100675323,1.0239173100675323
ولايه جيجل,-1.023609034317059,1.023609034317059
هي لي,1.0234035949560933,1.0234035949560933
ايت,1.023339057715775,1.023339057715775
ماكرون,-1.0232468738503875,1.0232468738503875
لشعب,-1.0228516393324205,1.0228516393324205
نميلو,-1.022700272134075,1.022700272134075
اوربا,1.0217754393390617,1.0217754393390617
الجزاءير,-1.0215780113834627,1.0215780113834627
مراناش,-1.02150492617136,1.02150492617136
كنت حاطها,1.0210201969406587,1.0210201969406587
انت اكبر,1.0208579916584828,1.0208579916584828
قطره دم,1.0208164677917855,1.0208164677917855
مصانع,1.0206391592041084,1.0206391592041084
الوكيل,-1.02038218618408,1.02038218618408
ولكل,1.0200725155970045,1.0200725155970045
رام,-1.019832889220258,1.019832889220258
اله يرحم,-1.0198025522985228,1.0198025522985228
اتعلم,-1.0193518046627812,1.0193518046627812
سنه من,1.0187250920107642,1.0187250920107642
ربراب كونيناف,1.018698683923572,1.018698683923572
الفكري,1.018676291658386,1.018676291658386
اكبر منك,1.0181284273722275,1.0181284273722275
عسى ان,-1.0179147448429575,1.0179147448429575
عسى,-1.0179147448429575,1.0179147448429575
راس زبي,1.01790492169156,1.01790492169156
لكل الاحرار,-1.0176016739273035,1.0176016739273035
مربي,1.017270373155661,1.017270373155661
عسول,1.0170420280947607,1.0170420280947607
سامي,-1.0168154796931201,1.0168154796931201
سبحان الله,1.0167941457928864,1.0167941457928864
سبحان,1.0167941457928864,1.0167941457928864
ماتو,-1.016771967185034,1.016771967185034
لا تربحك,1.0166948889394314,1.0166948889394314
ماعندناش ثقافه,-1.016608765979936,1.016608765979936
بنا,-1.0163946500503327,1.0163946500503327
وفات,1.0162650372227353,1.0162650372227353
له نعمه,-1.016134532238292,1.016134532238292
مولاك,-1.0160604677949008,1.0160604677949008
الظالمين,-1.0160568434201296,1.0160568434201296
رساله الى,1.0158598473896805,1.0158598473896805
بلاصتو,-1.0157708782384818,1.0157708782384818
يسموه,-1.0154299690656687,1.0154299690656687
حاطين,-1.0144872134062592,1.0144872134062592
فءه,-1.0142157616984566,1.0142157616984566
هدا النضام,-1.014092494858825,1.014092494858825
ya zebi,1.0140561102385874,1.0140561102385874
هشام عبود,-1.0137336560853238,1.0137336560853238
وكر,-1.0135555886501864,1.0135555886501864
اللهم,-1.013484945846123,1.013484945846123
ساهله,1.0131748462036287,1.0131748462036287
وانما,-1.0127950135339758,1.0127950135339758
40,-1.012540408657275,1.012540408657275
الاقتصاد,1.0122697751459946,1.0122697751459946
انت مزال,1.012263296678536,1.012263296678536
مصلحته,1.0121431988613265,1.0121431988613265
كثر,1.0120043634547782,1.0120043634547782
الحمار,1.011859196595525,1.011859196595525
رائع,-1.0117235522851604,1.0117235522851604
في عنابه,-1.011688763008035,1.011688763008035
البيت,1.0116661999944463,1.0116661999944463
تفو عليكم,1.0112275722655386,1.0112275722655386
rahom,-1.0110069324290432,1.0110069324290432
نحبو مولوديه,1.01072534065475,1.01072534065475
تفتحوا,-1.010422373362833,1.010422373362833
فورا,1.010232863076279,1.010232863076279
مي,-1.0098624270964225,1.0098624270964225
خصو,1.0095799387312403,1.0095799387312403
غني,-1.0086710594501767,1.0086710594501767
عنوان,-1.0073240137289137,1.0073240137289137
ايقافه,1.007285623274439,1.007285623274439
حلم,-1.0071864412302032,1.0071864412302032
فالحبس,-1.0070094319116032,1.0070094319116032
يا حنا,-1.0067358499447912,1.0067358499447912
اله واله,1.0065647037185024,1.0065647037185024
اكيد,-1.0062179991701565,1.0062179991701565
وجهك صحيح,1.0056066917185345,1.0056066917185345
سفاره,1.0054692487885493,1.0054692487885493
امركم,1.005284689673553,1.005284689673553
وهي,-1.0051252224739895,1.0051252224739895
فهو,1.0049577981190367,1.0049577981190367
الفاسده,-1.0047472438110432,1.0047472438110432
الحلول,-1.0045040061137256,1.0045040061137256
تسكن فكاش,1.0039319274934195,1.0039319274934195
فكاش,1.0039319274934195,1.0039319274934195
ويزيد,-1.003832233157854,1.003832233157854
خارج الوطن,1.003581556037704,1.003581556037704
بسبب,1.003296571340523,1.003296571340523
نزيد,-1.0032393195435707,1.0032393195435707
الاتحاد,-1.0030298864224567,1.0030298864224567
اوملات بيض,-1.0029609354753874,1.0029609354753874
اذا,-1.002931734292942,1.002931734292942
تمر عبر,-1.0027902012677348,1.0027902012677348
الدنيا فانيه,-1.0026633747133216,1.0026633747133216
فانيه,-1.0026633747133216,1.0026633747133216
ياكلوا,-1.002265242295812,1.002265242295812
فريكو,1.001666869736369,1.001666869736369
نورمي,1.0013065253007045,1.0013065253007045
قالولنا,-1.0012186533945682,1.0012186533945682
ودي,-1.0002548611855426,1.0002548611855426
انت عايش,0.999877395308617,0.999877395308617
صل,-0.9993803189805172,0.9993803189805172
يدك في,0.9989041437152746,0.9989041437152746
اله تربحهم,0.998806370529481,0.998806370529481
يجد,-0.998512113182407,0.998512113182407
كليماتيزور,-0.9984874514723057,0.9984874514723057
رايحين,-0.9982001312854679,0.9982001312854679
امين امين,-0.9981971415481008,0.9981971415481008
يكتبها,0.9981497581689284,0.9981497581689284
يقراو,0.9979993055489327,0.9979993055489327
يا السيد,-0.9976264216498953,0.9976264216498953
دراري,0.9974280848295464,0.9974280848295464
المشاركه,0.9971170285170041,0.9971170285170041
الحب,-0.9968482508484088,0.9968482508484088
ايه علابالي,-0.9949025825628458,0.9949025825628458
هاز,-0.9947579520464723,0.9947579520464723
اقعد,0.9945646885773981,0.9945646885773981
يجعل,-0.9945558650852119,0.9945558650852119
في الخارج,-0.9944227696075943,0.9944227696075943
لا توجد,0.9940054528773602,0.9940054528773602
شرطي,0.9936201820810484,0.9936201820810484
الفسق,0.9933852116934103,0.9933852116934103
بالبطاطا,-0.9931883495694722,0.9931883495694722
عكس,0.993078176898506,0.993078176898506
mouloudia,-0.9929788555763698,0.9929788555763698
اسوء,0.9925784710255229,0.9925784710255229
تقولو ماتشريش,-0.9923101797743245,0.9923101797743245
التجارب,-0.9923101797743245,0.9923101797743245
الشخص كي,-0.9923101797743245,0.9923101797743245
الجيش الشعب,-0.9920030530641267,0.9920030530641267
تنحاو,-0.9918931447531266,0.9918931447531266
الخير في,-0.9914544843797015,0.9914544843797015
العنصريه,0.9911969336045631,0.9911969336045631
معنين,-0.9905486887687698,0.9905486887687698
ربراب,0.9904414556275942,0.9904414556275942
يدخلونا,0.990402890917626,0.990402890917626
الشي,-0.9903295426256392,0.9903295426256392
lounes,-0.9897641460926108,0.9897641460926108
الذي,-0.9896530079011298,0.9896530079011298
معيشه,0.9896176071996473,0.9896176071996473
ta3,0.9893850603841003,0.9893850603841003
كل شئ,-0.9892527656763619,0.9892527656763619
ماخلق,-0.9890957329279365,0.9890957329279365
يهدي ماخلق,-0.9890957329279365,0.9890957329279365
مبروك على,-0.9890028893597841,0.9890028893597841
ثمنها,-0.9887258879622729,0.9887258879622729
انتم من,0.9882777967863781,0.9882777967863781
تعطيو كيما,0.9879519188535563,0.9879519188535563
الموجوده,-0.9878895254231882,0.9878895254231882
معاناه الشعب,0.9874010163925397,0.9874010163925397
الرزق اله,-0.987359455541385,0.987359455541385
اله وحده,-0.9873183162140082,0.9873183162140082
سوق,0.9870797185569682,0.9870797185569682
مانيش قبايلي,0.9868017502319489,0.9868017502319489
الزهره,-0.9866708718602428,0.9866708718602428
عالم,-0.9865463244989497,0.9865463244989497
قاع ولاد,0.9863018381194641,0.9863018381194641
ربراب ياو,0.9861464584816615,0.9861464584816615
لي كيفك,0.9859769810233615,0.9859769810233615
ايجيب,-0.9858484124160464,0.9858484124160464
الجيل,-0.9856799978217123,0.9856799978217123
جزاء اهل,-0.9856233684677393,0.9856233684677393
يلقاو,0.985297254703228,0.985297254703228
تقتلو اولادكم,-0.9851130080464728,0.9851130080464728
الرذيله,0.9847628747041397,0.9847628747041397
السلمي,0.98454431464834,0.98454431464834
يبحث,0.9842005513043112,0.9842005513043112
ياو فاقو,0.9841386548492119,0.9841386548492119
سلال,0.9839477714907152,0.9839477714907152
تحيا الجزائر,0.983927697743712,0.983927697743712
كلنا,-0.9838143989717907,0.9838143989717907
صفحه,0.9837157117120586,0.9837157117120586
العلماء,-0.9835157381909461,0.9835157381909461
ينالوا,-0.983385130856783,0.983385130856783
بلدنا,-0.9829419859953665,0.9829419859953665
بالف خير,-0.9828851724422635,0.9828851724422635
المركزي,0.9828396371562929,0.9828396371562929
امرهم,-0.9828365292602352,0.9828365292602352
المدنيه,0.982321153884586,0.982321153884586
عطايين,0.9823074459111972,0.9823074459111972
ان,-0.9817529323545605,0.9817529323545605
للمواطن,0.9817321407475678,0.9817321407475678
البارح,0.9813944928278189,0.9813944928278189
موتي,0.9812782765456177,0.9812782765456177
كاش ما,0.9809456330264892,0.9809456330264892
مكسره,0.9809174343920362,0.9809174343920362
الشقيق,-0.9807430011088355,0.9807430011088355
في فلسطين,0.9806207847092949,0.9806207847092949
وتقول,0.9802761001617657,0.9802761001617657
اتقي الله,-0.9802172173864192,0.9802172173864192
استمرو,0.9801465702649342,0.9801465702649342
كرفه,0.9797419559440134,0.9797419559440134
تستاهل ربي,-0.9790851080807319,0.9790851080807319
جماعه تعبد,0.978559761583914,0.978559761583914
ياا,-0.9785313325820343,0.9785313325820343
تنهب,-0.97842844213666,0.97842844213666
دايرين,0.9783808026353773,0.9783808026353773
معنديش,-0.9782132240687373,0.9782132240687373
راه جاي,0.9770703878358917,0.9770703878358917
اين انتم,0.9761517599365959,0.9761517599365959
عليهم يا,-0.9760005475697747,0.9760005475697747
عرفته,0.9757264412818655,0.9757264412818655
سيدنا ادم,0.9755735267134409,0.9755735267134409
يحكيها,-0.9751861554029226,0.9751861554029226
مسيرات,0.9751205757003293,0.9751205757003293
القضيه,-0.9749465878792625,0.9749465878792625
استقلال,0.97462526034088,0.97462526034088
تروح,0.9744629016353837,0.9744629016353837
ابناء,-0.9742356596940424,0.9742356596940424
كرهنا,0.9741991720771717,0.9741991720771717
انت صح,0.9740829445513172,0.9740829445513172
يبارك فيكم,0.9739156878332336,0.9739156878332336
ينعلكم وينعل,0.9739007994723837,0.9739007994723837
عباس,0.9738079153783733,0.9738079153783733
وربما,-0.9737343248518523,0.9737343248518523
صغيره,0.9733274957994085,0.9733274957994085
الاخوه كونيناف,-0.9728588817783157,0.9728588817783157
مرضا,0.9727749041486713,0.9727749041486713
ولاقوه الا,-0.9727327598031261,0.9727327598031261
اله يسلمك,-0.9726576947067084,0.9726576947067084
مليون جزائري,-0.9719696666635312,0.9719696666635312
السخانه,0.9716886018571478,0.9716886018571478
وجهي,-0.9713202033464701,0.9713202033464701
قاهر,-0.9712073322097644,0.9712073322097644
يمنع,-0.9707335471358606,0.9707335471358606
حاسب,0.9700742734513786,0.9700742734513786
لي راهي,0.9698524493036436,0.9698524493036436
املاق,-0.9695614927032197,0.9695614927032197
البربوشه,-0.9691254658691859,0.9691254658691859
الصح,-0.9691171237831898,0.9691171237831898
صمت,0.9688031242309467,0.9688031242309467
يرحلوا يتنحاوقاع,0.9687850307663954,0.9687850307663954
وقريب,-0.9687597986446342,0.9687597986446342
علاه راكم,0.9686302866879993,0.9686302866879993
العشريه السوداء,0.9685366692613906,0.9685366692613906
يقال,0.9680028999205367,0.9680028999205367
شناوه,-0.9678676593497284,0.9678676593497284
بلعقل,-0.9678641495768926,0.9678641495768926
لعبهم,-0.9676325569977714,0.9676325569977714
فور بزاف,-0.9676267240362837,0.9676267240362837
كما,0.9664159874797464,0.9664159874797464
السادس,-0.9660572202517617,0.9660572202517617
افهمو,-0.9655349129229865,0.9655349129229865
سواء,0.964790046889469,0.964790046889469
قريب,0.964583009100784,0.964583009100784
الى يوم,0.9645102319974894,0.9645102319974894
روطار,0.9642770614771613,0.9642770614771613
اذ,0.9641480589206355,0.9641480589206355
قريبا,-0.9639156647021208,0.9639156647021208
يجب علينا,-0.963250022197866,0.963250022197866
متقولش,0.9628973742693545,0.9628973742693545
اول من,-0.9626332405394369,0.9626332405394369
الجوانب,-0.9621295771488207,0.9621295771488207
خصك,0.9620679582404039,0.9620679582404039
عالمي,-0.9616459059528543,0.9616459059528543
محمد العربي,-0.9611117575927765,0.9611117575927765
اوكي,-0.9610722473469373,0.9610722473469373
غيرك,-0.9610575966035843,0.9610575966035843
فيها من,-0.960999091662641,0.960999091662641
والبيض,0.9609039936728839,0.9609039936728839
كنز,0.9606565275166666,0.9606565275166666
الخريطه,-0.9602482684199573,0.9602482684199573
مكاش,0.9601281193368026,0.9601281193368026
تعتبر,-0.9601051396145556,0.9601051396145556
ولا غير,-0.9598180750758337,0.9598180750758337
اولدي,0.959599397341974,0.959599397341974
متفق,-0.959281148403381,0.959281148403381
يا خويا,0.9590446889260857,0.9590446889260857
ربراب ملاك,-0.9588737956273872,0.9588737956273872
كات,-0.9588652950268913,0.9588652950268913
يدور,0.958341752638897,0.958341752638897
على العصابه,0.9583197565228484,0.9583197565228484
ربي يعطيك,0.9577001882442298,0.9577001882442298
اعاده,-0.9576714936171815,0.9576714936171815
يتفكر,0.957658381444937,0.957658381444937
معيش الالاف,-0.957511975736311,0.957511975736311
بابلو ايسكوبار,-0.957511975736311,0.957511975736311
شيء ممكن,-0.9573175312315494,0.9573175312315494
حكايتك,0.9571488337726732,0.9571488337726732
الوجه,0.9569189615603368,0.9569189615603368
رجاله,-0.9567130431682387,0.9567130431682387
خلوه,-0.9565981328250135,0.9565981328250135
امبعد,0.9562273373859425,0.9562273373859425
في منطقه,-0.9559975137295963,0.9559975137295963
ان ربراب,0.9559282870078397,0.9559282870078397
قصه,-0.9554026469227926,0.9554026469227926
عند,0.9553104976432708,0.9553104976432708
nعلابالي,-0.9552773675218478,0.9552773675218478
مساكن,0.9550779259562004,0.9550779259562004
جزاء,-0.9546704319445546,0.9546704319445546
الامين,-0.9544093488870099,0.9544093488870099
صغير,-0.9542919011187946,0.9542919011187946
يعلم,0.9542515405641746,0.9542515405641746
كما انت,0.9541816217639798,0.9541816217639798
يكون,-0.9540236667296588,0.9540236667296588
بصح,-0.9539042900325277,0.9539042900325277
شيء مكن,-0.9535619191705391,0.9535619191705391
لعقوبه,0.9533676235602102,0.9533676235602102
فيلا,0.9532440299116769,0.9532440299116769
فالشعب,0.95301512326203,0.95301512326203
انسان,0.9525990659106267,0.9525990659106267
تراب,-0.9520240728874779,0.9520240728874779
علاش ما,0.9519821252862485,0.9519821252862485
ولا ولا,-0.9519434739714229,0.9519434739714229
شريف,0.9519127466809512,0.9519127466809512
لودو,0.9518389049238681,0.9518389049238681
عقلهم,0.9514449028679368,0.9514449028679368
يا بلادي,0.9512899013445264,0.9512899013445264
اعطيني وجهك,0.9510883547349256,0.9510883547349256
توجور,0.9503059045986207,0.9503059045986207
بيها,0.9501285729743226,0.9501285729743226
ياوليد,0.9500712678953592,0.9500712678953592
المنطق,-0.9497643183457679,0.9497643183457679
اشباه,0.9497594746969633,0.9497594746969633
جزاير,-0.9497379410565346,0.9497379410565346
تشكمو,0.9496353597638689,0.9496353597638689
حاجه فور,-0.9494542948349329,0.9494542948349329
تغرق,-0.9493562066616485,0.9493562066616485
بوصبع لبغل,0.9493429984436023,0.9493429984436023
لبغل,0.9493429984436023,0.9493429984436023
sans,-0.9490239569543453,0.9490239569543453
العزيزه,-0.9484042199149106,0.9484042199149106
عشرين,0.9469124135907275,0.9469124135907275
يا الرب,0.9463930143049917,0.9463930143049917
ريحو,0.9462127136019551,0.9462127136019551
يكرهونكم يالعصابه,0.9461318787470573,0.9461318787470573
يكرهونكم,0.9461318787470573,0.9461318787470573
فيكم يالعصابه,0.9461318787470573,0.9461318787470573
ايامكم,0.9461318787470573,0.9461318787470573
ايامكم اصبحت,0.9461318787470573,0.9461318787470573
معدوده العالم,0.9461318787470573,0.9461318787470573
يشفيك,-0.9456476055652949,0.9456476055652949
يلم,0.9456087293929869,0.9456087293929869
هدو لي,0.9452853406839723,0.9452853406839723
ربي يفرحك,0.9451799854066778,0.9451799854066778
بعضاكم,0.9451588258234743,0.9451588258234743
حسيت,-0.9451587759353488,0.9451587759353488
الشعب هو,-0.9447200698914772,0.9447200698914772
بهدلتو بينا,0.9443437671108004,0.9443437671108004
ليسو,-0.9440549127363629,0.9440549127363629
الحرس,0.943392439857132,0.943392439857132
استغفر,-0.9431488089301402,0.9431488089301402
اخواننا في,-0.9431093739470192,0.9431093739470192
النهايه,-0.9427828038294012,0.9427828038294012
كيما هاك,-0.9426889692864335,0.9426889692864335
وعليكم,-0.9422009035236047,0.9422009035236047
هاذو,-0.9421103524086973,0.9421103524086973
walou,-0.9415823854249923,0.9415823854249923
في بلادنا,0.9415532856351511,0.9415532856351511
ذرك,-0.9414228942754198,0.9414228942754198
الحذر,-0.941262645072813,0.941262645072813
الهدايا,-0.9412262093504474,0.9412262093504474
العالم كامل,-0.9411336223147939,0.9411336223147939
اثبت,-0.9407159688757278,0.9407159688757278
تاعكم,0.9406483778460437,0.9406483778460437
صاحب المنشور,0.9399059850034893,0.9399059850034893
نديرو,-0.9396718662170209,0.9396718662170209
حضر,-0.9395507967588561,0.9395507967588561
والارض,0.9392749231300418,0.9392749231300418
li,0.9390931247284827,0.9390931247284827
pag,0.9390655841392749,0.9390655841392749
طرف,0.93899150562879,0.93899150562879
او روح,0.9383471455144936,0.9383471455144936
ولا لا,-0.9381253319173006,0.9381253319173006
مدفاه,0.9380064804295267,0.9380064804295267
مكانو,0.9379434732385057,0.9379434732385057
راه,0.9378398879225269,0.9378398879225269
بعد ما,-0.9375413523058425,0.9375413523058425
باين نتا,0.9374931118095269,0.9374931118095269
العب,-0.936921951818929,0.936921951818929
صناعه,0.9366156942813189,0.9366156942813189
نتاهل لكاس,0.936550797064343,0.936550797064343
مقصوده,0.9362883643583885,0.9362883643583885
مكيف,-0.9359899067472351,0.9359899067472351
اله,-0.9356580898120693,0.9356580898120693
عمر,-0.9355910989130883,0.9355910989130883
عزيزه,-0.9355540530363345,0.9355540530363345
عزما,0.9351521109671767,0.9351521109671767
السكان,-0.9349061021270085,0.9349061021270085
هو من,-0.9347043549709548,0.9347043549709548
وديما,-0.9338829076703776,0.9338829076703776
وديما عقابهم,-0.9338829076703776,0.9338829076703776
يا اخي,-0.9329292848776927,0.9329292848776927
يكمن,-0.9328367008397107,0.9328367008397107
اله يجيب,-0.9327986401943862,0.9327986401943862
في ربراب,0.932579462172339,0.932579462172339
نفسي,0.9325780082185053,0.9325780082185053
داعي,-0.932430780430543,0.932430780430543
والسلام,-0.9321611426965383,0.9321611426965383
الفكره,0.9321240458451366,0.9321240458451366
الارهابيين,-0.9314086667947813,0.9314086667947813
القرض,-0.9312297627317475,0.9312297627317475
بك,-0.9312195059750719,0.9312195059750719
متكم,0.9309598366413663,0.9309598366413663
نيك متكم,0.9309598366413663,0.9309598366413663
رمضان الكريم,-0.9308963454810177,0.9308963454810177
عطاين,0.9305875916106183,0.9305875916106183
تاثير,-0.9305847038220261,0.9305847038220261
يفلح,-0.9300541438435158,0.9300541438435158
شهر رمضان,-0.929977618039794,0.929977618039794
لاريني,-0.9298280152679508,0.9298280152679508
حروب,-0.9296882030441359,0.9296882030441359
وينصرك,-0.9295756639470084,0.9295756639470084
ليس في,0.928859985031274,0.928859985031274
ويومك,-0.9282479692756127,0.9282479692756127
الخير ويومك,-0.9282479692756127,0.9282479692756127
روح اخطينا,0.9282072008395149,0.9282072008395149
تصدر,-0.9280136561534901,0.9280136561534901
الي ما,0.9276344277114548,0.9276344277114548
البلدان,0.9275703713016911,0.9275703713016911
العسر,-0.9273316840266382,0.9273316840266382
الجاهليه,-0.9272888551017434,0.9272888551017434
بيدك,-0.9272853340896718,0.9272853340896718
tn,0.9270926128143163,0.9270926128143163
العرش,-0.927064361997991,0.927064361997991
حق,-0.9269823687915872,0.9269823687915872
الخدمات,-0.9269174560185799,0.9269174560185799
الدعاء,0.9262105738621673,0.9262105738621673
كرشو,0.9260274093652234,0.9260274093652234
شعب,0.9255332140094871,0.9255332140094871
بالاخبار,0.9255142408516885,0.9255142408516885
الخطه,-0.9250729048518449,0.9250729048518449
مليحه بزاف,-0.9250643098072155,0.9250643098072155
يمات,-0.9247731926353829,0.9247731926353829
نسكن,-0.9247012712787243,0.9247012712787243
الحضاره,0.9242941861596514,0.9242941861596514
الثقه,-0.9241089091294284,0.9241089091294284
حاجه مليحه,-0.9232833920676651,0.9232833920676651
يبعد,0.9232522084235218,0.9232522084235218
اودي روح,0.9226534972526863,0.9226534972526863
صاي,0.9223862349418592,0.9223862349418592
جيدا,0.922342041941099,0.922342041941099
الغالي,-0.9223153918706207,0.9223153918706207
برعايه,0.9222866729125173,0.9222866729125173
فوق الجميع,0.9222833980515579,0.9222833980515579
حقوقه,0.9217674979181579,0.9217674979181579
hado,-0.9213294309418358,0.9213294309418358
الغاشي,0.9213279019512326,0.9213279019512326
المره الجايه,-0.921274760024244,0.921274760024244
بابانا,0.9212726957851219,0.9212726957851219
الاعمال,-0.9211937243882797,0.9211937243882797
وربي يوفقك,-0.9208306988257463,0.9208306988257463
ياو,0.9204052145154537,0.9204052145154537
واهدر,0.9198624619028452,0.9198624619028452
بلي انت,0.9198169366737401,0.9198169366737401
ذوي الحقوق,-0.9197140610839083,0.9197140610839083
شباب,0.919391806614191,0.919391806614191
المواد,-0.9193800074923019,0.9193800074923019
فخريه,-0.9193461127497974,0.9193461127497974
بولايه,-0.919328420007124,0.919328420007124
اعداءك,-0.9192888428252863,0.9192888428252863
وكره من,-0.9189791357373681,0.9189791357373681
التقدم,-0.9189479023587173,0.9189479023587173
انا من,-0.9183696399912403,0.9183696399912403
سويسرا,-0.9182934203362554,0.9182934203362554
يطالب,-0.9181552251717957,0.9181552251717957
مع الشعب,0.9178841897107239,0.9178841897107239
دورونج,-0.917295232918543,0.917295232918543
حرا,-0.9170594543205929,0.9170594543205929
ورقله,0.9169813692087644,0.9169813692087644
سلمي,-0.9168712024599206,0.9168712024599206
نقاط البيع,-0.9164285013426237,0.9164285013426237
نعلق,-0.9163023099511344,0.9163023099511344
نحرق,-0.9161132612292001,0.9161132612292001
بلادكم,-0.9158690729693708,0.9158690729693708
وفقك اله,-0.9157109268073418,0.9157109268073418
ياخي شعب,-0.9156543669402697,0.9156543669402697
باقي الولايات,0.9153267075868721,0.9153267075868721
في الداخل,-0.9148802320413005,0.9148802320413005
اعطولي,-0.914837731874285,0.914837731874285
فريت املات,0.9147959567777055,0.9147959567777055
املات,0.9147959567777055,0.9147959567777055
رحمه,-0.9141361260416139,0.9141361260416139
معنى الكلمه,0.9141081962292475,0.9141081962292475
باتم معنى,0.9141081962292475,0.9141081962292475
المزيد من,-0.9139890184267129,0.9139890184267129
اديو,-0.9139823681523207,0.9139823681523207
تعرف,0.91393728817762,0.91393728817762
واش من,-0.9138085916985139,0.9138085916985139
الشعوب,-0.9137088587352535,0.9137088587352535
دابا,-0.9136038495103883,0.9136038495103883
وسط,-0.913156023262,0.913156023262
قبله,0.9125732294166188,0.9125732294166188
راءع,-0.912313862264798,0.912313862264798
دوله,0.9121042952681648,0.9121042952681648
الحساب,-0.9119188162100728,0.9119188162100728
الذي لا,0.9118184650325415,0.9118184650325415
كريم طابو,0.9114895791368628,0.9114895791368628
هدفهم,-0.9107921295100319,0.9107921295100319
تجد,-0.9107122103177945,0.9107122103177945
دارها,-0.9106804967745068,0.9106804967745068
دولار,0.9102833957172408,0.9102833957172408
موقف,-0.9100728368383124,0.9100728368383124
الله غالب,0.9099580225523192,0.9099580225523192
على الرقم,-0.9094683856297915,0.9094683856297915
مناش,-0.9093394346388107,0.9093394346388107
ترفد,0.9092841115550366,0.9092841115550366
فنهار,-0.9089711901022876,0.9089711901022876
سمحت,0.9087685943393699,0.9087685943393699
حي الله,-0.9084925999777208,0.9084925999777208
العلي العظيم,0.9083952536575605,0.9083952536575605
مقبول,-0.90785117206684,0.90785117206684
ربراب في,0.9077738281372141,0.9077738281372141
سب,-0.9076486138153786,0.9076486138153786
نرزقهم واياكم,-0.9072540216821707,0.9072540216821707
حنا كي,0.9063019948758826,0.9063019948758826
الزرقاء,0.9060911699363954,0.9060911699363954
frites,0.9059073231437466,0.9059073231437466
سولكينغ,-0.9056788888026522,0.9056788888026522
لا تربحهم,-0.9056569436899086,0.9056569436899086
عليكم,-0.9055487627097553,0.9055487627097553
مركز,0.9051179092260256,0.9051179092260256
بلوزداد,-0.9050281491837103,0.9050281491837103
تعلن,-0.9047589793955876,0.9047589793955876
بالامس,-0.9045616164078826,0.9045616164078826
لاكوست,-0.9044349698759221,0.9044349698759221
اد,-0.9041595046332708,0.9041595046332708
السفير,-0.9041579391867497,0.9041579391867497
قاله,0.904137405973774,0.904137405973774
روح يا,0.9036275464936787,0.9036275464936787
البشر,-0.9030693434588014,0.9030693434588014
ta3 mok,0.9028757279991855,0.9028757279991855
الالاف من,-0.9020199077844653,0.9020199077844653
افرانسا,0.9019795642964332,0.9019795642964332
تصل,0.901933635933573,0.901933635933573
بالرجال,-0.9018882787678694,0.9018882787678694
تملكون,0.9017224510475826,0.9017224510475826
تفكرت,0.9014154105545678,0.9014154105545678
عن قريب,-0.9013528284415329,0.9013528284415329
سن,-0.9011030578370095,0.9011030578370095
يحفظك يا,0.9010408542575836,0.9010408542575836
الغسيل,-0.9005510153516384,0.9005510153516384
معسكر,-0.9005282443723238,0.9005282443723238
دعاء الزلزال,-0.9001976999479916,0.9001976999479916
قرار,0.9001154477386819,0.9001154477386819
تخلط,0.8999594245993434,0.8999594245993434
عرفته البشريه,0.8998578010730945,0.8998578010730945
rajel,0.8996555584650223,0.8996555584650223
لحلو,-0.8995378101126978,0.8995378101126978
غادي,0.8992293591352488,0.8992293591352488
وامير ديزاد,-0.8991998640929791,0.8991998640929791
تنفخ,0.8990103424700269,0.8990103424700269
رب الدزاير,0.8989094438266183,0.8989094438266183
وينصرنا,0.8983073479224255,0.8983073479224255
يقولو اطلقو,-0.8979879300512528,0.8979879300512528
يعرف,-0.8978074061946476,0.8978074061946476
يا خماج,0.8977957125870325,0.8977957125870325
ويبارك,-0.8976225359164288,0.8976225359164288
المبارك,0.8974998522542339,0.8974998522542339
حي,0.8972984498825178,0.8972984498825178
شكراا,-0.897183703412314,0.897183703412314
والا,-0.8969121739778975,0.8969121739778975
دوله الحق,-0.8968367758813655,0.8968367758813655
يتحاسبوا,-0.896564354817259,0.896564354817259
وينوض,-0.8964541529043043,0.8964541529043043
يبان,-0.8961426767050792,0.8961426767050792
فائده,0.8954687305352205,0.8954687305352205
الطبيب,-0.8952999464852008,0.8952999464852008
واما,0.8950702408715968,0.8950702408715968
kan,0.8949692199156157,0.8949692199156157
انا عندي,-0.8946552491694775,0.8946552491694775
وكذلك,0.8940066339715245,0.8940066339715245
الجزائر لا,-0.8938412022021266,0.8938412022021266
دارك,0.8937971466267602,0.8937971466267602
تحكي عليه,-0.8937817928219245,0.8937817928219245
حره مستقله,-0.893165879154478,0.893165879154478
الله يعطيكم,0.8930981150799765,0.8930981150799765
خلاصه,-0.8928674268965108,0.8928674268965108
خلاصه القول,-0.8928674268965108,0.8928674268965108
عيب عليك,0.8924648479780728,0.8924648479780728
اضراب,-0.8924511515414221,0.8924511515414221
صراح ربراب,-0.891939940050659,0.891939940050659
dzayer,0.8916579253439029,0.8916579253439029
من العائلات,-0.8911676073571354,0.8911676073571354
خيرات,-0.8910405516877504,0.8910405516877504
يبقوا,0.8908113656231249,0.8908113656231249
اليس,0.8907188145790751,0.8907188145790751
يغلق,0.8903221805671137,0.8903221805671137
خلق,-0.8899079066666541,0.8899079066666541
فاسيليتي,-0.8894403730197726,0.8894403730197726
زايد,0.8892039478607815,0.8892039478607815
انا في,0.8891946516432908,0.8891946516432908
الخارج,-0.8888787696889331,0.8888787696889331
عميل فرنسا,0.8886474787885359,0.8886474787885359
الفرشيطي,0.8885451445336587,0.8885451445336587
بنعم,0.8884105780602272,0.8884105780602272
مشاريع,0.8878736597102015,0.8878736597102015
بالجزائر,-0.8877925534705747,0.8877925534705747
حسبيا,0.887462776340451,0.887462776340451
قول,-0.88706889673211,0.88706889673211
بارك الله,-0.8867625512225795,0.8867625512225795
ماتشريشزيتربراب,-0.8864309467593152,0.8864309467593152
هاذيك,-0.8861162299893095,0.8861162299893095
على الله,-0.8860559098899078,0.8860559098899078
dkhl,0.8860250309946403,0.8860250309946403
هاذه,-0.8859635414287715,0.8859635414287715
حابه نشري,-0.8859424826832109,0.8859424826832109
انت يا,0.8857901231843766,0.8857901231843766
طيله,0.885735807648521,0.885735807648521
كلاو,0.885489294084001,0.885489294084001
يزيدو,-0.8854693669000873,0.8854693669000873
يستهلو,-0.8852987291576396,0.8852987291576396
الخير لبلاد,0.8851102014117761,0.8851102014117761
منبعد,-0.8850841368279526,0.8850841368279526
القديم,-0.8850041262961235,0.8850041262961235
عطيني,-0.884650491804312,0.884650491804312
اسطوريه,0.8837843927544937,0.8837843927544937
الانتخبات,0.8834932412002854,0.8834932412002854
وخلاص,-0.8834818465266718,0.8834818465266718
للجزاير,-0.8834400014197447,0.8834400014197447
تريدون,-0.8831906762480631,0.8831906762480631
لطفك,-0.8831617753413668,0.8831617753413668
نتاكد,-0.8828521226785281,0.8828521226785281
رغم,-0.8827258177561097,0.8827258177561097
الحشيش,0.8826908389038844,0.8826908389038844
البترول والغاز,-0.8824138271262489,0.8824138271262489
اغلبهم,0.8823983002450921,0.8823983002450921
haja,-0.8819301120841483,0.8819301120841483
اشيو,0.8817798063082637,0.8817798063082637
قاتل,0.8815695670134769,0.8815695670134769
كبرنات فرنسا,-0.8811807448370246,0.8811807448370246
كبرنات,-0.8811807448370246,0.8811807448370246
تخاف,-0.8811450223241065,0.8811450223241065
تملك,0.8808060310836825,0.8808060310836825
عدد,0.8805502894052459,0.8805502894052459
جمعت,-0.8805008515407141,0.8805008515407141
المر,0.8797054523989613,0.8797054523989613
الحمد له,-0.8795487684497492,0.8795487684497492
ونتا واش,0.8794397703123654,0.8794397703123654
rebi,-0.879023352559489,0.879023352559489
لازم,0.8789711139596978,0.8789711139596978
مسعد حضنه,0.8789359075159268,0.8789359075159268
مسعد,0.8789359075159268,0.8789359075159268
البديل منتوجات,0.8789359075159268,0.8789359075159268
حضنه,0.8789359075159268,0.8789359075159268
وزيت لورد,0.8789359075159268,0.8789359075159268
كونديا وزيت,0.8789359075159268,0.8789359075159268
استاذ ويرحم,0.8787128433641119,0.8787128433641119
عبد الله,0.8784186089732469,0.8784186089732469
ودعم,0.8769866020797233,0.8769866020797233
عاصمه,-0.8769580234392146,0.8769580234392146
بنسبه,-0.8768210346353954,0.8768210346353954
طبخ,-0.8765738330458874,0.8765738330458874
انت خاين,0.8764770453867955,0.8764770453867955
وتجيب,0.8763532705538255,0.8763532705538255
تدو,0.8762565153828639,0.8762565153828639
النضام,-0.8762515177736412,0.8762515177736412
معطوبي الجيش,0.8759865618663178,0.8759865618663178
معطوبي,0.8759865618663178,0.8759865618663178
باش تجيب,0.8757940957911027,0.8757940957911027
نفتح,-0.875694997143505,0.875694997143505
مكاش كعبه,0.8756389742282303,0.8756389742282303
والبسبوسه,-0.8756257394530398,0.8756257394530398
اله الغسيل,-0.8754411335131693,0.8754411335131693
ينسى,-0.875106831790866,0.875106831790866
برحمته,-0.8750598225840629,0.8750598225840629
لا يمكن,-0.8750237685677379,0.8750237685677379
مزيه لي,-0.8747213437021294,0.8747213437021294
page,0.8746382666077551,0.8746382666077551
ونعمه,-0.8745731113947274,0.8745731113947274
fiha,0.8745629061593434,0.8745629061593434
وليد قحبه,0.8742567141217543,0.8742567141217543
امني,0.8742486719833561,0.8742486719833561
الاحرار في,-0.873959620054763,0.873959620054763
اغلق,0.8739290180327873,0.8739290180327873
بصح لي,0.8737911321740056,0.8737911321740056
au,0.873313924069515,0.873313924069515
في جيجل,-0.8727432360070155,0.8727432360070155
زين,0.8724565090923173,0.8724565090923173
بساطه,-0.8721763395343255,0.8721763395343255
قالوا,-0.8719359756043439,0.8719359756043439
جابلي ربي,-0.8718275475574979,0.8718275475574979
كانت,-0.8717851988200602,0.8717851988200602
فيها غير,0.8717252625162483,0.8717252625162483
مباشر,-0.8715561615842167,0.8715561615842167
وحتي,0.8712467254465386,0.8712467254465386
هدا يا,-0.8712205718043391,0.8712205718043391
الدمار,0.8712040337219938,0.8712040337219938
نقاطعوا,-0.8710803784749624,0.8710803784749624
حبيتو,-0.8709976126399052,0.8709976126399052
الان,-0.8709414229802938,0.8709414229802938
حقوق مسلوبه,-0.8707978695848437,0.8707978695848437
مسلوبه,-0.8707978695848437,0.8707978695848437
الله وحده,-0.8707062058832876,0.8707062058832876
هواري,0.8706645010869221,0.8706645010869221
على نعمه,-0.8700761927968643,0.8700761927968643
دورو,-0.869943076478044,0.869943076478044
العلي,0.8692220176838102,0.8692220176838102
اطلقوا,0.869083034595457,0.869083034595457
خليده,0.8685839677444619,0.8685839677444619
شعرك,0.8681884056051026,0.8681884056051026
من المعلومات,-0.8680965439135627,0.8680965439135627
مجاهدا,-0.8675810871099338,0.8675810871099338
اعراب,0.8674794071103358,0.8674794071103358
انظال,-0.8671620660765219,0.8671620660765219
القلب,-0.8670583939329631,0.8670583939329631
نيه,-0.8664963791318447,0.8664963791318447
وارواح,0.8663838230425005,0.8663838230425005
ستموت,0.8663580264612986,0.8663580264612986
يروح,-0.8662986065847287,0.8662986065847287
مليح مليح,0.8657518230350655,0.8657518230350655
علاه,-0.8656375356476093,0.8656375356476093
تولي,0.8656006646695348,0.8656006646695348
تتمنى,0.8655292396350798,0.8655292396350798
الرقم الاخضر,-0.8651041461716813,0.8651041461716813
مع ختك,0.8649713937690215,0.8649713937690215
لحد,-0.864932503387384,0.864932503387384
فالواقع,-0.8648201892642854,0.8648201892642854
يكونوا,-0.8645597049206947,0.8645597049206947
تربح,0.8644704826638034,0.8644704826638034
عليك خويا,-0.8640364698133246,0.8640364698133246
الباكالوريا,-0.8638680741673139,0.8638680741673139
الاهم,-0.8638160311872857,0.8638160311872857
كبيره,0.863714375845275,0.863714375845275
كشما,0.8636826845217416,0.8636826845217416
الاحد,-0.8633329888267717,0.8633329888267717
المعارضين,0.8632087852271231,0.8632087852271231
لحراك,-0.8631140630230337,0.8631140630230337
نيك ماتكم,0.8630149565735683,0.8630149565735683
حقوق,0.8628484513484729,0.8628484513484729
يمشي,-0.8627336959619458,0.8627336959619458
الصحه والعافيه,-0.8626699075574665,0.8626699075574665
الشكاره,-0.8625260902243327,0.8625260902243327
اكرمكم اله,0.8622183050936797,0.8622183050936797
الي,0.8621104726764243,0.8621104726764243
عايشين,0.8616332689851647,0.8616332689851647
عسكر,0.8615785362321372,0.8615785362321372
الثمن,-0.8615511105829152,0.8615511105829152
محمد,0.8613650949401025,0.8613650949401025
الكريمه,-0.8613225732758583,0.8613225732758583
فري فاير,-0.8612837741441328,0.8612837741441328
بالفعل,0.8610041895459841,0.8610041895459841
كرش,-0.8606962755172498,0.8606962755172498
عزوجل,0.8606866510720679,0.8606866510720679
are,0.8605672577629107,0.8605672577629107
بلي,-0.8605133176934437,0.8605133176934437
احلي,-0.8599020264348218,0.8599020264348218
القايد الصالح,0.8594550382365574,0.8594550382365574
علابيها,0.8594024392336623,0.8594024392336623
لجيش,0.8593175342635022,0.8593175342635022
تحسب,-0.8588713317307334,0.8588713317307334
حنا في,0.8585593611077916,0.8585593611077916
تقولو,-0.8584235869372204,0.8584235869372204
بصح كي,0.8583746629199872,0.8583746629199872
السرعه,-0.8579642105938073,0.8579642105938073
شوروم,0.8577029073827808,0.8577029073827808
مثال,0.8576864755418826,0.8576864755418826
سيحاسب,0.8572085166260468,0.8572085166260468
خلينا,-0.8571398795890638,0.8571398795890638
خلاونا,0.8568127312384175,0.8568127312384175
ثقافه,-0.8567689592029066,0.8567689592029066
نفرضو,0.8559673637795633,0.8559673637795633
عجب,-0.8553098607253116,0.8553098607253116
وسيله,-0.8552700474566322,0.8552700474566322
سيدتي,-0.8552331046933904,0.8552331046933904
الخدمه الوطنيه,0.8550934799627055,0.8550934799627055
ها ها,-0.854246591583863,0.854246591583863
الانسياق,-0.8538896230616132,0.8538896230616132
بوتفليقه هاذي,0.8536233608760693,0.8536233608760693
لخارج,-0.8535766580024252,0.8535766580024252
اشخاص,0.8528114386986139,0.8528114386986139
تيارت,-0.8525603334073361,0.8525603334073361
شعال يدير,-0.8521928330663899,0.8521928330663899
تعصر,-0.8521124656660832,0.8521124656660832
شكرك ربي,0.8518942552466239,0.8518942552466239
شكرك,0.8518942552466239,0.8518942552466239
وفاق,-0.8516427051635398,0.8516427051635398
يا الاخ,-0.8516012428665279,0.8516012428665279
اله وصحبه,-0.8514856563646281,0.8514856563646281
وصحبه,-0.8514856563646281,0.8514856563646281
قوقل,-0.851433900656972,0.851433900656972
جهه,0.8509069454309951,0.8509069454309951
يقويك,-0.8507573881367578,0.8507573881367578
كنتم,0.8507566704872079,0.8507566704872079
وناس,0.8506814845075248,0.8506814845075248
شرعيه,0.850627644201403,0.850627644201403
تقدرو تستغلوها,-0.8505983300673298,0.8505983300673298
تستغلوها,-0.8505983300673298,0.8505983300673298
انتوما تقدرو,-0.8505983300673298,0.8505983300673298
الديسكات مابقاتش,-0.8505983300673298,0.8505983300673298
الديسكات,-0.8505983300673298,0.8505983300673298
زعيم,0.850522603656056,0.850522603656056
يمكنك اكتشاف,-0.8504417504616048,0.8504417504616048
haka,-0.8497360522824817,0.8497360522824817
سلامتك,-0.8494007593346883,0.8494007593346883
khir,0.8493491030682763,0.8493491030682763
والديكم,-0.8491897633822312,0.8491897633822312
اللهم احفظ,-0.8487081709359882,0.8487081709359882
توصل,-0.8486574904975139,0.8486574904975139
بلعيز,-0.8478488762044618,0.8478488762044618
بوراك مفور,-0.8477877126740814,0.8477877126740814
مفور,-0.8477877126740814,0.8477877126740814
الطرف,-0.8474102518374274,0.8474102518374274
حت,-0.8472621037956786,0.8472621037956786
تبغي,-0.8469516148032735,0.8469516148032735
كنت راجل,0.8468669648186989,0.8468669648186989
liha,-0.8467512827240588,0.8467512827240588
عطاي كيما,0.8463216313463567,0.8463216313463567
اعتراف بان,-0.8462949158994001,0.8462949158994001
اعتراف,-0.8462949158994001,0.8462949158994001
شكون رئيس,0.8458336439132844,0.8458336439132844
الزواج,-0.8452166838394943,0.8452166838394943
wla,0.845074811238424,0.845074811238424
لي راهم,-0.8450624304436096,0.8450624304436096
مخابرات,-0.8447179722459554,0.8447179722459554
ايادي,0.8446575006659529,0.8446575006659529
لراه,0.8445238494763011,0.8445238494763011
زيتوت ربي,0.8441321392366558,0.8441321392366558
الكوكاين وتسبوا,0.8440581454296373,0.8440581454296373
تبون الكوكاين,0.8440581454296373,0.8440581454296373
ايها,0.8439268559795284,0.8439268559795284
عاليا,-0.84365912344323,0.84365912344323
اتحاد,-0.8435751285355984,0.8435751285355984
الى الله,-0.8435706822340564,0.8435706822340564
منلبسش,0.8434872534318981,0.8434872534318981
اللاعبين,-0.8425783601164446,0.8425783601164446
يتم الرد,-0.8422369259731973,0.8422369259731973
السوق العالميه,0.841560477531368,0.841560477531368
مدرجات,-0.8412092756736538,0.8412092756736538
كارطه,-0.8409639798044727,0.8409639798044727
خير وبركه,0.8403970301479913,0.8403970301479913
وبركه,0.8403970301479913,0.8403970301479913
وش دخلكم,-0.8399181140062217,0.8399181140062217
هذه هي,-0.8397613072112762,0.8397613072112762
تستهلك,-0.8392124964321096,0.8392124964321096
كيما لي,0.8387649717018998,0.8387649717018998
لوقت,0.8385100171101594,0.8385100171101594
khouya,-0.8384318282669267,0.8384318282669267
اخذت,-0.8380648324740888,0.8380648324740888
وكلب,0.8380008642996498,0.8380008642996498
سيدنا,-0.8377491726616672,0.8377491726616672
تاع شكوبي,0.837586123095648,0.837586123095648
وتنبح,0.837441926255942,0.837441926255942
مجاني,-0.836811424725727,0.836811424725727
الرياضيات,0.836759787495734,0.836759787495734
لي كون,-0.83666960932098,0.83666960932098
كلامها,0.8365786795959357,0.8365786795959357
kho,0.8362916332595715,0.8362916332595715
كلب فرانسا,0.836259721425075,0.836259721425075
تضمن,-0.8359448629362992,0.8359448629362992
الحجاب,0.8359227959307127,0.8359227959307127
الطفل,-0.8358513321264324,0.8358513321264324
لست,0.834859751881201,0.834859751881201
وجوه الرخص,0.8346373682439361,0.8346373682439361
الله يجيب,-0.8344374524522906,0.8344374524522906
كره,-0.8342425231195217,0.8342425231195217
الجهويه,0.8342092829910901,0.8342092829910901
كونو,-0.8332541091619637,0.8332541091619637
هبط,0.8330182084842506,0.8330182084842506
تقتلوا اولادكم,-0.8329470921246591,0.8329470921246591
تقتلوا,-0.8329470921246591,0.8329470921246591
واللي,0.8328263232916696,0.8328263232916696
تقوم,0.8322659993807685,0.8322659993807685
الوعود,0.8321723061836833,0.8321723061836833
مسبقا,-0.8320594493107997,0.8320594493107997
احكيلنا,0.8316634053844514,0.8316634053844514
البونديه,-0.8316520986221579,0.8316520986221579
الوصوص,-0.8316520986221579,0.8316520986221579
البونديه الوصوص,-0.8316520986221579,0.8316520986221579
المنهوبه,-0.831621194828113,0.831621194828113
الالكتروني,0.8313474018852035,0.8313474018852035
سنه,0.8312902723271081,0.8312902723271081
دخلو,-0.8312518393461806,0.8312518393461806
حتي,-0.8311962512393165,0.8311962512393165
البطوله,-0.831096643971171,0.831096643971171
عليهم,-0.8299605785283318,0.8299605785283318
بوداوي,0.829682527222581,0.829682527222581
الجزاير,-0.8296372650903039,0.8296372650903039
فرن,-0.8293833646805057,0.8293833646805057
العسكر,0.8288580281836746,0.8288580281836746
عربي,-0.8287903726811897,0.8287903726811897
اله يرحمك,-0.828325218253785,0.828325218253785
رسول اله,-0.8283085631696987,0.8283085631696987
نشرت,-0.828102729626357,0.828102729626357
ولو,0.8279865897285502,0.8279865897285502
تفرغ,-0.8279401930522279,0.8279401930522279
قلت تبون,-0.8279128130443915,0.8279128130443915
ولد القحبه,0.8263463636062915,0.8263463636062915
من بين,-0.8259673450009934,0.8259673450009934
حق الشعب,0.825548804313605,0.825548804313605
تتنحاو,-0.8250910530412133,0.8250910530412133
rouhi,0.8248923949512095,0.8248923949512095
القوم,-0.8248322898362586,0.8248322898362586
ختيتو,-0.8245052542995392,0.8245052542995392
وهل,-0.824495142982041,0.824495142982041
ختك لي,0.8244591712031187,0.8244591712031187
البحر,-0.8241903505119614,0.8241903505119614
المغاربيه,0.8241870916376892,0.8241870916376892
قست,0.8240727856099062,0.8240727856099062
الدوليه,-0.8240447480823178,0.8240447480823178
كاش حاجه,0.8240324242809894,0.8240324242809894
الذوق,0.8236054601827706,0.8236054601827706
رديتو,0.82349052119152,0.82349052119152
راجل,0.8228933731393304,0.8228933731393304
فراك,0.8222120738248736,0.8222120738248736
منتجات,-0.8221752165500852,0.8221752165500852
جيد,0.8219507258130812,0.8219507258130812
سياسي معارض,0.8217950727194578,0.8217950727194578
مكانش منها,0.8215728136166505,0.8215728136166505
والحمد لله,-0.8215383102370906,0.8215383102370906
واش,0.8208660611950009,0.8208660611950009
يا اما,0.8207537414517333,0.8207537414517333
وبدون,-0.8205853501039743,0.8205853501039743
يظهر,-0.8204811088752424,0.8204811088752424
الى مزبله,0.820305072150165,0.820305072150165
ركم,-0.81992608812216,0.81992608812216
مقاطع,-0.8195919284350961,0.8195919284350961
القباءل,0.8191907115800691,0.8191907115800691
دليل,-0.8190601079647547,0.8190601079647547
المحل,-0.8189438293968286,0.8189438293968286
ويمكرون ويمكر,0.8186581571593495,0.8186581571593495
ويمكرون,0.8186581571593495,0.8186581571593495
وليس,0.8186006915172391,0.8186006915172391
المرور,-0.8183366534564712,0.8183366534564712
خسرو,0.8179673396960688,0.8179673396960688
محال,0.8175997783076743,0.8175997783076743
مولوديه نحبوها,-0.8175291655980707,0.8175291655980707
حرق,0.817516204861277,0.817516204861277
حاشا,-0.8175041393704848,0.8175041393704848
يهديهم,-0.8174331268609202,0.8174331268609202
الله يرحمو,-0.8173653915453032,0.8173653915453032
استغفر الله,-0.8171458763955104,0.8171458763955104
المستعان,-0.8170929403939282,0.8170929403939282
ماك,0.816957110395545,0.816957110395545
سقط,-0.8169003950020497,0.8169003950020497
راهو,0.8164125094587934,0.8164125094587934
goumi,0.8163872244771739,0.8163872244771739
سوناطراك,-0.8159747984519544,0.8159747984519544
سرقت,-0.8147676823858007,0.8147676823858007
لقيت,-0.8146253566458724,0.8146253566458724
تغير,-0.8140818928757899,0.8140818928757899
بخصوص,-0.8135954651646569,0.8135954651646569
سولكينق,-0.8135844279069511,0.8135844279069511
دقيقه,-0.8135334545109326,0.8135334545109326
تنافيقي,0.8134734256447254,0.8134734256447254
كافر,-0.8133472334674354,0.8133472334674354
العام,-0.8132891811681398,0.8132891811681398
الخير لي,-0.8131815578418208,0.8131815578418208
العقليه,-0.8129662865787006,0.8129662865787006
مثله,0.812854460343928,0.812854460343928
يا حمار,0.8118194635188318,0.8118194635188318
سريو,-0.8112738307737913,0.8112738307737913
العسكري,0.8111837428578638,0.8111837428578638
اعجاب,0.8107986234278353,0.8107986234278353
بلادنا,-0.8105865042096603,0.8105865042096603
على الاقل,-0.8101969049641407,0.8101969049641407
ذروك,0.8101839241025511,0.8101839241025511
في زوج,0.8097334139860282,0.8097334139860282
في اي,-0.8097291768344159,0.8097291768344159
امك الغاليه,0.8095558792547611,0.8095558792547611
ميكي,-0.8089484110771791,0.8089484110771791
او حداد,0.8087017591855382,0.8087017591855382
تلقي,-0.8085142570769719,0.8085142570769719
روح نيكمك,0.8083306620340702,0.8083306620340702
مخبي,-0.8081689591557144,0.8081689591557144
بالرغم اني,-0.8080430620191239,0.8080430620191239
تبسه,-0.8079755009197739,0.8079755009197739
باتم معني,0.8078237222683842,0.8078237222683842
معني الكلمه,0.8078237222683842,0.8078237222683842
يطيح,0.8078059156963261,0.8078059156963261
ويجعلو,-0.8071826210657973,0.8071826210657973
رحمه الله,-0.8071461933686787,0.8071461933686787
لقايد,-0.8070239488144366,0.8070239488144366
تسبي,-0.8065006526431657,0.8065006526431657
تاع فرنسا,0.8058480135507307,0.8058480135507307
اشد من,-0.8057884347058516,0.8057884347058516
يا مرخس,0.8055775756145426,0.8055775756145426
لقد,-0.8053179795460941,0.8053179795460941
90,0.8048268303807262,0.8048268303807262
الكل,-0.804810492014027,0.804810492014027
تعلمون,-0.8045801299173709,0.8045801299173709
تخدم على,0.8045778747046594,0.8045778747046594
وحدهم,-0.8039574832230366,0.8039574832230366
عمي,-0.8039222252076258,0.8039222252076258
السماء,-0.8029966959568803,0.8029966959568803
koul,0.8027979315298636,0.8027979315298636
سبحانو لي,0.8027169005816105,0.8027169005816105
rab,-0.8021276541422554,0.8021276541422554
محامي,0.8014061081962819,0.8014061081962819
يمكن,-0.8011280395654035,0.8011280395654035
متعاملين,0.8010980138318318,0.8010980138318318
وعله انت,0.8010980138318318,0.8010980138318318
وعله,0.8010980138318318,0.8010980138318318
الزيوت,0.8010980138318318,0.8010980138318318
انواع الزيوت,0.8010980138318318,0.8010980138318318
الزيوت خير,0.8010980138318318,0.8010980138318318
سلعه ربراب,0.8010980138318318,0.8010980138318318
فرنسا ايبا,0.8010980138318318,0.8010980138318318
انت تموت,0.8010980138318318,0.8010980138318318
بلادنا وعله,0.8010980138318318,0.8010980138318318
اموت,0.8010980138318318,0.8010980138318318
وبركه متعاملين,0.8010980138318318,0.8010980138318318
ايبا دير,0.8010980138318318,0.8010980138318318
متعاملين بزاف,0.8010980138318318,0.8010980138318318
الناس,0.8009372582896465,0.8009372582896465
امين يا,-0.8007325407068988,0.8007325407068988
60,-0.8006814064816047,0.8006814064816047
الاجابه,-0.8002547054433612,0.8002547054433612
هاذوك,0.8001388720618454,0.8001388720618454
الخطا,0.8000220751896528,0.8000220751896528
ادخل,-0.7991638680815766,0.7991638680815766
هربت,-0.799117492282998,0.799117492282998
عاد,0.7989593295267001,0.7989593295267001
وقيلا,-0.7987866083975569,0.7987866083975569
كشفهم,0.7985549917787544,0.7985549917787544
الوكيل حسبنا,-0.7984859429582352,0.7984859429582352
التجاره,0.7981434881108475,0.7981434881108475
ويقولك,-0.7975128057652736,0.7975128057652736
فكل,-0.7974689185738486,0.7974689185738486
عقولهم,-0.7974458143356465,0.7974458143356465
ادافع,0.7973593863491227,0.7973593863491227
لقحبه,0.7972793351517188,0.7972793351517188
كريمه,-0.7972574671607143,0.7972574671607143
سارق يحاسب,0.7971030715052199,0.7971030715052199
متواصل,-0.7964490210198797,0.7964490210198797
اهدر على,0.7964215732172408,0.7964215732172408
عاوض اوليدك,0.7963075808569361,0.7963075808569361
اوليدك,0.7963075808569361,0.7963075808569361
عاوض,0.7963075808569361,0.7963075808569361
كامل الشعب,0.7962761138073774,0.7962761138073774
مستقله,0.7955179303212797,0.7955179303212797
دوليه,0.7953296471675172,0.7953296471675172
50,-0.7951584781471794,0.7951584781471794
انا لي,0.7948895782113459,0.7948895782113459
الدشره,0.7947591980039672,0.7947591980039672
بقوه,-0.7945413921103331,0.7945413921103331
كل خير,-0.7943434315065356,0.7943434315065356
عقليه,0.7942651737652103,0.7942651737652103
ويتنحاو,0.7942370201341489,0.7942370201341489
يرحام,0.7941952299332298,0.7941952299332298
وربي يرحام,0.7941952299332298,0.7941952299332298
مع,0.794088176000878,0.794088176000878
الهدايا الخاصه,-0.7939937198521865,0.7939937198521865
دراهمو,0.793872930243899,0.793872930243899
تسوي,-0.7937069965081109,0.7937069965081109
وانتم,0.7932255156391094,0.7932255156391094
ساهل,0.7925026055173556,0.7925026055173556
ويبقي,0.7919504765926391,0.7919504765926391
كبير يا,0.7918484032023596,0.7918484032023596
منو,0.791780756827596,0.791780756827596
سنجمع,0.7915371675006958,0.7915371675006958
في حياتك,0.7914844519745974,0.7914844519745974
مسانده ربراب,-0.7914797510162692,0.7914797510162692
حاب,-0.7911669075325353,0.7911669075325353
الارهابيه تسقط,0.791089516432163,0.791089516432163
طيز,0.7910875727242965,0.7910875727242965
تبعتلي,-0.7909478306893635,0.7909478306893635
واش حكايتها,0.7907522888216975,0.7907522888216975
الفرصه,-0.790695271763133,0.790695271763133
الحرام,0.7905757847547219,0.7905757847547219
زيت ربراب,0.7905023030998023,0.7905023030998023
الهواء,-0.7902257731670862,0.7902257731670862
روح تخرا,0.7901507600216613,0.7901507600216613
ميزان حسناتك,0.7894094144515339,0.7894094144515339
التسويه,0.7890090019203893,0.7890090019203893
تعالى,-0.7889025648697883,0.7889025648697883
الزهر,-0.7887924905852529,0.7887924905852529
السيء,-0.7886318389404559,0.7886318389404559
تبناها المصريون,-0.7883077933465935,0.7883077933465935
تبناها,-0.7883077933465935,0.7883077933465935
لمزيد من,-0.7879358371620465,0.7879358371620465
رجال عليك,0.7877753325757495,0.7877753325757495
المستقبل,0.7874763519521328,0.7874763519521328
الشابه,-0.7873564353656487,0.7873564353656487
يخص,-0.7873528172261998,0.7873528172261998
يشاء,0.7873272223099888,0.7873272223099888
الصمد,-0.7869546098410722,0.7869546098410722
يلد,-0.7869546098410722,0.7869546098410722
mi,0.7869194382964511,0.7869194382964511
الدير والو,-0.7865406999533585,0.7865406999533585
وشكر,-0.7863761569325537,0.7863761569325537
لو كان,0.7857131790057735,0.7857131790057735
ورحم,0.7856688945026946,0.7856688945026946
بارك اله,-0.7856420554091288,0.7856420554091288
نقطه البيع,-0.7856385243695311,0.7856385243695311
aya,0.7843370508804205,0.7843370508804205
هاذاك,0.7841706617451012,0.7841706617451012
ادمين,0.7839362851791476,0.7839362851791476
الدولارات,0.783378190074384,0.783378190074384
زيدلهم,-0.7831654377760381,0.7831654377760381
حبيت نفهم,-0.7831439511489011,0.7831439511489011
زوافي,0.7829154384621444,0.7829154384621444
بغيتي,-0.7827877660371451,0.7827877660371451
كيلو,-0.7827726424631306,0.7827726424631306
وعافنا,-0.7827714577937843,0.7827714577937843
تهلكنا,-0.7827714577937843,0.7827714577937843
تهلكنا بعذابك,-0.7827714577937843,0.7827714577937843
تقتلنا,-0.7827714577937843,0.7827714577937843
تقتلنا بغضبك,-0.7827714577937843,0.7827714577937843
بسهوله,-0.7821177005062101,0.7821177005062101
لي جاب,0.7820677735008033,0.7820677735008033
كليتي,0.7813848742162093,0.7813848742162093
ذاك العام,-0.781012541002117,0.781012541002117
ماشاء اله,-0.7809797552556005,0.7809797552556005
اعطيني,-0.7808475548715171,0.7808475548715171
وقت الشده,0.7807118209673184,0.7807118209673184
مخصوصه,0.7805939970052148,0.7805939970052148
فرع في,-0.7804464850060088,0.7804464850060088
في الدوله,-0.7802465974291628,0.7802465974291628
واعطيوني,0.7801887380826605,0.7801887380826605
تاعي,-0.7799528134307209,0.7799528134307209
تحرك,0.7789620534037693,0.7789620534037693
هاك,0.7786707003896189,0.7786707003896189
استرجاع,-0.7785232282871135,0.7785232282871135
نيفو تاعك,0.7785197267794343,0.7785197267794343
الترك,-0.7779449637139396,0.7779449637139396
البنك,0.7779122748010542,0.7779122748010542
كل,-0.7778968786234619,0.7778968786234619
بني فرح,-0.7778509356570562,0.7778509356570562
وقت الارهاب,-0.7777545227721482,0.7777545227721482
الافريقيه,-0.7771749125976432,0.7771749125976432
هذا وين,-0.7770742086718401,0.7770742086718401
الدفاع,-0.7770647666171743,0.7770647666171743
شرق,0.7768513111323442,0.7768513111323442
مكان وزمان,-0.7768490882616627,0.7768490882616627
وزمان,-0.7768490882616627,0.7768490882616627
بوصباع,0.7766283896766843,0.7766283896766843
ميش,0.7757020301635248,0.7757020301635248
فطور,0.775679778571278,0.775679778571278
عداله,0.7753182059311776,0.7753182059311776
يا الزامل,0.7751817593794317,0.7751817593794317
راه يهدر,-0.7749270095737819,0.7749270095737819
ليست قضيه,0.7746080499017123,0.7746080499017123
يصنعون,0.7740458046112264,0.7740458046112264
عيش,0.7740017517533202,0.7740017517533202
حكم العسكر,0.7736368690202138,0.7736368690202138
جاو,-0.7732750031894889,0.7732750031894889
مصلحتهم,0.772872773892388,0.772872773892388
ولى,0.7723427299463916,0.7723427299463916
الخروج من,0.7722374692215873,0.7722374692215873
مبقاش,-0.7715890405964337,0.7715890405964337
اضرب,0.7709858456240865,0.7709858456240865
وهكذا,0.7708174324145961,0.7708174324145961
فيفري,-0.7707172001075772,0.7707172001075772
اطلقو,-0.7703962577594426,0.7703962577594426
الاحزاب,-0.7703908942054287,0.7703908942054287
لان,0.7702161469285526,0.7702161469285526
الجيش الجزائري,0.7701076165786734,0.7701076165786734
الابواب,-0.7700057115782567,0.7700057115782567
اكرمكم,0.7696791087980968,0.7696791087980968
زلزال بقوه,-0.7696623618060144,0.7696623618060144
وسوء,0.7695698642972009,0.7695698642972009
تراجع,0.7689823648584849,0.7689823648584849
بشيشه,-0.7682360560719833,0.7682360560719833
بالفريت,0.7679309108843897,0.7679309108843897
مك يا,0.7678269473721522,0.7678269473721522
طبق,-0.7678099829446049,0.7678099829446049
هدر,0.7669250381272209,0.7669250381272209
السنه النبويه,0.7668818074667094,0.7668818074667094
النبويه,0.7668818074667094,0.7668818074667094
قدرك,0.7662478170023532,0.7662478170023532
مدرسه,-0.7656075772485559,0.7656075772485559
صحيح,0.7655282227261818,0.7655282227261818
نسال الله,-0.7652601551573657,0.7652601551573657
يعطو,0.7651531218018641,0.7651531218018641
مريح,-0.7651080996775926,0.7651080996775926
باب,0.7649867344004827,0.7649867344004827
خطه,0.7648280598955618,0.7648280598955618
خطر,-0.7646969583858215,0.7646969583858215
الي بدا,-0.7645988193075889,0.7645988193075889
والاجتماعيه والاقتصاديه,0.7645514012406643,0.7645514012406643
والاقتصاديه,0.7645514012406643,0.7645514012406643
والاجتماعيه,0.7645514012406643,0.7645514012406643
مسؤول,0.7644551223713906,0.7644551223713906
فاهمه,-0.7640350732543996,0.7640350732543996
من هذه,-0.7638288488221773,0.7638288488221773
يجو,-0.7636738362068831,0.7636738362068831
يهنيك,-0.7634894419507712,0.7634894419507712
بوخروبه,0.7634705634861062,0.7634705634861062
دور,0.7627828967270012,0.7627828967270012
الجيش الشعبي,0.7623845593952351,0.7623845593952351
في الدين,-0.7619940505327338,0.7619940505327338
بلاصتك,-0.7618672822601769,0.7618672822601769
تبارك اله,-0.7609992733266857,0.7609992733266857
الصغير,-0.7609835889305746,0.7609835889305746
وبين,-0.760852699003374,0.760852699003374
صبحت,0.7607545235080685,0.7607545235080685
تكون من,0.7604172121457901,0.7604172121457901
التم,0.7601283697081378,0.7601283697081378
السائق,-0.7600894845573701,0.7600894845573701
مخابرات ارهابيه,-0.7591039741350667,0.7591039741350667
بركا,-0.7587200049710583,0.7587200049710583
خمم,-0.7585300637447492,0.7585300637447492
في,-0.7583830915767471,0.7583830915767471
تحت,-0.7583104843069252,0.7583104843069252
قستها فرار,-0.7583033644809287,0.7583033644809287
لشركه,-0.7568372905459988,0.7568372905459988
العالمين والصلاه,-0.7564149601452541,0.7564149601452541
والصلاه,-0.7564149601452541,0.7564149601452541
لكي تاتو,-0.7563882657022949,0.7563882657022949
غبغاب لكي,-0.7563882657022949,0.7563882657022949
بالمنتوجات الاجنبيه,-0.7563882657022949,0.7563882657022949
يناقرو,-0.7563882657022949,0.7563882657022949
الرومان راهم,-0.7563882657022949,0.7563882657022949
الوندال,-0.7563882657022949,0.7563882657022949
الهاشتاق قالك,-0.7563882657022949,0.7563882657022949
الاجنبيه السعوديه,-0.7563882657022949,0.7563882657022949
تاتو بالمنتوجات,-0.7563882657022949,0.7563882657022949
تاتو,-0.7563882657022949,0.7563882657022949
تهاجمو,-0.7563882657022949,0.7563882657022949
راهم يناقرو,-0.7563882657022949,0.7563882657022949
قالك تهاجمو,-0.7563882657022949,0.7563882657022949
وغجر الرومان,-0.7563882657022949,0.7563882657022949
وغجر,-0.7563882657022949,0.7563882657022949
الرومان,-0.7563882657022949,0.7563882657022949
بالمنتوجات,-0.7563882657022949,0.7563882657022949
يعطيهم,-0.755903310916849,0.755903310916849
تفوو عليك,0.7557737182085564,0.7557737182085564
يعتبر,-0.7555104439411365,0.7555104439411365
مافيهش,-0.7549240369452878,0.7549240369452878
ديغول,0.7548934916132503,0.7548934916132503
احشم على,0.7548363524845263,0.7548363524845263
درتو,0.7547375586715565,0.7547375586715565
نقولوا,-0.7542213516045095,0.7542213516045095
عرض,-0.7536801985282909,0.7536801985282909
بدماء,0.7534679916242053,0.7534679916242053
ma,0.753445098315295,0.753445098315295
اﻻ,-0.753409006769731,0.753409006769731
ترتفع,-0.7533396201406614,0.7533396201406614
هاكدا,-0.7532044665057975,0.7532044665057975
ها,-0.7525489113530606,0.7525489113530606
يا خبيث,0.75245923951763,0.75245923951763
تقرير,-0.7523967932213808,0.7523967932213808
حبيت تقول,0.7523724504251769,0.7523724504251769
حياك الله,-0.7522427003940237,0.7522427003940237
وبرك,-0.752098599271943,0.752098599271943
ومخلي شعبو,-0.7520758841927988,0.7520758841927988
شعبو,-0.7520758841927988,0.7520758841927988
ومخلي,-0.7520758841927988,0.7520758841927988
شعبو يطلب,-0.7520758841927988,0.7520758841927988
كابرنات,0.7517282744341134,0.7517282744341134
نتا واش,-0.7512230179542976,0.7512230179542976
تحبس,0.7509852081672366,0.7509852081672366
الله يسلمك,-0.7507778067779265,0.7507778067779265
بلي صح,-0.7504845035856478,0.7504845035856478
نقاط بيع,-0.750373791224349,0.750373791224349
نشالله,-0.7494398685600313,0.7494398685600313
معطوب ماشي,-0.7480725826589764,0.7480725826589764
انبح,0.7479434324912942,0.7479434324912942
واحد,-0.747871242276864,0.747871242276864
ضمان,-0.7475143575927448,0.7475143575927448
سقسيها,0.7474638315899692,0.7474638315899692
الوطني,-0.7471743773637292,0.7471743773637292
طيبه,-0.747120885110267,0.747120885110267
خوكم,-0.7471197454062922,0.7471197454062922
تبيع,-0.7470434027952277,0.7470434027952277
فرنسا كي,0.7468770474294253,0.7468770474294253
واصحاب,-0.7468536010637405,0.7468536010637405
ويعيش,-0.7468032738979257,0.7468032738979257
حسبنا اله,-0.7464613736702458,0.7464613736702458
وراني,-0.7464005651085491,0.7464005651085491
تركنا,-0.7463171428357415,0.7463171428357415
فريده,-0.7460946639312304,0.7460946639312304
وحنا,-0.7458063656584175,0.7458063656584175
اندلاع,0.7456592656010994,0.7456592656010994
تاعو,-0.7452113167169778,0.7452113167169778
لكوندور,-0.7446681267730983,0.7446681267730983
اعيش,-0.7445833429736766,0.7445833429736766
متقاعدي الجيش,-0.7441106360332335,0.7441106360332335
الاسلام,0.7436521228179167,0.7436521228179167
في هدا,-0.7434926443371792,0.7434926443371792
معذبهم,-0.7434017044735256,0.7434017044735256
فى,-0.7433899547574151,0.7433899547574151
مسكين,0.7433513251450057,0.7433513251450057
الاستفاده,0.7433458321277591,0.7433458321277591
تبحث,-0.7431308844857377,0.7431308844857377
hadi,-0.7428074544050333,0.7428074544050333
تونس,0.7423624113824684,0.7423624113824684
جربيه,-0.7420503463208709,0.7420503463208709
الول,0.7418839106145313,0.7418839106145313
موفق,-0.7416158482639827,0.7416158482639827
بالله,0.7416076517768837,0.7416076517768837
الماده,0.7415766743223097,0.7415766743223097
معك,-0.7413885728459718,0.7413885728459718
انتوما,0.741202559298073,0.741202559298073
سولكينج,0.740116351064074,0.740116351064074
كي يدخل,0.7399982270089488,0.7399982270089488
في العداله,-0.7397321431744562,0.7397321431744562
هل توجد,-0.7397114379220822,0.7397114379220822
رزق,0.7396055082395516,0.7396055082395516
قاضي,-0.7394275955448307,0.7394275955448307
الاف العاءلات,-0.7394026743502339,0.7394026743502339
اومبعد,-0.7390709257235687,0.7390709257235687
اغلاق,-0.7389060384074675,0.7389060384074675
امنيه,-0.738851757211354,0.738851757211354
خالد نزار,0.7386178586451365,0.7386178586451365
العبد,-0.738452609218302,0.738452609218302
ساهم,0.7384140564539787,0.7384140564539787
امور,0.7383323235705475,0.7383323235705475
في مدينه,-0.7380228664975765,0.7380228664975765
البترول طاحت,0.737388321968856,0.737388321968856
سيارات,-0.7368433294232196,0.7368433294232196
بعد,-0.7367890195659824,0.7367890195659824
بينهم,0.7365279532524441,0.7365279532524441
بركاو من,0.736141487259711,0.736141487259711
ديالكم,-0.7358999546473267,0.7358999546473267
ماكش,0.7358409031622395,0.7358409031622395
فور,-0.735537183967773,0.735537183967773
فرانسا,0.7354651697509106,0.7354651697509106
كلما,-0.7353968523051823,0.7353968523051823
هديه,0.734902163883826,0.734902163883826
الاصلي,-0.7348681682080143,0.7348681682080143
العديد من,-0.7347355446939551,0.7347355446939551
خمسه,-0.7347310613975,0.7347310613975
يتقاضى,0.7345257129584197,0.7345257129584197
راك تشوف,-0.7341842415213361,0.7341842415213361
رضي,0.7341091208409983,0.7341091208409983
وصح,0.7330661682442645,0.7330661682442645
في حرب,0.7326065597207133,0.7326065597207133
قلبها,-0.7322391668995416,0.7322391668995416
زهره,0.7320737551340495,0.7320737551340495
بنت,0.7318094525134656,0.7318094525134656
تفووه عليك,0.7315869180454314,0.7315869180454314
فوقهم,-0.731577295431756,0.731577295431756
الجايه,-0.7311888469117416,0.7311888469117416
مرفوع,-0.7311269410743205,0.7311269410743205
من,0.731004482223649,0.731004482223649
باطل,-0.7309860392561179,0.7309860392561179
مرفق,-0.7304239425381515,0.7304239425381515
نزيه,0.7303767368118741,0.7303767368118741
ان كان,-0.7302830500592904,0.7302830500592904
نسيتي,-0.7302800058355488,0.7302800058355488
الداخلي,0.729337861653049,0.729337861653049
مزير,-0.7292737893500548,0.7292737893500548
اصل البوراك,-0.7292588877194862,0.7292588877194862
ولايات,0.7292329639555395,0.7292329639555395
الله يرحمها,-0.7292034145376556,0.7292034145376556
التطياح,0.7289896737246886,0.7289896737246886
يرزق,-0.7288229761356588,0.7288229761356588
ناجح,0.7285960957647764,0.7285960957647764
وتسبوا في,0.7284610416587446,0.7284610416587446
جناته,-0.7280272384700686,0.7280272384700686
مزيد,-0.7275508138711596,0.7275508138711596
اله يسهل,-0.7275442745379085,0.7275442745379085
خويا ربي,-0.727527863183872,0.727527863183872
رئيس الجمهوريه,-0.7272763443438292,0.7272763443438292
شاءاله,-0.7271995008250205,0.7271995008250205
نتاعكم,-0.7271150564349887,0.7271150564349887
نسيبورتي,0.7267000665057729,0.7267000665057729
حيا اله,-0.7266234695585004,0.7266234695585004
سلموا السلطه,-0.7264216803067525,0.7264216803067525
سلموا,-0.7264216803067525,0.7264216803067525
سيدهم ربراب,0.7263986785746533,0.7263986785746533
تسعينات,0.7263000302654468,0.7263000302654468
وجود,0.7261986808342699,0.7261986808342699
دون,-0.7260544942397903,0.7260544942397903
يدافع على,-0.7256902298809028,0.7256902298809028
الهم احفظ,-0.7255491313433926,0.7255491313433926
الخوف,0.7253536879779927,0.7253536879779927
يا الرخيس,0.7251657758468026,0.7251657758468026
البنات,-0.7251651726123034,0.7251651726123034
ويسكنه فسيح,-0.7249927703008673,0.7249927703008673
تحبوا,0.7248833143590686,0.7248833143590686
ماهي,-0.7247460202026306,0.7247460202026306
الشعبي,-0.7243714727037139,0.7243714727037139
عثماني,-0.7239312537776346,0.7239312537776346
اله يوفقك,-0.7234399243611292,0.7234399243611292
usma,0.7227612325411055,0.7227612325411055
يتدخل,-0.7225150220056873,0.7225150220056873
نحن لا,-0.7219715051574639,0.7219715051574639
مركز شرطه,-0.7218994041787463,0.7218994041787463
ودرك,0.7217391513580123,0.7217391513580123
ربراب ربي,0.7217320377033007,0.7217320377033007
راك غالط,0.7212089697876828,0.7212089697876828
تخمامك,0.7210705044871027,0.7210705044871027
وعلى,0.7199342219125074,0.7199342219125074
ادي حكايتك,0.7199318399727435,0.7199318399727435
لخرين,-0.719474659771523,0.719474659771523
عندي محل,-0.7192812435149808,0.7192812435149808
صلى الله,0.7192754336536132,0.7192754336536132
صلى,0.7192754336536132,0.7192754336536132
تربيه,-0.7190464164565543,0.7190464164565543
تحقيق,-0.7187642825013757,0.7187642825013757
مشتبه,0.718583675655809,0.718583675655809
حذاري من,0.7185611528179774,0.7185611528179774
فرماج,-0.7182135213229103,0.7182135213229103
ثقافه المقاطعه,-0.7178637366950408,0.7178637366950408
البيضاء,0.717261995816294,0.717261995816294
ياارب,-0.717218557258892,0.717218557258892
الاشهار,-0.7172001700904427,0.7172001700904427
يسكنو,0.7164509143334281,0.7164509143334281
سكن,-0.7162288728885807,0.7162288728885807
قيمه,-0.7160818506297634,0.7160818506297634
انت انسان,0.7160193868671592,0.7160193868671592
190,-0.7159335928890513,0.7159335928890513
الدل,0.7154807043332935,0.7154807043332935
ينيكو,0.7150468284926617,0.7150468284926617
جميل,0.7148885346764836,0.7148885346764836
اولادكم خشيه,-0.7148437476663513,0.7148437476663513
خشيه,-0.7148437476663513,0.7148437476663513
خشيه املاق,-0.7148437476663513,0.7148437476663513
من التالق,0.714775617710131,0.714775617710131
اهداف,-0.7142393308848248,0.7142393308848248
سجل اهداف,-0.7142393308848248,0.7142393308848248
صحفي محترف,0.7140597895107083,0.7140597895107083
تاعها,0.714032671204153,0.714032671204153
نحن نرزقكم,-0.7135200147759097,0.7135200147759097
تكسب قوتك,0.713123085593848,0.713123085593848
بالحلال ماتخليش,0.713123085593848,0.713123085593848
دمك ياكل,0.713123085593848,0.713123085593848
تعبك بسهوله,0.713123085593848,0.713123085593848
ماتخليش,0.713123085593848,0.713123085593848
يمص,0.713123085593848,0.713123085593848
يمص دمك,0.713123085593848,0.713123085593848
ياكلك تعبك,0.713123085593848,0.713123085593848
قوتك بالحلال,0.713123085593848,0.713123085593848
ماتخليش ربراب,0.713123085593848,0.713123085593848
ربراب ياكلك,0.713123085593848,0.713123085593848
قوتك,0.713123085593848,0.713123085593848
راهي في,0.7126760858444042,0.7126760858444042
تبين,-0.7126443300393941,0.7126443300393941
الباك,-0.712596674195058,0.712596674195058
ان يكونوا,-0.7108223458666885,0.7108223458666885
ال,0.7100690827012485,0.7100690827012485
ouled franca,0.7099243004487957,0.7099243004487957
harkis goumi,0.7099243004487957,0.7099243004487957
بلاص,0.7098461429919053,0.7098461429919053
نيكمك يا,0.7096368006697361,0.7096368006697361
راني حاير,0.7095401358738453,0.7095401358738453
زواج,-0.7089718473203999,0.7089718473203999
وفاق سطيف,0.70844289445591,0.70844289445591
وليد القحبه,0.7076368411622759,0.7076368411622759
تحلبت,0.707544685581059,0.707544685581059
العشريه,-0.7075137387651901,0.7075137387651901
كيفاش,-0.7075043611903622,0.7075043611903622
والجزائر,0.7074228108774119,0.7074228108774119
القنوات,-0.7066892353535453,0.7066892353535453
احمد,0.7065973952602652,0.7065973952602652
الريحه,-0.7064743589628096,0.7064743589628096
معه,0.7058342127544418,0.7058342127544418
علينا ان,0.7051267196763988,0.7051267196763988
زادت,-0.7048155701068106,0.7048155701068106
رحم الله,0.704714871884381,0.704714871884381
الافسيو,0.704404282643913,0.704404282643913
يتبعو فيه,0.7039731799759077,0.7039731799759077
غايا,0.7037458019921559,0.7037458019921559
السكن,-0.7036997591354682,0.7036997591354682
رابعه ابتداءي,0.7036469772355142,0.7036469772355142
نسال اله,-0.7035645184408565,0.7035645184408565
يحيا الجيش,0.7035618854867903,0.7035618854867903
بباك,0.702985468040336,0.702985468040336
بصح كاين,0.7029844245943395,0.7029844245943395
ربي يحفظكم,-0.7024433844855857,0.7024433844855857
سريعا,0.7016344441820042,0.7016344441820042
مرتزقه,0.7013753417901931,0.7013753417901931
شطيح,-0.7010675117619874,0.7010675117619874
مجتهد نصيب,-0.7009433035491892,0.7009433035491892
حمد اله,-0.7007660014934665,0.7007660014934665
الوطن الغالي,-0.7006545483119531,0.7006545483119531
تشوف,-0.7005711541271785,0.7005711541271785
وربراب وحداد,0.700521603860668,0.700521603860668
وجيشهم معليهش,0.7002880025363393,0.7002880025363393
بلادهم ويسبو,0.7002880025363393,0.7002880025363393
الدشره يسبو,0.7002880025363393,0.7002880025363393
معليهش بصح,0.7002880025363393,0.7002880025363393
وجيشهم,0.7002880025363393,0.7002880025363393
ودير,0.7002438280286654,0.7002438280286654
حكمك,0.6995489349741542,0.6995489349741542
الهواتف,-0.6994911578286583,0.6994911578286583
ايحي,0.6989248227147943,0.6989248227147943
جه,0.6987735841697288,0.6987735841697288
لويزه,-0.6986989809552829,0.6986989809552829
لويزه حنون,-0.6986989809552829,0.6986989809552829
حنون,-0.6986989809552829,0.6986989809552829
موش كيما,-0.6981015289668646,0.6981015289668646
الالفينات,-0.6981015289668646,0.6981015289668646
بريء,0.6980152008710677,0.6980152008710677
وقتي,0.6978253690533597,0.6978253690533597
يداوي,-0.6977814779740201,0.6977814779740201
اذا كنت,0.6977535178923794,0.6977535178923794
غليزان,-0.6976902928818476,0.6976902928818476
بس,-0.6975332745239998,0.6975332745239998
الحشر,0.697294083824444,0.697294083824444
جدكم,-0.6971516280325852,0.6971516280325852
الاعبين,-0.6970816875248091,0.6970816875248091
قالولي,0.6970366296382817,0.6970366296382817
ولا نقاطعوا,-0.6968643027799706,0.6968643027799706
جزاءرين,0.6968080547245957,0.6968080547245957
مقر,0.6966437756967927,0.6966437756967927
كسر الحراك,-0.6966081522957477,0.6966081522957477
طلعت,0.6964605302729491,0.6964605302729491
نهدر,-0.6959695356002257,0.6959695356002257
franca,0.6959625605667865,0.6959625605667865
الذي كان,-0.6953057778782507,0.6953057778782507
اوملات بالبطاطا,-0.6949778647561614,0.6949778647561614
في روحك,-0.6949751779200891,0.6949751779200891
علاش المنكر,-0.6939923862343964,0.6939923862343964
تا,0.6939817668339759,0.6939817668339759
عمرك,0.6926972148651996,0.6926972148651996
البق,0.6925777033380831,0.6925777033380831
رايه,0.692396842877994,0.692396842877994
عنك,0.6923779042222172,0.6923779042222172
يا جبري,0.6923770385296936,0.6923770385296936
فريق,-0.6923048674628329,0.6923048674628329
بريئ,-0.6922044561587298,0.6922044561587298
في صمت,0.6920306249407677,0.6920306249407677
علاه علاه,-0.6917354695270416,0.6917354695270416
روح نيك,0.6913447880474071,0.6913447880474071
كحله,0.6909735783322707,0.6909735783322707
البطاطا,0.6906873166098157,0.6906873166098157
سلط,-0.6904652364173964,0.6904652364173964
يخليه,0.6904543212412055,0.6904543212412055
تموت,0.6903409021086121,0.6903409021086121
كامل فيهم,0.6899625542193768,0.6899625542193768
وكتاه,0.6895719671037264,0.6895719671037264
عنده,-0.68905152963301,0.68905152963301
رءيس,0.6889121040831145,0.6889121040831145
هاداك لي,0.6887813994704176,0.6887813994704176
تحلاب,-0.6886798518672123,0.6886798518672123
متزيدش,-0.6884202707361289,0.6884202707361289
يستقيل,-0.6884022223988755,0.6884022223988755
الفندق,0.68819942752065,0.68819942752065
جال,0.6881690291876159,0.6881690291876159
في الجيش,0.6880246949067929,0.6880246949067929
نتبع,-0.687802957751747,0.687802957751747
رايت,-0.6877941240949398,0.6877941240949398
بالخف,-0.6876037025555745,0.6876037025555745
ابو,-0.6873234626519027,0.6873234626519027
دعاء الزلازل,-0.6867034579342178,0.6867034579342178
في الجزائر,0.6866654145888916,0.6866654145888916
rouh nik,0.6865955870002541,0.6865955870002541
ربي يحفضك,0.6864521483689482,0.6864521483689482
ربي يوفق,-0.686252161642842,0.686252161642842
hadak,-0.6860555105333478,0.6860555105333478
اظهار,-0.6858382279955303,0.6858382279955303
هادي,0.6856574249200904,0.6856574249200904
فتح نقطه,-0.6854975481661562,0.6854975481661562
قبل ما,-0.6853690625328318,0.6853690625328318
مصنع,-0.6847748211124715,0.6847748211124715
غلق الحدود,-0.6846445047303837,0.6846445047303837
بعضنا,-0.6845305908938946,0.6845305908938946
نفتخر,-0.6842413941718665,0.6842413941718665
ويديرو,0.6841110115205473,0.6841110115205473
معارض,-0.6840825584638581,0.6840825584638581
جزايريين,0.6837587497674222,0.6837587497674222
يجعلك,-0.6836739191897494,0.6836739191897494
وعاش,-0.6835457139818808,0.6835457139818808
خوفا,-0.6835242076113055,0.6835242076113055
اهل,-0.6832194846032723,0.6832194846032723
والسكر,0.683039206488558,0.683039206488558
كان معيش,-0.6829169373658793,0.6829169373658793
السور,-0.682909715615479,0.682909715615479
الالاف العاءلات,-0.6827056469112298,0.6827056469112298
معانا 201,-0.682497843960294,0.682497843960294
خشينه,0.6822337569159478,0.6822337569159478
ربهم,-0.6815420633289968,0.6815420633289968
الكثير,0.6812692958068818,0.6812692958068818
نيك اموك,0.6812380718725349,0.6812380718725349
اموك,0.6812380718725349,0.6812380718725349
مبروك لتونس,-0.6811494577883774,0.6811494577883774
كاين رجال,0.6810948831914434,0.6810948831914434
ترجمه,0.680933751778279,0.680933751778279
ربراب يشغل,-0.6808196399391924,0.6808196399391924
كي سبي,0.6805706526460013,0.6805706526460013
يا المازدا,0.6804309611484481,0.6804309611484481
دج,0.6799321048535405,0.6799321048535405
رب العرش,-0.6799092839493602,0.6799092839493602
ضد,0.6798772494974599,0.6798772494974599
قايمين,0.6796900749213142,0.6796900749213142
مسدور,0.6795980302104372,0.6795980302104372
بوك,-0.6795616612357114,0.6795616612357114
عشره,-0.6794645260523399,0.6794645260523399
تعطيني,-0.6794097546997547,0.6794097546997547
واحد ما,0.6793924405389706,0.6793924405389706
عاوني,0.6793683367862731,0.6793683367862731
الخ,0.678949033769338,0.678949033769338
بلاد زبي,0.6784134059999705,0.6784134059999705
ايا ربراب,0.6775690506604801,0.6775690506604801
قضيه اعتقال,-0.6775521196633908,0.6775521196633908
الانسياق وراء,-0.6775521196633908,0.6775521196633908
معرفتش,-0.6774153624762231,0.6774153624762231
الى,0.6773743346744252,0.6773743346744252
الجيش التحرير,-0.6772084269677245,0.6772084269677245
التحرير الوطني,-0.6772084269677245,0.6772084269677245
الابرياء,0.6765768081474879,0.6765768081474879
اله تبارك,-0.6764218698944133,0.6764218698944133
يريد ان,-0.6763555328604821,0.6763555328604821
معليش,-0.6763071132268752,0.6763071132268752
نقص,-0.6762274757137283,0.6762274757137283
هدا,0.6756991313297378,0.6756991313297378
ويسترك,0.6755250874323249,0.6755250874323249
كلشيء,-0.6754997616885374,0.6754997616885374
يا خي,0.674917230052522,0.674917230052522
تظن,0.6746883634573765,0.6746883634573765
اختيار,-0.6746872704850764,0.6746872704850764
يحوس,-0.674545654901366,0.674545654901366
فقط,-0.6742796111085116,0.6742796111085116
كنت,0.674272878728124,0.674272878728124
مده,0.6740452801623628,0.6740452801623628
ردو,-0.6739140936908983,0.6739140936908983
نشوف في,0.6738995104757721,0.6738995104757721
يا سي,-0.6737101032315901,0.6737101032315901
زيد معاهم,-0.6729807461833379,0.6729807461833379
الدياراس,0.6727859862641474,0.6727859862641474
خاوتي,-0.6727838161522608,0.6727838161522608
وشكون,0.6727736224665166,0.6727736224665166
منيش عارف,-0.6726870256786882,0.6726870256786882
خياتكم,0.6725845963207915,0.6725845963207915
تقال,-0.6724945660646717,0.6724945660646717
سيرتو لي,-0.6724394611753116,0.6724394611753116
متقاعدي,-0.67174767248883,0.67174767248883
الباقي,0.6716195954256365,0.6716195954256365
بين,0.6714463048393464,0.6714463048393464
سراح,-0.6714152600020487,0.6714152600020487
ماذا,0.6713788011300907,0.6713788011300907
قسنطينه,-0.6707596823450231,0.6707596823450231
طوال,0.6707021260554611,0.6707021260554611
تطبيع,0.6705127255973794,0.6705127255973794
جا,0.6703725764406856,0.6703725764406856
crb,-0.6702630173462782,0.6702630173462782
ارض,-0.6701938901382238,0.6701938901382238
مغادره,0.6696126594421535,0.6696126594421535
عيشين,0.6689054547541597,0.6689054547541597
ذكره,0.6688639314449863,0.6688639314449863
يترشح,-0.6682442073587234,0.6682442073587234
مؤسف,-0.6680402561723502,0.6680402561723502
قران,-0.6677104725956072,0.6677104725956072
السوقيه,-0.6670848683732621,0.6670848683732621
يخرج بمطالب,-0.6670848683732621,0.6670848683732621
اهي,0.6670551727537939,0.6670551727537939
بقيت,-0.666883257586314,0.666883257586314
وقحاب,0.6668751187308807,0.6668751187308807
صحابك,-0.6667160456574591,0.6667160456574591
ويلاقيك بيها,0.666667942989502,0.666667942989502
ويلاقيك,0.666667942989502,0.666667942989502
الفرنسي,0.6664796846630469,0.6664796846630469
كذبوا,-0.666367505896116,0.666367505896116
سوى,0.6662546577277576,0.6662546577277576
استثمر,-0.6661898060734215,0.6661898060734215
والعاقبه,-0.6652075937959551,0.6652075937959551
وربي يرحم,-0.6646884927180124,0.6646884927180124
حسبي الله,0.6645551583377669,0.6645551583377669
لعالم,0.6643239162310769,0.6643239162310769
شاف,-0.6638101553553796,0.6638101553553796
ويمكر اله,0.6630409449298321,0.6630409449298321
فلبحر,0.6630062161649066,0.6630062161649066
swa,0.6626027248149197,0.6626027248149197
تربحكم يا,0.6625871671309654,0.6625871671309654
شغل راك,0.6625455483715684,0.6625455483715684
يجيبو,-0.6622447813217085,0.6622447813217085
الرحمان,0.6621831888294983,0.6621831888294983
تحليل,-0.6617145480418437,0.6617145480418437
تصريح,-0.6617064579528754,0.6617064579528754
الارقام التاليه,-0.6609956658516213,0.6609956658516213
التاليه,-0.6609956658516213,0.6609956658516213
كشعب,-0.6609127123870182,0.6609127123870182
بلاد المسلمين,0.6607140473144145,0.6607140473144145
عبيدك,-0.660545483972901,0.660545483972901
تستاهل كل,-0.6602436008448348,0.6602436008448348
القبايلي,0.6600257830530342,0.6600257830530342
ميزان تاع,0.6598170484870104,0.6598170484870104
سراق ميزان,0.6598170484870104,0.6598170484870104
كله,0.659675972576854,0.659675972576854
يتقاضي,0.659223088192477,0.659223088192477
خويا يا,-0.6592048060684897,0.6592048060684897
كاين عرب,-0.6591050732287485,0.6591050732287485
شويا,-0.6588881821144886,0.6588881821144886
قلوبكم,0.6585215635209928,0.6585215635209928
السعيد بوتفليقه,-0.6584551719290594,0.6584551719290594
اخوانا,-0.6580652897960888,0.6580652897960888
الخلق,0.6578077642929594,0.6578077642929594
اخي امير,-0.6577419423531599,0.6577419423531599
السكر الزيت,0.6574097475439149,0.6574097475439149
يا منافق,0.6564610547137276,0.6564610547137276
خضر,-0.65645767056032,0.65645767056032
يا خامجه,0.6563486550791114,0.6563486550791114
doux,0.6562129931062316,0.6562129931062316
le doux,0.6562129931062316,0.6562129931062316
انا كي,0.6560332087942415,0.6560332087942415
سي,0.655829040803429,0.655829040803429
اخراج,0.6556942711385081,0.6556942711385081
عيان,0.6554785542530678,0.6554785542530678
والى,-0.654348906377853,0.654348906377853
من قبل,-0.6538967784545593,0.6538967784545593
ين,-0.6538239055703255,0.6538239055703255
سمعت,-0.6538171941225543,0.6538171941225543
يتناطحو,-0.653179885599061,0.653179885599061
الوحيد,-0.6525317675076754,0.6525317675076754
في بجايه,0.6520553404986494,0.6520553404986494
اظن,-0.652054343055676,0.652054343055676
il,0.6520199080792402,0.6520199080792402
حجم,-0.6520029546053338,0.6520029546053338
وامريكا,0.6518679572513089,0.6518679572513089
مبروك تستاهل,-0.6518572203800889,0.6518572203800889
والله ما,0.6516197037035921,0.6516197037035921
شريتو,-0.6515983994837448,0.6515983994837448
من الفتنه,0.6515418602449823,0.6515418602449823
حنا ماعندنا,-0.6512147062983765,0.6512147062983765
باش نقلوه,-0.6512147062983765,0.6512147062983765
حوت,-0.6512147062983765,0.6512147062983765
حوت باش,-0.6512147062983765,0.6512147062983765
نقلوه,-0.6512147062983765,0.6512147062983765
يا العربي,-0.650855793700051,0.650855793700051
بيك يا,0.650105097686279,0.650105097686279
دزاير,-0.649902939395986,0.649902939395986
وكل من,0.6499011438813808,0.6499011438813808
شي مبروك,-0.6498582858425362,0.6498582858425362
خلي,0.6495504169339654,0.6495504169339654
خط,-0.6495364213607949,0.6495364213607949
ماكش حابس,0.6493039997143217,0.6493039997143217
التكنولوجيا,-0.6490968754375838,0.6490968754375838
ماتش,-0.6488507858269804,0.6488507858269804
الانبياء,-0.648821889017241,0.648821889017241
الزواوله,0.6486986202969567,0.6486986202969567
نشري وحده,-0.6486961248146278,0.6486961248146278
لي يجي,-0.6484246024036314,0.6484246024036314
مواد,-0.6482878881096534,0.6482878881096534
ولكن,-0.6479982090419812,0.6479982090419812
نفتح نقطه,-0.6479247337263155,0.6479247337263155
تكتب,0.6478993078000354,0.6478993078000354
مصير,-0.6477819477036733,0.6477819477036733
تديو,0.6474660952514629,0.6474660952514629
ربراب الي,0.6472482909156823,0.6472482909156823
هاربين,-0.6465887395864054,0.6465887395864054
بيها في,0.6465785637490578,0.6465785637490578
اح,-0.6465052298099444,0.6465052298099444
الجزائر الجديده,-0.6458810064629734,0.6458810064629734
الشخصيه,0.6454832656945636,0.6454832656945636
مخنثين,0.6453749667357953,0.6453749667357953
علجال بوتفليقه,-0.6451392047539591,0.6451392047539591
يسمع,-0.644912288680222,0.644912288680222
مدرسه فرنسيه,0.6448967548958359,0.6448967548958359
صراتلي,-0.6447401594267377,0.6447401594267377
ارخص,-0.64441664638857,0.64441664638857
معا ختك,0.6444038964781011,0.6444038964781011
راقد,0.6443464032104392,0.6443464032104392
راضي,-0.644171289937362,0.644171289937362
الا,0.6441630495652914,0.6441630495652914
العزم,-0.6440172004406057,0.6440172004406057
احكي,0.6439513918355161,0.6439513918355161
نعم الوكيل,0.6439072045119034,0.6439072045119034
اسحاق,-0.6434421641028495,0.6434421641028495
وزين,-0.6434052378547278,0.6434052378547278
تكسر,-0.6428892029876717,0.6428892029876717
حراق,-0.6427676547369494,0.6427676547369494
ويا,0.6426476260064771,0.6426476260064771
عنه,-0.6425270290703102,0.6425270290703102
ساندويتش فريت,0.6423132205497913,0.6423132205497913
مساء,-0.6422910083769754,0.6422910083769754
هل يوجد,-0.6413655512554264,0.6413655512554264
ابي,-0.6408984724158011,0.6408984724158011
بناء دوله,-0.640633641668813,0.640633641668813
بلادنا من,-0.6400241048788285,0.6400241048788285
ناس ملاح,0.6399910473254609,0.6399910473254609
تاوعك,-0.6398190477851973,0.6398190477851973
تدخلو,-0.6398092785676767,0.6398092785676767
نيك ماتهم,0.6396753304912299,0.6396753304912299
ربي يرحم,0.639666954188458,0.639666954188458
في ميزان,0.639234350158687,0.639234350158687
نبدا,-0.639204763002942,0.639204763002942
العكس,-0.6390613261293019,0.6390613261293019
ليك,0.6389696489651293,0.6389696489651293
مرحبا بكم,-0.6389448416968108,0.6389448416968108
تشكمو وتهزو,0.6385342708236327,0.6385342708236327
مثلا شويه,0.6385342708236327,0.6385342708236327
تعياو تشكمو,0.6385342708236327,0.6385342708236327
تعياو,0.6385342708236327,0.6385342708236327
وشويه عزه,0.6385342708236327,0.6385342708236327
شحال تعياو,0.6385342708236327,0.6385342708236327
وتهزو,0.6385342708236327,0.6385342708236327
عقل وشويه,0.6385342708236327,0.6385342708236327
شويه عقل,0.6385342708236327,0.6385342708236327
وروح,-0.638499976556857,0.638499976556857
تسما لي,-0.6383775683870325,0.6383775683870325
بامر,0.6368610173230718,0.6368610173230718
احرار,0.6366953733339084,0.6366953733339084
هاذ الشيء,0.6363502502029976,0.6363502502029976
الله من,0.6362941216816033,0.6362941216816033
مفقود,-0.6358258012689282,0.6358258012689282
مكان لا,0.6357997688794103,0.6357997688794103
ابن باز,-0.635681146457939,0.635681146457939
باز,-0.635681146457939,0.635681146457939
واستغفاره,-0.635681146457939,0.635681146457939
bien,-0.6354313846494349,0.6354313846494349
mazal,0.635400232516338,0.635400232516338
النجاح التوفيق,-0.6352641968681869,0.6352641968681869
ضعو,0.6352248371678932,0.6352248371678932
الخير جاي,0.6350445023776156,0.6350445023776156
اله يعطيك,-0.6345760195844473,0.6345760195844473
غير ربي,-0.6344591673466705,0.6344591673466705
خصاءص,-0.634139435989916,0.634139435989916
يا خونه,0.6336900783694488,0.6336900783694488
والصلاه والسلام,-0.6332189378454307,0.6332189378454307
لربي,-0.6332024643522254,0.6332024643522254
المستورد,-0.6324503488312581,0.6324503488312581
بابجي,-0.632447409464363,0.632447409464363
الكبار,0.6323828790776286,0.6323828790776286
وسعيد بوتفليقه,0.6318570369673356,0.6318570369673356
مذكره,0.6314905814248505,0.6314905814248505
الزيت والسكر,-0.6311450946983189,0.6311450946983189
شفتها,-0.6308647054179702,0.6308647054179702
كمل,-0.6306396491048424,0.6306396491048424
الانقلاب,-0.6302457090092252,0.6302457090092252
ربراب بريء,-0.6301500398545266,0.6301500398545266
صديقي,-0.6297443003029115,0.6297443003029115
بملفات,-0.6295582185225671,0.6295582185225671
غالب,0.6295558820761884,0.6295558820761884
جزايرين,0.6293610649576873,0.6293610649576873
تموتو,0.6293244319032076,0.6293244319032076
تاع سبي,0.6292272391146955,0.6292272391146955
نيك موك,0.6291850994432843,0.6291850994432843
من بكري,0.6289208286022363,0.6289208286022363
انكم,0.6288664725944606,0.6288664725944606
التوجه,-0.6287172387099451,0.6287172387099451
امير تستاهل,-0.6285636557910922,0.6285636557910922
ابليس,-0.6285285320946853,0.6285285320946853
كالعاده,-0.62833740229526,0.62833740229526
الثقافه,0.6280490880572226,0.6280490880572226
وكانوا,0.6274498165899616,0.6274498165899616
علي,0.6272401115892825,0.6272401115892825
الموعد,0.626862245955873,0.626862245955873
واش راه,0.6268135669244559,0.6268135669244559
التالي,-0.6267444200246721,0.6267444200246721
وجهك كي,0.626682974842018,0.626682974842018
راهي,0.6266468657289354,0.6266468657289354
في المواقع,-0.626045487953223,0.626045487953223
باريس,0.6255420362915173,0.6255420362915173
الصدق والمصداقيه,0.6254978725751404,0.6254978725751404
قادره,-0.6253288672112526,0.6253288672112526
لكبار,-0.6250095724521799,0.6250095724521799
تعملو,0.6248649768684723,0.6248649768684723
bravo,-0.624621755422847,0.624621755422847
او مزال,-0.6244393546670068,0.6244393546670068
قبايل,-0.6244040355937197,0.6244040355937197
وتحل,0.6239844701622826,0.6239844701622826
الرحمن الرحيم,-0.6237410498623942,0.6237410498623942
مهم,0.6237300938441067,0.6237300938441067
الحال,0.6233099527104106,0.6233099527104106
كل ما,0.6232435136847253,0.6232435136847253
يشجع,-0.6232178756925113,0.6232178756925113
لاخر,0.6231646351418997,0.6231646351418997
راك تدي,-0.62295711824439,0.62295711824439
اتقوا الله,-0.6221634510003572,0.6221634510003572
قضيه وطن,-0.6221252176225646,0.6221252176225646
فشل,-0.621920553926024,0.621920553926024
شاوي,-0.6218874609769608,0.6218874609769608
قباءليه,-0.6217806075736517,0.6217806075736517
يا شكام,0.6216444561433921,0.6216444561433921
البلاء,-0.621439689983441,0.621439689983441
الحشمه,-0.6210262597447752,0.6210262597447752
او مليون,0.62061785379457,0.62061785379457
بينما,0.62061785379457,0.62061785379457
ودار,0.6206136656271546,0.6206136656271546
طيح,0.6202333590494625,0.6202333590494625
هذا الموضوع,0.6201499577824965,0.6201499577824965
كتب,-0.6194831864864262,0.6194831864864262
صباح الخير,-0.6191122587742828,0.6191122587742828
الارض,-0.6191084075804607,0.6191084075804607
الفريت,-0.6190218610066174,0.6190218610066174
انا هو,0.6185122040372387,0.6185122040372387
تريكو,0.6184376089978871,0.6184376089978871
البلغارين وغجر,-0.6183468852133105,0.6183468852133105
الوندال البلغارين,-0.6183468852133105,0.6183468852133105
البلغارين,-0.6183468852133105,0.6183468852133105
قال,-0.6182645081981556,0.6182645081981556
كيفكيف,0.6181826461321214,0.6181826461321214
رضي اله,-0.6179615722040037,0.6179615722040037
السارق,-0.617602839265016,0.617602839265016
الجن,-0.6174564025401561,0.6174564025401561
اسلاميه,-0.6170597365247303,0.6170597365247303
تحاول,-0.6167763822182255,0.6167763822182255
الطرد,-0.616743243862506,0.616743243862506
هاتف كوندور,-0.6161030212581271,0.6161030212581271
انا قبايلي,0.6158139380302157,0.6158139380302157
الحكم,0.6152592919319502,0.6152592919319502
باذن الله,0.6151723874623063,0.6151723874623063
وجبه,-0.6149496873234024,0.6149496873234024
الرحيم,0.6146210286856152,0.6146210286856152
هد,-0.6145773527432741,0.6145773527432741
ديزاد,0.6143518703614705,0.6143518703614705
اليوم في,-0.6142046168846944,0.6142046168846944
ربي يا,0.613965835198521,0.613965835198521
ينيكلك,0.6138577540415744,0.6138577540415744
شكامه,0.6136194695160074,0.6136194695160074
نسجل,-0.6133585443657744,0.6133585443657744
تهدر على,-0.6132400142783342,0.6132400142783342
يخرجوهم,-0.6128956438955022,0.6128956438955022
تربحك يا,0.6128547600523612,0.6128547600523612
الجزائري,-0.6127354303494463,0.6127354303494463
راك تدير,-0.6125198774201418,0.6125198774201418
صلي اله,0.6124784451000902,0.6124784451000902
irhabi,0.6122904183578795,0.6122904183578795
goumi irhabi,0.6122904183578795,0.6122904183578795
irhabi ouled,0.6122904183578795,0.6122904183578795
فتح,-0.6120564009468501,0.6120564009468501
السلطه لشعب,-0.611039773188493,0.611039773188493
ينصرنا,0.610711746873253,0.610711746873253
ولاد لقحاب,0.6102505328973908,0.6102505328973908
خو,-0.6100012057365634,0.6100012057365634
شيشناق,0.6098299640633239,0.6098299640633239
يحفظك,-0.6098136394656978,0.6098136394656978
تشوفوا,0.6091058058258424,0.6091058058258424
ايدي,-0.6087779296447567,0.6087779296447567
يمس,-0.6086976240965881,0.6086976240965881
والحركه,-0.6082993513143595,0.6082993513143595
الانجازات,-0.6081265355081255,0.6081265355081255
رسم,-0.6079463918782274,0.6079463918782274
كل مكان,0.6078096431075467,0.6078096431075467
يا الطحان,0.6074915908496618,0.6074915908496618
المصير,-0.6072488778565523,0.6072488778565523
عنهم,0.6067887471100541,0.6067887471100541
سوريا,0.6066953868247026,0.6066953868247026
اوكل,0.6065909136102909,0.6065909136102909
تحبو,0.6061595244854345,0.6061595244854345
فضلا,-0.6056033447019689,0.6056033447019689
العيب,0.6055550221993613,0.6055550221993613
عرفو,0.6054183680558145,0.6054183680558145
راحه,-0.6052268758912523,0.6052268758912523
histoire,0.6048949350294519,0.6048949350294519
يتعلم,-0.604845580263171,0.604845580263171
ينعلك وينعل,0.604348619227265,0.604348619227265
ربراب غيرو,-0.6037569907615817,0.6037569907615817
احب,-0.6036842083515043,0.6036842083515043
الحنون,0.6035403408477373,0.6035403408477373
للشركه,-0.6032880651704632,0.6032880651704632
لي دارها,-0.6030665947010775,0.6030665947010775
اللي,0.6028554044011246,0.6028554044011246
اين هي,-0.6027598259914141,0.6027598259914141
من يقول,0.602520127866427,0.602520127866427
تخسر انت,0.6024161807730363,0.6024161807730363
اعز,-0.6023681363082352,0.6023681363082352
مابقاتش,-0.6021355619805009,0.6021355619805009
هربو,-0.602039422369499,0.602039422369499
والعاقبه لمزيد,-0.6020054483122789,0.6020054483122789
يلعب فبلاصتو,-0.6019382081237403,0.6019382081237403
بوتف,-0.6018169556925809,0.6018169556925809
والجزاءر,0.6017436918133168,0.6017436918133168
يا جماعه,-0.601081720936531,0.601081720936531
عن طريق,-0.6009452008669283,0.6009452008669283
جمعه,-0.6009400530619173,0.6009400530619173
العاب,-0.6006563640610935,0.6006563640610935
حقه,0.6006077626069453,0.6006077626069453
املاق نحن,-0.600298838869116,0.600298838869116
والمحافظه,-0.6002732527132673,0.6002732527132673
جاب,0.5998879745950612,0.5998879745950612
زلزال,0.599500895669172,0.599500895669172
اسب,-0.599323230370657,0.599323230370657
swa ta3,0.5989766800037978,0.5989766800037978
بلي ربراب,-0.5988185982692861,0.5988185982692861
ويغفر,-0.5985180768008039,0.5985180768008039
الله يعطيك,-0.5980569987119708,0.5980569987119708
تسما,-0.5978665421936942,0.5978665421936942
مليار,-0.5975214014892913,0.5975214014892913
تشبه,-0.5975146466110205,0.5975146466110205
تسب,0.5965478407352252,0.5965478407352252
لي كنت,0.5965259553865204,0.5965259553865204
ربي ياخذ,0.5964926812894148,0.5964926812894148
تحركهم,0.5955055185486994,0.5955055185486994
على وجه,-0.5954623870763857,0.5954623870763857
ربراب اذا,-0.5949355003055071,0.5949355003055071
يشكي,0.5948470542588631,0.5948470542588631
الصحافه,-0.594640591878402,0.594640591878402
خير الماكرين,0.5946172040528898,0.5946172040528898
الماكرين,0.5946172040528898,0.5946172040528898
فالجبال,0.594167464484565,0.594167464484565
كاسكيطه,-0.5940391476219422,0.5940391476219422
رني,-0.5940172321720757,0.5940172321720757
خيرا,-0.5939605118910062,0.5939605118910062
هاد المنشور,-0.5935464762167924,0.5935464762167924
وقيل,-0.5929824485249222,0.5929824485249222
قوه الا,-0.5927194946070796,0.5927194946070796
يحوسو,-0.5924880256514137,0.5924880256514137
لعبو,-0.5923976065510157,0.5923976065510157
بيد ربي,-0.5920285515951484,0.5920285515951484
تفوه عليك,0.5913635795778437,0.5913635795778437
يفرق,0.591132124627924,0.591132124627924
يسترنا,0.5910709403321792,0.5910709403321792
من جهه,0.5906781985021664,0.5906781985021664
dir,0.5902407165819723,0.5902407165819723
تقشف,-0.5902222733994091,0.5902222733994091
مشي في,-0.5902163621773133,0.5902163621773133
في لندن,-0.5901180722829544,0.5901180722829544
السراق سراق,0.5899832425645516,0.5899832425645516
خراي يا,0.5898868211539121,0.5898868211539121
بكل بساطه,-0.5898560614701847,0.5898560614701847
تسقط المافيا,-0.5896648710469241,0.5896648710469241
الراحه,0.5894857686680758,0.5894857686680758
جماعه,0.5889004758263815,0.5889004758263815
اماكن,0.5886658050154701,0.5886658050154701
يا زيتوت,-0.5883523062563664,0.5883523062563664
غول,0.5883256895346639,0.5883256895346639
روحك يا,0.5882787331852796,0.5882787331852796
حبا,-0.5882598707899127,0.5882598707899127
واكبر,0.5882006527156279,0.5882006527156279
بالجبن,-0.5871476108165109,0.5871476108165109
يا جدك,-0.587140537135769,0.587140537135769
خاصه,-0.5870798528590496,0.5870798528590496
يهدر على,0.5870362369089076,0.5870362369089076
فريتوملات,-0.586908979636035,0.586908979636035
تماما,-0.5867864179583786,0.5867864179583786
المسءولين,0.5867777910555707,0.5867777910555707
يشغل,-0.586025524500939,0.586025524500939
يشغل الاف,-0.586025524500939,0.586025524500939
تفرج,0.5855968848741088,0.5855968848741088
يا كلاب,0.5854967764595929,0.5854967764595929
وفقط,0.5853533421418028,0.5853533421418028
بايع,0.5850356742122893,0.5850356742122893
ادا كان,-0.5849133908014333,0.5849133908014333
فلا يجب,-0.5847573650363571,0.5847573650363571
تستاهلو,0.5847547785674682,0.5847547785674682
البلاد,-0.5844909663703245,0.5844909663703245
علجال,-0.5839767816611534,0.5839767816611534
عمليات,-0.5834861284476616,0.5834861284476616
الاغتصاب,0.5833833853970573,0.5833833853970573
فاقلك,-0.5831814883576717,0.5831814883576717
u20d,-0.5828491527700148,0.5828491527700148
25,-0.5824868372655604,0.5824868372655604
يجعلها,0.5822728575021702,0.5822728575021702
جره,-0.5820349088515935,0.5820349088515935
نشره,0.581344826433939,0.581344826433939
وتقولوا,0.5813007089338893,0.5813007089338893
امير راجل,-0.5812495603537083,0.5812495603537083
استرجاع الاموال,-0.5810713899701413,0.5810713899701413
الف,-0.5810212405469479,0.5810212405469479
حداد ربراب,-0.5808507355675327,0.5808507355675327
وهو اموت,0.5807985324751841,0.5807985324751841
ربراب وهو,0.5807985324751841,0.5807985324751841
هاذي,0.5807553989263493,0.5807553989263493
مجرمين,-0.5805023779862382,0.5805023779862382
هما,0.5804876854533795,0.5804876854533795
الاوروبي,0.5804598852843211,0.5804598852843211
الاتحاد الاوروبي,0.5804598852843211,0.5804598852843211
التي,0.5801064470796131,0.5801064470796131
امام,-0.5800376395674415,0.5800376395674415
نتا ريح,0.5795773475754415,0.5795773475754415
النيف,0.5789231614420022,0.5789231614420022
مليح,-0.5789161126414858,0.5789161126414858
غسيل,-0.5789131282928505,0.5789131282928505
الى الجحيم,0.5788687584241284,0.5788687584241284
zitout,-0.5787196755088264,0.5787196755088264
انظال انظال,-0.5781080440510146,0.5781080440510146
قضاءك,-0.5780865300486138,0.5780865300486138
نكاز,-0.5780272231052849,0.5780272231052849
بيك في,-0.5771659174593275,0.5771659174593275
كمارتك,0.5771035110905112,0.5771035110905112
الشعب,0.5768089880381813,0.5768089880381813
عميق,0.5766992253220321,0.5766992253220321
المهمه,0.5762613528718964,0.5762613528718964
لست قبايلي,-0.5762489465722586,0.5762489465722586
جيفه,-0.5755232626158547,0.5755232626158547
لمان,-0.5753599024529595,0.5753599024529595
اليد في,-0.5752107388092678,0.5752107388092678
نتا ختك,0.5751111378033278,0.5751111378033278
غيرها,-0.5750121276631662,0.5750121276631662
لي سرق,0.5743329121387784,0.5743329121387784
قولوا,0.5738705710427515,0.5738705710427515
السكر,0.5732973380126902,0.5732973380126902
الطاهره جزاك,0.5732663647275865,0.5732663647275865
حنا,-0.573204396937944,0.573204396937944
يدفع,0.5726136511377279,0.5726136511377279
يا امير,0.5725138528250874,0.5725138528250874
دليل على,0.572106978155996,0.572106978155996
الله اخي,-0.5721054162588914,0.5721054162588914
قبائل,0.5720441036397518,0.5720441036397518
ولادها,0.5714707703113608,0.5714707703113608
الحدود,-0.5709976812303689,0.5709976812303689
امريكا,-0.570754379286536,0.570754379286536
يا بوصبع,0.5707240186752154,0.5707240186752154
بالدجاج,-0.5704496109777815,0.5704496109777815
يبارك فيك,-0.570294853091791,0.570294853091791
حبيت نشري,-0.5701835954064132,0.5701835954064132
وقاع,0.5700446095186124,0.5700446095186124
معندوش,0.5699570224199944,0.5699570224199944
بلا شك,0.5699389323859552,0.5699389323859552
اهلهم,-0.5695575338568883,0.5695575338568883
بايته,-0.5694732012684733,0.5694732012684733
شكون قال,-0.5691319299915559,0.5691319299915559
يديروها,-0.5688545095259869,0.5688545095259869
الله المستعان,-0.5682228126268851,0.5682228126268851
امك فرنسا,0.5681270478472681,0.5681270478472681
حاب نفهم,-0.5680817435270907,0.5680817435270907
باذن,-0.567973599469895,0.567973599469895
الدراسي,0.5679048797466143,0.5679048797466143
الخبزه,-0.5677093586921149,0.5677093586921149
العصابه,0.5675931267599733,0.5675931267599733
الحمد الله,0.5674479814632291,0.5674479814632291
وتعالي,-0.5672429049716492,0.5672429049716492
سبحانه وتعالي,-0.5672429049716492,0.5672429049716492
وشتم,0.5669318866946604,0.5669318866946604
كيفاش ندير,-0.5666349559647113,0.5666349559647113
الوصيه,-0.5662617045533272,0.5662617045533272
العمال,0.5661608448834505,0.5661608448834505
علماء,0.5661045140822327,0.5661045140822327
مثواه,-0.5657572036915195,0.5657572036915195
ماشي غير,-0.5656940267086666,0.5656940267086666
الاواءل,-0.5655459372056713,0.5655459372056713
التعامل,0.5649586839819134,0.5649586839819134
مني,-0.5649337894765765,0.5649337894765765
دير في,0.5648211718462279,0.5648211718462279
بفضل,-0.564687913495958,0.564687913495958
يديه,-0.5638935037801286,0.5638935037801286
بواش,-0.5637271855398442,0.5637271855398442
الرجال,0.5633277264705318,0.5633277264705318
الثاني,0.5629291631633428,0.5629291631633428
قوانين,-0.5627679652790953,0.5627679652790953
كونطر,-0.5626211325051208,0.5626211325051208
يوم القيامه,0.5624964953217215,0.5624964953217215
في كوكب,0.562267650365116,0.562267650365116
معندهمش,0.5621662591144152,0.5621662591144152
قاده,-0.5621414953224342,0.5621414953224342
ونت,0.5620736279889298,0.5620736279889298
حداد سيدهم,0.5620584791908255,0.5620584791908255
اذا كان,0.5619612642623543,0.5619612642623543
فدزاير,-0.5618445799268412,0.5618445799268412
الكلام,-0.5618306725933029,0.5618306725933029
الانتخاب,-0.5617954563094534,0.5617954563094534
اله احرار,-0.5617078007555332,0.5617078007555332
مكانش حط,0.5613715751030693,0.5613715751030693
شريتو معندوش,0.5613715751030693,0.5613715751030693
خسرلي,0.5613715751030693,0.5613715751030693
خلاتش,0.5613715751030693,0.5613715751030693
اليع,0.5613715751030693,0.5613715751030693
خسرلي كي,0.5613715751030693,0.5613715751030693
خرده التقني,0.5613715751030693,0.5613715751030693
اليع خرده,0.5613715751030693,0.5613715751030693
نبهكم,0.5613715751030693,0.5613715751030693
خلاتش خاوتي,0.5613715751030693,0.5613715751030693
كلاك بوبي,0.5613715751030693,0.5613715751030693
حط الجهاز,0.5613715751030693,0.5613715751030693
معندوش شهر,0.5613715751030693,0.5613715751030693
كارثه يخسرلك,0.5613715751030693,0.5613715751030693
بوبي,0.5613715751030693,0.5613715751030693
البيع راهي,0.5613715751030693,0.5613715751030693
راهي كارثه,0.5613715751030693,0.5613715751030693
شهر خسرلي,0.5613715751030693,0.5613715751030693
وسطهم,0.5612564564543706,0.5612564564543706
شكون رءيس,0.5612402718008318,0.5612402718008318
سنتيم,-0.560903437812381,0.560903437812381
مسكينه,0.5606670666116679,0.5606670666116679
الشيطان,-0.5606364346211176,0.5606364346211176
اله فيكم,-0.560631025783261,0.560631025783261
فاهم,-0.5605593351344436,0.5605593351344436
باطلاق صراحه,-0.5605219579155177,0.5605219579155177
عباده الاصنام,0.5604119871250747,0.5604119871250747
المجاهد,-0.5602197703285204,0.5602197703285204
رئيسهم,-0.5598814295092271,0.5598814295092271
حقي,-0.5598495736575764,0.5598495736575764
تعوم,-0.5596418288412932,0.5596418288412932
الحبس,0.5594236227061228,0.5594236227061228
am,0.5590665446355808,0.5590665446355808
يا عميل,0.5589969567488517,0.5589969567488517
ذي,-0.5585473287207927,0.5585473287207927
كل سوء,-0.5583380424526455,0.5583380424526455
البطل هو,-0.5579486015846384,0.5579486015846384
مش,0.5573874884950889,0.5573874884950889
مذكره توقيف,0.5571682147270616,0.5571682147270616
انت اقعد,0.5570216211469949,0.5570216211469949
مع الحق,-0.5570081314088843,0.5570081314088843
مريض,0.5567739578981538,0.5567739578981538
تخدمو,0.5567401462178544,0.5567401462178544
معتمد,-0.5566759718199508,0.5566759718199508
انسان ناجح,0.5564883072345822,0.5564883072345822
حسابو,-0.556079894054663,0.556079894054663
بزياده,-0.5557116969922278,0.5557116969922278
اويحي حداد,-0.5553710656322867,0.5553710656322867
عادي,-0.5553018960880572,0.5553018960880572
كره اليد,-0.5549935694464205,0.5549935694464205
ميسي,0.5546258389127274,0.5546258389127274
زيدان,-0.554076122412193,0.554076122412193
الرحمن,-0.553993782215777,0.553993782215777
اول,-0.5531923692688785,0.5531923692688785
واقفين,0.5524348211717506,0.5524348211717506
يا خائن,0.5524267955315114,0.5524267955315114
تهدري على,0.5515565972117643,0.5515565972117643
تلاجه,-0.5515512498793093,0.5515512498793093
البديل,-0.5514988416344003,0.5514988416344003
نتا راك,-0.5514874038883111,0.5514874038883111
انفسنا,-0.5513222241767628,0.5513222241767628
ميتين,0.5513179402579844,0.5513179402579844
الخاصه,-0.550830569600013,0.550830569600013
مالو,0.5507093554635666,0.5507093554635666
est,-0.5504073038709856,0.5504073038709856
قال صلى,0.5503124643669829,0.5503124643669829
فخر,-0.5496560544635758,0.5496560544635758
كبرت,-0.5494839118751721,0.5494839118751721
الله تبارك,-0.5494808216628304,0.5494808216628304
تكذب يا,0.5494261947551718,0.5494261947551718
لا تربحكم,0.5493604732421775,0.5493604732421775
دار,0.5493560813442698,0.5493560813442698
دراجي,0.5492869963247323,0.5492869963247323
غير في,0.5491549788740958,0.5491549788740958
جايب,0.5482398466595687,0.5482398466595687
16,0.5480435078939452,0.5480435078939452
يهدي ما,-0.5479046399976382,0.5479046399976382
ما خلق,-0.5479046399976382,0.5479046399976382
وغيرها,-0.5468702842990351,0.5468702842990351
حكمك عدل,-0.5468228758167252,0.5468228758167252
مولوديه,0.5465679595632792,0.5465679595632792
لاله,0.5465291099067763,0.5465291099067763
المقاطعه,-0.5461196115732427,0.5461196115732427
يقسم,0.5460909359004049,0.5460909359004049
سابقا,-0.5460302296645272,0.5460302296645272
مزور جابوه,0.5457285907347892,0.5457285907347892
الحق في,0.545651653212593,0.545651653212593
الله نعم,0.545235798722905,0.545235798722905
يعيشو,-0.5450502821104872,0.5450502821104872
بصفه,-0.5448067812024112,0.5448067812024112
بما فيهم,0.5447012146768311,0.5447012146768311
وسلال,-0.5446609406103827,0.5446609406103827
ماشي ربراب,-0.5446002334682843,0.5446002334682843
راسو,0.5445484781535331,0.5445484781535331
وش قودك,0.5440661105201251,0.5440661105201251
خرنسا الفاجره,0.5438702495478689,0.5438702495478689
خيرا قط,0.5438702495478689,0.5438702495478689
المستدمره,0.5438702495478689,0.5438702495478689
المستدمره خرنسا,0.5438702495478689,0.5438702495478689
لغه المستدمره,0.5438702495478689,0.5438702495478689
الخرنسيه اكرمكم,0.5438702495478689,0.5438702495478689
الخرنسيه,0.5438702495478689,0.5438702495478689
بالاموال,0.5434893905534929,0.5434893905534929
وضركا,0.542849110805653,0.542849110805653
تكون,0.5428199792459232,0.5428199792459232
ميعرفش,-0.5425020633499731,0.5425020633499731
مغلقه,0.5419945181159326,0.5419945181159326
يسيبورتيو,-0.5418454861369723,0.5418454861369723
اخويا,-0.54157143921688,0.54157143921688
النظام,-0.5411841609052638,0.5411841609052638
الطريقه,-0.5409630954034496,0.5409630954034496
استفسار,-0.5409190869535315,0.5409190869535315
اقامه,0.5405601265657483,0.5405601265657483
كاس العالم,0.5404410241126051,0.5404410241126051
يارب يارب,0.5403774616175001,0.5403774616175001
roh nik,0.540363486189476,0.540363486189476
الراس,-0.5402613014238105,0.5402613014238105
سيد ربراب,-0.5398934481645123,0.5398934481645123
مجانا,-0.5397274455421751,0.5397274455421751
اتبعوا,0.5395926144140849,0.5395926144140849
حسابهم,0.5394979297861187,0.5394979297861187
شعبهم,-0.5392217530961808,0.5392217530961808
ليسوا,0.5391679777739324,0.5391679777739324
ميت,0.5391434810410386,0.5391434810410386
الصباح,-0.5390383801305947,0.5390383801305947
دار يخلص,0.5387823660676541,0.5387823660676541
يصرا,-0.5382787217980073,0.5382787217980073
وكونيناف,-0.5373439227552206,0.5373439227552206
خلصتها,0.5369820446303599,0.5369820446303599
الزب لي,0.5368383294024235,0.5368383294024235
الهواري,-0.5368139914424024,0.5368139914424024
خصائص,-0.5367751427957993,0.5367751427957993
تسلك,0.5367051455174896,0.5367051455174896
الله يرحمك,-0.5365648962157197,0.5365648962157197
محدوده,-0.5352387650394951,0.5352387650394951
يكفي,0.5348617293970993,0.5348617293970993
الاوليه,-0.5344496977598614,0.5344496977598614
والتوفيق,-0.5344396688858121,0.5344396688858121
تفوه عليكم,0.5342143386824786,0.5342143386824786
كيفكم,0.5339392314782809,0.5339392314782809
فطوركم اجمعين,-0.5338779489834045,0.5338779489834045
فواحد,-0.5336607428720426,0.5336607428720426
اكبر منافق,0.5335855468640766,0.5335855468640766
كي الكلب,0.5335179335648774,0.5335179335648774
تمسخرو,-0.533291441220003,0.533291441220003
بلا,0.5330232645159886,0.5330232645159886
مكروه,-0.5328396811446757,0.5328396811446757
سنين,-0.5325183625490897,0.5325183625490897
عار ابي,-0.5322834990809256,0.5322834990809256
بون,-0.5322663593370837,0.5322663593370837
ابارك,-0.5315617509902905,0.5315617509902905
من دون,-0.5314029708521376,0.5314029708521376
لعقوبه لمزيد,-0.5313921292408199,0.5313921292408199
الوطن,-0.5313215869845361,0.5313215869845361
ولا تقتلوا,-0.5312921001025197,0.5312921001025197
ydir,-0.5310683626382671,0.5310683626382671
اندرويد,-0.5306976526385311,0.5306976526385311
تندوف,-0.5305213250650402,0.5305213250650402
على فرنسا,0.5305203677641591,0.5305203677641591
ربراب كان,0.5303812860729269,0.5303812860729269
حب وكره,-0.530291798428495,0.530291798428495
لهذه,0.530239661216847,0.530239661216847
ترقد,-0.5300793705994029,0.5300793705994029
رد,-0.5300600837869763,0.5300600837869763
الصحفي,0.5299506186105152,0.5299506186105152
هيا,0.5294870580061868,0.5294870580061868
يخلص,0.529294379326463,0.529294379326463
غلطت,-0.5284838639821245,0.5284838639821245
الفقير,0.5280956376944794,0.5280956376944794
مشلول,0.5278141452304052,0.5278141452304052
وصحبه اجمعين,-0.5276801013834133,0.5276801013834133
لمده,0.5276607720036417,0.5276607720036417
نتاهل,0.5276443315589066,0.5276443315589066
ادم,0.5275780758502657,0.5275780758502657
الزياره,-0.527556606652838,0.527556606652838
يبيع,0.5272840799524053,0.5272840799524053
الاستقصاءيه,-0.5267889711267333,0.5267889711267333
حتى,-0.5265245475795773,0.5265245475795773
الي راك,0.5262844707112384,0.5262844707112384
مزيد النجاح,-0.5261709432770207,0.5261709432770207
قاتلنا,-0.5258640816610168,0.5258640816610168
جامي,-0.5258276338799307,0.5258276338799307
خرج,-0.525715928627373,0.525715928627373
من عند,0.5251600212816457,0.5251600212816457
كل الخير,-0.5248677052370123,0.5248677052370123
fih,0.5245623550472971,0.5245623550472971
حسبيا اله,0.5245312779199248,0.5245312779199248
تغيرو,0.5245260243008353,0.5245260243008353
استاذ زيتوت,-0.5244196955100936,0.5244196955100936
ويدير,-0.5244083317532551,0.5244083317532551
سيدات,0.5242885601988673,0.5242885601988673
وعلي حداد,0.5242846201424648,0.5242846201424648
je,-0.5240407854359735,0.5240407854359735
يتحسب,-0.5235604558174037,0.5235604558174037
قبايلي,-0.5233881681543872,0.5233881681543872
mchi,0.5230235499362151,0.5230235499362151
ماتشريش,0.5227538996674639,0.5227538996674639
للجميع,0.5223671495044744,0.5223671495044744
مبروك اخي,-0.5219139281458066,0.5219139281458066
عراس,0.5218962239321637,0.5218962239321637
يجازيك خيرا,0.5216695420051989,0.5216695420051989
الاذكار,-0.5216496285463171,0.5216496285463171
المنتخب,-0.5215676629162611,0.5215676629162611
فهذا,-0.5211793624958847,0.5211793624958847
حب حب,-0.5209845822224489,0.5209845822224489
البارحه,-0.520306518513155,0.520306518513155
حمود,0.5202677138635394,0.5202677138635394
حمود بوعلام,0.5202677138635394,0.5202677138635394
الجزائر في,-0.5201523171021246,0.5201523171021246
نحن نرزقهم,-0.5194558449191691,0.5194558449191691
ليبيا,-0.518939080477284,0.518939080477284
لايف,0.5187267663280652,0.5187267663280652
حليب,-0.5185088302810598,0.5185088302810598
يقول ان,-0.5182329638942135,0.5182329638942135
الحرب,-0.5179780126429959,0.5179780126429959
32,-0.5179599437777553,0.5179599437777553
حتى انت,-0.5174049379614507,0.5174049379614507
حركه رشاد,0.5170628378998118,0.5170628378998118
اغاني,-0.5170341474332502,0.5170341474332502
بالمرصاد,0.5168905240443146,0.5168905240443146
men,0.5168184107621426,0.5168184107621426
قيمتها,-0.5166403282754017,0.5166403282754017
يا الجايح,0.5166008895208752,0.5166008895208752
خطوه,0.5162518883950659,0.5162518883950659
نشجع,0.515933967514275,0.515933967514275
تعطي بيك,0.5155493015319454,0.5155493015319454
السياسه,-0.5151803565851594,0.5151803565851594
استاذ شكرا,0.5147032008279194,0.5147032008279194
المروك,0.5144609925973543,0.5144609925973543
بالجمعه,0.5144575930071409,0.5144575930071409
بعت,0.5140383807818403,0.5140383807818403
زلازل,-0.5140115519185637,0.5140115519185637
التغير,-0.5133366908601307,0.5133366908601307
في الجزاءر,0.5130050455538794,0.5130050455538794
السجون,-0.5128648523905642,0.5128648523905642
التفاعل,-0.5128341921302066,0.5128341921302066
هوا لي,0.5123533259614774,0.5123533259614774
منها,-0.5123136412489323,0.5123136412489323
بوصه,-0.5113754237307263,0.5113754237307263
وين,-0.5113332330758305,0.5113332330758305
السلطات,0.5112446538213463,0.5112446538213463
حاير,0.510442756326399,0.510442756326399
يا خاوتي,-0.5100377528693024,0.5100377528693024
soolking,-0.5100298251795446,0.5100298251795446
bonne,-0.5098077186601083,0.5098077186601083
اسهل,-0.5097226242034578,0.5097226242034578
راك عايش,0.5097090715951038,0.5097090715951038
يا فايحه,0.5093838155382241,0.5093838155382241
علبيها,0.5093195696320434,0.5093195696320434
tchina,-0.5089430838834456,0.5089430838834456
ta3 tchina,-0.5089430838834456,0.5089430838834456
حبيبي,-0.5086918577955338,0.5086918577955338
ايادي خارجيه,0.5083769061392168,0.5083769061392168
خارجيه,0.5083769061392168,0.5083769061392168
امير,0.5082159692680541,0.5082159692680541
مما,-0.5079361363862028,0.5079361363862028
مفبركه,-0.5076887813280166,0.5076887813280166
ان لم,-0.5075400040004308,0.5075400040004308
تربي,-0.5072649775512483,0.5072649775512483
تعطيك,-0.5071851571272443,0.5071851571272443
الجزاءري,-0.50713937439962,0.50713937439962
اللول,0.506946910250406,0.506946910250406
يتبعوه,0.5068960614282016,0.5068960614282016
الثلاجات,-0.5067570208415554,0.5067570208415554
الرشام,0.5063598568943026,0.5063598568943026
حميده الرشام,0.5063598568943026,0.5063598568943026
الرشام حميده,0.5063598568943026,0.5063598568943026
تغيرت,-0.5063284887696058,0.5063284887696058
ايقاف,0.5062899499909783,0.5062899499909783
دا,0.5062860070214398,0.5062860070214398
ورحمه,-0.5062456548756656,0.5062456548756656
والمصداقيه,0.5060775878984569,0.5060775878984569
ماركه,0.505898719535944,0.505898719535944
franca harkis,0.5058274943295024,0.5058274943295024
ايسكوبار معيش,-0.5054714633758902,0.5054714633758902
ماعندهاش,0.5053109192523684,0.5053109192523684
النار,0.5052069852079994,0.5052069852079994
معتشوب,0.5051875272125828,0.5051875272125828
تحياتي لك,-0.5050997095139725,0.5050997095139725
قاع يعني,0.5047352306240108,0.5047352306240108
الحقيقه,0.5046270401273832,0.5046270401273832
لعبه,0.5042858379840582,0.5042858379840582
جزاءريه,-0.5042550620109385,0.5042550620109385
الفرنسيه,-0.5039161304328932,0.5039161304328932
طحكوت,-0.5035251392084679,0.5035251392084679
يا خاءن,0.5030232338794918,0.5030232338794918
اله يحفظك,-0.5028969533962991,0.5028969533962991
تقسيم,-0.5027134561634667,0.5027134561634667
الله تعالى,0.5019568720982259,0.5019568720982259
المصابين,-0.5016096488481935,0.5016096488481935
احنا,0.5015833145387341,0.5015833145387341
كل واحد,-0.5013995868845303,0.5013995868845303
محتاجين عمليات,-0.5013839227951988,0.5013839227951988
محتاجين,-0.5013839227951988,0.5013839227951988
وسي تبون,-0.5013839227951988,0.5013839227951988
ولا مزال,0.5013838584263304,0.5013838584263304
فليل,-0.5013351955420022,0.5013351955420022
في جميع,0.5010683049120256,0.5010683049120256
ونحب,0.500799083414313,0.500799083414313
الحمدله,-0.5006840483939927,0.5006840483939927
ياخذ الحق,0.5006733677839752,0.5006733677839752
جيب,-0.5004228607368628,0.5004228607368628
الصهاينه,-0.49993305053298587,0.49993305053298587
يجري,0.4998528605907586,0.4998528605907586
وين راه,0.49963129739489387,0.49963129739489387
هذي هي,0.4989598515322667,0.4989598515322667
omelette bel,-0.49893847829771715,0.49893847829771715
صوره,-0.49880902659539456,0.49880902659539456
اسعار,-0.49868858983852327,0.49868858983852327
تستناو,0.49848254317320534,0.49848254317320534
استاذ,0.4984040047624339,0.4984040047624339
مزلت,0.4981501449798339,0.4981501449798339
تعيشي,-0.49810666938686565,0.49810666938686565
اعرفو,-0.49796384547983846,0.49796384547983846
النجاح شاء,-0.49794475368993785,0.49794475368993785
اليه راجعون,-0.4978080718139125,0.4978080718139125
ولاريني,-0.4975238428882657,0.4975238428882657
ورانا,-0.49735334631751615,0.49735334631751615
بعيده,-0.4971898831663338,0.4971898831663338
تستحي,-0.49705215436958283,0.49705215436958283
الامل,-0.49694674919344317,0.49694674919344317
بالتوفيق ان,-0.49689157435575804,0.49689157435575804
الرزق على,-0.49656790496252723,0.49656790496252723
يرحمو ويجعل,-0.49584608343132963,0.49584608343132963
ويجعل مثواه,-0.49584608343132963,0.49584608343132963
مصيبه,-0.49513518709720017,0.49513518709720017
علاقه,-0.4950833735079839,0.4950833735079839
هو الذي,0.4950462780412591,0.4950462780412591
نقنع بوصبع,0.4950425866741275,0.4950425866741275
نقنع,0.4950425866741275,0.4950425866741275
اله ربي,-0.4949877992778537,0.4949877992778537
قالوها,-0.4947574344815539,0.4947574344815539
الثالث,-0.4946534742109248,0.4946534742109248
القبض على,-0.4944307447303019,0.4944307447303019
بيان,0.49438361265407577,0.49438361265407577
يقسمو,0.4942745307817133,0.4942745307817133
وزيره,0.49360744132253354,0.49360744132253354
اروع جربيه,-0.49352188592193263,0.49352188592193263
جربيه سيدتي,-0.49352188592193263,0.49352188592193263
mais,-0.49347195406951067,0.49347195406951067
اولادكم من,-0.493408750280021,0.493408750280021
باله,-0.4928570460249259,0.4928570460249259
النهار,-0.49236279063715394,0.49236279063715394
كثير,-0.4921023336828784,0.4921023336828784
فات,-0.49173444601937594,0.49173444601937594
يا شعب,0.4917300299119074,0.4917300299119074
استاذنا,-0.4916486043147791,0.4916486043147791
اعليك,0.49147876442001115,0.49147876442001115
مقلدينهم,-0.4909165251700047,0.4909165251700047
تعبد,0.49080799423766824,0.49080799423766824
تباعا,-0.49071295213048594,0.49071295213048594
اعتقل,-0.4903141472144825,0.4903141472144825
لطفي,-0.4900642327829187,0.4900642327829187
غيرو المشكل,-0.4898695262997188,0.4898695262997188
المشكل فينا,-0.4898695262997188,0.4898695262997188
مازلنا ماعندناش,-0.4898695262997188,0.4898695262997188
فينا حنا,-0.4898695262997188,0.4898695262997188
لي مازلنا,-0.4898695262997188,0.4898695262997188
استطاع,0.4898293309388942,0.4898293309388942
عجانه,-0.48974036441882784,0.48974036441882784
قيمه الدينار,-0.4896468538255664,0.4896468538255664
لن,-0.48943950449357637,0.48943950449357637
حلوه,-0.4892823698209317,0.4892823698209317
فلابد,-0.48917057045538687,0.48917057045538687
ولادهم,-0.48911021467091087,0.48911021467091087
نروح,-0.4890214247779264,0.4890214247779264
الوطني الجزائري,-0.4886826732679203,0.4886826732679203
عسكريه الشرطه,0.48852833824585384,0.48852833824585384
الحرار دوله,0.48852833824585384,0.48852833824585384
مدينه مشي,0.48852833824585384,0.48852833824585384
قحبه الكلب,0.48852833824585384,0.48852833824585384
الشرطه ولد,0.48852833824585384,0.48852833824585384
الارهابيه,0.4884569157377503,0.4884569157377503
نزيد نتاكد,-0.48807392664106436,0.48807392664106436
مازال,0.4876599050594242,0.4876599050594242
فكانت,-0.48765694224129297,0.48765694224129297
ثبون,-0.4875051303786215,0.4875051303786215
لديه,-0.48741127980000565,0.48741127980000565
يدخل لحبس,-0.48735919355564594,0.48735919355564594
نا,-0.48730346196279306,0.48730346196279306
rana,0.4869601526219601,0.4869601526219601
يقولون,-0.4865237595626963,0.4865237595626963
رجل اعمال,0.486476481016242,0.486476481016242
سيدي,0.4863845666178866,0.4863845666178866
جيتي,0.4860981481085845,0.4860981481085845
يضحك,0.48575647804388455,0.48575647804388455
خرب,-0.48573579203028594,0.48573579203028594
توبوا,-0.4853711607743808,0.4853711607743808
انت انت,0.4851426244211758,0.4851426244211758
من اين,-0.48513407374066403,0.48513407374066403
كلاش,-0.48488474221940203,0.48488474221940203
بيع في,-0.48457225046378005,0.48457225046378005
مكاش منها,0.4844632591875188,0.4844632591875188
لي كي,-0.4843876793227958,0.4843876793227958
فلا,-0.4843324973944515,0.4843324973944515
اولادك,0.48432748547378524,0.48432748547378524
وحتى,0.4842711083586632,0.4842711083586632
يفرحك,-0.4838896136486531,0.4838896136486531
رني حابه,-0.4834210979393566,0.4834210979393566
مبروك ولعقوبه,-0.4834034014701891,0.4834034014701891
yahdik,0.48331458587758697,0.48331458587758697
كلام,-0.48305370639219075,0.48305370639219075
ربحت,-0.48294762042584183,0.48294762042584183
ابنه,-0.48260437152608066,0.48260437152608066
من الجزائر,-0.4820289262542458,0.4820289262542458
حره,-0.4815646567850857,0.4815646567850857
الرابط التالي,-0.48150053739311544,0.48150053739311544
وكلاب,0.48145683864911015,0.48145683864911015
خبز,-0.4808666372560084,0.4808666372560084
يكونو,0.4807464846112177,0.4807464846112177
الله يحفظك,-0.48066098943575175,0.48066098943575175
خدمات,-0.48038501459783206,0.48038501459783206
ماشي,-0.48036321420378997,0.48036321420378997
راجل ارواح,0.480326456336365,0.480326456336365
مفور لا,-0.48028594577014594,0.48028594577014594
تقعدي,-0.4802267810956608,0.4802267810956608
اتحاد العاصمه,-0.48014152182421294,0.48014152182421294
على كل,-0.4799592936860821,0.4799592936860821
هو ربراب,-0.4799458681233711,0.4799458681233711
محمد رسول,-0.47988082256476305,0.47988082256476305
نفوطي,0.47980600073280705,0.47980600073280705
ومبروك,-0.47962189834656316,0.47962189834656316
بالتوبه,-0.4794589445065811,0.4794589445065811
نعبد ربي,0.4790039977638576,0.4790039977638576
اله يرحمهم,-0.478847113336767,0.478847113336767
قربت,-0.47868732806205094,0.47868732806205094
محترم,0.47781903533976783,0.47781903533976783
ساله,-0.4777115680336792,0.4777115680336792
سبور فتحت,-0.4777115680336792,0.4777115680336792
ساله تاع,-0.4777115680336792,0.4777115680336792
صوالح,0.4775626399043265,0.4775626399043265
الله صلى,0.4774922986098735,0.4774922986098735
فيديو,0.47735799427944153,0.47735799427944153
ترفض,-0.4771903073755792,0.4771903073755792
يا اختي,0.47679592357949635,0.47679592357949635
الحس,-0.47665450772636486,0.47665450772636486
دير الحس,-0.47665450772636486,0.47665450772636486
عمليه,-0.47654799661719477,0.47654799661719477
حياتنا,-0.4765261410897712,0.4765261410897712
ان يكون,0.4762487928644958,0.4762487928644958
شركات,-0.47611422882378807,0.47611422882378807
للدوله,-0.47605617729092775,0.47605617729092775
غاز,0.47566844204192726,0.47566844204192726
فيها,0.4750817555531258,0.4750817555531258
قاع كلاب,0.47505686777649236,0.47505686777649236
الجميع,-0.4750551678927968,0.4750551678927968
كتله,0.4748017877662616,0.4748017877662616
عليك من,0.47437385843160845,0.47437385843160845
يشفي كل,-0.4730762585437507,0.4730762585437507
سلامي,0.4730205095311634,0.4730205095311634
الجمل,-0.47236700500114587,0.47236700500114587
الفوط,-0.47232396418183664,0.47232396418183664
الوطن يا,0.4716927259370897,0.4716927259370897
يدريسو,0.47100916579323404,0.47100916579323404
صوت,0.47064534010436965,0.47064534010436965
باي,-0.470436719355506,0.470436719355506
الوضعيه,-0.46984285801615283,0.46984285801615283
تمشي,0.4697503975591349,0.4697503975591349
شرق غرب,-0.46916731728099953,0.46916731728099953
هك,0.4691398746519127,0.4691398746519127
فغنسا,0.4690094030744391,0.4690094030744391
وسجن,-0.4687690005431657,0.4687690005431657
وفجاه,0.46866321411485007,0.46866321411485007
وشويه,0.46773419001642164,0.46773419001642164
يدخل للحبس,-0.4674925231345425,0.4674925231345425
خزينه الدوله,0.4673191130333291,0.4673191130333291
عبده المعطوب,0.4671896566149659,0.4671896566149659
منهيه,-0.46711065201899893,0.46711065201899893
منا منهيه,-0.46711065201899893,0.46711065201899893
واد,0.46657849967738724,0.46657849967738724
قالكم,0.4663291870458008,0.4663291870458008
قيو,0.4660971616399177,0.4660971616399177
عليه اذا,0.4660448223844061,0.4660448223844061
القدس عاصمه,0.46546485564582757,0.46546485564582757
خلال,-0.4653830721739633,0.4653830721739633
الجزاءر,-0.46534450496670765,0.46534450496670765
قدمت,0.4649251939416631,0.4649251939416631
متنخلعوش,-0.4649184808740744,0.4649184808740744
يمثل,-0.46485486089580697,0.46485486089580697
يساند,0.4638072484094214,0.4638072484094214
صحه,-0.462586874465504,0.462586874465504
معاها,-0.4618435555669318,0.4618435555669318
كلش مبروك,-0.46139888686781144,0.46139888686781144
الاخوه,0.46121679516659186,0.46121679516659186
اخي الكريم,0.4609891128186525,0.4609891128186525
امازيغي,0.4608862449152873,0.4608862449152873
لو,-0.4606722441442679,0.4606722441442679
اله استاذ,-0.46065119324921877,0.46065119324921877
مجرجرهم,-0.4601602623266777,0.4601602623266777
سيكون,-0.4600044316064136,0.4600044316064136
تكسب,-0.4599558633625089,0.4599558633625089
الاستقلال,-0.4599432670579745,0.4599432670579745
الحالي,0.4597190774431942,0.4597190774431942
اختيار الحاكم,-0.4592052895720907,0.4592052895720907
دخل,0.45881156309572807,0.45881156309572807
اهم,-0.45872253208685293,0.45872253208685293
قالها منانوك,-0.4579594858919286,0.4579594858919286
ينفع,-0.4578525858724329,0.4578525858724329
التمويل,-0.4578153359474166,0.4578153359474166
يمكن ان,-0.457737912473413,0.457737912473413
تعلمت,0.45771521671399473,0.45771521671399473
البول,0.4576709645361281,0.4576709645361281
بيا,-0.4569123575835288,0.4569123575835288
غمه,0.456766567416083,0.456766567416083
سعر الزيت,0.4566431673465247,0.4566431673465247
مثواه الجنه,-0.45631087306936224,0.45631087306936224
وتهدر,0.45619481714720744,0.45619481714720744
ولابد,-0.4561436802350724,0.4561436802350724
محمد وعلى,-0.45609516809199185,0.45609516809199185
وعلى اله,-0.45609516809199185,0.45609516809199185
محمد اله,-0.4560793706509442,0.4560793706509442
تلمسان,-0.4559966508078972,0.4559966508078972
قولولي,-0.4559778120195091,0.4559778120195091
اخذ,0.45591533839947224,0.45591533839947224
الزلازل,-0.45578820661816316,0.45578820661816316
يسمعلك,0.45576608689499876,0.45576608689499876
الدوبل,-0.45575551110167256,0.45575551110167256
qbayli,-0.45533386597912134,0.45533386597912134
هه,-0.455174679765256,0.455174679765256
الالاف,-0.45453481488125325,0.45453481488125325
امير المزيد,-0.45403939197982995,0.45403939197982995
بلع,0.4538515776445004,0.4538515776445004
فليس,0.45382299428318673,0.45382299428318673
ذاك,-0.45379742692297953,0.45379742692297953
خدمه البيع,-0.4537513124602939,0.4537513124602939
اله غالب,0.45357448429910824,0.45357448429910824
وزيطوط,0.45352381972251454,0.45352381972251454
في كل,-0.4534629049782031,0.4534629049782031
البقيه,0.4533177456001887,0.4533177456001887
اتفاقيه,0.45304305940208245,0.45304305940208245
راي,0.45236389919236636,0.45236389919236636
تع سبي,0.4518141456734197,0.4518141456734197
ماعنديش,-0.4517311808387698,0.4517311808387698
بلعاني,0.4513178152891064,0.4513178152891064
تتخلط,0.4512158111184747,0.4512158111184747
الشاب,-0.45110424672460414,0.45110424672460414
كي تشوف,-0.45094611418917513,0.45094611418917513
مع اسرائيل,0.4509336885886949,0.4509336885886949
يارب العالمين,-0.45085963676654495,0.45085963676654495
ارحم,0.45055434976546704,0.45055434976546704
الاستقصائيه,-0.45051462516945157,0.45051462516945157
كحل,0.4504524358981946,0.4504524358981946
ميزانك,0.4503936776759318,0.4503936776759318
تصور,-0.44923966132955817,0.44923966132955817
السيد ربراب,-0.4484748021479307,0.4484748021479307
وفحل,-0.4482732750547739,0.4482732750547739
راجل وفحل,-0.4482732750547739,0.4482732750547739
quoi,0.448258180731332,0.448258180731332
يحفظك من,0.44811679173709856,0.44811679173709856
للخارج,-0.44804461648280663,0.44804461648280663
ارهابيين,0.44787907351031525,0.44787907351031525
يذهب,-0.447786405252021,0.447786405252021
ربي يحفظهم,-0.44770811865476257,0.44770811865476257
كم سعر,-0.44764945863638184,0.44764945863638184
برد,0.4475667132357943,0.4475667132357943
ولات,-0.44702359815742543,0.44702359815742543
ويسبو,-0.4468632454426612,0.4468632454426612
fils,-0.4464223110787583,0.4464223110787583
رقم الهاتف,-0.446393389219165,0.446393389219165
عقابهم,0.4461809628694408,0.4461809628694408
سيده,0.4461454963852187,0.4461454963852187
ستري,0.44606952636270425,0.44606952636270425
ستري روحك,0.44606952636270425,0.44606952636270425
الاطفال,-0.44575194312834127,0.44575194312834127
دالتك,-0.44564012013429,0.44564012013429
بدون,0.444823548204335,0.444823548204335
اليس ربراب,0.4445856132382613,0.4445856132382613
خرب حطم,0.4445856132382613,0.4445856132382613
حكومه بوتفليقه,0.4445856132382613,0.4445856132382613
اليس اويحي,0.4445856132382613,0.4445856132382613
سعرهم,0.4445856132382613,0.4445856132382613
اويحي بولكيران,0.4445856132382613,0.4445856132382613
شكون اكبر,0.4445856132382613,0.4445856132382613
قبله اليس,0.4445856132382613,0.4445856132382613
بنصف الثمن,0.4445856132382613,0.4445856132382613
بولكيران,0.4445856132382613,0.4445856132382613
حطم,0.4445856132382613,0.4445856132382613
الزيت بضعف,0.4445856132382613,0.4445856132382613
اليس سيدهم,0.4445856132382613,0.4445856132382613
كانوا يشوفوا,0.4445856132382613,0.4445856132382613
بلبيض,0.44447107024251964,0.44447107024251964
تفوطي,-0.4444634770609002,0.4444634770609002
اذن,-0.44440693735593556,0.44440693735593556
الشعب معاك,-0.4443690992969892,0.4443690992969892
لينا,-0.4438156797412549,0.4438156797412549
ربراب راه,-0.44378051466704727,0.44378051466704727
ميموار,-0.44376994142659565,0.44376994142659565
في كره,-0.44343217182541717,0.44343217182541717
وعمي,-0.4431746267448026,0.4431746267448026
اسكت,0.4430804418516469,0.4430804418516469
املاق نرزقكم,-0.4429571016671045,0.4429571016671045
جهنم,-0.4428606403302994,0.4428606403302994
ملاك,-0.4423563893041562,0.4423563893041562
مك كي,0.44233894025904785,0.44233894025904785
مسخره,-0.4419464750897432,0.4419464750897432
بعتي,0.44193549817875516,0.44193549817875516
يا كذاب,0.44093911884182385,0.44093911884182385
لجميع,-0.4402800391614661,0.4402800391614661
وكيلك,0.44018927903613914,0.44018927903613914
قاءمه,0.44009544746195317,0.44009544746195317
ديال,0.4400332247100956,0.4400332247100956
راسه,0.43966253860816157,0.43966253860816157
يبارك ويزيد,-0.4394814717016478,0.4394814717016478
تخلص,-0.43889955493148625,0.43889955493148625
تنحيه,0.4384131165192589,0.4384131165192589
اعمت,0.4384131165192589,0.4384131165192589
علام,-0.4383814909735215,0.4383814909735215
بتمويل,0.4382903085520886,0.4382903085520886
لشركه سيفيتال,0.4382903085520886,0.4382903085520886
الانفصاليه,0.4382903085520886,0.4382903085520886
نقطه مهمه,0.4382903085520886,0.4382903085520886
حركه الماك,0.4382903085520886,0.4382903085520886
الماك الانفصاليه,0.4382903085520886,0.4382903085520886
بتمويل حركه,0.4382903085520886,0.4382903085520886
يتنحاو قاع,0.4380539969522823,0.4380539969522823
المغربيه,0.4373619503568987,0.4373619503568987
نار الفتنه,0.43715824244791296,0.43715824244791296
babak,0.4371084553670022,0.4371084553670022
لوكان,-0.4368120344769603,0.4368120344769603
خبزه,-0.4363230927291282,0.4363230927291282
تعطي يا,0.4361971463327617,0.4361971463327617
الامن القومي,0.4360087965706178,0.4360087965706178
سراح ربراب,-0.43569384018081003,0.43569384018081003
حنا بلاد,0.4349003340266169,0.4349003340266169
importe,0.4348388794708978,0.4348388794708978
importe quoi,0.4348388794708978,0.4348388794708978
مستقبل,0.43463910917672305,0.43463910917672305
bayna,0.43439616011456395,0.43439616011456395
السان,-0.43430470623737094,0.43430470623737094
تلك,-0.43416545159500697,0.43416545159500697
بغا,-0.43388104951587764,0.43388104951587764
كيفو,-0.433720944958096,0.433720944958096
تركب,-0.43350155061655304,0.43350155061655304
يد,0.43341845086458614,0.43341845086458614
لشيء,-0.43267473525732414,0.43267473525732414
يا الحركي,0.43251166067023294,0.43251166067023294
علابالي كاين,-0.43231579833081796,0.43231579833081796
خرمنك,0.43227397652783595,0.43227397652783595
اديه,-0.43226045699320254,0.43226045699320254
منطقه البلقان,-0.43225661443858576,0.43225661443858576
البلقان,-0.43225661443858576,0.43225661443858576
خلصت,-0.4317763631760822,0.4317763631760822
لكثير,0.4308282552230603,0.4308282552230603
واتوب,0.43077412491119077,0.43077412491119077
راك صح,-0.4301684005124351,0.4301684005124351
اللهم اني,0.4298369327683335,0.4298369327683335
الجنرال,0.4292891744708163,0.4292891744708163
تعلم,0.4291293101142312,0.4291293101142312
الامم,0.42870909057806283,0.42870909057806283
hakda,-0.4286476917330681,0.4286476917330681
يرحم والديكم,-0.42839533477183345,0.42839533477183345
تصلح,0.42811350486853056,0.42811350486853056
عريضه,0.4277924568152732,0.4277924568152732
هذا,0.42744673328591815,0.42744673328591815
قفه,0.4273027773967067,0.4273027773967067
هوما,0.42717811647198195,0.42717811647198195
اقرب وقت,0.4268973765906287,0.4268973765906287
ربراب من,0.42678014405837106,0.42678014405837106
حلقه,-0.42674873217184667,0.42674873217184667
يحكم,-0.42665545357851326,0.42665545357851326
توجد سيوله,0.42620903193681275,0.42620903193681275
صعيبه,-0.42609701037067255,0.42609701037067255
التواصل,-0.4260530108157177,0.4260530108157177
حسبيا الله,0.42593892675936257,0.42593892675936257
بالاخص,0.425935103794908,0.425935103794908
في سجن,0.4258527111794161,0.4258527111794161
مال الشعب,-0.425609899314965,0.425609899314965
حاليا,0.42538960168166845,0.42538960168166845
فوطو,0.4245205269491036,0.4245205269491036
وينك,0.42429318363199015,0.42429318363199015
عايش,0.42423585663976154,0.42423585663976154
اليكم,-0.4239665186741616,0.4239665186741616
حماره,0.42392456299543124,0.42392456299543124
الواسعه,-0.4237549575292573,0.4237549575292573
نفرح,-0.4234865716935942,0.4234865716935942
حركتهم,-0.42323559406100847,0.42323559406100847
بوصبع الحلوف,0.42288227547578444,0.42288227547578444
قباءل,0.4227668827752683,0.4227668827752683
حب,0.42216492302938824,0.42216492302938824
عنكم,-0.4219974796125456,0.4219974796125456
شوي,-0.4219669939851875,0.4219669939851875
السيناريو,-0.4218896926249455,0.4218896926249455
اغسل,-0.4215836529939487,0.4215836529939487
اغسل فمك,-0.4215836529939487,0.4215836529939487
سيدكم,0.42130626505138685,0.42130626505138685
وحارب,0.42113422570935705,0.42113422570935705
يفرج عليهم,0.42110124210305644,0.42110124210305644
ولن,0.4210856363751821,0.4210856363751821
يخليك لينا,-0.42108430881518344,0.42108430881518344
يا طحاحنه,0.4210586260685393,0.4210586260685393
اييه,-0.42099133481758216,0.42099133481758216
لاباس,0.42090029151804004,0.42090029151804004
عرفت,-0.4201812633168844,0.4201812633168844
موقفنا,-0.4192536388202647,0.4192536388202647
موقفنا ثابت,-0.4192536388202647,0.4192536388202647
واعر,-0.4187345969520005,0.4187345969520005
ادله,0.41843687036569044,0.41843687036569044
من بعد,-0.4179060985761829,0.4179060985761829
وفل,0.41786811409558366,0.41786811409558366
الايمان,0.41782742467822104,0.41782742467822104
انا راني,-0.41778057049374473,0.41778057049374473
كل يوم,0.41730255854346027,0.41730255854346027
يسعد ربراب,-0.41724548811279394,0.41724548811279394
قوم,0.4169370907864713,0.4169370907864713
ينعلك يا,0.41625955156881,0.41625955156881
حكايتهم,-0.41601199696467256,0.41601199696467256
مدني,-0.41600839116634597,0.41600839116634597
تاكلوا,-0.41552514076166686,0.41552514076166686
موقع,-0.4151389808366795,0.4151389808366795
يهدي خلق,0.4148270717510609,0.4148270717510609
ويوسع,-0.4147784275579494,0.4147784275579494
اله يعطيكم,0.4145285071256999,0.4145285071256999
الا على,0.4144532675005517,0.4144532675005517
جميعا,-0.41421151939294576,0.41421151939294576
اعقابهم,-0.41420684665781793,0.41420684665781793
قالهم,-0.41419686338706563,0.41419686338706563
كسر,0.4141567568963721,0.4141567568963721
درتها,-0.4138068280380324,0.4138068280380324
فرق,0.41335938429567143,0.41335938429567143
راحت,-0.413276691622404,0.413276691622404
غير ربراب,0.4132553161418612,0.4132553161418612
تقودي,0.41313588629930953,0.41313588629930953
لمشكل,0.41303532987170927,0.41303532987170927
اله يغفر,-0.41292134739754677,0.41292134739754677
الدول العربيه,-0.41288041479691506,0.41288041479691506
عدنا,-0.4123502365336922,0.4123502365336922
بلديه,0.41217980778141805,0.41217980778141805
ان هناك,-0.411809478165184,0.411809478165184
اموات,0.41134005456147427,0.41134005456147427
كل مره,-0.4113031371165985,0.4113031371165985
الجزائرين,-0.41031815119346254,0.41031815119346254
الشريف,0.41019519787001857,0.41019519787001857
عفوا,-0.4097815237843411,0.4097815237843411
الفاضل,0.4097714653258152,0.4097714653258152
معجبوش لحال,0.4096864630333003,0.4096864630333003
هل تعلم,0.40965741065458716,0.40965741065458716
العطله,-0.4095606839135213,0.4095606839135213
سجن,0.4095047645562987,0.4095047645562987
الترجمه,-0.408976093265749,0.408976093265749
انتظار,0.4089704789406268,0.4089704789406268
شايف,-0.40877255484731306,0.40877255484731306
انفسكم,0.40862563615140945,0.40862563615140945
علابالنا,-0.4083567901180505,0.4083567901180505
عليه,-0.40831623163472086,0.40831623163472086
نوض,-0.40808481525681456,0.40808481525681456
وثقه,0.4078909466485797,0.4078909466485797
على باطل,-0.4078849108619139,0.4078849108619139
نورمال,-0.40785904162455544,0.40785904162455544
نحس روحي,0.40770287276124983,0.40770287276124983
اعطي,-0.4075690791695552,0.4075690791695552
يوجد دعاء,-0.40732841191846964,0.40732841191846964
جميع,-0.40677691305475594,0.40677691305475594
بالدجاج اصلها,-0.40675254620448,0.40675254620448
الشعيريه,-0.40675254620448,0.40675254620448
العاصمه والشوربه,-0.40675254620448,0.40675254620448
الشوربه,-0.40675254620448,0.40675254620448
والشوربه,-0.40675254620448,0.40675254620448
فريك,-0.40675254620448,0.40675254620448
والشوربه فريك,-0.40675254620448,0.40675254620448
الشعيريه بالدجاج,-0.40675254620448,0.40675254620448
سياسي,0.4065871476990621,0.4065871476990621
له وانا,-0.4065512207728594,0.4065512207728594
راه يخلص,-0.40651583586918705,0.40651583586918705
خرانسا,0.4065019047158068,0.4065019047158068
العالي,-0.4060297446458275,0.4060297446458275
لي في,0.4058812724133844,0.4058812724133844
العداله,-0.4055206612835173,0.4055206612835173
المسيله,-0.4053062706013034,0.4053062706013034
قدور,-0.4051581289632548,0.4051581289632548
بهدلتي,0.40499842495220234,0.40499842495220234
المقارون,0.4047067678740598,0.4047067678740598
ويديرلك,0.4046136786744531,0.4046136786744531
الفرد,-0.4045996610613884,0.4045996610613884
ويعلم,-0.4042454068696782,0.4042454068696782
اريد شراء,-0.40417315412803806,0.40417315412803806
عامه,-0.4041082826842462,0.4041082826842462
الي راه,0.40402548567950636,0.40402548567950636
حبه,-0.40378246220299535,0.40378246220299535
كلبك اتبعك,0.40333003339300433,0.40333003339300433
بنص,-0.40304817532058007,0.40304817532058007
سون,-0.4021889921537794,0.4021889921537794
سون سمير,-0.4021889921537794,0.4021889921537794
مسءول,-0.40211837454787475,0.40211837454787475
علبالك,0.4020721236806731,0.4020721236806731
متكوم,0.4015934892383616,0.4015934892383616
المعطوب,-0.401420185700672,0.401420185700672
يا ربي,-0.40118761798713354,0.40118761798713354
روح تخدم,0.4011078474161007,0.4011078474161007
ليس له,0.4011010645558206,0.4011010645558206
الامازيغ,-0.401020880106118,0.401020880106118
تقتلو,-0.40095291194105914,0.40095291194105914
الله فيكم,-0.40079353275486623,0.40079353275486623
يلا,0.400234882383644,0.400234882383644
وارث,-0.40018216847551125,0.40018216847551125
يا وارث,-0.40018216847551125,0.40018216847551125
والبعد,-0.40018216847551125,0.40018216847551125
الورثه,-0.40018216847551125,0.40018216847551125
الطاعون,-0.40018216847551125,0.40018216847551125
الصلوات,-0.40018216847551125,0.40018216847551125
وترك,-0.40018216847551125,0.40018216847551125
مكنوش,-0.39990655408544873,0.39990655408544873
تصرا,-0.3995942067162978,0.3995942067162978
في الاخير,0.3990613756920239,0.3990613756920239
اغيول,0.39871342125083603,0.39871342125083603
روح تلعب,0.3983693675796401,0.3983693675796401
العقل,-0.3982754628604641,0.3982754628604641
tu,0.39819860255364536,0.39819860255364536
سيدك القايد,0.3981301917223827,0.3981301917223827
هاته,-0.39798920476066035,0.39798920476066035
في الدنيا,0.3979533584441689,0.3979533584441689
اما ان,-0.39784902357649105,0.39784902357649105
تعود يا,-0.39738281942727893,0.39738281942727893
تسير,-0.3971015020835245,0.3971015020835245
ارتفاع,0.3967395195057418,0.3967395195057418
يكذب,-0.39570142615927706,0.39570142615927706
مستحيل,0.39564450908884513,0.39564450908884513
وعي,0.39551277162546006,0.39551277162546006
دارنا,0.39533424310769394,0.39533424310769394
فقد,-0.3952611959998454,0.3952611959998454
el,0.3950222427364391,0.3950222427364391
نشري ثلاجه,-0.39470094440661224,0.39470094440661224
انا كنت,-0.39455541156739754,0.39455541156739754
فلسطين,-0.39453245351750676,0.39453245351750676
وهل يوجد,-0.39447987391563194,0.39447987391563194
بوفجي,-0.394326678400217,0.394326678400217
امير ديما,-0.39411441578281425,0.39411441578281425
تشرو,0.39410504910964944,0.39410504910964944
الخر,-0.3939924855019567,0.3939924855019567
تحيا الجزاءر,0.39394187494997185,0.39394187494997185
يطول في,-0.39389459422870354,0.39389459422870354
باعك,0.39373029744663623,0.39373029744663623
بركاونا,0.39362827748042595,0.39362827748042595
وجل,0.39323953784826704,0.39323953784826704
عز وجل,0.39323953784826704,0.39323953784826704
بياع,0.39303628245093986,0.39303628245093986
تحطيم,-0.3928277988412455,0.3928277988412455
يرتاح,-0.39276410441970894,0.39276410441970894
سلم,0.3926699417664502,0.3926699417664502
رقم هاتف,-0.39245938882867454,0.39245938882867454
بالحريه,-0.39234756088409733,0.39234756088409733
زيتون,0.3923437608885477,0.3923437608885477
اسمه,-0.39217505494717053,0.39217505494717053
كذا,-0.3920137374293146,0.3920137374293146
بعضهم,0.3919076680535873,0.3919076680535873
فيكم يا,0.390806664520617,0.390806664520617
اليسار,-0.3906965775036019,0.3906965775036019
تمني,0.3906371642354499,0.3906371642354499
اجي,0.3903509943352348,0.3903509943352348
الفتنه,0.3903205899999983,0.3903205899999983
نسبه,-0.390283264144425,0.390283264144425
تحليلك,0.39026926104333426,0.39026926104333426
السوق الحصري,0.39009436904133027,0.39009436904133027
وحمايه,0.39009436904133027,0.39009436904133027
قروض كيما,0.39009436904133027,0.39009436904133027
البنوك الوطنيه,0.39009436904133027,0.39009436904133027
اداها,0.39009436904133027,0.39009436904133027
سنين نصنعلكم,0.39009436904133027,0.39009436904133027
معيشيه ضروريه,0.39009436904133027,0.39009436904133027
سكر وبيدون,0.39009436904133027,0.39009436904133027
ودار اعطيوني,0.39009436904133027,0.39009436904133027
الحصري لكانش,0.39009436904133027,0.39009436904133027
الحكومه وانا,0.39009436904133027,0.39009436904133027
سلعه معيشيه,0.39009436904133027,0.39009436904133027
اعطيوني قروض,0.39009436904133027,0.39009436904133027
ويقولو استثمر,0.39009436904133027,0.39009436904133027
الوطنيه بدون,0.39009436904133027,0.39009436904133027
استثمر ودار,0.39009436904133027,0.39009436904133027
الاجنبيه,0.390005767324132,0.390005767324132
كاين في,-0.38958865412454263,0.38958865412454263
تزوجو فقراء,-0.38881807071064317,0.38881807071064317
يغنيكم,-0.38881807071064317,0.38881807071064317
فقراء يغنيكم,-0.38881807071064317,0.38881807071064317
غير,-0.38855742699106555,0.38855742699106555
حكموك,0.38787215337747966,0.38787215337747966
نعم تحلبت,-0.38748102020652925,0.38748102020652925
ربي ينتقم,0.38730342849416105,0.38730342849416105
لماذا,0.38697864342195315,0.38697864342195315
ساندويتش,-0.3869270601022544,0.3869270601022544
المحاسبه,-0.3866859680242424,0.3866859680242424
اليوم,-0.38651286389199624,0.38651286389199624
نخرجو,0.38633553586757224,0.38633553586757224
متوفره عندكم,-0.38621755052019535,0.38621755052019535
ارجع,-0.3857003508516612,0.3857003508516612
الله سبحانه,0.3855604110954618,0.3855604110954618
حميده,0.38535986581428716,0.38535986581428716
لا يجب,0.3852525768226096,0.3852525768226096
ربي يهنيك,-0.38493222642695174,0.38493222642695174
الشركات,0.38371754002177577,0.38371754002177577
فسيح جنانه,0.38370872089228253,0.38370872089228253
جنانه,0.38370872089228253,0.38370872089228253
هده,-0.3836134882696629,0.3836134882696629
علابالي بلي,-0.38356755853558155,0.38356755853558155
لالجيرينو,0.38343416728569335,0.38343416728569335
تستهل كل,0.3833658286016169,0.3833658286016169
عليك وعلى,-0.38336492634003483,0.38336492634003483
جل,-0.38332561557461303,0.38332561557461303
ومعنديش,0.3828537793880845,0.3828537793880845
zid,-0.38218103840762274,0.38218103840762274
انت تقولي,0.38213379880459014,0.38213379880459014
ماشي خير,0.381981758396146,0.381981758396146
توفر حريه,-0.3818035276951776,0.3818035276951776
خطونا,-0.38144669485878524,0.38144669485878524
الشر,-0.3809624473979612,0.3809624473979612
اياكم,-0.38035947063257364,0.38035947063257364
اياكم صدق,-0.38035947063257364,0.38035947063257364
قول الحق,-0.3802400364654635,0.3802400364654635
المجد,-0.3801639210638,0.3801639210638
يربحك,-0.3798882899226886,0.3798882899226886
يقدر,0.37971944746300484,0.37971944746300484
ندير,0.37944234501474766,0.37944234501474766
عز,-0.37935459376116154,0.37935459376116154
اليهم,0.37900874148957703,0.37900874148957703
اسم,-0.3787354947455074,0.3787354947455074
سمحلي,0.3786464995797947,0.3786464995797947
قانون,0.378565732916912,0.378565732916912
محفوظه,-0.378522640719072,0.378522640719072
السبان,0.3785171197215415,0.3785171197215415
امير ديزاد,0.3783826751564986,0.3783826751564986
الحديد المشع,0.378330447815296,0.378330447815296
الشاوي,0.3782194340940769,0.3782194340940769
باينه بلي,-0.3781913418336293,0.3781913418336293
وطحكوت,0.3780593497151854,0.3780593497151854
قادرين,-0.3779993983747478,0.3779993983747478
اخواننا,-0.3779342405743215,0.3779342405743215
يبدا,0.3778269771458423,0.3778269771458423
بادن,0.3776485388824367,0.3776485388824367
حيا الله,-0.37757425357376834,0.37757425357376834
يرحمو رياض,-0.37756166443832784,0.37756166443832784
يبقي,0.37746176869649495,0.37746176869649495
بلي تعراو,-0.37716053937188143,0.37716053937188143
الاحتلال الزوافي,-0.37716053937188143,0.37716053937188143
امنت,-0.37716053937188143,0.37716053937188143
تعراو هدفهم,-0.37716053937188143,0.37716053937188143
صح امنت,-0.37716053937188143,0.37716053937188143
تعراو,-0.37716053937188143,0.37716053937188143
امنت بلي,-0.37716053937188143,0.37716053937188143
نحب مولوديه,0.3769632782879853,0.3769632782879853
تلقاه,-0.3764232474812739,0.3764232474812739
في انتظار,-0.3759726670641201,0.3759726670641201
فرض,0.3759558766907769,0.3759558766907769
حسبي اله,-0.37591523070268773,0.37591523070268773
بالبيض,-0.3758076685750624,0.3758076685750624
مسعود,-0.3756305058876441,0.3756305058876441
الحراره,-0.3746601309755822,0.3746601309755822
ميقدر يهدر,0.37436662745744215,0.37436662745744215
وقت,-0.37418724887477983,0.37418724887477983
نقش تاع,0.3735964472799503,0.3735964472799503
حب الوطن,-0.3734670807645246,0.3734670807645246
بزااف,-0.37326700968167587,0.37326700968167587
تحيا الشعب,-0.37305690681284165,0.37305690681284165
انتخبات,-0.3724379603333974,0.3724379603333974
الجنرالات,0.3723369855604377,0.3723369855604377
شارع,0.3720771629774184,0.3720771629774184
كيما الي,-0.3720021164612111,0.3720021164612111
mak,-0.3719251744761853,0.3719251744761853
السلامه,-0.3717257117598989,0.3717257117598989
راك تكلاشي,0.37166637936125324,0.37166637936125324
لعلم,-0.37137728973791534,0.37137728973791534
على الجزائر,0.3712082253720767,0.3712082253720767
ولاد لحرام,0.37120644057054536,0.37120644057054536
عميروش,0.37120185238030307,0.37120185238030307
انذاك,-0.37115691744640245,0.37115691744640245
ما عندك,-0.3711033017708359,0.3711033017708359
الحمدلله,-0.3710560819034358,0.3710560819034358
ذالك,0.37104307344602894,0.37104307344602894
مفهمنا والو,-0.37098071315713277,0.37098071315713277
يجيب,0.3705426928171531,0.3705426928171531
كرامتي,0.3704445069780293,0.3704445069780293
اننا,-0.3701953317333901,0.3701953317333901
والمحافظه على,-0.3699628910412992,0.3699628910412992
هاكا,0.3690340803910937,0.3690340803910937
جبت,-0.368733720296783,0.368733720296783
الانظار,0.3684997828046682,0.3684997828046682
ايا مزيه,-0.3683217995554239,0.3683217995554239
المراديه,0.3675256275674431,0.3675256275674431
mouloudia kbira,-0.3674789395536714,0.3674789395536714
فسيح جناته,-0.3671277796748224,0.3671277796748224
تكلم,0.3667250935816606,0.3667250935816606
بارسال,-0.3659616651313169,0.3659616651313169
قطر,0.3659270367342572,0.3659270367342572
كلب الكلاب,0.3657766007559389,0.3657766007559389
الاستغفار,-0.3653366637499736,0.3653366637499736
نهبوا,0.3649878524591713,0.3649878524591713
الصدق,-0.36474157699522136,0.36474157699522136
وربي يهدي,-0.36451993081069317,0.36451993081069317
عندك الحق,0.36433014330099045,0.36433014330099045
اعراض,-0.36390117515333803,0.36390117515333803
ربي,-0.36381730132881823,0.36381730132881823
المسيح,-0.36363248334853127,0.36363248334853127
المسيح الدجال,-0.36363248334853127,0.36363248334853127
ينعاد,-0.3635688020179438,0.3635688020179438
الا ان,0.3632590741125431,0.3632590741125431
سيد,0.3631242296311083,0.3631242296311083
من ولايه,-0.36299180078675375,0.36299180078675375
matkoum,0.3624192290600146,0.3624192290600146
راني في,-0.3623893282861059,0.3623893282861059
اول مره,0.36223027260421925,0.36223027260421925
سمحتم,-0.3621284042387395,0.3621284042387395
مكانش علابالي,-0.36160981511063056,0.36160981511063056
تعك,0.3615119348741309,0.3615119348741309
نتفرج,0.36139984234198014,0.36139984234198014
سوريا العراق,-0.3613748879481217,0.3613748879481217
باب الجديد,0.3611328454439275,0.3611328454439275
الشبيبه,-0.360921392466944,0.360921392466944
سعره,-0.36068106831460656,0.36068106831460656
قباءلي,0.36059783025060343,0.36059783025060343
عايش في,0.3602718787462219,0.3602718787462219
نشاله,0.36004897406648134,0.36004897406648134
جزائر,-0.3599976199177529,0.3599976199177529
البلقان عبر,-0.3597653156086983,0.3597653156086983
الرومانيه,-0.3597653156086983,0.3597653156086983
البيزنطيه,-0.3597653156086983,0.3597653156086983
الرومانيه الامبراطوريه,-0.3597653156086983,0.3597653156086983
هده الوصفه,-0.3597653156086983,0.3597653156086983
عبر الامبراطوريه,-0.3597653156086983,0.3597653156086983
الاخره,0.3597393738481875,0.3597393738481875
حمراء,-0.35971243046034423,0.35971243046034423
حوالي اشهر,-0.35971243046034423,0.35971243046034423
سوفيتال,-0.35961636073578906,0.35961636073578906
رايحه,-0.35937052937224523,0.35937052937224523
عيدك,-0.3592454905567457,0.3592454905567457
18,0.35891560104899556,0.35891560104899556
محترف,0.3588772214887957,0.3588772214887957
وضع,0.35870995771708947,0.35870995771708947
لي راكم,0.3583964344232218,0.3583964344232218
اب,0.3583783013021698,0.3583783013021698
يا رخيس,0.35836318361231784,0.35836318361231784
فاق,0.35789699524676466,0.35789699524676466
يقود مجموعه,0.35786606734440046,0.35786606734440046
قبره روضه,-0.3574906827761213,0.3574906827761213
لمن,0.35737973982825133,0.35737973982825133
دخول,-0.3571128842308394,0.3571128842308394
الحراش,-0.3571009221610657,0.3571009221610657
الرزق ربي,-0.35698193602008454,0.35698193602008454
الرونجاس,-0.35666137590593566,0.35666137590593566
اموت علي,0.3565217137573792,0.3565217137573792
علي سلعه,0.3565217137573792,0.3565217137573792
علي فرنسا,0.3565217137573792,0.3565217137573792
مقري,0.3564499482295522,0.3564499482295522
انتخب,0.35629227052680307,0.35629227052680307
رقم,-0.35608118560293517,0.35608118560293517
هارب,-0.35542213585834687,0.35542213585834687
جنازه,0.3550090326893631,0.3550090326893631
الاسعار,-0.3548867311425753,0.3548867311425753
قطع,0.3547483943405521,0.3547483943405521
دعاء خاص,-0.35453479551411904,0.35453479551411904
ساعدوني,-0.35444653145324057,0.35444653145324057
الحصري,-0.3544284273202526,0.3544284273202526
يرحموا,0.3543765013136603,0.3543765013136603
بطن,-0.3535351578698875,0.3535351578698875
وما بطن,-0.3535351578698875,0.3535351578698875
والمحن,-0.3535351578698875,0.3535351578698875
يخي حاله,0.35350623738425946,0.35350623738425946
احبك,0.3532795601252222,0.3532795601252222
يا ابطال,0.35295156649378434,0.35295156649378434
بكثير,-0.35268951957463524,0.35268951957463524
شهر,-0.35264778814017383,0.35264778814017383
الله غير,-0.35263751868270643,0.35263751868270643
والسلام على,-0.3525936255523565,0.3525936255523565
المعيشه,-0.352560307127189,0.352560307127189
العاقبه,-0.35244734421904644,0.35244734421904644
دوره,0.35237651627591643,0.35237651627591643
تصرف,0.352208841191126,0.352208841191126
يحفضك,0.352130535095312,0.352130535095312
عنابه,0.351917211796694,0.351917211796694
المخابرات,0.35180342348330995,0.35180342348330995
درتي,0.35178909980016926,0.35178909980016926
انحب,0.3517467810797133,0.3517467810797133
وصلت,0.3515663433092533,0.3515663433092533
مفهمنا,0.3514523735450701,0.3514523735450701
وغير,0.35138316509166756,0.35138316509166756
مثل,-0.3513522086526081,0.3513522086526081
جدا,0.3512322347069389,0.3512322347069389
ابرز,-0.35100548268778486,0.35100548268778486
يريد,-0.3509229098356098,0.3509229098356098
الخونه اعداء,0.3508172220910021,0.3508172220910021
رايتهم الفرشيطه,0.3508172220910021,0.3508172220910021
رايتهم,0.3508172220910021,0.3508172220910021
الخبيثه سريعا,0.3508172220910021,0.3508172220910021
سريعا واسقاط,0.3508172220910021,0.3508172220910021
ينجح,0.3508172220910021,0.3508172220910021
ينجح بكل,0.3508172220910021,0.3508172220910021
ولاد رجال,0.3508172220910021,0.3508172220910021
سريعا واعلمهم,0.3508172220910021,0.3508172220910021
مشروعهم,0.3508172220910021,0.3508172220910021
مشروعهم الفرشيطي,0.3508172220910021,0.3508172220910021
خلاو لبلاد,0.35022816183733924,0.35022816183733924
والخلود,0.34967638136332746,0.34967638136332746
الخروج,0.34959820233437616,0.34959820233437616
هذا النظام,0.34957297341773724,0.34957297341773724
الفاجره,0.34938985859567573,0.34938985859567573
استغفر اله,0.3493256767596517,0.3493256767596517
الشركه,-0.3490470082465631,0.3490470082465631
اقسم,0.3490366323793763,0.3490366323793763
مشو,0.34900128335699826,0.34900128335699826
في اقرب,0.3488699667053537,0.3488699667053537
رحت,-0.34861359231074435,0.34861359231074435
اعرف اصلك,0.3482453144195616,0.3482453144195616
dz,-0.3482355553166001,0.3482355553166001
سياره,-0.3482095246762389,0.3482095246762389
الجنرال الخاءن,0.3480920749415236,0.3480920749415236
كلب فرنسا,0.34716826918994537,0.34716826918994537
مزيه جيت,-0.3466860709324211,0.3466860709324211
الحاره,-0.3466214176606554,0.3466214176606554
يبارك ربي,-0.3466138075508619,0.3466138075508619
اشتريت,-0.3465983525439939,0.3465983525439939
اقرب نقطه,-0.34640776698303377,0.34640776698303377
الانواع,-0.3460139829578999,0.3460139829578999
خير ربي,0.34595167519887804,0.34595167519887804
راه باين,0.3456497188170702,0.3456497188170702
والله يا,-0.34545397929542027,0.34545397929542027
لخير,0.34521707650252903,0.34521707650252903
اخ,0.34495892385992194,0.34495892385992194
الرجاله,0.34459419921445095,0.34459419921445095
سنين تاع,0.34370914934070323,0.34370914934070323
وتوفيق,-0.34369660363654175,0.34369660363654175
راسك,0.3436634191335336,0.3436634191335336
بلاد ميكي,0.34356987135860995,0.34356987135860995
مقودين,0.34331741204337873,0.34331741204337873
الشباب,0.34318248957596414,0.34318248957596414
نتاع ربراب,0.3430985522182862,0.3430985522182862
اه,0.34297173703574835,0.34297173703574835
والنظام,-0.34294985354967233,0.34294985354967233
والف مبروك,-0.3428757553537748,0.3428757553537748
وجوهم,-0.34265510085531203,0.34265510085531203
وهذا,0.34236327213719464,0.34236327213719464
عاليه,0.3423094227464105,0.3423094227464105
نعرفك,0.34178649311359993,0.34178649311359993
احترم,-0.3417501610223523,0.3417501610223523
من يشاء,0.34119889849826346,0.34119889849826346
تفعل شيء,-0.34065810322455964,0.34065810322455964
ولاو,0.3403112484020353,0.3403112484020353
انا تاني,-0.33991844974400426,0.33991844974400426
frr,-0.3395268791191074,0.3395268791191074
الخناق,-0.33943474729057554,0.33943474729057554
يوقف,0.3392679015900406,0.3392679015900406
نحس,0.3391600468953533,0.3391600468953533
بالله العلي,-0.3384419728354596,0.3384419728354596
توجد نقطه,-0.3379260929470956,0.3379260929470956
باي باي,0.33788840687423993,0.33788840687423993
الرايس,-0.3378209735631853,0.3378209735631853
التغيير,-0.3371241094375671,0.3371241094375671
اغتصبو,0.33690383023554366,0.33690383023554366
اله يا,-0.3368572045592827,0.3368572045592827
لانكم,-0.3368160045211588,0.3368160045211588
السنه,-0.3360218519908391,0.3360218519908391
في عهد,-0.3358615918964817,0.3358615918964817
وجهك يا,0.33526184546646065,0.33526184546646065
احترام,0.3351791844349596,0.3351791844349596
دراهم,0.334760199424933,0.334760199424933
منهدروش,0.3342869900960858,0.3342869900960858
خلاص,-0.33375877479479055,0.33375877479479055
بالاك,-0.33345602140014763,0.33345602140014763
كملو,0.33322702430018714,0.33322702430018714
قبايلي بصح,-0.3323518337841488,0.3323518337841488
كرهتونا,0.3309870792889536,0.3309870792889536
مابعد,-0.33098225539901044,0.33098225539901044
فيا,0.3309333819877689,0.3309333819877689
لعنصريه,-0.3309248455914197,0.3309248455914197
ذلك,0.3307381114921618,0.3307381114921618
عطاوها,-0.3305154044857696,0.3305154044857696
ربي يوفقك,-0.3304077867057487,0.3304077867057487
تسقط,0.33036134221668007,0.33036134221668007
بنو عبيدك,-0.3302727419864505,0.3302727419864505
بنو,-0.3302727419864505,0.3302727419864505
والبراكين والزلازل,-0.3302727419864505,0.3302727419864505
ماض فينا,-0.3302727419864505,0.3302727419864505
والزلازل,-0.3302727419864505,0.3302727419864505
والبراكين,-0.3302727419864505,0.3302727419864505
والزلازل والمحن,-0.3302727419864505,0.3302727419864505
والمحن وجميع,-0.3302727419864505,0.3302727419864505
وجميع الفتن,-0.3302727419864505,0.3302727419864505
وجميع,-0.3302727419864505,0.3302727419864505
عبيدك بنو,-0.3302727419864505,0.3302727419864505
الغني ونحن,-0.3302727419864505,0.3302727419864505
ونحن الفقراء,-0.3302727419864505,0.3302727419864505
نواصينا,-0.3302727419864505,0.3302727419864505
فينا حكمك,-0.3302727419864505,0.3302727419864505
ادفع,-0.3302727419864505,0.3302727419864505
عبيدك نواصينا,-0.3302727419864505,0.3302727419864505
ادفع عنا,-0.3302727419864505,0.3302727419864505
نواصينا بيدك,-0.3302727419864505,0.3302727419864505
عدل فينا,-0.3302727419864505,0.3302727419864505
منجا منك,-0.3302727419864505,0.3302727419864505
منجا,-0.3302727419864505,0.3302727419864505
ماض,-0.3302727419864505,0.3302727419864505
بيدك ماض,-0.3302727419864505,0.3302727419864505
المغرب,0.33026843259752603,0.33026843259752603
علاه الناس,-0.3301831855991281,0.3301831855991281
بهذا,0.3300402082894885,0.3300402082894885
حرام عليك,-0.32979674658466657,0.32979674658466657
الاوهام,-0.3293111399438962,0.3293111399438962
يقود البلاد,-0.32914407238444343,0.32914407238444343
يولي,-0.32882906859706795,0.32882906859706795
ga,-0.32770961399481746,0.32770961399481746
يلحقش,0.32731760845528934,0.32731760845528934
في سطيف,-0.32690846438818866,0.32690846438818866
très,0.32632380142563067,0.32632380142563067
كيما راكم,0.32528182707098746,0.32528182707098746
قام,0.32484381874750334,0.32484381874750334
يا راس,0.324666504493467,0.324666504493467
بالتوفيق شاء,-0.32406772683581925,0.32406772683581925
تاع مك,0.32391795371443627,0.32391795371443627
روح نك,0.3238904335707995,0.3238904335707995
اصحاب,0.32384556636653394,0.32384556636653394
كل حال,0.3236979799030585,0.3236979799030585
يخرجو,0.32363770091453525,0.32363770091453525
من القتل,0.32350746996019114,0.32350746996019114
كامل نشجع,0.3234818955008781,0.3234818955008781
يتنحاوقاع,-0.32325617344166496,0.32325617344166496
الداخل والخارج,-0.32299988874252444,0.32299988874252444
ان لا,0.3228495569800793,0.3228495569800793
فالغربه,-0.32258525426473855,0.32258525426473855
سعر الغساله,-0.322245613716845,0.322245613716845
حاربهم,-0.32223328593751305,0.32223328593751305
جابوه,-0.3219834829186092,0.3219834829186092
عليكم ورحمه,0.3218305315245414,0.3218305315245414
اله يرحموا,0.3213360259955506,0.3213360259955506
الانبياء والمرسلين,-0.3213317240670386,0.3213317240670386
الوالده,-0.32107415782445214,0.32107415782445214
الاحرار,0.3210092468409164,0.3210092468409164
فيجب,0.3205573978345308,0.3205573978345308
اكثر,-0.320267822664562,0.320267822664562
حياتو,0.32023548748988145,0.32023548748988145
ونعم الوكيل,-0.3196627244771369,0.3196627244771369
يا ديوث,0.3195608646761087,0.3195608646761087
حتا,-0.31922245307933794,0.31922245307933794
العالميه,-0.3191694543340544,0.3191694543340544
اضافه,-0.31886554533956407,0.31886554533956407
اعتقد,0.3188214654726646,0.3188214654726646
معوقه,0.3186914455851765,0.3186914455851765
ريبيكا,0.31865294713819475,0.31865294713819475
ياي,0.3184943533270307,0.3184943533270307
دخلت,-0.31848596512293426,0.31848596512293426
في التسعينات,0.3184596823113647,0.3184596823113647
فاقو,-0.3184403858101453,0.3184403858101453
نتا نقش,0.31816616576730095,0.31816616576730095
نتع,0.3177928871269651,0.3177928871269651
علا,0.31752656603427154,0.31752656603427154
حبيت نعرف,-0.31701981827022535,0.31701981827022535
اولي,-0.3169909224684623,0.3169909224684623
يدو,0.3169235846971488,0.3169235846971488
دعم ربراب,-0.31661579372850013,0.31661579372850013
انه,-0.31629048815115646,0.31629048815115646
ينصر,-0.3154610575637831,0.3154610575637831
لي راكي,-0.31538749147156797,0.31538749147156797
شهوات,-0.3151390998239694,0.3151390998239694
القائد,-0.31496219814182896,0.31496219814182896
كلمات,0.3140958451255113,0.3140958451255113
يخي نقش,0.3138691792520066,0.3138691792520066
dima,-0.31385010670781677,0.31385010670781677
المرض,-0.31372112601467456,0.31372112601467456
يرضي,-0.31370831124190474,0.31370831124190474
وي,0.3136227459385914,0.3136227459385914
يقر,0.3130555577475171,0.3130555577475171
alah,-0.31259358325860087,0.31259358325860087
ملفات,0.31243547343895306,0.31243547343895306
امشي لعنه,0.3121317505979454,0.3121317505979454
مال,-0.3120821386205749,0.3120821386205749
راك دير,0.3118985726217501,0.3118985726217501
وان شاء,0.3118712702464684,0.3118712702464684
سعه,-0.31164203726347883,0.31164203726347883
سبحانه وتعالى,-0.3114884914446863,0.3114884914446863
وتعالى,-0.3114884914446863,0.3114884914446863
بادن الله,0.31146990539087965,0.31146990539087965
منك الا,-0.311086654975747,0.311086654975747
الا اليك,-0.311086654975747,0.311086654975747
تكن غبي,0.3110837169665648,0.3110837169665648
وانا اليه,-0.3110720634152155,0.3110720634152155
بزاف في,0.31051915336365876,0.31051915336365876
انت الغني,-0.31051187474467384,0.31051187474467384
اغفر,-0.3102526749938659,0.3102526749938659
مجراها,-0.31022380770997554,0.31022380770997554
تاخذ,-0.31022380770997554,0.31022380770997554
عليه وسلم,0.3096435787670786,0.3096435787670786
يلطف,-0.3095110666165253,0.3095110666165253
الخون,-0.30895890283877514,0.30895890283877514
الحال هنا,-0.30863381318505406,0.30863381318505406
والله يرحم,0.3080690498545896,0.3080690498545896
سامط,-0.30797679528207356,0.30797679528207356
محرز,0.3078549396646059,0.3078549396646059
يحوس على,-0.3075800739796748,0.3075800739796748
الدنيا,-0.30753281805538085,0.30753281805538085
شعبها,-0.3073705464730538,0.3073705464730538
قروب,0.3072459510394494,0.3072459510394494
عون,0.306665678189121,0.306665678189121
اعتقاله,-0.306647405268296,0.306647405268296
تنطق,0.30652789611558384,0.30652789611558384
هدا لي,-0.3064743999995164,0.3064743999995164
والحمد,-0.3062524215431904,0.3062524215431904
خويا محمد,-0.3061561277741947,0.3061561277741947
الرزق بيد,-0.30607379453898864,0.30607379453898864
خلوا,0.3059038182872198,0.3059038182872198
متاكد,-0.30589191501771196,0.30589191501771196
تسمع يماك,0.3053223891439271,0.3053223891439271
اصلي,0.30518972897441593,0.30518972897441593
يتمسخر,-0.30513481661546565,0.30513481661546565
فكره,0.3050829088525728,0.3050829088525728
بيسك,0.305007295583565,0.305007295583565
لارهاب,-0.30499767333151984,0.30499767333151984
سما لي,0.30479918749965734,0.30479918749965734
انصحك,-0.3047242982142522,0.3047242982142522
افتح,0.3040078995142433,0.3040078995142433
لعب,-0.3037266632820299,0.3037266632820299
شيء,-0.30346365025634037,0.30346365025634037
معهد,0.30171098646192235,0.30171098646192235
رجل,0.30167731720091157,0.30167731720091157
احسن,0.3016178402184967,0.3016178402184967
حكمه,0.301392557049952,0.301392557049952
wlh,0.3008053473567412,0.3008053473567412
خيره,-0.30060773140260866,0.30060773140260866
حمار يقود,0.30016566502185144,0.30016566502185144
لانو,-0.3001487435797907,0.3001487435797907
صنع,0.3001176565398551,0.3001176565398551
نقلك,-0.2999179070556891,0.2999179070556891
وهذه,-0.29937716649792945,0.29937716649792945
ومن,0.299139020722538,0.299139020722538
رب,-0.2990581371548202,0.2990581371548202
بينو,0.2990436480913482,0.2990436480913482
فهي,-0.29887131245399023,0.29887131245399023
لهذا,-0.2988578746689676,0.2988578746689676
المرتزقه,-0.298854208671244,0.298854208671244
وتهدري,0.298196386016802,0.298196386016802
افراد,0.2980691390525781,0.2980691390525781
عندك حق,-0.2977264001812898,0.2977264001812898
سامسونغ,-0.2974723019583137,0.2974723019583137
الهه,-0.2973364984593886,0.2973364984593886
الغه,-0.29715989755283867,0.29715989755283867
يرجع,0.29712759683812157,0.29712759683812157
وخير,0.2969612760952539,0.2969612760952539
الارهابي,-0.29675653801462265,0.29675653801462265
فك,-0.29662398479237034,0.29662398479237034
امين يارب,-0.29660105532754666,0.29660105532754666
يكون في,0.296524615948735,0.296524615948735
النسا,-0.2964561179222932,0.2964561179222932
والقانون,0.296307271455446,0.296307271455446
مل,0.29611650559857006,0.29611650559857006
المنافق,0.2956229467240078,0.2956229467240078
نص,-0.2956203889916105,0.2956203889916105
الهيه,-0.29555692831361535,0.29555692831361535
دوكا,-0.2954710000780421,0.2954710000780421
كوكب الارض,0.2948464197493972,0.2948464197493972
oui,0.2945183282983229,0.2945183282983229
في وسطهم,0.293771939748132,0.293771939748132
سميد,0.2935714424007318,0.2935714424007318
انك انت,-0.29341442149235775,0.29341442149235775
اديرو,-0.2933363845105322,0.2933363845105322
دارو,-0.2929382754815708,0.2929382754815708
باسم,0.29260575698437563,0.29260575698437563
ارهابيه تسقط,-0.2917150453484025,0.2917150453484025
الا انت,-0.29111627277505936,0.29111627277505936
الذين,-0.2910826185628331,0.2910826185628331
ماشاء الله,-0.29079509808013854,0.29079509808013854
يقود امه,0.29064814506427344,0.29064814506427344
مكيف هواء,-0.290585973300778,0.290585973300778
هواء,-0.290585973300778,0.290585973300778
القومي,0.29043154007249633,0.29043154007249633
يتكلم,-0.2904270219502076,0.2904270219502076
كثرت,-0.2900728702467052,0.2900728702467052
يجي نهار,-0.29005510479733215,0.29005510479733215
فاءده,0.2899692712297576,0.2899692712297576
الشعب الجزاءر,0.28962594338842873,0.28962594338842873
يصدر,0.2895278272770516,0.2895278272770516
وكثر,-0.28890590659125287,0.28890590659125287
les hommes,0.28809435429581876,0.28809435429581876
hommes,0.28809435429581876,0.28809435429581876
ديراكت,-0.28797853591123385,0.28797853591123385
قلبك كيما,0.2879530242862512,0.2879530242862512
يا حكيم,0.2879530242862512,0.2879530242862512
قلبي يا,0.2879530242862512,0.2879530242862512
حقك,-0.2877420420472961,0.2877420420472961
على مولوديه,0.2876693845905902,0.2876693845905902
سرق الاف,0.2873605819165618,0.2873605819165618
عافيه,-0.287240657539502,0.287240657539502
منها وما,-0.28706573538862545,0.28706573538862545
جهاز,-0.2869904645854311,0.2869904645854311
سترمون,0.2869670809127685,0.2869670809127685
زياره,0.28683070651613585,0.28683070651613585
بتهمه,-0.2868151438833484,0.2868151438833484
كل عام,-0.28651167926981713,0.28651167926981713
وماشي,0.28640970540434435,0.28640970540434435
تيري,-0.28608407121746043,0.28608407121746043
ينعل طيز,0.2860571977865403,0.2860571977865403
لجناس,0.28577246092279385,0.28577246092279385
التفرقه,-0.2852683470096321,0.2852683470096321
ana,-0.28469552095872636,0.28469552095872636
الوكيل فيك,-0.28443219310452844,0.28443219310452844
وجه البخس,0.2841805454239389,0.2841805454239389
قواد واش,0.2831181800822129,0.2831181800822129
تلعب,-0.28310062096543837,0.28310062096543837
وجد,0.2827886086747518,0.2827886086747518
من حب,-0.282694088952881,0.282694088952881
حب من,-0.282694088952881,0.282694088952881
فرن ثلاجه,-0.28267884711120767,0.28267884711120767
الضغط,0.2826266055819586,0.2826266055819586
المدخول,-0.2825878612598849,0.2825878612598849
نكونو,-0.28231517504219117,0.28231517504219117
البرج,-0.2813466220480255,0.2813466220480255
بعضاهم,-0.2811153391508906,0.2811153391508906
ماتكم يا,0.2810526747187964,0.2810526747187964
على رواحكم,0.28099284256841073,0.28099284256841073
رجال اعمال,0.28049218117354463,0.28049218117354463
مقاطعه,-0.2801110312008281,0.2801110312008281
عونك,-0.27992368346895347,0.27992368346895347
ولايه المسيله,-0.2797777299555288,0.2797777299555288
اسراءيل,0.27931460558772253,0.27931460558772253
يفرج عليك,0.27921130763595786,0.27921130763595786
يكمل,-0.27906321941278867,0.27906321941278867
غالط,0.27855335974970313,0.27855335974970313
يا العطاي,0.2780587382394868,0.2780587382394868
نك مك,0.27753055716130837,0.27753055716130837
لي خدم,0.2775296213874541,0.2775296213874541
شباب قسنطينه,0.27732283240924177,0.27732283240924177
يا كرفه,0.27727502547972116,0.27727502547972116
اماتكم,0.2772097931677482,0.2772097931677482
عفسه,0.2771898585022071,0.2771898585022071
سنه رابعه,0.27660996382888275,0.27660996382888275
انا نسكن,-0.27657872010883616,0.27657872010883616
بيديكم,-0.27635821897734986,0.27635821897734986
انت الريح,0.27570464715965304,0.27570464715965304
الاولي,0.2756100652790036,0.2756100652790036
دعوي,0.2752758239124049,0.2752758239124049
es,0.2752121189476289,0.2752121189476289
فقر,-0.2751335354597878,0.2751335354597878
استودعك,-0.2747319723983921,0.2747319723983921
المسلمين والمسلمات,-0.2747319723983921,0.2747319723983921
والمسلمات,-0.2747319723983921,0.2747319723983921
اني استودعك,-0.2747319723983921,0.2747319723983921
في واحد,0.27431324627305004,0.27431324627305004
ما,-0.2742374364955181,0.2742374364955181
عندكم فرع,-0.27414299092005745,0.27414299092005745
سياسيه,0.27389561345463037,0.27389561345463037
اللهم ادفع,-0.27384140715611366,0.27384140715611366
قضاؤك لا,-0.27384140715611366,0.27384140715611366
قضاؤك,-0.27384140715611366,0.27384140715611366
ملجا ولا,-0.27384140715611366,0.27384140715611366
اليك اللهم,-0.27384140715611366,0.27384140715611366
نحن عبيدك,-0.27384140715611366,0.27384140715611366
لا ملجا,-0.27384140715611366,0.27384140715611366
انت الله,-0.27384140715611366,0.27384140715611366
الفقراء نحن,-0.27384140715611366,0.27384140715611366
فينا قضاؤك,-0.27384140715611366,0.27384140715611366
ولا منجا,-0.27384140715611366,0.27384140715611366
رحم اله,-0.2727812733079787,0.2727812733079787
اهل الجنه,-0.2726657475680673,0.2726657475680673
سيفيتال,-0.27169108206075687,0.27169108206075687
المعلومه,-0.27150187020749234,0.27150187020749234
مع من,0.27130436106111055,0.27130436106111055
حقنا,0.2710424493768609,0.2710424493768609
انت باين,0.2707206433067952,0.2707206433067952
قنوات,0.2705819644026023,0.2705819644026023
بوعريريج,-0.27052489004753866,0.27052489004753866
نيس نتا,-0.27044545368977235,0.27044545368977235
مقابل,0.27033881598809056,0.27033881598809056
ياجدك,0.26997121901224624,0.26997121901224624
بغيت,0.26996592165310535,0.26996592165310535
الشيعه,0.26996142664696676,0.26996142664696676
احذر,-0.269748612926958,0.269748612926958
نفوذ,-0.2691679681431015,0.2691679681431015
مزيد النجاحات,-0.2686982364199291,0.2686982364199291
تغلق,0.26801525953403127,0.26801525953403127
ويكون,0.2679973346127805,0.2679973346127805
يغني,0.26787838917639833,0.26787838917639833
المسلم,-0.2674171556643608,0.2674171556643608
فاذا,0.26736967506527415,0.26736967506527415
شهيد,0.26735038131881567,0.26735038131881567
as,0.2672844227711645,0.2672844227711645
حسبي,0.26707415691968844,0.26707415691968844
ميدو,0.2666364771971444,0.2666364771971444
مصري,-0.2666191371952152,0.2666191371952152
ثم,0.26645335693163186,0.26645335693163186
الجنرال الخائن,0.2663286207451442,0.2663286207451442
امك يا,0.26619101248645527,0.26619101248645527
تحكي على,0.2661319496937545,0.2661319496937545
ربي يرحمك,-0.2660471772755772,0.2660471772755772
الاكبر,-0.26600926397870733,0.26600926397870733
قتلي,0.2656411819117832,0.2656411819117832
راكم حابين,0.2656110733971119,0.2656110733971119
الهند,-0.26555725807486574,0.26555725807486574
الدوله المدنيه,0.2654776915569923,0.2654776915569923
رافده,0.2653472963257878,0.2653472963257878
كاين غير,0.2652700113859306,0.2652700113859306
جزائريين,0.26515794933513925,0.26515794933513925
شكام فرنسا,0.26499105283299806,0.26499105283299806
امازيغيه,-0.2643537114710785,0.2643537114710785
المسلمين امين,-0.26424704844974817,0.26424704844974817
اكدلي على,-0.2637910469447665,0.2637910469447665
الحل,0.2632950989431773,0.2632950989431773
العيباد,-0.2630380414319822,0.2630380414319822
راح,-0.26223872372239815,0.26223872372239815
مشي نيك,0.26214718120052233,0.26214718120052233
toujours,-0.26184589050301926,0.26184589050301926
امير الصحفي,0.2615507590317854,0.2615507590317854
الشعبي الوطني,0.26143091512466116,0.26143091512466116
يا عباد,-0.2613090133372261,0.2613090133372261
انا لله,-0.2612804461276202,0.2612804461276202
مصلحه مابعد,0.26079884214734816,0.26079884214734816
تعد,-0.26049732444472323,0.26049732444472323
شاء,0.26047877930174695,0.26047877930174695
انت هو,-0.260228582518365,0.260228582518365
10,-0.2598850840900362,0.2598850840900362
الاخلاق,0.25941350261642426,0.25941350261642426
معطيات,-0.2591578056698565,0.2591578056698565
وكيلكم,0.2589399093524837,0.2589399093524837
يزيد,0.2589040974412032,0.2589040974412032
السي,-0.2587476970894063,0.2587476970894063
سما,-0.2583025425451743,0.2583025425451743
للناس,0.2582612296903114,0.2582612296903114
وزن,-0.2582313885586806,0.2582313885586806
لحل,-0.25809675360770046,0.25809675360770046
اخي زيطوط,-0.25787652705759534,0.25787652705759534
الله استاذ,-0.2577940632305847,0.2577940632305847
حملت,-0.25748297185212005,0.25748297185212005
لشهداءنا,0.2574039275572075,0.2574039275572075
لشهداءنا الابرار,0.2574039275572075,0.2574039275572075
وداعا,-0.25718646260769074,0.25718646260769074
سالت,-0.25692883281040213,0.25692883281040213
وفي,0.2566354061490564,0.2566354061490564
ربراب سارق,0.2563652482796694,0.2563652482796694
مع واحد,0.2562313371153693,0.2562313371153693
لحكم,-0.25523987895675265,0.25523987895675265
الولايه,0.2549599953141552,0.2549599953141552
يا حركي,0.2548757476270093,0.2548757476270093
التنقل,-0.2545100583342773,0.2545100583342773
الشيخ,0.2542490922327484,0.2542490922327484
توفيق,0.2539784118039211,0.2539784118039211
موتى,-0.2537635826403804,0.2537635826403804
تاعه,-0.2534917347621209,0.2534917347621209
مرور,0.2530711132747225,0.2530711132747225
وكره,0.2528242779076116,0.2528242779076116
كنتش علابالي,-0.25276947504256486,0.25276947504256486
لابن,-0.2524561407019422,0.2524561407019422
الميدان,0.25207185609294835,0.25207185609294835
بالك بلي,0.2519991154150311,0.2519991154150311
free,-0.25194830245205535,0.25194830245205535
كل مكروه,-0.2519370777985707,0.2519370777985707
والرءيس,0.2518716346985531,0.2518716346985531
نهار لي,-0.2516428603994591,0.2516428603994591
algerois,-0.25161532632144534,0.25161532632144534
والدك,-0.25143449248922267,0.25143449248922267
يرحم والدك,-0.25143449248922267,0.25143449248922267
البطل,0.2514132552767948,0.2514132552767948
حنا عندنا,-0.2513603339881427,0.2513603339881427
يخف,0.25125205353949953,0.25125205353949953
والله غير,0.2508035444421734,0.2508035444421734
بوس,-0.2507234574462689,0.2507234574462689
ونعم,-0.25049507167141616,0.25049507167141616
عسكريه يتنحاوقاع,-0.25047448502972597,0.25047448502972597
في اوروبا,-0.25035972513048116,0.25035972513048116
جيش,0.25018080167179924,0.25018080167179924
3lah,-0.24990489376942893,0.24990489376942893
قلبي,-0.24876973129275504,0.24876973129275504
وان,0.24855188593302602,0.24855188593302602
راه صاري,0.24836519050461667,0.24836519050461667
رانا معاك,0.2482285641374104,0.2482285641374104
الفرشيطه,-0.24803124983555094,0.24803124983555094
الخامسه,-0.24801948809559254,0.24801948809559254
طيحو,-0.2477254733411177,0.2477254733411177
بنصف,-0.24721507197038112,0.24721507197038112
حجه,0.24686506299383812,0.24686506299383812
على الصلوات,-0.24664192736086607,0.24664192736086607
الي دار,0.24634900099809628,0.24634900099809628
امالا,-0.24606810133719237,0.24606810133719237
وتموت,0.24577856496625153,0.24577856496625153
ولله,0.2457043502307189,0.2457043502307189
نعلم,-0.24448020684906702,0.24448020684906702
باينه,0.244347927408183,0.244347927408183
معلاباليش,-0.24360948618109746,0.24360948618109746
ونعمه الوكيل,-0.24353897761667212,0.24353897761667212
يستطع,-0.2435081353350481,0.2435081353350481
الزلزال الا,-0.24328724274623992,0.24328724274623992
تحيا تبون,-0.24309548190680957,0.24309548190680957
ايران شيعه,0.2426628554942782,0.2426628554942782
افراد الشعب,-0.24253972316987357,0.24253972316987357
شريت تلفاز,-0.24248508158151028,0.24248508158151028
انت تعرف,0.24225721296648794,0.24225721296648794
اليا,-0.24218544064325231,0.24218544064325231
اله الوكيل,-0.24218338927158123,0.24218338927158123
الجمهوريه,-0.2421409182867419,0.2421409182867419
سيوله,-0.2418822894826762,0.2418822894826762
امتيازات,-0.24186560745657296,0.24186560745657296
في وهران,0.2417249892988727,0.2417249892988727
نيك حشون,0.2414117405347002,0.2414117405347002
دو,-0.24105687991740676,0.24105687991740676
دابه,-0.2410201749940387,0.2410201749940387
انت من,0.24077785304029323,0.24077785304029323
القايد فايح,0.24039489267495842,0.24039489267495842
لهم,-0.24023893743677274,0.24023893743677274
عاود,0.23995704332480372,0.23995704332480372
معها,-0.2395264973677451,0.2395264973677451
ملخر,0.23926165525630602,0.23926165525630602
الصهيوني,-0.2392328054309749,0.2392328054309749
وتحيه,0.2390044121145431,0.2390044121145431
اللهم امين,-0.23841014235560903,0.23841014235560903
احدا,0.23801022132105248,0.23801022132105248
مغبون,-0.23773237403369915,0.23773237403369915
تقلدو,0.23754829459152563,0.23754829459152563
تحويل,-0.2372760809877726,0.2372760809877726
حرت,0.23705414299459246,0.23705414299459246
ما ظهر,-0.236758220818116,0.236758220818116
ظهر منها,-0.236758220818116,0.236758220818116
الفتن ما,-0.236758220818116,0.236758220818116
جميع المسلمين,-0.236758220818116,0.236758220818116
والمسلمات في,-0.236758220818116,0.236758220818116
بطن اللهم,-0.236758220818116,0.236758220818116
استودعك جميع,-0.236758220818116,0.236758220818116
بعد البيع,0.236359753987197,0.236359753987197
لي ما,-0.2360137710775414,0.2360137710775414
ارنا,-0.23584279163442573,0.23584279163442573
قدرتك,-0.23584279163442573,0.23584279163442573
كاين تخفيضات,-0.23549386386914933,0.23549386386914933
حبسولهم ولد,-0.23534888514586455,0.23534888514586455
وايحي وربراب,-0.23534888514586455,0.23534888514586455
وايحي,-0.23534888514586455,0.23534888514586455
يهدينا,-0.23522356703163722,0.23522356703163722
قوي,-0.23515999611764213,0.23515999611764213
انت حر,-0.23507888055103016,0.23507888055103016
وكيل الجمهوريه,0.23493873484443784,0.23493873484443784
اكون,-0.2345289950253871,0.2345289950253871
لله وانا,-0.2337567461567024,0.2337567461567024
زيطوط امير,-0.23354034793282405,0.23354034793282405
البيع بالتقسيط,-0.2334218343004112,0.2334218343004112
مغربي,0.23279101273019878,0.23279101273019878
نيك سوه,0.23275994424067975,0.23275994424067975
ما بعد,-0.23182366146808653,0.23182366146808653
ثان,-0.2317101294413371,0.2317101294413371
ويجعل,-0.2314934525804313,0.2314934525804313
بلي كعبه,0.23122013082037204,0.23122013082037204
جديد نتاع,0.23113714763014057,0.23113714763014057
انك,-0.23112207445324426,0.23112207445324426
ونزيد,-0.2304204288809323,0.2304204288809323
ان شاء,0.22976443584157952,0.22976443584157952
بيع لكم,-0.22950200805565196,0.22950200805565196
وتعتبر,-0.22936238151522112,0.22936238151522112
ايسكوبار كان,-0.2291447340764574,0.2291447340764574
رشاد,0.2290523216012422,0.2290523216012422
نيك اماتكم,0.22888850606219097,0.22888850606219097
لكاس,-0.22879090474257074,0.22879090474257074
لكاس العالم,-0.22879090474257074,0.22879090474257074
محاربه,-0.2286317096191308,0.2286317096191308
تم,0.2285294236756625,0.2285294236756625
في وقت,-0.22851462045046497,0.22851462045046497
الم,0.2280151584143775,0.2280151584143775
mok ya,0.22754709671241502,0.22754709671241502
الفتنه اشد,0.2273164863022019,0.2273164863022019
القتل,0.2273164863022019,0.2273164863022019
راكم,0.22729568612806839,0.22729568612806839
شكرا,-0.2272819700071002,0.2272819700071002
لغه,-0.22712648858738535,0.22712648858738535
مخبارات,0.22702792069371258,0.22702792069371258
الخبره,0.22700649389562358,0.22700649389562358
الهجره,0.2260939682020664,0.2260939682020664
والسعيد,-0.2260024842492728,0.2260024842492728
صلاه,-0.22596122168565017,0.22596122168565017
لوطن,0.22594154313909143,0.22594154313909143
فقير,0.22582796216988518,0.22582796216988518
وراك,-0.22516789872110002,0.22516789872110002
كان بامر,0.2249879221057733,0.2249879221057733
كما ذكر,0.2249879221057733,0.2249879221057733
تفكر,0.224894398377931,0.224894398377931
عندي مشكل,-0.22457535680012128,0.22457535680012128
ملال,0.22423417894889244,0.22423417894889244
سوندويتش,0.2240152477368839,0.2240152477368839
تفوه يا,0.2238275242134092,0.2238275242134092
14,-0.22375187156465268,0.22375187156465268
غنا,-0.22370354503482126,0.22370354503482126
نبيح,0.22352763874504272,0.22352763874504272
ويقولو,-0.22307680743779265,0.22307680743779265
الجنه يا,0.22251606505125915,0.22251606505125915
الهم امين,0.22236542856184469,0.22236542856184469
راهم في,-0.22199272074008958,0.22199272074008958
داها,0.22192685847216342,0.22192685847216342
المواطن,-0.22185682032099427,0.22185682032099427
الجزائر العاصمه,0.2215284631770333,0.2215284631770333
نستطيع,-0.2213995630401291,0.2213995630401291
الرياضه,-0.22139679365244858,0.22139679365244858
20,0.22114695700067222,0.22114695700067222
امها,0.22091605809022524,0.22091605809022524
والعقوبه,0.22053101311214246,0.22053101311214246
فاليتيمه,-0.22044260597471657,0.22044260597471657
هذا ما,-0.2199471973284766,0.2199471973284766
امير وديما,-0.21991994912269702,0.21991994912269702
تقدمت,-0.21990615291368865,0.21990615291368865
من ربراب,0.21984973936648514,0.21984973936648514
حقيقه,0.2195152760372107,0.2195152760372107
الامطار,0.2194711667029634,0.2194711667029634
في البلاد,0.21946893725228558,0.21946893725228558
خطها الاعلامي,0.2191451542760443,0.2191451542760443
السياق,0.2191451542760443,0.2191451542760443
السياق نقطه,0.2191451542760443,0.2191451542760443
بتوجيه,0.2191451542760443,0.2191451542760443
بدون المرور,0.2191451542760443,0.2191451542760443
نذكر لكم,0.2191451542760443,0.2191451542760443
مدني توجيه,0.2191451542760443,0.2191451542760443
بخصوص التمويل,0.2191451542760443,0.2191451542760443
المالك الاصلي,0.2191451542760443,0.2191451542760443
بوشاشي جيلالي,0.2191451542760443,0.2191451542760443
يوجد تسجيل,0.2191451542760443,0.2191451542760443
اخفاء,0.2191451542760443,0.2191451542760443
اخفاء التفاصيل,0.2191451542760443,0.2191451542760443
يخص الاحزاب,0.2191451542760443,0.2191451542760443
السياسيه علاقته,0.2191451542760443,0.2191451542760443
امره بشراء,0.2191451542760443,0.2191451542760443
تعلق,0.2191451542760443,0.2191451542760443
يذهبون,0.2191451542760443,0.2191451542760443
حركه مواطنه,0.2191451542760443,0.2191451542760443
المراقبه الحدوديه,0.2191451542760443,0.2191451542760443
حذف الخبر,0.2191451542760443,0.2191451542760443
المرحوم عباس,0.2191451542760443,0.2191451542760443
سفيان تمويل,0.2191451542760443,0.2191451542760443
تمويل حركه,0.2191451542760443,0.2191451542760443
خطها,0.2191451542760443,0.2191451542760443
الانفصاليه بالاموال,0.2191451542760443,0.2191451542760443
سنوافيكم,0.2191451542760443,0.2191451542760443
سنوافيكم بالتطورات,0.2191451542760443,0.2191451542760443
صرح,0.2191451542760443,0.2191451542760443
نقاط المراقبه,0.2191451542760443,0.2191451542760443
مواطنه,0.2191451542760443,0.2191451542760443
نقول الكل,0.2191451542760443,0.2191451542760443
اغلب المعارضين,0.2191451542760443,0.2191451542760443
قناه المغاربيه,0.2191451542760443,0.2191451542760443
ضمنيا بان,0.2191451542760443,0.2191451542760443
تعلق بتمويل,0.2191451542760443,0.2191451542760443
المراقبه,0.2191451542760443,0.2191451542760443
حزب الارسيدي,0.2191451542760443,0.2191451542760443
بارسال سيارات,0.2191451542760443,0.2191451542760443
تسجيل فيديو,0.2191451542760443,0.2191451542760443
طابو حزب,0.2191451542760443,0.2191451542760443
مسير لشركه,0.2191451542760443,0.2191451542760443
ضمنيا,0.2191451542760443,0.2191451542760443
علاقته بكل,0.2191451542760443,0.2191451542760443
حنون كريم,0.2191451542760443,0.2191451542760443
الداعم,0.2191451542760443,0.2191451542760443
يتهم الجنرال,0.2191451542760443,0.2191451542760443
العطله يقوم,0.2191451542760443,0.2191451542760443
ربراب يتهم,0.2191451542760443,0.2191451542760443
بالتنسيق,0.2191451542760443,0.2191451542760443
عسول بوشاشي,0.2191451542760443,0.2191451542760443
ميره,0.2191451542760443,0.2191451542760443
ميره صرح,0.2191451542760443,0.2191451542760443
يقوم بتمويل,0.2191451542760443,0.2191451542760443
يقوم الجنرال,0.2191451542760443,0.2191451542760443
الاعلاميه توجهاتها,0.2191451542760443,0.2191451542760443
بالتطورات,0.2191451542760443,0.2191451542760443
الاعلاميه,0.2191451542760443,0.2191451542760443
فيما يخص,0.2191451542760443,0.2191451542760443
فيديو لابن,0.2191451542760443,0.2191451542760443
التفاصيل,0.2191451542760443,0.2191451542760443
المحامي ايت,0.2191451542760443,0.2191451542760443
الارسيدي المحامي,0.2191451542760443,0.2191451542760443
بامر المالك,0.2191451542760443,0.2191451542760443
بان ربراب,0.2191451542760443,0.2191451542760443
هكذا عنون,0.2191451542760443,0.2191451542760443
بامر مباشر,0.2191451542760443,0.2191451542760443
الاحزاب السياسيه,0.2191451542760443,0.2191451542760443
يتمتعوا,0.2191451542760443,0.2191451542760443
جيلالي سفيان,0.2191451542760443,0.2191451542760443
الارسيدي,0.2191451542760443,0.2191451542760443
الفعلي لشركه,0.2191451542760443,0.2191451542760443
ايت العربي,0.2191451542760443,0.2191451542760443
لتمضيه,0.2191451542760443,0.2191451542760443
لتدخلهم,0.2191451542760443,0.2191451542760443
لتمضيه العطله,0.2191451542760443,0.2191451542760443
الاعلامي,0.2191451542760443,0.2191451542760443
عنون موقع,0.2191451542760443,0.2191451542760443
العربي عسول,0.2191451542760443,0.2191451542760443
يتمتعوا بصفه,0.2191451542760443,0.2191451542760443
مسير,0.2191451542760443,0.2191451542760443
الرحمن ميره,0.2191451542760443,0.2191451542760443
اكد,0.2191451542760443,0.2191451542760443
عبد الرحمن,0.2191451542760443,0.2191451542760443
عنون,0.2191451542760443,0.2191451542760443
مصلحه الجنرال,0.2191451542760443,0.2191451542760443
ذكر السيد,0.2191451542760443,0.2191451542760443
ذكر ربراب,0.2191451542760443,0.2191451542760443
ذكره ربراب,0.2191451542760443,0.2191451542760443
الوجوه,0.2191451542760443,0.2191451542760443
تمويل,0.2191451542760443,0.2191451542760443
توفيق بارسال,0.2191451542760443,0.2191451542760443
الاعتراف,0.2191451542760443,0.2191451542760443
توفيق المهم,0.2191451542760443,0.2191451542760443
توجيه خطها,0.2191451542760443,0.2191451542760443
توجهاتها,0.2191451542760443,0.2191451542760443
لابن المجاهد,0.2191451542760443,0.2191451542760443
عباس مدني,0.2191451542760443,0.2191451542760443
تونس لتمضيه,0.2191451542760443,0.2191451542760443
توفيق هكذا,0.2191451542760443,0.2191451542760443
المجاهد عبد,0.2191451542760443,0.2191451542760443
المحامي,0.2191451542760443,0.2191451542760443
الوجوه المعارضه,0.2191451542760443,0.2191451542760443
المالك الفعلي,0.2191451542760443,0.2191451542760443
ابن المرحوم,0.2191451542760443,0.2191451542760443
الطفيليات السياسيه,0.2191451542760443,0.2191451542760443
الطفيليات,0.2191451542760443,0.2191451542760443
يبقوا يتمتعوا,0.2191451542760443,0.2191451542760443
بشراء قناه,0.2191451542760443,0.2191451542760443
مدام,0.2191033372090128,0.2191033372090128
البرلماني,-0.21859293152287054,0.21859293152287054
معمر,0.21849930090318664,0.21849930090318664
كل شيئ,0.2176700071947239,0.2176700071947239
المطلوب,0.21765780158406223,0.21765780158406223
وسمك,0.21752757576522253,0.21752757576522253
فريك اصلها,-0.21724452171150355,0.21724452171150355
قسنطينه والهضاب,-0.21724452171150355,0.21724452171150355
الاوراس,-0.21724452171150355,0.21724452171150355
كي كنت,-0.2172402764549474,0.2172402764549474
منهم,-0.21723201886866483,0.21723201886866483
البواقي,-0.21721955716523592,0.21721955716523592
وكاين,-0.21704937420583362,0.21704937420583362
ارض ارض,0.21690178293598994,0.21690178293598994
امير دي,0.21674102970920606,0.21674102970920606
الله عليه,0.21665716437458962,0.21665716437458962
خير يرحم,0.2157496113756005,0.2157496113756005
برنامج,0.21557225473690433,0.21557225473690433
نيك يماك,0.21533635490859634,0.21533635490859634
اعلى,-0.21527488105053813,0.21527488105053813
عجبتني,0.21486372945110455,0.21486372945110455
الله وبركاته,0.21447070626487058,0.21447070626487058
مثلا,-0.21407771344221208,0.21407771344221208
موتي المسلمين,-0.21383172053064117,0.21383172053064117
معاه,-0.21383138637549587,0.21383138637549587
الثوره,0.21371794015104065,0.21371794015104065
تزول,-0.21371549649729168,0.21371549649729168
ينقص,0.21270619453917355,0.21270619453917355
سرق,-0.21255508133116774,0.21255508133116774
ربراب كي,-0.2124535816619389,0.2124535816619389
حسابي,-0.21237104164336015,0.21237104164336015
خلوه يخدم,-0.21233817619088602,0.21233817619088602
بنفس,0.21197342131225605,0.21197342131225605
اطار,0.21157776466003628,0.21157776466003628
العظيم واتوب,0.21137999440391475,0.21137999440391475
مساعده,0.21050513873347376,0.21050513873347376
قناوات,-0.21044595925360993,0.21044595925360993
سيدك ربراب,-0.21034447041109738,0.21034447041109738
لصباح,0.2101863974375828,0.2101863974375828
الجزاءر العاصمه,0.2099260758482872,0.2099260758482872
مكانش لي,0.20946949981235835,0.20946949981235835
قدام,-0.20922007498934567,0.20922007498934567
انت كلب,0.20869003414961654,0.20869003414961654
دراهمهم,-0.20864301657738324,0.20864301657738324
اجل,0.20834527398762115,0.20834527398762115
ça,-0.20833930716617707,0.20833930716617707
نداء,-0.2082995465607778,0.2082995465607778
علينا,-0.20825276461345962,0.20825276461345962
اللهم انك,-0.20820945427085594,0.20820945427085594
يتبعو فيك,0.20818334311925932,0.20818334311925932
يامن,-0.20718017262153526,0.20718017262153526
وضحاها,0.20716595716643976,0.20716595716643976
قادر على,0.2064897386749445,0.2064897386749445
عل,0.20646149243203837,0.20646149243203837
القادر,-0.20602636264197818,0.20602636264197818
عبد القادر,-0.20602636264197818,0.20602636264197818
من كره,0.20579181465973356,0.20579181465973356
ما كثر,-0.2057882059862506,0.2057882059862506
يا زيطوط,0.20535545186997958,0.20535545186997958
هدره,0.20516499861094492,0.20516499861094492
يعبد,-0.20501200562736313,0.20501200562736313
التحرير,-0.2049705312912004,0.2049705312912004
ياتي,-0.2046042181262213,0.2046042181262213
كاس,-0.20381445817482613,0.20381445817482613
wahd,-0.2038033173600218,0.2038033173600218
هو الحل,-0.2036989879450043,0.2036989879450043
المكان,-0.203545152480123,0.203545152480123
اين,-0.20351648948209788,0.20351648948209788
الجمارك,-0.20294519559980628,0.20294519559980628
لدوله,-0.20275580397541437,0.20275580397541437
في هذا,0.2024820811928154,0.2024820811928154
صحفي,-0.20209749137003555,0.20209749137003555
جعل,-0.20196271160299256,0.20196271160299256
الله دوله,-0.20179637190262723,0.20179637190262723
فالعالم,-0.20178615579693177,0.20178615579693177
لبنات,0.2017498022059327,0.2017498022059327
اخوكم,0.2015477131697502,0.2015477131697502
كون جاء,0.20151118970344287,0.20151118970344287
شكيب,0.20123514969318276,0.20123514969318276
بالتوفيق يا,-0.20115973853060903,0.20115973853060903
يا الاحرار,-0.20101742664912256,0.20101742664912256
يدرسوا,-0.20055722544637147,0.20055722544637147
ولاد الكلبه,0.20052511696146627,0.20052511696146627
ضحيه,0.2004755334761663,0.2004755334761663
مزيا,0.19998346553077104,0.19998346553077104
نبكي,-0.19997231589973824,0.19997231589973824
بزيت,-0.19996303475891383,0.19996303475891383
نشر,-0.19989673080949466,0.19989673080949466
يتبعو,0.19934739074046448,0.19934739074046448
كذا منا,-0.1992063067845841,0.1992063067845841
يتقن,0.19893211901308075,0.19893211901308075
بلدي,-0.1988800761428735,0.1988800761428735
وكره كره,-0.19881406964603318,0.19881406964603318
معطوب لوناس,0.19850384000292207,0.19850384000292207
ايه,0.19806606234456106,0.19806606234456106
در,0.19756364472419088,0.19756364472419088
ني معاك,0.19750340047811096,0.19750340047811096
الوزراء,0.19738355156073994,0.19738355156073994
wallah,0.19737226284476594,0.19737226284476594
بينا,-0.19722307277223755,0.19722307277223755
الزعيم,-0.19650686322308158,0.19650686322308158
الاخرين,-0.19624500379881565,0.19624500379881565
انتم يا,0.19589385203328916,0.19589385203328916
الخاءن توفيق,0.19583434040422845,0.19583434040422845
ميقدرش,0.19550962941281755,0.19550962941281755
علي حداد,0.19532822267717792,0.19532822267717792
امشو,0.1951482037183749,0.1951482037183749
البلا والبراكين,-0.1950142722455164,0.1950142722455164
عنا البلا,-0.1950142722455164,0.1950142722455164
تاكدت,-0.19478822462404471,0.19478822462404471
زوج,-0.1947063282276514,0.1947063282276514
تفوت,0.19460736246870627,0.19460736246870627
امير بوخرص,-0.1945839027729374,0.1945839027729374
يا خنزير,0.19453390576469418,0.19453390576469418
جاي,0.19434414661917118,0.19434414661917118
نتا هو,-0.19410747739245088,0.19410747739245088
جي دورونج,-0.19403130833728494,0.19403130833728494
دورونج تاع,-0.19403130833728494,0.19403130833728494
نوبل,0.19381285459298564,0.19381285459298564
العربي زيتوت,0.19376268974051594,0.19376268974051594
تعب,-0.19375359951672946,0.19375359951672946
la,0.19347205877313756,0.19347205877313756
المره,0.1934307392710805,0.1934307392710805
تعريف,-0.19332536819169,0.19332536819169
هاجر,0.19249756969100837,0.19249756969100837
في الايام,-0.19092733000204878,0.19092733000204878
حكام,0.19069712922186974,0.19069712922186974
تهمه,0.19060996943610942,0.19060996943610942
فيها في,0.19049965503349386,0.19049965503349386
الف شخص,-0.19020196684023905,0.19020196684023905
عايشين في,-0.18995402135935155,0.18995402135935155
gaa3,0.18993837973160593,0.18993837973160593
كبار,-0.18980454507785377,0.18980454507785377
اينما,-0.18939981798362088,0.18939981798362088
الارقام,0.18939121778949194,0.18939121778949194
داروها,0.18920205313649266,0.18920205313649266
الخزره,0.1891946553424914,0.1891946553424914
لياسما,0.18916466615421826,0.18916466615421826
معطوب,0.1887930330345669,0.1887930330345669
مليون,-0.18877654561877427,0.18877654561877427
لصحه,-0.1886390982126572,0.1886390982126572
الايدي,-0.1885681385382141,0.1885681385382141
عشت,0.1884380196406941,0.1884380196406941
ga3,-0.18801682938163788,0.18801682938163788
حاجا,0.18775677598748147,0.18775677598748147
كارت,0.18709189657017378,0.18709189657017378
باعتقال,0.18691268653414492,0.18691268653414492
طايح,0.18687613634188668,0.18687613634188668
تعليقات,-0.1868284369423747,0.1868284369423747
ماهو,-0.18651746751194692,0.18651746751194692
وغيرها من,-0.18634184293129968,0.18634184293129968
يخدم بلادو,0.18617251667085827,0.18617251667085827
مناصب العمل,0.1860550199993806,0.1860550199993806
جاءزه,0.18581409675009114,0.18581409675009114
جاءزه نوبل,0.18581409675009114,0.18581409675009114
رفع,0.18568294584437542,0.18568294584437542
اله وبركاته,0.18552171750377677,0.18552171750377677
بعض,0.18549599365273897,0.18549599365273897
متر,0.18545412583827403,0.18545412583827403
من الله,0.18482968498801028,0.18482968498801028
تقرير الطبيب,-0.1847469321190792,0.1847469321190792
في العالم,0.18461174925894186,0.18461174925894186
ولالا,-0.1842780851411539,0.1842780851411539
كلب الروم,0.1840910693465224,0.1840910693465224
على لي,-0.18404201550390997,0.18404201550390997
علابالو,-0.18340900381213207,0.18340900381213207
اله دوله,-0.18339149534247223,0.18339149534247223
بمجرد,0.1832638956040523,0.1832638956040523
فوات,0.18320506142983456,0.18320506142983456
فوات الاوان,0.18320506142983456,0.18320506142983456
الاوان,0.18320506142983456,0.18320506142983456
جزاك الله,0.18309438981984122,0.18309438981984122
مصلحه,0.18308514295234793,0.18308514295234793
الصحافه الاستقصاءيه,-0.182990529886279,0.182990529886279
عس ختك,0.18288842733024457,0.18288842733024457
تسقط العصابه,-0.182176960442201,0.182176960442201
يلقا,0.18197919852203553,0.18197919852203553
النيه,0.18194409940333184,0.18194409940333184
نقولو,0.18182761263744998,0.18182761263744998
ايران ساكن,0.1816634690886426,0.1816634690886426
تحرك ايران,0.1816634690886426,0.1816634690886426
طلبت ايران,0.1816634690886426,0.1816634690886426
نقرا,-0.1813197693034335,0.1813197693034335
بقي,0.1811181208854606,0.1811181208854606
ونك,0.18079161676715666,0.18079161676715666
ملي,0.1807261672924973,0.1807261672924973
اصبحنا,0.18068555492489236,0.18068555492489236
عبد المالك,0.17965321462996944,0.17965321462996944
الاولد,-0.17960656924107218,0.17960656924107218
سروالك,-0.17900321251642157,0.17900321251642157
يا قحبه,0.17898931071856702,0.17898931071856702
واتوب اليه,-0.1787646191465198,0.1787646191465198
فوور,0.1786503128380234,0.1786503128380234
باع,-0.17856026421538568,0.17856026421538568
في كلش,-0.17822998405163795,0.17822998405163795
معاكم,0.17819968687663804,0.17819968687663804
فاير,0.17817406559203555,0.17817406559203555
وجه الرخس,0.17807778743612232,0.17807778743612232
اله سبحانه,0.17792623563581722,0.17792623563581722
بوحده,0.17752540018335508,0.17752540018335508
mca,-0.17745684703383865,0.17745684703383865
كيف,-0.17743231232636283,0.17743231232636283
اله خير,-0.17741097450416177,0.17741097450416177
او اي,0.17735421555279257,0.17735421555279257
توريلنا,0.17633469305366908,0.17633469305366908
بلا ما,-0.17608410217585593,0.17608410217585593
السلميه,0.17587683558869094,0.17587683558869094
ah,-0.1757344314327954,0.1757344314327954
وشي لي,-0.1754914230078796,0.1754914230078796
ايمازيغن,0.17547964353298726,0.17547964353298726
القدر,0.1754277341729683,0.1754277341729683
قتل,0.1752635958093401,0.1752635958093401
لا شريك,-0.17508257459251722,0.17508257459251722
شريك له,-0.17508257459251722,0.17508257459251722
بشراء,-0.17497369676157778,0.17497369676157778
ميقدر,-0.17457260073634379,0.17457260073634379
ربي يقدر,-0.1741868344425022,0.1741868344425022
يخلطوها,0.1739558576947429,0.1739558576947429
سوره الاسراء,-0.17384363774231093,0.17384363774231093
الحلال,-0.173436312480453,0.173436312480453
لشهر,-0.17315266185175412,0.17315266185175412
راك باغي,0.172956132446949,0.172956132446949
كامل,0.17290875628482844,0.17290875628482844
ورحمه اله,-0.17255963844319666,0.17255963844319666
مجامله,-0.17186357861189022,0.17186357861189022
من طرف,0.17172984481594528,0.17172984481594528
وجاي,0.17100426685506528,0.17100426685506528
الارضيه,0.17086292353133214,0.17086292353133214
الفقر,-0.17061476078430712,0.17061476078430712
ربي ينصرك,0.16984368543587167,0.16984368543587167
كان,0.16970757156805177,0.16970757156805177
نقاشا,-0.16967337222285153,0.16967337222285153
فلكل,-0.16967337222285153,0.16967337222285153
فلكل شخص,-0.16967337222285153,0.16967337222285153
حريه انتقاد,-0.16967337222285153,0.16967337222285153
انتقاد,-0.16967337222285153,0.16967337222285153
انتقاد الاخرين,-0.16967337222285153,0.16967337222285153
فيكم,0.16937647315853613,0.16937647315853613
howa,0.16919689202584906,0.16919689202584906
معرفه,-0.16913605011394633,0.16913605011394633
الذى,0.1688163334633029,0.1688163334633029
روحك بلي,0.16835685720413346,0.16835685720413346
وحش,0.16834419801578226,0.16834419801578226
علا خاطر,-0.1678212431676607,0.1678212431676607
واكثر,0.16753854871340498,0.16753854871340498
العسكر مكانش,0.1672595586035479,0.1672595586035479
عبود,-0.1669140461800344,0.1669140461800344
حسن,0.16667670019242317,0.16667670019242317
يجب ان,-0.1665448380729875,0.1665448380729875
شخص,0.1664210177402929,0.1664210177402929
ارواح هنا,-0.16626968896381542,0.16626968896381542
سبيل,-0.16603854916972705,0.16603854916972705
لي كانو,-0.16581551619792603,0.16581551619792603
نفس,0.1657659737886144,0.1657659737886144
سروال,0.16545946573244777,0.16545946573244777
يكبر,0.16498609364589914,0.16498609364589914
برك,0.16486645271061026,0.16486645271061026
عصرنا,-0.16417828914676114,0.16417828914676114
ينهض,-0.16417828914676114,0.16417828914676114
لدي,0.16411394347965044,0.16411394347965044
حل,0.1639940014078002,0.1639940014078002
سترك يارب,-0.16389389021030476,0.16389389021030476
سترك,-0.16389389021030476,0.16389389021030476
التركيز,0.16370153662450299,0.16370153662450299
شعري,-0.16356654492767617,0.16356654492767617
معاك,-0.16346704826991748,0.16346704826991748
موقع الجزاءر,0.1632820790025149,0.1632820790025149
استطيع,0.16270764192840967,0.16270764192840967
يخسرلك,-0.1626518617620786,0.1626518617620786
الحدوديه,-0.16246324552122832,0.16246324552122832
شيخ,-0.16220015333237262,0.16220015333237262
رءيسهم,-0.1621401144340818,0.1621401144340818
حريه اختيار,-0.16169314877991586,0.16169314877991586
ترحلوا,0.16136685363800385,0.16136685363800385
ردو بالكم,0.16119523256866222,0.16119523256866222
يهديك,-0.16116072173169527,0.16116072173169527
يطبق,-0.16112733282025957,0.16112733282025957
البلاء والبراكين,-0.16034716445489056,0.16034716445489056
عنا البلاء,-0.16034716445489056,0.16034716445489056
بهدلتو برواحكم,0.16016423950300432,0.16016423950300432
اقرب,-0.15992817446393479,0.15992817446393479
شي,0.159917806258746,0.159917806258746
مزال كاين,0.1597676402844776,0.1597676402844776
يوم الدين,0.15939216881506138,0.15939216881506138
يعرفو,0.1593344885313281,0.1593344885313281
من غير,-0.15895233871655506,0.15895233871655506
مجموعه,0.1581681042626674,0.1581681042626674
اسمع,0.15787729007443738,0.15787729007443738
انكر,-0.1575415929076607,0.1575415929076607
سلاله,-0.1575231573138747,0.1575231573138747
فيروس,-0.15704477125716418,0.15704477125716418
ولا قوه,-0.15703414365660856,0.15703414365660856
راشي,0.15698932334263443,0.15698932334263443
يخرجوا,0.1560009834047296,0.1560009834047296
كلكار,-0.1555614358426505,0.1555614358426505
يديرو فتنه,0.1555418584832824,0.1555418584832824
مصنف,0.1555418584832824,0.1555418584832824
بلي توقيفو,0.1555418584832824,0.1555418584832824
تاع الشارع,0.1555418584832824,0.1555418584832824
عليهم الضغط,0.1555418584832824,0.1555418584832824
ينقص عليهم,0.1555418584832824,0.1555418584832824
كرطوش بقا,0.1555418584832824,0.1555418584832824
كرطوش,0.1555418584832824,0.1555418584832824
تقدر تسلك,0.1555418584832824,0.1555418584832824
راه مصنف,0.1555418584832824,0.1555418584832824
كون واعي,0.1555418584832824,0.1555418584832824
يجيب حقو,0.1555418584832824,0.1555418584832824
باسيف,0.1555418584832824,0.1555418584832824
سلك واش,0.1555418584832824,0.1555418584832824
الشعب باه,0.1555418584832824,0.1555418584832824
بكر,0.1554316523446704,0.1554316523446704
مخابراتها,-0.15535193480405762,0.15535193480405762
سعداء,-0.1552983202003125,0.1552983202003125
حصه,-0.15502655555319952,0.15502655555319952
قرون,0.1541439611975064,0.1541439611975064
ملايكه,-0.1534570055670569,0.1534570055670569
هذ,-0.15336916172752435,0.15336916172752435
تحرير,-0.15335898282867755,0.15335898282867755
فالحريه,-0.15333425188710836,0.15333425188710836
قاعد,0.15330631536408473,0.15330631536408473
ذو,-0.15294375562303938,0.15294375562303938
بكوندور,-0.15286657784566424,0.15286657784566424
الاعلام,-0.15269820218440625,0.15269820218440625
في بلاد,0.15265087184614695,0.15265087184614695
الرءيس,-0.15257911095385088,0.15257911095385088
مندير,0.15242072270381357,0.15242072270381357
نلعب فري,-0.15224221334414575,0.15224221334414575
نذكر,0.15207281377370238,0.15207281377370238
برامج,-0.15193991993964204,0.15193991993964204
رياض الجنه,0.1519215355925925,0.1519215355925925
روضه,0.1519215355925925,0.1519215355925925
تكمل,-0.151885643965867,0.151885643965867
الامه,-0.15175363282810284,0.15175363282810284
والباقي,0.15163600717277584,0.15163600717277584
يماك يا,0.15141339766405257,0.15141339766405257
تاجر,0.1509508422597777,0.1509508422597777
عقاب,0.15089486973529975,0.15089486973529975
الحمراء,-0.15068562485804587,0.15068562485804587
هو,-0.1503560380718893,0.1503560380718893
الرفاهيه,0.14991668370403485,0.14991668370403485
راني غالط,0.14986396567169244,0.14986396567169244
شء مكن,-0.14920859954733706,0.14920859954733706
رجال,-0.1490501712722341,0.1490501712722341
الله في,-0.14900773614831153,0.14900773614831153
نار,-0.14840586613754786,0.14840586613754786
حداد واويحي,0.14817454402397118,0.14817454402397118
جزاك اله,-0.1481698929478471,0.1481698929478471
يا بوحنيكه,0.14793476788019583,0.14793476788019583
بوحنيكه,0.14793476788019583,0.14793476788019583
راك خايف,0.14763729235688744,0.14763729235688744
الناس من,-0.1472159601663189,0.1472159601663189
الحرار,-0.1466773027957001,0.1466773027957001
واقف,0.1462952401404545,0.1462952401404545
win,-0.14627539957197924,0.14627539957197924
ترتيب,-0.1448940152534945,0.1448940152534945
الفايسبوك,0.14473074856276794,0.14473074856276794
ويجي,-0.1446844984524143,0.1446844984524143
ويرحم روح,0.1446615827834989,0.1446615827834989
اله الا,-0.14466076920535345,0.14466076920535345
ثاني,-0.14408829251372948,0.14408829251372948
vive,0.14393412349363782,0.14393412349363782
هذا الطفل,-0.14371751627636936,0.14371751627636936
حقروهم حبسولهم,0.1430957239671649,0.1430957239671649
حبسولهم,0.1430957239671649,0.1430957239671649
القباءل حقروهم,0.1430957239671649,0.1430957239671649
حقروهم,0.1430957239671649,0.1430957239671649
بوتفليقه,0.14287435905301243,0.14287435905301243
نهار كامل,0.14221985389097594,0.14221985389097594
الفنادق,0.1420600543325552,0.1420600543325552
اداره,-0.1416681140626486,0.1416681140626486
بيع بروند,-0.1415090345574724,0.1415090345574724
تحكيو,0.14101654572177685,0.14101654572177685
يا رب,-0.14035504080238662,0.14035504080238662
ام البواقي,-0.14035265210125214,0.14035265210125214
دار القدس,-0.13939661076067628,0.13939661076067628
لقبايل,0.13926903362541623,0.13926903362541623
لا علاقه,0.13921924595594815,0.13921924595594815
frites omelette,-0.13904405822666044,0.13904405822666044
مكاش لي,0.1388323485409068,0.1388323485409068
حريته,-0.13882743307892592,0.13882743307892592
عذاب,-0.13863619158435875,0.13863619158435875
كلو,-0.13850980724743858,0.13850980724743858
شريت اله,-0.13850980724743858,0.13850980724743858
كلو براند,-0.13850980724743858,0.13850980724743858
اهل العزم,-0.1379693486927062,0.1379693486927062
استاذ يرحم,0.1377049442446975,0.1377049442446975
قابل,0.13761931227815816,0.13761931227815816
ياخويا,-0.1372379276261763,0.1372379276261763
نحي,0.13688173516962762,0.13688173516962762
شحال,0.13678367178244258,0.13678367178244258
دورها,0.13636204868746704,0.13636204868746704
ونحن,-0.1363318068863165,0.1363318068863165
وليد,-0.13626535188365382,0.13626535188365382
قيود,-0.1362355716557578,0.1362355716557578
خطاب,-0.13615948290288118,0.13615948290288118
واله يرحم,0.13591712907148987,0.13591712907148987
المسؤولين,-0.13546915868810022,0.13546915868810022
من عندكم,0.1354410870325438,0.1354410870325438
انشاء الله,0.13518693012008295,0.13518693012008295
تعد وتعتبر,-0.13506607521749753,0.13506607521749753
وله,-0.13456190986459565,0.13456190986459565
اله يقوي,-0.13393431878848164,0.13393431878848164
وبارك الله,-0.13383281424157933,0.13383281424157933
مشاء اله,-0.13367573709408884,0.13367573709408884
القيامه,-0.13367138647443735,0.13367138647443735
ديرو,0.13335446487191044,0.13335446487191044
اكبر كلب,0.13330513845361772,0.13330513845361772
محلات,-0.13329033174929691,0.13329033174929691
والرزق,-0.13304453569781313,0.13304453569781313
يعتقل,-0.13298800614999998,0.13298800614999998
الاسم,0.13291897418017756,0.13291897418017756
اظن ان,-0.13248591438651558,0.13248591438651558
واله يا,0.1324745081187207,0.1324745081187207
يبقى,-0.13246671491734693,0.13246671491734693
مراض,-0.13217870335470483,0.13217870335470483
تلفاز بروند,-0.13213109935159428,0.13213109935159428
البلده,-0.1320620299332783,0.1320620299332783
خرجو,-0.13143062691143642,0.13143062691143642
ايي,0.13126084176345595,0.13126084176345595
يرحمه ويسكنه,-0.13094731759180417,0.13094731759180417
فيديوات,0.13087746060527386,0.13087746060527386
على,0.13047964790885533,0.13047964790885533
والنميمه,-0.1303411855708884,0.1303411855708884
مهمه,0.1296607131878779,0.1296607131878779
عضم,-0.1296424648154964,0.1296424648154964
لشهر رمضان,-0.12899256129384615,0.12899256129384615
تخرجو,0.12839681626304483,0.12839681626304483
كانو,0.1283754915926792,0.1283754915926792
كي تكون,-0.1278730841981415,0.1278730841981415
ربي يخلص,-0.12774708744729793,0.12774708744729793
راك تحكي,-0.12772572598122497,0.12772572598122497
يخمم على,0.12760337356776522,0.12760337356776522
مسلمين,0.1272511394235157,0.1272511394235157
قوما,0.12707846789845303,0.12707846789845303
من اهل,-0.12695773262483767,0.12695773262483767
شئ ممكن,-0.12654014878358755,0.12654014878358755
حنا يا,-0.1263660674723136,0.1263660674723136
اله يهدي,-0.12616930633986898,0.12616930633986898
امرا,-0.12604329520845148,0.12604329520845148
بن,0.1259189290926199,0.1259189290926199
معندهاش,-0.12578901526265476,0.12578901526265476
شكرا على,-0.12567886466621986,0.12567886466621986
القبايل رجال,0.12542149253409907,0.12542149253409907
وجعله,-0.12531769172652346,0.12531769172652346
حي اله,0.12529800890314774,0.12529800890314774
ماراهيش,0.12526057699959975,0.12526057699959975
عصرنا هذا,-0.12522517802282218,0.12522517802282218
في عصرنا,-0.12522517802282218,0.12522517802282218
ونتو,0.12513144742598625,0.12513144742598625
ولد عباس,-0.1250792471759025,0.1250792471759025
نحبو,-0.12467487688970598,0.12467487688970598
على الوطن,-0.12463803411265795,0.12463803411265795
فوطا,-0.12410690033099414,0.12410690033099414
اعمال,0.12407267268138633,0.12407267268138633
هاذو كامل,0.12404428882704817,0.12404428882704817
40 مليون,0.12396970063551155,0.12396970063551155
الارباح,-0.12359959853305441,0.12359959853305441
يهمل,0.12277391879805015,0.12277391879805015
بالدولار,-0.12212503863214685,0.12212503863214685
تكمل كيما,-0.12209782325361615,0.12209782325361615
لذا,-0.12202342412522381,0.12202342412522381
ملف,-0.12188746042557276,0.12188746042557276
تقبل,-0.12171209748715056,0.12171209748715056
ساكن طلبت,0.12110897939242866,0.12110897939242866
البحرين,0.12110897939242866,0.12110897939242866
باكملها,0.12071037585963866,0.12071037585963866
الحريه تعد,-0.12066745611905759,0.12066745611905759
يمر,-0.12055336062058356,0.12055336062058356
رايهم,-0.1203319084916035,0.1203319084916035
قاره,0.1202871650266171,0.1202871650266171
وقلا,0.12027745964556777,0.12027745964556777
ماش,-0.12019848775413387,0.12019848775413387
فواتير,0.12000366674660218,0.12000366674660218
المجيد,-0.11941537736400021,0.11941537736400021
وزير الدفاع,-0.11941537736400021,0.11941537736400021
عبد المجيد,-0.11941537736400021,0.11941537736400021
moulodia,-0.1192330663012019,0.1192330663012019
مشاء,-0.11922892009937643,0.11922892009937643
تكوين,0.11915422225404416,0.11915422225404416
نقابل,-0.11908552345358174,0.11908552345358174
الجزيره,0.11751476984636772,0.11751476984636772
والف,0.11736516737117257,0.11736516737117257
كي تروح,-0.11728712318176436,0.11728712318176436
ربي يهدينا,0.11700596771173348,0.11700596771173348
لكن,0.11658975593478436,0.11658975593478436
نيك حتشون,0.11637541756417677,0.11637541756417677
نضحكو,-0.11625625569521043,0.11625625569521043
قائمه,-0.11620950211482467,0.11620950211482467
الدوله العميقه,-0.11605280218444675,0.11605280218444675
مطلبنا,-0.11605280218444675,0.11605280218444675
رحنا,-0.11491631569059284,0.11491631569059284
اذا راك,-0.11471297353513976,0.11471297353513976
هاذوا,-0.11446822761741371,0.11446822761741371
معطوب شهيد,0.11415637758703094,0.11415637758703094
حكيم,0.11393247712940442,0.11393247712940442
رانا كامل,0.1138532278551842,0.1138532278551842
في افريقيا,0.11344185671122224,0.11344185671122224
لبن,-0.113355202129737,0.113355202129737
منذ,-0.11321490521772845,0.11321490521772845
التالق,-0.11284356500083212,0.11284356500083212
الجيده,-0.11280671058173947,0.11280671058173947
يسترك,-0.11198752464044304,0.11198752464044304
عرق,0.11194231746777536,0.11194231746777536
تتصور,0.111941685631792,0.111941685631792
تلعب بعيد,0.11178980474259059,0.11178980474259059
الشرطه,0.11108662557967593,0.11108662557967593
بيه,0.11081696097899947,0.11081696097899947
ربراب لانه,0.11065523399545703,0.11065523399545703
يفعله,-0.110490423530153,0.110490423530153
الله كل,0.1101700907336105,0.1101700907336105
كامله,0.11002676485064809,0.11002676485064809
البليده,-0.10994053843056174,0.10994053843056174
الوسط,0.10991292171381721,0.10991292171381721
machi,0.1098271686753657,0.1098271686753657
فينا,-0.10965008238501929,0.10965008238501929
في بلادك,-0.10957777791403855,0.10957777791403855
سمعناه,-0.10930607332877504,0.10930607332877504
الدوله,-0.10869759987221758,0.10869759987221758
معقد,-0.10863409467655208,0.10863409467655208
دام,-0.10858347325526023,0.10858347325526023
قليل,0.10806522760980111,0.10806522760980111
ارسال,-0.10801548199021722,0.10801548199021722
ala,-0.10789599171794953,0.10789599171794953
ثبت,-0.10780313687710953,0.10780313687710953
كثر من,-0.10751665207625749,0.10751665207625749
لي غلط,0.10697461295881701,0.10697461295881701
ارجو,-0.1068036171592188,0.1068036171592188
الله يا,0.10671849531877463,0.10671849531877463
هدوك,0.10592646119367903,0.10592646119367903
على الناس,0.10571357692000485,0.10571357692000485
nas,0.10567781589492951,0.10567781589492951
يا بقره,0.10540217568092201,0.10540217568092201
لم,-0.10446304061339051,0.10446304061339051
الراي,0.10433418332521523,0.10433418332521523
رهم,-0.10390026095200171,0.10390026095200171
بسوء,-0.10360866446764168,0.10360866446764168
نيس,-0.10340448603106771,0.10340448603106771
حجا,-0.10283281437579983,0.10283281437579983
جمهوريه,-0.10260736053225364,0.10260736053225364
لشعب الجزاءري,-0.1025538154493232,0.1025538154493232
عرف,-0.1025042671189527,0.1025042671189527
هب,0.1019494315762151,0.1019494315762151
يا كرف,0.10190363424845628,0.10190363424845628
القضاء,0.10189443246120002,0.10189443246120002
ماظهر,-0.10180993394699772,0.10180993394699772
ولايه غليزان,-0.10136962671417961,0.10136962671417961
جزاك,0.10128736249104768,0.10128736249104768
في المجتمع,-0.10098293704093518,0.10098293704093518
وبعد,-0.10059038247905336,0.10059038247905336
سفيان,0.10052543504348463,0.10052543504348463
اله سلم,-0.10031874711347331,0.10031874711347331
هاذا,-0.10019489047401736,0.10019489047401736
بانه,-0.10013499229338145,0.10013499229338145
انت كنت,-0.09991792266200822,0.09991792266200822
tout,0.09921645309116091,0.09921645309116091
الهم اني,-0.09889423413504124,0.09889423413504124
العراق,-0.09865444386276111,0.09865444386276111
من والى,-0.0985281194794117,0.0985281194794117
الباب,0.0985045919314095,0.0985045919314095
واعي,-0.0984334032404447,0.0984334032404447
قام به,0.09837795657252757,0.09837795657252757
وكريم,0.09820415524674515,0.09820415524674515
الملايير,-0.0979027499415881,0.0979027499415881
ماقستهاش,-0.09785158992357976,0.09785158992357976
ضدهم,-0.09764475604517017,0.09764475604517017
المسجد,-0.09749088213589611,0.09749088213589611
نتاعو,-0.09740665386438854,0.09740665386438854
وبارك,-0.0973666715538084,0.0973666715538084
مبادره,0.09724142786415021,0.09724142786415021
فمن,-0.09701077363843985,0.09701077363843985
ماديا,-0.09652132210927727,0.09652132210927727
مباركه,-0.09573755762633171,0.09573755762633171
والو,0.09510802716890053,0.09510802716890053
كنتو,-0.0949995388388145,0.0949995388388145
ايبا,0.0946289198924964,0.0946289198924964
مكان,0.09424787484845432,0.09424787484845432
شهداء,0.0938733509390648,0.0938733509390648
نسمع الراي,-0.09352922193771743,0.09352922193771743
بادن اله,0.09309519701234133,0.09309519701234133
قطره,-0.09293848583800556,0.09293848583800556
يشفيه,0.09289089361170291,0.09289089361170291
الحمد لله,-0.09278968251071108,0.09278968251071108
نستطيع ان,-0.09272892627832137,0.09272892627832137
كل هذه,-0.09267319124032179,0.09267319124032179
كانهم,0.09225930482921663,0.09225930482921663
هو الي,-0.0921774082939127,0.0921774082939127
السنوات,-0.09203155408795388,0.09203155408795388
الخدمه,0.09168021963440466,0.09168021963440466
تقود كي,0.09166254568179338,0.09166254568179338
raki,-0.0912369147018507,0.0912369147018507
عليكم كاش,-0.09106995824879913,0.09106995824879913
نبغي,0.09088848131154972,0.09088848131154972
فرنسا يا,0.09088151636548486,0.09088151636548486
الزلزال,-0.0908676250438123,0.0908676250438123
احشمو,0.0908659958065976,0.0908659958065976
ناشط,-0.09064150526689842,0.09064150526689842
ابقا,0.08992189099052267,0.08992189099052267
تاتي,0.08992018795304926,0.08992018795304926
شريكي,-0.0898321974840085,0.0898321974840085
انشاء اله,0.0896651024955404,0.0896651024955404
الكوكاين,-0.08951086974223713,0.08951086974223713
سبب,-0.08923707269303979,0.08923707269303979
القايد صالح,0.08910351643886257,0.08910351643886257
يبارك مبروك,-0.08906481495106457,0.08906481495106457
مصروف,0.08898646908086331,0.08898646908086331
عليكم خاوتي,0.08895142493818547,0.08895142493818547
الصحافه الاستقصائيه,-0.08868053355920309,0.08868053355920309
وكون,0.088233345983037,0.088233345983037
وجوه زبي,0.08805120877408437,0.08805120877408437
ذلك الحق,-0.08784283019505675,0.08784283019505675
انت فخر,0.08771846907983694,0.08771846907983694
ياخي نقش,0.08746377089947752,0.08746377089947752
دالك,-0.0867776337531342,0.0867776337531342
وبركاته,-0.08676928716398263,0.08676928716398263
ترامب,-0.08642446519072322,0.08642446519072322
تطلب,-0.08637552784491664,0.08637552784491664
te,-0.08626115614395402,0.08626115614395402
راهم يديرو,-0.0861383375528316,0.0861383375528316
معجبوش,0.08557472022031293,0.08557472022031293
ويحفظ,-0.08554666515291776,0.08554666515291776
مزيدا من,-0.08513746781278253,0.08513746781278253
ويحميك,0.08509196696716467,0.08509196696716467
يحفظ,-0.08487662688318567,0.08487662688318567
يا بهايم,0.08470641143797131,0.08470641143797131
وعميل,-0.08466122164827623,0.08466122164827623
وانتا,0.08420331593141046,0.08420331593141046
فاشله,0.0838696447278115,0.0838696447278115
رسول الله,-0.08372116003897322,0.08372116003897322
يعينك,0.08322045663506256,0.08322045663506256
توقف,0.08299403903956559,0.08299403903956559
شوفي,-0.08261703902907709,0.08261703902907709
عربي شاوي,0.08259625967130597,0.08259625967130597
لما,-0.08208326923115815,0.08208326923115815
واش كاين,0.08153230226169231,0.08153230226169231
من كل,0.08111375748147648,0.08111375748147648
صدق الله,0.0809450875298847,0.0809450875298847
استعمال,-0.08066711602168768,0.08066711602168768
من العصابه,-0.08059526411199054,0.08059526411199054
الشراب,0.08048361488274797,0.08048361488274797
الحساد,-0.08005146861292685,0.08005146861292685
ماراهش,-0.07997497378845883,0.07997497378845883
كلف,-0.07982816712218434,0.07982816712218434
يرحمك خويا,-0.07982669020043869,0.07982669020043869
واحد فيهم,0.079687377259054,0.079687377259054
اصبحت,-0.0796379228217117,0.0796379228217117
لحيوط,0.07947863361536603,0.07947863361536603
اشد القتل,-0.07931275267547884,0.07931275267547884
يجازيك خير,0.0792317104261558,0.0792317104261558
المشكل مشي,-0.07889835995262912,0.07889835995262912
حمد الله,-0.07853572155181876,0.07853572155181876
سوه تاع,0.07853494473958121,0.07853494473958121
ورحمه الله,0.07852200385614458,0.07852200385614458
خاطر,0.07843902098780417,0.07843902098780417
الا في,-0.07796497679006067,0.07796497679006067
الحمد اله,-0.07763074837715275,0.07763074837715275
يرحلوا,-0.07757325417171004,0.07757325417171004
قاعدين,0.07710551716363977,0.07710551716363977
فينا قضاءك,-0.07709685985736697,0.07709685985736697
الفقراء عبيدك,-0.07709685985736697,0.07709685985736697
ملجا منجا,-0.07709685985736697,0.07709685985736697
الهم انك,-0.07709685985736697,0.07709685985736697
اليك الهم,-0.07709685985736697,0.07709685985736697
قضاءك ملجا,-0.07709685985736697,0.07709685985736697
الهم ادفع,-0.07709685985736697,0.07709685985736697
قد,0.0768990961674076,0.0768990961674076
يا كوندور,-0.07684739764239423,0.07684739764239423
الوالد الكريم,-0.0767925474759157,0.0767925474759157
اواه,-0.07672021472672465,0.07672021472672465
اريد ان,-0.07656876572877332,0.07656876572877332
اختفاء,0.07628471760181318,0.07628471760181318
تلفون كوندور,-0.07623199419006277,0.07623199419006277
بلاد سيادك,0.07614065267398118,0.07614065267398118
منذ سنوات,0.07564955811799656,0.07564955811799656
مصداقيه,0.07564898440407787,0.07564898440407787
نصيب,-0.07549626432581237,0.07549626432581237
فايسبوك,-0.07519318174219199,0.07519318174219199
نبنوا,0.07513304870824318,0.07513304870824318
يدخل,-0.07457631632241761,0.07457631632241761
العقيد,-0.07454763719812071,0.07454763719812071
هشام,-0.07429927764346729,0.07429927764346729
فرنسا الزواف,0.07427084609600863,0.07427084609600863
اهراس,-0.07415802424819672,0.07415802424819672
سوق اهراس,-0.07415802424819672,0.07415802424819672
الرسول صل,0.07398017978067212,0.07398017978067212
السيارات,-0.07393546570114098,0.07393546570114098
في هذه,-0.07383234251334521,0.07383234251334521
العالم كله,0.0738318565650308,0.0738318565650308
بطاطا,-0.07381462763797385,0.07381462763797385
undefined undefined,0.07376207217233768,0.07376207217233768
سلعه,0.07359373811699825,0.07359373811699825
شاءالله,0.07357329051948833,0.07357329051948833
ان شاءالله,0.07357329051948833,0.07357329051948833
فئه,-0.0732953257396006,0.0732953257396006
بالسيف,0.07315386552372766,0.07315386552372766
وينتا,-0.07308918929437405,0.07308918929437405
يقحب,0.07267235653070267,0.07267235653070267
تعطي بعيد,0.07241861431751988,0.07241861431751988
قناه,-0.07226307533083552,0.07226307533083552
مانزيدش,-0.0720109863354602,0.0720109863354602
القانون فوق,0.0719779132601733,0.0719779132601733
باغين,-0.07141140138076434,0.07141140138076434
مشي,-0.07138077148330237,0.07138077148330237
تقود يا,0.07112301606012376,0.07112301606012376
خروج,-0.07109554115465874,0.07109554115465874
فريت اومليت,-0.07095328002899333,0.07095328002899333
فيك كي,0.07045883184977592,0.07045883184977592
علاش,0.07005447481482213,0.07005447481482213
عقولكم,0.06988709912676586,0.06988709912676586
ودوله,-0.06874295643749176,0.06874295643749176
نسكن في,0.06869051580951525,0.06869051580951525
الجزاءريه,0.0686398910906783,0.0686398910906783
اي واحد,0.068579516584658,0.068579516584658
les,-0.06828736843920015,0.06828736843920015
مين,-0.06804739758634488,0.06804739758634488
هب هب,0.06796628771747676,0.06796628771747676
علامه,0.0678266924057145,0.0678266924057145
وكل,0.06738014094645657,0.06738014094645657
لاه,0.06719078844155356,0.06719078844155356
معطوب قال,0.06705738733147933,0.06705738733147933
البوشي,-0.06705052913780386,0.06705052913780386
منعرف,0.06592195027650596,0.06592195027650596
الاوامر,-0.06583890277339739,0.06583890277339739
في نفس,-0.06565277351745068,0.06565277351745068
كل شخص,0.06540112770938687,0.06540112770938687
محبوش,0.06532540717222299,0.06532540717222299
كما ان,0.0649995008529443,0.0649995008529443
مو,0.06412386894459352,0.06412386894459352
ناجحه,0.06352260710088366,0.06352260710088366
الله يرحموا,0.06350978597061063,0.06350978597061063
صدق اله,-0.0631110560125925,0.0631110560125925
خرجت من,0.06305124071543619,0.06305124071543619
قلتو,-0.06303101901672956,0.06303101901672956
بكل,-0.06268598259312297,0.06268598259312297
زادو,0.06241076131861341,0.06241076131861341
السوء,-0.06188560809181291,0.06188560809181291
عن ربراب,-0.061718744220180366,0.061718744220180366
مراكيش,0.06163947072922524,0.06163947072922524
يكشف,0.06143462853549212,0.06143462853549212
ناصر,-0.06119448462667777,0.06119448462667777
orange ta3,-0.06103675078782274,0.06103675078782274
تعكم,0.06101707517627725,0.06101707517627725
بومرداس,-0.060937171350736986,0.060937171350736986
جزاءر,-0.060866574582584786,0.060866574582584786
ما هو,0.06044380394332736,0.06044380394332736
لي راح,0.06017192628811954,0.06017192628811954
وماذا,-0.059924646806816244,0.059924646806816244
سبان,-0.05957142811443208,0.05957142811443208
محمد تواتي,0.0588084806756231,0.0588084806756231
الهاتف الخاص,-0.05860393180273696,0.05860393180273696
مزالت,0.05850776788513683,0.05850776788513683
الغير,-0.058459915757922525,0.058459915757922525
عليها,0.05797475333304555,0.05797475333304555
مهما,-0.05762173045849007,0.05762173045849007
الرجوع,-0.05756052286348615,0.05756052286348615
كملت,0.0575478889835936,0.0575478889835936
خريج مدرسه,0.05753936094418305,0.05753936094418305
موتى المسلمين,-0.057362352273333035,0.057362352273333035
لابس,-0.0572474048474983,0.0572474048474983
لها,0.057088793666482895,0.057088793666482895
لحد الان,0.057029463785367926,0.057029463785367926
علينا يا,0.056913007631421084,0.056913007631421084
اجهزه,-0.05621767677691573,0.05621767677691573
وحب,-0.056077139150230604,0.056077139150230604
لا وجود,0.05569806162368541,0.05569806162368541
يسمعوا,-0.0550298367636415,0.0550298367636415
ناس راهي,0.054760949254819814,0.054760949254819814
على من,-0.05475715141892999,0.05475715141892999
دول العالم,0.05455663072654989,0.05455663072654989
الاستعمار الفرنسي,-0.05425531174713001,0.05425531174713001
سيري,0.05407744128784596,0.05407744128784596
استودعك المسلمين,-0.05393567440837627,0.05393567440837627
انك اله,-0.05393567440837627,0.05393567440837627
يخاف,-0.053737896686114235,0.053737896686114235
الص,0.05346981845891509,0.05346981845891509
رايك,0.053444057418917695,0.053444057418917695
ملياردير,0.05310778882601618,0.05310778882601618
لاحد,0.05309957244386044,0.05309957244386044
روحها,0.05302302974948942,0.05302302974948942
راك تقول,0.052699569850681326,0.052699569850681326
المنتوجات,-0.05234033042052895,0.05234033042052895
درجات,0.05188585834497087,0.05188585834497087
ماعليش,-0.05186935653497668,0.05186935653497668
هذي,-0.05139135348488138,0.05139135348488138
تدافعو,-0.05115433748108595,0.05115433748108595
اغنياء,-0.05052205692404162,0.05052205692404162
اخطونا,0.05039382461887062,0.05039382461887062
منكر,-0.0495387636224722,0.0495387636224722
كاين لي,0.049499771229812486,0.049499771229812486
زوافيه,0.04933091062782191,0.04933091062782191
تعرض,-0.04929770630142343,0.04929770630142343
ياو روح,0.04917980449124062,0.04917980449124062
تواتي,0.04883794868087076,0.04883794868087076
اويحيى,-0.048501632712672126,0.048501632712672126
عليكم عندي,-0.04822577305443111,0.04822577305443111
يحاولون,-0.04817376865105061,0.04817376865105061
نسيتو,0.04809579997593289,0.04809579997593289
تتحدث,-0.04783622080414347,0.04783622080414347
ويسكنها,-0.047471030254543925,0.047471030254543925
بلد,0.047126275404774674,0.047126275404774674
اخيرا,-0.04681968523261606,0.04681968523261606
شكيب خليل,-0.046713558367984596,0.046713558367984596
يا المنافق,0.04649717903016062,0.04649717903016062
يوما اراد,-0.04594338813576211,0.04594338813576211
الشعب يوما,-0.04594338813576211,0.04594338813576211
حتى في,-0.04593323031099611,0.04593323031099611
راسي,0.045842174940666884,0.045842174940666884
وشعبها,-0.04572395142822221,0.04572395142822221
نفسيا,0.045667958457278564,0.045667958457278564
يفعل,0.04481267947611057,0.04481267947611057
اقتصاديه,0.04467933546030289,0.04467933546030289
mn,-0.04466037963812301,0.04466037963812301
علابالك بلي,-0.04442148516794461,0.04442148516794461
المزور,0.04436300382530133,0.04436300382530133
لا,0.04421820099034575,0.04421820099034575
شده,0.04298513557102968,0.04298513557102968
ويسكنها فسيح,0.042766467200061165,0.042766467200061165
خدم,0.04240408770279626,0.04240408770279626
اصل,-0.042141261304153264,0.042141261304153264
منتخب الوطني,-0.04189866462342931,0.04189866462342931
اوملات بلبيض,-0.04186356669720463,0.04186356669720463
المافيا العسكريه,0.04177702129844162,0.04177702129844162
رانى,-0.041747534601507194,0.041747534601507194
رقبتو,-0.04171381076780283,0.04171381076780283
سلك,-0.04132938271398188,0.04132938271398188
حضاره,-0.04126998534688014,0.04126998534688014
قاصد,0.041160559688514994,0.041160559688514994
فسيح,0.04114134865912416,0.04114134865912416
ولاد بلادي,-0.04107207199458344,0.04107207199458344
عبد السلام,-0.04060747948923539,0.04060747948923539
يرجعوها,-0.04019863339648694,0.04019863339648694
رحمه اله,0.040188577387998435,0.040188577387998435
حسبنا الله,-0.04015294843170973,0.04015294843170973
معاهم,0.040122306833665036,0.040122306833665036
الحجري,-0.04007638186359364,0.04007638186359364
هل هناك,0.040000127869288464,0.040000127869288464
يا بن,0.039902612280536376,0.039902612280536376
يعطيك ما,0.03957747007283615,0.03957747007283615
ابري,-0.03931225820014156,0.03931225820014156
algérie,-0.039259011110250895,0.039259011110250895
الدفاع عن,-0.03892874580345126,0.03892874580345126
يعني يرحلوا,-0.03878662708585502,0.03878662708585502
يرحلوا يعني,-0.03878662708585502,0.03878662708585502
يتنحاوقاع يرحلوا,-0.03878662708585502,0.03878662708585502
امك القحبه,0.03864520564711015,0.03864520564711015
بي,-0.03803446389602039,0.03803446389602039
البويره,-0.03770086299323474,0.03770086299323474
متخافش,-0.0375444457675731,0.0375444457675731
وتحيا,0.03753052451210375,0.03753052451210375
vive amir,-0.03750360950648464,0.03750360950648464
لعنب يقول,-0.03744798246605699,0.03744798246605699
لعنب,-0.03744798246605699,0.03744798246605699
الجزائريه,0.03699388524305555,0.03699388524305555
كافيه,-0.03675721986544245,0.03675721986544245
التقني,-0.03653596789642613,0.03653596789642613
ربرابكم,0.03648124122248171,0.03648124122248171
قهوي,-0.036211901704866586,0.036211901704866586
بلى,-0.03616689581285907,0.03616689581285907
زي,-0.036040287074574344,0.036040287074574344
في هاد,0.03594329036566261,0.03594329036566261
الامور,-0.03563914264858388,0.03563914264858388
مزيدا,-0.03545620874638868,0.03545620874638868
حسابات,0.035402181454659426,0.035402181454659426
ton,0.03508521637763685,0.03508521637763685
كي نشوف,-0.03480269202040213,0.03480269202040213
تعيش,-0.03479832286158984,0.03479832286158984
طلب,0.03434639569981211,0.03434639569981211
هنا,-0.034192505622153584,0.034192505622153584
كثير من,0.03403521743633048,0.03403521743633048
فجاه,-0.03392028616475247,0.03392028616475247
ترجعي,-0.033620174446967084,0.033620174446967084
تسجيل,0.03304184875511999,0.03304184875511999
43,-0.03283020521163922,0.03283020521163922
اخينا,0.03279364461811218,0.03279364461811218
شكون هدا,-0.03262754386005209,0.03262754386005209
علنا,0.03260132001877167,0.03260132001877167
حكايتها,0.0324746571646021,0.0324746571646021
وقت الجاهليه,-0.031893931639729346,0.031893931639729346
عليكم نحوس,-0.03170990664128921,0.03170990664128921
لاسراءيل,0.0316919110647799,0.0316919110647799
من هذا,-0.03163809321051929,0.03163809321051929
روحي نيك,0.031231102298511924,0.031231102298511924
الشعب فاق,0.031022181072525568,0.031022181072525568
الارباب,-0.030861110640767683,0.030861110640767683
الكثير من,0.030030988094471505,0.030030988094471505
الدراهم,-0.029803309200117648,0.029803309200117648
صفقه القرن,0.02966422308072652,0.02966422308072652
حاكمين البلاد,0.029424091864674127,0.029424091864674127
لحلوف,-0.029366385980794014,0.029366385980794014
لحلوف وطحكوت,-0.029366385980794014,0.029366385980794014
قدور لحلوف,-0.029366385980794014,0.029366385980794014
وطحكوت وايحي,-0.029366385980794014,0.029366385980794014
ختك يا,0.0292332068205355,0.0292332068205355
الشده,0.029102133556813334,0.029102133556813334
في خارج,-0.027856193427029136,0.027856193427029136
يا استاد,0.02778130717762392,0.02778130717762392
بالدوله,-0.027754605365027295,0.027754605365027295
فاهمين,-0.02771049272242115,0.02771049272242115
انتخابات,0.02740313902463666,0.02740313902463666
بامتياز,-0.027228588328936203,0.027228588328936203
حينها,0.026352346689967096,0.026352346689967096
معناه,-0.02627150187097083,0.02627150187097083
خزينه,-0.026095337668226113,0.026095337668226113
في متناول,-0.025320580188860364,0.025320580188860364
الطرول,-0.025091395393738815,0.025091395393738815
الرجله,0.024586344809863554,0.024586344809863554
على الرجال,0.0244739236130117,0.0244739236130117
اله وسلم,-0.024420280447105598,0.024420280447105598
هذه العصابه,-0.02412640870101022,0.02412640870101022
في مجال,0.023971606084781643,0.023971606084781643
راها,0.023676172042639717,0.023676172042639717
حقكم,0.023624688150281667,0.023624688150281667
متقاعدين,-0.023619338210840043,0.023619338210840043
جنرالات,-0.02339240983530372,0.02339240983530372
حياته,0.023383748372349078,0.023383748372349078
اشباه الرجال,-0.023133554624074893,0.023133554624074893
الوصفه,-0.022880666693887393,0.022880666693887393
عندو الحق,0.022341890843339568,0.022341890843339568
وجدو,-0.022239293658049657,0.022239293658049657
متعرفش,-0.021637779636746336,0.021637779636746336
السلطه للشعب,-0.0204122528366136,0.0204122528366136
كي دخلت,-0.020363176422308817,0.020363176422308817
مولاه,0.02032595076913069,0.02032595076913069
مساحه,-0.020246311323476505,0.020246311323476505
شاء اله,0.020232173483577663,0.020232173483577663
منافق يا,0.020214116115292526,0.020214116115292526
المصادر,0.01995944208995913,0.01995944208995913
وهناك,-0.019619150026376545,0.019619150026376545
وصلنا,0.018456820531023828,0.018456820531023828
wech,-0.018202235657924948,0.018202235657924948
ولا,-0.0176925287949208,0.0176925287949208
رسول,-0.0170319587786379,0.0170319587786379
انا شريتو,0.016083273447410458,0.016083273447410458
مليحا,0.015957563932299693,0.015957563932299693
مك نيك,0.01587725928072973,0.01587725928072973
الله عليك,0.015503799749849336,0.015503799749849336
amir,0.015469262897062767,0.015469262897062767
متناول الجميع,0.015412868673435907,0.015412868673435907
متناول,0.015412868673435907,0.015412868673435907
ارض الشهداء,0.015352097790213516,0.015352097790213516
رئيس,-0.015334220138550465,0.015334220138550465
جابو,-0.01531727895594288,0.01531727895594288
معليهش,-0.014576658445370715,0.014576658445370715
تري,0.014530534086105289,0.014530534086105289
ولا غيرو,-0.01424396037057979,0.01424396037057979
نتاع,0.014186368098804518,0.014186368098804518
الطرق,0.013974543898234626,0.013974543898234626
وتلفي,0.013429515406836038,0.013429515406836038
يتهم,0.013241831229797057,0.013241831229797057
بغيضكم,-0.013007393660987075,0.013007393660987075
وزن château,0.012994309643966077,0.012994309643966077
eau,0.012994309643966077,0.012994309643966077
فريت omelette,0.012994309643966077,0.012994309643966077
الشهريه,-0.012543562107972927,0.012543562107972927
وشوف,-0.012439990812408088,0.012439990812408088
تاكل,-0.01231803159509469,0.01231803159509469
الف مبروك,-0.012283087249428887,0.012283087249428887
حاله,-0.012152756155003086,0.012152756155003086
والعافيه,0.011997562672113356,0.011997562672113356
امازيغ,-0.011111138771319308,0.011111138771319308
نتا يهدر,0.01073889595257301,0.01073889595257301
يقعد,0.010699014652703896,0.010699014652703896
اومليت,-0.01032609788065538,0.01032609788065538
مزيد من,0.010244423438682182,0.010244423438682182
ديري,-0.009501229234943651,0.009501229234943651
سامح,0.008981888064952467,0.008981888064952467
يحميك,0.007879690476469279,0.007879690476469279
باذن اله,0.007222373564283828,0.007222373564283828
نيك لي,0.007152215069795596,0.007152215069795596
undefined,0.00643050411838968,0.00643050411838968
orange,0.006279390885525707,0.006279390885525707
تزال,-0.0062656337104564554,0.0062656337104564554
خاوه خاوه,0.006263137468322216,0.006263137468322216
si,0.006061505914851804,0.006061505914851804
راهم يتبعو,-0.006042770976305647,0.006042770976305647
مشاء الله,0.005948881822325337,0.005948881822325337
بمعنى,-0.005871505931494302,0.005871505931494302
اسقاط,-0.005855022487822245,0.005855022487822245
شمال افريقيا,-0.005712530969065077,0.005712530969065077
شمال,-0.005712530969065077,0.005712530969065077
واش قال,-0.005335234237126521,0.005335234237126521
بوشوارب,-0.005317468959136805,0.005317468959136805
شهاده,0.005035293238294299,0.005035293238294299
خارج,-0.00498429417367765,0.00498429417367765
يوما,-0.004630656776929777,0.004630656776929777
ذبح,0.004136131753596062,0.004136131753596062
شياتين,0.003890631572342914,0.003890631572342914
يوم,-0.0036312630255678287,0.0036312630255678287
الاسلام دين,-0.0034956944608432626,0.0034956944608432626
النتيجه,0.003322530102722032,0.003322530102722032
او ما,-0.0030556199181646614,0.0030556199181646614
غاضهم الحال,-0.0024264412511865964,0.0024264412511865964
التاغ,0.002421031719447443,0.002421031719447443
عار,0.002109266254184137,0.002109266254184137
خاص,-0.001995923633274265,0.001995923633274265
وجزايرين,0.0017067296736182672,0.0017067296736182672
رضي الله,-0.0016734321080681485,0.0016734321080681485
بالدواء,-0.0015685449514204882,0.0015685449514204882
شعره,0.0014150152960874835,0.0014150152960874835
ساعات,-0.0012788132951312434,0.0012788132951312434
تمنا,0.0012703758421696708,0.0012703758421696708
نيك ربكم,0.0012403749084559138,0.0012403749084559138
اكثر من,0.0010431335858682327,0.0010431335858682327
كل هذا,0.0009712079166334569,0.0009712079166334569
نوميديا,-0.0009096257674171841,0.0009096257674171841
اكرانيا,-0.0008801873255333792,0.0008801873255333792
mechi,-0.0007419257753547823,0.0007419257753547823
تقولون,0.0005627914670502453,0.0005627914670502453
الساعه,-0.0005173882396199458,0.0005173882396199458
وسعيد,-0.00021574803994002246,0.00021574803994002246
