fpr,tpr
0.0,0.0
0.0,0.00011429877700308607
0.0,0.0028574694250771515
8.909479686386316e-05,0.0028574694250771515
8.909479686386316e-05,0.018973596982512286
0.0001781895937277263,0.018973596982512286
0.0001781895937277263,0.026974511372728313
0.00026728439059158947,0.026974511372728313
0.00026728439059158947,0.0286889930277746
0.0003563791874554526,0.0286889930277746
0.0003563791874554526,0.02994627957480855
0.0004454739843193158,0.02994627957480855
0.0004454739843193158,0.03874728540404618
0.0005345687811831789,0.03874728540404618
0.0005345687811831789,0.04834838267230541
0.0006236635780470421,0.04834838267230541
0.0006236635780470421,0.04937707166533318
0.0007127583749109052,0.04937707166533318
0.0007127583749109052,0.051205852097382556
0.0008018531717747684,0.051205852097382556
0.0008018531717747684,0.052234541090410334
0.0008909479686386316,0.052234541090410334
0.0008909479686386316,0.05669219339353069
0.0009800427655024947,0.05669219339353069
0.0009800427655024947,0.05749228483255229
0.0010691375623663579,0.05749228483255229
0.0010691375623663579,0.058292376271573895
0.001158232359230221,0.058292376271573895
0.001158232359230221,0.06240713224368499
0.0012473271560940842,0.06240713224368499
0.0012473271560940842,0.06252143102068808
0.0013364219529579473,0.06252143102068808
0.0013364219529579473,0.0630929249057035
0.0014255167498218105,0.0630929249057035
0.0014255167498218105,0.06320722368270659
0.0015146115466856736,0.06320722368270659
0.0015146115466856736,0.06675048576980226
0.0016037063435495368,0.06675048576980226
0.0016037063435495368,0.06915076008686707
0.0016928011404134,0.06915076008686707
0.0016928011404134,0.0697222539718825
0.001781895937277263,0.0697222539718825
0.001781895937277263,0.07337981483598126
0.0018709907341411263,0.07337981483598126
0.0018709907341411263,0.07429420505200594
0.0019600855310049894,0.07429420505200594
0.0019600855310049894,0.07440850382900903
0.0020491803278688526,0.07440850382900903
0.0020491803278688526,0.07509429649102754
0.0021382751247327157,0.07509429649102754
0.0021382751247327157,0.07669447936907076
0.002227369921596579,0.07669447936907076
0.002227369921596579,0.0787518573551263
0.002405559515324305,0.0787518573551263
0.002405559515324305,0.07943765001714481
0.0024946543121881683,0.07943765001714481
0.0024946543121881683,0.08012344267916334
0.0025837491090520315,0.08012344267916334
0.0025837491090520315,0.08218082066521888
0.0026728439059158947,0.08218082066521888
0.0026728439059158947,0.08229511944222197
0.002761938702779758,0.08229511944222197
0.002761938702779758,0.08275231455023431
0.002940128296507484,0.08275231455023431
0.002940128296507484,0.0845810949822837
0.0030292230933713473,0.0845810949822837
0.0030292230933713473,0.08515258886729912
0.0031183178902352104,0.08515258886729912
0.0031183178902352104,0.08526688764430221
0.0032074126870990736,0.08526688764430221
0.0032074126870990736,0.08720996685335466
0.0033856022808268,0.08720996685335466
0.0033856022808268,0.08846725340038862
0.003474697077690663,0.08846725340038862
0.003474697077690663,0.09075322894045033
0.003563791874554526,0.09075322894045033
0.003563791874554526,0.0918962167104812
0.0036528866714183894,0.0918962167104812
0.0036528866714183894,0.09201051548748429
0.0037419814682822525,0.09201051548748429
0.0037419814682822525,0.09703966167562007
0.0038310762651461157,0.09703966167562007
0.0038310762651461157,0.09863984455366327
0.003920171062009979,0.09863984455366327
0.003920171062009979,0.09875414333066636
0.0040092658588738415,0.09875414333066636
0.0040092658588738415,0.09886844210766944
0.004098360655737705,0.09886844210766944
0.004098360655737705,0.09955423476968796
0.004187455452601568,0.09955423476968796
0.004187455452601568,0.10046862498571266
0.0042765502494654314,0.10046862498571266
0.0042765502494654314,0.10515487484283918
0.004365645046329294,0.10515487484283918
0.004365645046329294,0.10686935649788547
0.004454739843193158,0.10686935649788547
0.004454739843193158,0.10709795405189164
0.0045438346400570205,0.10709795405189164
0.0045438346400570205,0.10904103326094411
0.004632929436920884,0.10904103326094411
0.004632929436920884,0.10961252714595954
0.004722024233784747,0.10961252714595954
0.004722024233784747,0.10972682592296262
0.004722024233784747,0.1099554234769688
0.004722024233784747,0.11144130757800892
0.00481111903064861,0.11144130757800892
0.00481111903064861,0.11304149045605212
0.004900213827512473,0.11304149045605212
0.004900213827512473,0.11327008801005829
0.005167498218104063,0.11327008801005829
0.005167498218104063,0.11578466110412619
0.005345687811831789,0.11578466110412619
0.005345687811831789,0.11704194765116013
0.005434782608695652,0.11704194765116013
0.005434782608695652,0.1213853011772774
0.005523877405559516,0.1213853011772774
0.005523877405559516,0.12195679506229283
0.005612972202423378,0.12195679506229283
0.005612972202423378,0.12207109383929592
0.005702066999287242,0.12207109383929592
0.005702066999287242,0.12321408160932679
0.005791161796151105,0.12321408160932679
0.005791161796151105,0.12344267916333296
0.005880256593014968,0.12344267916333296
0.005880256593014968,0.1238998742713453
0.005969351389878831,0.1238998742713453
0.005969351389878831,0.12447136815636073
0.0060584461867426945,0.12447136815636073
0.0060584461867426945,0.12492856326437307
0.006147540983606557,0.12492856326437307
0.006147540983606557,0.12755743513544404
0.006236635780470421,0.12755743513544404
0.006236635780470421,0.1279003314664533
0.006325730577334284,0.1279003314664533
0.006325730577334284,0.12950051434449653
0.006414825374198147,0.12950051434449653
0.006414825374198147,0.1313292947765459
0.00650392017106201,0.1313292947765459
0.00650392017106201,0.13178648988455824
0.0065930149679258735,0.13178648988455824
0.0065930149679258735,0.1321293862155675
0.006682109764789736,0.1321293862155675
0.006682109764789736,0.13270088010058292
0.0067712045616536,0.13270088010058292
0.0067712045616536,0.13418676420162304
0.0068602993585174625,0.13418676420162304
0.0068602993585174625,0.13487255686364155
0.006949394155381326,0.13487255686364155
0.006949394155381326,0.13498685564064464
0.007038488952245189,0.13498685564064464
0.007038488952245189,0.13692993484969712
0.007305773342836779,0.13692993484969712
0.007305773342836779,0.13738712995770946
0.0073948681397006414,0.13738712995770946
0.0073948681397006414,0.1378443250657218
0.007483962936564505,0.1378443250657218
0.007483962936564505,0.13830152017373415
0.007573057733428368,0.13830152017373415
0.007573057733428368,0.1387587152817465
0.007662152530292231,0.1387587152817465
0.007662152530292231,0.1403588981597897
0.007751247327156094,0.1403588981597897
0.007751247327156094,0.1410446908218082
0.007840342124019958,0.1410446908218082
0.007840342124019958,0.14207337981483598
0.00792943692088382,0.14207337981483598
0.00792943692088382,0.1435592639158761
0.008018531717747683,0.1435592639158761
0.008018531717747683,0.14664533089495943
0.00819672131147541,0.14664533089495943
0.00819672131147541,0.1469882272259687
0.008285816108339273,0.1469882272259687
0.008285816108339273,0.14755972111098412
0.008374910905203136,0.14755972111098412
0.008374910905203136,0.14881700765801806
0.008464005702066998,0.14881700765801806
0.008464005702066998,0.14950280032003657
0.008553100498930863,0.14950280032003657
0.008553100498930863,0.150074294205052
0.008642195295794726,0.150074294205052
0.008642195295794726,0.1515601783060921
0.008731290092658588,0.1515601783060921
0.008731290092658588,0.15201737341410446
0.008820384889522451,0.15201737341410446
0.008820384889522451,0.1533889587381415
0.008909479686386316,0.1533889587381415
0.008909479686386316,0.15396045262315694
0.008998574483250178,0.15396045262315694
0.008998574483250178,0.1557892330552063
0.009087669280114041,0.1557892330552063
0.009087669280114041,0.15841810492627728
0.009176764076977904,0.15841810492627728
0.009176764076977904,0.15887530003428962
0.009265858873841768,0.15887530003428962
0.009265858873841768,0.1589895988112927
0.00935495367070563,0.1589895988112927
0.00935495367070563,0.16013258658132357
0.009444048467569494,0.16013258658132357
0.009444048467569494,0.16036118413532977
0.009533143264433356,0.16036118413532977
0.009533143264433356,0.16116127557435136
0.00962223806129722,0.16116127557435136
0.00962223806129722,0.16150417190536062
0.009711332858161083,0.16150417190536062
0.009711332858161083,0.1616184706823637
0.009800427655024946,0.1616184706823637
0.009800427655024946,0.16218996456737914
0.009889522451888809,0.16218996456737914
0.009889522451888809,0.16699051320150873
0.009978617248752673,0.16699051320150873
0.009978617248752673,0.16767630586352725
0.010156806842480399,0.16767630586352725
0.010156806842480399,0.16893359241056122
0.010245901639344262,0.16893359241056122
0.010245901639344262,0.1691621899645674
0.010334996436208126,0.1691621899645674
0.010334996436208126,0.16939078751857356
0.010424091233071989,0.16939078751857356
0.010424091233071989,0.169962281403589
0.010513186029935851,0.169962281403589
0.010513186029935851,0.17133386672762602
0.010602280826799714,0.17133386672762602
0.010602280826799714,0.1714481655046291
0.010691375623663579,0.1714481655046291
0.010691375623663579,0.17201965938964453
0.010780470420527441,0.17201965938964453
0.010780470420527441,0.17533432392273401
0.010869565217391304,0.17533432392273401
0.010869565217391304,0.17579151903074638
0.010958660014255167,0.17579151903074638
0.010958660014255167,0.17602011658475256
0.011047754811119031,0.17602011658475256
0.011047754811119031,0.1764773116927649
0.011136849607982894,0.1764773116927649
0.011136849607982894,0.17693450680077724
0.011225944404846757,0.17693450680077724
0.011225944404846757,0.1772774031317865
0.01131503920171062,0.1772774031317865
0.01131503920171062,0.17750600068579267
0.011493228795438347,0.17750600068579267
0.011493228795438347,0.1796776774488513
0.01158232359230221,0.1796776774488513
0.01158232359230221,0.1803634701108698
0.011671418389166072,0.1803634701108698
0.011671418389166072,0.181963652988913
0.011760513186029936,0.1820779517659161
0.011760513186029936,0.18242084809692535
0.0118496079828938,0.18242084809692535
0.0118496079828938,0.18436392730597784
0.012027797576621525,0.18436392730597784
0.012027797576621525,0.18516401874499944
0.012116892373485389,0.18516401874499944
0.012116892373485389,0.18642130529203338
0.012295081967213115,0.18642130529203338
0.012295081967213115,0.18687850040004572
0.012384176764076977,0.18687850040004572
0.012384176764076977,0.18744999428506115
0.012473271560940842,0.18744999428506115
0.012473271560940842,0.18767859183906732
0.012562366357804704,0.18767859183906732
0.012562366357804704,0.1877928906160704
0.012651461154668567,0.1877928906160704
0.012651461154668567,0.18836438450108584
0.01300784034212402,0.18836438450108584
0.01300784034212402,0.18882157960909818
0.013096935138987882,0.18882157960909818
0.013096935138987882,0.18962167104811978
0.01327512473271561,0.18962167104811978
0.01327512473271561,0.19007886615613212
0.013720598717034925,0.19007886615613212
0.013720598717034925,0.19042176248714138
0.013809693513898788,0.19042176248714138
0.013809693513898788,0.1920219453651846
0.013898788310762652,0.1920219453651846
0.013898788310762652,0.19396502457423706
0.013987883107626515,0.19396502457423706
0.013987883107626515,0.19567950622928335
0.014076977904490378,0.19567950622928335
0.014076977904490378,0.19625100011429877
0.01416607270135424,0.19625100011429877
0.01416607270135424,0.19659389644530803
0.014255167498218105,0.19659389644530803
0.014255167498218105,0.19716539033032346
0.014344262295081968,0.19716539033032346
0.014344262295081968,0.1977368842153389
0.01443335709194583,0.1977368842153389
0.01443335709194583,0.19830837810035432
0.014522451888809693,0.19830837810035432
0.014522451888809693,0.20242313407246543
0.01470064148253742,0.20242313407246543
0.01470064148253742,0.2034518230654932
0.01496792587312901,0.2034518230654932
0.01496792587312901,0.20368042061949937
0.015057020669992873,0.20368042061949937
0.015057020669992873,0.20482340838953023
0.015146115466856735,0.20482340838953023
0.015146115466856735,0.20642359126757343
0.015235210263720598,0.20642359126757343
0.015235210263720598,0.2075665790376043
0.015324305060584463,0.2075665790376043
0.015324305060584463,0.20973825580066294
0.015413399857448325,0.20973825580066294
0.015413399857448325,0.2100811521316722
0.015502494654312188,0.2100811521316722
0.015502494654312188,0.21030974968567837
0.01559158945117605,0.21030974968567837
0.01559158945117605,0.2115670362327123
0.015769779044903776,0.2115670362327123
0.015769779044903776,0.21202423134072465
0.01585887384176764,0.21202423134072465
0.01585887384176764,0.2131672191107555
0.015947968638631505,0.2131672191107555
0.015947968638631505,0.2140816093267802
0.01612615823235923,0.2140816093267802
0.01612615823235923,0.21453880443479253
0.016304347826086956,0.21453880443479253
0.016304347826086956,0.21556749342782033
0.01639344262295082,0.21556749342782033
0.01639344262295082,0.21568179220482342
0.01648253741981468,0.21568179220482342
0.01648253741981468,0.21648188364384502
0.016571632216678546,0.21648188364384502
0.016571632216678546,0.2175105726368728
0.01666072701354241,0.2175105726368728
0.01666072701354241,0.2183106640758944
0.01674982181040627,0.2183106640758944
0.01674982181040627,0.21922505429191907
0.016838916607270136,0.21922505429191907
0.016838916607270136,0.2199108469539376
0.016928011404133997,0.2199108469539376
0.016928011404133997,0.22013944450794376
0.01701710620099786,0.22013944450794376
0.01701710620099786,0.22276831637901476
0.017106200997861726,0.22276831637901476
0.017106200997861726,0.2233398102640302
0.017195295794725587,0.2233398102640302
0.017195295794725587,0.22539718825008573
0.01728439059158945,0.22539718825008573
0.01728439059158945,0.2264258772431135
0.017373485388453316,0.2264258772431135
0.017373485388453316,0.2279117613441536
0.017462580185317177,0.2279117613441536
0.017462580185317177,0.2280260601211567
0.01755167498218104,0.2280260601211567
0.01755167498218104,0.22814035889815978
0.017640769779044902,0.22814035889815978
0.017640769779044902,0.22836895645216596
0.017729864575908767,0.22836895645216596
0.017729864575908767,0.2295119442221968
0.017908054169636492,0.2295119442221968
0.017908054169636492,0.22985484055320607
0.017997148966500356,0.22985484055320607
0.017997148966500356,0.22996913933020915
0.018175338560228082,0.22996913933020915
0.018175338560228082,0.2304263344382215
0.018264433357091946,0.2304263344382215
0.018264433357091946,0.23099782832323695
0.018353528153955807,0.23099782832323695
0.018353528153955807,0.23111212710024004
0.018531717747683536,0.23111212710024004
0.018531717747683536,0.2313407246542462
0.018620812544547397,0.2313407246542462
0.018620812544547397,0.2314550234312493
0.01870990734141126,0.2314550234312493
0.01870990734141126,0.23362670019430792
0.018799002138275126,0.23362670019430792
0.018799002138275126,0.23419819407932335
0.018888096935138987,0.23419819407932335
0.018888096935138987,0.23442679163332952
0.01897719173200285,0.23442679163332952
0.01897719173200285,0.23511258429534804
0.019066286528866713,0.23511258429534804
0.019066286528866713,0.2354554806263573
0.019155381325730577,0.2354554806263573
0.019155381325730577,0.23682706595039432
0.01924447612259444,0.23682706595039432
0.01924447612259444,0.2369413647273974
0.019333570919458302,0.2369413647273974
0.019333570919458302,0.23728426105840666
0.019422665716322167,0.23728426105840666
0.019422665716322167,0.2378557549434221
0.01951176051318603,0.2378557549434221
0.01951176051318603,0.23819865127443135
0.019600855310049892,0.23819865127443135
0.019600855310049892,0.23842724882843755
0.019689950106913757,0.23842724882843755
0.019689950106913757,0.23865584638244372
0.019779044903777618,0.23865584638244372
0.019779044903777618,0.2387701451594468
0.019868139700641482,0.2387701451594468
0.019868139700641482,0.23991313292947766
0.019957234497505347,0.23991313292947766
0.019957234497505347,0.24037032803749
0.020046329294369208,0.24037032803749
0.020046329294369208,0.24094182192250543
0.020224518888096937,0.24094182192250543
0.020224518888096937,0.24162761458452395
0.020313613684960798,0.24162761458452395
0.020313613684960798,0.24265630357755172
0.020402708481824662,0.24265630357755172
0.020402708481824662,0.24414218767859183
0.020491803278688523,0.24414218767859183
0.020491803278688523,0.24471368156360726
0.020580898075552388,0.24471368156360726
0.020580898075552388,0.24482798034061035
0.020669992872416252,0.24482798034061035
0.020669992872416252,0.24551377300262886
0.020759087669280113,0.24551377300262886
0.020759087669280113,0.2461995656646474
0.020848182466143977,0.2461995656646474
0.020848182466143977,0.2463138644416505
0.020937277263007842,0.2463138644416505
0.020937277263007842,0.246999657103669
0.021026372059871703,0.246999657103669
0.021026372059871703,0.24951423019773689
0.021115466856735567,0.24951423019773689
0.021115466856735567,0.2511144130757801
0.02120456165359943,0.2511144130757801
0.02120456165359943,0.25134301062978626
0.021293656450463293,0.25134301062978626
0.021293656450463293,0.25202880329180477
0.021382751247327157,0.25202880329180477
0.021382751247327157,0.2524859983998171
0.021471846044191018,0.2524859983998171
0.021471846044191018,0.25294319350782946
0.021560940841054883,0.25294319350782946
0.021560940841054883,0.2534003886158418
0.021650035637918747,0.2534003886158418
0.021650035637918747,0.2539718825008572
0.021739130434782608,0.2539718825008572
0.021739130434782608,0.255000571493885
0.021828225231646473,0.255000571493885
0.021828225231646473,0.25534346782489425
0.022006414825374198,0.25534346782489425
0.022006414825374198,0.2566007543719282
0.022184604419101923,0.2566007543719282
0.022184604419101923,0.25694365070293745
0.022362794012829652,0.25694365070293745
0.022362794012829652,0.2594582237970054
0.022540983606557378,0.2594582237970054
0.022540983606557378,0.25968682135101157
0.02263007840342124,0.25968682135101157
0.02263007840342124,0.260258315236027
0.022719173200285103,0.260258315236027
0.022719173200285103,0.2611727054520517
0.022808267997148968,0.2611727054520517
0.022808267997148968,0.26128700422905476
0.02289736279401283,0.26128700422905476
0.02289736279401283,0.261629900560064
0.022986457590876693,0.261629900560064
0.022986457590876693,0.2617441993370671
0.023075552387740558,0.2617441993370671
0.023075552387740558,0.26220139444507945
0.02316464718460442,0.26220139444507945
0.02316464718460442,0.26368727854611956
0.023342836778332144,0.26368727854611956
0.023342836778332144,0.2649445650931535
0.02343193157519601,0.2649445650931535
0.02343193157519601,0.265630357755172
0.023521026372059873,0.265630357755172
0.023521026372059873,0.26608755286318436
0.023610121168923734,0.26608755286318436
0.023610121168923734,0.2680306320722368
0.0236992159657876,0.2680306320722368
0.0236992159657876,0.2681449308492399
0.023788310762651463,0.2681449308492399
0.023788310762651463,0.27088810149731396
0.02396650035637919,0.27088810149731396
0.02396650035637919,0.27191679049034173
0.02405559515324305,0.27191679049034173
0.02405559515324305,0.272259686821351
0.024233784746970778,0.272259686821351
0.024233784746970778,0.2723739855983541
0.024411974340698504,0.2723739855983541
0.024411974340698504,0.27260258315236024
0.024501069137562368,0.27260258315236024
0.024501069137562368,0.2729454794833695
0.02459016393442623,0.2729454794833695
0.02459016393442623,0.27340267459138184
0.024768353528153954,0.27340267459138184
0.024768353528153954,0.27443136358440967
0.02485744832501782,0.27443136358440967
0.02485744832501782,0.27465996113841584
0.025035637918745544,0.27465996113841584
0.025035637918745544,0.27477425991541893
0.02512473271560941,0.27477425991541893
0.02512473271560941,0.27523145502343127
0.02521382751247327,0.27523145502343127
0.02521382751247327,0.28106069265058864
0.025392017106201,0.28106069265058864
0.025392017106201,0.2812892902045948
0.02548111190306486,0.2812892902045948
0.02548111190306486,0.2814035889815979
0.02565930149679259,0.2814035889815979
0.02565930149679259,0.2819750828666133
0.02574839629365645,0.2819750828666133
0.02574839629365645,0.2820893816436164
0.02601568068424804,0.2820893816436164
0.02601568068424804,0.2823179791976226
0.026104775481111904,0.2823179791976226
0.026104775481111904,0.28254657675162875
0.026193870277975765,0.28254657675162875
0.026193870277975765,0.2830037718596411
0.02628296507483963,0.2830037718596411
0.02628296507483963,0.285518344953709
0.02655024946543122,0.285518344953709
0.02655024946543122,0.28563264373071207
0.02663934426229508,0.28563264373071207
0.02663934426229508,0.2860898388387244
0.026728439059158945,0.2860898388387244
0.026728439059158945,0.28723282660875527
0.02681753385602281,0.28723282660875527
0.02681753385602281,0.28746142416276144
0.02690662865288667,0.28746142416276144
0.02690662865288667,0.28814721682477995
0.0270848182466144,0.28814721682477995
0.0270848182466144,0.2896331009258201
0.02717391304347826,0.2896331009258201
0.02717391304347826,0.29009029603383246
0.027263007840342125,0.29009029603383246
0.027263007840342125,0.2906617899188479
0.027352102637205986,0.2906617899188479
0.027352102637205986,0.29089038747285406
0.02744119743406985,0.29089038747285406
0.02744119743406985,0.2912332838038633
0.027619387027797575,0.2912332838038633
0.027619387027797575,0.2914618813578695
0.027797576621525304,0.2914618813578695
0.027797576621525304,0.29180477768887875
0.027886671418389165,0.29180477768887875
0.027886671418389165,0.29420505200594355
0.02797576621525303,0.29420505200594355
0.02797576621525303,0.2945479483369528
0.02806486101211689,0.2945479483369528
0.02806486101211689,0.294776545890959
0.02824305060584462,0.294776545890959
0.02824305060584462,0.29580523488398675
0.02833214540270848,0.29580523488398675
0.02833214540270848,0.29591953366098983
0.028421240199572345,0.29591953366098983
0.028421240199572345,0.2963767287690022
0.02851033499643621,0.2963767287690022
0.02851033499643621,0.2969482226540176
0.02859942979330007,0.2969482226540176
0.02859942979330007,0.29729111898502686
0.028688524590163935,0.29729111898502686
0.028688524590163935,0.29740541776202994
0.028777619387027796,0.29740541776202994
0.028777619387027796,0.2978626128700423
0.02886671418389166,0.2978626128700423
0.02886671418389166,0.29889130186307006
0.028955808980755525,0.29889130186307006
0.028955808980755525,0.30117727740313177
0.02913399857448325,0.30117727740313177
0.02913399857448325,0.3024345639501657
0.029312188168210976,0.3024345639501657
0.029312188168210976,0.30357755172019657
0.02940128296507484,0.30357755172019657
0.02940128296507484,0.30369185049719966
0.0294903777619387,0.30369185049719966
0.0294903777619387,0.30380614927420274
0.029579472558802566,0.30380614927420274
0.029579472558802566,0.3039204480512058
0.02966856735566643,0.3039204480512058
0.02966856735566643,0.30437764315921817
0.02975766215253029,0.30437764315921817
0.02975766215253029,0.3052920333752429
0.029846756949394156,0.3052920333752429
0.029846756949394156,0.305406332152246
0.02993585174625802,0.305406332152246
0.02993585174625802,0.30563492970625217
0.030203136136849607,0.30563492970625217
0.030203136136849607,0.3059778260372614
0.03029223093371347,0.3059778260372614
0.03029223093371347,0.3063207223682707
0.030470420527441196,0.3063207223682707
0.030470420527441196,0.3068922162532861
0.03055951532430506,0.3068922162532861
0.03055951532430506,0.30814950280032005
0.030648610121168925,0.30814950280032005
0.030648610121168925,0.30894959423934165
0.030737704918032786,0.30894959423934165
0.030737704918032786,0.3091781917933478
0.03082679971489665,0.3091781917933478
0.03082679971489665,0.3092924905703509
0.030915894511760512,0.3092924905703509
0.030915894511760512,0.31054977711738485
0.031004989308624376,0.31054977711738485
0.031004989308624376,0.310778374671391
0.031272273699215966,0.310778374671391
0.031272273699215966,0.3115784661104126
0.03136136849607983,0.3115784661104126
0.03136136849607983,0.3119213624414219
0.031450463292943695,0.3119213624414219
0.031450463292943695,0.3131786489884558
0.03162865288667142,0.3131786489884558
0.03162865288667142,0.313407246542462
0.03171774768353528,0.313407246542462
0.03171774768353528,0.31375014287347125
0.031806842480399146,0.31375014287347125
0.031806842480399146,0.3143216367584867
0.03189593727726301,0.3143216367584867
0.03189593727726301,0.31603611841353296
0.03207412687099073,0.31603611841353296
0.03207412687099073,0.31615041719053605
0.0321632216678546,0.31615041719053605
0.0321632216678546,0.3171791061835638
0.03225231646471846,0.3171791061835638
0.03225231646471846,0.31740770373757
0.032341411261582326,0.31740770373757
0.032341411261582326,0.3179791976225854
0.03243050605844619,0.3179791976225854
0.03243050605844619,0.3180934963995885
0.03251960085531005,0.3180934963995885
0.03251960085531005,0.318779289061607
0.03260869565217391,0.318779289061607
0.03260869565217391,0.31935078294662245
0.03269779044903778,0.31935078294662245
0.03269779044903778,0.31946508172362553
0.03278688524590164,0.31946508172362553
0.03278688524590164,0.3195793805006286
0.03296507483962936,0.3195793805006286
0.03296507483962936,0.32015087438564405
0.03305416963649323,0.32015087438564405
0.03305416963649323,0.32232255114870273
0.03314326443335709,0.32232255114870273
0.03314326443335709,0.322665447479712
0.033232359230220956,0.322665447479712
0.033232359230220956,0.32277974625671507
0.03332145402708482,0.32277974625671507
0.03332145402708482,0.32300834381072124
0.03341054882394868,0.32300834381072124
0.03341054882394868,0.3233512401417305
0.03349964362081254,0.3233512401417305
0.03349964362081254,0.32357983769573667
0.03358873841767641,0.32357983769573667
0.03358873841767641,0.32472282546576753
0.033766928011404136,0.32472282546576753
0.033766928011404136,0.3250657217967768
0.03394511760513186,0.3250657217967768
0.03394511760513186,0.32598011201280147
0.03403421240199572,0.32598011201280147
0.03403421240199572,0.32609441078980456
0.03421240199572345,0.32609441078980456
0.03421240199572345,0.3265516058978169
0.034301496792587316,0.3265516058978169
0.034301496792587316,0.32678020345182307
0.034390591589451174,0.32678020345182307
0.034390591589451174,0.32780889244485084
0.03447968638631504,0.32780889244485084
0.03447968638631504,0.3279231912218539
0.03474697077690663,0.3279231912218539
0.03474697077690663,0.3296376728769002
0.03483606557377049,0.3296376728769002
0.03483606557377049,0.3298662704309064
0.03492516037063435,0.3298662704309064
0.03492516037063435,0.330666361869928
0.03501425516749822,0.330666361869928
0.03501425516749822,0.33100925820093724
0.03510334996436208,0.33100925820093724
0.03510334996436208,0.3314664533089496
0.03519244476122595,0.3314664533089496
0.03519244476122595,0.3322665447479712
0.035281539558089804,0.3322665447479712
0.035281539558089804,0.33238084352497427
0.03537063435495367,0.33238084352497427
0.03537063435495367,0.3327237398559835
0.03545972915181753,0.3327237398559835
0.03545972915181753,0.3330666361869928
0.035727013542409126,0.3330666361869928
0.035727013542409126,0.33329523374099895
0.035816108339272984,0.33329523374099895
0.035816108339272984,0.3337524288490113
0.03590520313613685,0.3337524288490113
0.03590520313613685,0.3351240141730483
0.03599429793300071,0.3351240141730483
0.03599429793300071,0.3353526117270545
0.03608339272986458,0.3353526117270545
0.03608339272986458,0.3364955994970854
0.03617248752672844,0.3364955994970854
0.03617248752672844,0.337295690936107
0.0362615823235923,0.337295690936107
0.0362615823235923,0.3374099897131101
0.036350677120456164,0.3374099897131101
0.036350677120456164,0.33775288604411935
0.03643977191732003,0.33775288604411935
0.03643977191732003,0.3391244713681564
0.03652886671418389,0.3391244713681564
0.03652886671418389,0.33946736769916563
0.036707056307911615,0.33946736769916563
0.036707056307911615,0.3395816664761687
0.03679615110477548,0.3395816664761687
0.03679615110477548,0.3396959652531718
0.036885245901639344,0.3396959652531718
0.036885245901639344,0.3411818493542119
0.03697434069850321,0.3411818493542119
0.03697434069850321,0.3415247456852212
0.03706343549536707,0.3415247456852212
0.03706343549536707,0.34163904446222426
0.037241625089094794,0.34163904446222426
0.037241625089094794,0.34266773345525203
0.03733071988595866,0.34266773345525203
0.03733071988595866,0.3431249285632644
0.03741981468282252,0.3431249285632644
0.03741981468282252,0.3436964224482798
0.03750890947968639,0.3436964224482798
0.03750890947968639,0.34483941021831066
0.03768709907341411,0.34483941021831066
0.03768709907341411,0.34495370899531375
0.037776193870277974,0.34495370899531375
0.037776193870277974,0.3451823065493199
0.03786528866714184,0.3451823065493199
0.03786528866714184,0.3454109041033261
0.0379543834640057,0.3454109041033261
0.0379543834640057,0.34575380043433535
0.03804347826086957,0.34575380043433535
0.03804347826086957,0.3459823979883415
0.038132573057733425,0.3459823979883415
0.038132573057733425,0.34643959309635386
0.03822166785459729,0.34643959309635386
0.03822166785459729,0.3475825808663847
0.038310762651461154,0.3475825808663847
0.038310762651461154,0.34815407475140014
0.03857804704205275,0.34815407475140014
0.03857804704205275,0.3483826723054063
0.038667141838916605,0.3483826723054063
0.038667141838916605,0.34906846496742483
0.03875623663578047,0.34906846496742483
0.03875623663578047,0.3527260258315236
0.038845331432644334,0.3527260258315236
0.038845331432644334,0.3538690136015545
0.0389344262295082,0.3538690136015545
0.0389344262295082,0.35421190993256374
0.03911261582323592,0.35421190993256374
0.03911261582323592,0.35478340381757917
0.039201710620099785,0.35478340381757917
0.039201710620099785,0.3554691964795977
0.039379900213827514,0.3554691964795977
0.039379900213827514,0.35592639158761
0.039558089807555236,0.35592639158761
0.039558089807555236,0.3561549891416162
0.0396471846044191,0.3561549891416162
0.0396471846044191,0.3562692879186193
0.039736279401282965,0.3562692879186193
0.039736279401282965,0.35638358669562237
0.03982537419814683,0.35638358669562237
0.03982537419814683,0.35718367813464397
0.040092658588738415,0.35718367813464397
0.040092658588738415,0.3584409646816779
0.04018175338560228,0.3584409646816779
0.04018175338560228,0.35878386101268717
0.04035994297933001,0.35878386101268717
0.04035994297933001,0.35901245856669334
0.04044903777619387,0.35901245856669334
0.04044903777619387,0.3601554463367242
0.04053813257305773,0.3601554463367242
0.04053813257305773,0.3602697451137273
0.040627227369921595,0.3602697451137273
0.040627227369921595,0.3609555377757458
0.04071632216678546,0.3609555377757458
0.04071632216678546,0.36118413532975197
0.040805416963649324,0.36118413532975197
0.040805416963649324,0.3615270316607612
0.04107270135424091,0.3615270316607612
0.04107270135424091,0.36209852554577665
0.041161796151104775,0.36209852554577665
0.041161796151104775,0.3631272145388044
0.04125089094796864,0.3631272145388044
0.04125089094796864,0.3634701108698137
0.04142908054169637,0.3634701108698137
0.04142908054169637,0.36358440964681676
0.041518175338560226,0.36358440964681676
0.041518175338560226,0.363927305977826
0.04160727013542409,0.363927305977826
0.04160727013542409,0.36438450108583836
0.041696364932287955,0.36438450108583836
0.041696364932287955,0.3650702937478569
0.04178545972915182,0.3650702937478569
0.04178545972915182,0.3655274888558692
0.041874554526015684,0.3655274888558692
0.041874554526015684,0.3656417876328723
0.04196364932287954,0.3656417876328723
0.04196364932287954,0.3658703851868785
0.04214183891660727,0.3658703851868785
0.04214183891660727,0.36621328151788773
0.042320028510335,0.36621328151788773
0.042320028510335,0.3663275802948908
0.04240912330719886,0.3663275802948908
0.04240912330719886,0.366556177848897
0.04249821810406272,0.366556177848897
0.04249821810406272,0.3686135558349526
0.042587312900926586,0.3686135558349526
0.042587312900926586,0.36907075094296493
0.04267640769779045,0.36907075094296493
0.04267640769779045,0.369185049719968
0.042765502494654314,0.369185049719968
0.042765502494654314,0.37044233626700196
0.04285459729151817,0.37044233626700196
0.04285459729151817,0.3707852325980112
0.042943692088382036,0.3707852325980112
0.042943692088382036,0.3708995313750143
0.0430327868852459,0.3708995313750143
0.0430327868852459,0.3715853240370328
0.043121881682109765,0.3715853240370328
0.043121881682109765,0.37215681792204824
0.04321097647897363,0.37227111669905133
0.04321097647897363,0.3727283118070637
0.043300071275837494,0.3727283118070637
0.043300071275837494,0.373185506915076
0.04338916607270135,0.373185506915076
0.04338916607270135,0.37352840324608527
0.043478260869565216,0.37352840324608527
0.043478260869565216,0.375814378786147
0.04356735566642908,0.375814378786147
0.04356735566642908,0.3766144702251686
0.043656450463292945,0.3766144702251686
0.043656450463292945,0.37672876900217167
0.04374554526015681,0.37672876900217167
0.04374554526015681,0.37695736655617784
0.04383464005702067,0.37695736655617784
0.04383464005702067,0.37752886044119327
0.044012829650748396,0.37752886044119327
0.044012829650748396,0.37775745799519944
0.04410192444761226,0.37775745799519944
0.04410192444761226,0.3779860555492056
0.044191019244476125,0.3779860555492056
0.044191019244476125,0.3786718482112241
0.04428011404133998,0.3786718482112241
0.04428011404133998,0.379814835981255
0.04436920883820385,0.379814835981255
0.04436920883820385,0.3802720310892673
0.04445830363506771,0.3802720310892673
0.04445830363506771,0.3805006286432735
0.044547398431931576,0.3805006286432735
0.044547398431931576,0.3806149274202766
0.044725588025659305,0.3806149274202766
0.044725588025659305,0.381186421305292
0.04499287241625089,0.381186421305292
0.04499287241625089,0.38175791519030744
0.045081967213114756,0.38175791519030744
0.045081967213114756,0.3818722139673105
0.04517106200997862,0.3818722139673105
0.04517106200997862,0.3833580980683507
0.04534925160370634,0.3833580980683507
0.04534925160370634,0.3841581895073723
0.045438346400570206,0.3841581895073723
0.045438346400570206,0.38438678706137847
0.04552744119743407,0.38438678706137847
0.04552744119743407,0.38461538461538464
0.045616535994297935,0.38461538461538464
0.045616535994297935,0.38518687850040007
0.04570563079116179,0.38518687850040007
0.04570563079116179,0.38530117727740315
0.04579472558802566,0.38530117727740315
0.04579472558802566,0.3855297748314093
0.04588382038488952,0.3855297748314093
0.04588382038488952,0.38621556749342784
0.045972915181753386,0.38621556749342784
0.045972915181753386,0.3881586467024803
0.04606200997861725,0.3881586467024803
0.04606200997861725,0.3887301405874957
0.046151104775481115,0.3887301405874957
0.046151104775481115,0.39021602468853583
0.04624019957234497,0.39021602468853583
0.04624019957234497,0.3906732197965482
0.04632929436920884,0.3906732197965482
0.04632929436920884,0.3911304149045605
0.0464183891660727,0.3911304149045605
0.0464183891660727,0.3919305063435821
0.046507483962936566,0.3919305063435821
0.046507483962936566,0.39250200022859755
0.04659657875980043,0.39250200022859755
0.04659657875980043,0.39261629900560063
0.04668567355666429,0.39261629900560063
0.04668567355666429,0.393073494113613
0.04677476835352815,0.393073494113613
0.04677476835352815,0.39318779289061606
0.04695295794725588,0.39318779289061606
0.04695295794725588,0.39341639044462223
0.047042052744119746,0.39341639044462223
0.047042052744119746,0.3938735855526346
0.0471311475409836,0.3938735855526346
0.0471311475409836,0.39421648188364383
0.04722024233784747,0.39421648188364383
0.04722024233784747,0.39444507943765
0.04730933713471133,0.39444507943765
0.04730933713471133,0.3951308720996685
0.0473984319315752,0.3951308720996685
0.0473984319315752,0.39638815864670246
0.04748752672843906,0.39638815864670246
0.04748752672843906,0.3968453537547148
0.04766571632216678,0.3968453537547148
0.04766571632216678,0.397073951308721
0.04775481111903065,0.397073951308721
0.04775481111903065,0.39718825008572406
0.04784390591589451,0.39718825008572406
0.04784390591589451,0.39741684763973023
0.04802209550962224,0.39741684763973023
0.04802209550962224,0.3977597439707395
0.0481111903064861,0.3977597439707395
0.0481111903064861,0.3978740427477426
0.04820028510334996,0.3978740427477426
0.04820028510334996,0.39821693907875183
0.04828937990021383,0.39821693907875183
0.04828937990021383,0.39844553663275806
0.04837847469707769,0.39844553663275806
0.04837847469707769,0.39855983540976114
0.048467569493941556,0.39855983540976114
0.048467569493941556,0.3989027317407704
0.04873485388453314,0.3989027317407704
0.04873485388453314,0.39913132929477657
0.04882394868139701,0.39913132929477657
0.04882394868139701,0.39935992684878274
0.049091233071988594,0.39935992684878274
0.049091233071988594,0.3995885244027889
0.04918032786885246,0.3995885244027889
0.04918032786885246,0.40027431706480743
0.04926942266571632,0.40027431706480743
0.04926942266571632,0.4006172133958167
0.04944761225944405,0.4006172133958167
0.04944761225944405,0.40073151217281977
0.04953670705630791,0.40073151217281977
0.04953670705630791,0.40084581094982286
0.04962580185317177,0.40084581094982286
0.04962580185317177,0.401074408503829
0.0498039914468995,0.401074408503829
0.0498039914468995,0.4011887072808321
0.04989308624376337,0.4011887072808321
0.04989308624376337,0.4019887987198537
0.049982181040627224,0.4019887987198537
0.049982181040627224,0.40256029260486914
0.05016037063435495,0.40256029260486914
0.05016037063435495,0.4034746828208938
0.05033856022808268,0.4034746828208938
0.05033856022808268,0.4037032803749
0.05042765502494654,0.4037032803749
0.05042765502494654,0.40473196936792777
0.050516749821810404,0.40473196936792777
0.050516749821810404,0.40496056692193394
0.05060584461867427,0.40496056692193394
0.05060584461867427,0.40553206080694937
0.05069493941553813,0.40553206080694937
0.05069493941553813,0.4061035546919648
0.050784034212402,0.4061035546919648
0.050784034212402,0.4062178534689679
0.051051318602993584,0.4062178534689679
0.051051318602993584,0.40633215224597097
0.05114041339985745,0.40633215224597097
0.05114041339985745,0.4070179449079895
0.05122950819672131,0.4070179449079895
0.05122950819672131,0.40713224368499257
0.05131860299358518,0.40713224368499257
0.05131860299358518,0.4078180363470111
0.051585887384176764,0.4078180363470111
0.051585887384176764,0.40953251800205737
0.05176407697790449,0.40953251800205737
0.05176407697790449,0.4099897131100697
0.05185317177476835,0.4099897131100697
0.05185317177476835,0.4106755057720882
0.051942266571632215,0.4106755057720882
0.051942266571632215,0.4110184021030975
0.05203136136849608,0.4110184021030975
0.05203136136849608,0.41124699965710365
0.05229864575908767,0.41124699965710365
0.05229864575908767,0.4118184935421191
0.05265502494654312,0.4118184935421191
0.05265502494654312,0.4125042862041376
0.05274411974340699,0.4125042862041376
0.05274411974340699,0.41273288375814376
0.052833214540270845,0.41273288375814376
0.052833214540270845,0.4131900788661561
0.053011404133998574,0.4131900788661561
0.053011404133998574,0.4133043776431592
0.05310049893086244,0.4133043776431592
0.05310049893086244,0.41376157275117154
0.0531895937277263,0.41376157275117154
0.0531895937277263,0.4144473654131901
0.05327868852459016,0.4144473654131901
0.05327868852459016,0.4145616641901932
0.05345687811831789,0.4145616641901932
0.05345687811831789,0.4146759629671963
0.053545972915181754,0.4146759629671963
0.053545972915181754,0.41490456052120245
0.05363506771204562,0.41490456052120245
0.05363506771204562,0.4162761458452395
0.05372416250890948,0.4162761458452395
0.05372416250890948,0.41639044462224256
0.05381325730577334,0.41639044462224256
0.05381325730577334,0.41661904217624873
0.053902352102637205,0.41661904217624873
0.053902352102637205,0.4167333409532518
0.05399144689950107,0.4167333409532518
0.05399144689950107,0.416961938507258
0.054080541696364934,0.416961938507258
0.054080541696364934,0.4210766944793691
0.0541696364932288,0.4210766944793691
0.0541696364932288,0.42210538347239684
0.054258731290092656,0.42210538347239684
0.054258731290092656,0.42279117613441536
0.054436920883820385,0.42279117613441536
0.054436920883820385,0.4234769687964339
0.054615110477548114,0.4234769687964339
0.054615110477548114,0.42381986512744313
0.05470420527441197,0.42381986512744313
0.05470420527441197,0.4241627614584524
0.0548823948681397,0.4241627614584524
0.0548823948681397,0.4255343467824894
0.054971489665003564,0.4255343467824894
0.054971489665003564,0.42610584066750484
0.05523877405559515,0.42610584066750484
0.05523877405559515,0.4265630357755172
0.055327868852459015,0.4265630357755172
0.055327868852459015,0.42759172476854496
0.055506058446186744,0.42759172476854496
0.055506058446186744,0.4278203223225511
0.05559515324305061,0.4278203223225511
0.05559515324305061,0.42850611498456964
0.055684248039914466,0.42850611498456964
0.055684248039914466,0.4286204137615727
0.05577334283677833,0.4286204137615727
0.05577334283677833,0.4288490113155789
0.05595153243050606,0.4288490113155789
0.05595153243050606,0.428963310092582
0.056040627227369924,0.428963310092582
0.056040627227369924,0.4295348039775974
0.05612972202423378,0.4295348039775974
0.05612972202423378,0.4296491027546005
0.056218816821097646,0.4296491027546005
0.056218816821097646,0.4301062978626129
0.05630791161796151,0.4301062978626129
0.05630791161796151,0.43044919419362215
0.056397006414825375,0.43044919419362215
0.056397006414825375,0.43056349297062524
0.05648610121168924,0.43056349297062524
0.05648610121168924,0.4307920905246314
0.05666429080541696,0.4307920905246314
0.05666429080541696,0.4309063893016345
0.056753385602280826,0.4309063893016345
0.056753385602280826,0.43113498685564067
0.056931575196008555,0.43113498685564067
0.056931575196008555,0.4317064807406561
0.05702066999287242,0.4317064807406561
0.05702066999287242,0.43204937707166535
0.05710976478973628,0.43204937707166535
0.05710976478973628,0.43216367584866844
0.05719885958660014,0.43216367584866844
0.05719885958660014,0.43284946851068695
0.057287954383464006,0.43284946851068695
0.057287954383464006,0.43353526117270547
0.05737704918032787,0.43353526117270547
0.05737704918032787,0.43364955994970855
0.05755523877405559,0.43364955994970855
0.05755523877405559,0.4338781575037147
0.05773342836778332,0.4338781575037147
0.05773342836778332,0.4346782489427363
0.057822523164647185,0.4346782489427363
0.057822523164647185,0.43536404160475484
0.05791161796151105,0.43536404160475484
0.05791161796151105,0.43604983426677335
0.058000712758374914,0.43604983426677335
0.058000712758374914,0.43616413304377644
0.05808980755523877,0.43616413304377644
0.05808980755523877,0.4366213281517888
0.0582679971489665,0.4366213281517888
0.0582679971489665,0.43696422448279804
0.058357091945830365,0.43696422448279804
0.058357091945830365,0.4373071208138073
0.05844618674269423,0.4373071208138073
0.05844618674269423,0.4374214195908104
0.05853528153955809,0.4374214195908104
0.05853528153955809,0.4381072122528289
0.05862437633642195,0.4381072122528289
0.05862437633642195,0.43833580980683506
0.058713471133285816,0.43833580980683506
0.058713471133285816,0.43845010858383815
0.05880256593014968,0.43845010858383815
0.05880256593014968,0.4390216024688536
0.058891660727013545,0.4390216024688536
0.058891660727013545,0.43913590124585666
0.0589807555238774,0.43913590124585666
0.0589807555238774,0.439593096353869
0.05933713471133286,0.439593096353869
0.05933713471133286,0.4397073951308721
0.05942622950819672,0.4397073951308721
0.05942622950819672,0.4398216939078752
0.05951532430506058,0.4398216939078752
0.05951532430506058,0.4405074865698937
0.05969351389878831,0.4405074865698937
0.05969351389878831,0.4406217853468968
0.059782608695652176,0.4406217853468968
0.059782608695652176,0.44085038290090295
0.0599607982893799,0.44085038290090295
0.0599607982893799,0.44176477311692763
0.06013898788310763,0.44176477311692763
0.06013898788310763,0.4419933706709338
0.060317177476835356,0.4419933706709338
0.060317177476835356,0.44233626700194306
0.06049536707056308,0.44233626700194306
0.06049536707056308,0.44245056577894615
0.060673556664290806,0.44245056577894615
0.060673556664290806,0.4427934621099554
0.06085174625801853,0.4427934621099554
0.06085174625801853,0.4430220596639616
0.06102993585174626,0.4430220596639616
0.06102993585174626,0.44393644987998626
0.061208125445473986,0.44393644987998626
0.061208125445473986,0.44416504743399243
0.06147540983606557,0.44416504743399243
0.06147540983606557,0.4443936449879986
0.06156450463292944,0.4443936449879986
0.06156450463292944,0.44485084009601095
0.0616535994297933,0.44485084009601095
0.0616535994297933,0.4451937364270202
0.061831789023521024,0.4451937364270202
0.061831789023521024,0.4458795290890388
0.06200997861724875,0.4458795290890388
0.06200997861724875,0.44702251685906963
0.06209907341411262,0.44702251685906963
0.06209907341411262,0.44759401074408506
0.06227726300784034,0.44759401074408506
0.06227726300784034,0.4480512058520974
0.0623663578047042,0.4480512058520974
0.0623663578047042,0.44850840096010974
0.06245545260156807,0.44850840096010974
0.06245545260156807,0.44919419362212826
0.0626336421952958,0.44919419362212826
0.0626336421952958,0.44930849239913134
0.06272273699215966,0.44930849239913134
0.06272273699215966,0.44999428506114986
0.06281183178902353,0.44999428506114986
0.06281183178902353,0.45102297405417763
0.06290092658588739,0.45102297405417763
0.06290092658588739,0.4511372728311807
0.06299002138275124,0.4511372728311807
0.06299002138275124,0.45170876671619614
0.06325730577334283,0.45170876671619614
0.06325730577334283,0.4521659618242085
0.0633464005702067,0.4521659618242085
0.0633464005702067,0.45239455937821466
0.06343549536707056,0.45239455937821466
0.06343549536707056,0.45250885815521774
0.06352459016393443,0.45250885815521774
0.06352459016393443,0.452851754486227
0.06361368496079829,0.452851754486227
0.06361368496079829,0.4535375471482455
0.06379187455452602,0.4535375471482455
0.06379187455452602,0.45410904103326094
0.06388096935138989,0.45410904103326094
0.06388096935138989,0.4544519373642702
0.06397006414825374,0.4544519373642702
0.06397006414825374,0.4561664190193165
0.06414825374198146,0.4561664190193165
0.06414825374198146,0.45639501657332265
0.06423734853884533,0.45639501657332265
0.06423734853884533,0.45650931535032574
0.0643264433357092,0.45650931535032574
0.0643264433357092,0.4566236141273288
0.06450463292943692,0.4566236141273288
0.06450463292943692,0.45708080923534117
0.06459372772630079,0.45708080923534117
0.06459372772630079,0.4576523031203566
0.06468282252316465,0.4576523031203566
0.06468282252316465,0.45810949822836894
0.06477191732002852,0.45810949822836894
0.06477191732002852,0.458223797005372
0.06486101211689238,0.458223797005372
0.06486101211689238,0.4584523945593782
0.0650392017106201,0.4584523945593782
0.0650392017106201,0.45868099211338437
0.06512829650748396,0.45868099211338437
0.06512829650748396,0.4591381872213967
0.06539558089807555,0.4591381872213967
0.06539558089807555,0.4592524859983998
0.06548467569493942,0.4592524859983998
0.06548467569493942,0.4593667847754029
0.06557377049180328,0.4593667847754029
0.06557377049180328,0.45948108355240597
0.06566286528866715,0.45948108355240597
0.06566286528866715,0.45959538232940905
0.06575196008553101,0.45959538232940905
0.06575196008553101,0.46039547376843065
0.06584105488239486,0.46039547376843065
0.06584105488239486,0.4606240713224368
0.06593014967925873,0.4606240713224368
0.06593014967925873,0.46096696765344614
0.06619743406985032,0.46096696765344614
0.06619743406985032,0.46153846153846156
0.0667320028510335,0.46153846153846156
0.0667320028510335,0.4618813578694708
0.06691019244476122,0.4618813578694708
0.06691019244476122,0.46256715053148934
0.06699928724162509,0.46256715053148934
0.06699928724162509,0.4626814493084924
0.06708838203848895,0.4626814493084924
0.06708838203848895,0.46313864441650476
0.06717747683535281,0.46313864441650476
0.06717747683535281,0.46325294319350785
0.06726657163221668,0.46325294319350785
0.06726657163221668,0.46336724197051093
0.06771204561653599,0.46336724197051093
0.06771204561653599,0.4635958395245171
0.06780114041339985,0.4635958395245171
0.06780114041339985,0.4638244370785233
0.06789023521026372,0.4638244370785233
0.06789023521026372,0.46393873585552636
0.06797933000712758,0.46393873585552636
0.06797933000712758,0.46416733340953253
0.06824661439771917,0.46416733340953253
0.06824661439771917,0.4651960224025603
0.0684248039914469,0.4651960224025603
0.0684248039914469,0.4654246199565665
0.06851389878831077,0.4654246199565665
0.06851389878831077,0.4667962052806035
0.06860299358517463,0.4667962052806035
0.06860299358517463,0.46713910161161276
0.06869208838203848,0.46713910161161276
0.06869208838203848,0.46736769916561893
0.06887027797576621,0.46736769916561893
0.06887027797576621,0.4675962967196251
0.0691375623663578,0.4675962967196251
0.0691375623663578,0.46793919305063436
0.06931575196008553,0.46793919305063436
0.06931575196008553,0.46805349182763745
0.06967213114754098,0.46805349182763745
0.06967213114754098,0.4691964795976683
0.06993941553813257,0.4691964795976683
0.06993941553813257,0.46976797348268373
0.0701176051318603,0.46976797348268373
0.0701176051318603,0.470110869813693
0.07020669992872416,0.470110869813693
0.07020669992872416,0.4710252600297177
0.07047398431931576,0.4710252600297177
0.07047398431931576,0.47125385758372385
0.07056307911617961,0.47125385758372385
0.07056307911617961,0.47148245513773
0.07074126870990734,0.47148245513773
0.07074126870990734,0.4717110526917362
0.07091945830363507,0.4717110526917362
0.07091945830363507,0.4722825465767516
0.07100855310049893,0.4722825465767516
0.07100855310049893,0.4730826380157732
0.0710976478973628,0.4730826380157732
0.0710976478973628,0.4733112355697794
0.07127583749109052,0.4733112355697794
0.07127583749109052,0.47353983312378556
0.07136493228795439,0.47353983312378556
0.07136493228795439,0.4738827294547948
0.07145402708481825,0.4738827294547948
0.07145402708481825,0.47514001600182876
0.0715431218816821,0.47514001600182876
0.0715431218816821,0.47525431477883184
0.07163221667854597,0.47525431477883184
0.07163221667854597,0.475482912332838
0.07172131147540983,0.475482912332838
0.07172131147540983,0.4762830037718596
0.07198859586600143,0.4762830037718596
0.07198859586600143,0.4765116013258658
0.07207769066286529,0.4765116013258658
0.07207769066286529,0.4766259001028689
0.07234497505345688,0.4766259001028689
0.07234497505345688,0.47811178420390904
0.07243406985032075,0.47811178420390904
0.07243406985032075,0.47868327808892447
0.0725231646471846,0.47868327808892447
0.0725231646471846,0.47891187564293064
0.07270135424091233,0.47891187564293064
0.07270135424091233,0.479369070750943
0.07279044903777619,0.479369070750943
0.07279044903777619,0.47948336952794607
0.07287954383464006,0.47948336952794607
0.07287954383464006,0.47971196708195224
0.07296863863150392,0.47971196708195224
0.07296863863150392,0.4800548634129615
0.07305773342836779,0.4800548634129615
0.07305773342836779,0.4801691621899646
0.07323592302209551,0.4801691621899646
0.07323592302209551,0.48028346096696767
0.07332501781895938,0.48028346096696767
0.07332501781895938,0.4809692536289862
0.0735032074126871,0.4809692536289862
0.0735032074126871,0.48108355240598927
0.07359230220955096,0.48108355240598927
0.07359230220955096,0.48119785118299235
0.07368139700641482,0.48119785118299235
0.07368139700641482,0.4814264487369985
0.07385958660014255,0.4814264487369985
0.07385958660014255,0.48188364384501087
0.07394868139700642,0.48188364384501087
0.07394868139700642,0.48291233283803864
0.07412687099073414,0.48291233283803864
0.07412687099073414,0.4830266316150417
0.07421596578759801,0.4830266316150417
0.07421596578759801,0.483369527946051
0.07430506058446187,0.483369527946051
0.07430506058446187,0.4839410218310664
0.07457234497505345,0.4839410218310664
0.07457234497505345,0.48428391816207567
0.07466143977191732,0.48428391816207567
0.07466143977191732,0.48451251571608184
0.07475053456878118,0.48451251571608184
0.07475053456878118,0.4846268144930849
0.07483962936564505,0.4846268144930849
0.07483962936564505,0.484741113270088
0.07492872416250891,0.484741113270088
0.07492872416250891,0.4849697108240942
0.07510691375623664,0.4849697108240942
0.07510691375623664,0.4857698022631158
0.0751960085531005,0.4857698022631158
0.0751960085531005,0.4862269973711281
0.07537419814682822,0.4862269973711281
0.07537419814682822,0.4863412961481312
0.07546329294369208,0.4863412961481312
0.07546329294369208,0.48679849125614355
0.07564148253741981,0.48679849125614355
0.07564148253741981,0.4872556863641559
0.07573057733428368,0.4872556863641559
0.07573057733428368,0.487369985141159
0.0759087669280114,0.487369985141159
0.0759087669280114,0.48851297291118984
0.07608695652173914,0.48851297291118984
0.07608695652173914,0.4889701680192022
0.07626514611546685,0.4889701680192022
0.07626514611546685,0.48908446679620526
0.07635424091233071,0.48908446679620526
0.07635424091233071,0.4896559606812207
0.07653243050605844,0.4896559606812207
0.07653243050605844,0.49011315578923303
0.07662152530292231,0.49011315578923303
0.07662152530292231,0.4902274545662361
0.07679971489665004,0.4902274545662361
0.07679971489665004,0.4903417533432392
0.0768888096935139,0.4903417533432392
0.0768888096935139,0.4904560521202423
0.07706699928724163,0.4904560521202423
0.07706699928724163,0.49068464967424846
0.0771560940841055,0.49068464967424846
0.0771560940841055,0.49079894845125155
0.07724518888096935,0.49079894845125155
0.07724518888096935,0.49148474111327006
0.07733428367783321,0.49148474111327006
0.07733428367783321,0.49159903989027315
0.07751247327156094,0.49159903989027315
0.07751247327156094,0.49297062521431023
0.0776015680684248,0.49297062521431023
0.0776015680684248,0.4933135215453195
0.07777975766215253,0.4933135215453195
0.07777975766215253,0.4938850154303349
0.0778688524590164,0.4938850154303349
0.0778688524590164,0.4947994056463596
0.07804704205274413,0.4947994056463596
0.07804704205274413,0.4949137044233627
0.07813613684960798,0.4949137044233627
0.07813613684960798,0.4963995885244028
0.0783143264433357,0.4963995885244028
0.0783143264433357,0.4965138873014059
0.07840342124019957,0.4965138873014059
0.07840342124019957,0.49765687507143674
0.07849251603706343,0.49765687507143674
0.07849251603706343,0.4981140701794491
0.07867070563079116,0.4981140701794491
0.07867070563079116,0.49845696651045834
0.07884889522451889,0.49845696651045834
0.07884889522451889,0.49857126528746143
0.07893799002138276,0.49857126528746143
0.07893799002138276,0.4987998628414676
0.07920527441197434,0.4987998628414676
0.07920527441197434,0.49902846039547377
0.0792943692088382,0.49902846039547377
0.0792943692088382,0.49914275917247686
0.07938346400570206,0.49914275917247686
0.07938346400570206,0.4994856555034861
0.07947255880256593,0.4994856555034861
0.07947255880256593,0.4995999542804892
0.07982893799002139,0.4995999542804892
0.07982893799002139,0.49994285061149846
0.07991803278688525,0.49994285061149846
0.07991803278688525,0.5009715396045262
0.08009622238061297,0.5009715396045262
0.08009622238061297,0.5012001371585324
0.08018531717747683,0.5012001371585324
0.08018531717747683,0.5015430334895417
0.0802744119743407,0.5015430334895417
0.0802744119743407,0.502000228597554
0.08036350677120456,0.502000228597554
0.08036350677120456,0.5023431249285633
0.08045260156806842,0.5023431249285633
0.08045260156806842,0.5029146188135787
0.08071988595866002,0.5029146188135787
0.08071988595866002,0.5032575151445879
0.08089807555238775,0.5032575151445879
0.08089807555238775,0.5042862041376157
0.08134354953670705,0.5042862041376157
0.08134354953670705,0.5048576980226311
0.08143264433357092,0.5048576980226311
0.08143264433357092,0.5054291919076466
0.08161083392729865,0.5054291919076466
0.08161083392729865,0.5055434906846497
0.08169992872416251,0.5055434906846497
0.08169992872416251,0.5056577894616527
0.08178902352102638,0.5056577894616527
0.08178902352102638,0.5058863870156589
0.08187811831789024,0.5058863870156589
0.08187811831789024,0.5062292833466682
0.08196721311475409,0.5062292833466682
0.08196721311475409,0.5064578809006743
0.08205630791161796,0.5064578809006743
0.08205630791161796,0.5065721796776774
0.08214540270848182,0.5065721796776774
0.08214540270848182,0.5068007772316836
0.08223449750534569,0.5068007772316836
0.08223449750534569,0.5071436735626929
0.08232359230220955,0.5071436735626929
0.08232359230220955,0.507372271116699
0.08241268709907341,0.507372271116699
0.08241268709907341,0.5076008686707052
0.08250178189593728,0.5076008686707052
0.08250178189593728,0.5078294662247114
0.08250178189593728,0.5080580637787175
0.08250178189593728,0.5081723625557206
0.08267997148966501,0.5081723625557206
0.08267997148966501,0.5082866613327237
0.08285816108339274,0.5082866613327237
0.08285816108339274,0.508629557663733
0.08294725588025659,0.508629557663733
0.08294725588025659,0.508743856440736
0.08303635067712045,0.508743856440736
0.08303635067712045,0.5090867527717453
0.08312544547398432,0.5090867527717453
0.08312544547398432,0.5095439478797577
0.08321454027084818,0.5095439478797577
0.08321454027084818,0.5098868442107669
0.08330363506771205,0.5098868442107669
0.08330363506771205,0.5102297405417762
0.08339272986457591,0.5102297405417762
0.08339272986457591,0.5104583380957823
0.08348182466143977,0.5104583380957823
0.08348182466143977,0.5106869356497885
0.08357091945830364,0.5106869356497885
0.08357091945830364,0.5109155332037947
0.0836600142551675,0.5109155332037947
0.0836600142551675,0.5112584295348039
0.08383820384889522,0.5112584295348039
0.08383820384889522,0.511372728311807
0.08392729864575908,0.511372728311807
0.08392729864575908,0.5114870270888101
0.08410548823948681,0.5114870270888101
0.08410548823948681,0.5119442221968225
0.08419458303635068,0.5119442221968225
0.08419458303635068,0.5121728197508286
0.08455096222380613,0.5121728197508286
0.08455096222380613,0.5128586124128471
0.08472915181753386,0.5128586124128471
0.08472915181753386,0.5132015087438564
0.08481824661439771,0.5132015087438564
0.08481824661439771,0.5143444965138873
0.08490734141126158,0.5143444965138873
0.08490734141126158,0.5145730940678934
0.08499643620812544,0.5145730940678934
0.08499643620812544,0.5148016916218996
0.0850855310049893,0.5148016916218996
0.0850855310049893,0.5150302891759058
0.08517462580185317,0.5150302891759058
0.08517462580185317,0.5152588867299119
0.0853528153955809,0.5152588867299119
0.0853528153955809,0.5159446793919306
0.08544191019244476,0.5159446793919306
0.08544191019244476,0.5168590696079552
0.08553100498930863,0.5168590696079552
0.08553100498930863,0.5169733683849583
0.08597647897362794,0.5169733683849583
0.08597647897362794,0.5172019659389645
0.08615466856735567,0.5172019659389645
0.08615466856735567,0.5173162647159676
0.08624376336421953,0.5173162647159676
0.08624376336421953,0.5174305634929707
0.0863328581610834,0.5174305634929707
0.0863328581610834,0.5175448622699738
0.08668923734853884,0.5175448622699738
0.08668923734853884,0.5177734598239799
0.0867783321454027,0.5177734598239799
0.0867783321454027,0.517887758600983
0.08686742694226657,0.517887758600983
0.08686742694226657,0.5181163561549892
0.08713471133285816,0.5181163561549892
0.08713471133285816,0.5182306549319923
0.08722380612972203,0.5182306549319923
0.08722380612972203,0.5183449537089954
0.08731290092658589,0.5183449537089954
0.08731290092658589,0.5185735512630015
0.08740199572344975,0.5185735512630015
0.08740199572344975,0.5186878500400046
0.0877583749109052,0.5186878500400046
0.0877583749109052,0.5190307463710139
0.08784746970776906,0.5190307463710139
0.08784746970776906,0.5197165390330324
0.08793656450463293,0.5197165390330324
0.08793656450463293,0.5198308378100355
0.08802565930149679,0.5198308378100355
0.08802565930149679,0.5200594353640416
0.08820384889522452,0.5200594353640416
0.08820384889522452,0.5202880329180478
0.08829294369208839,0.5202880329180478
0.08829294369208839,0.5209738255800663
0.08838203848895225,0.5209738255800663
0.08838203848895225,0.5212024231340725
0.08847113328581611,0.5212024231340725
0.08847113328581611,0.5214310206880787
0.08856022808267996,0.5214310206880787
0.08856022808267996,0.5223454109041034
0.08864932287954383,0.5223454109041034
0.08864932287954383,0.5226883072351126
0.0887384176764077,0.5226883072351126
0.0887384176764077,0.5233740998971311
0.08882751247327156,0.5233740998971311
0.08882751247327156,0.5237169962281404
0.08891660727013542,0.5237169962281404
0.08891660727013542,0.5238312950051435
0.08900570206699929,0.5238312950051435
0.08900570206699929,0.5240598925591496
0.08909479686386315,0.5240598925591496
0.08909479686386315,0.524517087667162
0.08927298645759088,0.524517087667162
0.08927298645759088,0.5246313864441651
0.08936208125445474,0.5246313864441651
0.08936208125445474,0.5249742827751743
0.08962936564504632,0.5249742827751743
0.08962936564504632,0.5260029717682021
0.08971846044191019,0.5260029717682021
0.08971846044191019,0.5264601668762144
0.08980755523877405,0.5264601668762144
0.08980755523877405,0.527145959538233
0.08998574483250178,0.527145959538233
0.08998574483250178,0.527260258315236
0.09007483962936565,0.527260258315236
0.09007483962936565,0.5279460509772546
0.09016393442622951,0.5279460509772546
0.09016393442622951,0.5280603497542576
0.09025302922309338,0.5280603497542576
0.09025302922309338,0.5282889473082638
0.09034212401995724,0.5282889473082638
0.09034212401995724,0.52851754486227
0.09052031361368496,0.52851754486227
0.09052031361368496,0.5286318436392731
0.09069850320741268,0.5286318436392731
0.09069850320741268,0.5289747399702823
0.09087669280114041,0.5289747399702823
0.09087669280114041,0.5290890387472854
0.09096578759800428,0.5290890387472854
0.09096578759800428,0.5293176363012916
0.09105488239486814,0.5293176363012916
0.09105488239486814,0.5295462338552978
0.091143977191732,0.5295462338552978
0.091143977191732,0.5297748314093039
0.09123307198859587,0.5297748314093039
0.09123307198859587,0.5300034289633101
0.09132216678545974,0.5301177277403132
0.09132216678545974,0.5303463252943194
0.09150035637918745,0.5303463252943194
0.09150035637918745,0.5304606240713224
0.09176764076977904,0.5304606240713224
0.09176764076977904,0.5305749228483255
0.09185673556664291,0.5305749228483255
0.09185673556664291,0.5317179106183564
0.09194583036350677,0.5317179106183564
0.09194583036350677,0.5322894045033718
0.09203492516037064,0.5322894045033718
0.09203492516037064,0.532518002057378
0.0921240199572345,0.532518002057378
0.0921240199572345,0.5326323008343811
0.09221311475409837,0.5326323008343811
0.09221311475409837,0.5327465996113842
0.09248039914468995,0.5327465996113842
0.09248039914468995,0.5333180934963996
0.09256949394155381,0.5333180934963996
0.09256949394155381,0.5334323922734027
0.09265858873841767,0.5334323922734027
0.09265858873841767,0.5337752886044119
0.09292587312900927,0.5337752886044119
0.09292587312900927,0.5341181849354212
0.09301496792587313,0.5341181849354212
0.09301496792587313,0.5348039775974397
0.093104062722737,0.5348039775974397
0.093104062722737,0.5349182763744428
0.093104062722737,0.535146873928449
0.09319315751960086,0.535146873928449
0.09319315751960086,0.5356040690364613
0.09328225231646471,0.5356040690364613
0.09328225231646471,0.5358326665904675
0.09337134711332858,0.5358326665904675
0.09337134711332858,0.5359469653674706
0.09346044191019244,0.5359469653674706
0.09346044191019244,0.5360612641444736
0.0935495367070563,0.5360612641444736
0.0935495367070563,0.5361755629214767
0.09363863150392017,0.5361755629214767
0.09363863150392017,0.5362898616984798
0.0938168210976479,0.5362898616984798
0.0938168210976479,0.5366327580294891
0.09390591589451176,0.5366327580294891
0.09390591589451176,0.5373185506915076
0.09399501069137563,0.5373185506915076
0.09399501069137563,0.5374328494685107
0.0942622950819672,0.5374328494685107
0.0942622950819672,0.5375471482455138
0.09444048467569494,0.5375471482455138
0.09444048467569494,0.5380043433535261
0.09461867426942266,0.5380043433535261
0.09461867426942266,0.5381186421305292
0.09470776906628653,0.5381186421305292
0.09470776906628653,0.5388044347925477
0.09506414825374199,0.5388044347925477
0.09506414825374199,0.5389187335695508
0.0952423378474697,0.5389187335695508
0.0952423378474697,0.53926162990056
0.09533143264433357,0.53926162990056
0.09533143264433357,0.5393759286775631
0.09586600142551675,0.5393759286775631
0.09586600142551675,0.5402903188935878
0.09595509622238062,0.5402903188935878
0.09595509622238062,0.540518916447594
0.09604419101924448,0.540518916447594
0.09604419101924448,0.5406332152245971
0.0962223806129722,0.5406332152245971
0.0962223806129722,0.5407475140016001
0.09631147540983606,0.5407475140016001
0.09631147540983606,0.5410904103326094
0.09648966500356379,0.5410904103326094
0.09648966500356379,0.5413190078866156
0.09657875980042765,0.5413190078866156
0.09657875980042765,0.5414333066636187
0.09666785459729152,0.5414333066636187
0.09666785459729152,0.5420048005486341
0.09693513898788311,0.5420048005486341
0.09693513898788311,0.5423476968796433
0.09711332858161083,0.5423476968796433
0.09711332858161083,0.5426905932106526
0.09720242337847469,0.5426905932106526
0.09720242337847469,0.5428048919876557
0.09729151817533856,0.5428048919876557
0.09729151817533856,0.5430334895416619
0.09746970776906629,0.5430334895416619
0.09746970776906629,0.5433763858726711
0.09755880256593015,0.5433763858726711
0.09755880256593015,0.5436049834266773
0.09764789736279401,0.5436049834266773
0.09764789736279401,0.5442907760886958
0.09773699215965788,0.5442907760886958
0.09773699215965788,0.544519373642702
0.09782608695652174,0.544519373642702
0.09782608695652174,0.5446336724197051
0.09791518175338561,0.5446336724197051
0.09791518175338561,0.5447479711967081
0.09800427655024947,0.5447479711967081
0.09800427655024947,0.5449765687507143
0.09818246614397719,0.5449765687507143
0.09818246614397719,0.5455480626357297
0.09836065573770492,0.5455480626357297
0.09836065573770492,0.5462338552977483
0.09844975053456878,0.5462338552977483
0.09844975053456878,0.5465767516287575
0.09862794012829651,0.5465767516287575
0.09862794012829651,0.5466910504057606
0.09871703492516037,0.5466910504057606
0.09871703492516037,0.5471482455137731
0.09880612972202424,0.5471482455137731
0.09880612972202424,0.5477197393987885
0.0988952245188881,0.5477197393987885
0.0988952245188881,0.5480626357297977
0.09907341411261582,0.5480626357297977
0.09907341411261582,0.548405532060807
0.09925160370634355,0.548405532060807
0.09925160370634355,0.5486341296148132
0.09934069850320741,0.5486341296148132
0.09934069850320741,0.5487484283918163
0.09969707769066287,0.5487484283918163
0.09969707769066287,0.5494342210538348
0.09978617248752673,0.5494342210538348
0.09978617248752673,0.5495485198308379
0.0998752672843906,0.5495485198308379
0.0998752672843906,0.5496628186078409
0.09996436208125445,0.5496628186078409
0.09996436208125445,0.5498914161618471
0.10005345687811831,0.5498914161618471
0.10005345687811831,0.5500057149388502
0.10023164647184604,0.5500057149388502
0.10023164647184604,0.5502343124928564
0.10049893086243764,0.5502343124928564
0.10049893086243764,0.5505772088238656
0.10076621525302923,0.5505772088238656
0.10076621525302923,0.5508058063778718
0.10085531004989308,0.5508058063778718
0.10085531004989308,0.551034403931878
0.10094440484675694,0.551034403931878
0.10094440484675694,0.5514915990398903
0.10103349964362081,0.5514915990398903
0.10103349964362081,0.5517201965938965
0.10121168923734854,0.5517201965938965
0.10121168923734854,0.5518344953708996
0.1013007840342124,0.5518344953708996
0.1013007840342124,0.5519487941479027
0.10138987883107627,0.5519487941479027
0.10138987883107627,0.5520630929249057
0.101568068424804,0.5520630929249057
0.101568068424804,0.5527488855869243
0.10174625801853172,0.5527488855869243
0.10174625801853172,0.5528631843639273
0.10192444761225944,0.5528631843639273
0.10192444761225944,0.5534346782489428
0.1022808267997149,0.5534346782489428
0.1022808267997149,0.553777574579952
0.10245901639344263,0.553777574579952
0.10245901639344263,0.5538918733569551
0.10263720598717035,0.5538918733569551
0.10263720598717035,0.5541204709109613
0.10281539558089807,0.5541204709109613
0.10281539558089807,0.5544633672419705
0.10290449037776193,0.5544633672419705
0.10290449037776193,0.5546919647959767
0.1029935851746258,0.5546919647959767
0.1029935851746258,0.5548062635729798
0.10308267997148966,0.5548062635729798
0.10308267997148966,0.5553777574579952
0.10317177476835353,0.5553777574579952
0.10317177476835353,0.5558349525660076
0.10326086956521739,0.5558349525660076
0.10326086956521739,0.5565207452280261
0.10334996436208126,0.5565207452280261
0.10334996436208126,0.5566350440050292
0.10343905915894512,0.5566350440050292
0.10343905915894512,0.5567493427820323
0.10361724875267285,0.5567493427820323
0.10361724875267285,0.5568636415590353
0.1037063435495367,0.5568636415590353
0.1037063435495367,0.5572065378900446
0.1039736279401283,0.5572065378900446
0.1039736279401283,0.5580066293290662
0.10424091233071989,0.5580066293290662
0.10424091233071989,0.5583495256600755
0.10459729151817534,0.5583495256600755
0.10459729151817534,0.5584638244370785
0.1046863863150392,0.5584638244370785
0.1046863863150392,0.5588067207680878
0.10477548111190306,0.5588067207680878
0.10477548111190306,0.5589210195450909
0.10486457590876692,0.5589210195450909
0.10486457590876692,0.559149617099097
0.10504276550249465,0.559149617099097
0.10504276550249465,0.5594925134301063
0.10513186029935852,0.5594925134301063
0.10513186029935852,0.5598354097611156
0.10522095509622238,0.5598354097611156
0.10522095509622238,0.5600640073151217
0.10539914468995011,0.5600640073151217
0.10539914468995011,0.5605212024231341
0.10548823948681398,0.5605212024231341
0.10548823948681398,0.5615498914161619
0.10566642908054169,0.5615498914161619
0.10566642908054169,0.5618927877471711
0.10575552387740556,0.5618927877471711
0.10575552387740556,0.5620070865241742
0.10584461867426942,0.5620070865241742
0.10584461867426942,0.5621213853011773
0.10602280826799715,0.5621213853011773
0.10602280826799715,0.5622356840781804
0.10611190306486101,0.5622356840781804
0.10611190306486101,0.5623499828551835
0.10620099786172488,0.5623499828551835
0.10620099786172488,0.5624642816321865
0.10664647184604419,0.5624642816321865
0.10664647184604419,0.5628071779631958
0.10682466143977191,0.5628071779631958
0.10682466143977191,0.5632643730712081
0.10727013542409124,0.5632643730712081
0.10727013542409124,0.5639501657332266
0.1073592302209551,0.5639501657332266
0.1073592302209551,0.5640644645102297
0.10744832501781897,0.5640644645102297
0.10744832501781897,0.5641787632872328
0.10753741981468282,0.5641787632872328
0.10753741981468282,0.564407360841239
0.10762651461154668,0.564407360841239
0.10762651461154668,0.5646359583952452
0.10780470420527441,0.5646359583952452
0.10780470420527441,0.5649788547262544
0.10789379900213827,0.5649788547262544
0.10789379900213827,0.5650931535032575
0.10816108339272987,0.5650931535032575
0.10816108339272987,0.5653217510572637
0.10825017818959373,0.5653217510572637
0.10825017818959373,0.5655503486112698
0.1083392729864576,0.5655503486112698
0.1083392729864576,0.5660075437192822
0.10842836778332145,0.5660075437192822
0.10842836778332145,0.5661218424962853
0.10851746258018531,0.5661218424962853
0.10851746258018531,0.5663504400502914
0.1090520313613685,0.5663504400502914
0.1090520313613685,0.5666933363813007
0.1094975053456878,0.5666933363813007
0.1094975053456878,0.56703623271231
0.10958660014255167,0.56703623271231
0.10958660014255167,0.567150531489313
0.10967569493941554,0.567150531489313
0.10967569493941554,0.5676077265973254
0.10994297933000713,0.5676077265973254
0.10994297933000713,0.5679506229283346
0.11012116892373486,0.5679506229283346
0.11012116892373486,0.5682935192593439
0.11021026372059872,0.5682935192593439
0.11021026372059872,0.5688650131443593
0.11038845331432644,0.5688650131443593
0.11038845331432644,0.5689793119213624
0.1104775481111903,0.5689793119213624
0.1104775481111903,0.5690936106983655
0.11056664290805417,0.5690936106983655
0.11056664290805417,0.5696651045833809
0.11083392729864576,0.5696651045833809
0.11083392729864576,0.5700080009143902
0.11092302209550962,0.5700080009143902
0.11092302209550962,0.5701222996913933
0.11136849607982893,0.5701222996913933
0.11136849607982893,0.5705794947994056
0.11163578047042053,0.5705794947994056
0.11163578047042053,0.5706937935764087
0.11172487526728439,0.5706937935764087
0.11172487526728439,0.5708080923534118
0.11181397006414825,0.5708080923534118
0.11181397006414825,0.571150988684421
0.11190306486101212,0.571150988684421
0.11190306486101212,0.5712652874614241
0.11199215965787598,0.5712652874614241
0.11199215965787598,0.5719510801234426
0.11208125445473985,0.5719510801234426
0.11208125445473985,0.5727511715624642
0.11217034925160371,0.5727511715624642
0.11217034925160371,0.5728654703394673
0.11225944404846756,0.5728654703394673
0.11225944404846756,0.5730940678934735
0.11234853884533143,0.5730940678934735
0.11234853884533143,0.5732083666704766
0.11243763364219529,0.5732083666704766
0.11243763364219529,0.5733226654474797
0.11270491803278689,0.5733226654474797
0.11270491803278689,0.5734369642244828
0.11279401282965075,0.5734369642244828
0.11279401282965075,0.5736655617784889
0.11288310762651461,0.5736655617784889
0.11288310762651461,0.573779860555492
0.11315039201710621,0.573779860555492
0.11315039201710621,0.5741227568865013
0.11323948681397006,0.5741227568865013
0.11323948681397006,0.5743513544405074
0.11332858161083392,0.5743513544405074
0.11332858161083392,0.5745799519945136
0.11341767640769779,0.5745799519945136
0.11341767640769779,0.5752657446565321
0.11350677120456165,0.5752657446565321
0.11350677120456165,0.5756086409875414
0.11359586600142552,0.5756086409875414
0.11359586600142552,0.5758372385415476
0.11368496079828938,0.5758372385415476
0.11368496079828938,0.5762944336495599
0.11404133998574484,0.5762944336495599
0.11404133998574484,0.576408732426563
0.11413043478260869,0.576408732426563
0.11413043478260869,0.5766373299805692
0.11421952957947255,0.5766373299805692
0.11421952957947255,0.5767516287575722
0.11439771917320028,0.5767516287575722
0.11439771917320028,0.5778946165276031
0.11448681397006415,0.5778946165276031
0.11448681397006415,0.5781232140816093
0.11457590876692801,0.5781232140816093
0.11457590876692801,0.5785804091896217
0.11475409836065574,0.5785804091896217
0.11475409836065574,0.5788090067436279
0.1148431931575196,0.5788090067436279
0.1148431931575196,0.578923305520631
0.11502138275124733,0.578923305520631
0.11502138275124733,0.5796090981826495
0.11528866714183891,0.5796090981826495
0.11528866714183891,0.5797233969596526
0.11564504632929437,0.5797233969596526
0.11564504632929437,0.5798376957366557
0.11573414112615824,0.5798376957366557
0.11573414112615824,0.5801805920676649
0.11600142551674983,0.5801805920676649
0.11600142551674983,0.5804091896216711
0.11609052031361368,0.5804091896216711
0.11609052031361368,0.5805234883986742
0.11617961511047754,0.5805234883986742
0.11617961511047754,0.5807520859526804
0.11635780470420527,0.5807520859526804
0.11635780470420527,0.5808663847296834
0.116535994297933,0.5808663847296834
0.116535994297933,0.5812092810606927
0.1168032786885246,0.5812092810606927
0.1168032786885246,0.5814378786146989
0.11707056307911617,0.5814378786146989
0.11707056307911617,0.581552177391702
0.11733784746970777,0.581552177391702
0.11733784746970777,0.5820093724997143
0.11742694226657163,0.5820093724997143
0.11742694226657163,0.5823522688307236
0.11769422665716323,0.5823522688307236
0.11769422665716323,0.5828094639387359
0.11778332145402709,0.5828094639387359
0.11778332145402709,0.5832666590467482
0.1182287954383464,0.5832666590467482
0.1182287954383464,0.5839524517087668
0.11831789023521026,0.5839524517087668
0.11831789023521026,0.5844096468167791
0.11858517462580186,0.5844096468167791
0.11858517462580186,0.5845239455937822
0.11885245901639344,0.5845239455937822
0.11885245901639344,0.5848668419247914
0.1189415538132573,0.5848668419247914
0.1189415538132573,0.5852097382558007
0.11938702779757662,0.5852097382558007
0.11938702779757662,0.585666933363813
0.11956521739130435,0.585666933363813
0.11956521739130435,0.5861241284718254
0.11965431218816822,0.5861241284718254
0.11965431218816822,0.5862384272488285
0.11983250178189593,0.5862384272488285
0.11983250178189593,0.586924219910847
0.1199215965787598,0.586924219910847
0.1199215965787598,0.5870385186878501
0.12009978617248752,0.5870385186878501
0.12009978617248752,0.5876100125728655
0.12027797576621525,0.5876100125728655
0.12027797576621525,0.5879529089038747
0.12081254454739843,0.5879529089038747
0.12081254454739843,0.588295805234884
0.12090163934426229,0.588295805234884
0.12090163934426229,0.5884101040118871
0.12099073414112615,0.5884101040118871
0.12099073414112615,0.5890958966739056
0.12107982893799002,0.5890958966739056
0.12107982893799002,0.5897816893359241
0.12116892373485388,0.5897816893359241
0.12116892373485388,0.5900102868899303
0.12125801853171775,0.5900102868899303
0.12125801853171775,0.5901245856669334
0.12134711332858161,0.5901245856669334
0.12134711332858161,0.5902388844439365
0.12143620812544548,0.5902388844439365
0.12143620812544548,0.5903531832209395
0.12152530292230934,0.5903531832209395
0.12152530292230934,0.5905817807749457
0.12188168210976479,0.5905817807749457
0.12188168210976479,0.5912675734369642
0.12205987170349251,0.5912675734369642
0.12205987170349251,0.5913818722139673
0.12214896650035638,0.5913818722139673
0.12214896650035638,0.5914961709909704
0.12223806129722024,0.5914961709909704
0.12223806129722024,0.5917247685449766
0.12232715609408411,0.5917247685449766
0.12232715609408411,0.5918390673219797
0.1225944404846757,0.5918390673219797
0.1225944404846757,0.5919533660989827
0.12268353528153955,0.5919533660989827
0.12268353528153955,0.592296262429992
0.12277263007840342,0.592296262429992
0.12277263007840342,0.5924105612069951
0.12286172487526728,0.5924105612069951
0.12286172487526728,0.5926391587610013
0.12303991446899501,0.5926391587610013
0.12303991446899501,0.5928677563150074
0.12321810406272274,0.5928677563150074
0.12321810406272274,0.5929820550920105
0.1233071988595866,0.5929820550920105
0.1233071988595866,0.5932106526460167
0.12339629365645047,0.5932106526460167
0.12339629365645047,0.5933249514230198
0.12384176764076978,0.5933249514230198
0.12384176764076978,0.593667847754029
0.12393086243763364,0.593667847754029
0.12393086243763364,0.5937821465310321
0.12419814682822523,0.5937821465310321
0.12419814682822523,0.5938964453080352
0.1242872416250891,0.5938964453080352
0.1242872416250891,0.5940107440850383
0.12455452601568068,0.5940107440850383
0.12455452601568068,0.5942393416390445
0.12464362081254454,0.5942393416390445
0.12464362081254454,0.5943536404160475
0.125,0.5943536404160475
0.125,0.5945822379700537
0.1252672843905916,0.5945822379700537
0.1252672843905916,0.594925134301063
0.12535637918745546,0.594925134301063
0.12535637918745546,0.5950394330780661
0.1255345687811832,0.5950394330780661
0.1255345687811832,0.5951537318550691
0.12571275837491092,0.5951537318550691
0.12571275837491092,0.5952680306320722
0.12598004276550248,0.5952680306320722
0.12598004276550248,0.5954966281860784
0.12606913756236635,0.5954966281860784
0.12606913756236635,0.5958395245170877
0.1261582323592302,0.5958395245170877
0.1261582323592302,0.5959538232940907
0.12624732715609407,0.5959538232940907
0.12624732715609407,0.5960681220710938
0.1264255167498218,0.5960681220710938
0.1264255167498218,0.5961824208480969
0.12651461154668567,0.5961824208480969
0.12651461154668567,0.5966396159561093
0.1266928011404134,0.5966396159561093
0.1266928011404134,0.5970968110641216
0.12678189593727726,0.5970968110641216
0.12678189593727726,0.5972111098411247
0.126960085531005,0.5972111098411247
0.126960085531005,0.5973254086181278
0.12722736992159658,0.5973254086181278
0.12722736992159658,0.5974397073951309
0.12749465431218818,0.5974397073951309
0.12749465431218818,0.5988112927191679
0.1276728439059159,0.5988112927191679
0.1276728439059159,0.5992684878271802
0.12776193870277977,0.5992684878271802
0.12776193870277977,0.5993827866041833
0.12794012829650747,0.5993827866041833
0.12794012829650747,0.6005257743742142
0.12802922309337134,0.6005257743742142
0.12802922309337134,0.6007543719282203
0.12820741268709906,0.6007543719282203
0.12820741268709906,0.6009829694822265
0.1283856022808268,0.6009829694822265
0.1283856022808268,0.6010972682592296
0.12856379187455452,0.6010972682592296
0.12856379187455452,0.6012115670362327
0.1286528866714184,0.6012115670362327
0.1286528866714184,0.6014401645902389
0.12883107626514612,0.6014401645902389
0.12883107626514612,0.601668762144245
0.12892017106200998,0.601668762144245
0.12892017106200998,0.6018973596982512
0.12900926585887385,0.6018973596982512
0.12900926585887385,0.6022402560292605
0.1290983606557377,0.6022402560292605
0.1290983606557377,0.6024688535832666
0.12918745545260157,0.6024688535832666
0.12918745545260157,0.6028117499142759
0.1293656450463293,0.6028117499142759
0.1293656450463293,0.602926048691279
0.12945473984319317,0.602926048691279
0.12945473984319317,0.6031546462452851
0.1296329294369209,0.6031546462452851
0.1296329294369209,0.6032689450222882
0.12972202423378476,0.6032689450222882
0.12972202423378476,0.6036118413532975
0.1298111190306486,0.6036118413532975
0.1298111190306486,0.6037261401303006
0.12998930862437633,0.6037261401303006
0.12998930862437633,0.6038404389073037
0.1300784034212402,0.6038404389073037
0.1300784034212402,0.6040690364613098
0.13016749821810406,0.6040690364613098
0.13016749821810406,0.6041833352383129
0.13025659301496792,0.6041833352383129
0.13025659301496792,0.604297634015316
0.13034568781183178,0.604297634015316
0.13034568781183178,0.6044119327923191
0.13061297220242338,0.6044119327923191
0.13061297220242338,0.6045262315693222
0.13096935138987884,0.6045262315693222
0.13096935138987884,0.6046405303463253
0.1310584461867427,0.6046405303463253
0.1310584461867427,0.6048691279003314
0.13141482537419816,0.6048691279003314
0.13141482537419816,0.6050977254543376
0.13150392017106202,0.6050977254543376
0.13150392017106202,0.6054406217853469
0.1315930149679259,0.6054406217853469
0.1315930149679259,0.6057835181163561
0.13186029935851745,0.6057835181163561
0.13186029935851745,0.6058978168933592
0.13194939415538132,0.6058978168933592
0.13194939415538132,0.6060121156703623
0.13212758374910905,0.6060121156703623
0.13212758374910905,0.6064693107783746
0.13239486813970064,0.6064693107783746
0.13239486813970064,0.6066979083323808
0.13257305773342837,0.6066979083323808
0.13257305773342837,0.6068122071093839
0.13284034212401996,0.6068122071093839
0.13284034212401996,0.6071551034403931
0.13355310049893085,0.6071551034403931
0.13355310049893085,0.6078408961024117
0.13373129009265858,0.6078408961024117
0.13373129009265858,0.6081837924334209
0.13382038488952244,0.6081837924334209
0.13382038488952244,0.6084123899874271
0.1339094796863863,0.6084123899874271
0.1339094796863863,0.6086409875414333
0.1341767640769779,0.6086409875414333
0.1341767640769779,0.6087552863184363
0.13426585887384176,0.6087552863184363
0.13426585887384176,0.6090981826494456
0.13435495367070563,0.6090981826494456
0.13435495367070563,0.609441078980455
0.1344440484675695,0.609441078980455
0.1344440484675695,0.609555377757458
0.13453314326443336,0.609555377757458
0.13453314326443336,0.6100125728654704
0.1347113328581611,0.6100125728654704
0.1347113328581611,0.6101268716424735
0.13506771204561654,0.6101268716424735
0.13506771204561654,0.6103554691964796
0.1351568068424804,0.6103554691964796
0.1351568068424804,0.6104697679734827
0.13524590163934427,0.6104697679734827
0.13524590163934427,0.6105840667504858
0.13533499643620814,0.6105840667504858
0.13533499643620814,0.610812664304492
0.13542409123307197,0.610812664304492
0.13542409123307197,0.6110412618584982
0.13551318602993584,0.6110412618584982
0.13551318602993584,0.6116127557435136
0.13569137562366357,0.6116127557435136
0.13569137562366357,0.6119556520745228
0.13578047042052743,0.6119556520745228
0.13578047042052743,0.612184249628529
0.1358695652173913,0.612184249628529
0.1358695652173913,0.6122985484055321
0.13649322879543835,0.6122985484055321
0.13649322879543835,0.6124128471825352
0.13676051318602994,0.6124128471825352
0.13676051318602994,0.6125271459595383
0.1368496079828938,0.6125271459595383
0.1368496079828938,0.6126414447365414
0.13702779757662154,0.6126414447365414
0.13702779757662154,0.6127557435135444
0.13738417676407697,0.6127557435135444
0.13738417676407697,0.6132129386215568
0.1375623663578047,0.6132129386215568
0.1375623663578047,0.6133272373985599
0.13765146115466856,0.6133272373985599
0.13765146115466856,0.613441536175563
0.13774055595153242,0.613441536175563
0.13774055595153242,0.6136701337295691
0.1378296507483963,0.6136701337295691
0.1378296507483963,0.6137844325065722
0.13818602993585175,0.6137844325065722
0.13818602993585175,0.6140130300605784
0.1382751247327156,0.6140130300605784
0.1382751247327156,0.6142416276145846
0.13836421952957947,0.6142416276145846
0.13836421952957947,0.6143559263915876
0.1385424091233072,0.6143559263915876
0.1385424091233072,0.6146988227225969
0.13863150392017107,0.6146988227225969
0.13863150392017107,0.6150417190536062
0.13872059871703493,0.6150417190536062
0.13872059871703493,0.6151560178306092
0.13889878831076266,0.6151560178306092
0.13889878831076266,0.6156132129386216
0.1392551674982181,0.6156132129386216
0.1392551674982181,0.6164133043776432
0.13943335709194582,0.6164133043776432
0.13943335709194582,0.6166419019316494
0.13952245188880968,0.6166419019316494
0.13952245188880968,0.6169847982626586
0.139967925873129,0.6169847982626586
0.139967925873129,0.6170990970396617
0.14032430506058446,0.6170990970396617
0.14032430506058446,0.6173276945936679
0.14041339985744833,0.6173276945936679
0.14041339985744833,0.6177848897016802
0.1405024946543122,0.6177848897016802
0.1405024946543122,0.6178991884786833
0.14068068424803992,0.6178991884786833
0.14068068424803992,0.6182420848096926
0.1407697790449038,0.6182420848096926
0.1407697790449038,0.6183563835866956
0.14085887384176765,0.6183563835866956
0.14085887384176765,0.6185849811407018
0.14094796863863152,0.6185849811407018
0.14094796863863152,0.6186992799177049
0.14103706343549538,0.6186992799177049
0.14103706343549538,0.6189278774717111
0.14112615823235922,0.6189278774717111
0.14112615823235922,0.6190421762487142
0.14121525302922308,0.6190421762487142
0.14121525302922308,0.6196136701337296
0.14130434782608695,0.6196136701337296
0.14130434782608695,0.6199565664647388
0.14148253741981467,0.6199565664647388
0.14148253741981467,0.6200708652417419
0.14157163221667854,0.6200708652417419
0.14157163221667854,0.620185164018745
0.1416607270135424,0.620185164018745
0.1416607270135424,0.6202994627957481
0.141928011404134,0.6202994627957481
0.141928011404134,0.6206423591267574
0.14201710620099786,0.6206423591267574
0.14201710620099786,0.6212138530117728
0.14237348538845332,0.6212138530117728
0.14237348538845332,0.6222425420048006
0.1426407697790449,0.6222425420048006
0.1426407697790449,0.6225854383358098
0.1429080541696365,0.6225854383358098
0.1429080541696365,0.6230426334438222
0.14299714896650034,0.6230426334438222
0.14299714896650034,0.6231569322208252
0.1430862437633642,0.6231569322208252
0.1430862437633642,0.6234998285518345
0.1433535281539558,0.6234998285518345
0.1433535281539558,0.6237284261058407
0.14344262295081966,0.6237284261058407
0.14344262295081966,0.6238427248828438
0.143888096935139,0.6238427248828438
0.143888096935139,0.6244142187678592
0.14406628652886672,0.6244142187678592
0.14406628652886672,0.6245285175448623
0.14415538132573058,0.6245285175448623
0.14415538132573058,0.6246428163218654
0.14451176051318604,0.6246428163218654
0.14451176051318604,0.6251000114298777
0.1446008553100499,0.6251000114298777
0.1446008553100499,0.6259001028688993
0.14468995010691377,0.6259001028688993
0.14468995010691377,0.6260144016459024
0.1448681397006415,0.6260144016459024
0.1448681397006415,0.6261287004229055
0.1450463292943692,0.6261287004229055
0.1450463292943692,0.6262429991999086
0.14513542409123306,0.6262429991999086
0.14513542409123306,0.6263572979769116
0.14522451888809693,0.6263572979769116
0.14522451888809693,0.6265858955309178
0.1453136136849608,0.6265858955309178
0.1453136136849608,0.6270430906389302
0.14540270848182466,0.6270430906389302
0.14540270848182466,0.6271573894159332
0.14549180327868852,0.6271573894159332
0.14549180327868852,0.6273859869699394
0.14558089807555238,0.6273859869699394
0.14558089807555238,0.6275002857469425
0.1457590876692801,0.6275002857469425
0.1457590876692801,0.6276145845239456
0.14638275124732716,0.6276145845239456
0.14638275124732716,0.6283003771859641
0.14647184604419103,0.6283003771859641
0.14647184604419103,0.6284146759629672
0.1465609408410549,0.6284146759629672
0.1465609408410549,0.6285289747399703
0.14665003563791876,0.6285289747399703
0.14665003563791876,0.6287575722939764
0.14682822523164646,0.6287575722939764
0.14682822523164646,0.6288718710709795
0.14691732002851032,0.6288718710709795
0.14691732002851032,0.6289861698479826
0.14709550962223805,0.6289861698479826
0.14709550962223805,0.6293290661789919
0.14718460441910192,0.6293290661789919
0.14718460441910192,0.629557663732998
0.14763007840342124,0.629557663732998
0.14763007840342124,0.6297862612870042
0.1479864575908767,0.6297862612870042
0.1479864575908767,0.6299005600640073
0.14807555238774056,0.6299005600640073
0.14807555238774056,0.6303577551720196
0.14834283677833215,0.6303577551720196
0.14834283677833215,0.6307006515030289
0.14852102637205988,0.6307006515030289
0.14852102637205988,0.630814950280032
0.14861012116892375,0.630814950280032
0.14861012116892375,0.6309292490570351
0.14878831076265145,0.6309292490570351
0.14878831076265145,0.6317293404960567
0.1488774055595153,0.6317293404960567
0.1488774055595153,0.6318436392730598
0.14905559515324304,0.6318436392730598
0.14905559515324304,0.6319579380500628
0.1491446899501069,0.6319579380500628
0.1491446899501069,0.632186535604069
0.14923378474697077,0.632186535604069
0.14923378474697077,0.6323008343810721
0.14959016393442623,0.6323008343810721
0.14959016393442623,0.6327580294890844
0.14976835352815396,0.6327580294890844
0.14976835352815396,0.6329866270430906
0.15003563791874555,0.6329866270430906
0.15003563791874555,0.6331009258200937
0.15012473271560942,0.6331009258200937
0.15012473271560942,0.6333295233740999
0.15021382751247328,0.6333295233740999
0.15021382751247328,0.633443822151103
0.15030292230933714,0.633443822151103
0.15030292230933714,0.6336724197051091
0.150392017106201,0.6336724197051091
0.150392017106201,0.6339010172591153
0.15065930149679257,0.6339010172591153
0.15065930149679257,0.6340153160361184
0.15092658588738417,0.6340153160361184
0.15092658588738417,0.6341296148131215
0.1511047754811119,0.6341296148131215
0.1511047754811119,0.6342439135901246
0.15119387027797576,0.6342439135901246
0.15119387027797576,0.6344725111441307
0.15128296507483963,0.6344725111441307
0.15128296507483963,0.6345868099211338
0.1513720598717035,0.6345868099211338
0.1513720598717035,0.6349297062521431
0.15146115466856735,0.6349297062521431
0.15146115466856735,0.6353869013601554
0.15155024946543122,0.6353869013601554
0.15155024946543122,0.6355012001371585
0.15163934426229508,0.6355012001371585
0.15163934426229508,0.6358440964681678
0.15172843905915895,0.6358440964681678
0.15172843905915895,0.6363012915761801
0.1518175338560228,0.6363012915761801
0.1518175338560228,0.6369870842381986
0.15199572344975054,0.6369870842381986
0.15199572344975054,0.6371013830152017
0.1520848182466144,0.6371013830152017
0.1520848182466144,0.637558578123214
0.15226300784034213,0.637558578123214
0.15226300784034213,0.6376728769002171
0.1525302922309337,0.6376728769002171
0.1525302922309337,0.6377871756772202
0.15261938702779757,0.6377871756772202
0.15261938702779757,0.6380157732312264
0.15270848182466143,0.6380157732312264
0.15270848182466143,0.6381300720082295
0.15297576621525302,0.6381300720082295
0.15297576621525302,0.6382443707852326
0.1530648610121169,0.6382443707852326
0.1530648610121169,0.6387015658932449
0.15333214540270848,0.6387015658932449
0.15333214540270848,0.6389301634472511
0.15342124019957235,0.6389301634472511
0.15342124019957235,0.6395016573322665
0.1535103349964362,0.6395016573322665
0.1535103349964362,0.6399588524402788
0.15359942979330007,0.6399588524402788
0.15359942979330007,0.6403017487712881
0.15368852459016394,0.6403017487712881
0.15368852459016394,0.6404160475482912
0.15386671418389167,0.6404160475482912
0.15386671418389167,0.6405303463252943
0.1540449037776194,0.6405303463252943
0.1540449037776194,0.6406446451022975
0.15413399857448326,0.6406446451022975
0.15413399857448326,0.6408732426563036
0.15422309337134713,0.6408732426563036
0.15422309337134713,0.641330437764316
0.1544903777619387,0.641330437764316
0.1544903777619387,0.6414447365413191
0.15457947255880256,0.6414447365413191
0.15457947255880256,0.6416733340953252
0.15466856735566642,0.6416733340953252
0.15466856735566642,0.6417876328723283
0.15475766215253028,0.6417876328723283
0.15475766215253028,0.6420162304263345
0.15484675694939415,0.6420162304263345
0.15484675694939415,0.6424734255343468
0.154935851746258,0.6424734255343468
0.154935851746258,0.6425877243113499
0.15502494654312188,0.6425877243113499
0.15502494654312188,0.642702023088353
0.15511404133998574,0.642702023088353
0.15511404133998574,0.6428163218653561
0.1554704205274412,0.6428163218653561
0.1554704205274412,0.6429306206423592
0.1557377049180328,0.6429306206423592
0.1557377049180328,0.6431592181963653
0.1560049893086244,0.6431592181963653
0.1560049893086244,0.6433878157503715
0.15618317890235212,0.6433878157503715
0.15618317890235212,0.6437307120813808
0.15636136849607982,0.6437307120813808
0.15636136849607982,0.6438450108583839
0.15645046329294368,0.6438450108583839
0.15645046329294368,0.6441879071893931
0.15653955808980755,0.6441879071893931
0.15653955808980755,0.6443022059663962
0.15671774768353527,0.6443022059663962
0.15671774768353527,0.6444165047433993
0.15698503207412687,0.6444165047433993
0.15698503207412687,0.6446451022974055
0.1571632216678546,0.6446451022974055
0.1571632216678546,0.6449879986284147
0.15734141126158233,0.6449879986284147
0.15734141126158233,0.6451022974054178
0.15769779044903778,0.6451022974054178
0.15769779044903778,0.6452165961824209
0.1578759800427655,0.6452165961824209
0.1578759800427655,0.6459023888444394
0.1581432644333571,0.6459023888444394
0.1581432644333571,0.6461309863984456
0.15823235923022094,0.6461309863984456
0.15823235923022094,0.646702480283461
0.1583214540270848,0.646702480283461
0.1583214540270848,0.6469310778374672
0.15867783321454026,0.6469310778374672
0.15867783321454026,0.6470453766144703
0.158856022808268,0.6470453766144703
0.158856022808268,0.6473882729454795
0.15903421240199572,0.6473882729454795
0.15903421240199572,0.6475025717224826
0.15930149679258732,0.6475025717224826
0.15930149679258732,0.6476168704994857
0.15939059158945118,0.6476168704994857
0.15939059158945118,0.6477311692764888
0.1595687811831789,0.6477311692764888
0.1595687811831789,0.6478454680534919
0.15974697077690664,0.6478454680534919
0.15974697077690664,0.6479597668304949
0.1598360655737705,0.6479597668304949
0.1598360655737705,0.648074065607498
0.15992516037063437,0.648074065607498
0.15992516037063437,0.6481883643845011
0.16001425516749823,0.6481883643845011
0.16001425516749823,0.6483026631615042
0.16045972915181753,0.6483026631615042
0.16045972915181753,0.6487598582695165
0.16072701354240912,0.6487598582695165
0.16072701354240912,0.6489884558235227
0.16081610833927298,0.6489884558235227
0.16081610833927298,0.6492170533775289
0.16108339272986458,0.6492170533775289
0.16108339272986458,0.6495599497085381
0.16117248752672844,0.6495599497085381
0.16117248752672844,0.6499028460395474
0.16143977191732004,0.6499028460395474
0.16143977191732004,0.6500171448165505
0.1615288667141839,0.6500171448165505
0.1615288667141839,0.6505886387015659
0.16188524590163936,0.6505886387015659
0.16188524590163936,0.650702937478569
0.16206343549536706,0.650702937478569
0.16206343549536706,0.6508172362555721
0.16233071988595865,0.6508172362555721
0.16233071988595865,0.6510458338095783
0.16250890947968638,0.6510458338095783
0.16250890947968638,0.6515030289175906
0.1626870990734141,0.6515030289175906
0.1626870990734141,0.6516173276945937
0.1629543834640057,0.6516173276945937
0.1629543834640057,0.6517316264715968
0.16313257305773343,0.6517316264715968
0.16313257305773343,0.6518459252485999
0.16339985744832503,0.6518459252485999
0.16339985744832503,0.6519602240256029
0.1634889522451889,0.6519602240256029
0.1634889522451889,0.6524174191336153
0.16357804704205275,0.6525317179106184
0.16357804704205275,0.6528746142416276
0.16375623663578048,0.6528746142416276
0.16375623663578048,0.653446108126643
0.16384533143264432,0.653446108126643
0.16384533143264432,0.6535604069036461
0.16420171062009978,0.6535604069036461
0.16420171062009978,0.6536747056806492
0.16429080541696364,0.6536747056806492
0.16429080541696364,0.6537890044576523
0.1646471846044191,0.6537890044576523
0.1646471846044191,0.6545890958966739
0.16473627940128296,0.6545890958966739
0.16473627940128296,0.654703394673677
0.16527084818246615,0.654703394673677
0.16527084818246615,0.6549319922276832
0.16535994297933002,0.6549319922276832
0.16535994297933002,0.6552748885586924
0.16544903777619388,0.6552748885586924
0.16544903777619388,0.6553891873356955
0.16571632216678547,0.6553891873356955
0.16571632216678547,0.6555034861126986
0.16598360655737704,0.6555034861126986
0.16598360655737704,0.6558463824437079
0.1663399857448325,0.6558463824437079
0.1663399857448325,0.656074979997714
0.16642908054169636,0.656074979997714
0.16642908054169636,0.6561892787747171
0.16651817533856023,0.6561892787747171
0.16651817533856023,0.6563035775517202
0.1666072701354241,0.6563035775517202
0.1666072701354241,0.6565321751057264
0.16723093371347114,0.6565321751057264
0.16723093371347114,0.6566464738827295
0.16740912330719887,0.6566464738827295
0.16740912330719887,0.6568750714367356
0.16749821810406273,0.6568750714367356
0.16749821810406273,0.657332266544748
0.16785459729151816,0.657332266544748
0.16785459729151816,0.6577894616527603
0.16794369208838203,0.6577894616527603
0.16794369208838203,0.6580180592067665
0.16812188168210976,0.6580180592067665
0.16812188168210976,0.6581323579837696
0.1683000712758375,0.6581323579837696
0.1683000712758375,0.6583609555377757
0.16838916607270135,0.6583609555377757
0.16838916607270135,0.6584752543147788
0.16856735566642908,0.6584752543147788
0.16856735566642908,0.6585895530917819
0.16865645046329295,0.6585895530917819
0.16865645046329295,0.6589324494227912
0.1687455452601568,0.6589324494227912
0.1687455452601568,0.6591610469767973
0.16883464005702067,0.6591610469767973
0.16883464005702067,0.6592753457538004
0.16892373485388454,0.6592753457538004
0.16892373485388454,0.6596182420848097
0.16936920883820386,0.6596182420848097
0.16936920883820386,0.6599611384158189
0.16954739843193156,0.6599611384158189
0.16954739843193156,0.6603040347468282
0.16981468282252316,0.6603040347468282
0.16981468282252316,0.6604183335238313
0.16990377761938702,0.6604183335238313
0.16990377761938702,0.6606469310778375
0.16999287241625088,0.6606469310778375
0.16999287241625088,0.6611041261858498
0.1701710620099786,0.6611041261858498
0.1701710620099786,0.6612184249628529
0.1704383464005702,0.6612184249628529
0.1704383464005702,0.6615613212938621
0.17052744119743407,0.6615613212938621
0.17052744119743407,0.6617899188478683
0.17079472558802566,0.6617899188478683
0.17079472558802566,0.6619042176248714
0.17088382038488953,0.6619042176248714
0.17088382038488953,0.6621328151788776
0.1709729151817534,0.6621328151788776
0.1709729151817534,0.6622471139558807
0.17115110477548112,0.6622471139558807
0.17115110477548112,0.6623614127328837
0.171240199572345,0.6623614127328837
0.171240199572345,0.6625900102868899
0.17150748396293655,0.6625900102868899
0.17150748396293655,0.6635044005029146
0.17159657875980042,0.6635044005029146
0.17159657875980042,0.6637329980569208
0.17168567355666428,0.6637329980569208
0.17168567355666428,0.6639615956109269
0.17177476835352815,0.6639615956109269
0.17177476835352815,0.66407589438793
0.171863863150392,0.66407589438793
0.171863863150392,0.6645330894959424
0.17195295794725587,0.6645330894959424
0.17195295794725587,0.6649902846039547
0.17204205274411974,0.6649902846039547
0.17204205274411974,0.665447479711967
0.17230933713471133,0.665447479711967
0.17230933713471133,0.6655617784889701
0.1723984319315752,0.6655617784889701
0.1723984319315752,0.6656760772659732
0.17248752672843906,0.6656760772659732
0.17248752672843906,0.6663618699279917
0.17257662152530293,0.6663618699279917
0.17257662152530293,0.6664761687049948
0.1726657163221668,0.6664761687049948
0.1726657163221668,0.666704766259001
0.17293300071275838,0.666704766259001
0.17293300071275838,0.6668190650360041
0.17302209550962225,0.6668190650360041
0.17302209550962225,0.6673905589210195
0.1731111903064861,0.6673905589210195
0.1731111903064861,0.6676191564750257
0.17337847469707768,0.6676191564750257
0.17337847469707768,0.6678477540290318
0.17346756949394154,0.6678477540290318
0.17346756949394154,0.6684192479140473
0.173823948681397,0.6684192479140473
0.173823948681397,0.6685335466910504
0.17400213827512473,0.6685335466910504
0.17400213827512473,0.6687621442450565
0.17418032786885246,0.6687621442450565
0.17418032786885246,0.6688764430220596
0.17426942266571632,0.6688764430220596
0.17426942266571632,0.6689907417990627
0.17444761225944405,0.6689907417990627
0.17444761225944405,0.6697908332380843
0.17471489665003564,0.6697908332380843
0.17471489665003564,0.6699051320150874
0.1748039914468995,0.6699051320150874
0.1748039914468995,0.6701337295690936
0.17489308624376337,0.6701337295690936
0.17489308624376337,0.6702480283460966
0.1750712758374911,0.6702480283460966
0.1750712758374911,0.6710481197851182
0.17516037063435497,0.6710481197851182
0.17516037063435497,0.6712767173391244
0.17542765502494653,0.6712767173391244
0.17542765502494653,0.6713910161161275
0.1755167498218104,0.6713910161161275
0.1755167498218104,0.6715053148931306
0.17569493941553813,0.6715053148931306
0.17569493941553813,0.6718482112241398
0.175784034212402,0.6718482112241398
0.175784034212402,0.671962510001143
0.17596222380612972,0.671962510001143
0.17596222380612972,0.6720768087781461
0.17605131860299358,0.6720768087781461
0.17605131860299358,0.6721911075551492
0.17631860299358518,0.6721911075551492
0.17631860299358518,0.6724197051091554
0.17658588738417677,0.6724197051091554
0.17658588738417677,0.6725340038861585
0.17667498218104064,0.6725340038861585
0.17667498218104064,0.6726483026631616
0.17685317177476836,0.6726483026631616
0.17685317177476836,0.6727626014401646
0.1774768353528154,0.6727626014401646
0.1774768353528154,0.6728769002171677
0.17765502494654312,0.6728769002171677
0.17765502494654312,0.6729911989941708
0.17783321454027085,0.6729911989941708
0.17783321454027085,0.6731054977711739
0.1779223093371347,0.6731054977711739
0.1779223093371347,0.6733340953251801
0.17801140413399857,0.6733340953251801
0.17801140413399857,0.6734483941021832
0.17810049893086244,0.6734483941021832
0.17810049893086244,0.6736769916561893
0.1781895937277263,0.6736769916561893
0.1781895937277263,0.6737912904331924
0.17836778332145403,0.6737912904331924
0.17836778332145403,0.6739055892101955
0.1784568781183179,0.6739055892101955
0.1784568781183179,0.6744770830952109
0.17854597291518176,0.6744770830952109
0.17854597291518176,0.674591381872214
0.17863506771204563,0.674591381872214
0.17863506771204563,0.6748199794262202
0.1787241625089095,0.6748199794262202
0.1787241625089095,0.6749342782032233
0.17899144689950106,0.6749342782032233
0.17899144689950106,0.6750485769802264
0.17908054169636492,0.6750485769802264
0.17908054169636492,0.6751628757572294
0.17943692088382038,0.6751628757572294
0.17943692088382038,0.6752771745342325
0.17979330007127584,0.6752771745342325
0.17979330007127584,0.6753914733112356
0.1798823948681397,0.6753914733112356
0.1798823948681397,0.6756200708652418
0.17997148966500356,0.6756200708652418
0.17997148966500356,0.675848668419248
0.1801496792587313,0.675848668419248
0.1801496792587313,0.6760772659732541
0.18032786885245902,0.6760772659732541
0.18032786885245902,0.6763058635272603
0.18050605844618675,0.6763058635272603
0.18050605844618675,0.6764201623042634
0.18059515324305062,0.6764201623042634
0.18059515324305062,0.6767630586352726
0.18068424803991448,0.6767630586352726
0.18068424803991448,0.6768773574122757
0.1808624376336422,0.6768773574122757
0.1808624376336422,0.6769916561892788
0.18095153243050605,0.6769916561892788
0.18095153243050605,0.6771059549662819
0.1810406272273699,0.6771059549662819
0.1810406272273699,0.6773345525202881
0.18112972202423377,0.6773345525202881
0.18112972202423377,0.6775631500742942
0.18121881682109764,0.6775631500742942
0.18121881682109764,0.6776774488512973
0.18139700641482537,0.6776774488512973
0.18139700641482537,0.6779060464053035
0.18166429080541696,0.6779060464053035
0.18166429080541696,0.6782489427363128
0.1818424803991447,0.6782489427363128
0.1818424803991447,0.6783632415133158
0.18202066999287242,0.6783632415133158
0.18202066999287242,0.6784775402903189
0.18219885958660015,0.6784775402903189
0.18219885958660015,0.6787061378443251
0.18237704918032788,0.6787061378443251
0.18237704918032788,0.6789347353983313
0.18246614397719174,0.6789347353983313
0.18246614397719174,0.6792776317293405
0.18264433357091947,0.6792776317293405
0.18264433357091947,0.679849125614356
0.18273342836778333,0.679849125614356
0.18273342836778333,0.6800777231683621
0.1830007127583749,0.6800777231683621
0.1830007127583749,0.6801920219453652
0.18335709194583036,0.6801920219453652
0.18335709194583036,0.6803063207223683
0.18344618674269422,0.6803063207223683
0.18344618674269422,0.6804206194993714
0.18362437633642195,0.6804206194993714
0.18362437633642195,0.6807635158303806
0.18380256593014968,0.6807635158303806
0.18380256593014968,0.6808778146073837
0.18389166072701355,0.6808778146073837
0.18389166072701355,0.6809921133843868
0.184248039914469,0.6809921133843868
0.184248039914469,0.6811064121613899
0.18442622950819673,0.6811064121613899
0.18442622950819673,0.6817922048234084
0.1846935138987883,0.6817922048234084
0.1846935138987883,0.6819065036004115
0.18487170349251603,0.6819065036004115
0.18487170349251603,0.6821351011544177
0.1849607982893799,0.6821351011544177
0.1849607982893799,0.6822493999314208
0.18522808267997148,0.6822493999314208
0.18522808267997148,0.6824779974854269
0.18531717747683535,0.6824779974854269
0.18531717747683535,0.6827065950394331
0.1854062722736992,0.6827065950394331
0.1854062722736992,0.6828208938164362
0.18549536707056308,0.6828208938164362
0.18549536707056308,0.6829351925934393
0.18558446186742694,0.6829351925934393
0.18558446186742694,0.6831637901474454
0.18576265146115467,0.6831637901474454
0.18576265146115467,0.6836209852554578
0.1859408410548824,0.6836209852554578
0.1859408410548824,0.6837352840324609
0.18611903064861013,0.6837352840324609
0.18611903064861013,0.683963881586467
0.18629722024233786,0.683963881586467
0.18629722024233786,0.6843067779174763
0.18638631503920172,0.6843067779174763
0.18638631503920172,0.6844210766944794
0.1864754098360656,0.6844210766944794
0.1864754098360656,0.6845353754714825
0.18683178902352102,0.6845353754714825
0.18683178902352102,0.6846496742484856
0.1873663578047042,0.6846496742484856
0.1873663578047042,0.6848782718024917
0.18772273699215966,0.6848782718024917
0.18772273699215966,0.685221168133501
0.18781183178902353,0.685221168133501
0.18781183178902353,0.6853354669105041
0.18807911617961512,0.6853354669105041
0.18807911617961512,0.6855640644645102
0.18825730577334285,0.6855640644645102
0.18825730577334285,0.6861355583495257
0.1883464005702067,0.6861355583495257
0.1883464005702067,0.6862498571265288
0.18843549536707058,0.6862498571265288
0.18843549536707058,0.6868213510115442
0.1885245901639344,0.6868213510115442
0.1885245901639344,0.6869356497885473
0.18861368496079828,0.6869356497885473
0.18861368496079828,0.6870499485655504
0.18897006414825374,0.6870499485655504
0.18897006414825374,0.6871642473425534
0.1893264433357092,0.6871642473425534
0.1893264433357092,0.6873928448965596
0.1895937277263008,0.6873928448965596
0.1895937277263008,0.6875071436735627
0.18968282252316465,0.6875071436735627
0.18968282252316465,0.687964338781575
0.1900392017106201,0.687964338781575
0.1900392017106201,0.6881929363355812
0.19012829650748397,0.6881929363355812
0.19012829650748397,0.6883072351125843
0.1903064861012117,0.6883072351125843
0.1903064861012117,0.6885358326665905
0.19039558089807554,0.6885358326665905
0.19039558089807554,0.6886501314435935
0.1904846756949394,0.6886501314435935
0.1904846756949394,0.6891073265516059
0.19057377049180327,0.6891073265516059
0.19057377049180327,0.689221625328609
0.1910192444761226,0.689221625328609
0.1910192444761226,0.6894502228826151
0.19110833927298645,0.6894502228826151
0.19110833927298645,0.6895645216596182
0.19164290805416964,0.6895645216596182
0.19164290805416964,0.6896788204366213
0.1917320028510335,0.6896788204366213
0.1917320028510335,0.6897931192136244
0.1924447612259444,0.6897931192136244
0.1924447612259444,0.6900217167676306
0.19262295081967212,0.6900217167676306
0.19262295081967212,0.6902503143216367
0.192712045616536,0.6902503143216367
0.192712045616536,0.6903646130986398
0.19280114041339985,0.6903646130986398
0.19280114041339985,0.6909361069836553
0.19306842480399145,0.6909361069836553
0.19306842480399145,0.6911647045376614
0.1931575196008553,0.6911647045376614
0.1931575196008553,0.6912790033146645
0.19324661439771917,0.6912790033146645
0.19324661439771917,0.6913933020916676
0.1936920883820385,0.6913933020916676
0.1936920883820385,0.6915076008686707
0.19440484675694938,0.6915076008686707
0.19440484675694938,0.69185049719968
0.19493941553813257,0.69185049719968
0.19493941553813257,0.6920790947536861
0.19502851033499644,0.6920790947536861
0.19502851033499644,0.6923076923076923
0.1951176051318603,0.6923076923076923
0.1951176051318603,0.6927648874157046
0.19529579472558803,0.6927648874157046
0.19529579472558803,0.6928791861927077
0.1956521739130435,0.6928791861927077
0.1956521739130435,0.6931077837467139
0.19574126870990735,0.6931077837467139
0.19574126870990735,0.6934506800777231
0.19583036350677122,0.6934506800777231
0.19583036350677122,0.6935649788547262
0.19600855310049894,0.6935649788547262
0.19600855310049894,0.6937935764087324
0.19609764789736278,0.6937935764087324
0.19609764789736278,0.6940221739627386
0.19618674269422665,0.6940221739627386
0.19618674269422665,0.6941364727397417
0.19645402708481824,0.6941364727397417
0.19645402708481824,0.6944793690707509
0.1965431218816821,0.6944793690707509
0.1965431218816821,0.694593667847754
0.19663221667854597,0.694593667847754
0.19663221667854597,0.6947079666247571
0.1968104062722737,0.6947079666247571
0.1968104062722737,0.6948222654017602
0.19725588025659302,0.6948222654017602
0.19725588025659302,0.6949365641787633
0.19743406985032075,0.6949365641787633
0.19743406985032075,0.6950508629557663
0.19770135424091234,0.6950508629557663
0.19770135424091234,0.6951651617327694
0.1977904490377762,0.6951651617327694
0.1977904490377762,0.6953937592867756
0.19787954383464007,0.6953937592867756
0.19787954383464007,0.6957366556177849
0.19805773342836777,0.6957366556177849
0.19805773342836777,0.6964224482798034
0.19814682822523164,0.6964224482798034
0.19814682822523164,0.6965367470568065
0.1982359230220955,0.6965367470568065
0.1982359230220955,0.6966510458338095
0.19841411261582323,0.6966510458338095
0.19841411261582323,0.6967653446108126
0.19868139700641482,0.6967653446108126
0.19868139700641482,0.6969939421648188
0.1987704918032787,0.6969939421648188
0.1987704918032787,0.6971082409418219
0.19885958660014255,0.6971082409418219
0.19885958660014255,0.6975654360498342
0.19894868139700642,0.6975654360498342
0.19894868139700642,0.6980226311578466
0.19912687099073414,0.6980226311578466
0.19912687099073414,0.6981369299348497
0.19939415538132574,0.6981369299348497
0.19939415538132574,0.6983655274888558
0.1994832501781896,0.6983655274888558
0.1994832501781896,0.6990513201508743
0.19966143977191733,0.6990513201508743
0.19966143977191733,0.6995085152588867
0.19983962936564503,0.6995085152588867
0.19983962936564503,0.6996228140358898
0.1999287241625089,0.6996228140358898
0.1999287241625089,0.7000800091439021
0.20001781895937276,0.7000800091439021
0.20001781895937276,0.7005372042519145
0.2001960085531005,0.7005372042519145
0.2001960085531005,0.7008801005829237
0.20028510334996436,0.7008801005829237
0.20028510334996436,0.7009943993599268
0.20037419814682822,0.7009943993599268
0.20037419814682822,0.7013372956909361
0.2009087669280114,0.7013372956909361
0.2009087669280114,0.7014515944679391
0.201176051318603,0.7014515944679391
0.201176051318603,0.7015658932449422
0.20126514611546686,0.7015658932449422
0.20126514611546686,0.7016801920219453
0.20135424091233073,0.7016801920219453
0.20135424091233073,0.7017944907989484
0.20153243050605846,0.7017944907989484
0.20153243050605846,0.7022516859069607
0.20162152530292232,0.7022516859069607
0.20162152530292232,0.7024802834609669
0.20171062009978616,0.7024802834609669
0.20171062009978616,0.70259458223797
0.2018888096935139,0.70259458223797
0.2018888096935139,0.7028231797919762
0.20197790449037775,0.7028231797919762
0.20197790449037775,0.7030517773459823
0.2023342836778332,0.7030517773459823
0.2023342836778332,0.7033946736769917
0.20251247327156094,0.7033946736769917
0.20251247327156094,0.703737570008001
0.2026015680684248,0.703737570008001
0.2026015680684248,0.7039661675620071
0.20269066286528867,0.7039661675620071
0.20269066286528867,0.7043090638930164
0.2028688524590164,0.7043090638930164
0.2028688524590164,0.7044233626700195
0.20322523164647185,0.7044233626700195
0.20322523164647185,0.7045376614470226
0.20331432644333572,0.7045376614470226
0.20331432644333572,0.7047662590010287
0.20340342124019958,0.7047662590010287
0.20340342124019958,0.7048805577780318
0.20349251603706345,0.7048805577780318
0.20349251603706345,0.7049948565550349
0.2035816108339273,0.7049948565550349
0.2035816108339273,0.7052234541090411
0.20367070563079115,0.7052234541090411
0.20367070563079115,0.7054520516630473
0.203759800427655,0.7054520516630473
0.203759800427655,0.7056806492170534
0.20393799002138274,0.7056806492170534
0.20393799002138274,0.7060235455480627
0.2040270848182466,0.7060235455480627
0.2040270848182466,0.7063664418790719
0.20411617961511047,0.7063664418790719
0.20411617961511047,0.706480740656075
0.20420527441197434,0.706480740656075
0.20420527441197434,0.7065950394330781
0.2042943692088382,0.7065950394330781
0.2042943692088382,0.7071665333180935
0.20438346400570206,0.7071665333180935
0.20438346400570206,0.7073951308720997
0.20447255880256593,0.7073951308720997
0.20447255880256593,0.7075094296491028
0.20465074839629366,0.7075094296491028
0.20465074839629366,0.7076237284261059
0.20473984319315752,0.7076237284261059
0.20473984319315752,0.7081952223111213
0.2048289379900214,0.7081952223111213
0.2048289379900214,0.7085381186421306
0.20491803278688525,0.7085381186421306
0.20491803278688525,0.7086524174191337
0.20500712758374912,0.7086524174191337
0.20500712758374912,0.7087667161961367
0.20518531717747684,0.7087667161961367
0.20518531717747684,0.7093382100811522
0.20536350677120457,0.7093382100811522
0.20536350677120457,0.7097954051891645
0.20563079116179614,0.7097954051891645
0.20563079116179614,0.7099097039661676
0.20643264433357092,0.7099097039661676
0.20643264433357092,0.7101383015201738
0.20678902352102638,0.7101383015201738
0.20678902352102638,0.7102526002971769
0.20687811831789024,0.7102526002971769
0.20687811831789024,0.7103668990741799
0.20714540270848184,0.7103668990741799
0.20714540270848184,0.710481197851183
0.2072344975053457,0.710481197851183
0.2072344975053457,0.7105954966281861
0.2074126870990734,0.7105954966281861
0.2074126870990734,0.7109383929591954
0.20759087669280113,0.7109383929591954
0.20759087669280113,0.7112812892902046
0.20776906628652886,0.7112812892902046
0.20776906628652886,0.7116241856212139
0.2079472558802566,0.7116241856212139
0.2079472558802566,0.7123099782832324
0.20848182466143977,0.7123099782832324
0.20848182466143977,0.7126528746142416
0.20857091945830364,0.7126528746142416
0.20857091945830364,0.7128814721682478
0.2086600142551675,0.7128814721682478
0.2086600142551675,0.713110069722254
0.20874910905203137,0.713110069722254
0.20874910905203137,0.7134529660532632
0.20883820384889523,0.7134529660532632
0.20883820384889523,0.7136815636072694
0.20901639344262296,0.7136815636072694
0.20901639344262296,0.7143673562692879
0.20928367783321453,0.7143673562692879
0.20928367783321453,0.7145959538232941
0.2093727726300784,0.7145959538232941
0.2093727726300784,0.7147102526002972
0.20955096222380612,0.7147102526002972
0.20955096222380612,0.7151674477083095
0.20964005702066998,0.7151674477083095
0.20964005702066998,0.7153960452623157
0.20999643620812544,0.7153960452623157
0.20999643620812544,0.7155103440393188
0.2100855310049893,0.7155103440393188
0.2100855310049893,0.7156246428163219
0.21026372059871704,0.7156246428163219
0.21026372059871704,0.7159675391473311
0.21044191019244476,0.7159675391473311
0.21044191019244476,0.7160818379243342
0.2106200997861725,0.7160818379243342
0.2106200997861725,0.7163104354783404
0.21070919458303636,0.7163104354783404
0.21070919458303636,0.7166533318093496
0.21079828937990022,0.7166533318093496
0.21079828937990022,0.7167676305863527
0.21124376336421952,0.7167676305863527
0.21124376336421952,0.7169962281403589
0.21142195295794725,0.7169962281403589
0.21142195295794725,0.717110526917362
0.2115110477548111,0.717110526917362
0.2115110477548111,0.7173391244713682
0.21160014255167497,0.7173391244713682
0.21160014255167497,0.7175677220253743
0.21168923734853884,0.7175677220253743
0.21168923734853884,0.7177963195793805
0.21213471133285816,0.7177963195793805
0.21213471133285816,0.7179106183563836
0.21222380612972203,0.7179106183563836
0.21222380612972203,0.7180249171333867
0.21240199572344975,0.7180249171333867
0.21240199572344975,0.7182535146873928
0.21266928011404135,0.7182535146873928
0.21266928011404135,0.718482112241399
0.2127583749109052,0.718482112241399
0.2127583749109052,0.7189393073494114
0.21284746970776908,0.7189393073494114
0.21284746970776908,0.7192822036804206
0.21311475409836064,0.7192822036804206
0.21311475409836064,0.7195108012344268
0.21338203848895224,0.7195108012344268
0.21338203848895224,0.7196251000114299
0.2134711332858161,0.7196251000114299
0.2134711332858161,0.7200822951194422
0.21356022808267996,0.7200822951194422
0.21356022808267996,0.7201965938964453
0.2137384176764077,0.7201965938964453
0.2137384176764077,0.7204251914504515
0.21418389166072702,0.7204251914504515
0.21418389166072702,0.7206537890044576
0.2147184604419102,0.7206537890044576
0.2147184604419102,0.7209966853354669
0.21507483962936563,0.7209966853354669
0.21507483962936563,0.7213395816664762
0.2151639344262295,0.7213395816664762
0.2151639344262295,0.7214538804434792
0.21569850320741268,0.7214538804434792
0.21569850320741268,0.7217967767744885
0.21596578759800428,0.7217967767744885
0.21596578759800428,0.7219110755514916
0.21605488239486814,0.7219110755514916
0.21605488239486814,0.7220253743284947
0.216143977191732,0.7220253743284947
0.216143977191732,0.7223682706595039
0.21623307198859587,0.7223682706595039
0.21623307198859587,0.722482569436507
0.21632216678545974,0.722482569436507
0.21632216678545974,0.7225968682135101
0.21650035637918746,0.7225968682135101
0.21650035637918746,0.7227111669905132
0.2171240199572345,0.7227111669905132
0.2171240199572345,0.7228254657675163
0.21721311475409835,0.7228254657675163
0.21721311475409835,0.7229397645445194
0.21730220955096222,0.7229397645445194
0.21730220955096222,0.7231683620985255
0.21739130434782608,0.7231683620985255
0.21739130434782608,0.7233969596525317
0.21748039914468995,0.7233969596525317
0.21748039914468995,0.7236255572065379
0.2175694939415538,0.7236255572065379
0.2175694939415538,0.723739855983541
0.21765858873841767,0.723739855983541
0.21765858873841767,0.723854154760544
0.21801496792587313,0.723854154760544
0.21801496792587313,0.7239684535375471
0.218104062722737,0.7239684535375471
0.218104062722737,0.7240827523145502
0.21819315751960086,0.7240827523145502
0.21819315751960086,0.7243113498685564
0.21828225231646473,0.7243113498685564
0.21828225231646473,0.7244256486455595
0.21846044191019245,0.7244256486455595
0.21846044191019245,0.7245399474225626
0.21890591589451175,0.7245399474225626
0.21890591589451175,0.7248828437535718
0.2189950106913756,0.7248828437535718
0.2189950106913756,0.7252257400845811
0.21908410548823948,0.7252257400845811
0.21908410548823948,0.7254543376385872
0.21944048467569494,0.7254543376385872
0.21944048467569494,0.7255686364155903
0.21970776906628653,0.7255686364155903
0.21970776906628653,0.7257972339695965
0.22015324305060585,0.7257972339695965
0.22015324305060585,0.7259115327465996
0.22024233784746972,0.7259115327465996
0.22024233784746972,0.7260258315236027
0.22033143264433358,0.7260258315236027
0.22033143264433358,0.7261401303006058
0.22042052744119744,0.7261401303006058
0.22042052744119744,0.7262544290776088
0.2205096222380613,0.7262544290776088
0.2205096222380613,0.726483026631615
0.22059871703492517,0.726483026631615
0.22059871703492517,0.7273974168476397
0.220687811831789,0.7273974168476397
0.220687811831789,0.7280832095096582
0.22086600142551674,0.7280832095096582
0.22086600142551674,0.7281975082866613
0.22104419101924447,0.7281975082866613
0.22104419101924447,0.7285404046176706
0.22113328581610833,0.7285404046176706
0.22113328581610833,0.7286547033946736
0.2212223806129722,0.7286547033946736
0.2212223806129722,0.7287690021716767
0.22140057020669993,0.7287690021716767
0.22140057020669993,0.729111898502686
0.22166785459729152,0.729111898502686
0.22166785459729152,0.7292261972796891
0.22175694939415538,0.7292261972796891
0.22175694939415538,0.7293404960566922
0.22184604419101925,0.7293404960566922
0.22184604419101925,0.7295690936106983
0.2219351389878831,0.7295690936106983
0.2219351389878831,0.7296833923877014
0.22229151817533857,0.7296833923877014
0.22229151817533857,0.7297976911647045
0.2224697077690663,0.7297976911647045
0.2224697077690663,0.7300262887187107
0.22273699215965787,0.7300262887187107
0.22273699215965787,0.7301405874957138
0.2229151817533856,0.7301405874957138
0.2229151817533856,0.7302548862727168
0.22300427655024946,0.7302548862727168
0.22300427655024946,0.7303691850497199
0.2231824661439772,0.7303691850497199
0.2231824661439772,0.7305977826037261
0.22327156094084105,0.7305977826037261
0.22327156094084105,0.7312835752657446
0.22344975053456878,0.7312835752657446
0.22344975053456878,0.7313978740427477
0.22353884533143265,0.7313978740427477
0.22353884533143265,0.7315121728197508
0.22380612972202424,0.7315121728197508
0.22380612972202424,0.7316264715967539
0.2238952245188881,0.7316264715967539
0.2238952245188881,0.731740770373757
0.22398431931575197,0.731740770373757
0.22398431931575197,0.7323122642587724
0.22407341411261583,0.7323122642587724
0.22407341411261583,0.7325408618127786
0.2244297933000713,0.7325408618127786
0.2244297933000713,0.7326551605897816
0.224607982893799,0.7326551605897816
0.224607982893799,0.7328837581437878
0.22469707769066286,0.7328837581437878
0.22469707769066286,0.733112355697794
0.2250534568781183,0.733112355697794
0.2250534568781183,0.7336838495828094
0.2253207412687099,0.7336838495828094
0.2253207412687099,0.7337981483598125
0.22576621525302923,0.7337981483598125
0.22576621525302923,0.7342553434678248
0.2258553100498931,0.7342553434678248
0.2258553100498931,0.7343696422448279
0.22603349964362082,0.7343696422448279
0.22603349964362082,0.7350554349068465
0.22621168923734855,0.7350554349068465
0.22621168923734855,0.7352840324608527
0.22630078403421242,0.7352840324608527
0.22630078403421242,0.7355126300148589
0.22638987883107625,0.7355126300148589
0.22638987883107625,0.735626928791862
0.22647897362794012,0.735626928791862
0.22647897362794012,0.7357412275688651
0.22665716322166785,0.7357412275688651
0.22665716322166785,0.7358555263458681
0.22683535281539557,0.7358555263458681
0.22683535281539557,0.7364270202308836
0.2275481111903065,0.7364270202308836
0.2275481111903065,0.7365413190078867
0.22763720598717035,0.7365413190078867
0.22763720598717035,0.7371128128929021
0.22781539558089808,0.7371128128929021
0.22781539558089808,0.7373414104469083
0.22826086956521738,0.7373414104469083
0.22826086956521738,0.7374557092239113
0.22861724875267284,0.7374557092239113
0.22861724875267284,0.7376843067779175
0.22879543834640056,0.7376843067779175
0.22879543834640056,0.7377986055549206
0.2289736279401283,0.7377986055549206
0.2289736279401283,0.7380272031089268
0.22915181753385602,0.7380272031089268
0.22915181753385602,0.738255800662933
0.2292409123307199,0.738255800662933
0.2292409123307199,0.7384843982169391
0.22950819672131148,0.7384843982169391
0.22950819672131148,0.7385986969939422
0.22977548111190307,0.7385986969939422
0.22977548111190307,0.7387129957709453
0.22986457590876694,0.7387129957709453
0.22986457590876694,0.7388272945479484
0.2301318602993585,0.7388272945479484
0.2301318602993585,0.7389415933249515
0.2306664290805417,0.7389415933249515
0.2306664290805417,0.7390558921019545
0.231111903064861,0.7390558921019545
0.231111903064861,0.7391701908789576
0.23120099786172488,0.7391701908789576
0.23120099786172488,0.7393987884329638
0.2316464718460442,0.7393987884329638
0.2316464718460442,0.73962738598697
0.23173556664290806,0.73962738598697
0.23173556664290806,0.7397416847639731
0.23244832501781895,0.7397416847639731
0.23244832501781895,0.7398559835409761
0.23253741981468282,0.7398559835409761
0.23253741981468282,0.7399702823179792
0.2328047042052744,0.7399702823179792
0.2328047042052744,0.7403131786489885
0.2333392729864576,0.7403131786489885
0.2333392729864576,0.7404274774259916
0.2336065573770492,0.7404274774259916
0.2336065573770492,0.7405417762029947
0.23378474697077692,0.7405417762029947
0.23378474697077692,0.7406560749799977
0.23396293656450462,0.7406560749799977
0.23396293656450462,0.7408846725340039
0.23405203136136848,0.7408846725340039
0.23405203136136848,0.740998971311007
0.23458660014255167,0.740998971311007
0.23458660014255167,0.7412275688650132
0.2347647897362794,0.7412275688650132
0.2347647897362794,0.7413418676420163
0.23485388453314326,0.7413418676420163
0.23485388453314326,0.7414561664190193
0.23494297933000713,0.7414561664190193
0.23494297933000713,0.7415704651960224
0.235032074126871,0.7415704651960224
0.235032074126871,0.7417990627500286
0.23512116892373486,0.7417990627500286
0.23512116892373486,0.7421419590810379
0.23521026372059872,0.7421419590810379
0.23521026372059872,0.742256257858041
0.23547754811119032,0.742256257858041
0.23547754811119032,0.7424848554120471
0.23556664290805418,0.7424848554120471
0.23556664290805418,0.7427134529660533
0.2357448325017819,0.7427134529660533
0.2357448325017819,0.7428277517430564
0.23601211689237347,0.7428277517430564
0.23601211689237347,0.7429420505200595
0.2361903064861012,0.7429420505200595
0.2361903064861012,0.7433992456280718
0.23627940128296507,0.7433992456280718
0.23627940128296507,0.7435135444050749
0.23636849607982893,0.7435135444050749
0.23636849607982893,0.743627843182078
0.2374376336421953,0.743627843182078
0.2374376336421953,0.7437421419590811
0.23761582323592303,0.7437421419590811
0.23761582323592303,0.7438564407360841
0.23779401282965074,0.7438564407360841
0.23779401282965074,0.7439707395130872
0.2378831076265146,0.7439707395130872
0.2378831076265146,0.7441993370670934
0.23797220242337846,0.7441993370670934
0.23797220242337846,0.7443136358440965
0.2381503920171062,0.7443136358440965
0.2381503920171062,0.7444279346210996
0.23832858161083392,0.7444279346210996
0.23832858161083392,0.7446565321751057
0.2384176764076978,0.7446565321751057
0.2384176764076978,0.7448851297291119
0.23859586600142552,0.7448851297291119
0.23859586600142552,0.744999428506115
0.23868496079828938,0.744999428506115
0.23868496079828938,0.7451137272831181
0.2388631503920171,0.7451137272831181
0.2388631503920171,0.7452280260601212
0.2391304347826087,0.7452280260601212
0.2391304347826087,0.7453423248371243
0.23948681397006416,0.7453423248371243
0.23948681397006416,0.7454566236141273
0.23993228795438346,0.7454566236141273
0.23993228795438346,0.7457995199451366
0.2402886671418389,0.7457995199451366
0.2402886671418389,0.7459138187221397
0.24046685673556664,0.7459138187221397
0.24046685673556664,0.7461424162761459
0.2405559515324305,0.7461424162761459
0.2405559515324305,0.746371013830152
0.24064504632929437,0.746371013830152
0.24064504632929437,0.7465996113841582
0.24073414112615824,0.7465996113841582
0.24073414112615824,0.7467139101611613
0.2408232359230221,0.7467139101611613
0.2408232359230221,0.7469425077151675
0.24100142551674983,0.7469425077151675
0.24100142551674983,0.7470568064921705
0.24144689950106915,0.7470568064921705
0.24144689950106915,0.7471711052691736
0.241535994297933,0.7471711052691736
0.241535994297933,0.7472854040461767
0.24171418389166072,0.7472854040461767
0.24171418389166072,0.7475140016001829
0.24180327868852458,0.7475140016001829
0.24180327868852458,0.747628300377186
0.24189237348538845,0.747628300377186
0.24189237348538845,0.7477425991541891
0.24207056307911617,0.7477425991541891
0.24207056307911617,0.7478568979311921
0.24269422665716323,0.7478568979311921
0.24269422665716323,0.7483140930392045
0.2427833214540271,0.7483140930392045
0.2427833214540271,0.7484283918162076
0.24287241625089095,0.7484283918162076
0.24287241625089095,0.7486569893702137
0.24296151104775482,0.7486569893702137
0.24296151104775482,0.7487712881472168
0.24349607982893798,0.7487712881472168
0.24349607982893798,0.7491141844782261
0.2436742694226657,0.7491141844782261
0.2436742694226657,0.7492284832552292
0.24376336421952957,0.7492284832552292
0.24376336421952957,0.7499142759172477
0.24385245901639344,0.7499142759172477
0.24385245901639344,0.7500285746942508
0.2439415538132573,0.7500285746942508
0.2439415538132573,0.7502571722482569
0.24403064861012116,0.7502571722482569
0.24403064861012116,0.75037147102526
0.24411974340698503,0.75037147102526
0.24411974340698503,0.7504857698022631
0.2442088382038489,0.7504857698022631
0.2442088382038489,0.7506000685792662
0.24438702779757662,0.7506000685792662
0.24438702779757662,0.7507143673562693
0.2444761225944405,0.7507143673562693
0.2444761225944405,0.7509429649102755
0.24456521739130435,0.7509429649102755
0.24456521739130435,0.7511715624642816
0.24474340698503208,0.7511715624642816
0.24474340698503208,0.7515144587952909
0.24483250178189594,0.7515144587952909
0.24483250178189594,0.751628757572294
0.24527797576621524,0.751628757572294
0.24527797576621524,0.7518573551263001
0.24545616535994297,0.7518573551263001
0.24545616535994297,0.7524288490113156
0.24554526015680683,0.7524288490113156
0.24554526015680683,0.7525431477883187
0.24599073414112615,0.7525431477883187
0.24599073414112615,0.7528860441193279
0.24616892373485388,0.7528860441193279
0.24616892373485388,0.7533432392273403
0.24625801853171775,0.7533432392273403
0.24625801853171775,0.7535718367813464
0.2463471133285816,0.7535718367813464
0.2463471133285816,0.7538004343353526
0.2466143977191732,0.7538004343353526
0.2466143977191732,0.7539147331123557
0.2468816821097648,0.7539147331123557
0.2468816821097648,0.7541433306663619
0.24705987170349253,0.7541433306663619
0.24705987170349253,0.7542576294433649
0.24750534568781182,0.7542576294433649
0.24750534568781182,0.7544862269973711
0.2475944404846757,0.7544862269973711
0.2475944404846757,0.7546005257743742
0.24768353528153955,0.7546005257743742
0.24768353528153955,0.7547148245513773
0.24786172487526728,0.7547148245513773
0.24786172487526728,0.7548291233283804
0.24795081967213115,0.7548291233283804
0.24795081967213115,0.7551720196593896
0.24812900926585887,0.7551720196593896
0.24812900926585887,0.7552863184363927
0.2483071988595866,0.7552863184363927
0.2483071988595866,0.7554006172133958
0.2485744832501782,0.7554006172133958
0.2485744832501782,0.755629214767402
0.2488417676407698,0.755629214767402
0.2488417676407698,0.755743513544405
0.24910905203136136,0.755743513544405
0.24910905203136136,0.7559721110984112
0.24964362081254454,0.7559721110984112
0.24964362081254454,0.7562007086524174
0.24982181040627227,0.7562007086524174
0.24982181040627227,0.7571150988684421
0.24991090520313614,0.7571150988684421
0.24991090520313614,0.7572293976454452
0.25008909479686386,0.7572293976454452
0.25008909479686386,0.7573436964224483
0.25017818959372773,0.7573436964224483
0.25017818959372773,0.7574579951994513
0.2502672843905916,0.7574579951994513
0.2502672843905916,0.7576865927534575
0.2505345687811832,0.7576865927534575
0.2505345687811832,0.7578008915304606
0.25062366357804705,0.7578008915304606
0.25062366357804705,0.7579151903074637
0.25089094796863864,0.7579151903074637
0.25089094796863864,0.7580294890844668
0.2509800427655025,0.7580294890844668
0.2509800427655025,0.7581437878614699
0.2515146115466857,0.7581437878614699
0.2515146115466857,0.7584866841924791
0.25187099073414115,0.7584866841924791
0.25187099073414115,0.7589438793004915
0.25196008553100496,0.7589438793004915
0.25196008553100496,0.7590581780774945
0.2520491803278688,0.7590581780774945
0.2520491803278688,0.7592867756315007
0.25276193870277974,0.7592867756315007
0.25276193870277974,0.75962967196251
0.2528510334996436,0.75962967196251
0.2528510334996436,0.7598582695165161
0.25294012829650747,0.7598582695165161
0.25294012829650747,0.7599725682935192
0.25302922309337134,0.7599725682935192
0.25302922309337134,0.7602011658475254
0.25320741268709906,0.7602011658475254
0.25320741268709906,0.761001257286547
0.25329650748396293,0.761001257286547
0.25329650748396293,0.7611155560635501
0.2533856022808268,0.7611155560635501
0.2533856022808268,0.7612298548405532
0.25347469707769066,0.7612298548405532
0.25347469707769066,0.7615727511715624
0.2536528866714184,0.7615727511715624
0.2536528866714184,0.7616870499485655
0.25392017106201,0.7616870499485655
0.25392017106201,0.7618013487255686
0.25400926585887385,0.7618013487255686
0.25400926585887385,0.7620299462795748
0.2540983606557377,0.7620299462795748
0.2540983606557377,0.762372842610584
0.2541874554526016,0.762372842610584
0.2541874554526016,0.7624871413875871
0.25427655024946544,0.7624871413875871
0.25427655024946544,0.7626014401645902
0.25454383464005703,0.7626014401645902
0.25454383464005703,0.7627157389415933
0.25472202423378476,0.7627157389415933
0.25472202423378476,0.7632872328266087
0.2550784034212402,0.7632872328266087
0.2550784034212402,0.7635158303806149
0.25525659301496795,0.7635158303806149
0.25525659301496795,0.763630129157618
0.25552387740555954,0.763630129157618
0.25552387740555954,0.7638587267116241
0.2556129722024234,0.7638587267116241
0.2556129722024234,0.7639730254886272
0.2557020669992872,0.7639730254886272
0.2557020669992872,0.7640873242656303
0.2557911617961511,0.7640873242656303
0.2557911617961511,0.7642016230426334
0.2559693513898788,0.7642016230426334
0.2559693513898788,0.7643159218196365
0.25605844618674267,0.7643159218196365
0.25605844618674267,0.7645445193736427
0.2562366357804704,0.7645445193736427
0.2562366357804704,0.7647731169276488
0.25641482537419813,0.7647731169276488
0.25641482537419813,0.765001714481655
0.25659301496792586,0.765001714481655
0.25659301496792586,0.7651160132586581
0.2566821097647897,0.7651160132586581
0.2566821097647897,0.7653446108126642
0.2567712045616536,0.7653446108126642
0.2567712045616536,0.7656875071436736
0.2574839629365645,0.7656875071436736
0.2574839629365645,0.7659161046976798
0.25757305773342837,0.7659161046976798
0.25757305773342837,0.7660304034746829
0.25766215253029223,0.7660304034746829
0.25766215253029223,0.766259001028689
0.2580185317177477,0.766259001028689
0.2580185317177477,0.7664875985826952
0.25810762651461155,0.7664875985826952
0.25810762651461155,0.7666018973596983
0.258464005702067,0.7666018973596983
0.258464005702067,0.7667161961367014
0.2585531004989309,0.7667161961367014
0.2585531004989309,0.7669447936907076
0.25864219529579474,0.7669447936907076
0.25864219529579474,0.7670590924677106
0.25890947968638633,0.7670590924677106
0.25890947968638633,0.7672876900217168
0.2589985744832502,0.7672876900217168
0.2589985744832502,0.7674019887987199
0.25935495367070566,0.7674019887987199
0.25935495367070566,0.7676305863527261
0.2596222380612972,0.7676305863527261
0.2596222380612972,0.7678591839067322
0.2598004276550249,0.7678591839067322
0.2598004276550249,0.7680877814607384
0.25997861724875265,0.7680877814607384
0.25997861724875265,0.7683163790147446
0.26024590163934425,0.7683163790147446
0.26024590163934425,0.7686592753457538
0.2603349964362081,0.7686592753457538
0.2603349964362081,0.7687735741227569
0.260424091233072,0.7687735741227569
0.260424091233072,0.76888787289976
0.26051318602993584,0.76888787289976
0.26051318602993584,0.7691164704537662
0.2606022808267997,0.7691164704537662
0.2606022808267997,0.7694593667847754
0.26069137562366357,0.7694593667847754
0.26069137562366357,0.7696879643387816
0.26078047042052743,0.7696879643387816
0.26078047042052743,0.7699165618927878
0.2608695652173913,0.7699165618927878
0.2608695652173913,0.7700308606697909
0.261047754811119,0.7700308606697909
0.261047754811119,0.770145159446794
0.26122594440484675,0.770145159446794
0.26122594440484675,0.770259458223797
0.2614041339985745,0.770259458223797
0.2614041339985745,0.7704880557778032
0.2615823235923022,0.7704880557778032
0.2615823235923022,0.7706023545548063
0.2616714183891661,0.7706023545548063
0.2616714183891661,0.7707166533318094
0.26176051318602994,0.7707166533318094
0.26176051318602994,0.7709452508858156
0.2618496079828938,0.7709452508858156
0.2618496079828938,0.7710595496628186
0.26202779757662154,0.7710595496628186
0.26202779757662154,0.7712881472168248
0.262384176764077,0.7712881472168248
0.262384176764077,0.7716310435478341
0.26247327156094086,0.7716310435478341
0.26247327156094086,0.7717453423248372
0.2625623663578047,0.7717453423248372
0.2625623663578047,0.7718596411018402
0.2626514611546686,0.7718596411018402
0.2626514611546686,0.7719739398788433
0.2628296507483963,0.7719739398788433
0.2628296507483963,0.7724311349868557
0.2634533143264433,0.7724311349868557
0.2634533143264433,0.7725454337638588
0.2635424091233072,0.7725454337638588
0.2635424091233072,0.7726597325408618
0.26363150392017104,0.7726597325408618
0.26363150392017104,0.7727740313178649
0.26380969351389877,0.7727740313178649
0.26380969351389877,0.772888330094868
0.26407697790449036,0.772888330094868
0.26407697790449036,0.7730026288718711
0.2642551674982181,0.7730026288718711
0.2642551674982181,0.7733455252028804
0.2645224518888097,0.7733455252028804
0.2645224518888097,0.7734598239798834
0.26461154668567355,0.7734598239798834
0.26461154668567355,0.7735741227568865
0.2647006414825374,0.7735741227568865
0.2647006414825374,0.7738027203108927
0.2647897362794013,0.7738027203108927
0.2647897362794013,0.7739170190878958
0.26487883107626514,0.7739170190878958
0.26487883107626514,0.774259915418905
0.2652352102637206,0.774259915418905
0.2652352102637206,0.7743742141959081
0.26541339985744833,0.7743742141959081
0.2659479686386315,0.7749457080809236
0.2660370634354954,0.7749457080809236
0.2660370634354954,0.7750600068579266
0.266304347826087,0.7750600068579266
0.266304347826087,0.7754029031889359
0.26657163221667857,0.7754029031889359
0.26657163221667857,0.7757457995199452
0.26719529579472556,0.7757457995199452
0.26719529579472556,0.7758600982969482
0.2672843905915894,0.7758600982969482
0.2672843905915894,0.7759743970739513
0.2673734853884533,0.7759743970739513
0.2673734853884533,0.7762029946279575
0.26772986457590875,0.7762029946279575
0.26772986457590875,0.7764315921819637
0.2678189593727726,0.7764315921819637
0.2678189593727726,0.7766601897359698
0.2679080541696365,0.7766601897359698
0.2679080541696365,0.776888787289976
0.2680862437633642,0.776888787289976
0.2680862437633642,0.7771173848439822
0.2683535281539558,0.7771173848439822
0.2683535281539558,0.7773459823979884
0.26844262295081966,0.7773459823979884
0.26844262295081966,0.7774602811749914
0.2687990021382751,0.7774602811749914
0.2687990021382751,0.7776888787289976
0.268888096935139,0.7776888787289976
0.268888096935139,0.7779174762830038
0.26924447612259444,0.7779174762830038
0.26924447612259444,0.7780317750600069
0.2693335709194583,0.7780317750600069
0.2693335709194583,0.77814607383701
0.2694226657163222,0.77814607383701
0.2694226657163222,0.7784889701680192
0.2696008553100499,0.7784889701680192
0.2696008553100499,0.7786032689450223
0.26995723449750536,0.7786032689450223
0.26995723449750536,0.7788318664990285
0.2701354240912331,0.7788318664990285
0.2701354240912331,0.7790604640530346
0.27022451888809695,0.7790604640530346
0.27022451888809695,0.7792890616070408
0.2703136136849608,0.7792890616070408
0.2703136136849608,0.7794033603840439
0.27049180327868855,0.7794033603840439
0.27049180327868855,0.7799748542690593
0.2705808980755524,0.7799748542690593
0.2705808980755524,0.7800891530460624
0.2706699928724163,0.7800891530460624
0.2706699928724163,0.7802034518230655
0.2709372772630078,0.7802034518230655
0.2709372772630078,0.7805463481540748
0.2710263720598717,0.7805463481540748
0.2710263720598717,0.7807749457080809
0.27111546685673554,0.7807749457080809
0.27111546685673554,0.780889244485084
0.27156094084105487,0.780889244485084
0.27156094084105487,0.7810035432620871
0.2719173200285103,0.7810035432620871
0.2719173200285103,0.7811178420390902
0.2720064148253742,0.7811178420390902
0.2720064148253742,0.7812321408160933
0.27209550962223805,0.7812321408160933
0.27209550962223805,0.7813464395930964
0.2722736992159658,0.7813464395930964
0.2722736992159658,0.7814607383700994
0.27236279401282965,0.7814607383700994
0.27236279401282965,0.7815750371471025
0.2724518888096935,0.7815750371471025
0.2724518888096935,0.7816893359241056
0.2727191732002851,0.7816893359241056
0.2727191732002851,0.7818036347011087
0.2729864575908767,0.7818036347011087
0.2729864575908767,0.7819179334781118
0.273431931575196,0.7819179334781118
0.273431931575196,0.7820322322551149
0.2735210263720599,0.7820322322551149
0.2735210263720599,0.782146531032118
0.2739665003563792,0.782146531032118
0.2739665003563792,0.7823751285861241
0.27405559515324307,0.7823751285861241
0.27405559515324307,0.7826037261401303
0.27432287954383466,0.7826037261401303
0.27432287954383466,0.7828323236941365
0.2745010691375624,0.7828323236941365
0.2745010691375624,0.7829466224711396
0.2753029223093371,0.7829466224711396
0.2753029223093371,0.7830609212481426
0.275392017106201,0.7830609212481426
0.275392017106201,0.7832895188021488
0.27548111190306485,0.7832895188021488
0.27548111190306485,0.7836324151331581
0.2755702066999287,0.7836324151331581
0.2755702066999287,0.7839753114641673
0.2761047754811119,0.7839753114641673
0.2761047754811119,0.7840896102411704
0.2765502494654312,0.7840896102411704
0.2765502494654312,0.7842039090181735
0.2766393442622951,0.7842039090181735
0.2766393442622951,0.7843182077951766
0.2770848182466144,0.7843182077951766
0.2770848182466144,0.7844325065721797
0.27744119743406986,0.7844325065721797
0.27744119743406986,0.7845468053491828
0.2776193870277976,0.7845468053491828
0.2776193870277976,0.784889701680192
0.2778866714183892,0.784889701680192
0.2778866714183892,0.7851182992341982
0.2781539558089808,0.7851182992341982
0.2781539558089808,0.7852325980112013
0.2783321454027085,0.7852325980112013
0.2783321454027085,0.7854611955652074
0.2784212401995723,0.7854611955652074
0.2784212401995723,0.7855754943422105
0.27859942979330005,0.7855754943422105
0.27859942979330005,0.7856897931192136
0.2786885245901639,0.7856897931192136
0.2786885245901639,0.7858040918962167
0.2789558089807555,0.7858040918962167
0.2789558089807555,0.7859183906732198
0.2794012829650748,0.7859183906732198
0.2794012829650748,0.7860326894502229
0.2794903777619387,0.7860326894502229
0.2794903777619387,0.786146988227226
0.27957947255880256,0.786146988227226
0.27957947255880256,0.786261287004229
0.28011404133998574,0.786261287004229
0.28011404133998574,0.7863755857812321
0.28038132573057734,0.7863755857812321
0.28038132573057734,0.7867184821122414
0.2804704205274412,0.7867184821122414
0.2804704205274412,0.7869470796662476
0.28055951532430506,0.7869470796662476
0.28055951532430506,0.7870613784432506
0.28162865288667144,0.7870613784432506
0.28162865288667144,0.7871756772202537
0.28189593727726303,0.7871756772202537
0.28189593727726303,0.7876328723282661
0.2819850320741269,0.7876328723282661
0.2819850320741269,0.7877471711052692
0.2821632216678546,0.7877471711052692
0.2821632216678546,0.7878614698822722
0.28225231646471843,0.7878614698822722
0.28225231646471843,0.7879757686592753
0.28251960085531,0.7879757686592753
0.28251960085531,0.7880900674362784
0.2826086956521739,0.7880900674362784
0.2826086956521739,0.7882043662132815
0.2827868852459016,0.7882043662132815
0.2827868852459016,0.7884329637672877
0.2830541696364932,0.7884329637672877
0.2830541696364932,0.7885472625442908
0.28341054882394867,0.7885472625442908
0.28341054882394867,0.7886615613212938
0.28349964362081254,0.7886615613212938
0.28349964362081254,0.7887758600982969
0.28367783321454026,0.7887758600982969
0.28367783321454026,0.7890044576523031
0.28376692801140413,0.7890044576523031
0.28376692801140413,0.7891187564293062
0.2843014967925873,0.7891187564293062
0.2843014967925873,0.7892330552063093
0.2843905915894512,0.7892330552063093
0.2843905915894512,0.7896902503143216
0.2846578759800428,0.7896902503143216
0.2846578759800428,0.7898045490913247
0.2848360655737705,0.7898045490913247
0.2848360655737705,0.7899188478683278
0.28492516037063437,0.7899188478683278
0.28492516037063437,0.790261744199337
0.2851033499643621,0.790261744199337
0.2851033499643621,0.7903760429763401
0.28519244476122596,0.7903760429763401
0.28519244476122596,0.7904903417533432
0.2855488239486814,0.7904903417533432
0.2855488239486814,0.7906046405303463
0.28572701354240915,0.7906046405303463
0.28572701354240915,0.7907189393073494
0.285816108339273,0.7907189393073494
0.285816108339273,0.7909475368613555
0.2859942979330007,0.7909475368613555
0.2859942979330007,0.7910618356383586
0.2861724875267284,0.7910618356383586
0.2861724875267284,0.7914047319693679
0.28643977191732,0.7914047319693679
0.28643977191732,0.791519030746371
0.28661796151104774,0.791519030746371
0.28661796151104774,0.7916333295233741
0.2867070563079116,0.7916333295233741
0.2867070563079116,0.7917476283003771
0.28688524590163933,0.7917476283003771
0.28688524590163933,0.7918619270773802
0.2872416250890948,0.7918619270773802
0.2872416250890948,0.7919762258543833
0.2874198146828225,0.7919762258543833
0.2874198146828225,0.7923191221853926
0.2875089094796864,0.7923191221853926
0.2875089094796864,0.7924334209623957
0.28759800427655025,0.7924334209623957
0.28759800427655025,0.7925477197393987
0.2876870990734141,0.7925477197393987
0.2876870990734141,0.7926620185164018
0.28804347826086957,0.7926620185164018
0.28804347826086957,0.7927763172934049
0.2882216678545973,0.7927763172934049
0.2882216678545973,0.7930049148474111
0.28831076265146116,0.7930049148474111
0.28831076265146116,0.7931192136244142
0.288399857448325,0.7931192136244142
0.288399857448325,0.7932335124014173
0.2884889522451889,0.7932335124014173
0.2884889522451889,0.7933478111784203
0.28884533143264435,0.7933478111784203
0.28884533143264435,0.7934621099554234
0.28991446899501067,0.7934621099554234
0.28991446899501067,0.7936907075094296
0.2900926585887384,0.7940336038404389
0.2900926585887384,0.794147902617442
0.29035994297933,0.794147902617442
0.29035994297933,0.7947193965024574
0.29044903777619385,0.7947193965024574
0.29044903777619385,0.7949479940564635
0.2906272273699216,0.7949479940564635
0.2906272273699216,0.7950622928334666
0.29071632216678545,0.7950622928334666
0.29071632216678545,0.7952908903874728
0.2908054169636493,0.7952908903874728
0.2908054169636493,0.795519487941479
0.2913399857448325,0.795519487941479
0.2913399857448325,0.7956337867184821
0.29142908054169636,0.7956337867184821
0.29142908054169636,0.7959766830494913
0.2916072701354241,0.7959766830494913
0.2916072701354241,0.7960909818264944
0.29196364932287955,0.7960909818264944
0.29196364932287955,0.7964338781575037
0.2921418389166073,0.7964338781575037
0.2921418389166073,0.7965481769345067
0.29223093371347114,0.7965481769345067
0.29223093371347114,0.7967767744885129
0.292320028510335,0.7967767744885129
0.292320028510335,0.7974625671505315
0.29240912330719887,0.7974625671505315
0.29240912330719887,0.7975768659275346
0.29267640769779046,0.7975768659275346
0.29267640769779046,0.7976911647045377
0.2928545972915182,0.7976911647045377
0.2928545972915182,0.7978054634815408
0.29321097647897365,0.7978054634815408
0.29321097647897365,0.7979197622585439
0.2933000712758375,0.7979197622585439
0.2933000712758375,0.798034061035547
0.2937455452601568,0.798034061035547
0.2937455452601568,0.7982626585895531
0.29383464005702065,0.7982626585895531
0.29383464005702065,0.7983769573665562
0.2939237348538845,0.7983769573665562
0.2939237348538845,0.7984912561435593
0.2940128296507484,0.7984912561435593
0.2941910192444761,0.7984912561435593
0.2941910192444761,0.7987198536975655
0.2946364932287954,0.7987198536975655
0.2946364932287954,0.7988341524745686
0.2947255880256593,0.7988341524745686
0.2947255880256593,0.7990627500285747
0.2949928724162509,0.7990627500285747
0.2949928724162509,0.7991770488055778
0.29508196721311475,0.7991770488055778
0.29508196721311475,0.7992913475825809
0.2951710620099786,0.7992913475825809
0.2951710620099786,0.7998628414675963
0.29561653599429794,0.7998628414675963
0.29561653599429794,0.7999771402445994
0.29579472558802566,0.7999771402445994
0.29579472558802566,0.8003200365756087
0.29588382038488953,0.8003200365756087
0.29588382038488953,0.8004343353526118
0.2961511047754811,0.8004343353526118
0.2961511047754811,0.8005486341296149
0.296240199572345,0.8005486341296149
0.296240199572345,0.8006629329066179
0.2965074839629366,0.8006629329066179
0.2965074839629366,0.800777231683621
0.29659657875980044,0.800777231683621
0.29659657875980044,0.8008915304606241
0.2966856735566643,0.8008915304606241
0.2966856735566643,0.8012344267916334
0.2969529579472559,0.8014630243456395
0.2969529579472559,0.8015773231226426
0.2972202423378475,0.8015773231226426
0.2972202423378475,0.8016916218996457
0.29730933713471136,0.8016916218996457
0.29730933713471136,0.8022631157846611
0.29748752672843903,0.8022631157846611
0.29748752672843903,0.8024917133386673
0.29766571632216676,0.8024917133386673
0.29766571632216676,0.8028346096696766
0.2977548111190306,0.8028346096696766
0.2977548111190306,0.8029489084466797
0.29793300071275836,0.8029489084466797
0.29793300071275836,0.8030632072236827
0.2982893799002138,0.8030632072236827
0.2982893799002138,0.8032918047776889
0.29846756949394154,0.8032918047776889
0.29846756949394154,0.8035204023316951
0.2985566642908054,0.8035204023316951
0.2985566642908054,0.8036347011086982
0.298823948681397,0.8036347011086982
0.298823948681397,0.8038632986627043
0.29891304347826086,0.8038632986627043
0.29891304347826086,0.8040918962167105
0.2990912330719886,0.8040918962167105
0.2990912330719886,0.8042061949937136
0.2992694226657163,0.8042061949937136
0.2992694226657163,0.8043204937707167
0.2998039914468995,0.8043204937707167
0.2998039914468995,0.8044347925477198
0.2998930862437634,0.8044347925477198
0.2998930862437634,0.8046633901017259
0.29998218104062724,0.8046633901017259
0.29998218104062724,0.804777688878729
0.30016037063435497,0.804777688878729
0.30016037063435497,0.8048919876557321
0.30024946543121883,0.8048919876557321
0.30024946543121883,0.8051205852097383
0.3003385602280827,0.8051205852097383
0.3003385602280827,0.8054634815407475
0.30042765502494656,0.8054634815407475
0.30042765502494656,0.8055777803177506
0.3005167498218104,0.8055777803177506
0.3005167498218104,0.8059206766487599
0.3006058446186743,0.8059206766487599
0.3006058446186743,0.806149274202766
0.300784034212402,0.806149274202766
0.300784034212402,0.8063778717567722
0.3008731290092659,0.8063778717567722
0.3008731290092659,0.8064921705337753
0.3010513186029936,0.8064921705337753
0.3010513186029936,0.8066064693107784
0.3014967925873129,0.8066064693107784
0.3014967925873129,0.8067207680877815
0.3019422665716322,0.8072922619727969
0.30212045616535993,0.8072922619727969
0.30212045616535993,0.8076351583038062
0.302744119743407,0.8076351583038062
0.302744119743407,0.8077494570808093
0.3029223093371347,0.8077494570808093
0.3029223093371347,0.8082066521888216
0.3030114041339986,0.8082066521888216
0.3030114041339986,0.8084352497428278
0.30327868852459017,0.8084352497428278
0.30327868852459017,0.8086638472968339
0.3036350677120456,0.8086638472968339
0.3036350677120456,0.8090067436278432
0.3039914468995011,0.8090067436278432
0.3039914468995011,0.8091210424048463
0.30434782608695654,0.8091210424048463
0.30434782608695654,0.8092353411818494
0.30461511047754813,0.8092353411818494
0.30461511047754813,0.8094639387358555
0.30479330007127586,0.8094639387358555
0.30479330007127586,0.8095782375128586
0.30497148966500354,0.8095782375128586
0.30497148966500354,0.8099211338438679
0.3058624376336422,0.8099211338438679
0.3058624376336422,0.810035432620871
0.3060406272273699,0.810035432620871
0.3060406272273699,0.8106069265058864
0.30621881682109764,0.8106069265058864
0.30621881682109764,0.8110641216138987
0.30648610121168923,0.8110641216138987
0.30648610121168923,0.8111784203909018
0.3065751960085531,0.8111784203909018
0.3065751960085531,0.811407017944908
0.3071097647897363,0.811407017944908
0.3071097647897363,0.8115213167219111
0.30719885958660015,0.8115213167219111
0.30719885958660015,0.8116356154989142
0.3075552387740556,0.8116356154989142
0.3075552387740556,0.8118642130529203
0.3078225231646472,0.8118642130529203
0.3078225231646472,0.8119785118299234
0.30791161796151106,0.8119785118299234
0.30791161796151106,0.8124357069379358
0.3080898075552388,0.8124357069379358
0.3080898075552388,0.8125500057149388
0.30817890235210266,0.8125500057149388
0.30817890235210266,0.8126643044919419
0.3089807555238774,0.8126643044919419
0.3089807555238774,0.812778603268945
0.30906985032074125,0.812778603268945
0.30906985032074125,0.8130072008229512
0.309248039914469,0.8130072008229512
0.309248039914469,0.8132357983769574
0.30933713471133284,0.8132357983769574
0.30933713471133284,0.8133500971539604
0.309871703492516,0.8133500971539604
0.309871703492516,0.8136929934849697
0.3099607982893799,0.8136929934849697
0.3099607982893799,0.8139215910389759
0.3101389878831076,0.8139215910389759
0.3101389878831076,0.814035889815979
0.3102280826799715,0.814035889815979
0.3102280826799715,0.8143787861469882
0.31058446186742694,0.8143787861469882
0.31058446186742694,0.8146073837009944
0.3106735566642908,0.8146073837009944
0.3106735566642908,0.8148359812550006
0.31129722024233786,0.8148359812550006
0.31156450463292945,0.8151788775860098
0.3116535994297933,0.8151788775860098
0.3116535994297933,0.8156360726940222
0.3117426942266572,0.8156360726940222
0.3117426942266572,0.8157503714710252
0.3119208838203849,0.8157503714710252
0.3119208838203849,0.8158646702480283
0.3120099786172488,0.8158646702480283
0.3120099786172488,0.8159789690250314
0.31227726300784037,0.8159789690250314
0.31227726300784037,0.8163218653560407
0.3125445473984319,0.8163218653560407
0.3125445473984319,0.8166647616870499
0.31263364219529577,0.8166647616870499
0.31263364219529577,0.8170076580180592
0.31272273699215963,0.8170076580180592
0.31272273699215963,0.8171219567950623
0.3129900213827512,0.8171219567950623
0.3129900213827512,0.8172362555720654
0.31343549536707055,0.8172362555720654
0.31343549536707055,0.8176934506800777
0.3136136849607983,0.8176934506800777
0.3136136849607983,0.8179220482340839
0.31397006414825374,0.8179220482340839
0.31397006414825374,0.818036347011087
0.3145046329294369,0.818036347011087
0.3145046329294369,0.8182649445650931
0.3148610121168924,0.8182649445650931
0.3148610121168924,0.8183792433420962
0.315128296507484,0.8183792433420962
0.315128296507484,0.8184935421190993
0.31521739130434784,0.8184935421190993
0.31521739130434784,0.8186078408961024
0.31593014967925875,0.8186078408961024
0.31593014967925875,0.8189507372271116
0.31619743406985035,0.8189507372271116
0.31619743406985035,0.8192936335581209
0.3164647184604419,0.8192936335581209
0.3164647184604419,0.819407932335124
0.31655381325730575,0.819407932335124
0.31655381325730575,0.8195222311121271
0.3167320028510335,0.8195222311121271
0.3167320028510335,0.8196365298891302
0.3169101924447612,0.8196365298891302
0.3169101924447612,0.8197508286661332
0.3171774768353528,0.8197508286661332
0.3171774768353528,0.8198651274431363
0.3184248039914469,0.8198651274431363
0.3184248039914469,0.8200937249971425
0.31851389878831077,0.8200937249971425
0.31851389878831077,0.8203223225511487
0.3186920883820385,0.8203223225511487
0.3186920883820385,0.8204366213281518
0.3192266571632217,0.8204366213281518
0.3192266571632217,0.8205509201051548
0.31931575196008555,0.8205509201051548
0.31931575196008555,0.8206652188821579
0.319672131147541,0.8206652188821579
0.319672131147541,0.8208938164361641
0.31985032074126873,0.8208938164361641
0.31985032074126873,0.8212367127671734
0.3199394155381326,0.8212367127671734
0.3199394155381326,0.8213510115441764
0.32011760513186027,0.8213510115441764
0.32011760513186027,0.8214653103211795
0.32038488952245187,0.8214653103211795
0.32038488952245187,0.822036804206195
0.3208303635067712,0.822036804206195
0.3208303635067712,0.822151102983198
0.32091945830363505,0.822151102983198
0.32091945830363505,0.8224939993142073
0.3210976478973628,0.8224939993142073
0.3210976478973628,0.8228368956452166
0.32216678545972915,0.8228368956452166
0.32216678545972915,0.8229511944222196
0.3227904490377762,0.8229511944222196
0.3227904490377762,0.8230654931992227
0.32287954383464007,0.8230654931992227
0.32287954383464007,0.8231797919762258
0.32296863863150393,0.8231797919762258
0.32296863863150393,0.8232940907532289
0.3230577334283678,0.8232940907532289
0.3230577334283678,0.823408389530232
0.32314682822523166,0.823408389530232
0.32314682822523166,0.8237512858612412
0.3233250178189594,0.8237512858612412
0.3233250178189594,0.8240941821922505
0.3238595866001426,0.8240941821922505
0.3238595866001426,0.8243227797462567
0.3241268709907341,0.8243227797462567
0.3241268709907341,0.8244370785232598
0.324215965787598,0.8244370785232598
0.324215965787598,0.8248942736312721
0.3243941553813257,0.8248942736312721
0.3243941553813257,0.8250085724082752
0.32483962936564503,0.8250085724082752
0.32483962936564503,0.8252371699622814
0.32501781895937276,0.8252371699622814
0.32501781895937276,0.8253514687392844
0.3253741981468282,0.8253514687392844
0.3253741981468282,0.8255800662932906
0.3257305773342837,0.8255800662932906
0.3257305773342837,0.8258086638472968
0.32626514611546686,0.8258086638472968
0.32626514611546686,0.8259229626242999
0.32635424091233073,0.8259229626242999
0.32635424091233073,0.826037261401303
0.3267106200997862,0.826037261401303
0.3267106200997862,0.826151560178306
0.32679971489665005,0.826151560178306
0.32679971489665005,0.8262658589553091
0.3268888096935139,0.8262658589553091
0.3268888096935139,0.8264944565093153
0.3271560940841055,0.8264944565093153
0.3271560940841055,0.8266087552863184
0.3272451888809694,0.8266087552863184
0.3272451888809694,0.8267230540633215
0.32733428367783324,0.8267230540633215
0.32733428367783324,0.8268373528403246
0.3274233784746971,0.8268373528403246
0.3274233784746971,0.8269516516173276
0.32769066286528864,0.8269516516173276
0.32769066286528864,0.8270659503943307
0.32786885245901637,0.8270659503943307
0.32786885245901637,0.8271802491713338
0.32795794725588023,0.8271802491713338
0.32795794725588023,0.82740884672534
0.3280470420527441,0.82740884672534
0.3280470420527441,0.8275231455023431
0.3282252316464718,0.8275231455023431
0.3282252316464718,0.8276374442793462
0.32867070563079115,0.8276374442793462
0.32867070563079115,0.8277517430563492
0.32893799002138274,0.8277517430563492
0.32893799002138274,0.8278660418333523
0.32911617961511047,0.8278660418333523
0.32911617961511047,0.8279803406103554
0.32965074839629366,0.8279803406103554
0.32965074839629366,0.8282089381643617
0.330096222380613,0.8282089381643617
0.330096222380613,0.8283232369413648
0.33071988595866003,0.8283232369413648
0.33071988595866003,0.8284375357183679
0.3308089807555239,0.8284375357183679
0.3308089807555239,0.828551834495371
0.3310762651461155,0.828551834495371
0.3310762651461155,0.8288947308263802
0.3313435495367071,0.8288947308263802
0.3313435495367071,0.8290090296033833
0.33152173913043476,0.8290090296033833
0.33152173913043476,0.8291233283803864
0.3318781183178902,0.8291233283803864
0.3318781183178902,0.8293519259343926
0.3324126870990734,0.8293519259343926
0.3324126870990734,0.8296948222654018
0.3328581610833927,0.8296948222654018
0.3328581610833927,0.8298091210424049
0.33401639344262296,0.8298091210424049
0.33401639344262296,0.829923419819408
0.3347291518175339,0.829923419819408
0.3347291518175339,0.8300377185964111
0.33499643620812547,0.8300377185964111
0.33499643620812547,0.8301520173734142
0.3351746258018532,0.8301520173734142
0.3351746258018532,0.8302663161504172
0.3357982893799002,0.8302663161504172
0.3357982893799002,0.8304949137044234
0.3359764789736279,0.8304949137044234
0.3359764789736279,0.8306092124814265
0.3360655737704918,0.8306092124814265
0.3360655737704918,0.8307235112584296
0.33615466856735565,0.8307235112584296
0.33615466856735565,0.8308378100354327
0.33642195295794725,0.8308378100354327
0.33642195295794725,0.8310664075894388
0.336600142551675,0.8310664075894388
0.336600142551675,0.8314093039204481
0.33695652173913043,0.8314093039204481
0.33695652173913043,0.8316379014744543
0.33713471133285816,0.8316379014744543
0.33713471133285816,0.8317522002514574
0.33740199572344975,0.8317522002514574
0.33740199572344975,0.8319807978054635
0.3374910905203136,0.8319807978054635
0.3374910905203136,0.8320950965824666
0.3375801853171775,0.8320950965824666
0.3375801853171775,0.8322093953594697
0.3378474697077691,0.8322093953594697
0.3378474697077691,0.8324379929134759
0.33793656450463294,0.8324379929134759
0.33793656450463294,0.832666590467482
0.33811475409836067,0.832666590467482
0.33811475409836067,0.8327808892444851
0.3382929436920884,0.8327808892444851
0.3382929436920884,0.8331237855754944
0.33847113328581613,0.8331237855754944
0.33847113328581613,0.8332380843524975
0.33864932287954386,0.8332380843524975
0.33864932287954386,0.8334666819065036
0.3387384176764077,0.8334666819065036
0.3387384176764077,0.8336952794605098
0.3390947968638631,0.8336952794605098
0.3390947968638631,0.8338095782375129
0.339183891660727,0.8338095782375129
0.339183891660727,0.833923877014516
0.3394511760513186,0.833923877014516
0.3394511760513186,0.8341524745685222
0.33954027084818245,0.8342667733455252
0.3401639344262295,0.8342667733455252
0.3401639344262295,0.8343810721225283
0.34025302922309336,0.8343810721225283
0.34025302922309336,0.8344953708995314
0.3403421240199572,0.8344953708995314
0.3403421240199572,0.8346096696765345
0.3406094084105488,0.8346096696765345
0.3406094084105488,0.8347239684535376
0.34078759800427655,0.8347239684535376
0.34078759800427655,0.8349525660075438
0.3409657875980043,0.8349525660075438
0.3409657875980043,0.8350668647845468
0.341143977191732,0.8350668647845468
0.341143977191732,0.8351811635615499
0.34132216678545974,0.8351811635615499
0.34132216678545974,0.8356383586695623
0.3414112615823236,0.8356383586695623
0.3414112615823236,0.8357526574465654
0.34150035637918746,0.8357526574465654
0.34150035637918746,0.8358669562235684
0.3416785459729152,0.8358669562235684
0.3416785459729152,0.8359812550005715
0.3419458303635068,0.8359812550005715
0.3419458303635068,0.8360955537775746
0.3421240199572345,0.8360955537775746
0.3421240199572345,0.8363241513315808
0.34230220955096224,0.8363241513315808
0.34230220955096224,0.8364384501085839
0.34248039914469,0.8364384501085839
0.34248039914469,0.836552748885587
0.34274768353528157,0.836552748885587
0.34274768353528157,0.83666704766259
0.34292587312900924,0.83666704766259
0.34292587312900924,0.8367813464395931
0.3435495367070563,0.8367813464395931
0.3435495367070563,0.8368956452165962
0.34390591589451175,0.8368956452165962
0.34390591589451175,0.8373528403246085
0.34417320028510334,0.8373528403246085
0.34417320028510334,0.8376957366556178
0.3442622950819672,0.8376957366556178
0.3442622950819672,0.8378100354326209
0.3447968638631504,0.8378100354326209
0.3447968638631504,0.8381529317636301
0.34515324305060585,0.8381529317636301
0.34515324305060585,0.8382672305406332
0.3460441910192445,0.8382672305406332
0.3460441910192445,0.8383815293176363
0.3462223806129722,0.8383815293176363
0.3462223806129722,0.8384958280946394
0.3464896650035638,0.8384958280946394
0.3464896650035638,0.8386101268716425
0.3465787598004277,0.8386101268716425
0.3465787598004277,0.8388387244256487
0.34675694939415536,0.8388387244256487
0.34675694939415536,0.8389530232026517
0.3473806129722024,0.8389530232026517
0.3473806129722024,0.8391816207566579
0.347647897362794,0.8391816207566579
0.347647897362794,0.839295919533661
0.34782608695652173,0.839295919533661
0.34782608695652173,0.8394102183106641
0.3479151817533856,0.8394102183106641
0.3479151817533856,0.8397531146416733
0.34827156094084105,0.8397531146416733
0.34827156094084105,0.8400960109726826
0.3483606557377049,0.8400960109726826
0.3483606557377049,0.8404389073036919
0.34853884533143265,0.8404389073036919
0.34853884533143265,0.840667504857698
0.3487170349251604,0.840667504857698
0.3487170349251604,0.8407818036347011
0.3493406985032074,0.8407818036347011
0.3493406985032074,0.8408961024117042
0.3494297933000713,0.8408961024117042
0.3494297933000713,0.8410104011887073
0.3496970776906629,0.8410104011887073
0.3496970776906629,0.8411246999657104
0.34978617248752675,0.8411246999657104
0.34978617248752675,0.8412389987427135
0.35032074126870993,0.8412389987427135
0.35032074126870993,0.8413532975197165
0.3504989308624376,0.8413532975197165
0.3504989308624376,0.8415818950737227
0.35058802565930147,0.8415818950737227
0.35058802565930147,0.8416961938507258
0.3507662152530292,0.8416961938507258
0.3507662152530292,0.8418104926277289
0.35094440484675693,0.8418104926277289
0.35094440484675693,0.841924791404732
0.3512116892373485,0.841924791404732
0.3512116892373485,0.8420390901817351
0.351568068424804,0.8420390901817351
0.351568068424804,0.8421533889587381
0.35165716322166785,0.8421533889587381
0.35165716322166785,0.8422676877357412
0.3520135424091233,0.8422676877357412
0.3520135424091233,0.8423819865127443
0.35210263720598717,0.8423819865127443
0.35210263720598717,0.8426105840667505
0.35219173200285103,0.8426105840667505
0.35219173200285103,0.8427248828437536
0.3522808267997149,0.8427248828437536
0.3522808267997149,0.8428391816207567
0.35334996436208127,0.8428391816207567
0.35334996436208127,0.8430677791747628
0.35343905915894513,0.8430677791747628
0.35343905915894513,0.843296376728769
0.3540627227369922,0.843296376728769
0.3540627227369922,0.8435249742827752
0.3543300071275837,0.8435249742827752
0.3543300071275837,0.8436392730597783
0.3544191019244476,0.8436392730597783
0.3544191019244476,0.8437535718367813
0.3545972915181753,0.8437535718367813
0.3545972915181753,0.8439821693907875
0.3546863863150392,0.8439821693907875
0.3546863863150392,0.844553663275803
0.3551318602993585,0.844553663275803
0.3551318602993585,0.844667962052806
0.35548823948681396,0.844667962052806
0.35548823948681396,0.8447822608298091
0.3555773342836778,0.8447822608298091
0.3555773342836778,0.8448965596068122
0.3556664290805417,0.8448965596068122
0.3556664290805417,0.8450108583838153
0.35575552387740556,0.8450108583838153
0.35575552387740556,0.8451251571608184
0.3563791874554526,0.8451251571608184
0.3563791874554526,0.8453537547148245
0.35655737704918034,0.8453537547148245
0.35655737704918034,0.8454680534918276
0.35673556664290806,0.8454680534918276
0.35673556664290806,0.8456966510458338
0.3569137562366358,0.8456966510458338
0.3569137562366358,0.8458109498228369
0.3571810406272274,0.8458109498228369
0.3571810406272274,0.84592524859984
0.35727013542409125,0.84592524859984
0.35727013542409125,0.8460395473768431
0.3577156094084106,0.8460395473768431
0.3577156094084106,0.8461538461538461
0.35780470420527444,0.8461538461538461
0.35780470420527444,0.8462681449308492
0.3579828937990021,0.8462681449308492
0.3579828937990021,0.8464967424848554
0.35816108339272984,0.8464967424848554
0.35816108339272984,0.8466110412618585
0.3585174625801853,0.8466110412618585
0.3585174625801853,0.8467253400388616
0.35914112615823235,0.8467253400388616
0.35914112615823235,0.8469539375928677
0.35940841054882394,0.8469539375928677
0.35940841054882394,0.8470682363698708
0.3594975053456878,0.8470682363698708
0.3594975053456878,0.8471825351468739
0.35958660014255167,0.8471825351468739
0.35958660014255167,0.8474111327008801
0.35994297933000713,0.8474111327008801
0.35994297933000713,0.8475254314778832
0.360032074126871,0.8475254314778832
0.360032074126871,0.8477540290318893
0.36012116892373486,0.8477540290318893
0.36012116892373486,0.8479826265858955
0.3602102637205987,0.8479826265858955
0.3602102637205987,0.8480969253628986
0.3602993585174626,0.8480969253628986
0.3602993585174626,0.8482112241399017
0.3607448325017819,0.8482112241399017
0.3607448325017819,0.8484398216939079
0.3608339272986458,0.8484398216939079
0.3608339272986458,0.848668419247914
0.36163578047042055,0.848668419247914
0.36163578047042055,0.8487827180249171
0.3623485388453314,0.8487827180249171
0.3623485388453314,0.8491256143559264
0.36279401282965074,0.8491256143559264
0.36279401282965074,0.8493542119099325
0.3631503920171062,0.8493542119099325
0.3631503920171062,0.8495828094639387
0.3634176764076978,0.8495828094639387
0.3634176764076978,0.8498114070179449
0.3641304347826087,0.8498114070179449
0.3641304347826087,0.849925705794948
0.36421952957947257,0.849925705794948
0.36421952957947257,0.8501543033489541
0.36430862437633643,0.8501543033489541
0.36430862437633643,0.8503829009029603
0.36448681397006416,0.8503829009029603
0.36448681397006416,0.8504971996799634
0.3646650035637919,0.8504971996799634
0.3646650035637919,0.8508400960109727
0.36502138275124735,0.8508400960109727
0.36502138275124735,0.8509543947879757
0.3651104775481112,0.8509543947879757
0.3651104775481112,0.8510686935649788
0.3655559515324305,0.8510686935649788
0.3655559515324305,0.8511829923419819
0.36564504632929434,0.8511829923419819
0.36564504632929434,0.851297291118985
0.36609052031361367,0.851297291118985
0.36609052031361367,0.8514115898959881
0.36617961511047753,0.8514115898959881
0.36617961511047753,0.8515258886729912
0.36662508909479685,0.8515258886729912
0.36662508909479685,0.8516401874499943
0.36689237348538845,0.8516401874499943
0.36689237348538845,0.8518687850040004
0.3669814682822523,0.8518687850040004
0.3669814682822523,0.8519830837810035
0.3670705630791162,0.8519830837810035
0.3670705630791162,0.8520973825580066
0.36715965787598004,0.8520973825580066
0.36715965787598004,0.8522116813350097
0.3672487526728439,0.8522116813350097
0.3672487526728439,0.8523259801120128
0.36787241625089095,0.8523259801120128
0.36787241625089095,0.8525545776660189
0.3683178902352103,0.8525545776660189
0.3683178902352103,0.8527831752200251
0.36840698503207414,0.8527831752200251
0.36840698503207414,0.8528974739970282
0.368496079828938,0.8528974739970282
0.368496079828938,0.8530117727740313
0.36867426942266573,0.8530117727740313
0.36867426942266573,0.8533546691050405
0.3690306486101212,0.8533546691050405
0.3690306486101212,0.8534689678820436
0.3692979330007128,0.8534689678820436
0.3692979330007128,0.8535832666590467
0.3696543121881682,0.8535832666590467
0.3696543121881682,0.8536975654360498
0.3701888809693514,0.8536975654360498
0.3701888809693514,0.8538118642130529
0.3703670705630791,0.8538118642130529
0.3703670705630791,0.853926162990056
0.37054526015680683,0.853926162990056
0.37054526015680683,0.8541547605440621
0.3706343549536707,0.8541547605440621
0.3706343549536707,0.8543833580980683
0.37072344975053456,0.8543833580980683
0.37072344975053456,0.8544976568750714
0.37107982893799,0.8544976568750714
0.37107982893799,0.8547262544290776
0.37205987170349253,0.8547262544290776
0.37205987170349253,0.8548405532060807
0.37223806129722026,0.8548405532060807
0.37223806129722026,0.8549548519830837
0.372416250890948,0.8549548519830837
0.372416250890948,0.8550691507600868
0.3737526728439059,0.8550691507600868
0.3737526728439059,0.8551834495370899
0.3740199572344975,0.8551834495370899
0.3740199572344975,0.855297748314093
0.3741981468282252,0.855297748314093
0.3741981468282252,0.8554120470910961
0.37491090520313614,0.8554120470910961
0.37491090520313614,0.8555263458680992
0.37517818959372773,0.8555263458680992
0.37517818959372773,0.8556406446451023
0.3757127583749109,0.8556406446451023
0.3757127583749109,0.8560978397531146
0.37589094796863864,0.8560978397531146
0.37589094796863864,0.8562121385301177
0.3760691375623664,0.8562121385301177
0.3760691375623664,0.8567836324151331
0.37687099073414115,0.8567836324151331
0.37687099073414115,0.8570122299691393
0.37696008553100496,0.8570122299691393
0.37696008553100496,0.8573551263001485
0.3770491803278688,0.8573551263001485
0.3770491803278688,0.8575837238541547
0.37722736992159656,0.8575837238541547
0.37722736992159656,0.8576980226311578
0.3773164647184604,0.8576980226311578
0.3773164647184604,0.8578123214081609
0.3778510334996436,0.8578123214081609
0.3778510334996436,0.857926620185164
0.3781183178902352,0.857926620185164
0.3781183178902352,0.858040918962167
0.37820741268709906,0.858040918962167
0.37820741268709906,0.8581552177391701
0.37874198146828225,0.8581552177391701
0.37874198146828225,0.8582695165161732
0.37900926585887385,0.8582695165161732
0.37900926585887385,0.8583838152931763
0.3791874554526016,0.8583838152931763
0.3791874554526016,0.8586124128471825
0.3793656450463293,0.8586124128471825
0.3793656450463293,0.8587267116241856
0.37945473984319317,0.8587267116241856
0.37945473984319317,0.8588410104011887
0.3799002138275125,0.8588410104011887
0.3799002138275125,0.8589553091781917
0.37998930862437635,0.8589553091781917
0.37998930862437635,0.8591839067321979
0.3801674982181041,0.8591839067321979
0.3801674982181041,0.8594125042862042
0.3803456878118318,0.8594125042862042
0.3803456878118318,0.8595268030632073
0.3807020669992872,0.8595268030632073
0.3807020669992872,0.8597554006172134
0.38088025659301494,0.8597554006172134
0.38088025659301494,0.8598696993942165
0.3809693513898788,0.8598696993942165
0.3809693513898788,0.8600982969482227
0.381503920171062,0.8600982969482227
0.381503920171062,0.8602125957252258
0.3817712045616536,0.8602125957252258
0.3817712045616536,0.8603268945022289
0.38186029935851745,0.8603268945022289
0.38186029935851745,0.860555492056235
0.3823057733428368,0.860555492056235
0.3823057733428368,0.8607840896102412
0.3830185317177477,0.8607840896102412
0.3830185317177477,0.8608983883872443
0.38310762651461155,0.8608983883872443
0.38310762651461155,0.8610126871642474
0.383464005702067,0.8610126871642474
0.383464005702067,0.8612412847182536
0.3835531004989309,0.8612412847182536
0.3835531004989309,0.8613555834952566
0.38382038488952247,0.8613555834952566
0.38382038488952247,0.8614698822722597
0.38390947968638633,0.8614698822722597
0.38390947968638633,0.861812778603269
0.38417676407697793,0.861812778603269
0.38417676407697793,0.8620413761572752
0.38453314326443333,0.8620413761572752
0.38453314326443333,0.8622699737112813
0.3850677120456165,0.8622699737112813
0.3850677120456165,0.8624985712652875
0.3851568068424804,0.8624985712652875
0.3851568068424804,0.8626128700422906
0.385424091233072,0.8626128700422906
0.385424091233072,0.8627271688192937
0.38578047042052743,0.8627271688192937
0.38578047042052743,0.8628414675962968
0.3861368496079829,0.8628414675962968
0.3861368496079829,0.8629557663732998
0.3866714183891661,0.8629557663732998
0.3868496079828938,0.8629557663732998
0.38729508196721313,0.8629557663732998
0.38729508196721313,0.8630700651503029
0.3876514611546686,0.8630700651503029
0.3876514611546686,0.8632986627043091
0.38774055595153245,0.8632986627043091
0.38774055595153245,0.8634129614813122
0.3878296507483963,0.8634129614813122
0.3878296507483963,0.8635272602583153
0.38800784034212404,0.8635272602583153
0.38800784034212404,0.8636415590353184
0.3889878831076265,0.8636415590353184
0.3889878831076265,0.8637558578123214
0.38934426229508196,0.8637558578123214
0.38934426229508196,0.8639844553663276
0.3894333570919458,0.8639844553663276
0.3894333570919458,0.8640987541433307
0.3897006414825374,0.8640987541433307
0.3897006414825374,0.8643273516973369
0.389967925873129,0.8643273516973369
0.389967925873129,0.86444165047434
0.3902352102637206,0.86444165047434
0.3902352102637206,0.8646702480283461
0.39059158945117606,0.8646702480283461
0.39059158945117606,0.8648988455823523
0.3909479686386315,0.8648988455823523
0.3909479686386315,0.8651274431363585
0.3912152530292231,0.8651274431363585
0.3912152530292231,0.8652417419133616
0.39139344262295084,0.8652417419133616
0.39139344262295084,0.8653560406903646
0.39157163221667857,0.8653560406903646
0.39157163221667857,0.8656989370213739
0.39166072701354243,0.8656989370213739
0.39166072701354243,0.865813235798377
0.39183891660727016,0.865813235798377
0.39183891660727016,0.8660418333523832
0.3922843905915894,0.8660418333523832
0.3922843905915894,0.8661561321293862
0.3933535281539558,0.8661561321293862
0.3933535281539558,0.8664990284603955
0.39353171774768353,0.8664990284603955
0.39353171774768353,0.8666133272373986
0.393888096935139,0.8666133272373986
0.393888096935139,0.8667276260144017
0.3940662865288667,0.8667276260144017
0.3940662865288667,0.8668419247914048
0.39424447612259444,0.8668419247914048
0.39424447612259444,0.8669562235684078
0.3946008553100499,0.8669562235684078
0.3946008553100499,0.8670705223454109
0.39477904490377763,0.8670705223454109
0.39477904490377763,0.8675277174534233
0.3953136136849608,0.8675277174534233
0.3953136136849608,0.8680992113384387
0.39549180327868855,0.8680992113384387
0.39549180327868855,0.8683278088924449
0.3955808980755524,0.8683278088924449
0.3955808980755524,0.868442107669448
0.3962045616535994,0.868442107669448
0.3962045616535994,0.868556406446451
0.39629365645046327,0.868556406446451
0.39629365645046327,0.8686707052234541
0.3967391304347826,0.8686707052234541
0.3967391304347826,0.8687850040004572
0.39682822523164646,0.8687850040004572
0.39682822523164646,0.8688993027774603
0.3970064148253742,0.8688993027774603
0.3970064148253742,0.8690136015544634
0.3971846044191019,0.8690136015544634
0.3971846044191019,0.8692421991084696
0.39736279401282965,0.8692421991084696
0.39736279401282965,0.8693564978854726
0.398431931575196,0.8693564978854726
0.398431931575196,0.8694707966624757
0.3989665003563792,0.8694707966624757
0.3989665003563792,0.8695850954394788
0.39914468995010693,0.8695850954394788
0.39914468995010693,0.8696993942164819
0.39959016393442626,0.8696993942164819
0.39959016393442626,0.869813692993485
0.39967925873129007,0.869813692993485
0.39967925873129007,0.8699279917704881
0.39994654312188166,0.8699279917704881
0.39994654312188166,0.8700422905474912
0.40021382751247325,0.8700422905474912
0.40021382751247325,0.8701565893244942
0.40074839629365644,0.8701565893244942
0.40074839629365644,0.8702708881014973
0.4011047754811119,0.8702708881014973
0.4011047754811119,0.8703851868785004
0.40146115466856735,0.8703851868785004
0.40146115466856735,0.8704994856555035
0.4019066286528867,0.8704994856555035
0.4019066286528867,0.8706137844325066
0.40217391304347827,0.8706137844325066
0.40217391304347827,0.8707280832095097
0.40226300784034213,0.8707280832095097
0.40226300784034213,0.8709566807635158
0.4027975766215253,0.8709566807635158
0.4027975766215253,0.871185278317522
0.4033321454027085,0.871185278317522
0.4033321454027085,0.8712995770945251
0.4034212401995723,0.8712995770945251
0.4034212401995723,0.8714138758715282
0.40359942979330005,0.8714138758715282
0.40359942979330005,0.8715281746485313
0.40386671418389164,0.8715281746485313
0.40386671418389164,0.8717567722025374
0.4039558089807555,0.8717567722025374
0.4039558089807555,0.8718710709795405
0.4042230933713471,0.8718710709795405
0.4042230933713471,0.8722139673105498
0.4046685673556664,0.8722139673105498
0.4046685673556664,0.872556863641559
0.4050249465431219,0.872556863641559
0.4050249465431219,0.8726711624185621
0.4052031361368496,0.8726711624185621
0.4052031361368496,0.8727854611955652
0.4057377049180328,0.8727854611955652
0.4057377049180328,0.8730140587495714
0.4059158945117605,0.8730140587495714
0.4059158945117605,0.8731283575265745
0.4060049893086244,0.8731283575265745
0.4060049893086244,0.8732426563035776
0.4061831789023521,0.8732426563035776
0.4061831789023521,0.8733569550805806
0.40636136849607984,0.8733569550805806
0.40636136849607984,0.8734712538575837
0.4077868852459016,0.8734712538575837
0.4077868852459016,0.8735855526345868
0.40796507483962935,0.8735855526345868
0.40796507483962935,0.8736998514115899
0.40823235923022094,0.8736998514115899
0.40823235923022094,0.873814150188593
0.408856022808268,0.873814150188593
0.408856022808268,0.8739284489655961
0.40921240199572345,0.8739284489655961
0.40921240199572345,0.8740427477425992
0.4093014967925873,0.8740427477425992
0.4093014967925873,0.8741570465196022
0.4098360655737705,0.8741570465196022
0.4098360655737705,0.8742713452966053
0.40992516037063437,0.8742713452966053
0.40992516037063437,0.8743856440736084
0.41001425516749823,0.8743856440736084
0.41001425516749823,0.8744999428506115
0.4111724875267284,0.8744999428506115
0.4111724875267284,0.8747285404046177
0.41179615110477547,0.8747285404046177
0.41179615110477547,0.8748428391816208
0.41188524590163933,0.8748428391816208
0.41188524590163933,0.8749571379586238
0.4125089094796864,0.8749571379586238
0.4125089094796864,0.8750714367356269
0.4129543834640057,0.8750714367356269
0.4129543834640057,0.87518573551263
0.41384533143264435,0.87518573551263
0.41384533143264435,0.8753000342896331
0.4139344262295082,0.8753000342896331
0.4139344262295082,0.8754143330666362
0.4144689950106914,0.8754143330666362
0.4144689950106914,0.8755286318436393
0.41455808980755526,0.8755286318436393
0.41455808980755526,0.8756429306206424
0.41464718460441913,0.8756429306206424
0.41464718460441913,0.8757572293976454
0.4158054169636493,0.8757572293976454
0.4158054169636493,0.8758715281746485
0.41616179615110477,0.8758715281746485
0.41616179615110477,0.8759858269516516
0.41625089094796863,0.8759858269516516
0.41625089094796863,0.8762144245056578
0.4163399857448325,0.8762144245056578
0.4163399857448325,0.8763287232826609
0.4165181753385602,0.8763287232826609
0.4165181753385602,0.876443022059664
0.4166072701354241,0.876443022059664
0.4166072701354241,0.876557320836667
0.41669636493228795,0.876557320836667
0.41669636493228795,0.8767859183906732
0.417320028510335,0.8767859183906732
0.417320028510335,0.8770145159446794
0.41749821810406273,0.8770145159446794
0.41749821810406273,0.8771288147216825
0.41767640769779046,0.8771288147216825
0.41767640769779046,0.8774717110526917
0.4178545972915182,0.8774717110526917
0.4178545972915182,0.8777003086066979
0.41794369208838206,0.8777003086066979
0.41794369208838206,0.8779289061607041
0.4180327868852459,0.8779289061607041
0.4180327868852459,0.8780432049377072
0.4183000712758375,0.8780432049377072
0.4183000712758375,0.8781575037147102
0.41856735566642905,0.8781575037147102
0.41856735566642905,0.8782718024917133
0.41883464005702065,0.8782718024917133
0.41883464005702065,0.8783861012687164
0.4189237348538845,0.8783861012687164
0.4189237348538845,0.8785004000457195
0.41954739843193156,0.8785004000457195
0.41954739843193156,0.8786146988227226
0.419903777619387,0.8786146988227226
0.419903777619387,0.8788432963767288
0.42034925160370634,0.8788432963767288
0.42034925160370634,0.8789575951537318
0.4204383464005702,0.8789575951537318
0.4204383464005702,0.8790718939307349
0.42061653599429794,0.8790718939307349
0.42061653599429794,0.8793004914847411
0.42079472558802566,0.8793004914847411
0.42079472558802566,0.8794147902617442
0.4209729151817534,0.8794147902617442
0.4209729151817534,0.8795290890387473
0.4211511047754811,0.8795290890387473
0.4211511047754811,0.8796433878157504
0.4214183891660727,0.8796433878157504
0.4214183891660727,0.8797576865927534
0.4216856735566643,0.8797576865927534
0.4216856735566643,0.8798719853697565
0.4219529579472559,0.8798719853697565
0.4219529579472559,0.8799862841467596
0.42213114754098363,0.8799862841467596
0.42213114754098363,0.8801005829237627
0.4225766215253029,0.8801005829237627
0.4225766215253029,0.8802148817007658
0.4227548111190306,0.8802148817007658
0.4227548111190306,0.8803291804777689
0.42293300071275836,0.8803291804777689
0.42293300071275836,0.880443479254772
0.4230220955096222,0.880443479254772
0.4230220955096222,0.880557778031775
0.4232893799002138,0.880557778031775
0.4232893799002138,0.8810149731397874
0.42364575908766927,0.8810149731397874
0.42364575908766927,0.8811292719167905
0.42391304347826086,0.8811292719167905
0.42391304347826086,0.8812435706937936
0.42400213827512473,0.8812435706937936
0.42400213827512473,0.8813578694707966
0.4243585174625802,0.8813578694707966
0.4243585174625802,0.8815864670248028
0.4248930862437634,0.8815864670248028
0.4248930862437634,0.8817007658018059
0.42498218104062724,0.8817007658018059
0.42498218104062724,0.8819293633558121
0.42516037063435497,0.8819293633558121
0.42516037063435497,0.8820436621328152
0.42596222380612975,0.8820436621328152
0.42596222380612975,0.8821579609098182
0.4261404133998574,0.8821579609098182
0.4261404133998574,0.8823865584638244
0.4262295081967213,0.8823865584638244
0.4262295081967213,0.8825008572408275
0.426407697790449,0.8825008572408275
0.426407697790449,0.8826151560178306
0.4272095509622238,0.8826151560178306
0.4272095509622238,0.8827294547948337
0.4276550249465431,0.8827294547948337
0.4276550249465431,0.8828437535718368
0.427744119743407,0.8828437535718368
0.427744119743407,0.8829580523488398
0.42783321454027085,0.8829580523488398
0.42783321454027085,0.8830723511258429
0.4287241625089095,0.8830723511258429
0.4287241625089095,0.883186649902846
0.4289023521026372,0.883186649902846
0.4289023521026372,0.8833009486798491
0.4291696364932288,0.8833009486798491
0.4291696364932288,0.8835295462338553
0.42961511047754813,0.8835295462338553
0.42961511047754813,0.8836438450108584
0.42997148966500354,0.8836438450108584
0.42997148966500354,0.8839867413418676
0.43014967925873127,0.8839867413418676
0.43014967925873127,0.8842153388958738
0.4310406272273699,0.8842153388958738
0.4310406272273699,0.8843296376728769
0.43121881682109764,0.8843296376728769
0.43121881682109764,0.88444393644988
0.4315751960085531,0.88444393644988
0.4315751960085531,0.884558235226883
0.4320206699928724,0.884558235226883
0.4320206699928724,0.8847868327808892
0.4321097647897363,0.8847868327808892
0.4321097647897363,0.8849011315578923
0.432287954383464,0.8849011315578923
0.432287954383464,0.8850154303348954
0.43246614397719174,0.8850154303348954
0.43246614397719174,0.8851297291118985
0.43317890235210266,0.8851297291118985
0.43317890235210266,0.8853583266659046
0.4341589451176051,0.8853583266659046
0.4341589451176051,0.8854726254429077
0.434871703492516,0.8854726254429077
0.434871703492516,0.8857012229969139
0.43504989308624376,0.8857012229969139
0.43504989308624376,0.8859298205509201
0.4354062722736992,0.8859298205509201
0.4354062722736992,0.8860441193279232
0.436208125445474,0.8860441193279232
0.436208125445474,0.8862727168819293
0.43629722024233786,0.8862727168819293
0.43629722024233786,0.8863870156589324
0.43683178902352104,0.8863870156589324
0.43683178902352104,0.8865013144359355
0.4379900213827512,0.8865013144359355
0.4379900213827512,0.8866156132129386
0.4386136849607983,0.8866156132129386
0.4386136849607983,0.8867299119899417
0.43897006414825374,0.8867299119899417
0.43897006414825374,0.8868442107669448
0.4393264433357092,0.8868442107669448
0.4393264433357092,0.8869585095439478
0.43941553813257306,0.8869585095439478
0.43941553813257306,0.8870728083209509
0.4400392017106201,0.8870728083209509
0.4400392017106201,0.887187107097954
0.4403064861012117,0.887187107097954
0.4403064861012117,0.8874157046519602
0.4405737704918033,0.8874157046519602
0.4405737704918033,0.8875300034289633
0.4408410548823949,0.8875300034289633
0.4408410548823949,0.8877586009829694
0.44093014967925875,0.8877586009829694
0.44093014967925875,0.8878728997599725
0.4411083392729865,0.8878728997599725
0.4411083392729865,0.8879871985369756
0.4416429080541696,0.8879871985369756
0.4416429080541696,0.8882157960909818
0.4417320028510335,0.8882157960909818
0.4417320028510335,0.8883300948679849
0.44253385602280826,0.8883300948679849
0.44253385602280826,0.8886729911989941
0.442712045616536,0.8886729911989941
0.442712045616536,0.8890158875300034
0.44378118317890236,0.8890158875300034
0.44378118317890236,0.8891301863070065
0.44431575196008555,0.8891301863070065
0.44431575196008555,0.8892444850840096
0.44476122594440487,0.8892444850840096
0.44476122594440487,0.8893587838610126
0.4449394155381326,0.8893587838610126
0.4449394155381326,0.8895873814150188
0.445295794725588,0.8895873814150188
0.445295794725588,0.8899302777460281
0.44591945830363505,0.8899302777460281
0.44591945830363505,0.8901588753000342
0.4465431218816821,0.8901588753000342
0.4465431218816821,0.8902731740770373
0.44663221667854597,0.8902731740770373
0.44663221667854597,0.8903874728540404
0.44672131147540983,0.8903874728540404
0.44672131147540983,0.8905017716310435
0.44716678545972915,0.8905017716310435
0.44716678545972915,0.8906160704080466
0.44787954383464007,0.8906160704080466
0.44787954383464007,0.8908446679620529
0.44823592302209553,0.8908446679620529
0.44823592302209553,0.890958966739056
0.4485032074126871,0.890958966739056
0.4485032074126871,0.891073265516059
0.4489486813970064,0.891073265516059
0.4489486813970064,0.8911875642930621
0.4504632929436921,0.8911875642930621
0.4504632929436921,0.8913018630700652
0.451176051318603,0.8913018630700652
0.451176051318603,0.8914161618470683
0.45135424091233073,0.8914161618470683
0.45135424091233073,0.8915304606240714
0.45206699928724164,0.8915304606240714
0.45206699928724164,0.8916447594010745
0.45233428367783324,0.8916447594010745
0.45233428367783324,0.8917590581780775
0.4524233784746971,0.8917590581780775
0.4524233784746971,0.8919876557320837
0.45286885245901637,0.8919876557320837
0.45286885245901637,0.892330552063093
0.45295794725588023,0.892330552063093
0.45295794725588023,0.8924448508400961
0.4538488952245189,0.8924448508400961
0.4538488952245189,0.8925591496170991
0.45393799002138274,0.8925591496170991
0.45393799002138274,0.8926734483941022
0.4540270848182466,0.8926734483941022
0.4540270848182466,0.8929020459481084
0.45420527441197434,0.8929020459481084
0.45420527441197434,0.8932449422791177
0.4542943692088382,0.8932449422791177
0.4542943692088382,0.8933592410561207
0.4545616535994298,0.8933592410561207
0.4545616535994298,0.8935878386101269
0.4547398431931575,0.8935878386101269
0.4547398431931575,0.89370213738713
0.4548289379900214,0.89370213738713
0.4548289379900214,0.8939307349411362
0.455096222380613,0.8939307349411362
0.455096222380613,0.8942736312721454
0.45563079116179617,0.8942736312721454
0.45563079116179617,0.8943879300491485
0.45571988595866003,0.8943879300491485
0.45571988595866003,0.8945022288261516
0.4558089807555239,0.8945022288261516
0.4558089807555239,0.8947308263801578
0.4560762651461155,0.8947308263801578
0.4560762651461155,0.8948451251571609
0.4563435495367071,0.8948451251571609
0.4563435495367071,0.894959423934164
0.4566999287241625,0.894959423934164
0.4566999287241625,0.895073722711167
0.45750178189593727,0.895073722711167
0.45750178189593727,0.8951880214881701
0.45776906628652886,0.8951880214881701
0.45776906628652886,0.8953023202651732
0.4578581610833927,0.8953023202651732
0.4578581610833927,0.8956452165961825
0.4579472558802566,0.8956452165961825
0.4579472558802566,0.8958738141501886
0.4582145402708482,0.8958738141501886
0.4582145402708482,0.8959881129271917
0.45830363506771205,0.8959881129271917
0.45830363506771205,0.8961024117041948
0.45883820384889523,0.8961024117041948
0.45883820384889523,0.8962167104811979
0.46035281539558087,0.8962167104811979
0.46035281539558087,0.896331009258201
0.4605310049893086,0.896331009258201
0.4605310049893086,0.8964453080352041
0.4609764789736279,0.8964453080352041
0.4609764789736279,0.8965596068122071
0.4610655737704918,0.8965596068122071
0.4610655737704918,0.8967882043662133
0.46115466856735565,0.8967882043662133
0.46115466856735565,0.8969025031432164
0.46195652173913043,0.8969025031432164
0.46195652173913043,0.8970168019202195
0.46213471133285816,0.8970168019202195
0.46213471133285816,0.8972453994742257
0.4625801853171775,0.8972453994742257
0.4625801853171775,0.897702594582238
0.46338203848895226,0.897702594582238
0.46338203848895226,0.8978168933592411
0.46347113328581613,0.8978168933592411
0.46347113328581613,0.8979311921362442
0.46364932287954386,0.8979311921362442
0.46364932287954386,0.8981597896902503
0.4640947968638631,0.8981597896902503
0.4640947968638631,0.8982740884672534
0.46427298645759085,0.8982740884672534
0.46427298645759085,0.8983883872442565
0.4643620812544547,0.8983883872442565
0.4643620812544547,0.8985026860212596
0.4644511760513186,0.8985026860212596
0.4644511760513186,0.8986169847982627
0.4647184604419102,0.8986169847982627
0.4647184604419102,0.899074179906275
0.46480755523877404,0.899074179906275
0.46480755523877404,0.8993027774602812
0.4654312188168211,0.8993027774602812
0.4654312188168211,0.8995313750142874
0.4656985032074127,0.8995313750142874
0.4656985032074127,0.8996456737912905
0.4658766928011404,0.8996456737912905
0.4658766928011404,0.8997599725682935
0.466143977191732,0.8997599725682935
0.466143977191732,0.8998742713452966
0.46623307198859587,0.8998742713452966
0.46623307198859587,0.8999885701222997
0.4672131147540984,0.8999885701222997
0.4672131147540984,0.9001028688993028
0.46748039914469,0.9001028688993028
0.46748039914469,0.9002171676763059
0.4676585887384177,0.9002171676763059
0.4676585887384177,0.9004457652303121
0.4682822523164647,0.9004457652303121
0.4682822523164647,0.9005600640073151
0.46837134711332856,0.9005600640073151
0.46837134711332856,0.9007886615613213
0.4690841054882395,0.9007886615613213
0.4690841054882395,0.9011315578923306
0.46944048467569494,0.9011315578923306
0.46944048467569494,0.9012458566693337
0.4695295794725588,0.9012458566693337
0.4695295794725588,0.9013601554463367
0.46961867426942266,0.9013601554463367
0.46961867426942266,0.9014744542233398
0.46970776906628653,0.9014744542233398
0.46970776906628653,0.9015887530003429
0.4705096222380613,0.9015887530003429
0.4705096222380613,0.901703051777346
0.4705987170349252,0.901703051777346
0.4705987170349252,0.9018173505543491
0.47113328581610836,0.9018173505543491
0.47113328581610836,0.9019316493313522
0.4714896650035638,0.9019316493313522
0.4714896650035638,0.9021602468853583
0.4716678545972915,0.9021602468853583
0.4716678545972915,0.9022745456623614
0.4718460441910192,0.9022745456623614
0.4718460441910192,0.9023888444393645
0.4723806129722024,0.9023888444393645
0.4723806129722024,0.9025031432163676
0.47273699215965787,0.9025031432163676
0.47273699215965787,0.9026174419933707
0.47282608695652173,0.9026174419933707
0.47282608695652173,0.9027317407703738
0.4729151817533856,0.9027317407703738
0.4729151817533856,0.9028460395473769
0.4730933713471133,0.9028460395473769
0.4730933713471133,0.903074637101383
0.4731824661439772,0.903074637101383
0.4731824661439772,0.9031889358783861
0.47327156094084105,0.9031889358783861
0.47327156094084105,0.9033032346553892
0.47353884533143265,0.9033032346553892
0.47353884533143265,0.9034175334323923
0.47380612972202424,0.9034175334323923
0.47380612972202424,0.9035318322093954
0.47425160370634356,0.9035318322093954
0.47425160370634356,0.9037604297634015
0.4744297933000713,0.9037604297634015
0.4744297933000713,0.9038747285404046
0.474607982893799,0.9038747285404046
0.474607982893799,0.9039890273174077
0.47478617248752675,0.9039890273174077
0.47478617248752675,0.9042176248714139
0.4749643620812545,0.9042176248714139
0.4749643620812545,0.904331923648417
0.47505345687811834,0.904331923648417
0.47505345687811834,0.90444622242542
0.47558802565930147,0.90444622242542
0.47558802565930147,0.9046748199794262
0.4760334996436208,0.9046748199794262
0.4760334996436208,0.9049034175334324
0.4762116892373485,0.9049034175334324
0.4762116892373485,0.9050177163104355
0.4767462580185317,0.9050177163104355
0.4767462580185317,0.9051320150874386
0.47692444761225944,0.9051320150874386
0.47692444761225944,0.9053606126414447
0.4770135424091233,0.9053606126414447
0.4770135424091233,0.9054749114184478
0.4778153955808981,0.9054749114184478
0.4778153955808981,0.905703508972454
0.47790449037776195,0.905703508972454
0.47790449037776195,0.9058178077494571
0.47817177476835354,0.9058178077494571
0.47817177476835354,0.9061607040804663
0.47861724875267286,0.9061607040804663
0.47861724875267286,0.9062750028574694
0.47915181753385605,0.9062750028574694
0.47915181753385605,0.9063893016344725
0.4793300071275837,0.9063893016344725
0.4793300071275837,0.9065036004114756
0.47950819672131145,0.9065036004114756
0.47950819672131145,0.9066178991884787
0.48048823948681396,0.9066178991884787
0.48048823948681396,0.9068464967424849
0.4805773342836778,0.9068464967424849
0.4805773342836778,0.9069607955194879
0.48146828225231647,0.9069607955194879
0.48146828225231647,0.907075094296491
0.4816464718460442,0.907075094296491
0.4816464718460442,0.9071893930734941
0.4823592302209551,0.9071893930734941
0.4823592302209551,0.9073036918504972
0.4832501781895937,0.9073036918504972
0.4832501781895937,0.9074179906275003
0.48342836778332143,0.9074179906275003
0.48342836778332143,0.9075322894045034
0.48360655737704916,0.9075322894045034
0.48360655737704916,0.9076465881815065
0.48387384176764076,0.9076465881815065
0.48387384176764076,0.9077608869585095
0.48440841054882394,0.9077608869585095
0.48440841054882394,0.9078751857355126
0.4847647897362794,0.9078751857355126
0.4847647897362794,0.9079894845125157
0.4860121168923735,0.9079894845125157
0.4860121168923735,0.9081037832895188
0.4873485388453314,0.9081037832895188
0.4873485388453314,0.9082180820665219
0.4874376336421953,0.9082180820665219
0.4874376336421953,0.908332380843525
0.48797220242337846,0.908332380843525
0.48797220242337846,0.9085609783975311
0.4884176764076978,0.9085609783975311
0.4884176764076978,0.9087895759515373
0.488952245188881,0.9087895759515373
0.488952245188881,0.9089038747285404
0.48921952957947257,0.9089038747285404
0.48921952957947257,0.9090181735055435
0.48930862437633643,0.9090181735055435
0.48930862437633643,0.9091324722825466
0.4905559515324305,0.9091324722825466
0.4905559515324305,0.9093610698365527
0.49064504632929434,0.9093610698365527
0.49064504632929434,0.9095896673905589
0.4910014255167498,0.9095896673905589
0.4910014255167498,0.909703966167562
0.4917141838916607,0.909703966167562
0.4917141838916607,0.9098182649445651
0.4918032786885246,0.9098182649445651
0.4918032786885246,0.9099325637215682
0.4920705630791162,0.9099325637215682
0.4920705630791162,0.9100468624985713
0.49215965787598004,0.9100468624985713
0.49215965787598004,0.9101611612755743
0.49260513186029936,0.9101611612755743
0.49260513186029936,0.9102754600525774
0.4930506058446187,0.9102754600525774
0.4930506058446187,0.9103897588295805
0.4932287954383464,0.9103897588295805
0.4932287954383464,0.9105040576065836
0.49358517462580187,0.9105040576065836
0.49358517462580187,0.9106183563835867
0.49367426942266573,0.9106183563835867
0.49367426942266573,0.9107326551605898
0.49385245901639346,0.9107326551605898
0.49385245901639346,0.9108469539375929
0.49394155381325733,0.9108469539375929
0.49394155381325733,0.9109612527145959
0.49411974340698506,0.9109612527145959
0.49411974340698506,0.911075551491599
0.4945652173913043,0.911075551491599
0.4945652173913043,0.9114184478226083
0.4950997861724875,0.9114184478226083
0.4950997861724875,0.9115327465996114
0.49527797576621524,0.9115327465996114
0.49527797576621524,0.9116470453766145
0.49599073414112615,0.9116470453766145
0.49599073414112615,0.9118756429306206
0.49607982893799,0.9118756429306206
0.49607982893799,0.9119899417076237
0.4963471133285816,0.9119899417076237
0.4963471133285816,0.9121042404846268
0.4964362081254455,0.9121042404846268
0.4964362081254455,0.9122185392616299
0.49679258731290094,0.9122185392616299
0.49679258731290094,0.912447136815636
0.49697077690662866,0.912447136815636
0.49697077690662866,0.9125614355926391
0.4979508196721312,0.9125614355926391
0.4979508196721312,0.9127900331466453
0.49803991446899504,0.9127900331466453
0.49803991446899504,0.9129043319236484
0.4984853884533143,0.9129043319236484
0.4984853884533143,0.9131329294776546
0.49857448325017817,0.9131329294776546
0.49857448325017817,0.9132472282546577
0.49884176764076976,0.9132472282546577
0.49884176764076976,0.9133615270316607
0.4990199572344975,0.9133615270316607
0.4990199572344975,0.9134758258086638
0.49937633642195295,0.9134758258086638
0.49937633642195295,0.9135901245856669
0.4994654312188168,0.9135901245856669
0.4994654312188168,0.91370442336267
0.5,0.91370442336267
0.5,0.9138187221396731
0.5003563791874555,0.9138187221396731
0.5003563791874555,0.9139330209166762
0.5010691375623664,0.9139330209166762
0.5010691375623664,0.9140473196936792
0.5012473271560941,0.9140473196936792
0.5012473271560941,0.9141616184706823
0.5016037063435496,0.9141616184706823
0.5016037063435496,0.9142759172476854
0.5023164647184605,0.9142759172476854
0.5023164647184605,0.9143902160246885
0.5024946543121882,0.9143902160246885
0.5024946543121882,0.9145045148016916
0.5031183178902352,0.9145045148016916
0.5031183178902352,0.9147331123556978
0.5033856022808268,0.9147331123556978
0.5033856022808268,0.9148474111327008
0.5036528866714184,0.9148474111327008
0.5036528866714184,0.9149617099097039
0.5040092658588738,0.9149617099097039
0.5040092658588738,0.915076008686707
0.5043656450463293,0.915076008686707
0.5043656450463293,0.9151903074637101
0.5050784034212402,0.9151903074637101
0.505256593014968,0.9151903074637101
0.5053456878118318,0.9151903074637101
0.5053456878118318,0.9154189050177163
0.5059693513898789,0.9154189050177163
0.5059693513898789,0.9155332037947194
0.5060584461867427,0.9155332037947194
0.5060584461867427,0.9156475025717224
0.5062366357804704,0.9156475025717224
0.5062366357804704,0.9157618013487255
0.507127583749109,0.9157618013487255
0.507127583749109,0.9158761001257286
0.507216678545973,0.9158761001257286
0.507216678545973,0.9159903989027317
0.5076621525302922,0.9159903989027317
0.5076621525302922,0.9161046976797348
0.5080185317177477,0.9161046976797348
0.5080185317177477,0.9162189964567379
0.508464005702067,0.9162189964567379
0.508464005702067,0.916333295233741
0.5086421952957947,0.916333295233741
0.5086421952957947,0.9166761915647502
0.5089094796863863,0.9166761915647502
0.5089094796863863,0.9167904903417533
0.5090876692801141,0.9167904903417533
0.5090876692801141,0.9169047891187564
0.5096222380612973,0.9169047891187564
0.5096222380612973,0.9171333866727626
0.5101568068424804,0.9171333866727626
0.5101568068424804,0.9172476854497656
0.5112259444048468,0.9172476854497656
0.5112259444048468,0.9173619842267687
0.5116714183891661,0.9173619842267687
0.5116714183891661,0.9175905817807749
0.5122059871703493,0.9175905817807749
0.5122059871703493,0.917704880557778
0.512384176764077,0.917704880557778
0.512384176764077,0.9178191793347811
0.5130969351389879,0.9178191793347811
0.5130969351389879,0.9179334781117842
0.5131860299358517,0.9179334781117842
0.5131860299358517,0.9180477768887872
0.5140769779044904,0.9180477768887872
0.5140769779044904,0.9181620756657903
0.5146115466856735,0.9181620756657903
0.5146115466856735,0.9182763744427934
0.5147897362794013,0.9182763744427934
0.5147897362794013,0.9185049719967996
0.5161261582323592,0.9185049719967996
0.5161261582323592,0.9186192707738027
0.5162152530292231,0.9186192707738027
0.5162152530292231,0.9187335695508058
0.5164825374198146,0.9187335695508058
0.5164825374198146,0.9188478683278088
0.5171062009978618,0.9188478683278088
0.5171062009978618,0.9189621671048119
0.5172843905915895,0.9189621671048119
0.5172843905915895,0.9191907646588181
0.5173734853884533,0.9191907646588181
0.5173734853884533,0.9193050634358212
0.5177298645759087,0.9193050634358212
0.5177298645759087,0.9194193622128243
0.5182644333570919,0.9194193622128243
0.5182644333570919,0.9195336609898274
0.5184426229508197,0.9195336609898274
0.5184426229508197,0.9196479597668304
0.5186208125445474,0.9196479597668304
0.5186208125445474,0.9197622585438335
0.518888096935139,0.9197622585438335
0.518888096935139,0.9199908560978397
0.5194226657163221,0.9199908560978397
0.5194226657163221,0.9202194536518459
0.5196008553100498,0.9202194536518459
0.5196008553100498,0.920448051205852
0.5199572344975053,0.920448051205852
0.5199572344975053,0.9205623499828551
0.520135424091233,0.9205623499828551
0.520135424091233,0.9206766487598582
0.5204918032786885,0.9206766487598582
0.5204918032786885,0.9209052463138644
0.520848182466144,0.9209052463138644
0.520848182466144,0.9210195450908675
0.5213827512473271,0.9210195450908675
0.5213827512473271,0.9211338438678706
0.5215609408410549,0.9211338438678706
0.5215609408410549,0.9212481426448736
0.5217391304347826,0.9212481426448736
0.5217391304347826,0.9213624414218767
0.5219173200285103,0.9213624414218767
0.5219173200285103,0.9214767401988798
0.522808267997149,0.9214767401988798
0.522808267997149,0.921705337752886
0.523431931575196,0.921705337752886
0.523431931575196,0.9218196365298891
0.5236101211689237,0.9218196365298891
0.5236101211689237,0.9219339353068923
0.5239665003563792,0.9219339353068923
0.5239665003563792,0.9221625328608984
0.5240555951532431,0.9221625328608984
0.5240555951532431,0.9223911304149046
0.5245901639344263,0.9223911304149046
0.5245901639344263,0.9225054291919077
0.525392017106201,0.9225054291919077
0.525392017106201,0.9226197279689108
0.5256593014967926,0.9226197279689108
0.5256593014967926,0.9227340267459139
0.5258374910905204,0.9227340267459139
0.5258374910905204,0.92296262429992
0.5259265858873842,0.92296262429992
0.5259265858873842,0.9230769230769231
0.5262829650748396,0.9230769230769231
0.5262829650748396,0.9231912218539262
0.5278866714183892,0.9231912218539262
0.5278866714183892,0.9233055206309293
0.5280648610121169,0.9233055206309293
0.5280648610121169,0.9234198194079324
0.5284212401995724,0.9234198194079324
0.5284212401995724,0.9238770145159447
0.5285103349964362,0.9238770145159447
0.5285103349964362,0.9241056120699509
0.5290449037776194,0.9241056120699509
0.5290449037776194,0.924219910846954
0.5296685673556665,0.924219910846954
0.5296685673556665,0.9243342096239571
0.5297576621525303,0.9243342096239571
0.5297576621525303,0.9245628071779632
0.5301140413399857,0.9245628071779632
0.5301140413399857,0.9249057035089725
0.5306486101211689,0.9249057035089725
0.5306486101211689,0.9250200022859756
0.5312722736992159,0.9250200022859756
0.5312722736992159,0.9251343010629787
0.5313613684960798,0.9251343010629787
0.5313613684960798,0.9252485998399818
0.5314504632929437,0.9252485998399818
0.5314504632929437,0.9253628986169848
0.5317177476835353,0.9253628986169848
0.5317177476835353,0.9254771973939879
0.5318068424803991,0.9254771973939879
0.5318068424803991,0.925591496170991
0.5327868852459017,0.925591496170991
0.5327868852459017,0.9257057949479941
0.5328759800427655,0.9257057949479941
0.5328759800427655,0.9258200937249972
0.5330541696364932,0.9258200937249972
0.5330541696364932,0.9259343925020003
0.5334996436208126,0.9259343925020003
0.5334996436208126,0.9262772888330095
0.5337669280114041,0.9262772888330095
0.5337669280114041,0.9263915876100126
0.534479686386315,0.9263915876100126
0.534479686386315,0.9265058863870157
0.5345687811831789,0.9265058863870157
0.5345687811831789,0.9266201851640188
0.5347469707769066,0.9266201851640188
0.5347469707769066,0.9267344839410219
0.535816108339273,0.9267344839410219
0.535816108339273,0.926848782718025
0.5362615823235923,0.926848782718025
0.5362615823235923,0.926963081495028
0.5364397719173201,0.926963081495028
0.5364397719173201,0.9271916790490342
0.5367070563079116,0.9271916790490342
0.5367070563079116,0.9273059778260373
0.5367961511047755,0.9273059778260373
0.5367961511047755,0.9274202766030404
0.5370634354953671,0.9274202766030404
0.5370634354953671,0.9275345753800435
0.537152530292231,0.9275345753800435
0.537152530292231,0.9276488741570466
0.5373307198859587,0.9276488741570466
0.5373307198859587,0.9277631729340496
0.5378652886671419,0.9277631729340496
0.5378652886671419,0.9278774717110527
0.5381325730577334,0.9278774717110527
0.5381325730577334,0.9279917704880558
0.5383107626514612,0.9279917704880558
0.5383107626514612,0.928220368042062
0.5392908054169636,0.928220368042062
0.5392908054169636,0.9285632643730712
0.539736279401283,0.9285632643730712
0.539736279401283,0.9286775631500743
0.5399144689950107,0.9286775631500743
0.5399144689950107,0.9287918619270774
0.5418745545260156,0.9287918619270774
0.5418745545260156,0.9289061607040805
0.5425873129009265,0.9289061607040805
0.5425873129009265,0.9291347582580867
0.5426764076977905,0.9291347582580867
0.5426764076977905,0.9292490570350898
0.5431218816821097,0.9292490570350898
0.5431218816821097,0.9293633558120928
0.5436564504632929,0.9293633558120928
0.5436564504632929,0.9294776545890959
0.5438346400570206,0.9294776545890959
0.5438346400570206,0.929591953366099
0.5448146828225232,0.929591953366099
0.5448146828225232,0.9297062521431021
0.5449928724162509,0.9297062521431021
0.5449928724162509,0.9298205509201052
0.5453492516037064,0.9298205509201052
0.5453492516037064,0.9299348496971083
0.5454383464005702,0.9299348496971083
0.5454383464005702,0.9301634472511144
0.545527441197434,0.9301634472511144
0.545527441197434,0.9303920448051206
0.5457056307911617,0.9303920448051206
0.5457056307911617,0.9305063435821237
0.5462401995723449,0.9305063435821237
0.5462401995723449,0.9307349411361299
0.5470420527441198,0.9307349411361299
0.5470420527441198,0.930849239913133
0.5473984319315752,0.930849239913133
0.5473984319315752,0.930963538690136
0.54820028510335,0.930963538690136
0.54820028510335,0.9310778374671391
0.5486457590876693,0.9310778374671391
0.5486457590876693,0.9311921362441422
0.5487348538845331,0.9311921362441422
0.5487348538845331,0.9313064350211453
0.5497148966500356,0.9313064350211453
0.5497148966500356,0.9314207337981484
0.550071275837491,0.9314207337981484
0.550071275837491,0.9315350325751515
0.5511404133998574,0.9315350325751515
0.5511404133998574,0.9316493313521546
0.5513186029935851,0.9316493313521546
0.5513186029935851,0.9317636301291576
0.5516749821810406,0.9317636301291576
0.5516749821810406,0.9318779289061607
0.5517640769779045,0.9318779289061607
0.5517640769779045,0.93222082523717
0.5518531717747683,0.93222082523717
0.5518531717747683,0.9323351240141731
0.5524768353528154,0.9323351240141731
0.5524768353528154,0.9324494227911762
0.5528332145402709,0.9324494227911762
0.5528332145402709,0.9325637215681792
0.5531895937277262,0.9325637215681792
0.5531895937277262,0.9326780203451823
0.5542587312900926,0.9326780203451823
0.5542587312900926,0.9327923191221854
0.554704205274412,0.9327923191221854
0.554704205274412,0.9329066178991885
0.5547933000712758,0.9329066178991885
0.5547933000712758,0.9331352154531947
0.5555060584461867,0.9331352154531947
0.5555060584461867,0.9332495142301978
0.5555951532430506,0.9332495142301978
0.5555951532430506,0.9333638130072008
0.5560406272273699,0.9333638130072008
0.5560406272273699,0.9334781117842039
0.5561297220242338,0.9334781117842039
0.5561297220242338,0.933592410561207
0.5564861012116893,0.933592410561207
0.5564861012116893,0.9339353068922163
0.5571988595866001,0.9339353068922163
0.5571988595866001,0.9340496056692194
0.557287954383464,0.9340496056692194
0.557287954383464,0.9341639044462224
0.5573770491803278,0.9341639044462224
0.5573770491803278,0.9343925020002286
0.5583570919458304,0.9343925020002286
0.5583570919458304,0.9345068007772317
0.5584461867426942,0.9345068007772317
0.5584461867426942,0.9346210995542348
0.5589807555238774,0.9346210995542348
0.5589807555238774,0.9347353983312379
0.5591589451176051,0.9347353983312379
0.5591589451176051,0.934849697108241
0.559248039914469,0.934849697108241
0.559248039914469,0.934963995885244
0.5594262295081968,0.934963995885244
0.5594262295081968,0.9350782946622471
0.5596044191019245,0.9350782946622471
0.5596044191019245,0.9353068922162533
0.55996079828938,0.9353068922162533
0.55996079828938,0.9354211909932564
0.5604953670705631,0.9354211909932564
0.5604953670705631,0.9356497885472626
0.5612081254454739,0.9356497885472626
0.5612081254454739,0.9361069836552749
0.5615645046329294,0.9361069836552749
0.5615645046329294,0.936221282432278
0.5619208838203849,0.936221282432278
0.5619208838203849,0.9364498799862842
0.5629009265858874,0.9364498799862842
0.5629009265858874,0.9365641787632872
0.5640591589451176,0.9365641787632872
0.5640591589451176,0.9369070750942965
0.5643264433357092,0.9369070750942965
0.5643264433357092,0.9370213738712996
0.5647719173200285,0.9370213738712996
0.5647719173200285,0.9371356726483027
0.5648610121168923,0.9371356726483027
0.5648610121168923,0.9373642702023088
0.5652173913043478,0.9373642702023088
0.5652173913043478,0.937592867756315
0.5653064861012117,0.937592867756315
0.5653064861012117,0.9378214653103212
0.5659301496792587,0.9378214653103212
0.5659301496792587,0.9379357640873243
0.5667320028510335,0.9379357640873243
0.5667320028510335,0.9380500628643273
0.5669101924447613,0.9380500628643273
0.5669101924447613,0.9381643616413304
0.5672665716322167,0.9381643616413304
0.5672665716322167,0.9382786604183335
0.5675338560228083,0.9382786604183335
0.5675338560228083,0.9383929591953366
0.5685138987883107,0.9383929591953366
0.5685138987883107,0.9385072579723397
0.5690484675694939,0.9385072579723397
0.5690484675694939,0.9386215567493428
0.5693157519600855,0.9386215567493428
0.5693157519600855,0.9387358555263459
0.5702066999287242,0.9387358555263459
0.5702066999287242,0.938850154303349
0.5703848895224519,0.938850154303349
0.5703848895224519,0.938964453080352
0.5704739843193157,0.938964453080352
0.5704739843193157,0.9390787518573551
0.5707412687099074,0.9390787518573551
0.5707412687099074,0.9393073494113613
0.5710085531004989,0.9393073494113613
0.5710085531004989,0.9394216481883644
0.5711867426942266,0.9394216481883644
0.5711867426942266,0.9397645445193736
0.5714540270848183,0.9397645445193736
0.5714540270848183,0.9398788432963767
0.5718995010691376,0.9398788432963767
0.5718995010691376,0.9401074408503829
0.57287954383464,0.9401074408503829
0.57287954383464,0.9403360384043891
0.5730577334283677,0.9403360384043891
0.5730577334283677,0.9404503371813921
0.5731468282252317,0.9404503371813921
0.5731468282252317,0.9406789347353983
0.5732359230220955,0.9406789347353983
0.5732359230220955,0.9407932335124014
0.5734141126158232,0.9407932335124014
0.5734141126158232,0.9410218310664076
0.5735923022095509,0.9410218310664076
0.5735923022095509,0.9411361298434107
0.5736813970064149,0.9411361298434107
0.5736813970064149,0.9412504286204137
0.5739486813970064,0.9412504286204137
0.5739486813970064,0.9413647273974168
0.5759087669280114,0.9413647273974168
0.5759087669280114,0.941593324951423
0.5761760513186029,0.941593324951423
0.5761760513186029,0.9417076237284261
0.5765324305060584,0.9417076237284261
0.5765324305060584,0.9421648188364384
0.5767106200997861,0.9421648188364384
0.5767106200997861,0.9422791176134415
0.5770669992872416,0.9422791176134415
0.5770669992872416,0.9423934163904446
0.577512473271561,0.9423934163904446
0.577512473271561,0.9425077151674477
0.5784925160370634,0.9425077151674477
0.5784925160370634,0.9426220139444508
0.5792052744119743,0.9426220139444508
0.5792052744119743,0.9427363127214539
0.5798289379900213,0.9427363127214539
0.5798289379900213,0.942850611498457
0.5800071275837491,0.942850611498457
0.580096222380613,0.94296491027546
0.5803635067712045,0.94296491027546
0.5803635067712045,0.9430792090524631
0.5812544547398432,0.9430792090524631
0.5812544547398432,0.9431935078294662
0.5813435495367071,0.9431935078294662
0.5813435495367071,0.9434221053834724
0.5818781183178903,0.9434221053834724
0.5818781183178903,0.9435364041604755
0.5821454027084818,0.9435364041604755
0.5821454027084818,0.9436507029374785
0.5823235923022095,0.9436507029374785
0.5823235923022095,0.9437650017144816
0.5831254454739844,0.9437650017144816
0.5831254454739844,0.9438793004914847
0.5836600142551674,0.9438793004914847
0.5836600142551674,0.9441078980454909
0.5845509622238061,0.9441078980454909
0.5845509622238061,0.944222196822494
0.58464005702067,0.944222196822494
0.58464005702067,0.9443364955994971
0.5848182466143977,0.9443364955994971
0.5848182466143977,0.9444507943765001
0.5854419101924447,0.9444507943765001
0.5854419101924447,0.9445650931535032
0.5855310049893087,0.9445650931535032
0.5855310049893087,0.9446793919305063
0.5860655737704918,0.9446793919305063
0.5860655737704918,0.9447936907075094
0.5868674269422666,0.9447936907075094
0.5868674269422666,0.9449079894845125
0.5882929436920884,0.9449079894845125
0.5882929436920884,0.9450222882615156
0.5883820384889522,0.9450222882615156
0.5883820384889522,0.9452508858155217
0.5885602280826799,0.9452508858155217
0.5885602280826799,0.9453651845925248
0.5886493228795439,0.9453651845925248
0.5886493228795439,0.9454794833695279
0.5887384176764077,0.9454794833695279
0.5887384176764077,0.945593782146531
0.589183891660727,0.945593782146531
0.589183891660727,0.9457080809235341
0.591143977191732,0.9457080809235341
0.591143977191732,0.9458223797005372
0.5915894511760513,0.9458223797005372
0.5915894511760513,0.9459366784775403
0.5918567355666429,0.9459366784775403
0.5918567355666429,0.9462795748085495
0.592391304347826,0.9462795748085495
0.592391304347826,0.9463938735855526
0.5929258731290092,0.9463938735855526
0.5929258731290092,0.9465081723625557
0.5933713471133286,0.9465081723625557
0.5933713471133286,0.9466224711395588
0.5934604419101924,0.9466224711395588
0.5934604419101924,0.9467367699165619
0.5941732002851033,0.9467367699165619
0.5941732002851033,0.946851068693565
0.594440484675695,0.946851068693565
0.594440484675695,0.946965367470568
0.5949750534568781,0.946965367470568
0.5949750534568781,0.9470796662475711
0.5955987170349252,0.9470796662475711
0.5955987170349252,0.9473082638015773
0.595687811831789,0.9473082638015773
0.595687811831789,0.9474225625785804
0.5959550962223806,0.9474225625785804
0.5959550962223806,0.9475368613555835
0.5960441910192444,0.9475368613555835
0.5960441910192444,0.9476511601325865
0.5965787598004276,0.9476511601325865
0.5965787598004276,0.9477654589095896
0.5972915181753385,0.9477654589095896
0.5972915181753385,0.9478797576865927
0.5981824661439772,0.9478797576865927
0.5981824661439772,0.9479940564635958
0.5997861724875267,0.9479940564635958
0.5997861724875267,0.9481083552405989
0.6005880256593015,0.9481083552405989
0.6005880256593015,0.948222654017602
0.6006771204561654,0.948222654017602
0.6006771204561654,0.9483369527946051
0.6008553100498931,0.9483369527946051
0.6008553100498931,0.9484512515716081
0.6009444048467569,0.9484512515716081
0.6009444048467569,0.9485655503486112
0.6021026372059872,0.9485655503486112
0.6021026372059872,0.9486798491256143
0.602191732002851,0.9486798491256143
0.602191732002851,0.9487941479026174
0.6027263007840342,0.9487941479026174
0.6027263007840342,0.9489084466796205
0.602815395580898,0.9489084466796205
0.602815395580898,0.9490227454566236
0.6030826799714897,0.9490227454566236
0.6030826799714897,0.9492513430106297
0.6050427655024947,0.9492513430106297
0.6050427655024947,0.9493656417876328
0.6052209550962224,0.9493656417876328
0.6052209550962224,0.949594239341639
0.606111903064861,0.949594239341639
0.606111903064861,0.9497085381186421
0.6066464718460441,0.9497085381186421
0.6066464718460441,0.9498228368956452
0.607448325017819,0.9498228368956452
0.607448325017819,0.9499371356726483
0.6084283677833214,0.9499371356726483
0.6084283677833214,0.9500514344496513
0.6095866001425517,0.9500514344496513
0.6095866001425517,0.9501657332266544
0.6098538845331433,0.9501657332266544
0.6098538845331433,0.9502800320036575
0.6108339272986457,0.9502800320036575
0.6108339272986457,0.9503943307806606
0.6109230220955096,0.9503943307806606
0.6109230220955096,0.9505086295576637
0.6112794012829651,0.9505086295576637
0.6112794012829651,0.9506229283346668
0.6116357804704206,0.9506229283346668
0.6116357804704206,0.9507372271116699
0.6123485388453315,0.9507372271116699
0.6123485388453315,0.9510801234426791
0.6134176764076978,0.9510801234426791
0.6134176764076978,0.9511944222196822
0.6135067712045617,0.9511944222196822
0.6135067712045617,0.9514230197736884
0.6141304347826086,0.9514230197736884
0.6141304347826086,0.9515373185506915
0.6144868139700641,0.9515373185506915
0.6144868139700641,0.9516516173276945
0.6168923734853885,0.9516516173276945
0.6168923734853885,0.9519945136587038
0.6174269422665716,0.9519945136587038
0.6174269422665716,0.9521088124357069
0.6176942266571632,0.9521088124357069
0.6176942266571632,0.9523374099897131
0.6181397006414825,0.9523374099897131
0.6181397006414825,0.9524517087667161
0.6182287954383464,0.9524517087667161
0.6182287954383464,0.9525660075437192
0.6188524590163934,0.9525660075437192
0.6188524590163934,0.9526803063207223
0.6190306486101211,0.9526803063207223
0.6190306486101211,0.9527946050977254
0.6192088382038489,0.9527946050977254
0.6192088382038489,0.9529089038747285
0.6193870277975766,0.9529089038747285
0.6193870277975766,0.9530232026517316
0.6194761225944405,0.9530232026517316
0.6194761225944405,0.9531375014287348
0.619832501781896,0.9531375014287348
0.619832501781896,0.9532518002057379
0.620456165359943,0.9532518002057379
0.620456165359943,0.9533660989827409
0.6206343549536707,0.9533660989827409
0.6206343549536707,0.953480397759744
0.6212580185317177,0.953480397759744
0.6212580185317177,0.9537089953137502
0.6227726300784034,0.9537089953137502
0.6227726300784034,0.9538232940907533
0.6228617248752673,0.9538232940907533
0.6228617248752673,0.9539375928677564
0.6233962936564504,0.9539375928677564
0.6233962936564504,0.9540518916447595
0.624376336421953,0.9540518916447595
0.624376336421953,0.9541661904217625
0.6252672843905915,0.9541661904217625
0.6252672843905915,0.9542804891987656
0.6254454739843193,0.9542804891987656
0.6254454739843193,0.9546233855297749
0.625623663578047,0.9546233855297749
0.625623663578047,0.954737684306778
0.6257127583749109,0.954737684306778
0.6257127583749109,0.954851983083781
0.6268709907341411,0.954851983083781
0.6268709907341411,0.9549662818607841
0.6274946543121882,0.9549662818607841
0.6274946543121882,0.9550805806377872
0.6279401282965075,0.9550805806377872
0.6279401282965075,0.9551948794147903
0.6281183178902352,0.9551948794147903
0.6281183178902352,0.9553091781917934
0.6288310762651461,0.9553091781917934
0.6288310762651461,0.9554234769687965
0.6292765502494654,0.9554234769687965
0.6292765502494654,0.9555377757457996
0.6299002138275125,0.9555377757457996
0.6299002138275125,0.9556520745228027
0.6316821097647898,0.9556520745228027
0.6316821097647898,0.9557663732998057
0.6320384889522452,0.9557663732998057
0.6320384889522452,0.9558806720768088
0.6323057733428368,0.9558806720768088
0.6323057733428368,0.9559949708538119
0.6326621525302922,0.9559949708538119
0.6326621525302922,0.956109269630815
0.6337312900926586,0.956109269630815
0.6337312900926586,0.9562235684078181
0.6339094796863863,0.9562235684078181
0.6339094796863863,0.9563378671848212
0.6339985744832501,0.9563378671848212
0.6339985744832501,0.9564521659618243
0.6347113328581611,0.9564521659618243
0.6347113328581611,0.9565664647388273
0.634800427655025,0.9565664647388273
0.634800427655025,0.9566807635158304
0.6360477548111191,0.9566807635158304
0.6360477548111191,0.9569093610698366
0.6362259444048468,0.9569093610698366
0.6362259444048468,0.9570236598468397
0.6364041339985744,0.9570236598468397
0.6364041339985744,0.9572522574008459
0.6368496079828938,0.9572522574008459
0.6368496079828938,0.9573665561778489
0.6378296507483963,0.9573665561778489
0.6378296507483963,0.9575951537318551
0.6380969351389879,0.9575951537318551
0.6380969351389879,0.9577094525088582
0.6381860299358517,0.9577094525088582
0.6381860299358517,0.9578237512858613
0.6388096935138988,0.9578237512858613
0.6388096935138988,0.9579380500628644
0.6390769779044904,0.9579380500628644
0.6390769779044904,0.9580523488398675
0.6404133998574483,0.9580523488398675
0.6404133998574483,0.9581666476168705
0.6407697790449037,0.9581666476168705
0.6407697790449037,0.9582809463938736
0.6412152530292231,0.9582809463938736
0.6412152530292231,0.9586238427248829
0.6434426229508197,0.9586238427248829
0.6434426229508197,0.958738141501886
0.6437099073414113,0.958738141501886
0.6437099073414113,0.958852440278889
0.6437990021382751,0.958852440278889
0.6439771917320029,0.958852440278889
0.6439771917320029,0.9589667390558921
0.6442444761225944,0.9589667390558921
0.6442444761225944,0.9590810378328952
0.6453136136849608,0.9590810378328952
0.6453136136849608,0.9591953366098983
0.6480755523877405,0.9591953366098983
0.6480755523877405,0.9593096353869014
0.6485210263720599,0.9593096353869014
0.6485210263720599,0.9594239341639045
0.6495010691375623,0.9594239341639045
0.6495010691375623,0.9595382329409076
0.6499465431218817,0.9595382329409076
0.6499465431218817,0.9596525317179107
0.6500356379187455,0.9596525317179107
0.6500356379187455,0.9597668304949137
0.650392017106201,0.9597668304949137
0.650392017106201,0.9598811292719168
0.6509265858873842,0.9598811292719168
0.6509265858873842,0.960109726825923
0.6511047754811119,0.960109726825923
0.6511047754811119,0.9604526231569323
0.6515502494654312,0.9604526231569323
0.6515502494654312,0.9605669219339353
0.6520848182466144,0.9605669219339353
0.6520848182466144,0.9606812207109384
0.6521739130434783,0.9606812207109384
0.6521739130434783,0.9609098182649446
0.652352102637206,0.9609098182649446
0.652352102637206,0.9610241170419477
0.6524411974340698,0.9610241170419477
0.6524411974340698,0.9611384158189508
0.6535994297933001,0.9611384158189508
0.6535994297933001,0.9613670133729569
0.654312188168211,0.9613670133729569
0.654312188168211,0.96148131214996
0.6545794725588026,0.96148131214996
0.6545794725588026,0.9615956109269631
0.6553813257305773,0.9615956109269631
0.6553813257305773,0.9617099097039662
0.6569850320741268,0.9617099097039662
0.6569850320741268,0.9618242084809693
0.6583214540270849,0.9618242084809693
0.6583214540270849,0.9619385072579724
0.6584105488239487,0.9619385072579724
0.6584105488239487,0.9620528060349754
0.6591233071988596,0.9620528060349754
0.6591233071988596,0.9621671048119785
0.6592124019957234,0.9621671048119785
0.6592124019957234,0.9622814035889816
0.6593014967925873,0.9622814035889816
0.6593014967925873,0.9623957023659847
0.6615288667141839,0.9623957023659847
0.6615288667141839,0.962738598696994
0.6623307198859587,0.962738598696994
0.6623307198859587,0.962852897473997
0.6630434782608695,0.962852897473997
0.6630434782608695,0.9629671962510001
0.6632216678545972,0.9629671962510001
0.6632216678545972,0.9630814950280032
0.6636671418389166,0.9630814950280032
0.6636671418389166,0.9631957938050063
0.6643799002138275,0.9631957938050063
0.6643799002138275,0.9633100925820094
0.6644689950106913,0.9633100925820094
0.6644689950106913,0.9634243913590125
0.6650926585887385,0.9634243913590125
0.6650926585887385,0.9636529889130186
0.6664290805416964,0.9636529889130186
0.6664290805416964,0.9637672876900217
0.6680327868852459,0.9637672876900217
0.6680327868852459,0.9638815864670248
0.6687455452601568,0.9638815864670248
0.6687455452601568,0.9639958852440279
0.6689237348538846,0.9639958852440279
0.6689237348538846,0.964110184021031
0.6695473984319316,0.964110184021031
0.6695473984319316,0.9642244827980341
0.6701710620099787,0.9642244827980341
0.6701710620099787,0.9643387815750372
0.6702601568068425,0.9643387815750372
0.6702601568068425,0.9644530803520402
0.6712401995723449,0.9644530803520402
0.6712401995723449,0.9645673791290433
0.6721311475409836,0.9645673791290433
0.6721311475409836,0.9646816779060464
0.6722202423378475,0.9646816779060464
0.6722202423378475,0.9647959766830495
0.672576621525303,0.9647959766830495
0.672576621525303,0.9649102754600526
0.6754276550249465,0.9649102754600526
0.6754276550249465,0.9650245742370557
0.6761404133998574,0.9650245742370557
0.6761404133998574,0.9651388730140588
0.6764076977904491,0.9651388730140588
0.6764076977904491,0.9652531717910618
0.6769422665716323,0.9652531717910618
0.67712045616536,0.9652531717910618
0.6772095509622238,0.9652531717910618
0.6772095509622238,0.9653674705680649
0.6782786885245902,0.9653674705680649
0.6782786885245902,0.965481769345068
0.6786350677120456,0.965481769345068
0.6786350677120456,0.9655960681220711
0.6795260156806843,0.9655960681220711
0.6795260156806843,0.9657103668990742
0.679704205274412,0.9657103668990742
0.679704205274412,0.9659389644530804
0.6799714896650035,0.9659389644530804
0.6799714896650035,0.9660532632300834
0.6815751960085531,0.9660532632300834
0.6815751960085531,0.9661675620070865
0.6824661439771917,0.9661675620070865
0.6824661439771917,0.9662818607840896
0.6833570919458304,0.9662818607840896
0.6833570919458304,0.9663961595610927
0.6835352815395581,0.9663961595610927
0.6835352815395581,0.9666247571150989
0.6847826086956522,0.9666247571150989
0.6847826086956522,0.966739055892102
0.6854062722736992,0.966739055892102
0.6854062722736992,0.966853354669105
0.6858517462580185,0.966853354669105
0.6858517462580185,0.9670819522231112
0.6870099786172488,0.9670819522231112
0.6870099786172488,0.9671962510001143
0.6891482537419815,0.9671962510001143
0.6891482537419815,0.9673105497771174
0.6911083392729864,0.9673105497771174
0.6911083392729864,0.9674248485541205
0.6919992872416251,0.9674248485541205
0.6919992872416251,0.9677677448851297
0.6929793300071276,0.9677677448851297
0.6931575196008554,0.9677677448851297
0.693335709194583,0.9677677448851297
0.693335709194583,0.9678820436621328
0.6934248039914469,0.9678820436621328
0.6934248039914469,0.9679963424391359
0.6952066999287242,0.9679963424391359
0.6952066999287242,0.968110641216139
0.6955630791161797,0.968110641216139
0.6955630791161797,0.9683392387701452
0.6956521739130435,0.9683392387701452
0.6956521739130435,0.9684535375471482
0.6967213114754098,0.9684535375471482
0.6967213114754098,0.9686821351011544
0.697255880256593,0.9686821351011544
0.697255880256593,0.9687964338781575
0.69787954383464,0.9687964338781575
0.69787954383464,0.9690250314321637
0.6982359230220955,0.9690250314321637
0.6982359230220955,0.9691393302091668
0.6997505345687812,0.9691393302091668
0.6997505345687812,0.9693679277631729
0.7001069137562367,0.9693679277631729
0.7001069137562367,0.969482226540176
0.700552387740556,0.969482226540176
0.700552387740556,0.9695965253171791
0.7014433357091946,0.9695965253171791
0.7014433357091946,0.9697108240941822
0.7015324305060584,0.9697108240941822
0.7015324305060584,0.9698251228711853
0.702512473271561,0.9698251228711853
0.702512473271561,0.9699394216481884
0.7027797576621525,0.9699394216481884
0.7027797576621525,0.9700537204251914
0.7033143264433357,0.9700537204251914
0.7033143264433357,0.9701680192021945
0.7035816108339273,0.9701680192021945
0.7035816108339273,0.9702823179791976
0.7043834640057021,0.9702823179791976
0.7043834640057021,0.9703966167562007
0.7046507483962936,0.9703966167562007
0.7046507483962936,0.9705109155332038
0.7059871703492516,0.9705109155332038
0.7059871703492516,0.9706252143102069
0.7064326443335709,0.9706252143102069
0.7064326443335709,0.97073951308721
0.7068781183178903,0.97073951308721
0.7068781183178903,0.970853811864213
0.7083927298645759,0.970853811864213
0.7083927298645759,0.9710824094182192
0.7095509622238061,0.9710824094182192
0.7095509622238061,0.9713110069722254
0.7103528153955809,0.9713110069722254
0.7103528153955809,0.9714253057492285
0.7108873841767641,0.9714253057492285
0.7108873841767641,0.9715396045262316
0.7111546685673557,0.9715396045262316
0.7111546685673557,0.9716539033032346
0.7114219529579473,0.9716539033032346
0.7114219529579473,0.9719967996342439
0.7125801853171775,0.9719967996342439
0.7125801853171775,0.972111098411247
0.7131147540983607,0.972111098411247
0.7131147540983607,0.9722253971882501
0.7137384176764077,0.9722253971882501
0.7137384176764077,0.9723396959652532
0.7139166072701354,0.9723396959652532
0.7139166072701354,0.9724539947422562
0.7143620812544548,0.9724539947422562
0.7143620812544548,0.9725682935192593
0.7150748396293657,0.9725682935192593
0.7150748396293657,0.9726825922962624
0.7166785459729151,0.9726825922962624
0.7166785459729151,0.9727968910732655
0.7167676407697791,0.9727968910732655
0.7167676407697791,0.9729111898502686
0.7169458303635068,0.9729111898502686
0.7169458303635068,0.9730254886272717
0.7183713471133286,0.9730254886272717
0.7183713471133286,0.9731397874042748
0.7195295794725588,0.9731397874042748
0.7195295794725588,0.9732540861812778
0.7201532430506058,0.9732540861812778
0.7201532430506058,0.9733683849582809
0.7213114754098361,0.9733683849582809
0.7213114754098361,0.9735969825122871
0.7214005702066999,0.9735969825122871
0.7214005702066999,0.9737112812892902
0.7218460441910193,0.9737112812892902
0.7218460441910193,0.9738255800662933
0.7228260869565217,0.9738255800662933
0.7228260869565217,0.9740541776202994
0.7229151817533856,0.9740541776202994
0.7229151817533856,0.9741684763973025
0.7230042765502495,0.9741684763973025
0.7230042765502495,0.9742827751743056
0.7232715609408411,0.9742827751743056
0.7232715609408411,0.9745113727283118
0.7238061297220242,0.9745113727283118
0.7238061297220242,0.9746256715053149
0.7239843193157519,0.9746256715053149
0.7239843193157519,0.974739970282318
0.7240734141126158,0.974739970282318
0.7240734141126158,0.974854269059321
0.7241625089094796,0.974854269059321
0.7241625089094796,0.9749685678363241
0.725231646471846,0.9749685678363241
0.725231646471846,0.9750828666133272
0.7266571632216678,0.9750828666133272
0.7266571632216678,0.9753114641673334
0.7267462580185318,0.9753114641673334
0.7267462580185318,0.9756543604983426
0.7275481111903065,0.9756543604983426
0.7275481111903065,0.9757686592753457
0.7285281539558089,0.9757686592753457
0.7285281539558089,0.9758829580523488
0.7294191019244476,0.9758829580523488
0.7294191019244476,0.9759972568293519
0.7296863863150392,0.9759972568293519
0.7296863863150392,0.976111555606355
0.7312900926585887,0.976111555606355
0.7312900926585887,0.9762258543833581
0.7320028510334996,0.9762258543833581
0.7320028510334996,0.9763401531603612
0.7327156094084105,0.9763401531603612
0.7327156094084105,0.9764544519373642
0.7339629365645046,0.9764544519373642
0.7339629365645046,0.9765687507143673
0.7340520313613685,0.9765687507143673
0.7340520313613685,0.9766830494913704
0.7343193157519601,0.9766830494913704
0.7343193157519601,0.9767973482683735
0.7351211689237348,0.9767973482683735
0.7351211689237348,0.9769116470453766
0.7364575908766928,0.9769116470453766
0.7364575908766928,0.9770259458223797
0.7373485388453315,0.9770259458223797
0.7373485388453315,0.9771402445993828
0.7379722024233785,0.9771402445993828
0.7379722024233785,0.9772545433763858
0.7382394868139701,0.9772545433763858
0.7382394868139701,0.9773688421533889
0.7398431931575196,0.9773688421533889
0.7398431931575196,0.977483140930392
0.7404668567355667,0.977483140930392
0.7404668567355667,0.9775974397073951
0.7409123307198859,0.9775974397073951
0.7409123307198859,0.9777117384843982
0.7411796151104776,0.9777117384843982
0.7411796151104776,0.9778260372614013
0.7426942266571632,0.9778260372614013
0.7426942266571632,0.9779403360384044
0.7438524590163934,0.9779403360384044
0.7438524590163934,0.9780546348154074
0.7449215965787598,0.9780546348154074
0.7449215965787598,0.9781689335924105
0.7450106913756237,0.9781689335924105
0.7450106913756237,0.9783975311464167
0.745456165359943,0.9783975311464167
0.745456165359943,0.9785118299234198
0.7455452601568069,0.9785118299234198
0.7455452601568069,0.9786261287004229
0.7459907341411262,0.9786261287004229
0.7459907341411262,0.978740427477426
0.7465253029223093,0.978740427477426
0.7465253029223093,0.9789690250314321
0.7473271560940841,0.9789690250314321
0.7473271560940841,0.9790833238084352
0.748039914468995,0.9790833238084352
0.748039914468995,0.9793119213624414
0.7484853884533144,0.9793119213624414
0.7484853884533144,0.9794262201394445
0.7491090520313614,0.9794262201394445
0.7491090520313614,0.9795405189164476
0.7497327156094085,0.9795405189164476
0.7497327156094085,0.9797691164704537
0.7503563791874555,0.9797691164704537
0.7503563791874555,0.9798834152474568
0.7508909479686386,0.9798834152474568
0.7508909479686386,0.9799977140244599
0.7509800427655025,0.9799977140244599
0.7509800427655025,0.980112012801463
0.7510691375623664,0.980112012801463
0.7510691375623664,0.9802263115784661
0.7521382751247327,0.9802263115784661
0.7521382751247327,0.9804549091324722
0.7533856022808268,0.9804549091324722
0.7533856022808268,0.9805692079094753
0.7548111190306486,0.9805692079094753
0.7548111190306486,0.9807978054634815
0.7574839629365645,0.9807978054634815
0.7574839629365645,0.9809121042404846
0.7580185317177477,0.9809121042404846
0.7580185317177477,0.9810264030174877
0.758464005702067,0.9810264030174877
0.758464005702067,0.9811407017944908
0.7587312900926586,0.9811407017944908
0.7587312900926586,0.9812550005714938
0.7590876692801141,0.9812550005714938
0.7590876692801141,0.9813692993484969
0.7597113328581611,0.9813692993484969
0.7597113328581611,0.9814835981255
0.7607804704205274,0.9814835981255
0.7607804704205274,0.9815978969025031
0.7619387027797576,0.9815978969025031
0.7619387027797576,0.9817121956795062
0.7621168923734853,0.9817121956795062
0.7621168923734853,0.9818264944565093
0.7625623663578047,0.9818264944565093
0.7625623663578047,0.9819407932335124
0.7636315039201711,0.9819407932335124
0.7636315039201711,0.9820550920105154
0.7640769779044904,0.9820550920105154
0.7640769779044904,0.9821693907875185
0.7663934426229508,0.9821693907875185
0.7663934426229508,0.9822836895645216
0.7689771917320029,0.9822836895645216
0.7689771917320029,0.9823979883415247
0.7705808980755524,0.9823979883415247
0.7705808980755524,0.9826265858955309
0.7723627940128297,0.9826265858955309
0.7723627940128297,0.982740884672534
0.7735210263720599,0.982740884672534
0.7735210263720599,0.982855183449537
0.7743228795438346,0.982855183449537
0.7743228795438346,0.9829694822265401
0.7744119743406985,0.9829694822265401
0.7744119743406985,0.9830837810035432
0.7748574483250178,0.9830837810035432
0.7748574483250178,0.9831980797805463
0.7755702066999287,0.9831980797805463
0.7755702066999287,0.9834266773345525
0.7761938702779758,0.9834266773345525
0.7761938702779758,0.9835409761115556
0.7766393442622951,0.9835409761115556
0.7766393442622951,0.9836552748885586
0.7769957234497505,0.9836552748885586
0.7769957234497505,0.9837695736655617
0.7794012829650748,0.9837695736655617
0.7794012829650748,0.9838838724425648
0.7794903777619387,0.9838838724425648
0.7794903777619387,0.984112469996571
0.7801140413399857,0.984112469996571
0.7801140413399857,0.9842267687735741
0.7811831789023521,0.9842267687735741
0.7811831789023521,0.9843410675505772
0.781895937277263,0.9843410675505772
0.781895937277263,0.9844553663275804
0.782608695652174,0.9844553663275804
0.782608695652174,0.9845696651045834
0.7831432644333571,0.9845696651045834
0.7831432644333571,0.9846839638815865
0.7832323592302209,0.9846839638815865
0.7832323592302209,0.9847982626585896
0.7842124019957234,0.9847982626585896
0.7842124019957234,0.9849125614355927
0.7843014967925873,0.9849125614355927
0.7843014967925873,0.9850268602125958
0.7848360655737705,0.9850268602125958
0.7848360655737705,0.985255457766602
0.7870634354953671,0.985255457766602
0.7870634354953671,0.985369756543605
0.7875980042765502,0.985369756543605
0.7875980042765502,0.9854840553206081
0.787776193870278,0.9854840553206081
0.787776193870278,0.9855983540976112
0.7893799002138275,0.9855983540976112
0.7893799002138275,0.9857126528746143
0.7920527441197434,0.9857126528746143
0.7920527441197434,0.9858269516516174
0.7938346400570206,0.9858269516516174
0.7938346400570206,0.9859412504286205
0.7940128296507484,0.9859412504286205
0.7940128296507484,0.9860555492056235
0.7957947255880257,0.9860555492056235
0.7957947255880257,0.9861698479826266
0.797576621525303,0.9861698479826266
0.797576621525303,0.9862841467596297
0.7977548111190307,0.9862841467596297
0.7977548111190307,0.9863984455366328
0.7981111903064861,0.9863984455366328
0.7981111903064861,0.9865127443136359
0.7987348538845331,0.9865127443136359
0.7987348538845331,0.9867413418676421
0.7990912330719886,0.9867413418676421
0.7990912330719886,0.9868556406446451
0.8002494654312188,0.9868556406446451
0.8002494654312188,0.9869699394216482
0.8006949394155382,0.9869699394216482
0.8006949394155382,0.9870842381986513
0.8009622238061297,0.9870842381986513
0.8009622238061297,0.9871985369756544
0.8014967925873129,0.9871985369756544
0.8014967925873129,0.9873128357526575
0.8015858873841768,0.9873128357526575
0.8015858873841768,0.9875414333066637
0.804704205274412,0.9875414333066637
0.804704205274412,0.9876557320836667
0.8050605844618675,0.9876557320836667
0.8050605844618675,0.9877700308606698
0.8052387740555952,0.9877700308606698
0.8052387740555952,0.9878843296376729
0.8055951532430506,0.9878843296376729
0.8055951532430506,0.987998628414676
0.8056842480399145,0.987998628414676
0.8056842480399145,0.9881129271916791
0.8065751960085531,0.9881129271916791
0.8065751960085531,0.9882272259686822
0.8088025659301497,0.9882272259686822
0.8088025659301497,0.9883415247456853
0.8089807555238774,0.9883415247456853
0.8089807555238774,0.9884558235226883
0.8107626514611547,0.9884558235226883
0.8107626514611547,0.9885701222996914
0.8128118317890235,0.9885701222996914
0.8128118317890235,0.9886844210766945
0.8132573057733429,0.9886844210766945
0.8132573057733429,0.9887987198536976
0.8147719173200285,0.9887987198536976
0.8147719173200285,0.9889130186307007
0.8167320028510335,0.9889130186307007
0.8167320028510335,0.9890273174077038
0.8173556664290805,0.9890273174077038
0.8173556664290805,0.9891416161847069
0.8175338560228083,0.9891416161847069
0.8175338560228083,0.98925591496171
0.8178902352102637,0.98925591496171
0.8178902352102637,0.989370213738713
0.8180684248039914,0.989370213738713
0.8180684248039914,0.9894845125157161
0.818335709194583,0.9894845125157161
0.818335709194583,0.9895988112927192
0.8201176051318603,0.9895988112927192
0.8201176051318603,0.9897131100697223
0.8219885958660014,0.9897131100697223
0.8219885958660014,0.9898274088467254
0.822255880256593,0.9898274088467254
0.822255880256593,0.9899417076237285
0.8238595866001426,0.9899417076237285
0.8238595866001426,0.9900560064007315
0.8252851033499644,0.9900560064007315
0.8252851033499644,0.9901703051777346
0.8264433357091946,0.9901703051777346
0.8264433357091946,0.9902846039547377
0.8266215253029223,0.9902846039547377
0.8266215253029223,0.9903989027317408
0.828136136849608,0.9903989027317408
0.828136136849608,0.9905132015087439
0.8315217391304348,0.9905132015087439
0.8315217391304348,0.9907417990627501
0.8325908766928012,0.9907417990627501
0.8325908766928012,0.9908560978397531
0.8349073414112615,0.9908560978397531
0.8349073414112615,0.9909703966167562
0.840520313613685,0.9909703966167562
0.840520313613685,0.9910846953937593
0.8415894511760513,0.9910846953937593
0.8415894511760513,0.9911989941707624
0.8417676407697791,0.9911989941707624
0.8417676407697791,0.9913132929477655
0.8425694939415538,0.9913132929477655
0.8425694939415538,0.9914275917247686
0.8428367783321454,0.9914275917247686
0.8428367783321454,0.9915418905017717
0.8434604419101924,0.9915418905017717
0.8434604419101924,0.9916561892787747
0.8438168210976479,0.9916561892787747
0.8438168210976479,0.9917704880557778
0.8440841054882395,0.9917704880557778
0.8440841054882395,0.9918847868327809
0.8457769066286529,0.9918847868327809
0.8457769066286529,0.991999085609784
0.8477369921596579,0.991999085609784
0.8477369921596579,0.9921133843867871
0.8529935851746258,0.9921133843867871
0.8529935851746258,0.9922276831637902
0.8538845331432644,0.9922276831637902
0.8538845331432644,0.9923419819407933
0.8545081967213115,0.9923419819407933
0.8545081967213115,0.9925705794947994
0.8549536707056308,0.9925705794947994
0.8549536707056308,0.9926848782718025
0.8551318602993585,0.9926848782718025
0.8551318602993585,0.9930277746028118
0.8557555238774056,0.9930277746028118
0.8557555238774056,0.9931420733798149
0.8563791874554526,0.9931420733798149
0.8563791874554526,0.993256372156818
0.8582501781895937,0.993256372156818
0.8582501781895937,0.993370670933821
0.8583392729864576,0.993370670933821
0.8583392729864576,0.9934849697108241
0.8591411261582323,0.9934849697108241
0.8591411261582323,0.9935992684878272
0.8614575908766928,0.9935992684878272
0.8614575908766928,0.9937135672648303
0.8615466856735566,0.9937135672648303
0.8615466856735566,0.9938278660418334
0.8642195295794726,0.9938278660418334
0.8642195295794726,0.9939421648188365
0.8663578047042053,0.9939421648188365
0.8664468995010691,0.9940564635958395
0.8666250890947969,0.9940564635958395
0.8666250890947969,0.9941707623728426
0.867783321454027,0.9941707623728426
0.867783321454027,0.9942850611498457
0.8718816821097648,0.9942850611498457
0.8718816821097648,0.9943993599268488
0.8722380612972203,0.9943993599268488
0.8722380612972203,0.9945136587038519
0.8736635780470421,0.9945136587038519
0.8736635780470421,0.994627957480855
0.8744654312188168,0.994627957480855
0.8744654312188168,0.9947422562578581
0.8747327156094085,0.9947422562578581
0.8747327156094085,0.9948565550348611
0.8764255167498218,0.9948565550348611
0.8764255167498218,0.9949708538118642
0.8768709907341411,0.9949708538118642
0.8768709907341411,0.9950851525888673
0.8773164647184605,0.9950851525888673
0.8773164647184605,0.9951994513658704
0.8800784034212402,0.9951994513658704
0.8800784034212402,0.9953137501428735
0.88284034212402,0.9953137501428735
0.88284034212402,0.9954280489198766
0.8831967213114754,0.9954280489198766
0.8831967213114754,0.9955423476968797
0.8875623663578047,0.9955423476968797
0.8875623663578047,0.9956566464738827
0.8881860299358517,0.9956566464738827
0.8881860299358517,0.9957709452508858
0.8883642195295794,0.9957709452508858
0.8883642195295794,0.995999542804892
0.8888096935138988,0.995999542804892
0.8888096935138988,0.9961138415818951
0.8897897362794013,0.9961138415818951
0.8897897362794013,0.9962281403588982
0.8978973627940128,0.9962281403588982
0.8978973627940128,0.9963424391359013
0.8999465431218817,0.9963424391359013
0.8999465431218817,0.9964567379129043
0.9024411974340698,0.9964567379129043
0.9024411974340698,0.9965710366899074
0.9071632216678546,0.9965710366899074
0.9071632216678546,0.9966853354669105
0.9113506771204561,0.9966853354669105
0.9113506771204561,0.9967996342439136
0.9114397719173201,0.9967996342439136
0.9114397719173201,0.9969139330209167
0.9133107626514612,0.9969139330209167
0.9133107626514612,0.9970282317979198
0.9145580898075553,0.9970282317979198
0.9145580898075553,0.9971425305749229
0.9148253741981468,0.9971425305749229
0.9148253741981468,0.9972568293519259
0.9186564504632929,0.9972568293519259
0.9186564504632929,0.997371128128929
0.9236457590876693,0.997371128128929
0.9236457590876693,0.9974854269059321
0.9237348538845331,0.9974854269059321
0.9237348538845331,0.9975997256829352
0.9281895937277262,0.9975997256829352
0.9281895937277262,0.9977140244599383
0.9301496792587313,0.9977140244599383
0.9301496792587313,0.9978283232369414
0.9340698503207413,0.9978283232369414
0.9340698503207413,0.9979426220139445
0.9362972202423379,0.9979426220139445
0.9362972202423379,0.9980569207909475
0.9384354953670706,0.9980569207909475
0.9384354953670706,0.9981712195679506
0.9387918745545261,0.9981712195679506
0.9387918745545261,0.9982855183449537
0.9394155381325731,0.9982855183449537
0.9394155381325731,0.9983998171219568
0.9412865288667142,0.9983998171219568
0.9412865288667142,0.9985141158989599
0.9415538132573058,0.9985141158989599
0.9415538132573058,0.998628414675963
0.9440484675694939,0.998628414675963
0.9440484675694939,0.9987427134529661
0.9497505345687812,0.9987427134529661
0.9497505345687812,0.9988570122299691
0.9517106200997861,0.9988570122299691
0.9517106200997861,0.9989713110069722
0.9532252316464719,0.9989713110069722
0.9532252316464719,0.9990856097839753
0.9607982893799002,0.9990856097839753
0.9607982893799002,0.9991999085609784
0.9678367783321454,0.9991999085609784
0.9678367783321454,0.9993142073379815
0.9735388453314326,0.9993142073379815
0.9735388453314326,0.9994285061149846
0.9852993585174625,0.9994285061149846
0.9852993585174625,0.9995428048919877
0.9907341411261582,0.9995428048919877
0.9907341411261582,0.9996571036689907
0.9972380612972203,0.9996571036689907
0.9972380612972203,0.9998857012229969
0.9981290092658589,0.9998857012229969
0.9981290092658589,1.0
1.0,1.0
