fpr,tpr
0.0,0.0
0.0,0.00011429877700308607
0.0,0.007086524174191336
8.909479686386316e-05,0.007200822951194422
8.909479686386316e-05,0.016116127557435137
8.909479686386316e-05,0.01634472511144131
8.909479686386316e-05,0.022516859069607955
8.909479686386316e-05,0.022745456623614126
8.909479686386316e-05,0.025374328494685107
8.909479686386316e-05,0.025602926048691278
8.909479686386316e-05,0.03646130986398446
8.909479686386316e-05,0.03668990741799063
8.909479686386316e-05,0.03714710252600297
8.909479686386316e-05,0.03737570008000914
8.909479686386316e-05,0.040576065836095555
8.909479686386316e-05,0.04080466339010173
8.909479686386316e-05,0.042061949937135676
0.0001781895937277263,0.04217624871413876
0.0001781895937277263,0.044119327923191225
0.0001781895937277263,0.044347925477197396
0.0001781895937277263,0.04560521202423134
0.0001781895937277263,0.04583380957823751
0.0001781895937277263,0.04606240713224369
0.0001781895937277263,0.04629100468624986
0.0001781895937277263,0.052234541090410334
0.0001781895937277263,0.052463138644416506
0.0001781895937277263,0.061378443250657215
0.0001781895937277263,0.06160704080466339
0.0001781895937277263,0.06732197965481769
0.0001781895937277263,0.06755057720882386
0.0001781895937277263,0.06835066864784546
0.0001781895937277263,0.06857926620185165
0.0001781895937277263,0.07246542461995657
0.0001781895937277263,0.07269402217396274
0.0001781895937277263,0.0771516744770831
0.0001781895937277263,0.07738027203108927
0.0001781895937277263,0.07760886958509544
0.0001781895937277263,0.07783746713910161
0.0001781895937277263,0.07989484512515715
0.0001781895937277263,0.08012344267916334
0.0001781895937277263,0.08240941821922505
0.0001781895937277263,0.08263801577323122
0.0001781895937277263,0.08275231455023431
0.0001781895937277263,0.08298091210424048
0.0001781895937277263,0.09132472282546576
0.00026728439059158947,0.09132472282546576
0.00026728439059158947,0.09532518002057377
0.00026728439059158947,0.09566807635158303
0.00026728439059158947,0.0968110641216139
0.00026728439059158947,0.09703966167562007
0.00026728439059158947,0.1001257286547034
0.00026728439059158947,0.10035432620870957
0.00026728439059158947,0.10046862498571266
0.00026728439059158947,0.10069722253971883
0.00026728439059158947,0.1033260944107898
0.00026728439059158947,0.10355469196479598
0.00026728439059158947,0.10366899074179907
0.0003563791874554526,0.10366899074179907
0.0003563791874554526,0.1131557892330552
0.0004454739843193158,0.1131557892330552
0.0004454739843193158,0.11521316721911075
0.0004454739843193158,0.11544176477311693
0.0004454739843193158,0.1172705452051663
0.0004454739843193158,0.11749914275917248
0.0004454739843193158,0.12149959995428049
0.0004454739843193158,0.12172819750828666
0.0004454739843193158,0.12264258772431134
0.0004454739843193158,0.12287118527831752
0.0004454739843193158,0.12515716081837924
0.0004454739843193158,0.12538575837238541
0.0004454739843193158,0.1277860326894502
0.0004454739843193158,0.12801463024345638
0.0004454739843193158,0.12984341067550578
0.0005345687811831789,0.12995770945250887
0.0005345687811831789,0.13155789233055207
0.0005345687811831789,0.13178648988455824
0.0005345687811831789,0.1329294776545891
0.0006236635780470421,0.1329294776545891
0.0006236635780470421,0.13727283118070638
0.0006236635780470421,0.13750142873471255
0.0006236635780470421,0.1395588067207681
0.0006236635780470421,0.13978740427477426
0.0006236635780470421,0.14093039204480512
0.0006236635780470421,0.1411589895988113
0.0006236635780470421,0.14127328837581438
0.0006236635780470421,0.14150188592982055
0.0006236635780470421,0.14333066636186992
0.0006236635780470421,0.1435592639158761
0.0007127583749109052,0.1435592639158761
0.0007127583749109052,0.14630243456395017
0.0007127583749109052,0.14653103211795634
0.0007127583749109052,0.14721682477997486
0.0007127583749109052,0.14744542233398103
0.0007127583749109052,0.14893130643502114
0.0008018531717747684,0.14893130643502114
0.0008018531717747684,0.15053148931306434
0.0008909479686386316,0.15053148931306434
0.0008909479686386316,0.1516744770830952
0.0009800427655024947,0.1516744770830952
0.0009800427655024947,0.15190307463710137
0.0010691375623663579,0.15190307463710137
0.0010691375623663579,0.15281746485312608
0.001158232359230221,0.15281746485312608
0.001158232359230221,0.1608183792433421
0.001158232359230221,0.16127557435135445
0.001158232359230221,0.16356154989141616
0.001158232359230221,0.16379014744542233
0.001158232359230221,0.16710481197851182
0.0012473271560940842,0.16710481197851182
0.0012473271560940842,0.16790490341753342
0.0012473271560940842,0.16813350097153962
0.0012473271560940842,0.1871070979540519
0.0012473271560940842,0.18733569550805806
0.0012473271560940842,0.18836438450108584
0.0012473271560940842,0.188592982055092
0.0012473271560940842,0.19225054291919078
0.0012473271560940842,0.19247914047319695
0.0012473271560940842,0.19579380500628643
0.0013364219529579473,0.19579380500628643
0.0013364219529579473,0.2100811521316722
0.0013364219529579473,0.21030974968567837
0.0013364219529579473,0.21271002400274316
0.0013364219529579473,0.21293862155674934
0.0013364219529579473,0.2181963652988913
0.0014255167498218105,0.2183106640758944
0.0014255167498218105,0.21853926162990056
0.0014255167498218105,0.21876785918390673
0.0014255167498218105,0.22025374328494685
0.0014255167498218105,0.22048234083895302
0.0014255167498218105,0.2288261515601783
0.0015146115466856736,0.2288261515601783
0.0015146115466856736,0.23019773688421533
0.0015146115466856736,0.2304263344382215
0.0015146115466856736,0.23076923076923078
0.0015146115466856736,0.23099782832323695
0.0015146115466856736,0.2313407246542462
0.0015146115466856736,0.23522688307235112
0.0016037063435495368,0.23522688307235112
0.0016037063435495368,0.2370556635044005
0.0016928011404134,0.2370556635044005
0.0016928011404134,0.23854154760544063
0.0016928011404134,0.2387701451594468
0.0016928011404134,0.2388844439364499
0.001781895937277263,0.2388844439364499
0.001781895937277263,0.2404846268144931
0.0018709907341411263,0.2404846268144931
0.0018709907341411263,0.24185621213853012
0.0019600855310049894,0.24185621213853012
0.0019600855310049894,0.24231340724654246
0.0020491803278688526,0.24231340724654246
0.0020491803278688526,0.2427706023545548
0.0021382751247327157,0.2427706023545548
0.0021382751247327157,0.24539947422562577
0.0021382751247327157,0.24562807177963195
0.0021382751247327157,0.24825694365070294
0.0021382751247327157,0.24848554120470911
0.0021382751247327157,0.2518002057377986
0.002227369921596579,0.2518002057377986
0.002227369921596579,0.2531717910618356
0.002227369921596579,0.2534003886158418
0.002227369921596579,0.2572865470339467
0.002227369921596579,0.2575151445879529
0.002227369921596579,0.26231569322208254
0.002316464718460442,0.26231569322208254
0.002316464718460442,0.2648302663161504
0.002316464718460442,0.2650588638701566
0.002316464718460442,0.26791633329523373
0.002316464718460442,0.2681449308492399
0.002316464718460442,0.26963081495028
0.002316464718460442,0.2698594125042862
0.002316464718460442,0.27031660761229853
0.002405559515324305,0.27031660761229853
0.002405559515324305,0.2730597782603726
0.002405559515324305,0.27328837581437876
0.002405559515324305,0.2750028574694251
0.0025837491090520315,0.2750028574694251
0.0025837491090520315,0.27683163790147447
0.0026728439059158947,0.27683163790147447
0.0026728439059158947,0.28014630243456395
0.002761938702779758,0.28014630243456395
0.002761938702779758,0.28174648531260715
0.002761938702779758,0.2819750828666133
0.002761938702779758,0.2852897473997028
0.002761938702779758,0.285518344953709
0.002761938702779758,0.2867756315007429
0.002761938702779758,0.2870042290547491
0.002761938702779758,0.29431935078294663
0.002851033499643621,0.29431935078294663
0.002851033499643621,0.2946622471139559
0.002940128296507484,0.2946622471139559
0.002940128296507484,0.29591953366098983
0.0030292230933713473,0.29591953366098983
0.0030292230933713473,0.29671962510001143
0.0031183178902352104,0.29671962510001143
0.0031183178902352104,0.2969482226540176
0.0031183178902352104,0.30060578351811634
0.0032074126870990736,0.30060578351811634
0.0032074126870990736,0.3016344725111441
0.0032074126870990736,0.3018630700651503
0.0032074126870990736,0.30277746028117497
0.0032965074839629367,0.30277746028117497
0.0032965074839629367,0.3034632529431935
0.0032965074839629367,0.30369185049719966
0.0032965074839629367,0.3040347468282089
0.0033856022808268,0.3040347468282089
0.0033856022808268,0.309406789347354
0.0033856022808268,0.30963538690136017
0.0033856022808268,0.31214995999542805
0.003474697077690663,0.31214995999542805
0.003474697077690663,0.31306435021145274
0.003563791874554526,0.31306435021145274
0.003563791874554526,0.313407246542462
0.0036528866714183894,0.313407246542462
0.0036528866714183894,0.31466453308949593
0.0037419814682822525,0.31466453308949593
0.0037419814682822525,0.3182077951765916
0.0038310762651461157,0.3182077951765916
0.0038310762651461157,0.3188935878386101
0.0038310762651461157,0.3191221853926163
0.0038310762651461157,0.3208366670476626
0.003920171062009979,0.3208366670476626
0.003920171062009979,0.3274659961138416
0.003920171062009979,0.32769459366784776
0.003920171062009979,0.32860898388387244
0.0040092658588738415,0.32860898388387244
0.0040092658588738415,0.3288375814378786
0.0040092658588738415,0.33089495942393415
0.0040092658588738415,0.3311235569779403
0.0040092658588738415,0.33329523374099895
0.0040092658588738415,0.3336381300720082
0.0040092658588738415,0.33489541661904215
0.004098360655737705,0.33489541661904215
0.004098360655737705,0.337295690936107
0.004098360655737705,0.3375242884901132
0.004098360655737705,0.3428963310092582
0.004187455452601568,0.3428963310092582
0.004187455452601568,0.34643959309635386
0.0042765502494654314,0.34643959309635386
0.0042765502494654314,0.3470110869813693
0.0042765502494654314,0.34723968453537546
0.0042765502494654314,0.34986855640644643
0.0042765502494654314,0.3500971539604526
0.0042765502494654314,0.3536404160475483
0.004365645046329294,0.3536404160475483
0.004365645046329294,0.3576408732426563
0.004454739843193158,0.3576408732426563
0.004454739843193158,0.3578694707966625
0.0045438346400570205,0.3578694707966625
0.0045438346400570205,0.366556177848897
0.0045438346400570205,0.36678477540290316
0.0045438346400570205,0.3699851411589896
0.0045438346400570205,0.3702137387129958
0.0045438346400570205,0.37284261058406676
0.004632929436920884,0.37284261058406676
0.004632929436920884,0.37444279346210996
0.004722024233784747,0.37444279346210996
0.004722024233784747,0.3748999885701223
0.00481111903064861,0.3748999885701223
0.00481111903064861,0.37592867756315007
0.004900213827512473,0.37592867756315007
0.004900213827512473,0.3765001714481655
0.004900213827512473,0.37672876900217167
0.004900213827512473,0.38175791519030744
0.004900213827512473,0.3819865127443136
0.004900213827512473,0.3839295919533661
0.004900213827512473,0.3841581895073723
0.004900213827512473,0.3856440736084124
0.004989308624376337,0.3856440736084124
0.004989308624376337,0.38610126871642475
0.005078403421240199,0.38610126871642475
0.005078403421240199,0.38941593324951423
0.005167498218104063,0.38941593324951423
0.005167498218104063,0.3943307806606469
0.005256593014967926,0.3943307806606469
0.005256593014967926,0.3951308720996685
0.005345687811831789,0.3951308720996685
0.005345687811831789,0.3952451708766716
0.005345687811831789,0.39570236598468395
0.005345687811831789,0.3961595610926963
0.005434782608695652,0.3961595610926963
0.005434782608695652,0.39810264030174874
0.005523877405559516,0.39810264030174874
0.005523877405559516,0.40016001828780434
0.005523877405559516,0.4003886158418105
0.005523877405559516,0.40164590238884446
0.005612972202423378,0.40164590238884446
0.005612972202423378,0.4046176705909247
0.005702066999287242,0.4046176705909247
0.005702066999287242,0.4053034632529432
0.005791161796151105,0.4053034632529432
0.005791161796151105,0.4102183106640759
0.005880256593014968,0.4102183106640759
0.005880256593014968,0.41193279231912217
0.005969351389878831,0.41193279231912217
0.005969351389878831,0.41284718253514685
0.005969351389878831,0.413075780089153
0.005969351389878831,0.41479026174419936
0.005969351389878831,0.41501885929820553
0.005969351389878831,0.4159332495142302
0.005969351389878831,0.4161618470682364
0.005969351389878831,0.4194765116013259
0.0060584461867426945,0.4194765116013259
0.0060584461867426945,0.4256486455594925
0.006236635780470421,0.4256486455594925
0.006236635780470421,0.42702023088352953
0.006325730577334284,0.42702023088352953
0.006325730577334284,0.4273631272145388
0.006414825374198147,0.4273631272145388
0.006414825374198147,0.428963310092582
0.00650392017106201,0.428963310092582
0.00650392017106201,0.430220596639616
0.00650392017106201,0.43044919419362215
0.00650392017106201,0.431592181963653
0.0065930149679258735,0.431592181963653
0.0065930149679258735,0.4317064807406561
0.006682109764789736,0.4317064807406561
0.006682109764789736,0.4349068464967425
0.0067712045616536,0.4349068464967425
0.0067712045616536,0.43513544405074867
0.0068602993585174625,0.43513544405074867
0.0068602993585174625,0.4584523945593782
0.006949394155381326,0.4584523945593782
0.006949394155381326,0.45868099211338437
0.007038488952245189,0.45868099211338437
0.007038488952245189,0.4599382786604183
0.007127583749109052,0.4599382786604183
0.007127583749109052,0.4601668762144245
0.007216678545972915,0.4601668762144245
0.007216678545972915,0.4619956566464739
0.007305773342836779,0.4619956566464739
0.007305773342836779,0.46805349182763745
0.0073948681397006414,0.46805349182763745
0.0073948681397006414,0.4693107783746714
0.007483962936564505,0.4693107783746714
0.007483962936564505,0.4726254429077609
0.007573057733428368,0.4726254429077609
0.007573057733428368,0.47353983312378556
0.007662152530292231,0.47353983312378556
0.007662152530292231,0.47605440621785344
0.007751247327156094,0.47605440621785344
0.007751247327156094,0.4801691621899646
0.007840342124019958,0.4801691621899646
0.007840342124019958,0.48039775974397075
0.00792943692088382,0.48039775974397075
0.00792943692088382,0.4823408389530232
0.008018531717747683,0.4823408389530232
0.008018531717747683,0.4870270888101497
0.008107626514611548,0.4870270888101497
0.008107626514611548,0.4897702594582238
0.00819672131147541,0.4897702594582238
0.00819672131147541,0.4911418447822608
0.008285816108339273,0.4912561435592639
0.008285816108339273,0.491370442336267
0.008374910905203136,0.491370442336267
0.008374910905203136,0.4923991313292948
0.008464005702066998,0.4923991313292948
0.008464005702066998,0.4971996799634244
0.008553100498930863,0.4971996799634244
0.008553100498930863,0.49765687507143674
0.008642195295794726,0.49765687507143674
0.008642195295794726,0.5001714481655046
0.008731290092658588,0.5001714481655046
0.008731290092658588,0.5015430334895417
0.008820384889522451,0.5015430334895417
0.008820384889522451,0.5023431249285633
0.008909479686386316,0.5023431249285633
0.008909479686386316,0.5029146188135787
0.008998574483250178,0.5029146188135787
0.008998574483250178,0.5031432163675849
0.009087669280114041,0.5031432163675849
0.009087669280114041,0.503371813921591
0.009176764076977904,0.503371813921591
0.009176764076977904,0.5034861126985941
0.009265858873841768,0.5034861126985941
0.009265858873841768,0.5041719053606126
0.00935495367070563,0.5041719053606126
0.00935495367070563,0.5045148016916219
0.009444048467569494,0.5045148016916219
0.009444048467569494,0.504629100468625
0.009533143264433356,0.504629100468625
0.009533143264433356,0.5063435821236713
0.00962223806129722,0.5063435821236713
0.00962223806129722,0.5066864784546805
0.009711332858161083,0.5066864784546805
0.009711332858161083,0.507372271116699
0.009800427655024946,0.507372271116699
0.009800427655024946,0.5082866613327237
0.009889522451888809,0.5082866613327237
0.009889522451888809,0.508629557663733
0.009978617248752673,0.508629557663733
0.009978617248752673,0.5094296491027546
0.010067712045616536,0.5094296491027546
0.010067712045616536,0.5102297405417762
0.010156806842480399,0.5102297405417762
0.010156806842480399,0.5109155332037947
0.010245901639344262,0.5109155332037947
0.010245901639344262,0.5111441307578009
0.010334996436208126,0.5111441307578009
0.010334996436208126,0.5121728197508286
0.010424091233071989,0.5121728197508286
0.010424091233071989,0.512630014858841
0.010513186029935851,0.512630014858841
0.010513186029935851,0.5128586124128471
0.010602280826799714,0.5128586124128471
0.010602280826799714,0.5129729111898502
0.010691375623663579,0.5129729111898502
0.010691375623663579,0.5134301062978626
0.010780470420527441,0.5134301062978626
0.010780470420527441,0.514001600182878
0.010869565217391304,0.514001600182878
0.010869565217391304,0.517887758600983
0.010958660014255167,0.517887758600983
0.010958660014255167,0.5186878500400046
0.011136849607982894,0.5186878500400046
0.011136849607982894,0.5190307463710139
0.011225944404846757,0.5190307463710139
0.011225944404846757,0.5208595268030632
0.01131503920171062,0.5208595268030632
0.01131503920171062,0.5273745570922391
0.011404133998574484,0.5273745570922391
0.011404133998574484,0.5316036118413533
0.011493228795438347,0.5316036118413533
0.011493228795438347,0.5327465996113842
0.01158232359230221,0.5327465996113842
0.01158232359230221,0.5334323922734027
0.011671418389166072,0.5334323922734027
0.011671418389166072,0.5336609898274088
0.0118496079828938,0.5336609898274088
0.0118496079828938,0.535261172705452
0.011938702779757662,0.535261172705452
0.011938702779757662,0.5354897702594582
0.012027797576621525,0.5354897702594582
0.012027797576621525,0.541890501771631
0.012205987170349252,0.541890501771631
0.012205987170349252,0.5420048005486341
0.012295081967213115,0.5420048005486341
0.012295081967213115,0.5426905932106526
0.012384176764076977,0.5426905932106526
0.012384176764076977,0.5428048919876557
0.012473271560940842,0.5428048919876557
0.012473271560940842,0.5430334895416619
0.012562366357804704,0.5430334895416619
0.012562366357804704,0.543147788318665
0.012651461154668567,0.543147788318665
0.012651461154668567,0.5463481540747513
0.01274055595153243,0.5463481540747513
0.01274055595153243,0.5468053491827637
0.012829650748396294,0.5468053491827637
0.012829650748396294,0.5512630014858841
0.012918745545260157,0.5512630014858841
0.012918745545260157,0.5528631843639273
0.01300784034212402,0.5528631843639273
0.01300784034212402,0.5536632758029489
0.013096935138987882,0.5536632758029489
0.013096935138987882,0.5552634586809921
0.013186029935851747,0.5552634586809921
0.013186029935851747,0.5562921476740199
0.01327512473271561,0.5562921476740199
0.01327512473271561,0.5568636415590353
0.013364219529579472,0.5568636415590353
0.013364219529579472,0.5573208366670477
0.013453314326443335,0.5573208366670477
0.013453314326443335,0.5606355012001372
0.0135424091233072,0.5606355012001372
0.0135424091233072,0.5612069950851526
0.013631503920171062,0.5612069950851526
0.013631503920171062,0.5614355926391588
0.013809693513898788,0.5614355926391588
0.013809693513898788,0.563035775517202
0.013898788310762652,0.563035775517202
0.013898788310762652,0.5641787632872328
0.013987883107626515,0.5641787632872328
0.013987883107626515,0.5653217510572637
0.014076977904490378,0.5653217510572637
0.014076977904490378,0.565778946165276
0.01416607270135424,0.565778946165276
0.01416607270135424,0.5664647388272945
0.01443335709194583,0.5664647388272945
0.01443335709194583,0.5665790376042976
0.014611546685673557,0.5665790376042976
0.014611546685673557,0.5680649217053377
0.014789736279401283,0.5680649217053377
0.014789736279401283,0.5681792204823408
0.014878831076265146,0.5681792204823408
0.014878831076265146,0.5694365070293748
0.01496792587312901,0.5694365070293748
0.01496792587312901,0.5695508058063778
0.015146115466856735,0.5695508058063778
0.015146115466856735,0.5708080923534118
0.015235210263720598,0.5708080923534118
0.015235210263720598,0.5720653789004457
0.015324305060584463,0.5720653789004457
0.015324305060584463,0.5753800434335352
0.01559158945117605,0.5753800434335352
0.01559158945117605,0.5772088238655846
0.015680684248039915,0.5772088238655846
0.015680684248039915,0.5788090067436279
0.015769779044903776,0.5788090067436279
0.015769779044903776,0.5794947994056464
0.01585887384176764,0.5794947994056464
0.01585887384176764,0.5797233969596526
0.015947968638631505,0.5797233969596526
0.015947968638631505,0.5838381529317637
0.016037063435495366,0.5838381529317637
0.016037063435495366,0.5839524517087668
0.01612615823235923,0.5839524517087668
0.01612615823235923,0.5840667504857698
0.016215253029223095,0.5840667504857698
0.016215253029223095,0.5848668419247914
0.016304347826086956,0.5848668419247914
0.016304347826086956,0.5850954394787976
0.01639344262295082,0.5850954394787976
0.01639344262295082,0.5852097382558007
0.01648253741981468,0.5852097382558007
0.01648253741981468,0.5870385186878501
0.016571632216678546,0.5870385186878501
0.016571632216678546,0.5874957137958624
0.01666072701354241,0.5874957137958624
0.01666072701354241,0.5892101954509087
0.01674982181040627,0.5892101954509087
0.01674982181040627,0.5893244942279118
0.016838916607270136,0.5893244942279118
0.016838916607270136,0.5894387930049149
0.016928011404133997,0.5894387930049149
0.016928011404133997,0.5905817807749457
0.01701710620099786,0.5905817807749457
0.01701710620099786,0.5908103783289519
0.017106200997861726,0.5908103783289519
0.017106200997861726,0.590924677105955
0.017195295794725587,0.590924677105955
0.017195295794725587,0.5956109269630815
0.01728439059158945,0.5956109269630815
0.01728439059158945,0.597554006172134
0.017373485388453316,0.597554006172134
0.017373485388453316,0.597668304949137
0.017462580185317177,0.597668304949137
0.017462580185317177,0.5981255000571494
0.017640769779044902,0.5981255000571494
0.017640769779044902,0.5982397988341525
0.017729864575908767,0.5982397988341525
0.017729864575908767,0.6000685792662018
0.017908054169636492,0.6000685792662018
0.017908054169636492,0.600297176820208
0.017997148966500356,0.600297176820208
0.017997148966500356,0.6023545548062635
0.01808624376336422,0.6023545548062635
0.01808624376336422,0.6025831523602697
0.018175338560228082,0.6025831523602697
0.018175338560228082,0.6034975425762944
0.018264433357091946,0.6034975425762944
0.018264433357091946,0.6036118413532975
0.018353528153955807,0.6036118413532975
0.018353528153955807,0.6044119327923191
0.018442622950819672,0.6044119327923191
0.018442622950819672,0.6046405303463253
0.018531717747683536,0.6046405303463253
0.018531717747683536,0.6060121156703623
0.018620812544547397,0.6060121156703623
0.018620812544547397,0.6084123899874271
0.018799002138275126,0.6084123899874271
0.018799002138275126,0.6093267802034518
0.018888096935138987,0.6093267802034518
0.018888096935138987,0.609555377757458
0.01897719173200285,0.609555377757458
0.01897719173200285,0.6103554691964796
0.019066286528866713,0.6103554691964796
0.019066286528866713,0.6118413532975198
0.019333570919458302,0.6118413532975198
0.019333570919458302,0.6132129386215568
0.019422665716322167,0.6132129386215568
0.019422665716322167,0.6148131214996
0.01951176051318603,0.6148131214996
0.01951176051318603,0.6157275117156247
0.019600855310049892,0.6157275117156247
0.019600855310049892,0.6166419019316494
0.019779044903777618,0.6166419019316494
0.019779044903777618,0.6167562007086524
0.019868139700641482,0.6167562007086524
0.019868139700641482,0.6207566579037604
0.019957234497505347,0.6207566579037604
0.019957234497505347,0.6209852554577666
0.020046329294369208,0.6209852554577666
0.020046329294369208,0.621556749342782
0.020135424091233072,0.621556749342782
0.020135424091233072,0.6220139444507944
0.020224518888096937,0.6220139444507944
0.020224518888096937,0.622814035889816
0.020313613684960798,0.622814035889816
0.020313613684960798,0.6229283346668191
0.020402708481824662,0.6229283346668191
0.020402708481824662,0.6231569322208252
0.020491803278688523,0.6231569322208252
0.020491803278688523,0.6232712309978283
0.020580898075552388,0.6232712309978283
0.020580898075552388,0.6236141273288376
0.020669992872416252,0.6236141273288376
0.020669992872416252,0.6238427248828438
0.020669992872416252,0.6240713224368499
0.020669992872416252,0.6246428163218654
0.020759087669280113,0.6246428163218654
0.020759087669280113,0.6257858040918962
0.020848182466143977,0.6257858040918962
0.020848182466143977,0.6277288833009487
0.020937277263007842,0.6277288833009487
0.020937277263007842,0.6286432735169734
0.021026372059871703,0.6286432735169734
0.021026372059871703,0.6297862612870042
0.021115466856735567,0.6297862612870042
0.021115466856735567,0.6304720539490227
0.02120456165359943,0.6304720539490227
0.02120456165359943,0.6331009258200937
0.021293656450463293,0.6331009258200937
0.021293656450463293,0.6351583038061492
0.021382751247327157,0.6351583038061492
0.021382751247327157,0.6357297976911647
0.021471846044191018,0.6357297976911647
0.021471846044191018,0.6358440964681678
0.021560940841054883,0.6358440964681678
0.021560940841054883,0.6359583952451708
0.021650035637918747,0.6359583952451708
0.021650035637918747,0.6379014744542233
0.021917320028510334,0.6379014744542233
0.021917320028510334,0.6384729683392387
0.022006414825374198,0.6384729683392387
0.022006414825374198,0.6385872671162418
0.022095509622238062,0.6385872671162418
0.022095509622238062,0.6387015658932449
0.022184604419101923,0.6387015658932449
0.022184604419101923,0.6395016573322665
0.022273699215965788,0.6395016573322665
0.022273699215965788,0.6408732426563036
0.022362794012829652,0.6408732426563036
0.022362794012829652,0.6422448279803407
0.022451888809693513,0.6422448279803407
0.022451888809693513,0.6431592181963653
0.022540983606557378,0.6431592181963653
0.022540983606557378,0.6432735169733684
0.02263007840342124,0.6432735169733684
0.02263007840342124,0.6438450108583839
0.022808267997148968,0.6438450108583839
0.022808267997148968,0.6445308035204024
0.022986457590876693,0.6445308035204024
0.022986457590876693,0.6463595839524517
0.023075552387740558,0.6463595839524517
0.023075552387740558,0.6471596753914733
0.02316464718460442,0.6471596753914733
0.02316464718460442,0.6472739741684764
0.023253741981468283,0.6472739741684764
0.023253741981468283,0.6476168704994857
0.02343193157519601,0.6476168704994857
0.02343193157519601,0.6478454680534919
0.023521026372059873,0.6478454680534919
0.023521026372059873,0.6481883643845011
0.023610121168923734,0.6481883643845011
0.023610121168923734,0.6489884558235227
0.0236992159657876,0.6489884558235227
0.0236992159657876,0.6492170533775289
0.023788310762651463,0.6492170533775289
0.023788310762651463,0.6497885472625443
0.023877405559515324,0.6497885472625443
0.023877405559515324,0.6501314435935536
0.02396650035637919,0.6501314435935536
0.02396650035637919,0.650702937478569
0.02405559515324305,0.650702937478569
0.02405559515324305,0.6508172362555721
0.024144689950106914,0.6508172362555721
0.024144689950106914,0.6511601325865813
0.024233784746970778,0.6511601325865813
0.024233784746970778,0.6516173276945937
0.02432287954383464,0.6516173276945937
0.02432287954383464,0.6524174191336153
0.024411974340698504,0.6524174191336153
0.024411974340698504,0.6528746142416276
0.024501069137562368,0.6528746142416276
0.024501069137562368,0.6529889130186307
0.02459016393442623,0.6529889130186307
0.02459016393442623,0.653446108126643
0.024768353528153954,0.653446108126643
0.024768353528153954,0.6535604069036461
0.02485744832501782,0.6535604069036461
0.02485744832501782,0.6537890044576523
0.024946543121881683,0.6537890044576523
0.024946543121881683,0.6553891873356955
0.025035637918745544,0.6553891873356955
0.025035637918745544,0.6559606812207109
0.02512473271560941,0.6559606812207109
0.02512473271560941,0.6563035775517202
0.02521382751247327,0.6563035775517202
0.02521382751247327,0.6572179677677449
0.025392017106201,0.6572179677677449
0.025392017106201,0.657332266544748
0.02548111190306486,0.657332266544748
0.02548111190306486,0.6583609555377757
0.025570206699928724,0.6583609555377757
0.025570206699928724,0.6588181506457881
0.02565930149679259,0.6588181506457881
0.02565930149679259,0.6590467481997943
0.02574839629365645,0.6590467481997943
0.02574839629365645,0.6612184249628529
0.025926585887384175,0.6612184249628529
0.025926585887384175,0.6616756200708652
0.02601568068424804,0.6616756200708652
0.02601568068424804,0.6620185164018745
0.026104775481111904,0.6620185164018745
0.026104775481111904,0.6624757115098868
0.026193870277975765,0.6624757115098868
0.026193870277975765,0.6629329066178992
0.02628296507483963,0.6629329066178992
0.02628296507483963,0.6630472053949023
0.026372059871703494,0.6630472053949023
0.026372059871703494,0.6635044005029146
0.026461154668567355,0.6635044005029146
0.026461154668567355,0.6641901931649331
0.02655024946543122,0.6641901931649331
0.02655024946543122,0.6656760772659732
0.02663934426229508,0.6656760772659732
0.02663934426229508,0.6659046748199794
0.026728439059158945,0.6659046748199794
0.026728439059158945,0.6660189735969825
0.02681753385602281,0.6660189735969825
0.02681753385602281,0.666704766259001
0.02690662865288667,0.666704766259001
0.02690662865288667,0.6671619613670133
0.02717391304347826,0.6671619613670133
0.02717391304347826,0.6673905589210195
0.027352102637205986,0.6673905589210195
0.027352102637205986,0.6675048576980226
0.02744119743406985,0.6675048576980226
0.02744119743406985,0.6677334552520288
0.027530292230933714,0.6677334552520288
0.027530292230933714,0.668076351583038
0.027619387027797575,0.668076351583038
0.027619387027797575,0.6683049491370442
0.02770848182466144,0.6683049491370442
0.02770848182466144,0.6687621442450565
0.027886671418389165,0.6687621442450565
0.027886671418389165,0.6692193393530689
0.02797576621525303,0.6692193393530689
0.02797576621525303,0.6700194307920905
0.02806486101211689,0.6700194307920905
0.02806486101211689,0.6701337295690936
0.028153955808980755,0.6701337295690936
0.028153955808980755,0.670705223454109
0.02824305060584462,0.670705223454109
0.02824305060584462,0.6712767173391244
0.02833214540270848,0.6712767173391244
0.02833214540270848,0.6713910161161275
0.028421240199572345,0.6713910161161275
0.028421240199572345,0.6715053148931306
0.02851033499643621,0.6715053148931306
0.02851033499643621,0.6716196136701337
0.02859942979330007,0.6716196136701337
0.02859942979330007,0.6717339124471368
0.028688524590163935,0.6717339124471368
0.028688524590163935,0.671962510001143
0.028777619387027796,0.671962510001143
0.028777619387027796,0.6729911989941708
0.028955808980755525,0.6729911989941708
0.028955808980755525,0.6734483941021832
0.029044903777619386,0.6734483941021832
0.029044903777619386,0.6740198879871986
0.02913399857448325,0.6740198879871986
0.02913399857448325,0.6742484855412048
0.029223093371347115,0.6742484855412048
0.029223093371347115,0.6748199794262202
0.029223093371347115,0.6750485769802264
0.029223093371347115,0.6752771745342325
0.02940128296507484,0.6752771745342325
0.02940128296507484,0.6760772659732541
0.0294903777619387,0.6760772659732541
0.0294903777619387,0.6761915647502572
0.029579472558802566,0.6761915647502572
0.029579472558802566,0.6765344610812665
0.02966856735566643,0.6765344610812665
0.02966856735566643,0.6768773574122757
0.02975766215253029,0.6768773574122757
0.02975766215253029,0.6771059549662819
0.029846756949394156,0.6771059549662819
0.029846756949394156,0.677220253743285
0.02993585174625802,0.677220253743285
0.02993585174625802,0.6774488512972912
0.03002494654312188,0.6774488512972912
0.03002494654312188,0.6781346439593097
0.030203136136849607,0.6781346439593097
0.030203136136849607,0.679849125614356
0.03029223093371347,0.679849125614356
0.03029223093371347,0.6805349182763745
0.030381325730577335,0.6805349182763745
0.030381325730577335,0.6811064121613899
0.030470420527441196,0.6811064121613899
0.030470420527441196,0.6815636072694022
0.03055951532430506,0.6815636072694022
0.03055951532430506,0.6821351011544177
0.030648610121168925,0.6821351011544177
0.030648610121168925,0.6823636987084238
0.030737704918032786,0.6823636987084238
0.030737704918032786,0.6835066864784547
0.03082679971489665,0.6835066864784547
0.03082679971489665,0.6840781803634701
0.030915894511760512,0.6840781803634701
0.030915894511760512,0.6843067779174763
0.03109408410548824,0.6843067779174763
0.03109408410548824,0.6847639730254886
0.0311831789023521,0.6847639730254886
0.0311831789023521,0.6854497656875072
0.03136136849607983,0.6854497656875072
0.03136136849607983,0.6855640644645102
0.031450463292943695,0.6855640644645102
0.031450463292943695,0.6876214424505658
0.03153955808980755,0.6876214424505658
0.03153955808980755,0.6877357412275689
0.03162865288667142,0.6877357412275689
0.03162865288667142,0.687964338781575
0.031806842480399146,0.687964338781575
0.031806842480399146,0.6894502228826151
0.03189593727726301,0.6894502228826151
0.03189593727726301,0.6902503143216367
0.03198503207412687,0.6902503143216367
0.03198503207412687,0.6908218082066522
0.03207412687099073,0.6908218082066522
0.03207412687099073,0.6910504057606583
0.03225231646471846,0.6910504057606583
0.03225231646471846,0.6926505886387015
0.032341411261582326,0.6926505886387015
0.032341411261582326,0.6928791861927077
0.03243050605844619,0.6928791861927077
0.03243050605844619,0.6931077837467139
0.03251960085531005,0.6931077837467139
0.03251960085531005,0.6934506800777231
0.03260869565217391,0.6934506800777231
0.03260869565217391,0.6942507715167447
0.03269779044903778,0.6942507715167447
0.03269779044903778,0.6953937592867756
0.03278688524590164,0.6953937592867756
0.03278688524590164,0.6963081495028003
0.032875980042765506,0.6963081495028003
0.032875980042765506,0.6968796433878157
0.03296507483962936,0.6968796433878157
0.03296507483962936,0.6974511372728311
0.03305416963649323,0.6974511372728311
0.03305416963649323,0.6979083323808435
0.03314326443335709,0.6979083323808435
0.03314326443335709,0.6981369299348497
0.033232359230220956,0.6981369299348497
0.033232359230220956,0.6983655274888558
0.03341054882394868,0.6983655274888558
0.03341054882394868,0.6987084238198651
0.03349964362081254,0.6987084238198651
0.03349964362081254,0.6996228140358898
0.03367783321454027,0.6996228140358898
0.03367783321454027,0.6997371128128929
0.033856022808267994,0.6997371128128929
0.033856022808267994,0.7008801005829237
0.03394511760513186,0.7008801005829237
0.03394511760513186,0.701222996913933
0.03403421240199572,0.701222996913933
0.03403421240199572,0.7029374785689793
0.03421240199572345,0.7029374785689793
0.03421240199572345,0.703737570008001
0.034301496792587316,0.703737570008001
0.034301496792587316,0.703851868785004
0.034390591589451174,0.703851868785004
0.034390591589451174,0.7039661675620071
0.03447968638631504,0.7039661675620071
0.03447968638631504,0.7047662590010287
0.0345687811831789,0.7047662590010287
0.0345687811831789,0.7052234541090411
0.03483606557377049,0.7052234541090411
0.03483606557377049,0.7054520516630473
0.03492516037063435,0.7054520516630473
0.03492516037063435,0.7060235455480627
0.03501425516749822,0.7060235455480627
0.03501425516749822,0.7071665333180935
0.035281539558089804,0.7071665333180935
0.035281539558089804,0.707738027203109
0.03537063435495367,0.707738027203109
0.03537063435495367,0.707852325980112
0.03545972915181753,0.707852325980112
0.03545972915181753,0.7083095210881244
0.0355488239486814,0.7083095210881244
0.0355488239486814,0.7088810149731398
0.03563791874554526,0.7088810149731398
0.03563791874554526,0.7094525088581553
0.035727013542409126,0.7094525088581553
0.035727013542409126,0.7102526002971769
0.035816108339272984,0.7102526002971769
0.035816108339272984,0.7107097954051892
0.03590520313613685,0.7107097954051892
0.03590520313613685,0.7110526917361985
0.03599429793300071,0.7110526917361985
0.03599429793300071,0.7112812892902046
0.03608339272986458,0.7112812892902046
0.03608339272986458,0.7115098868442108
0.0362615823235923,0.7115098868442108
0.0362615823235923,0.71185278317522
0.036350677120456164,0.71185278317522
0.036350677120456164,0.7120813807292262
0.03643977191732003,0.7120813807292262
0.03643977191732003,0.7126528746142416
0.03652886671418389,0.7126528746142416
0.03652886671418389,0.7136815636072694
0.03661796151104776,0.7136815636072694
0.03661796151104776,0.7139101611612756
0.036707056307911615,0.7139101611612756
0.036707056307911615,0.7142530574922848
0.03679615110477548,0.7142530574922848
0.03679615110477548,0.714481655046291
0.036885245901639344,0.714481655046291
0.036885245901639344,0.7156246428163219
0.03706343549536707,0.7156246428163219
0.03706343549536707,0.7166533318093496
0.03715253029223094,0.7166533318093496
0.03715253029223094,0.717110526917362
0.037241625089094794,0.717110526917362
0.037241625089094794,0.7172248256943651
0.03733071988595866,0.7172248256943651
0.03733071988595866,0.7173391244713682
0.03741981468282252,0.7173391244713682
0.03741981468282252,0.7174534232483712
0.03759800427655025,0.7174534232483712
0.03759800427655025,0.7176820208023774
0.03786528866714184,0.7176820208023774
0.03786528866714184,0.7181392159103898
0.0379543834640057,0.7181392159103898
0.0379543834640057,0.7185964110184021
0.038132573057733425,0.7185964110184021
0.038132573057733425,0.7195108012344268
0.038310762651461154,0.7195108012344268
0.038310762651461154,0.7205394902274546
0.03848895224518888,0.7205394902274546
0.03848895224518888,0.7208823865584638
0.03857804704205275,0.7208823865584638
0.03857804704205275,0.7212252828894731
0.0389344262295082,0.7212252828894731
0.0389344262295082,0.7214538804434792
0.03902352102637206,0.7214538804434792
0.03902352102637206,0.7219110755514916
0.039201710620099785,0.7219110755514916
0.039201710620099785,0.7227111669905132
0.03929080541696365,0.7227111669905132
0.03929080541696365,0.7228254657675163
0.039379900213827514,0.7228254657675163
0.039379900213827514,0.7240827523145502
0.03946899501069138,0.7240827523145502
0.03946899501069138,0.7241970510915533
0.039558089807555236,0.7241970510915533
0.039558089807555236,0.7244256486455595
0.0396471846044191,0.7244256486455595
0.0396471846044191,0.7245399474225626
0.039736279401282965,0.7245399474225626
0.039736279401282965,0.7252257400845811
0.03982537419814683,0.7252257400845811
0.03982537419814683,0.7267116241856212
0.03991446899501069,0.7267116241856212
0.03991446899501069,0.7269402217396274
0.04000356379187456,0.7269402217396274
0.04000356379187456,0.7284261058406675
0.040092658588738415,0.7284261058406675
0.040092658588738415,0.7285404046176706
0.04018175338560228,0.7285404046176706
0.04018175338560228,0.7286547033946736
0.04035994297933001,0.7286547033946736
0.04035994297933001,0.7289975997256829
0.04071632216678546,0.7289975997256829
0.04071632216678546,0.729111898502686
0.040805416963649324,0.729111898502686
0.040805416963649324,0.7295690936106983
0.04089451176051319,0.7295690936106983
0.04089451176051319,0.7297976911647045
0.040983606557377046,0.7297976911647045
0.040983606557377046,0.7300262887187107
0.04107270135424091,0.7300262887187107
0.04107270135424091,0.730483483826723
0.041161796151104775,0.730483483826723
0.041161796151104775,0.7305977826037261
0.04125089094796864,0.7305977826037261
0.04125089094796864,0.7308263801577323
0.041339985744832504,0.7308263801577323
0.041339985744832504,0.7310549777117384
0.04142908054169637,0.7310549777117384
0.04142908054169637,0.7311692764887415
0.04160727013542409,0.7311692764887415
0.04160727013542409,0.7315121728197508
0.041696364932287955,0.7315121728197508
0.041696364932287955,0.7320836667047662
0.04178545972915182,0.7320836667047662
0.04178545972915182,0.7327694593667847
0.041874554526015684,0.7327694593667847
0.041874554526015684,0.7328837581437878
0.04196364932287954,0.7328837581437878
0.04196364932287954,0.7333409532518002
0.042052744119743406,0.7333409532518002
0.042052744119743406,0.7336838495828094
0.04214183891660727,0.7336838495828094
0.04214183891660727,0.7344839410218311
0.042230933713471135,0.7344839410218311
0.042230933713471135,0.7347125385758373
0.042320028510335,0.7347125385758373
0.042320028510335,0.7351697336838496
0.04240912330719886,0.7351697336838496
0.04240912330719886,0.7365413190078867
0.042587312900926586,0.7365413190078867
0.042587312900926586,0.7371128128929021
0.04267640769779045,0.7371128128929021
0.04267640769779045,0.7374557092239113
0.042765502494654314,0.7374557092239113
0.042765502494654314,0.7380272031089268
0.04285459729151817,0.7380272031089268
0.04285459729151817,0.7381415018859299
0.042943692088382036,0.7381415018859299
0.042943692088382036,0.7384843982169391
0.0430327868852459,0.7384843982169391
0.0430327868852459,0.7390558921019545
0.04321097647897363,0.7390558921019545
0.04321097647897363,0.7391701908789576
0.043300071275837494,0.7391701908789576
0.043300071275837494,0.7397416847639731
0.04356735566642908,0.7397416847639731
0.04356735566642908,0.7398559835409761
0.04374554526015681,0.7398559835409761
0.04374554526015681,0.7400845810949823
0.04383464005702067,0.7400845810949823
0.04383464005702067,0.740998971311007
0.04392373485388453,0.740998971311007
0.04392373485388453,0.7417990627500286
0.04410192444761226,0.7417990627500286
0.04410192444761226,0.7420276603040348
0.044191019244476125,0.7420276603040348
0.044191019244476125,0.7433992456280718
0.04436920883820385,0.7433992456280718
0.04436920883820385,0.7435135444050749
0.044547398431931576,0.7435135444050749
0.044547398431931576,0.743627843182078
0.04463649322879544,0.743627843182078
0.04463649322879544,0.7437421419590811
0.044725588025659305,0.7437421419590811
0.044725588025659305,0.7441993370670934
0.04481468282252316,0.7441993370670934
0.04481468282252316,0.7444279346210996
0.04499287241625089,0.7444279346210996
0.04499287241625089,0.7445422333981027
0.04517106200997862,0.7445422333981027
0.04517106200997862,0.7447708309521088
0.045616535994297935,0.7447708309521088
0.045616535994297935,0.7452280260601212
0.04606200997861725,0.7452280260601212
0.04606200997861725,0.746256715053149
0.046151104775481115,0.746256715053149
0.046151104775481115,0.7473997028231798
0.04624019957234497,0.7473997028231798
0.04624019957234497,0.7479711967081952
0.046507483962936566,0.7479711967081952
0.046507483962936566,0.7480854954851983
0.04659657875980043,0.7480854954851983
0.04659657875980043,0.7481997942622014
0.04668567355666429,0.7481997942622014
0.04668567355666429,0.7486569893702137
0.04686386315039202,0.7486569893702137
0.04686386315039202,0.7488855869242199
0.04695295794725588,0.7488855869242199
0.04695295794725588,0.748999885701223
0.0471311475409836,0.748999885701223
0.0471311475409836,0.7501428734712539
0.04722024233784747,0.7501428734712539
0.04722024233784747,0.75037147102526
0.04730933713471133,0.75037147102526
0.04730933713471133,0.7504857698022631
0.04748752672843906,0.7504857698022631
0.04748752672843906,0.7515144587952909
0.047576621525302926,0.7515144587952909
0.047576621525302926,0.7517430563492971
0.04766571632216678,0.7517430563492971
0.04766571632216678,0.753000342896331
0.04775481111903065,0.753000342896331
0.04775481111903065,0.7531146416733341
0.04784390591589451,0.7531146416733341
0.04784390591589451,0.7546005257743742
0.04793300071275838,0.7546005257743742
0.04793300071275838,0.7550577208823865
0.04820028510334996,0.7550577208823865
0.04820028510334996,0.755743513544405
0.04828937990021383,0.755743513544405
0.04828937990021383,0.7566579037604297
0.04837847469707769,0.7566579037604297
0.04837847469707769,0.7568865013144359
0.048556664290805414,0.7568865013144359
0.048556664290805414,0.7572293976454452
0.04864575908766928,0.7572293976454452
0.04864575908766928,0.7578008915304606
0.04873485388453314,0.7578008915304606
0.04873485388453314,0.7579151903074637
0.04882394868139701,0.7579151903074637
0.04882394868139701,0.758372385415476
0.04891304347826087,0.758372385415476
0.04891304347826087,0.7586009829694822
0.049091233071988594,0.7586009829694822
0.049091233071988594,0.7591724768544976
0.04926942266571632,0.7591724768544976
0.04926942266571632,0.7598582695165161
0.04935851746258019,0.7598582695165161
0.04935851746258019,0.7599725682935192
0.04944761225944405,0.7599725682935192
0.04944761225944405,0.7612298548405532
0.04953670705630791,0.7612298548405532
0.04953670705630791,0.7615727511715624
0.04962580185317177,0.7615727511715624
0.04962580185317177,0.7618013487255686
0.04971489665003564,0.7618013487255686
0.04971489665003564,0.7628300377185964
0.0498039914468995,0.7628300377185964
0.0498039914468995,0.763630129157618
0.049982181040627224,0.763630129157618
0.049982181040627224,0.7648874157046519
0.05016037063435495,0.7648874157046519
0.05016037063435495,0.765001714481655
0.05024946543121882,0.765001714481655
0.05024946543121882,0.7653446108126642
0.050516749821810404,0.7653446108126642
0.050516749821810404,0.7659161046976798
0.05069493941553813,0.7659161046976798
0.05069493941553813,0.766259001028689
0.050784034212402,0.766259001028689
0.050784034212402,0.7666018973596983
0.05087312900926586,0.7666018973596983
0.05087312900926586,0.7669447936907076
0.05096222380612972,0.7669447936907076
0.05096222380612972,0.7671733912447137
0.05114041339985745,0.7671733912447137
0.05114041339985745,0.7672876900217168
0.05122950819672131,0.7672876900217168
0.05122950819672131,0.767516287575723
0.05131860299358518,0.767516287575723
0.05131860299358518,0.7687735741227569
0.051407697790449035,0.7687735741227569
0.051407697790449035,0.7690021716767631
0.051585887384176764,0.7690021716767631
0.051585887384176764,0.7694593667847754
0.05167498218104063,0.7694593667847754
0.05167498218104063,0.7699165618927878
0.05185317177476835,0.7699165618927878
0.05185317177476835,0.7700308606697909
0.052120456165359944,0.7700308606697909
0.052120456165359944,0.7707166533318094
0.05220955096222381,0.7707166533318094
0.05220955096222381,0.7711738484398217
0.05229864575908767,0.7711738484398217
0.05229864575908767,0.7712881472168248
0.05238774055595153,0.7712881472168248
0.05238774055595153,0.7714024459938279
0.052476835352815394,0.7714024459938279
0.052476835352815394,0.7716310435478341
0.05265502494654312,0.7716310435478341
0.05265502494654312,0.7717453423248372
0.052833214540270845,0.7717453423248372
0.052833214540270845,0.7720882386558464
0.053011404133998574,0.7720882386558464
0.053011404133998574,0.7722025374328495
0.05310049893086244,0.7722025374328495
0.05310049893086244,0.7732312264258773
0.05327868852459016,0.7732312264258773
0.05327868852459016,0.7739170190878958
0.053367783321454025,0.7739170190878958
0.053367783321454025,0.7743742141959081
0.05345687811831789,0.7743742141959081
0.05345687811831789,0.7746028117499143
0.053545972915181754,0.7746028117499143
0.053545972915181754,0.7747171105269174
0.054258731290092656,0.7747171105269174
0.054258731290092656,0.7749457080809236
0.054436920883820385,0.7749457080809236
0.054436920883820385,0.7750600068579266
0.05452601568068425,0.7750600068579266
0.05452601568068425,0.7752886044119328
0.054615110477548114,0.7752886044119328
0.054615110477548114,0.775517201965939
0.054793300071275836,0.775517201965939
0.054793300071275836,0.7756315007429421
0.054971489665003564,0.7756315007429421
0.054971489665003564,0.7757457995199452
0.05506058446186743,0.7757457995199452
0.05506058446186743,0.7762029946279575
0.05514967925873129,0.7762029946279575
0.05514967925873129,0.7763172934049606
0.055327868852459015,0.7763172934049606
0.055327868852459015,0.7765458909589668
0.05541696364932288,0.7765458909589668
0.05541696364932288,0.7770030860669791
0.055506058446186744,0.7770030860669791
0.055506058446186744,0.7772316836209853
0.055684248039914466,0.7772316836209853
0.055684248039914466,0.7774602811749914
0.05577334283677833,0.7774602811749914
0.05577334283677833,0.7775745799519945
0.055862437633642195,0.7775745799519945
0.055862437633642195,0.7776888787289976
0.05612972202423378,0.7776888787289976
0.05612972202423378,0.7778031775060007
0.05630791161796151,0.7778031775060007
0.05630791161796151,0.7780317750600069
0.05648610121168924,0.7780317750600069
0.05648610121168924,0.7784889701680192
0.056575196008553104,0.7784889701680192
0.056575196008553104,0.7786032689450223
0.05666429080541696,0.7786032689450223
0.05666429080541696,0.7790604640530346
0.056753385602280826,0.7790604640530346
0.056753385602280826,0.7794033603840439
0.05684248039914469,0.7794033603840439
0.05684248039914469,0.7803177506000686
0.056931575196008555,0.7803177506000686
0.056931575196008555,0.7805463481540748
0.05702066999287242,0.7805463481540748
0.05702066999287242,0.780889244485084
0.05719885958660014,0.780889244485084
0.05719885958660014,0.7818036347011087
0.057287954383464006,0.7818036347011087
0.057287954383464006,0.7820322322551149
0.057466143977191735,0.7820322322551149
0.057466143977191735,0.7826037261401303
0.05755523877405559,0.7826037261401303
0.05755523877405559,0.7831752200251457
0.05764433357091946,0.7831752200251457
0.05764433357091946,0.7844325065721797
0.05773342836778332,0.7844325065721797
0.05773342836778332,0.7846611041261858
0.057822523164647185,0.7846611041261858
0.057822523164647185,0.7855754943422105
0.05791161796151105,0.7855754943422105
0.05791161796151105,0.7858040918962167
0.05808980755523877,0.7858040918962167
0.05808980755523877,0.786146988227226
0.058178902352102636,0.786146988227226
0.058178902352102636,0.786261287004229
0.058357091945830365,0.786261287004229
0.058357091945830365,0.7863755857812321
0.05844618674269423,0.7863755857812321
0.05844618674269423,0.7868327808892445
0.058713471133285816,0.7868327808892445
0.058713471133285816,0.7870613784432506
0.058891660727013545,0.7870613784432506
0.058891660727013545,0.7871756772202537
0.05915894511760513,0.7871756772202537
0.05915894511760513,0.7872899759972568
0.05933713471133286,0.7872899759972568
0.05933713471133286,0.7874042747742599
0.05942622950819672,0.7874042747742599
0.05942622950819672,0.7876328723282661
0.05951532430506058,0.7876328723282661
0.05951532430506058,0.7878614698822722
0.05969351389878831,0.7878614698822722
0.05969351389878831,0.7882043662132815
0.059782608695652176,0.7882043662132815
0.059782608695652176,0.7884329637672877
0.0599607982893799,0.7884329637672877
0.0599607982893799,0.7886615613212938
0.06004989308624376,0.7886615613212938
0.06004989308624376,0.7887758600982969
0.06040627227369921,0.7887758600982969
0.06040627227369921,0.7888901588753
0.06049536707056308,0.7888901588753
0.06049536707056308,0.7890044576523031
0.060673556664290806,0.7890044576523031
0.060673556664290806,0.7893473539833123
0.06076265146115467,0.7893473539833123
0.06076265146115467,0.7899188478683278
0.06085174625801853,0.7899188478683278
0.06085174625801853,0.7900331466453309
0.06094084105488239,0.7900331466453309
0.06094084105488239,0.790147445422334
0.06102993585174626,0.790147445422334
0.06102993585174626,0.7903760429763401
0.06111903064861012,0.7903760429763401
0.06111903064861012,0.7906046405303463
0.06138631503920171,0.7906046405303463
0.06138631503920171,0.7907189393073494
0.06147540983606557,0.7907189393073494
0.06147540983606557,0.7908332380843525
0.06156450463292944,0.7908332380843525
0.06156450463292944,0.7911761344153617
0.0616535994297933,0.7911761344153617
0.0616535994297933,0.7912904331923648
0.061742694226657166,0.7912904331923648
0.061742694226657166,0.7918619270773802
0.06200997861724875,0.7918619270773802
0.06200997861724875,0.7920905246313864
0.06209907341411262,0.7920905246313864
0.06209907341411262,0.7926620185164018
0.06218816821097648,0.7926620185164018
0.06218816821097648,0.7931192136244142
0.06227726300784034,0.7931192136244142
0.06227726300784034,0.7933478111784203
0.06245545260156807,0.7933478111784203
0.06245545260156807,0.7936907075094296
0.06254454739843193,0.7936907075094296
0.06254454739843193,0.794147902617442
0.0626336421952958,0.794147902617442
0.0626336421952958,0.794262201394445
0.06272273699215966,0.794262201394445
0.06272273699215966,0.7946050977254543
0.06290092658588739,0.7946050977254543
0.06290092658588739,0.7947193965024574
0.06299002138275124,0.7947193965024574
0.06299002138275124,0.7957480854954851
0.0630791161796151,0.7957480854954851
0.0630791161796151,0.7958623842724882
0.06325730577334283,0.7958623842724882
0.06325730577334283,0.7962052806034975
0.0633464005702067,0.7962052806034975
0.0633464005702067,0.7963195793805006
0.06343549536707056,0.7963195793805006
0.06343549536707056,0.7970053720425192
0.06352459016393443,0.7970053720425192
0.06352459016393443,0.7973482683735285
0.06361368496079829,0.7973482683735285
0.06361368496079829,0.7982626585895531
0.06379187455452602,0.7982626585895531
0.06379187455452602,0.7989484512515717
0.0640591589451176,0.7989484512515717
0.0640591589451176,0.7991770488055778
0.06414825374198146,0.7991770488055778
0.06414825374198146,0.7997485426905933
0.06423734853884533,0.7997485426905933
0.06423734853884533,0.7998628414675963
0.0643264433357092,0.7998628414675963
0.0643264433357092,0.8003200365756087
0.06441553813257306,0.8003200365756087
0.06441553813257306,0.8010058292376272
0.06459372772630079,0.8010058292376272
0.06459372772630079,0.8013487255686365
0.06468282252316465,0.8013487255686365
0.06468282252316465,0.8015773231226426
0.06477191732002852,0.8015773231226426
0.06477191732002852,0.8019202194536519
0.06486101211689238,0.8019202194536519
0.06486101211689238,0.802034518230655
0.0650392017106201,0.802034518230655
0.0650392017106201,0.802148817007658
0.06512829650748396,0.802148817007658
0.06512829650748396,0.8022631157846611
0.06521739130434782,0.8022631157846611
0.06521739130434782,0.8023774145616642
0.06530648610121169,0.8023774145616642
0.06530648610121169,0.8024917133386673
0.06539558089807555,0.8024917133386673
0.06539558089807555,0.8026060121156704
0.06557377049180328,0.8026060121156704
0.06557377049180328,0.8029489084466797
0.06566286528866715,0.8029489084466797
0.06566286528866715,0.8031775060006858
0.06575196008553101,0.8031775060006858
0.06575196008553101,0.8032918047776889
0.06584105488239486,0.8032918047776889
0.06584105488239486,0.8035204023316951
0.06601924447612259,0.8035204023316951
0.06601924447612259,0.8037489998857013
0.06610833927298645,0.8037489998857013
0.06610833927298645,0.8038632986627043
0.06619743406985032,0.8038632986627043
0.06619743406985032,0.8040918962167105
0.06628652886671418,0.8040918962167105
0.06628652886671418,0.8043204937707167
0.06646471846044191,0.8043204937707167
0.06646471846044191,0.804777688878729
0.06682109764789736,0.804777688878729
0.06682109764789736,0.8048919876557321
0.06691019244476122,0.8048919876557321
0.06691019244476122,0.8050062864327352
0.06717747683535281,0.8050062864327352
0.06717747683535281,0.8052348839867414
0.06726657163221668,0.8052348839867414
0.06726657163221668,0.8054634815407475
0.06735566642908054,0.8054634815407475
0.06735566642908054,0.8055777803177506
0.06771204561653599,0.8055777803177506
0.06771204561653599,0.8059206766487599
0.06780114041339985,0.8059206766487599
0.06780114041339985,0.806149274202766
0.06789023521026372,0.806149274202766
0.06789023521026372,0.8063778717567722
0.06824661439771917,0.8063778717567722
0.06824661439771917,0.8068350668647846
0.06833570919458304,0.8068350668647846
0.06833570919458304,0.8070636644187907
0.06860299358517463,0.8070636644187907
0.06860299358517463,0.8072922619727969
0.06878118317890235,0.8072922619727969
0.06878118317890235,0.8074065607498
0.06895937277263008,0.8074065607498
0.06895937277263008,0.8076351583038062
0.06904846756949394,0.8076351583038062
0.06904846756949394,0.8083209509658247
0.0691375623663578,0.8083209509658247
0.0691375623663578,0.8088924448508401
0.06922665716322167,0.8088924448508401
0.06922665716322167,0.8091210424048463
0.06931575196008553,0.8091210424048463
0.06931575196008553,0.8094639387358555
0.0694048467569494,0.8094639387358555
0.0694048467569494,0.8098068350668648
0.06949394155381326,0.8098068350668648
0.06949394155381326,0.810035432620871
0.06958303635067713,0.810035432620871
0.06958303635067713,0.8103783289518802
0.0698503207412687,0.8103783289518802
0.0698503207412687,0.8104926277288833
0.06993941553813257,0.8104926277288833
0.06993941553813257,0.8109498228368957
0.0701176051318603,0.8109498228368957
0.0701176051318603,0.8110641216138987
0.07020669992872416,0.8110641216138987
0.07020669992872416,0.8112927191679049
0.07029579472558803,0.8112927191679049
0.07029579472558803,0.8118642130529203
0.07047398431931576,0.8118642130529203
0.07047398431931576,0.8119785118299234
0.07056307911617961,0.8119785118299234
0.07056307911617961,0.8122071093839296
0.07074126870990734,0.8122071093839296
0.07074126870990734,0.8124357069379358
0.0708303635067712,0.8124357069379358
0.0708303635067712,0.8125500057149388
0.07091945830363507,0.8125500057149388
0.07091945830363507,0.812778603268945
0.0710976478973628,0.812778603268945
0.0710976478973628,0.8130072008229512
0.07136493228795439,0.8130072008229512
0.07136493228795439,0.8131214995999543
0.07145402708481825,0.8131214995999543
0.07145402708481825,0.8135786947079666
0.07163221667854597,0.8135786947079666
0.07163221667854597,0.814035889815979
0.0718104062722737,0.814035889815979
0.0718104062722737,0.8142644873699851
0.07198859586600143,0.8142644873699851
0.07198859586600143,0.8143787861469882
0.07216678545972915,0.8143787861469882
0.07216678545972915,0.8148359812550006
0.07225588025659302,0.8148359812550006
0.07225588025659302,0.8150645788090067
0.07296863863150392,0.8150645788090067
0.07296863863150392,0.8151788775860098
0.07314682822523165,0.8151788775860098
0.07314682822523165,0.8152931763630129
0.07332501781895938,0.8152931763630129
0.07332501781895938,0.8157503714710252
0.0735032074126871,0.8157503714710252
0.0735032074126871,0.8159789690250314
0.07359230220955096,0.8159789690250314
0.07359230220955096,0.8164361641330438
0.07377049180327869,0.8164361641330438
0.07377049180327869,0.8171219567950623
0.07385958660014255,0.8171219567950623
0.07385958660014255,0.8174648531260715
0.07421596578759801,0.8174648531260715
0.07421596578759801,0.81815064578809
0.07430506058446187,0.81815064578809
0.07430506058446187,0.8183792433420962
0.07448325017818959,0.8183792433420962
0.07448325017818959,0.8189507372271116
0.07457234497505345,0.8189507372271116
0.07457234497505345,0.8190650360041147
0.07466143977191732,0.8190650360041147
0.07466143977191732,0.8191793347811178
0.07475053456878118,0.8191793347811178
0.07475053456878118,0.8192936335581209
0.07483962936564505,0.8192936335581209
0.07483962936564505,0.819407932335124
0.07501781895937278,0.819407932335124
0.07501781895937278,0.8202080237741456
0.07528510334996436,0.8202080237741456
0.07528510334996436,0.8204366213281518
0.07537419814682822,0.8204366213281518
0.07537419814682822,0.820779517659161
0.07573057733428368,0.820779517659161
0.07573057733428368,0.8208938164361641
0.07608695652173914,0.8208938164361641
0.07608695652173914,0.8210081152131672
0.076176051318603,0.8210081152131672
0.076176051318603,0.8211224139901703
0.07626514611546685,0.8211224139901703
0.07626514611546685,0.8214653103211795
0.07635424091233071,0.8214653103211795
0.07635424091233071,0.8216939078751857
0.07644333570919458,0.8216939078751857
0.07644333570919458,0.8218082066521888
0.07662152530292231,0.8218082066521888
0.07662152530292231,0.8228368956452166
0.07671062009978617,0.8228368956452166
0.07671062009978617,0.8230654931992227
0.07697790449037777,0.8230654931992227
0.07697790449037777,0.8231797919762258
0.07706699928724163,0.8231797919762258
0.07706699928724163,0.8236369870842382
0.0771560940841055,0.8236369870842382
0.0771560940841055,0.8238655846382443
0.07724518888096935,0.8238655846382443
0.07724518888096935,0.8242084809692536
0.07733428367783321,0.8242084809692536
0.07733428367783321,0.8244370785232598
0.07742337847469707,0.8244370785232598
0.07742337847469707,0.8246656760772659
0.0776015680684248,0.8246656760772659
0.0776015680684248,0.8248942736312721
0.07777975766215253,0.8248942736312721
0.07777975766215253,0.8254657675162875
0.0778688524590164,0.8254657675162875
0.0778688524590164,0.8255800662932906
0.07795794725588026,0.8255800662932906
0.07795794725588026,0.8256943650702937
0.07804704205274413,0.8256943650702937
0.07822523164647184,0.8256943650702937
0.07822523164647184,0.826151560178306
0.07849251603706343,0.826151560178306
0.07849251603706343,0.8262658589553091
0.07867070563079116,0.8262658589553091
0.07867070563079116,0.8263801577323122
0.07875980042765503,0.8263801577323122
0.07875980042765503,0.8264944565093153
0.07893799002138276,0.8264944565093153
0.07893799002138276,0.8266087552863184
0.07911617961511047,0.8266087552863184
0.07911617961511047,0.8267230540633215
0.0792943692088382,0.8267230540633215
0.0792943692088382,0.8269516516173276
0.07938346400570206,0.8269516516173276
0.07938346400570206,0.8270659503943307
0.07947255880256593,0.8270659503943307
0.07947255880256593,0.8271802491713338
0.0795616535994298,0.8271802491713338
0.0795616535994298,0.8275231455023431
0.07965074839629366,0.8275231455023431
0.07965074839629366,0.8277517430563492
0.07973984319315752,0.8277517430563492
0.07973984319315752,0.8279803406103554
0.07982893799002139,0.8279803406103554
0.07982893799002139,0.8282089381643617
0.07991803278688525,0.8282089381643617
0.07991803278688525,0.8283232369413648
0.08018531717747683,0.8283232369413648
0.08018531717747683,0.8284375357183679
0.0802744119743407,0.8284375357183679
0.0802744119743407,0.828666133272374
0.08036350677120456,0.828666133272374
0.08036350677120456,0.8287804320493771
0.08063079116179615,0.8287804320493771
0.08063079116179615,0.8288947308263802
0.08080898075552388,0.8288947308263802
0.08080898075552388,0.8290090296033833
0.08089807555238775,0.8290090296033833
0.08089807555238775,0.8293519259343926
0.08107626514611546,0.8293519259343926
0.08107626514611546,0.8296948222654018
0.08125445473984319,0.8296948222654018
0.08125445473984319,0.829923419819408
0.08134354953670705,0.829923419819408
0.08134354953670705,0.8302663161504172
0.08152173913043478,0.8302663161504172
0.08152173913043478,0.8306092124814265
0.08161083392729865,0.8306092124814265
0.08161083392729865,0.8307235112584296
0.08169992872416251,0.8307235112584296
0.08169992872416251,0.8314093039204481
0.08178902352102638,0.8314093039204481
0.08178902352102638,0.8315236026974512
0.08187811831789024,0.8315236026974512
0.08187811831789024,0.8319807978054635
0.08205630791161796,0.8319807978054635
0.08205630791161796,0.8320950965824666
0.08223449750534569,0.8320950965824666
0.08223449750534569,0.8322093953594697
0.08232359230220955,0.8322093953594697
0.08232359230220955,0.8323236941364728
0.08241268709907341,0.8323236941364728
0.08241268709907341,0.8324379929134759
0.08250178189593728,0.8324379929134759
0.08250178189593728,0.832552291690479
0.08267997148966501,0.832552291690479
0.08267997148966501,0.8331237855754944
0.08276906628652887,0.8331237855754944
0.08276906628652887,0.8332380843524975
0.08285816108339274,0.8332380843524975
0.08285816108339274,0.8333523831295006
0.08294725588025659,0.8333523831295006
0.08294725588025659,0.8334666819065036
0.08303635067712045,0.8334666819065036
0.08303635067712045,0.8336952794605098
0.08312544547398432,0.8336952794605098
0.08312544547398432,0.8342667733455252
0.08321454027084818,0.8342667733455252
0.08321454027084818,0.8343810721225283
0.08357091945830364,0.8343810721225283
0.08357091945830364,0.8346096696765345
0.0836600142551675,0.8346096696765345
0.0836600142551675,0.8347239684535376
0.08374910905203137,0.8347239684535376
0.08374910905203137,0.8351811635615499
0.08383820384889522,0.8351811635615499
0.08383820384889522,0.8354097611155561
0.08419458303635068,0.8354097611155561
0.08419458303635068,0.8356383586695623
0.0843727726300784,0.8356383586695623
0.0843727726300784,0.8357526574465654
0.08446186742694227,0.8357526574465654
0.08446186742694227,0.8358669562235684
0.08481824661439771,0.8358669562235684
0.08481824661439771,0.8360955537775746
0.08490734141126158,0.8360955537775746
0.08490734141126158,0.8363241513315808
0.08526372059871704,0.8363241513315808
0.08526372059871704,0.83666704766259
0.08544191019244476,0.83666704766259
0.08544191019244476,0.8367813464395931
0.08553100498930863,0.8367813464395931
0.08553100498930863,0.8368956452165962
0.08570919458303634,0.8368956452165962
0.08570919458303634,0.8370099439935993
0.08579828937990021,0.8370099439935993
0.08579828937990021,0.8371242427706024
0.08597647897362794,0.8371242427706024
0.08597647897362794,0.8380386329866271
0.0860655737704918,0.8380386329866271
0.0860655737704918,0.8381529317636301
0.08615466856735567,0.8381529317636301
0.08615466856735567,0.8383815293176363
0.08624376336421953,0.8383815293176363
0.08624376336421953,0.8391816207566579
0.08668923734853884,0.8391816207566579
0.08668923734853884,0.8396388158646703
0.08686742694226657,0.8396388158646703
0.08686742694226657,0.8404389073036919
0.08695652173913043,0.8404389073036919
0.08695652173913043,0.840553206080695
0.08713471133285816,0.840553206080695
0.08713471133285816,0.8407818036347011
0.08722380612972203,0.8407818036347011
0.08722380612972203,0.8408961024117042
0.08758018531717748,0.8408961024117042
0.08758018531717748,0.8411246999657104
0.08802565930149679,0.8411246999657104
0.08802565930149679,0.8413532975197165
0.08811475409836066,0.8413532975197165
0.08811475409836066,0.8420390901817351
0.08829294369208839,0.8420390901817351
0.08829294369208839,0.8421533889587381
0.08847113328581611,0.8421533889587381
0.08847113328581611,0.8424962852897474
0.08856022808267996,0.8424962852897474
0.08856022808267996,0.8428391816207567
0.08882751247327156,0.8428391816207567
0.08882751247327156,0.8429534803977597
0.08900570206699929,0.8429534803977597
0.08900570206699929,0.8430677791747628
0.08927298645759088,0.8430677791747628
0.08927298645759088,0.8434106755057721
0.08936208125445474,0.8434106755057721
0.08936208125445474,0.8435249742827752
0.08945117605131861,0.8435249742827752
0.08945117605131861,0.8437535718367813
0.08954027084818246,0.8437535718367813
0.08954027084818246,0.8439821693907875
0.08971846044191019,0.8439821693907875
0.08971846044191019,0.8440964681677906
0.08980755523877405,0.8440964681677906
0.08980755523877405,0.8442107669447937
0.08989665003563792,0.8442107669447937
0.08989665003563792,0.8444393644987999
0.08998574483250178,0.8444393644987999
0.08998574483250178,0.844667962052806
0.0904312188168211,0.844667962052806
0.0904312188168211,0.8448965596068122
0.09069850320741268,0.8448965596068122
0.09069850320741268,0.8451251571608184
0.09078759800427655,0.8451251571608184
0.09078759800427655,0.8452394559378215
0.09087669280114041,0.8452394559378215
0.09087669280114041,0.8453537547148245
0.09123307198859587,0.8453537547148245
0.09123307198859587,0.8454680534918276
0.09132216678545974,0.8454680534918276
0.09132216678545974,0.8458109498228369
0.09150035637918745,0.8458109498228369
0.09150035637918745,0.84592524859984
0.09167854597291518,0.84592524859984
0.09167854597291518,0.8462681449308492
0.09185673556664291,0.8462681449308492
0.09185673556664291,0.8466110412618585
0.0921240199572345,0.8466110412618585
0.0921240199572345,0.8467253400388616
0.09221311475409837,0.8467253400388616
0.09221311475409837,0.8469539375928677
0.09239130434782608,0.8469539375928677
0.09239130434782608,0.847296833923877
0.09248039914468995,0.847296833923877
0.09248039914468995,0.8475254314778832
0.09265858873841767,0.8475254314778832
0.09265858873841767,0.8477540290318893
0.09292587312900927,0.8477540290318893
0.09292587312900927,0.8478683278088924
0.09337134711332858,0.8478683278088924
0.09337134711332858,0.8479826265858955
0.09346044191019244,0.8479826265858955
0.09346044191019244,0.8480969253628986
0.09363863150392017,0.8480969253628986
0.09363863150392017,0.8484398216939079
0.09372772630078403,0.8484398216939079
0.09372772630078403,0.848668419247914
0.0942622950819672,0.848668419247914
0.0942622950819672,0.8487827180249171
0.09435138987883107,0.8487827180249171
0.09435138987883107,0.8488970168019202
0.0945295794725588,0.8488970168019202
0.0945295794725588,0.8490113155789233
0.09470776906628653,0.8490113155789233
0.09470776906628653,0.8492399131329295
0.0947968638631504,0.8492399131329295
0.0947968638631504,0.8495828094639387
0.0952423378474697,0.8495828094639387
0.0952423378474697,0.8498114070179449
0.09542052744119743,0.8498114070179449
0.09542052744119743,0.8500400045719511
0.09559871703492516,0.8500400045719511
0.09559871703492516,0.8503829009029603
0.09577690662865289,0.8503829009029603
0.09577690662865289,0.8504971996799634
0.09586600142551675,0.8504971996799634
0.09586600142551675,0.851297291118985
0.09595509622238062,0.851297291118985
0.09595509622238062,0.8514115898959881
0.09604419101924448,0.8514115898959881
0.09604419101924448,0.8516401874499943
0.0962223806129722,0.8516401874499943
0.0962223806129722,0.8517544862269973
0.09640057020669993,0.8517544862269973
0.09640057020669993,0.8518687850040004
0.09648966500356379,0.8518687850040004
0.09648966500356379,0.8519830837810035
0.09666785459729152,0.8519830837810035
0.09666785459729152,0.8520973825580066
0.09675694939415538,0.8520973825580066
0.09675694939415538,0.8522116813350097
0.09693513898788311,0.8522116813350097
0.09693513898788311,0.8523259801120128
0.09755880256593015,0.8523259801120128
0.09755880256593015,0.8525545776660189
0.09764789736279401,0.8525545776660189
0.09764789736279401,0.852668876443022
0.09773699215965788,0.852668876443022
0.09773699215965788,0.8527831752200251
0.09782608695652174,0.8527831752200251
0.09782608695652174,0.8534689678820436
0.09791518175338561,0.8534689678820436
0.09791518175338561,0.8538118642130529
0.09836065573770492,0.8538118642130529
0.09836065573770492,0.853926162990056
0.09862794012829651,0.853926162990056
0.09862794012829651,0.8541547605440621
0.09871703492516037,0.8541547605440621
0.09871703492516037,0.8542690593210652
0.0988952245188881,0.8542690593210652
0.0988952245188881,0.8543833580980683
0.09898431931575195,0.8543833580980683
0.09898431931575195,0.8550691507600868
0.09907341411261582,0.8550691507600868
0.09907341411261582,0.855297748314093
0.09916250890947968,0.855297748314093
0.09916250890947968,0.8556406446451023
0.09934069850320741,0.8556406446451023
0.09934069850320741,0.8560978397531146
0.09942979330007128,0.8560978397531146
0.09942979330007128,0.8563264373071208
0.09951888809693514,0.8563264373071208
0.09951888809693514,0.8565550348611269
0.09969707769066287,0.8565550348611269
0.09969707769066287,0.85666933363813
0.09996436208125445,0.85666933363813
0.09996436208125445,0.8570122299691393
0.10023164647184604,0.8570122299691393
0.10023164647184604,0.8571265287461424
0.10049893086243764,0.8571265287461424
0.10049893086243764,0.8574694250771516
0.10076621525302923,0.8574694250771516
0.10076621525302923,0.8575837238541547
0.10094440484675694,0.8575837238541547
0.10094440484675694,0.8576980226311578
0.10112259444048467,0.8576980226311578
0.10112259444048467,0.857926620185164
0.10121168923734854,0.857926620185164
0.10121168923734854,0.858040918962167
0.10138987883107627,0.858040918962167
0.10138987883107627,0.8582695165161732
0.10147897362794013,0.8582695165161732
0.10147897362794013,0.8586124128471825
0.101568068424804,0.8586124128471825
0.101568068424804,0.8587267116241856
0.10165716322166786,0.8587267116241856
0.10165716322166786,0.8590696079551948
0.10174625801853172,0.8590696079551948
0.10174625801853172,0.8591839067321979
0.10210263720598717,0.8591839067321979
0.10210263720598717,0.8595268030632073
0.1022808267997149,0.8595268030632073
0.1022808267997149,0.8596411018402104
0.10236992159657876,0.8596411018402104
0.10236992159657876,0.8597554006172134
0.10254811119030649,0.8597554006172134
0.10254811119030649,0.8600982969482227
0.10272630078403422,0.8600982969482227
0.10272630078403422,0.8602125957252258
0.10281539558089807,0.8602125957252258
0.10281539558089807,0.860441193279232
0.10290449037776193,0.860441193279232
0.10290449037776193,0.860555492056235
0.1029935851746258,0.860555492056235
0.1029935851746258,0.8606697908332381
0.10326086956521739,0.8606697908332381
0.10326086956521739,0.8608983883872443
0.10334996436208126,0.8608983883872443
0.10334996436208126,0.8612412847182536
0.10352815395580899,0.8612412847182536
0.10352815395580899,0.8615841810492628
0.1037063435495367,0.8615841810492628
0.1037063435495367,0.8619270773802721
0.10406272273699216,0.8619270773802721
0.10406272273699216,0.8621556749342782
0.10415181753385602,0.8621556749342782
0.10415181753385602,0.8622699737112813
0.10424091233071989,0.8622699737112813
0.10424091233071989,0.8623842724882844
0.10459729151817534,0.8623842724882844
0.10459729151817534,0.8626128700422906
0.10477548111190306,0.8626128700422906
0.10477548111190306,0.8628414675962968
0.10486457590876692,0.8628414675962968
0.10486457590876692,0.8629557663732998
0.10495367070563079,0.8629557663732998
0.10495367070563079,0.8630700651503029
0.10531004989308625,0.8630700651503029
0.10531004989308625,0.863184363927306
0.10548823948681398,0.863184363927306
0.10548823948681398,0.8634129614813122
0.10557733428367784,0.8634129614813122
0.10557733428367784,0.8642130529203338
0.10566642908054169,0.8642130529203338
0.10566642908054169,0.86444165047434
0.10575552387740556,0.86444165047434
0.10575552387740556,0.864555949251343
0.10584461867426942,0.864555949251343
0.10584461867426942,0.8646702480283461
0.10602280826799715,0.8646702480283461
0.10602280826799715,0.8647845468053492
0.10611190306486101,0.8647845468053492
0.10611190306486101,0.8648988455823523
0.1063791874554526,0.8648988455823523
0.1063791874554526,0.8652417419133616
0.10646828225231647,0.8652417419133616
0.10646828225231647,0.8654703394673677
0.10664647184604419,0.8654703394673677
0.10664647184604419,0.8655846382443708
0.10682466143977191,0.8655846382443708
0.10682466143977191,0.8660418333523832
0.10691375623663578,0.8660418333523832
0.10691375623663578,0.8664990284603955
0.10709194583036351,0.8664990284603955
0.10709194583036351,0.8667276260144017
0.10798289379900214,0.8667276260144017
0.10798289379900214,0.8669562235684078
0.10816108339272987,0.8669562235684078
0.10816108339272987,0.867184821122414
0.10825017818959373,0.867184821122414
0.10825017818959373,0.8674134186764202
0.10851746258018531,0.8674134186764202
0.10851746258018531,0.8675277174534233
0.10869565217391304,0.8675277174534233
0.10869565217391304,0.8677563150074294
0.1087847469707769,0.8677563150074294
0.1087847469707769,0.8679849125614356
0.10896293656450463,0.8679849125614356
0.10896293656450463,0.8680992113384387
0.10914112615823236,0.8680992113384387
0.10914112615823236,0.8683278088924449
0.11012116892373486,0.8683278088924449
0.11012116892373486,0.868442107669448
0.11021026372059872,0.868442107669448
0.11021026372059872,0.868556406446451
0.11038845331432644,0.868556406446451
0.11065573770491803,0.8688993027774603
0.1107448325017819,0.8688993027774603
0.1107448325017819,0.8693564978854726
0.11083392729864576,0.8693564978854726
0.11083392729864576,0.8694707966624757
0.11127940128296507,0.8694707966624757
0.11127940128296507,0.869813692993485
0.11190306486101212,0.869813692993485
0.11190306486101212,0.8699279917704881
0.11199215965787598,0.8699279917704881
0.11199215965787598,0.8700422905474912
0.11217034925160371,0.8700422905474912
0.11217034925160371,0.8702708881014973
0.11234853884533143,0.8702708881014973
0.11234853884533143,0.8703851868785004
0.11306129722024234,0.8703851868785004
0.11306129722024234,0.8704994856555035
0.11341767640769779,0.8704994856555035
0.11341767640769779,0.8709566807635158
0.11359586600142552,0.8709566807635158
0.11359586600142552,0.871185278317522
0.11377405559515325,0.871185278317522
0.11377405559515325,0.8714138758715282
0.11386315039201711,0.8714138758715282
0.11386315039201711,0.8715281746485313
0.11395224518888097,0.8715281746485313
0.11395224518888097,0.8717567722025374
0.11413043478260869,0.8717567722025374
0.11413043478260869,0.8718710709795405
0.11421952957947255,0.8718710709795405
0.11421952957947255,0.8719853697565436
0.1148431931575196,0.8719853697565436
0.1148431931575196,0.8720996685335467
0.11493228795438347,0.8720996685335467
0.11537776193870278,0.872442564864556
0.11537776193870278,0.872556863641559
0.11546685673556664,0.872556863641559
0.1155559515324305,0.8726711624185621
0.11564504632929437,0.8726711624185621
0.11564504632929437,0.8730140587495714
0.1158232359230221,0.8730140587495714
0.1158232359230221,0.8731283575265745
0.11591233071988596,0.8731283575265745
0.11591233071988596,0.8732426563035776
0.11609052031361368,0.8732426563035776
0.11609052031361368,0.8733569550805806
0.11617961511047754,0.8733569550805806
0.11617961511047754,0.8734712538575837
0.11635780470420527,0.8734712538575837
0.11635780470420527,0.8735855526345868
0.11671418389166073,0.8735855526345868
0.11671418389166073,0.8736998514115899
0.1168032786885246,0.8736998514115899
0.1168032786885246,0.8740427477425992
0.11698146828225231,0.8740427477425992
0.11698146828225231,0.8746142416276146
0.1172487526728439,0.8746142416276146
0.1172487526728439,0.8747285404046177
0.11760513186029936,0.8747285404046177
0.11760513186029936,0.8748428391816208
0.11778332145402709,0.8748428391816208
0.11778332145402709,0.8749571379586238
0.11787241625089095,0.8749571379586238
0.11787241625089095,0.8750714367356269
0.11813970064148253,0.8750714367356269
0.11813970064148253,0.87518573551263
0.11858517462580186,0.87518573551263
0.11858517462580186,0.8753000342896331
0.11867426942266572,0.8753000342896331
0.11867426942266572,0.8754143330666362
0.11876336421952959,0.8754143330666362
0.11876336421952959,0.8756429306206424
0.11929793300071276,0.8756429306206424
0.11929793300071276,0.8757572293976454
0.11938702779757662,0.8757572293976454
0.11938702779757662,0.8758715281746485
0.11956521739130435,0.8758715281746485
0.11956521739130435,0.8759858269516516
0.11974340698503208,0.8759858269516516
0.11974340698503208,0.8762144245056578
0.1199215965787598,0.8762144245056578
0.1199215965787598,0.8763287232826609
0.12001069137562366,0.8763287232826609
0.12001069137562366,0.876443022059664
0.12045616535994298,0.876443022059664
0.12045616535994298,0.876557320836667
0.12063435495367071,0.876557320836667
0.12063435495367071,0.8766716196136701
0.12116892373485388,0.8766716196136701
0.12116892373485388,0.8767859183906732
0.12143620812544548,0.8767859183906732
0.12143620812544548,0.8770145159446794
0.12152530292230934,0.8770145159446794
0.12152530292230934,0.8773574122756886
0.12170349251603706,0.8773574122756886
0.12170349251603706,0.8774717110526917
0.12179258731290092,0.8774717110526917
0.12179258731290092,0.8779289061607041
0.12197077690662865,0.8779289061607041
0.12197077690662865,0.8781575037147102
0.12214896650035638,0.8781575037147102
0.12214896650035638,0.8785004000457195
0.12223806129722024,0.8785004000457195
0.12223806129722024,0.8787289975997257
0.12232715609408411,0.8787289975997257
0.12232715609408411,0.8788432963767288
0.12241625089094797,0.8788432963767288
0.12241625089094797,0.8790718939307349
0.12268353528153955,0.8790718939307349
0.12268353528153955,0.8796433878157504
0.12295081967213115,0.8796433878157504
0.12295081967213115,0.8798719853697565
0.12303991446899501,0.8798719853697565
0.12303991446899501,0.8801005829237627
0.1233071988595866,0.8801005829237627
0.1233071988595866,0.880443479254772
0.12339629365645047,0.880443479254772
0.12339629365645047,0.8806720768087781
0.12348538845331433,0.8806720768087781
0.12348538845331433,0.8809006743627843
0.1235744832501782,0.8809006743627843
0.1235744832501782,0.8810149731397874
0.12366357804704205,0.8810149731397874
0.12366357804704205,0.8811292719167905
0.12384176764076978,0.8811292719167905
0.12384176764076978,0.8813578694707966
0.1242872416250891,0.8813578694707966
0.1242872416250891,0.8815864670248028
0.12455452601568068,0.8815864670248028
0.12455452601568068,0.8817007658018059
0.12464362081254454,0.8817007658018059
0.12464362081254454,0.881815064578809
0.1247327156094084,0.881815064578809
0.1247327156094084,0.8819293633558121
0.12482181040627227,0.8819293633558121
0.12482181040627227,0.8820436621328152
0.125,0.8820436621328152
0.125,0.8821579609098182
0.12517818959372773,0.8821579609098182
0.12517818959372773,0.8822722596868213
0.1252672843905916,0.8826151560178306
0.1252672843905916,0.8828437535718368
0.12544547398431932,0.8828437535718368
0.12544547398431932,0.8829580523488398
0.12562366357804705,0.8829580523488398
0.12562366357804705,0.8830723511258429
0.12589094796863864,0.8830723511258429
0.12589094796863864,0.8833009486798491
0.12598004276550248,0.8833009486798491
0.12598004276550248,0.8834152474568522
0.12606913756236635,0.8834152474568522
0.12606913756236635,0.8835295462338553
0.1261582323592302,0.8835295462338553
0.1261582323592302,0.8836438450108584
0.12633642195295794,0.8836438450108584
0.12633642195295794,0.8838724425648645
0.126960085531005,0.8838724425648645
0.126960085531005,0.8839867413418676
0.12731646471846045,0.8839867413418676
0.12731646471846045,0.8843296376728769
0.12749465431218818,0.8843296376728769
0.12749465431218818,0.8846725340038861
0.1278510334996436,0.8846725340038861
0.1278510334996436,0.8849011315578923
0.12794012829650747,0.8849011315578923
0.12794012829650747,0.8850154303348954
0.12820741268709906,0.8850154303348954
0.12820741268709906,0.8851297291118985
0.12829650748396293,0.8851297291118985
0.12829650748396293,0.8852440278889016
0.1286528866714184,0.8852440278889016
0.1286528866714184,0.8853583266659046
0.12874198146828225,0.8853583266659046
0.12874198146828225,0.8854726254429077
0.12918745545260157,0.8854726254429077
0.12918745545260157,0.8860441193279232
0.12927655024946544,0.8860441193279232
0.12927655024946544,0.8861584181049262
0.1293656450463293,0.8861584181049262
0.1293656450463293,0.8863870156589324
0.12945473984319317,0.8863870156589324
0.12945473984319317,0.8866156132129386
0.1296329294369209,0.8866156132129386
0.1296329294369209,0.8867299119899417
0.1298111190306486,0.8867299119899417
0.1298111190306486,0.8868442107669448
0.12998930862437633,0.8868442107669448
0.12998930862437633,0.8869585095439478
0.13016749821810406,0.8869585095439478
0.13016749821810406,0.8870728083209509
0.13088025659301497,0.8870728083209509
0.13088025659301497,0.8873014058749571
0.13096935138987884,0.8873014058749571
0.13096935138987884,0.8875300034289633
0.1310584461867427,0.8875300034289633
0.1310584461867427,0.8876443022059664
0.13194939415538132,0.8876443022059664
0.13194939415538132,0.8877586009829694
0.13212758374910905,0.8877586009829694
0.13212758374910905,0.888444393644988
0.13257305773342837,0.888444393644988
0.13257305773342837,0.888558692421991
0.13337491090520315,0.888558692421991
0.13337491090520315,0.8886729911989941
0.133464005702067,0.8886729911989941
0.133464005702067,0.8887872899759972
0.13355310049893085,0.8887872899759972
0.13355310049893085,0.8889015887530003
0.13399857448325017,0.8889015887530003
0.13399857448325017,0.8890158875300034
0.1341767640769779,0.8890158875300034
0.1341767640769779,0.8894730826380157
0.1344440484675695,0.8894730826380157
0.1347113328581611,0.8899302777460281
0.1347113328581611,0.8900445765230312
0.13480042765502495,0.8900445765230312
0.13480042765502495,0.8903874728540404
0.13497861724875268,0.8903874728540404
0.13497861724875268,0.8905017716310435
0.13524590163934427,0.8905017716310435
0.13524590163934427,0.8906160704080466
0.13551318602993584,0.8906160704080466
0.13551318602993584,0.8908446679620529
0.1356022808267997,0.8908446679620529
0.1356022808267997,0.890958966739056
0.1358695652173913,0.890958966739056
0.1358695652173913,0.891073265516059
0.13631503920171062,0.891073265516059
0.13631503920171062,0.8911875642930621
0.13640413399857448,0.8911875642930621
0.13640413399857448,0.8913018630700652
0.13649322879543835,0.8913018630700652
0.13649322879543835,0.8914161618470683
0.1365823235923022,0.8914161618470683
0.1365823235923022,0.8915304606240714
0.13667141838916608,0.8915304606240714
0.13667141838916608,0.8916447594010745
0.13676051318602994,0.8916447594010745
0.13676051318602994,0.8917590581780775
0.1368496079828938,0.8917590581780775
0.1368496079828938,0.8918733569550806
0.13693870277975767,0.8918733569550806
0.13693870277975767,0.892330552063093
0.1371168923734854,0.892330552063093
0.1371168923734854,0.8927877471711053
0.13720598717034926,0.8927877471711053
0.13720598717034926,0.8929020459481084
0.13729508196721313,0.8929020459481084
0.13729508196721313,0.8930163447251115
0.13747327156094083,0.8930163447251115
0.13747327156094083,0.8931306435021146
0.13774055595153242,0.8931306435021146
0.13774055595153242,0.8932449422791177
0.13791874554526015,0.8932449422791177
0.13791874554526015,0.8933592410561207
0.13800784034212402,0.8933592410561207
0.13800784034212402,0.8938164361641331
0.13809693513898788,0.8938164361641331
0.13809693513898788,0.8939307349411362
0.13836421952957947,0.8939307349411362
0.13836421952957947,0.8940450337181393
0.13845331432644334,0.8940450337181393
0.13872059871703493,0.8942736312721454
0.13872059871703493,0.8943879300491485
0.1388096935138988,0.8943879300491485
0.1388096935138988,0.8945022288261516
0.13898788310762653,0.8945022288261516
0.13898788310762653,0.8947308263801578
0.1390769779044904,0.8947308263801578
0.1390769779044904,0.8948451251571609
0.13952245188880968,0.8948451251571609
0.13952245188880968,0.894959423934164
0.13978973627940128,0.894959423934164
0.13978973627940128,0.895073722711167
0.13987883107626514,0.895073722711167
0.13987883107626514,0.8953023202651732
0.139967925873129,0.8953023202651732
0.139967925873129,0.8954166190421763
0.14014611546685674,0.8954166190421763
0.14014611546685674,0.8955309178191794
0.1405024946543122,0.8955309178191794
0.1405024946543122,0.8956452165961825
0.14059158945117606,0.8956452165961825
0.14059158945117606,0.8957595153731855
0.14103706343549538,0.8957595153731855
0.14103706343549538,0.8958738141501886
0.14121525302922308,0.8958738141501886
0.14121525302922308,0.8964453080352041
0.1413934426229508,0.8964453080352041
0.1413934426229508,0.8965596068122071
0.14157163221667854,0.8965596068122071
0.14157163221667854,0.8970168019202195
0.1416607270135424,0.8970168019202195
0.1416607270135424,0.8974739970282318
0.14183891660727013,0.8974739970282318
0.14183891660727013,0.8975882958052349
0.14228439059158945,0.8975882958052349
0.14228439059158945,0.8978168933592411
0.14246258018531718,0.8978168933592411
0.14246258018531718,0.8979311921362442
0.14272986457590878,0.8979311921362442
0.14272986457590878,0.8980454909132473
0.14326443335709194,0.8980454909132473
0.14326443335709194,0.8981597896902503
0.1433535281539558,0.8981597896902503
0.1433535281539558,0.8986169847982627
0.14344262295081966,0.8986169847982627
0.14344262295081966,0.8988455823522689
0.14353171774768353,0.8988455823522689
0.14353171774768353,0.899074179906275
0.14397719173200285,0.899074179906275
0.14397719173200285,0.8991884786832781
0.14468995010691377,0.8991884786832781
0.14468995010691377,0.8993027774602812
0.14477904490377763,0.8993027774602812
0.14477904490377763,0.8994170762372843
0.1450463292943692,0.8994170762372843
0.1450463292943692,0.8996456737912905
0.14540270848182466,0.8996456737912905
0.14540270848182466,0.8997599725682935
0.14549180327868852,0.8997599725682935
0.14549180327868852,0.8998742713452966
0.14638275124732716,0.8998742713452966
0.14638275124732716,0.8999885701222997
0.14647184604419103,0.8999885701222997
0.14647184604419103,0.9001028688993028
0.1465609408410549,0.9001028688993028
0.1465609408410549,0.9004457652303121
0.14682822523164646,0.9004457652303121
0.14682822523164646,0.9007886615613213
0.14736279401282965,0.9007886615613213
0.14736279401282965,0.9010172591153275
0.14763007840342124,0.9010172591153275
0.14763007840342124,0.9013601554463367
0.1477191732002851,0.9013601554463367
0.1477191732002851,0.9014744542233398
0.14780826799714897,0.9014744542233398
0.14780826799714897,0.9018173505543491
0.14789736279401283,0.9018173505543491
0.14789736279401283,0.9019316493313522
0.1479864575908767,0.9019316493313522
0.1479864575908767,0.9020459481083553
0.14807555238774056,0.9020459481083553
0.14807555238774056,0.9023888444393645
0.14816464718460443,0.9023888444393645
0.14816464718460443,0.9025031432163676
0.14834283677833215,0.9025031432163676
0.14834283677833215,0.9026174419933707
0.14861012116892375,0.9026174419933707
0.14861012116892375,0.9027317407703738
0.14869921596578758,0.9027317407703738
0.14869921596578758,0.9029603383243799
0.14878831076265145,0.9029603383243799
0.14878831076265145,0.903074637101383
0.1488774055595153,0.903074637101383
0.1488774055595153,0.9031889358783861
0.1491446899501069,0.9031889358783861
0.1491446899501069,0.9033032346553892
0.14923378474697077,0.9033032346553892
0.14923378474697077,0.9035318322093954
0.14959016393442623,0.9035318322093954
0.14959016393442623,0.9036461309863985
0.15030292230933714,0.9036461309863985
0.15030292230933714,0.9037604297634015
0.15048111190306487,0.9037604297634015
0.15048111190306487,0.9038747285404046
0.1505702066999287,0.9038747285404046
0.1505702066999287,0.9041033260944108
0.15074839629365644,0.9041033260944108
0.15074839629365644,0.9042176248714139
0.15128296507483963,0.9042176248714139
0.15128296507483963,0.904331923648417
0.1513720598717035,0.904331923648417
0.1513720598717035,0.9045605212024231
0.15155024946543122,0.9045605212024231
0.15155024946543122,0.9046748199794262
0.15190662865288668,0.9046748199794262
0.15190662865288668,0.9053606126414447
0.15199572344975054,0.9053606126414447
0.15199572344975054,0.9054749114184478
0.1525302922309337,0.9054749114184478
0.1525302922309337,0.9055892101954509
0.1527975766215253,0.9055892101954509
0.1527975766215253,0.905703508972454
0.15297576621525302,0.905703508972454
0.15297576621525302,0.9058178077494571
0.1530648610121169,0.9058178077494571
0.1530648610121169,0.9059321065264602
0.15324305060584462,0.9059321065264602
0.15324305060584462,0.9060464053034633
0.15333214540270848,0.9060464053034633
0.15333214540270848,0.9062750028574694
0.1535103349964362,0.9062750028574694
0.1535103349964362,0.9065036004114756
0.15359942979330007,0.9065036004114756
0.15359942979330007,0.9067321979654818
0.15368852459016394,0.9067321979654818
0.15368852459016394,0.9069607955194879
0.15422309337134713,0.9069607955194879
0.15422309337134713,0.907075094296491
0.1544903777619387,0.907075094296491
0.1544903777619387,0.9071893930734941
0.15511404133998574,0.9071893930734941
0.15511404133998574,0.9074179906275003
0.15538132573057734,0.9074179906275003
0.15538132573057734,0.9076465881815065
0.1554704205274412,0.9076465881815065
0.1554704205274412,0.9077608869585095
0.1557377049180328,0.9077608869585095
0.1557377049180328,0.9078751857355126
0.15609408410548825,0.9078751857355126
0.15609408410548825,0.9081037832895188
0.15627227369921595,0.9081037832895188
0.15627227369921595,0.908332380843525
0.15636136849607982,0.908332380843525
0.15636136849607982,0.9085609783975311
0.1566286528866714,0.9085609783975311
0.1566286528866714,0.9086752771745342
0.1571632216678546,0.9086752771745342
0.1571632216678546,0.9089038747285404
0.15725231646471846,0.9089038747285404
0.15725231646471846,0.9090181735055435
0.15751960085531005,0.9090181735055435
0.15751960085531005,0.9093610698365527
0.15769779044903778,0.9093610698365527
0.15769779044903778,0.9095896673905589
0.15823235923022094,0.9095896673905589
0.15823235923022094,0.909703966167562
0.15849964362081254,0.909703966167562
0.15849964362081254,0.9098182649445651
0.15876692801140413,0.9098182649445651
0.15876692801140413,0.9099325637215682
0.1591233071988596,0.9099325637215682
0.1591233071988596,0.9100468624985713
0.15947968638631504,0.9100468624985713
0.15947968638631504,0.9102754600525774
0.15965787598004277,0.9102754600525774
0.15965787598004277,0.9103897588295805
0.1602815395580898,0.9103897588295805
0.1602815395580898,0.9105040576065836
0.1612615823235923,0.9105040576065836
0.1612615823235923,0.9106183563835867
0.16188524590163936,0.9106183563835867
0.16188524590163936,0.9107326551605898
0.16241981468282252,0.9107326551605898
0.16241981468282252,0.9108469539375929
0.16277619387027797,0.9108469539375929
0.16277619387027797,0.9109612527145959
0.16286528866714184,0.9109612527145959
0.16286528866714184,0.911075551491599
0.1634889522451889,0.911075551491599
0.1634889522451889,0.9113041490456052
0.16420171062009978,0.9113041490456052
0.16420171062009978,0.9114184478226083
0.16429080541696364,0.9114184478226083
0.16429080541696364,0.9115327465996114
0.16446899501069137,0.9115327465996114
0.16446899501069137,0.9116470453766145
0.16455808980755524,0.9116470453766145
0.16455808980755524,0.9117613441536175
0.16482537419814683,0.9117613441536175
0.16482537419814683,0.9119899417076237
0.16500356379187456,0.9119899417076237
0.16500356379187456,0.9121042404846268
0.16509265858873842,0.9121042404846268
0.16509265858873842,0.9122185392616299
0.1651817533856023,0.9122185392616299
0.1651817533856023,0.9125614355926391
0.16598360655737704,0.9125614355926391
0.16598360655737704,0.9126757343696422
0.16678545972915182,0.9126757343696422
0.16678545972915182,0.9127900331466453
0.16687455452601568,0.9127900331466453
0.16687455452601568,0.9129043319236484
0.16767640769779044,0.9129043319236484
0.16767640769779044,0.9130186307006515
0.16821097647897362,0.9130186307006515
0.16821097647897362,0.9132472282546577
0.1683000712758375,0.9132472282546577
0.1683000712758375,0.9133615270316607
0.16838916607270135,0.9133615270316607
0.16838916607270135,0.9135901245856669
0.1690128296507484,0.9135901245856669
0.1690128296507484,0.91370442336267
0.1707056307911618,0.91370442336267
0.1707056307911618,0.9138187221396731
0.1709729151817534,0.9138187221396731
0.1709729151817534,0.9142759172476854
0.17159657875980042,0.9142759172476854
0.17159657875980042,0.9143902160246885
0.17177476835352815,0.9143902160246885
0.17177476835352815,0.9145045148016916
0.1721311475409836,0.9145045148016916
0.1721311475409836,0.9146188135786947
0.17248752672843906,0.9146188135786947
0.17248752672843906,0.9147331123556978
0.1726657163221668,0.9147331123556978
0.1726657163221668,0.9149617099097039
0.17320028510334998,0.9149617099097039
0.17320028510334998,0.9151903074637101
0.17364575908766927,0.9151903074637101
0.17364575908766927,0.9153046062407132
0.17373485388453314,0.9153046062407132
0.17373485388453314,0.9154189050177163
0.173823948681397,0.9154189050177163
0.173823948681397,0.9155332037947194
0.17400213827512473,0.9155332037947194
0.17400213827512473,0.9157618013487255
0.17426942266571632,0.9157618013487255
0.17426942266571632,0.9158761001257286
0.1743585174625802,0.9158761001257286
0.1743585174625802,0.9162189964567379
0.17444761225944405,0.9162189964567379
0.17444761225944405,0.916333295233741
0.17453670705630792,0.916333295233741
0.17453670705630792,0.916447594010744
0.17462580185317178,0.916447594010744
0.17462580185317178,0.9165618927877471
0.17498218104062724,0.9165618927877471
0.17498218104062724,0.9166761915647502
0.17533856022808267,0.9166761915647502
0.17533856022808267,0.9169047891187564
0.17569493941553813,0.9169047891187564
0.17569493941553813,0.9171333866727626
0.17605131860299358,0.9171333866727626
0.17605131860299358,0.9172476854497656
0.1764967925873129,0.9172476854497656
0.1764967925873129,0.9174762830037718
0.17667498218104064,0.9174762830037718
0.17667498218104064,0.9175905817807749
0.17685317177476836,0.9175905817807749
0.17685317177476836,0.9179334781117842
0.17694226657163223,0.9179334781117842
0.17694226657163223,0.9180477768887872
0.17738774055595152,0.9180477768887872
0.17738774055595152,0.9181620756657903
0.17756593014967925,0.9181620756657903
0.17756593014967925,0.9186192707738027
0.1779223093371347,0.9186192707738027
0.1779223093371347,0.9188478683278088
0.17810049893086244,0.9188478683278088
0.17810049893086244,0.9189621671048119
0.1784568781183179,0.9189621671048119
0.1784568781183179,0.9191907646588181
0.17899144689950106,0.9191907646588181
0.17899144689950106,0.9193050634358212
0.17908054169636492,0.9193050634358212
0.17908054169636492,0.9195336609898274
0.17970420527441197,0.9195336609898274
0.17970420527441197,0.9196479597668304
0.17997148966500356,0.9196479597668304
0.17997148966500356,0.9197622585438335
0.18023877405559516,0.9197622585438335
0.18023877405559516,0.9198765573208366
0.1804169636493229,0.9198765573208366
0.1804169636493229,0.9199908560978397
0.18050605844618675,0.9199908560978397
0.18050605844618675,0.9201051548748428
0.18077334283677834,0.9201051548748428
0.18077334283677834,0.9202194536518459
0.18112972202423377,0.9202194536518459
0.18112972202423377,0.920333752428849
0.18121881682109764,0.920333752428849
0.18121881682109764,0.920448051205852
0.18148610121168923,0.920448051205852
0.18148610121168923,0.9205623499828551
0.1815751960085531,0.9205623499828551
0.1815751960085531,0.9206766487598582
0.18175338560228083,0.9206766487598582
0.18175338560228083,0.9210195450908675
0.1818424803991447,0.9210195450908675
0.1818424803991447,0.9212481426448736
0.18273342836778333,0.9212481426448736
0.18273342836778333,0.9213624414218767
0.18291161796151104,0.9213624414218767
0.18291161796151104,0.9214767401988798
0.18335709194583036,0.9214767401988798
0.18335709194583036,0.9215910389758829
0.18344618674269422,0.9215910389758829
0.18344618674269422,0.921705337752886
0.1835352815395581,0.921705337752886
0.1835352815395581,0.9218196365298891
0.184248039914469,0.9218196365298891
0.184248039914469,0.9219339353068923
0.1846935138987883,0.9219339353068923
0.1846935138987883,0.9220482340838954
0.18513898788310762,0.9220482340838954
0.18513898788310762,0.9221625328608984
0.18522808267997148,0.9221625328608984
0.18522808267997148,0.9222768316379015
0.18531717747683535,0.9222768316379015
0.18531717747683535,0.9225054291919077
0.18549536707056308,0.9225054291919077
0.18549536707056308,0.9227340267459139
0.1859408410548824,0.9227340267459139
0.1859408410548824,0.922848325522917
0.18602993585174626,0.922848325522917
0.18602993585174626,0.92296262429992
0.18700997861724875,0.92296262429992
0.18700997861724875,0.9230769230769231
0.1873663578047042,0.9230769230769231
0.1873663578047042,0.9231912218539262
0.18745545260156807,0.9231912218539262
0.18745545260156807,0.9233055206309293
0.1876336421952958,0.9233055206309293
0.1876336421952958,0.9234198194079324
0.18807911617961512,0.9234198194079324
0.18807911617961512,0.9235341181849355
0.18816821097647898,0.9235341181849355
0.18816821097647898,0.9237627157389416
0.1883464005702067,0.9237627157389416
0.1883464005702067,0.9238770145159447
0.18914825374198146,0.9238770145159447
0.18914825374198146,0.9239913132929478
0.18968282252316465,0.9239913132929478
0.18968282252316465,0.9243342096239571
0.18986101211689238,0.9243342096239571
0.18986101211689238,0.9244485084009602
0.19021739130434784,0.9244485084009602
0.19021739130434784,0.9245628071779632
0.19137562366357805,0.9245628071779632
0.19137562366357805,0.9250200022859756
0.19191019244476124,0.9250200022859756
0.19191019244476124,0.9251343010629787
0.19262295081967212,0.9251343010629787
0.19262295081967212,0.9254771973939879
0.192712045616536,0.9254771973939879
0.192712045616536,0.9257057949479941
0.19280114041339985,0.9257057949479941
0.19280114041339985,0.9258200937249972
0.19289023521026372,0.9258200937249972
0.19289023521026372,0.9260486912790034
0.19431575196008552,0.9260486912790034
0.19431575196008552,0.9261629900560064
0.19440484675694938,0.9261629900560064
0.19440484675694938,0.9262772888330095
0.1945830363506771,0.9262772888330095
0.1945830363506771,0.9263915876100126
0.1948503207412687,0.9263915876100126
0.1948503207412687,0.9265058863870157
0.19556307911617962,0.9265058863870157
0.19556307911617962,0.9267344839410219
0.19574126870990735,0.9267344839410219
0.19574126870990735,0.926848782718025
0.19583036350677122,0.926848782718025
0.19583036350677122,0.926963081495028
0.19618674269422665,0.926963081495028
0.19618674269422665,0.9270773802720311
0.1965431218816821,0.9270773802720311
0.1965431218816821,0.9271916790490342
0.19663221667854597,0.9271916790490342
0.19663221667854597,0.9273059778260373
0.1987704918032787,0.9273059778260373
0.1987704918032787,0.9276488741570466
0.19885958660014255,0.9276488741570466
0.19885958660014255,0.9277631729340496
0.19894868139700642,0.9277631729340496
0.19894868139700642,0.9278774717110527
0.19912687099073414,0.9278774717110527
0.19912687099073414,0.9279917704880558
0.1994832501781896,0.9279917704880558
0.1994832501781896,0.9281060692650589
0.19957234497505347,0.9281060692650589
0.19957234497505347,0.928220368042062
0.20037419814682822,0.928220368042062
0.20037419814682822,0.9283346668190651
0.2009087669280114,0.9283346668190651
0.2009087669280114,0.9286775631500743
0.20108695652173914,0.9286775631500743
0.20108695652173914,0.9287918619270774
0.20126514611546686,0.9287918619270774
0.20126514611546686,0.9289061607040805
0.20224518888096935,0.9289061607040805
0.20224518888096935,0.9291347582580867
0.20242337847469707,0.9291347582580867
0.20242337847469707,0.9292490570350898
0.2028688524590164,0.9292490570350898
0.2028688524590164,0.9293633558120928
0.203136136849608,0.9293633558120928
0.203136136849608,0.9294776545890959
0.20340342124019958,0.9294776545890959
0.20340342124019958,0.929591953366099
0.203759800427655,0.929591953366099
0.203759800427655,0.9297062521431021
0.20411617961511047,0.9297062521431021
0.20411617961511047,0.9298205509201052
0.20420527441197434,0.9298205509201052
0.20420527441197434,0.9300491484741114
0.20447255880256593,0.9300491484741114
0.20447255880256593,0.9302777460281175
0.20473984319315752,0.9302777460281175
0.20473984319315752,0.9303920448051206
0.20509622238061298,0.9303920448051206
0.20509622238061298,0.9305063435821237
0.20607626514611546,0.9305063435821237
0.20607626514611546,0.9306206423591268
0.20616535994297933,0.9306206423591268
0.20616535994297933,0.9307349411361299
0.20634354953670705,0.9307349411361299
0.20634354953670705,0.930849239913133
0.2066999287241625,0.930849239913133
0.2066999287241625,0.9310778374671391
0.2069672131147541,0.9310778374671391
0.2069672131147541,0.9311921362441422
0.20732359230220956,0.9311921362441422
0.20732359230220956,0.9316493313521546
0.20776906628652886,0.9316493313521546
0.20776906628652886,0.9317636301291576
0.20803635067712045,0.9317636301291576
0.20803635067712045,0.9318779289061607
0.20901639344262296,0.9318779289061607
0.20901639344262296,0.9319922276831638
0.2091945830363507,0.9319922276831638
0.2091945830363507,0.9323351240141731
0.20964005702066998,0.9323351240141731
0.20964005702066998,0.9324494227911762
0.20972915181753385,0.9324494227911762
0.20972915181753385,0.9325637215681792
0.20990734141126158,0.9325637215681792
0.20990734141126158,0.9326780203451823
0.21017462580185317,0.9326780203451823
0.21017462580185317,0.9327923191221854
0.21026372059871704,0.9327923191221854
0.21026372059871704,0.9332495142301978
0.21079828937990022,0.9332495142301978
0.21079828937990022,0.9333638130072008
0.21097647897362795,0.9333638130072008
0.21097647897362795,0.9334781117842039
0.21115466856735568,0.9334781117842039
0.21115466856735568,0.933592410561207
0.21124376336421952,0.933592410561207
0.21124376336421952,0.9337067093382101
0.21133285816108338,0.9337067093382101
0.21133285816108338,0.9338210081152132
0.2115110477548111,0.9338210081152132
0.2115110477548111,0.9339353068922163
0.21168923734853884,0.9339353068922163
0.21168923734853884,0.9340496056692194
0.21284746970776908,0.9340496056692194
0.21284746970776908,0.9341639044462224
0.21293656450463294,0.9341639044462224
0.21293656450463294,0.9343925020002286
0.21356022808267996,0.9343925020002286
0.21356022808267996,0.9345068007772317
0.21391660727013542,0.9345068007772317
0.21391660727013542,0.9346210995542348
0.21454027084818247,0.9346210995542348
0.21454027084818247,0.9347353983312379
0.21489665003563793,0.9347353983312379
0.21489665003563793,0.934849697108241
0.21507483962936563,0.934849697108241
0.21507483962936563,0.934963995885244
0.2151639344262295,0.934963995885244
0.2151639344262295,0.9350782946622471
0.21721311475409835,0.9350782946622471
0.21721311475409835,0.9351925934392502
0.2175694939415538,0.9351925934392502
0.2175694939415538,0.9353068922162533
0.21774768353528154,0.9353068922162533
0.21774768353528154,0.9356497885472626
0.2183713471133286,0.9356497885472626
0.2183713471133286,0.9357640873242656
0.21890591589451175,0.9357640873242656
0.21890591589451175,0.9359926848782718
0.21917320028510334,0.9359926848782718
0.21917320028510334,0.9361069836552749
0.21961867426942266,0.9361069836552749
0.21961867426942266,0.9363355812092811
0.21988595866001426,0.9363355812092811
0.21988595866001426,0.9364498799862842
0.22033143264433358,0.9364498799862842
0.22033143264433358,0.9366784775402903
0.22059871703492517,0.9366784775402903
0.22059871703492517,0.9367927763172934
0.22238061297220243,0.9367927763172934
0.22238061297220243,0.9370213738712996
0.222647897362794,0.9370213738712996
0.222647897362794,0.9371356726483027
0.2229151817533856,0.9371356726483027
0.2229151817533856,0.9372499714253058
0.2231824661439772,0.9372499714253058
0.2231824661439772,0.9373642702023088
0.22336065573770492,0.9373642702023088
0.22336065573770492,0.937592867756315
0.22344975053456878,0.937592867756315
0.22344975053456878,0.9379357640873243
0.2236279401282965,0.9379357640873243
0.2236279401282965,0.9380500628643273
0.22371703492516037,0.9380500628643273
0.22371703492516037,0.9382786604183335
0.22398431931575197,0.9382786604183335
0.22398431931575197,0.9383929591953366
0.22434069850320743,0.9383929591953366
0.22434069850320743,0.9385072579723397
0.22621168923734855,0.9385072579723397
0.22621168923734855,0.9386215567493428
0.22630078403421242,0.9386215567493428
0.22630078403421242,0.9387358555263459
0.22638987883107625,0.9387358555263459
0.22638987883107625,0.938850154303349
0.22683535281539557,0.938850154303349
0.22683535281539557,0.9390787518573551
0.22692444761225944,0.9390787518573551
0.22692444761225944,0.9391930506343582
0.2272808267997149,0.9391930506343582
0.2272808267997149,0.9393073494113613
0.22772630078403422,0.9393073494113613
0.22772630078403422,0.9394216481883644
0.22888453314326443,0.9394216481883644
0.22888453314326443,0.9395359469653675
0.2289736279401283,0.9395359469653675
0.2289736279401283,0.9396502457423705
0.23004276550249467,0.9396502457423705
0.23004276550249467,0.9397645445193736
0.23048823948681396,0.9397645445193736
0.23048823948681396,0.9398788432963767
0.23102280826799715,0.9398788432963767
0.23102280826799715,0.9401074408503829
0.231111903064861,0.9401074408503829
0.231111903064861,0.9403360384043891
0.2316464718460442,0.9403360384043891
0.2316464718460442,0.9404503371813921
0.23182466143977193,0.9404503371813921
0.23182466143977193,0.9405646359583952
0.2319137562366358,0.9405646359583952
0.2319137562366358,0.9406789347353983
0.2328047042052744,0.9406789347353983
0.2328047042052744,0.9407932335124014
0.23298289379900214,0.9407932335124014
0.23298289379900214,0.9411361298434107
0.23325017818959373,0.9411361298434107
0.23325017818959373,0.9414790261744199
0.23351746258018533,0.9414790261744199
0.23351746258018533,0.941593324951423
0.23378474697077692,0.941593324951423
0.23378474697077692,0.9417076237284261
0.23414112615823235,0.9417076237284261
0.23414112615823235,0.9419362212824323
0.2342302209550962,0.9419362212824323
0.2342302209550962,0.9420505200594353
0.23458660014255167,0.9420505200594353
0.23458660014255167,0.9423934163904446
0.235032074126871,0.9423934163904446
0.235032074126871,0.9426220139444508
0.23521026372059872,0.9426220139444508
0.23521026372059872,0.9427363127214539
0.23583392729864575,0.9427363127214539
0.23583392729864575,0.942850611498457
0.23610121168923734,0.942850611498457
0.23610121168923734,0.94296491027546
0.23627940128296507,0.94296491027546
0.23627940128296507,0.9430792090524631
0.2364575908766928,0.9430792090524631
0.2364575908766928,0.9431935078294662
0.23895224518888097,0.9431935078294662
0.23895224518888097,0.9433078066064693
0.23948681397006416,0.9433078066064693
0.23948681397006416,0.9435364041604755
0.2402886671418389,0.9435364041604755
0.2402886671418389,0.9436507029374785
0.24073414112615824,0.9436507029374785
0.24073414112615824,0.9437650017144816
0.24091233071988596,0.9437650017144816
0.24091233071988596,0.9438793004914847
0.24117961511047756,0.9438793004914847
0.24117961511047756,0.9439935992684878
0.24180327868852458,0.9439935992684878
0.24180327868852458,0.9441078980454909
0.2419814682822523,0.9441078980454909
0.2419814682822523,0.944222196822494
0.24269422665716323,0.944222196822494
0.24269422665716323,0.9443364955994971
0.24305060584461868,0.9443364955994971
0.24305060584461868,0.9444507943765001
0.2436742694226657,0.9444507943765001
0.2436742694226657,0.9445650931535032
0.2439415538132573,0.9445650931535032
0.2439415538132573,0.9447936907075094
0.24474340698503208,0.9447936907075094
0.24474340698503208,0.9449079894845125
0.24501069137562367,0.9449079894845125
0.24501069137562367,0.9450222882615156
0.24509978617248754,0.9450222882615156
0.24509978617248754,0.9452508858155217
0.24527797576621524,0.9452508858155217
0.24527797576621524,0.9454794833695279
0.24545616535994297,0.9454794833695279
0.24545616535994297,0.945593782146531
0.24607982893799002,0.945593782146531
0.24607982893799002,0.9457080809235341
0.2463471133285816,0.9457080809235341
0.2463471133285816,0.9458223797005372
0.24723806129722023,0.9458223797005372
0.24723806129722023,0.9459366784775403
0.2473271560940841,0.9459366784775403
0.2473271560940841,0.9460509772545433
0.24741625089094796,0.9460509772545433
0.24741625089094796,0.9462795748085495
0.248039914468995,0.9462795748085495
0.248039914468995,0.9463938735855526
0.24812900926585887,0.9463938735855526
0.24812900926585887,0.9467367699165619
0.2485744832501782,0.9467367699165619
0.2485744832501782,0.946851068693565
0.24893086243763365,0.946851068693565
0.24893086243763365,0.946965367470568
0.24910905203136136,0.946965367470568
0.24910905203136136,0.9470796662475711
0.24919814682822522,0.9470796662475711
0.24919814682822522,0.9471939650245742
0.2502672843905916,0.9471939650245742
0.2502672843905916,0.9473082638015773
0.25142551674982183,0.9473082638015773
0.25142551674982183,0.9474225625785804
0.25160370634354956,0.9474225625785804
0.25160370634354956,0.9476511601325865
0.25196008553100496,0.9476511601325865
0.25196008553100496,0.9477654589095896
0.2520491803278688,0.9477654589095896
0.2520491803278688,0.9478797576865927
0.25222736992159656,0.9478797576865927
0.25222736992159656,0.9479940564635958
0.25329650748396293,0.9479940564635958
0.25329650748396293,0.9481083552405989
0.2549002138275125,0.9481083552405989
0.2549002138275125,0.948222654017602
0.2550784034212402,0.948222654017602
0.2550784034212402,0.9483369527946051
0.2562366357804704,0.9483369527946051
0.2562366357804704,0.9484512515716081
0.25686029935851745,0.9484512515716081
0.25686029935851745,0.9485655503486112
0.2569493941553813,0.9485655503486112
0.2569493941553813,0.9486798491256143
0.2570384889522452,0.9486798491256143
0.2570384889522452,0.9487941479026174
0.2573057733428368,0.9487941479026174
0.2573057733428368,0.9489084466796205
0.25739486813970064,0.9489084466796205
0.25739486813970064,0.9491370442336267
0.25784034212401996,0.9491370442336267
0.25784034212401996,0.9492513430106297
0.2585531004989309,0.9492513430106297
0.2585531004989309,0.9493656417876328
0.25908766928011406,0.9493656417876328
0.25908766928011406,0.9494799405646359
0.2598004276550249,0.9494799405646359
0.2598004276550249,0.9497085381186421
0.261047754811119,0.9497085381186421
0.261047754811119,0.9498228368956452
0.2618496079828938,0.9498228368956452
0.2618496079828938,0.9499371356726483
0.26202779757662154,0.9499371356726483
0.26202779757662154,0.9500514344496513
0.26229508196721313,0.9500514344496513
0.26229508196721313,0.9501657332266544
0.2630969351389879,0.9501657332266544
0.2630969351389879,0.9502800320036575
0.26336421952957945,0.9502800320036575
0.26336421952957945,0.9503943307806606
0.2637205987170349,0.9503943307806606
0.2637205987170349,0.9505086295576637
0.26639344262295084,0.9505086295576637
0.26639344262295084,0.9507372271116699
0.2664825374198147,0.9507372271116699
0.2664825374198147,0.9508515258886729
0.26683891660727016,0.9508515258886729
0.26683891660727016,0.950965824665676
0.2671062009978617,0.950965824665676
0.2671062009978617,0.9513087209966853
0.2672843905915894,0.9513087209966853
0.2672843905915894,0.9515373185506915
0.2673734853884533,0.9515373185506915
0.2673734853884533,0.9517659161046976
0.2678189593727726,0.9517659161046976
0.2678189593727726,0.9518802148817007
0.2683535281539558,0.9518802148817007
0.2683535281539558,0.9519945136587038
0.26853171774768353,0.9519945136587038
0.26853171774768353,0.9521088124357069
0.2686208125445474,0.9521088124357069
0.2686208125445474,0.95222311121271
0.2687990021382751,0.95222311121271
0.2687990021382751,0.9523374099897131
0.26897719173200285,0.9523374099897131
0.26897719173200285,0.9524517087667161
0.2691553813257306,0.9524517087667161
0.2691553813257306,0.9525660075437192
0.26951176051318604,0.9525660075437192
0.26951176051318604,0.9527946050977254
0.27049180327868855,0.9527946050977254
0.27049180327868855,0.9530232026517316
0.271471846044191,0.9530232026517316
0.271471846044191,0.9531375014287348
0.2717391304347826,0.9531375014287348
0.2717391304347826,0.9533660989827409
0.273431931575196,0.9533660989827409
0.273431931575196,0.953480397759744
0.27476835352815393,0.953480397759744
0.27476835352815393,0.9535946965367471
0.275392017106201,0.9535946965367471
0.275392017106201,0.9537089953137502
0.2769066286528867,0.9537089953137502
0.2769066286528867,0.9538232940907533
0.27726300784034213,0.9538232940907533
0.27726300784034213,0.9542804891987656
0.277352102637206,0.9542804891987656
0.277352102637206,0.9543947879757687
0.27824305060584464,0.9543947879757687
0.27824305060584464,0.9545090867527718
0.2784212401995723,0.9545090867527718
0.2784212401995723,0.9546233855297749
0.27904490377761937,0.9546233855297749
0.27904490377761937,0.954737684306778
0.28064861012116893,0.954737684306778
0.28064861012116893,0.954851983083781
0.28109408410548825,0.954851983083781
0.28109408410548825,0.9549662818607841
0.28136136849607984,0.9549662818607841
0.28136136849607984,0.9550805806377872
0.2815395580898076,0.9550805806377872
0.2815395580898076,0.9551948794147903
0.28189593727726303,0.9551948794147903
0.28189593727726303,0.9553091781917934
0.28207412687099076,0.9553091781917934
0.28207412687099076,0.9555377757457996
0.2823414112615823,0.9555377757457996
0.2823414112615823,0.9556520745228027
0.28269779044903776,0.9556520745228027
0.28269779044903776,0.9557663732998057
0.2830541696364932,0.9557663732998057
0.2830541696364932,0.9558806720768088
0.2841233071988596,0.9558806720768088
0.2841233071988596,0.9559949708538119
0.2846578759800428,0.9559949708538119
0.2846578759800428,0.9562235684078181
0.28643977191732,0.9562235684078181
0.28643977191732,0.9563378671848212
0.28679615110477547,0.9563378671848212
0.28679615110477547,0.9564521659618243
0.28911261582323594,0.9564521659618243
0.28911261582323594,0.9566807635158304
0.2892017106200998,0.9566807635158304
0.2892017106200998,0.9570236598468397
0.28937990021382753,0.9570236598468397
0.28937990021382753,0.9571379586238428
0.29000356379187453,0.9571379586238428
0.29000356379187453,0.9573665561778489
0.2905381325730577,0.9573665561778489
0.2905381325730577,0.957480854954852
0.2921418389166073,0.957480854954852
0.2921418389166073,0.9575951537318551
0.2933891660727014,0.9575951537318551
0.2933891660727014,0.9577094525088582
0.29436920883820383,0.9577094525088582
0.29436920883820383,0.9579380500628644
0.29481468282252316,0.9579380500628644
0.29481468282252316,0.9581666476168705
0.29534925160370634,0.9581666476168705
0.29534925160370634,0.9582809463938736
0.29659657875980044,0.9582809463938736
0.29659657875980044,0.9583952451708767
0.29766571632216676,0.9583952451708767
0.29766571632216676,0.9585095439478798
0.298823948681397,0.9585095439478798
0.298823948681397,0.9586238427248829
0.3008731290092659,0.9586238427248829
0.3008731290092659,0.958852440278889
0.30131860299358515,0.958852440278889
0.30131860299358515,0.9589667390558921
0.3019422665716322,0.9589667390558921
0.3019422665716322,0.9590810378328952
0.30203136136849607,0.9590810378328952
0.30203136136849607,0.9591953366098983
0.30310049893086244,0.9591953366098983
0.30310049893086244,0.9594239341639045
0.30336778332145403,0.9594239341639045
0.30336778332145403,0.9595382329409076
0.3034568781183179,0.9595382329409076
0.3034568781183179,0.9596525317179107
0.30381325730577335,0.9596525317179107
0.30381325730577335,0.9597668304949137
0.3041696364932288,0.9597668304949137
0.3041696364932288,0.9599954280489199
0.3042587312900927,0.9599954280489199
0.3042587312900927,0.9602240256029261
0.3044369208838204,0.9602240256029261
0.3044369208838204,0.9603383243799292
0.30541696364932286,0.9603383243799292
0.30541696364932286,0.9604526231569323
0.3055060584461867,0.9604526231569323
0.3055060584461867,0.9605669219339353
0.30719885958660015,0.9605669219339353
0.30719885958660015,0.9606812207109384
0.30746614397719174,0.9606812207109384
0.30746614397719174,0.9607955194879415
0.3083570919458304,0.9607955194879415
0.3083570919458304,0.9609098182649446
0.311208125445474,0.9609098182649446
0.311208125445474,0.9610241170419477
0.31236635780470423,0.9610241170419477
0.31236635780470423,0.9611384158189508
0.31316821097647896,0.9611384158189508
0.31316821097647896,0.9612527145959538
0.31388096935138987,0.9612527145959538
0.31388096935138987,0.9613670133729569
0.31414825374198146,0.9613670133729569
0.31414825374198146,0.96148131214996
0.31619743406985035,0.96148131214996
0.31619743406985035,0.9615956109269631
0.31726657163221667,0.9615956109269631
0.31726657163221667,0.9617099097039662
0.3181575196008553,0.9617099097039662
0.3181575196008553,0.9618242084809693
0.3194048467569494,0.9618242084809693
0.3194048467569494,0.9619385072579724
0.32047398431931573,0.9619385072579724
0.32047398431931573,0.9620528060349754
0.3208303635067712,0.9620528060349754
0.3208303635067712,0.9621671048119785
0.32189950106913756,0.9621671048119785
0.32189950106913756,0.9623957023659847
0.32216678545972915,0.9623957023659847
0.32216678545972915,0.9625100011429878
0.32243406985032075,0.9625100011429878
0.32243406985032075,0.9626242999199909
0.32270135424091234,0.9626242999199909
0.32270135424091234,0.9629671962510001
0.323592302209551,0.9629671962510001
0.323592302209551,0.9631957938050063
0.32403777619387025,0.9631957938050063
0.32403777619387025,0.9633100925820094
0.3246614397719173,0.9633100925820094
0.3246614397719173,0.9634243913590125
0.32475053456878117,0.9634243913590125
0.32475053456878117,0.9635386901360156
0.326176051318603,0.9635386901360156
0.326176051318603,0.9636529889130186
0.3272451888809694,0.9636529889130186
0.3272451888809694,0.9637672876900217
0.32760156806842483,0.9637672876900217
0.32760156806842483,0.964110184021031
0.32867070563079115,0.964110184021031
0.32867070563079115,0.9643387815750372
0.32893799002138274,0.9643387815750372
0.32893799002138274,0.9644530803520402
0.3292943692088382,0.9644530803520402
0.3292943692088382,0.9645673791290433
0.330096222380613,0.9645673791290433
0.330096222380613,0.9647959766830495
0.3316999287241625,0.9647959766830495
0.3316999287241625,0.9649102754600526
0.3318781183178902,0.9649102754600526
0.3318781183178902,0.9650245742370557
0.3331254454739843,0.9650245742370557
0.3331254454739843,0.9651388730140588
0.3332145402708482,0.9651388730140588
0.3332145402708482,0.9652531717910618
0.33330363506771205,0.9652531717910618
0.33330363506771205,0.9653674705680649
0.3333927298645759,0.9653674705680649
0.3333927298645759,0.965481769345068
0.3336600142551675,0.965481769345068
0.3336600142551675,0.9655960681220711
0.33428367783321455,0.9655960681220711
0.33428367783321455,0.9657103668990742
0.33499643620812547,0.9657103668990742
0.33499643620812547,0.9658246656760773
0.33508553100498933,0.9658246656760773
0.33508553100498933,0.9659389644530804
0.33570919458303633,0.9659389644530804
0.33570919458303633,0.9660532632300834
0.3357982893799002,0.9660532632300834
0.3357982893799002,0.9661675620070865
0.33713471133285816,0.9661675620070865
0.33713471133285816,0.9662818607840896
0.33766928011404135,0.9662818607840896
0.33766928011404135,0.9663961595610927
0.3378474697077691,0.9663961595610927
0.3378474697077691,0.9665104583380958
0.34158945117605133,0.9665104583380958
0.34158945117605133,0.9666247571150989
0.3419458303635068,0.9666247571150989
0.3419458303635068,0.9669676534461081
0.34256949394155384,0.9669676534461081
0.34256949394155384,0.9670819522231112
0.3430149679258731,0.9670819522231112
0.3430149679258731,0.9671962510001143
0.3435495367070563,0.9671962510001143
0.3435495367070563,0.9673105497771174
0.3447968638631504,0.9673105497771174
0.3447968638631504,0.9674248485541205
0.34613328581610836,0.9674248485541205
0.34613328581610836,0.9675391473311236
0.3471133285816108,0.9675391473311236
0.3471133285816108,0.9676534461081266
0.34729151817533854,0.9676534461081266
0.34729151817533854,0.9677677448851297
0.3473806129722024,0.9677677448851297
0.3473806129722024,0.9678820436621328
0.3481824661439772,0.9678820436621328
0.3481824661439772,0.9679963424391359
0.34827156094084105,0.9679963424391359
0.34827156094084105,0.968110641216139
0.3484497505345688,0.968110641216139
0.3484497505345688,0.9683392387701452
0.3488952245188881,0.9683392387701452
0.3488952245188881,0.9684535375471482
0.3491625089094797,0.9684535375471482
0.3491625089094797,0.9685678363241513
0.34925160370634356,0.9685678363241513
0.34925160370634356,0.9686821351011544
0.3493406985032074,0.9686821351011544
0.3493406985032074,0.9687964338781575
0.35005345687811834,0.9687964338781575
0.35005345687811834,0.9689107326551606
0.351568068424804,0.9689107326551606
0.351568068424804,0.9690250314321637
0.3524590163934426,0.9690250314321637
0.3524590163934426,0.9692536289861698
0.3525481111903065,0.9692536289861698
0.3525481111903065,0.9693679277631729
0.3529935851746258,0.9693679277631729
0.3529935851746258,0.9695965253171791
0.3530826799714897,0.9695965253171791
0.3530826799714897,0.9697108240941822
0.3545972915181753,0.9697108240941822
0.3545972915181753,0.9698251228711853
0.35477548111190305,0.9698251228711853
0.35477548111190305,0.9699394216481884
0.35531004989308623,0.9699394216481884
0.35531004989308623,0.9700537204251914
0.3562009978617249,0.9700537204251914
0.3562009978617249,0.9701680192021945
0.35646828225231647,0.9701680192021945
0.35646828225231647,0.9702823179791976
0.35682466143977193,0.9702823179791976
0.35682466143977193,0.9703966167562007
0.3571810406272274,0.9703966167562007
0.3571810406272274,0.9705109155332038
0.36065573770491804,0.9705109155332038
0.36065573770491804,0.9706252143102069
0.3610121168923735,0.9706252143102069
0.3610121168923735,0.97073951308721
0.36279401282965074,0.97073951308721
0.36279401282965074,0.970853811864213
0.3628831076265146,0.970853811864213
0.3628831076265146,0.9709681106412161
0.3649322879543835,0.9709681106412161
0.3649322879543835,0.9710824094182192
0.36564504632929434,0.9710824094182192
0.36564504632929434,0.9711967081952223
0.366535994297933,0.9711967081952223
0.366535994297933,0.9713110069722254
0.3675160370634355,0.9713110069722254
0.3675160370634355,0.9714253057492285
0.3679615110477548,0.9714253057492285
0.3679615110477548,0.9715396045262316
0.36858517462580187,0.9715396045262316
0.36858517462580187,0.9716539033032346
0.3690306486101212,0.9716539033032346
0.3690306486101212,0.9717682020802377
0.3695652173913043,0.9717682020802377
0.3695652173913043,0.9719967996342439
0.3696543121881682,0.9719967996342439
0.3696543121881682,0.972111098411247
0.37027797576621524,0.972111098411247
0.37027797576621524,0.9722253971882501
0.37045616535994297,0.9722253971882501
0.37045616535994297,0.9723396959652532
0.37107982893799,0.9723396959652532
0.37107982893799,0.9724539947422562
0.37125801853171775,0.9724539947422562
0.37125801853171775,0.9725682935192593
0.37170349251603707,0.9725682935192593
0.37170349251603707,0.9726825922962624
0.3723271560940841,0.9726825922962624
0.3723271560940841,0.9727968910732655
0.3726835352815396,0.9727968910732655
0.3726835352815396,0.9729111898502686
0.37339629365645044,0.9729111898502686
0.37339629365645044,0.9730254886272717
0.3766928011404134,0.9730254886272717
0.3766928011404134,0.9731397874042748
0.3776728439059159,0.9731397874042748
0.3776728439059159,0.9732540861812778
0.37776193870277974,0.9732540861812778
0.37776193870277974,0.9733683849582809
0.3786528866714184,0.9733683849582809
0.3786528866714184,0.973482683735284
0.3807911617961511,0.973482683735284
0.3807911617961511,0.9735969825122871
0.38390947968638633,0.9735969825122871
0.38390947968638633,0.9737112812892902
0.38595866001425516,0.9737112812892902
0.38595866001425516,0.9738255800662933
0.3871168923734854,0.9738255800662933
0.3871168923734854,0.9739398788432964
0.38934426229508196,0.9739398788432964
0.38934426229508196,0.9740541776202994
0.39112615823235924,0.9740541776202994
0.39112615823235924,0.9741684763973025
0.39219529579472556,0.9741684763973025
0.39219529579472556,0.9742827751743056
0.39317533856022807,0.9742827751743056
0.39317533856022807,0.9743970739513087
0.39638275124732714,0.9743970739513087
0.39638275124732714,0.9745113727283118
0.39736279401282965,0.9745113727283118
0.39736279401282965,0.9746256715053149
0.39834283677833215,0.9746256715053149
0.39834283677833215,0.974739970282318
0.39959016393442626,0.974739970282318
0.39959016393442626,0.974854269059321
0.40199572344975054,0.974854269059321
0.40199572344975054,0.9749685678363241
0.40324305060584464,0.9749685678363241
0.40324305060584464,0.9750828666133272
0.4039558089807555,0.9750828666133272
0.4039558089807555,0.9751971653903303
0.4044012829650748,0.9751971653903303
0.4044012829650748,0.9753114641673334
0.4044903777619387,0.9753114641673334
0.4044903777619387,0.9754257629443365
0.40511404133998574,0.9754257629443365
0.40511404133998574,0.9755400617213396
0.40609408410548825,0.9755400617213396
0.40609408410548825,0.9756543604983426
0.40992516037063437,0.9756543604983426
0.40992516037063437,0.9757686592753457
0.4122416250890948,0.9757686592753457
0.4122416250890948,0.9758829580523488
0.41233071988595865,0.9758829580523488
0.41233071988595865,0.9759972568293519
0.413399857448325,0.9759972568293519
0.413399857448325,0.976111555606355
0.41429080541696367,0.976111555606355
0.41429080541696367,0.9762258543833581
0.41518175338560226,0.9762258543833581
0.41518175338560226,0.9763401531603612
0.41535994297933,0.9763401531603612
0.41535994297933,0.9764544519373642
0.417320028510335,0.9764544519373642
0.417320028510335,0.9765687507143673
0.41776550249465433,0.9765687507143673
0.41776550249465433,0.9767973482683735
0.4180327868852459,0.9767973482683735
0.4180327868852459,0.9769116470453766
0.4190128296507484,0.9769116470453766
0.4190128296507484,0.9770259458223797
0.41910192444761224,0.9770259458223797
0.41910192444761224,0.9771402445993828
0.42106200997861726,0.9771402445993828
0.42106200997861726,0.9772545433763858
0.4222202423378475,0.9772545433763858
0.4222202423378475,0.9773688421533889
0.42239843193157517,0.9773688421533889
0.42239843193157517,0.977483140930392
0.42418032786885246,0.977483140930392
0.42418032786885246,0.9775974397073951
0.4248930862437634,0.9775974397073951
0.4248930862437634,0.9777117384843982
0.4262295081967213,0.9777117384843982
0.4262295081967213,0.9778260372614013
0.42658588738417674,0.9778260372614013
0.42658588738417674,0.9779403360384044
0.4273877405559515,0.9779403360384044
0.4273877405559515,0.9780546348154074
0.4281895937277263,0.9780546348154074
0.4281895937277263,0.9781689335924105
0.42934782608695654,0.9781689335924105
0.42934782608695654,0.9782832323694136
0.4300605844618674,0.9782832323694136
0.4300605844618674,0.9783975311464167
0.4307733428367783,0.9783975311464167
0.4307733428367783,0.9785118299234198
0.4318424803991447,0.9785118299234198
0.4318424803991447,0.9786261287004229
0.4320206699928724,0.9786261287004229
0.4320206699928724,0.978740427477426
0.4332679971489665,0.978740427477426
0.4332679971489665,0.978854726254429
0.436208125445474,0.978854726254429
0.436208125445474,0.9789690250314321
0.43656450463292945,0.9789690250314321
0.43656450463292945,0.9790833238084352
0.43709907341411264,0.9790833238084352
0.43709907341411264,0.9791976225854383
0.43897006414825374,0.9791976225854383
0.43897006414825374,0.9793119213624414
0.44155381325730575,0.9793119213624414
0.44155381325730575,0.9794262201394445
0.4417320028510335,0.9794262201394445
0.4417320028510335,0.9795405189164476
0.4426229508196721,0.9795405189164476
0.4426229508196721,0.9796548176934506
0.4438702779757662,0.9796548176934506
0.4438702779757662,0.9797691164704537
0.44476122594440487,0.9797691164704537
0.44476122594440487,0.9798834152474568
0.449215965787598,0.9798834152474568
0.449215965787598,0.9799977140244599
0.4501960085531005,0.9799977140244599
0.4501960085531005,0.980112012801463
0.45135424091233073,0.980112012801463
0.45135424091233073,0.9803406103554692
0.4519779044903778,0.9803406103554692
0.4519779044903778,0.9805692079094753
0.4538488952245189,0.9805692079094753
0.4538488952245189,0.9806835066864784
0.4540270848182466,0.9806835066864784
0.4540270848182466,0.9807978054634815
0.4555416963649323,0.9807978054634815
0.4555416963649323,0.9809121042404846
0.45759087669280113,0.9809121042404846
0.45759087669280113,0.9810264030174877
0.4591054882394868,0.9810264030174877
0.4591054882394868,0.9811407017944908
0.46347113328581613,0.9811407017944908
0.46347113328581613,0.9812550005714938
0.4647184604419102,0.9812550005714938
0.4647184604419102,0.9813692993484969
0.46498574483250177,0.9813692993484969
0.46498574483250177,0.9814835981255
0.4654312188168211,0.9814835981255
0.4654312188168211,0.9815978969025031
0.4664112615823236,0.9815978969025031
0.4664112615823236,0.9817121956795062
0.46810406272273697,0.9817121956795062
0.46810406272273697,0.9818264944565093
0.46944048467569494,0.9818264944565093
0.46944048467569494,0.9819407932335124
0.4707769066286529,0.9819407932335124
0.4707769066286529,0.9821693907875185
0.4710441910192445,0.9821693907875185
0.4710441910192445,0.9822836895645216
0.4714896650035638,0.9822836895645216
0.4714896650035638,0.9823979883415247
0.47229151817533854,0.9823979883415247
0.47229151817533854,0.9825122871185278
0.4731824661439772,0.9825122871185278
0.4731824661439772,0.9826265858955309
0.47407341411261583,0.9826265858955309
0.47407341411261583,0.982740884672534
0.4743406985032074,0.982740884672534
0.4743406985032074,0.982855183449537
0.4770135424091233,0.982855183449537
0.4770135424091233,0.9829694822265401
0.4793300071275837,0.9829694822265401
0.4793300071275837,0.9830837810035432
0.48458660014255167,0.9830837810035432
0.48458660014255167,0.9831980797805463
0.4854775481111903,0.9831980797805463
0.4854775481111903,0.9833123785575494
0.48725944404846755,0.9833123785575494
0.48725944404846755,0.9834266773345525
0.4873485388453314,0.9834266773345525
0.4873485388453314,0.9835409761115556
0.4883285816108339,0.9835409761115556
0.4883285816108339,0.9836552748885586
0.4901104775481112,0.9836552748885586
0.4901104775481112,0.9837695736655617
0.49046685673556667,0.9837695736655617
0.49046685673556667,0.9838838724425648
0.49117961511047753,0.9838838724425648
0.49117961511047753,0.9839981712195679
0.49287241625089095,0.9839981712195679
0.49287241625089095,0.984112469996571
0.49313970064148255,0.984112469996571
0.49313970064148255,0.9842267687735741
0.4937633642195296,0.9842267687735741
0.4937633642195296,0.9843410675505772
0.4973271560940841,0.9843410675505772
0.4973271560940841,0.9844553663275804
0.4979508196721312,0.9844553663275804
0.4979508196721312,0.9845696651045834
0.4989308624376336,0.9845696651045834
0.4989308624376336,0.9846839638815865
0.49991090520313614,0.9846839638815865
0.49991090520313614,0.9847982626585896
0.5010691375623664,0.9847982626585896
0.5010691375623664,0.9849125614355927
0.5024055595153243,0.9849125614355927
0.5024055595153243,0.9850268602125958
0.5030292230933714,0.9850268602125958
0.5030292230933714,0.9851411589895989
0.5054347826086957,0.9851411589895989
0.5054347826086957,0.985255457766602
0.5056129722024234,0.985255457766602
0.5056129722024234,0.985369756543605
0.5062366357804704,0.985369756543605
0.5062366357804704,0.9854840553206081
0.507127583749109,0.9854840553206081
0.507127583749109,0.9855983540976112
0.5105131860299359,0.9855983540976112
0.5105131860299359,0.9857126528746143
0.5141660727013543,0.9857126528746143
0.5141660727013543,0.9858269516516174
0.516928011404134,0.9858269516516174
0.516928011404134,0.9859412504286205
0.5170171062009978,0.9859412504286205
0.5170171062009978,0.9860555492056235
0.5192444761225944,0.9860555492056235
0.5192444761225944,0.9861698479826266
0.5205808980755524,0.9861698479826266
0.5205808980755524,0.9862841467596297
0.5254811119030649,0.9862841467596297
0.5254811119030649,0.9863984455366328
0.5255702066999287,0.9863984455366328
0.5255702066999287,0.9865127443136359
0.5260156806842481,0.9865127443136359
0.5260156806842481,0.986627043090639
0.527975766215253,0.986627043090639
0.527975766215253,0.9867413418676421
0.5308267997148967,0.9867413418676421
0.5308267997148967,0.9868556406446451
0.5362615823235923,0.9868556406446451
0.5362615823235923,0.9869699394216482
0.5441910192444761,0.9869699394216482
0.5441910192444761,0.9870842381986513
0.5463292943692089,0.9870842381986513
0.5463292943692089,0.9871985369756544
0.5467747683535281,0.9871985369756544
0.5467747683535281,0.9873128357526575
0.5480220955096222,0.9873128357526575
0.5480220955096222,0.9874271345296606
0.5490021382751248,0.9874271345296606
0.5490021382751248,0.9875414333066637
0.5518531717747683,0.9875414333066637
0.5518531717747683,0.9876557320836667
0.5536350677120456,0.9876557320836667
0.5536350677120456,0.9877700308606698
0.5543478260869565,0.9877700308606698
0.5543478260869565,0.9878843296376729
0.5604953670705631,0.9878843296376729
0.5604953670705631,0.987998628414676
0.5607626514611547,0.987998628414676
0.5607626514611547,0.9881129271916791
0.5609408410548824,0.9881129271916791
0.5609408410548824,0.9882272259686822
0.5614754098360656,0.9882272259686822
0.5614754098360656,0.9883415247456853
0.5621881682109765,0.9883415247456853
0.5621881682109765,0.9884558235226883
0.5642373485388453,0.9884558235226883
0.5642373485388453,0.9885701222996914
0.5656628652886672,0.9885701222996914
0.5656628652886672,0.9886844210766945
0.5693157519600855,0.9886844210766945
0.5693157519600855,0.9887987198536976
0.5702066999287242,0.9887987198536976
0.5702066999287242,0.9889130186307007
0.5706521739130435,0.9889130186307007
0.5706521739130435,0.9890273174077038
0.5715431218816821,0.9890273174077038
0.5715431218816821,0.9891416161847069
0.5754632929436921,0.9891416161847069
0.5754632929436921,0.98925591496171
0.5761760513186029,0.98925591496171
0.5761760513186029,0.989370213738713
0.5767106200997861,0.989370213738713
0.5767106200997861,0.9894845125157161
0.5790270848182466,0.9894845125157161
0.5790270848182466,0.9895988112927192
0.5792052744119743,0.9895988112927192
0.5792052744119743,0.9897131100697223
0.5798289379900213,0.9897131100697223
0.5798289379900213,0.9898274088467254
0.5829472558802566,0.9898274088467254
0.5829472558802566,0.9899417076237285
0.5854419101924447,0.9899417076237285
0.5854419101924447,0.9900560064007315
0.5865110477548111,0.9900560064007315
0.5865110477548111,0.9901703051777346
0.5888275124732716,0.9901703051777346
0.5888275124732716,0.9902846039547377
0.5910548823948681,0.9902846039547377
0.5910548823948681,0.9903989027317408
0.5929258731290092,0.9903989027317408
0.5929258731290092,0.9905132015087439
0.5937277263007841,0.9905132015087439
0.5937277263007841,0.990627500285747
0.5948859586600143,0.990627500285747
0.5948859586600143,0.9907417990627501
0.5972915181753385,0.9907417990627501
0.5972915181753385,0.9908560978397531
0.5980042765502495,0.9908560978397531
0.5980042765502495,0.9909703966167562
0.5983606557377049,0.9909703966167562
0.5983606557377049,0.9911989941707624
0.5998752672843906,0.9911989941707624
0.5998752672843906,0.9913132929477655
0.6004989308624377,0.9913132929477655
0.6004989308624377,0.9914275917247686
0.6019244476122595,0.9914275917247686
0.6019244476122595,0.9915418905017717
0.605488239486814,0.9915418905017717
0.605488239486814,0.9916561892787747
0.6110121168923734,0.9916561892787747
0.6110121168923734,0.9917704880557778
0.6147540983606558,0.9917704880557778
0.6147540983606558,0.9918847868327809
0.6152886671418389,0.9918847868327809
0.6152886671418389,0.991999085609784
0.6176942266571632,0.991999085609784
0.6176942266571632,0.9921133843867871
0.6202779757662152,0.9921133843867871
0.6202779757662152,0.9922276831637902
0.6270491803278688,0.9922276831637902
0.6270491803278688,0.9923419819407933
0.6292765502494654,0.9923419819407933
0.6292765502494654,0.9924562807177963
0.6343549536707056,0.9924562807177963
0.6343549536707056,0.9925705794947994
0.6353349964362082,0.9925705794947994
0.6353349964362082,0.9926848782718025
0.6358695652173914,0.9926848782718025
0.6358695652173914,0.9927991770488056
0.6432644333570919,0.9927991770488056
0.6432644333570919,0.9929134758258087
0.6462045616535994,0.9929134758258087
0.6462045616535994,0.9930277746028118
0.6480755523877405,0.9930277746028118
0.6480755523877405,0.9931420733798149
0.6558267997148967,0.9931420733798149
0.6558267997148967,0.993256372156818
0.6617070563079116,0.993256372156818
0.6617070563079116,0.993370670933821
0.6668745545260156,0.993370670933821
0.6668745545260156,0.9934849697108241
0.6730220955096222,0.9934849697108241
0.6730220955096222,0.9935992684878272
0.6763186029935851,0.9935992684878272
0.6763186029935851,0.9937135672648303
0.6775659301496793,0.9937135672648303
0.6775659301496793,0.9938278660418334
0.6800605844618675,0.9938278660418334
0.6800605844618675,0.9939421648188365
0.6837134711332858,0.9939421648188365
0.6837134711332858,0.9940564635958395
0.6851389878831077,0.9940564635958395
0.6851389878831077,0.9941707623728426
0.6941375623663578,0.9941707623728426
0.6941375623663578,0.9943993599268488
0.7015324305060584,0.9943993599268488
0.7015324305060584,0.9945136587038519
0.7053635067712045,0.9945136587038519
0.7053635067712045,0.994627957480855
0.7067890235210263,0.994627957480855
0.7067890235210263,0.9947422562578581
0.7129365645046329,0.9947422562578581
0.7129365645046329,0.9948565550348611
0.714807555238774,0.9948565550348611
0.714807555238774,0.9949708538118642
0.7193513898788311,0.9949708538118642
0.7193513898788311,0.9950851525888673
0.7232715609408411,0.9950851525888673
0.7232715609408411,0.9951994513658704
0.7234497505345688,0.9951994513658704
0.7234497505345688,0.9953137501428735
0.7246970776906628,0.9953137501428735
0.7246970776906628,0.9954280489198766
0.727191732002851,0.9954280489198766
0.727191732002851,0.9955423476968797
0.7276372059871703,0.9955423476968797
0.7276372059871703,0.9956566464738827
0.7289736279401283,0.9956566464738827
0.7289736279401283,0.9957709452508858
0.7292409123307199,0.9957709452508858
0.7292409123307199,0.9958852440278889
0.7295081967213115,0.9958852440278889
0.7295081967213115,0.995999542804892
0.729775481111903,0.995999542804892
0.729775481111903,0.9961138415818951
0.736992159657876,0.9961138415818951
0.736992159657876,0.9962281403588982
0.7431397006414825,0.9962281403588982
0.7431397006414825,0.9963424391359013
0.7515146115466856,0.9963424391359013
0.7515146115466856,0.9964567379129043
0.7544547398431931,0.9964567379129043
0.7544547398431931,0.9965710366899074
0.7603349964362082,0.9965710366899074
0.7603349964362082,0.9966853354669105
0.7630969351389879,0.9966853354669105
0.7630969351389879,0.9967996342439136
0.7641660727013543,0.9967996342439136
0.7641660727013543,0.9969139330209167
0.7651461154668567,0.9969139330209167
0.7651461154668567,0.9970282317979198
0.7733428367783322,0.9970282317979198
0.7735210263720599,0.9970282317979198
0.785816108339273,0.9970282317979198
0.785816108339273,0.9971425305749229
0.787776193870278,0.9971425305749229
0.787776193870278,0.9972568293519259
0.7979330007127584,0.9972568293519259
0.7979330007127584,0.997371128128929
0.8028332145402709,0.997371128128929
0.8028332145402709,0.9974854269059321
0.8155737704918032,0.9974854269059321
0.8155737704918032,0.9975997256829352
0.8387384176764077,0.9975997256829352
0.8387384176764077,0.9977140244599383
0.8495188880969351,0.9977140244599383
0.8495188880969351,0.9978283232369414
0.8524590163934426,0.9978283232369414
0.8524590163934426,0.9979426220139445
0.8535281539558089,0.9979426220139445
0.8535281539558089,0.9980569207909475
0.8539736279401283,0.9980569207909475
0.8539736279401283,0.9981712195679506
0.856111903064861,0.9981712195679506
0.856111903064861,0.9982855183449537
0.8573592302209551,0.9982855183449537
0.8573592302209551,0.9983998171219568
0.8637740555951532,0.9983998171219568
0.8637740555951532,0.9985141158989599
0.8642195295794726,0.9985141158989599
0.8642195295794726,0.998628414675963
0.8954027084818247,0.998628414675963
0.8954027084818247,0.9987427134529661
0.9041339985744833,0.9987427134529661
0.904312188168211,0.9987427134529661
0.9091233071988596,0.9987427134529661
0.9091233071988596,0.9988570122299691
0.9118852459016393,0.9988570122299691
0.9118852459016393,0.9989713110069722
0.9123307198859587,0.9989713110069722
0.9123307198859587,0.9990856097839753
0.9181218816821097,0.9990856097839753
0.9181218816821097,0.9991999085609784
0.9222202423378475,0.9991999085609784
0.9222202423378475,0.9993142073379815
0.9248039914468995,0.9993142073379815
0.9248039914468995,0.9994285061149846
0.9332679971489665,0.9994285061149846
0.9332679971489665,0.9995428048919877
0.9395046329294369,0.9995428048919877
0.9395046329294369,0.9996571036689907
0.9727369921596579,0.9996571036689907
0.9727369921596579,0.9997714024459938
0.9803991446899502,0.9997714024459938
0.9803991446899502,0.9998857012229969
0.9894868139700641,0.9998857012229969
0.9894868139700641,1.0
1.0,1.0
