fpr,tpr
0.0,0.0
8.909479686386316e-05,0.0
8.909479686386316e-05,0.00022859755400617213
0.0001781895937277263,0.00022859755400617213
0.0001781895937277263,0.0029717682020802376
0.0003563791874554526,0.0029717682020802376
0.0003563791874554526,0.005943536404160475
0.0004454739843193158,0.005943536404160475
0.0004454739843193158,0.006172133958166647
0.0005345687811831789,0.006172133958166647
0.0005345687811831789,0.006629329066178992
0.0006236635780470421,0.006629329066178992
0.0006236635780470421,0.008229511944222197
0.0007127583749109052,0.008229511944222197
0.0007127583749109052,0.010286889930277746
0.0008018531717747684,0.010286889930277746
0.0008018531717747684,0.010972682592296262
0.0009800427655024947,0.010972682592296262
0.0009800427655024947,0.012915761801348725
0.0010691375623663579,0.012915761801348725
0.0010691375623663579,0.013830152017373414
0.001158232359230221,0.013830152017373414
0.001158232359230221,0.01543033489541662
0.0012473271560940842,0.01543033489541662
0.0012473271560940842,0.016687621442450565
0.0013364219529579473,0.016687621442450565
0.0013364219529579473,0.016916218996456737
0.0014255167498218105,0.016916218996456737
0.0014255167498218105,0.017259115327465997
0.0015146115466856736,0.017259115327465997
0.0015146115466856736,0.018973596982512286
0.0016037063435495368,0.018973596982512286
0.0016037063435495368,0.020688078637558577
0.0016928011404134,0.020688078637558577
0.0016928011404134,0.02091667619156475
0.001781895937277263,0.02091667619156475
0.001781895937277263,0.021716767630586352
0.0018709907341411263,0.021716767630586352
0.0018709907341411263,0.0229740541776203
0.0019600855310049894,0.0229740541776203
0.0019600855310049894,0.024345639501657333
0.0020491803278688526,0.024345639501657333
0.0020491803278688526,0.024802834609669675
0.0021382751247327157,0.024802834609669675
0.0021382751247327157,0.026060121156703624
0.002227369921596579,0.026060121156703624
0.002227369921596579,0.02731740770373757
0.002316464718460442,0.02731740770373757
0.002316464718460442,0.027888901588753002
0.002405559515324305,0.027888901588753002
0.002405559515324305,0.028117499142759173
0.0024946543121881683,0.028117499142759173
0.0024946543121881683,0.028346096696765345
0.0025837491090520315,0.028346096696765345
0.0025837491090520315,0.0286889930277746
0.002761938702779758,0.0286889930277746
0.002761938702779758,0.029489084466796205
0.002851033499643621,0.029489084466796205
0.002851033499643621,0.030632072236827065
0.002940128296507484,0.030632072236827065
0.002940128296507484,0.03074637101383015
0.0030292230933713473,0.03074637101383015
0.0030292230933713473,0.03154646245285175
0.0031183178902352104,0.03154646245285175
0.0031183178902352104,0.03234655389187336
0.0032074126870990736,0.03234655389187336
0.0032074126870990736,0.033260944107898045
0.0032965074839629367,0.033260944107898045
0.0032965074839629367,0.0336038404389073
0.0033856022808268,0.0336038404389073
0.0033856022808268,0.03394673676991656
0.003474697077690663,0.03394673676991656
0.003474697077690663,0.03428963310092582
0.003563791874554526,0.03428963310092582
0.003563791874554526,0.035318322093953594
0.0036528866714183894,0.035318322093953594
0.0036528866714183894,0.03543262087095668
0.0038310762651461157,0.03543262087095668
0.0038310762651461157,0.03817579151903075
0.0040092658588738415,0.03817579151903075
0.0040092658588738415,0.038290090296033835
0.004187455452601568,0.038290090296033835
0.004187455452601568,0.04046176705909247
0.0042765502494654314,0.04046176705909247
0.0042765502494654314,0.042061949937135676
0.004365645046329294,0.042061949937135676
0.004365645046329294,0.04320493770716653
0.004454739843193158,0.04320493770716653
0.004454739843193158,0.044119327923191225
0.0045438346400570205,0.044119327923191225
0.0045438346400570205,0.045719510801234424
0.004722024233784747,0.045719510801234424
0.004722024233784747,0.04583380957823751
0.00481111903064861,0.04583380957823751
0.00481111903064861,0.047433992456280716
0.004900213827512473,0.047433992456280716
0.004900213827512473,0.04766259001028689
0.004989308624376337,0.04766259001028689
0.004989308624376337,0.047891187564293065
0.005078403421240199,0.047891187564293065
0.005078403421240199,0.04811978511829924
0.005167498218104063,0.04811978511829924
0.005167498218104063,0.04857698022631158
0.005345687811831789,0.04857698022631158
0.005345687811831789,0.049719967996342436
0.005434782608695652,0.049719967996342436
0.005434782608695652,0.051205852097382556
0.005523877405559516,0.051205852097382556
0.005523877405559516,0.05189164475940108
0.005612972202423378,0.05189164475940108
0.005612972202423378,0.053263230083438105
0.005702066999287242,0.053263230083438105
0.005702066999287242,0.05429191907646588
0.005791161796151105,0.05429191907646588
0.005791161796151105,0.05589210195450909
0.005880256593014968,0.05589210195450909
0.005880256593014968,0.056006400731512175
0.005969351389878831,0.056006400731512175
0.005969351389878831,0.05612069950851526
0.0060584461867426945,0.05612069950851526
0.0060584461867426945,0.05646359583952452
0.006147540983606557,0.05646359583952452
0.006147540983606557,0.059321065264601666
0.006236635780470421,0.059321065264601666
0.006236635780470421,0.05966396159561093
0.006325730577334284,0.05966396159561093
0.006325730577334284,0.06046405303463253
0.00650392017106201,0.06046405303463253
0.00650392017106201,0.06320722368270659
0.0068602993585174625,0.06320722368270659
0.0068602993585174625,0.06332152245970968
0.006949394155381326,0.06332152245970968
0.006949394155381326,0.0638930163447251
0.007127583749109052,0.0638930163447251
0.007127583749109052,0.06400731512172819
0.007216678545972915,0.06400731512172819
0.007216678545972915,0.06492170533775289
0.007305773342836779,0.06492170533775289
0.007305773342836779,0.06515030289175906
0.007483962936564505,0.06515030289175906
0.007483962936564505,0.06549319922276832
0.007573057733428368,0.06549319922276832
0.007573057733428368,0.06629329066178992
0.007662152530292231,0.06629329066178992
0.007662152530292231,0.06686478454680535
0.007751247327156094,0.06686478454680535
0.007751247327156094,0.0672076808778146
0.007840342124019958,0.0672076808778146
0.007840342124019958,0.06835066864784546
0.008018531717747683,0.06835066864784546
0.008018531717747683,0.06880786375585782
0.008107626514611548,0.06880786375585782
0.008107626514611548,0.06903646130986399
0.00819672131147541,0.06903646130986399
0.00819672131147541,0.06983655274888559
0.008285816108339273,0.06983655274888559
0.008285816108339273,0.07017944907989485
0.008464005702066998,0.07017944907989485
0.008464005702066998,0.07040804663390102
0.008642195295794726,0.07040804663390102
0.008642195295794726,0.07143673562692879
0.008731290092658588,0.07143673562692879
0.008731290092658588,0.07155103440393187
0.008820384889522451,0.07155103440393187
0.008820384889522451,0.07189393073494113
0.008909479686386316,0.07189393073494113
0.008909479686386316,0.07223682706595039
0.009265858873841768,0.07223682706595039
0.009265858873841768,0.07372271116699051
0.00935495367070563,0.07372271116699051
0.00935495367070563,0.07417990627500286
0.009444048467569494,0.07417990627500286
0.009444048467569494,0.07440850382900903
0.00962223806129722,0.07440850382900903
0.00962223806129722,0.07555149159903989
0.009711332858161083,0.07555149159903989
0.009711332858161083,0.07578008915304606
0.009800427655024946,0.07578008915304606
0.009800427655024946,0.07600868670705223
0.009889522451888809,0.07600868670705223
0.009889522451888809,0.07680877814607384
0.010067712045616536,0.07680877814607384
0.010067712045616536,0.07726597325408618
0.010156806842480399,0.07726597325408618
0.010156806842480399,0.07760886958509544
0.010245901639344262,0.07760886958509544
0.010245901639344262,0.0779517659161047
0.010334996436208126,0.0779517659161047
0.010334996436208126,0.07818036347011087
0.010424091233071989,0.07818036347011087
0.010424091233071989,0.07852325980112013
0.010513186029935851,0.07852325980112013
0.010513186029935851,0.07863755857812321
0.010691375623663579,0.07863755857812321
0.010691375623663579,0.07909475368613555
0.010869565217391304,0.07909475368613555
0.010869565217391304,0.07989484512515715
0.010958660014255167,0.07989484512515715
0.010958660014255167,0.08000914390216024
0.011047754811119031,0.08000914390216024
0.011047754811119031,0.08080923534118185
0.011136849607982894,0.08080923534118185
0.011136849607982894,0.0812664304491942
0.01131503920171062,0.0812664304491942
0.01131503920171062,0.08138072922619728
0.011404133998574484,0.08138072922619728
0.011404133998574484,0.08195222311121271
0.01158232359230221,0.08195222311121271
0.01158232359230221,0.08240941821922505
0.011671418389166072,0.08240941821922505
0.011671418389166072,0.0828666133272374
0.011760513186029936,0.0828666133272374
0.011760513186029936,0.08309521088124357
0.0118496079828938,0.08309521088124357
0.0118496079828938,0.08389530232026517
0.012027797576621525,0.08389530232026517
0.012027797576621525,0.08400960109726827
0.012116892373485389,0.08400960109726827
0.012116892373485389,0.08446679620528061
0.012205987170349252,0.08446679620528061
0.012205987170349252,0.0845810949822837
0.012295081967213115,0.0845810949822837
0.012295081967213115,0.08480969253628987
0.012384176764076977,0.08480969253628987
0.012384176764076977,0.0853811864213053
0.012473271560940842,0.0853811864213053
0.012473271560940842,0.08549548519830838
0.012562366357804704,0.08549548519830838
0.012562366357804704,0.08629557663732998
0.012651461154668567,0.08629557663732998
0.012651461154668567,0.08686707052234541
0.01274055595153243,0.08686707052234541
0.01274055595153243,0.0869813692993485
0.012829650748396294,0.0869813692993485
0.012829650748396294,0.08778146073837009
0.01300784034212402,0.08778146073837009
0.01300784034212402,0.08835295462338554
0.013186029935851747,0.08835295462338554
0.013186029935851747,0.08949594239341639
0.01327512473271561,0.08949594239341639
0.01327512473271561,0.0901817350554349
0.013453314326443335,0.0901817350554349
0.013453314326443335,0.09052463138644416
0.0135424091233072,0.09052463138644416
0.0135424091233072,0.09109612527145959
0.013631503920171062,0.09109612527145959
0.013631503920171062,0.09201051548748429
0.013720598717034925,0.09201051548748429
0.013720598717034925,0.09246771059549663
0.013809693513898788,0.09246771059549663
0.013809693513898788,0.09292490570350898
0.013898788310762652,0.09292490570350898
0.013898788310762652,0.09372499714253058
0.013987883107626515,0.09372499714253058
0.013987883107626515,0.09395359469653675
0.014076977904490378,0.09395359469653675
0.014076977904490378,0.094296491027546
0.01416607270135424,0.094296491027546
0.01416607270135424,0.09441078980454909
0.014255167498218105,0.09441078980454909
0.014255167498218105,0.09475368613555835
0.01443335709194583,0.09475368613555835
0.01443335709194583,0.09498228368956452
0.014522451888809693,0.09498228368956452
0.014522451888809693,0.09578237512858613
0.014611546685673557,0.09578237512858613
0.014611546685673557,0.09589667390558922
0.014789736279401283,0.09589667390558922
0.014789736279401283,0.09658246656760773
0.01496792587312901,0.09658246656760773
0.01496792587312901,0.09726825922962624
0.015057020669992873,0.09726825922962624
0.015057020669992873,0.09738255800662933
0.015146115466856735,0.09738255800662933
0.015146115466856735,0.09875414333066636
0.015235210263720598,0.09875414333066636
0.015235210263720598,0.09955423476968796
0.015324305060584463,0.09955423476968796
0.015324305060584463,0.10035432620870957
0.015413399857448325,0.10035432620870957
0.015413399857448325,0.10058292376271574
0.015502494654312188,0.10058292376271574
0.015502494654312188,0.10344039318779288
0.01559158945117605,0.10344039318779288
0.01559158945117605,0.10366899074179907
0.015680684248039915,0.10366899074179907
0.015680684248039915,0.10492627728883301
0.015769779044903776,0.10492627728883301
0.015769779044903776,0.10515487484283918
0.01585887384176764,0.10515487484283918
0.01585887384176764,0.10538347239684535
0.015947968638631505,0.10538347239684535
0.015947968638631505,0.10549777117384844
0.01612615823235923,0.10549777117384844
0.01612615823235923,0.10572636872785461
0.016215253029223095,0.10572636872785461
0.016215253029223095,0.10766944793690708
0.016304347826086956,0.10766944793690708
0.016304347826086956,0.10778374671391017
0.01639344262295082,0.10778374671391017
0.01639344262295082,0.10789804549091325
0.01648253741981468,0.10789804549091325
0.01648253741981468,0.10812664304491942
0.016571632216678546,0.10812664304491942
0.016571632216678546,0.10869813692993485
0.01666072701354241,0.10869813692993485
0.01666072701354241,0.1091553320379472
0.016838916607270136,0.1091553320379472
0.016838916607270136,0.1099554234769688
0.016928011404133997,0.1099554234769688
0.016928011404133997,0.11006972225397188
0.017195295794725587,0.11006972225397188
0.017195295794725587,0.1107555149159904
0.017462580185317177,0.1107555149159904
0.017462580185317177,0.11086981369299348
0.017640769779044902,0.11086981369299348
0.017640769779044902,0.11155560635501201
0.01781895937277263,0.11155560635501201
0.01781895937277263,0.11189850268602126
0.017908054169636492,0.11189850268602126
0.017908054169636492,0.11258429534803978
0.01808624376336422,0.11258429534803978
0.01808624376336422,0.11292719167904904
0.018175338560228082,0.11292719167904904
0.018175338560228082,0.1131557892330552
0.018264433357091946,0.1131557892330552
0.018264433357091946,0.11338438678706138
0.018353528153955807,0.11338438678706138
0.018353528153955807,0.11384158189507372
0.018442622950819672,0.11384158189507372
0.018442622950819672,0.11441307578008915
0.018531717747683536,0.11441307578008915
0.018531717747683536,0.11452737455709223
0.018620812544547397,0.11452737455709223
0.018620812544547397,0.11589895988112928
0.01870990734141126,0.11589895988112928
0.01870990734141126,0.1164704537661447
0.018799002138275126,0.1164704537661447
0.018799002138275126,0.11658475254314779
0.018888096935138987,0.11658475254314779
0.018888096935138987,0.11669905132015088
0.01897719173200285,0.11669905132015088
0.01897719173200285,0.11692764887415705
0.019066286528866713,0.11692764887415705
0.019066286528866713,0.11749914275917248
0.01924447612259444,0.11749914275917248
0.01924447612259444,0.11944222196822495
0.019422665716322167,0.11944222196822495
0.019422665716322167,0.1205852097382558
0.019689950106913757,0.1205852097382558
0.019689950106913757,0.12081380729226197
0.019779044903777618,0.12081380729226197
0.019779044903777618,0.1213853011772774
0.019868139700641482,0.1213853011772774
0.019868139700641482,0.12184249628528974
0.020046329294369208,0.12184249628528974
0.020046329294369208,0.12355697794033604
0.020224518888096937,0.12355697794033604
0.020224518888096937,0.1238998742713453
0.020313613684960798,0.1238998742713453
0.020313613684960798,0.12401417304834839
0.020402708481824662,0.12401417304834839
0.020402708481824662,0.12412847182535147
0.020491803278688523,0.12412847182535147
0.020491803278688523,0.12424277060235456
0.020580898075552388,0.12424277060235456
0.020580898075552388,0.12447136815636073
0.020669992872416252,0.12447136815636073
0.020669992872416252,0.12458566693336381
0.020759087669280113,0.12458566693336381
0.020759087669280113,0.12607155103440393
0.020848182466143977,0.12607155103440393
0.020848182466143977,0.126185849811407
0.020937277263007842,0.126185849811407
0.020937277263007842,0.12641444736541319
0.021115466856735567,0.12641444736541319
0.021115466856735567,0.12721453880443478
0.02120456165359943,0.12721453880443478
0.02120456165359943,0.12801463024345638
0.021293656450463293,0.12801463024345638
0.021293656450463293,0.1285861241284718
0.021382751247327157,0.1285861241284718
0.021382751247327157,0.12915761801348727
0.021471846044191018,0.12915761801348727
0.021471846044191018,0.12938621556749344
0.021560940841054883,0.12938621556749344
0.021560940841054883,0.1297291118985027
0.021650035637918747,0.1297291118985027
0.021650035637918747,0.12995770945250887
0.021739130434782608,0.12995770945250887
0.021739130434782608,0.13018630700651504
0.021828225231646473,0.13018630700651504
0.021828225231646473,0.13030060578351813
0.021917320028510334,0.13030060578351813
0.021917320028510334,0.13064350211452738
0.022006414825374198,0.13064350211452738
0.022006414825374198,0.13098639844553664
0.022273699215965788,0.13098639844553664
0.022273699215965788,0.1321293862155675
0.022362794012829652,0.1321293862155675
0.022362794012829652,0.13235798376957367
0.022451888809693513,0.13235798376957367
0.022451888809693513,0.13247228254657675
0.022808267997148968,0.13247228254657675
0.022808267997148968,0.1336152703166076
0.02289736279401283,0.1336152703166076
0.02289736279401283,0.13384386787061378
0.022986457590876693,0.13384386787061378
0.022986457590876693,0.13475825808663847
0.02316464718460442,0.13475825808663847
0.02316464718460442,0.1352154531946508
0.023342836778332144,0.1352154531946508
0.023342836778332144,0.1360155446336724
0.02343193157519601,0.1360155446336724
0.02343193157519601,0.13681563607269404
0.0236992159657876,0.13681563607269404
0.0236992159657876,0.1371585324037033
0.023788310762651463,0.1371585324037033
0.023788310762651463,0.13738712995770946
0.023877405559515324,0.13738712995770946
0.023877405559515324,0.13818722139673106
0.02396650035637919,0.13818722139673106
0.02396650035637919,0.13887301405874958
0.02405559515324305,0.13887301405874958
0.02405559515324305,0.13978740427477426
0.024144689950106914,0.13978740427477426
0.024144689950106914,0.13990170305177735
0.024233784746970778,0.13990170305177735
0.024233784746970778,0.14001600182878043
0.02432287954383464,0.14001600182878043
0.02432287954383464,0.14013030060578352
0.024411974340698504,0.14013030060578352
0.024411974340698504,0.14070179449079895
0.02459016393442623,0.14070179449079895
0.02459016393442623,0.14081609326780203
0.024679258731290094,0.14081609326780203
0.024679258731290094,0.14093039204480512
0.024768353528153954,0.14093039204480512
0.024768353528153954,0.14127328837581438
0.02485744832501782,0.14127328837581438
0.02485744832501782,0.14161618470682363
0.024946543121881683,0.14161618470682363
0.024946543121881683,0.1419590810378329
0.025035637918745544,0.1419590810378329
0.025035637918745544,0.14230197736884215
0.025302922309337134,0.14230197736884215
0.025302922309337134,0.14241627614584523
0.02548111190306486,0.14241627614584523
0.02548111190306486,0.14333066636186992
0.02565930149679259,0.14333066636186992
0.02565930149679259,0.143444965138873
0.02574839629365645,0.143444965138873
0.02574839629365645,0.1442450565778946
0.025926585887384175,0.1442450565778946
0.025926585887384175,0.14447365413190077
0.02601568068424804,0.14447365413190077
0.02601568068424804,0.14481655046291006
0.026193870277975765,0.14481655046291006
0.026193870277975765,0.14493084923991315
0.02628296507483963,0.14493084923991315
0.02628296507483963,0.14504514801691623
0.026372059871703494,0.14504514801691623
0.026372059871703494,0.1452737455709224
0.026461154668567355,0.1452737455709224
0.026461154668567355,0.14550234312492857
0.02663934426229508,0.14550234312492857
0.02663934426229508,0.14573094067893475
0.026728439059158945,0.14573094067893475
0.026728439059158945,0.146073837009944
0.026995723449750535,0.146073837009944
0.026995723449750535,0.14641673334095326
0.0270848182466144,0.14641673334095326
0.0270848182466144,0.14653103211795634
0.027263007840342125,0.14653103211795634
0.027263007840342125,0.1469882272259687
0.027352102637205986,0.1469882272259687
0.027352102637205986,0.1476740198879872
0.027530292230933714,0.1476740198879872
0.027530292230933714,0.14881700765801806
0.027619387027797575,0.14881700765801806
0.027619387027797575,0.14893130643502114
0.02770848182466144,0.14893130643502114
0.02770848182466144,0.14961709909703966
0.027797576621525304,0.14961709909703966
0.027797576621525304,0.14973139787404274
0.027886671418389165,0.14973139787404274
0.027886671418389165,0.15030289175905817
0.02797576621525303,0.15030289175905817
0.02797576621525303,0.15064578809006743
0.02806486101211689,0.15064578809006743
0.02806486101211689,0.15133158075208594
0.028153955808980755,0.15133158075208594
0.028153955808980755,0.15178877586009829
0.02833214540270848,0.15178877586009829
0.02833214540270848,0.15201737341410446
0.028421240199572345,0.15201737341410446
0.028421240199572345,0.152703166076123
0.028777619387027796,0.152703166076123
0.028777619387027796,0.15327465996113843
0.02886671418389166,0.15327465996113843
0.02886671418389166,0.15396045262315694
0.028955808980755525,0.15396045262315694
0.028955808980755525,0.1543033489541662
0.029044903777619386,0.1543033489541662
0.029044903777619386,0.15464624528517545
0.02913399857448325,0.15464624528517545
0.02913399857448325,0.15533203794719397
0.029223093371347115,0.15533203794719397
0.029223093371347115,0.15544633672419705
0.029312188168210976,0.15544633672419705
0.029312188168210976,0.15556063550120014
0.0294903777619387,0.15556063550120014
0.0294903777619387,0.15624642816321865
0.02966856735566643,0.15624642816321865
0.02966856735566643,0.15647502571722482
0.029846756949394156,0.15647502571722482
0.029846756949394156,0.15693222082523717
0.02993585174625802,0.15693222082523717
0.02993585174625802,0.15716081837924334
0.030114041339985746,0.15716081837924334
0.030114041339985746,0.1583038061492742
0.03029223093371347,0.1583038061492742
0.03029223093371347,0.15853240370328037
0.030381325730577335,0.15853240370328037
0.030381325730577335,0.15864670248028345
0.030470420527441196,0.15864670248028345
0.030470420527441196,0.15876100125728654
0.03055951532430506,0.15876100125728654
0.03055951532430506,0.15887530003428962
0.030737704918032786,0.15887530003428962
0.030737704918032786,0.15933249514230197
0.030915894511760512,0.15933249514230197
0.030915894511760512,0.15967539147331122
0.031004989308624376,0.15967539147331122
0.031004989308624376,0.16024688535832668
0.0311831789023521,0.16024688535832668
0.0311831789023521,0.16036118413532977
0.031272273699215966,0.16036118413532977
0.031272273699215966,0.1609326780203452
0.031450463292943695,0.1609326780203452
0.031450463292943695,0.16196136701337296
0.03153955808980755,0.16196136701337296
0.03153955808980755,0.1625328608983884
0.03162865288667142,0.1625328608983884
0.03162865288667142,0.16287575722939765
0.03171774768353528,0.16287575722939765
0.03171774768353528,0.16299005600640074
0.03189593727726301,0.16299005600640074
0.03189593727726301,0.16310435478340382
0.03198503207412687,0.16310435478340382
0.03198503207412687,0.16333295233741
0.03207412687099073,0.16333295233741
0.03207412687099073,0.16390444622242542
0.0321632216678546,0.16390444622242542
0.0321632216678546,0.16436164133043776
0.03225231646471846,0.16436164133043776
0.03225231646471846,0.16459023888444393
0.032341411261582326,0.16459023888444393
0.032341411261582326,0.1648188364384501
0.03243050605844619,0.1648188364384501
0.03243050605844619,0.1649331352154532
0.03251960085531005,0.1649331352154532
0.03251960085531005,0.16550462910046862
0.03260869565217391,0.16550462910046862
0.03260869565217391,0.1656189278774717
0.03269779044903778,0.1656189278774717
0.03269779044903778,0.16596182420848096
0.03278688524590164,0.16596182420848096
0.03278688524590164,0.16619042176248713
0.032875980042765506,0.16619042176248713
0.032875980042765506,0.1665333180934964
0.03305416963649323,0.1665333180934964
0.03305416963649323,0.16687621442450565
0.03332145402708482,0.16687621442450565
0.03332145402708482,0.16756200708652416
0.03341054882394868,0.16756200708652416
0.03341054882394868,0.16779060464053033
0.03358873841767641,0.16779060464053033
0.03358873841767641,0.16813350097153962
0.03367783321454027,0.16813350097153962
0.03367783321454027,0.16859069607955196
0.033856022808267994,0.16859069607955196
0.033856022808267994,0.16881929363355813
0.03394511760513186,0.16881929363355813
0.03394511760513186,0.16893359241056122
0.03403421240199572,0.16893359241056122
0.03403421240199572,0.16950508629557665
0.03412330719885959,0.16950508629557665
0.03412330719885959,0.1706480740656075
0.03421240199572345,0.1706480740656075
0.03421240199572345,0.17087667161961367
0.03447968638631504,0.17087667161961367
0.03447968638631504,0.17099097039661676
0.0345687811831789,0.17099097039661676
0.0345687811831789,0.17167676305863527
0.03465787598004277,0.17167676305863527
0.03465787598004277,0.17179106183563836
0.03474697077690663,0.17179106183563836
0.03474697077690663,0.17201965938964453
0.03483606557377049,0.17201965938964453
0.03483606557377049,0.1722482569436507
0.03492516037063435,0.1722482569436507
0.03492516037063435,0.17259115327465996
0.03510334996436208,0.17259115327465996
0.03510334996436208,0.173962738598697
0.03519244476122595,0.173962738598697
0.03519244476122595,0.17419133615270316
0.035281539558089804,0.17419133615270316
0.035281539558089804,0.17430563492970624
0.03537063435495367,0.17430563492970624
0.03537063435495367,0.17522002514573093
0.03545972915181753,0.17522002514573093
0.03545972915181753,0.17533432392273401
0.0355488239486814,0.17533432392273401
0.0355488239486814,0.1754486226997371
0.03608339272986458,0.1754486226997371
0.03608339272986458,0.17556292147674019
0.0362615823235923,0.17556292147674019
0.0362615823235923,0.17567722025374327
0.036350677120456164,0.17567722025374327
0.036350677120456164,0.17613441536175564
0.03643977191732003,0.17613441536175564
0.03643977191732003,0.17624871413875873
0.03652886671418389,0.17624871413875873
0.03652886671418389,0.1764773116927649
0.03661796151104776,0.1764773116927649
0.03661796151104776,0.17693450680077724
0.03679615110477548,0.17693450680077724
0.03679615110477548,0.17704880557778033
0.036885245901639344,0.17704880557778033
0.036885245901639344,0.1771631043547834
0.03697434069850321,0.1771631043547834
0.03697434069850321,0.17773459823979884
0.03706343549536707,0.17773459823979884
0.03706343549536707,0.177963195793805
0.03715253029223094,0.177963195793805
0.03715253029223094,0.1787632872328266
0.037241625089094794,0.1787632872328266
0.037241625089094794,0.17922048234083895
0.03741981468282252,0.17922048234083895
0.03741981468282252,0.1795633786718482
0.03750890947968639,0.1795633786718482
0.03750890947968639,0.1796776774488513
0.03768709907341411,0.1796776774488513
0.03768709907341411,0.18093496399588524
0.037776193870277974,0.18093496399588524
0.037776193870277974,0.1812778603268945
0.0379543834640057,0.1812778603268945
0.0379543834640057,0.181963652988913
0.03804347826086957,0.181963652988913
0.03804347826086957,0.18230654931992227
0.038132573057733425,0.18230654931992227
0.038132573057733425,0.1827637444279346
0.03839985744832502,0.1827637444279346
0.03839985744832502,0.18310664075894387
0.03848895224518888,0.18310664075894387
0.03848895224518888,0.1835638358669562
0.03857804704205275,0.1835638358669562
0.03857804704205275,0.1837924334209624
0.038667141838916605,0.1837924334209624
0.038667141838916605,0.18402103097496858
0.03875623663578047,0.18402103097496858
0.03875623663578047,0.18424962852897475
0.038845331432644334,0.18424962852897475
0.038845331432644334,0.184592524859984
0.039201710620099785,0.184592524859984
0.039201710620099785,0.18482112241399018
0.039379900213827514,0.18482112241399018
0.039379900213827514,0.18493542119099327
0.03946899501069138,0.18493542119099327
0.03946899501069138,0.18516401874499944
0.0396471846044191,0.18516401874499944
0.0396471846044191,0.18596411018402104
0.039736279401282965,0.18596411018402104
0.039736279401282965,0.1863070065150303
0.03982537419814683,0.1863070065150303
0.03982537419814683,0.18687850040004572
0.03991446899501069,0.18687850040004572
0.03991446899501069,0.18756429306206424
0.040092658588738415,0.18756429306206424
0.040092658588738415,0.18767859183906732
0.04018175338560228,0.18767859183906732
0.04018175338560228,0.1877928906160704
0.04035994297933001,0.1877928906160704
0.04035994297933001,0.1879071893930735
0.04044903777619387,0.1879071893930735
0.04044903777619387,0.18813578694707966
0.04053813257305773,0.18813578694707966
0.04053813257305773,0.18825008572408275
0.040627227369921595,0.18825008572408275
0.040627227369921595,0.1893930734941136
0.04071632216678546,0.1893930734941136
0.04071632216678546,0.18985026860212595
0.040805416963649324,0.18985026860212595
0.040805416963649324,0.19007886615613212
0.040983606557377046,0.19007886615613212
0.040983606557377046,0.1901931649331352
0.04107270135424091,0.1901931649331352
0.04107270135424091,0.19042176248714138
0.041339985744832504,0.19042176248714138
0.041339985744832504,0.19087895759515372
0.04160727013542409,0.19087895759515372
0.04160727013542409,0.1909932563721568
0.041696364932287955,0.1909932563721568
0.041696364932287955,0.19167904903417535
0.041874554526015684,0.19167904903417535
0.041874554526015684,0.19236484169619386
0.04196364932287954,0.19236484169619386
0.04196364932287954,0.19270773802720312
0.042052744119743406,0.19270773802720312
0.042052744119743406,0.19327923191221855
0.042230933713471135,0.19327923191221855
0.042230933713471135,0.1937364270202309
0.042320028510335,0.1937364270202309
0.042320028510335,0.19385072579723397
0.04249821810406272,0.19385072579723397
0.04249821810406272,0.19396502457423706
0.042587312900926586,0.19396502457423706
0.042587312900926586,0.19407932335124015
0.04267640769779045,0.19407932335124015
0.04267640769779045,0.19499371356726483
0.042765502494654314,0.19499371356726483
0.042765502494654314,0.1953366098982741
0.04285459729151817,0.1953366098982741
0.04285459729151817,0.19590810378328952
0.042943692088382036,0.19590810378328952
0.042943692088382036,0.1960224025602926
0.0430327868852459,0.1960224025602926
0.0430327868852459,0.19647959766830494
0.043121881682109765,0.19647959766830494
0.043121881682109765,0.19659389644530803
0.04321097647897363,0.19659389644530803
0.04321097647897363,0.1968224939993142
0.043300071275837494,0.1968224939993142
0.043300071275837494,0.1969367927763173
0.043478260869565216,0.1969367927763173
0.043478260869565216,0.19739398788432963
0.043656450463292945,0.19739398788432963
0.043656450463292945,0.1976225854383358
0.04374554526015681,0.1976225854383358
0.04374554526015681,0.1977368842153389
0.044012829650748396,0.1977368842153389
0.044012829650748396,0.19796548176934506
0.04410192444761226,0.19796548176934506
0.04410192444761226,0.19807978054634814
0.04428011404133998,0.19807978054634814
0.04428011404133998,0.19819407932335123
0.04436920883820385,0.19819407932335123
0.04436920883820385,0.19910846953937592
0.044547398431931576,0.19910846953937592
0.044547398431931576,0.19922276831637903
0.04463649322879544,0.19922276831637903
0.04463649322879544,0.1994513658703852
0.044725588025659305,0.1994513658703852
0.044725588025659305,0.19956566464738829
0.04481468282252316,0.19956566464738829
0.04481468282252316,0.20002285975540063
0.04490377761938703,0.20002285975540063
0.04490377761938703,0.2002514573094068
0.04499287241625089,0.2002514573094068
0.04499287241625089,0.20082295119442223
0.045081967213114756,0.20082295119442223
0.045081967213114756,0.2010515487484284
0.04517106200997862,0.2010515487484284
0.04517106200997862,0.20128014630243457
0.04526015680684248,0.20128014630243457
0.04526015680684248,0.20150874385644074
0.04534925160370634,0.20150874385644074
0.04534925160370634,0.2017373414104469
0.045438346400570206,0.2017373414104469
0.045438346400570206,0.20196593896445308
0.04552744119743407,0.20196593896445308
0.04552744119743407,0.20208023774145617
0.045616535994297935,0.20208023774145617
0.045616535994297935,0.20230883529546234
0.04570563079116179,0.20230883529546234
0.04570563079116179,0.20276603040347468
0.04579472558802566,0.20276603040347468
0.04579472558802566,0.20310892673448394
0.04624019957234497,0.20310892673448394
0.04624019957234497,0.2033375242884901
0.0464183891660727,0.2033375242884901
0.0464183891660727,0.20516630472053948
0.046507483962936566,0.20516630472053948
0.046507483962936566,0.20539490227454565
0.04668567355666429,0.20539490227454565
0.04668567355666429,0.20562349982855183
0.04686386315039202,0.20562349982855183
0.04686386315039202,0.205852097382558
0.047042052744119746,0.205852097382558
0.047042052744119746,0.20596639615956108
0.04722024233784747,0.20596639615956108
0.04722024233784747,0.20608069493656417
0.0473984319315752,0.20608069493656417
0.0473984319315752,0.20619499371356725
0.047576621525302926,0.20619499371356725
0.047576621525302926,0.20630929249057034
0.04766571632216678,0.20630929249057034
0.04766571632216678,0.20710938392959197
0.04793300071275838,0.20710938392959197
0.04793300071275838,0.2075665790376043
0.04802209550962224,0.2075665790376043
0.04802209550962224,0.20790947536861357
0.0481111903064861,0.20790947536861357
0.0481111903064861,0.20813807292261974
0.04820028510334996,0.20813807292261974
0.04820028510334996,0.2083666704766259
0.04828937990021383,0.2083666704766259
0.04828937990021383,0.20859526803063208
0.048467569493941556,0.20859526803063208
0.048467569493941556,0.20905246313864442
0.04864575908766928,0.20905246313864442
0.04864575908766928,0.2091667619156475
0.04873485388453314,0.2091667619156475
0.04873485388453314,0.20939535946965368
0.04891304347826087,0.20939535946965368
0.04891304347826087,0.21053834723968454
0.04918032786885246,0.21053834723968454
0.04918032786885246,0.21145273745570922
0.04944761225944405,0.21145273745570922
0.04944761225944405,0.21190993256372156
0.04953670705630791,0.21190993256372156
0.04953670705630791,0.21202423134072465
0.04962580185317177,0.21202423134072465
0.04962580185317177,0.2123671276717339
0.04971489665003564,0.2123671276717339
0.04971489665003564,0.2132815178877586
0.049982181040627224,0.2132815178877586
0.049982181040627224,0.21351011544176476
0.05007127583749109,0.21351011544176476
0.05007127583749109,0.21385301177277402
0.05016037063435495,0.21385301177277402
0.05016037063435495,0.2140816093267802
0.05024946543121882,0.2140816093267802
0.05024946543121882,0.21431020688078636
0.05033856022808268,0.21431020688078636
0.05033856022808268,0.2149959995428049
0.050516749821810404,0.2149959995428049
0.050516749821810404,0.215110298319808
0.05060584461867427,0.215110298319808
0.05060584461867427,0.21522459709681108
0.05069493941553813,0.21522459709681108
0.05069493941553813,0.21533889587381416
0.050784034212402,0.21533889587381416
0.050784034212402,0.21568179220482342
0.05087312900926586,0.21568179220482342
0.05087312900926586,0.21602468853583268
0.051051318602993584,0.21602468853583268
0.051051318602993584,0.2165961824208481
0.05122950819672131,0.2165961824208481
0.05122950819672131,0.21682477997485428
0.051407697790449035,0.21682477997485428
0.051407697790449035,0.21808206652188822
0.051585887384176764,0.21808206652188822
0.051585887384176764,0.2181963652988913
0.05176407697790449,0.2181963652988913
0.05176407697790449,0.21956795062292833
0.051942266571632215,0.21956795062292833
0.051942266571632215,0.22105383472396845
0.05203136136849608,0.22105383472396845
0.05203136136849608,0.2213967310549777
0.052120456165359944,0.2213967310549777
0.052120456165359944,0.2215110298319808
0.05229864575908767,0.2215110298319808
0.05229864575908767,0.22162532860898387
0.052476835352815394,0.22162532860898387
0.052476835352815394,0.22208252371699622
0.05256593014967926,0.22208252371699622
0.05256593014967926,0.2221968224939993
0.05274411974340699,0.2221968224939993
0.05274411974340699,0.2223111212710024
0.05292230933713471,0.2223111212710024
0.05292230933713471,0.22276831637901476
0.05327868852459016,0.22276831637901476
0.05327868852459016,0.22356840781803636
0.053367783321454025,0.22356840781803636
0.053367783321454025,0.22436849925705796
0.05345687811831789,0.22436849925705796
0.05345687811831789,0.22459709681106413
0.05363506771204562,0.22459709681106413
0.05363506771204562,0.22471139558806721
0.05372416250890948,0.22471139558806721
0.05372416250890948,0.22493999314207339
0.05381325730577334,0.22493999314207339
0.05381325730577334,0.22516859069607956
0.05399144689950107,0.22516859069607956
0.05399144689950107,0.22528288947308264
0.054080541696364934,0.22528288947308264
0.054080541696364934,0.22574008458109499
0.0541696364932288,0.22574008458109499
0.0541696364932288,0.22585438335809807
0.054258731290092656,0.22585438335809807
0.054258731290092656,0.22734026745913818
0.054436920883820385,0.22734026745913818
0.054436920883820385,0.22745456623614127
0.05452601568068425,0.22745456623614127
0.05452601568068425,0.22756886501314436
0.054615110477548114,0.22756886501314436
0.054615110477548114,0.22779746256715053
0.05470420527441197,0.22779746256715053
0.05470420527441197,0.22814035889815978
0.054793300071275836,0.22814035889815978
0.054793300071275836,0.2287118527831752
0.054971489665003564,0.2287118527831752
0.054971489665003564,0.22894045033718138
0.05506058446186743,0.22894045033718138
0.05506058446186743,0.22974054177620298
0.05514967925873129,0.22974054177620298
0.05514967925873129,0.22985484055320607
0.055327868852459015,0.22985484055320607
0.055327868852459015,0.2305406332152246
0.05541696364932288,0.2305406332152246
0.05541696364932288,0.2306549319922277
0.055506058446186744,0.2306549319922277
0.055506058446186744,0.2314550234312493
0.05559515324305061,0.2314550234312493
0.05559515324305061,0.23156932220825238
0.05577334283677833,0.23156932220825238
0.05577334283677833,0.23191221853926164
0.055862437633642195,0.23191221853926164
0.055862437633642195,0.23202651731626472
0.05595153243050606,0.23202651731626472
0.05595153243050606,0.2322551148702709
0.056040627227369924,0.2322551148702709
0.056040627227369924,0.23236941364727398
0.05612972202423378,0.23236941364727398
0.05612972202423378,0.23248371242427707
0.056218816821097646,0.23248371242427707
0.056218816821097646,0.2330552063092925
0.05684248039914469,0.2330552063092925
0.05684248039914469,0.23351240141730484
0.057287954383464006,0.23351240141730484
0.057287954383464006,0.233740998971311
0.05737704918032787,0.233740998971311
0.05737704918032787,0.23431249285632644
0.05755523877405559,0.23431249285632644
0.05755523877405559,0.23488398674134187
0.05764433357091946,0.23488398674134187
0.05764433357091946,0.2353411818493542
0.05773342836778332,0.2353411818493542
0.05773342836778332,0.2362555720653789
0.057822523164647185,0.2362555720653789
0.057822523164647185,0.23659846839638815
0.05791161796151105,0.23659846839638815
0.05791161796151105,0.2370556635044005
0.058178902352102636,0.2370556635044005
0.058178902352102636,0.23728426105840666
0.058357091945830365,0.23728426105840666
0.058357091945830365,0.23751285861241284
0.05853528153955809,0.23751285861241284
0.05853528153955809,0.23762715738941592
0.058713471133285816,0.23762715738941592
0.058713471133285816,0.23797005372042518
0.05880256593014968,0.23797005372042518
0.05880256593014968,0.23808435249742826
0.058891660727013545,0.23808435249742826
0.058891660727013545,0.23819865127443135
0.0589807555238774,0.23819865127443135
0.05906985032074127,0.23831295005143446
0.05906985032074127,0.23854154760544063
0.05915894511760513,0.23854154760544063
0.05915894511760513,0.23899874271345298
0.059248039914468996,0.23899874271345298
0.059248039914468996,0.23922734026745915
0.05933713471133286,0.23922734026745915
0.05933713471133286,0.24014173048348383
0.05942622950819672,0.24014173048348383
0.05942622950819672,0.24037032803749
0.05960441910192445,0.24037032803749
0.05960441910192445,0.2404846268144931
0.05969351389878831,0.2404846268144931
0.05969351389878831,0.24094182192250543
0.05987170349251604,0.24094182192250543
0.05987170349251604,0.24105612069950852
0.0599607982893799,0.24105612069950852
0.0599607982893799,0.2411704194765116
0.06004989308624376,0.2411704194765116
0.06004989308624376,0.24174191336152703
0.06013898788310763,0.24174191336152703
0.06013898788310763,0.2419705109155332
0.06049536707056308,0.2419705109155332
0.06049536707056308,0.24219910846953938
0.060673556664290806,0.24219910846953938
0.060673556664290806,0.24231340724654246
0.06076265146115467,0.24231340724654246
0.06076265146115467,0.2428849011315579
0.06085174625801853,0.2428849011315579
0.06085174625801853,0.24311349868556406
0.06094084105488239,0.24311349868556406
0.06094084105488239,0.24322779746256715
0.06111903064861012,0.24322779746256715
0.06111903064861012,0.2435706937935764
0.06129722024233785,0.2435706937935764
0.06129722024233785,0.24425648645559492
0.06138631503920171,0.24425648645559492
0.06138631503920171,0.24471368156360726
0.06147540983606557,0.24471368156360726
0.06147540983606557,0.24494227911761343
0.06156450463292944,0.24494227911761343
0.06156450463292944,0.2451708766716196
0.061742694226657166,0.2451708766716196
0.061742694226657166,0.24539947422562577
0.06192088382038489,0.24539947422562577
0.06192088382038489,0.24562807177963195
0.06200997861724875,0.24562807177963195
0.06200997861724875,0.24688535832666592
0.06227726300784034,0.24688535832666592
0.06227726300784034,0.246999657103669
0.0623663578047042,0.246999657103669
0.0623663578047042,0.24768544976568752
0.06245545260156807,0.24768544976568752
0.06245545260156807,0.2479140473196937
0.0626336421952958,0.2479140473196937
0.0626336421952958,0.24848554120470911
0.06281183178902353,0.24848554120470911
0.06281183178902353,0.2485998399817122
0.06290092658588739,0.2485998399817122
0.06290092658588739,0.24917133386672763
0.0630791161796151,0.24917133386672763
0.0630791161796151,0.24962852897473997
0.0633464005702067,0.24962852897473997
0.0633464005702067,0.24997142530574923
0.06343549536707056,0.24997142530574923
0.06343549536707056,0.2508858155217739
0.06361368496079829,0.2508858155217739
0.06361368496079829,0.2511144130757801
0.06388096935138989,0.2511144130757801
0.06388096935138989,0.25145730940678934
0.06397006414825374,0.25145730940678934
0.06397006414825374,0.25157160818379243
0.0640591589451176,0.25157160818379243
0.0640591589451176,0.2519145045148017
0.06414825374198146,0.2519145045148017
0.06414825374198146,0.25202880329180477
0.06450463292943692,0.25202880329180477
0.06450463292943692,0.25225740084581094
0.06468282252316465,0.25225740084581094
0.06468282252316465,0.2534003886158418
0.06477191732002852,0.2534003886158418
0.06477191732002852,0.2543147788318665
0.06512829650748396,0.2543147788318665
0.06512829650748396,0.2547719739398788
0.06539558089807555,0.2547719739398788
0.06539558089807555,0.2548862727168819
0.06548467569493942,0.2548862727168819
0.06548467569493942,0.25522916904789117
0.06557377049180328,0.25522916904789117
0.06557377049180328,0.25534346782489425
0.06566286528866715,0.25534346782489425
0.06566286528866715,0.2555720653789004
0.06575196008553101,0.2555720653789004
0.06575196008553101,0.2559149617099097
0.06601924447612259,0.2559149617099097
0.06601924447612259,0.25614355926391585
0.06610833927298645,0.25614355926391585
0.06610833927298645,0.25625785804091894
0.06619743406985032,0.25625785804091894
0.06619743406985032,0.25694365070293745
0.06628652886671418,0.25694365070293745
0.06628652886671418,0.2571722482569436
0.06637562366357805,0.2571722482569436
0.06637562366357805,0.2574008458109498
0.0667320028510335,0.2574008458109498
0.0667320028510335,0.2575151445879529
0.06682109764789736,0.2575151445879529
0.06682109764789736,0.25774374214195905
0.06699928724162509,0.25774374214195905
0.06699928724162509,0.25820093724997145
0.06717747683535281,0.25820093724997145
0.06717747683535281,0.2586581323579838
0.06726657163221668,0.2586581323579838
0.06726657163221668,0.25888672991198997
0.06735566642908054,0.25888672991198997
0.06735566642908054,0.25900102868899305
0.06744476122594441,0.25900102868899305
0.06744476122594441,0.2595725225740085
0.06753385602280827,0.2595725225740085
0.06753385602280827,0.25968682135101157
0.06789023521026372,0.25968682135101157
0.06789023521026372,0.25980112012801465
0.06797933000712758,0.25980112012801465
0.06797933000712758,0.2600297176820208
0.06806842480399145,0.2600297176820208
0.06806842480399145,0.2603726140130301
0.06815751960085531,0.2603726140130301
0.06815751960085531,0.26071551034403934
0.06824661439771917,0.26071551034403934
0.06824661439771917,0.2608298091210424
0.06878118317890235,0.2608298091210424
0.06878118317890235,0.2609441078980455
0.06895937277263008,0.2609441078980455
0.06895937277263008,0.2610584066750486
0.06931575196008553,0.2610584066750486
0.06931575196008553,0.26151560178306094
0.06949394155381326,0.26151560178306094
0.06949394155381326,0.2617441993370671
0.06958303635067713,0.2617441993370671
0.06958303635067713,0.2618584981140702
0.06967213114754098,0.2618584981140702
0.06967213114754098,0.26208709566807636
0.0698503207412687,0.26208709566807636
0.0698503207412687,0.2624299919990856
0.07002851033499644,0.2624299919990856
0.07002851033499644,0.2626585895530918
0.07020669992872416,0.2626585895530918
0.07020669992872416,0.2627728883300949
0.07029579472558803,0.2627728883300949
0.07029579472558803,0.26311578466110414
0.0703848895224519,0.26311578466110414
0.0703848895224519,0.26368727854611956
0.07056307911617961,0.26368727854611956
0.07056307911617961,0.26391587610012573
0.07065217391304347,0.26391587610012573
0.07065217391304347,0.26471596753914733
0.07074126870990734,0.26471596753914733
0.07074126870990734,0.2650588638701566
0.0708303635067712,0.2650588638701566
0.0708303635067712,0.2651731626471597
0.07100855310049893,0.2651731626471597
0.07100855310049893,0.26551605897816893
0.07127583749109052,0.26551605897816893
0.07127583749109052,0.26631615041719053
0.07136493228795439,0.26631615041719053
0.07136493228795439,0.2664304491941936
0.07145402708481825,0.2664304491941936
0.07145402708481825,0.2665447479711967
0.07172131147540983,0.2665447479711967
0.07172131147540983,0.26688764430220596
0.07189950106913756,0.26688764430220596
0.07189950106913756,0.26700194307920905
0.07207769066286529,0.26700194307920905
0.07207769066286529,0.26711624185621213
0.07225588025659302,0.26711624185621213
0.07225588025659302,0.2675734369642245
0.07243406985032075,0.2675734369642245
0.07243406985032075,0.26780203451823065
0.0725231646471846,0.26780203451823065
0.0725231646471846,0.268259229626243
0.07261225944404846,0.268259229626243
0.07261225944404846,0.2683735284032461
0.07270135424091233,0.2683735284032461
0.07270135424091233,0.26848782718024916
0.07296863863150392,0.26848782718024916
0.07296863863150392,0.2688307235112584
0.07305773342836779,0.2688307235112584
0.07305773342836779,0.26940221739627385
0.07314682822523165,0.26940221739627385
0.07314682822523165,0.26951651617327693
0.07323592302209551,0.26951651617327693
0.07323592302209551,0.2698594125042862
0.07332501781895938,0.2698594125042862
0.07332501781895938,0.2699737112812893
0.07341411261582323,0.2699737112812893
0.07341411261582323,0.27031660761229853
0.0735032074126871,0.27031660761229853
0.0735032074126871,0.2706595039433078
0.07368139700641482,0.2706595039433078
0.07368139700641482,0.27088810149731396
0.07385958660014255,0.27088810149731396
0.07385958660014255,0.2712309978283232
0.07394868139700642,0.2712309978283232
0.07394868139700642,0.27168819293633556
0.07403777619387028,0.27168819293633556
0.07403777619387028,0.272259686821351
0.07412687099073414,0.272259686821351
0.07412687099073414,0.2723739855983541
0.07430506058446187,0.2723739855983541
0.07430506058446187,0.27260258315236024
0.07439415538132572,0.27260258315236024
0.07439415538132572,0.27271688192936333
0.07448325017818959,0.27271688192936333
0.07448325017818959,0.27328837581437876
0.07457234497505345,0.27328837581437876
0.07457234497505345,0.273516973368385
0.07466143977191732,0.273516973368385
0.07466143977191732,0.27397416847639733
0.07492872416250891,0.27397416847639733
0.07492872416250891,0.2740884672534004
0.07501781895937278,0.2740884672534004
0.07501781895937278,0.27523145502343127
0.07510691375623664,0.27523145502343127
0.07510691375623664,0.2755743513544405
0.0751960085531005,0.2755743513544405
0.0751960085531005,0.2758029489084467
0.07528510334996436,0.2758029489084467
0.07528510334996436,0.27614584523945596
0.07537419814682822,0.27614584523945596
0.07537419814682822,0.27626014401645904
0.07564148253741981,0.27626014401645904
0.07564148253741981,0.2767173391244714
0.07573057733428368,0.2767173391244714
0.07573057733428368,0.27694593667847756
0.0759087669280114,0.27694593667847756
0.0759087669280114,0.27706023545548064
0.07599786172487527,0.27706023545548064
0.07599786172487527,0.2772888330094868
0.076176051318603,0.2772888330094868
0.076176051318603,0.27763172934049607
0.07635424091233071,0.27763172934049607
0.07635424091233071,0.2780889244485084
0.07644333570919458,0.2780889244485084
0.07644333570919458,0.27866041833352384
0.07662152530292231,0.27866041833352384
0.07662152530292231,0.2787747171105269
0.07671062009978617,0.2787747171105269
0.07671062009978617,0.2790033146645331
0.0768888096935139,0.2790033146645331
0.0768888096935139,0.27923191221853927
0.07697790449037777,0.27923191221853927
0.07697790449037777,0.27946050977254544
0.07706699928724163,0.27946050977254544
0.07706699928724163,0.2806034975425763
0.07724518888096935,0.2806034975425763
0.07724518888096935,0.28094639387358555
0.07769066286528867,0.28094639387358555
0.07769066286528867,0.28106069265058864
0.07795794725588026,0.28106069265058864
0.07795794725588026,0.2811749914275917
0.07804704205274413,0.2811749914275917
0.07804704205274413,0.2814035889815979
0.07813613684960798,0.2814035889815979
0.07813613684960798,0.281517887758601
0.07822523164647184,0.281517887758601
0.07822523164647184,0.28163218653560407
0.07840342124019957,0.28163218653560407
0.07840342124019957,0.28174648531260715
0.07849251603706343,0.28174648531260715
0.07849251603706343,0.2820893816436164
0.0785816108339273,0.2820893816436164
0.0785816108339273,0.28243227797462567
0.07875980042765503,0.28243227797462567
0.07875980042765503,0.2827751743056349
0.07884889522451889,0.2827751743056349
0.07884889522451889,0.282889473082638
0.07902708481824662,0.282889473082638
0.07902708481824662,0.28323236941364727
0.07911617961511047,0.28323236941364727
0.07911617961511047,0.2836895645216596
0.07920527441197434,0.2836895645216596
0.07920527441197434,0.2838038632986627
0.07965074839629366,0.2838038632986627
0.07965074839629366,0.28414675962967195
0.07973984319315752,0.28414675962967195
0.07973984319315752,0.2844896559606812
0.07982893799002139,0.2844896559606812
0.07982893799002139,0.2847182535146874
0.08000712758374912,0.2847182535146874
0.08000712758374912,0.2854040461767059
0.08009622238061297,0.2854040461767059
0.08009622238061297,0.285518344953709
0.0802744119743407,0.285518344953709
0.0802744119743407,0.28563264373071207
0.08045260156806842,0.28563264373071207
0.08045260156806842,0.28574694250771515
0.08054169636493229,0.28574694250771515
0.08054169636493229,0.2863184363927306
0.08080898075552388,0.2863184363927306
0.08080898075552388,0.28654703394673675
0.0809871703492516,0.28654703394673675
0.0809871703492516,0.28666133272373984
0.08116535994297933,0.28666133272373984
0.08116535994297933,0.2867756315007429
0.08125445473984319,0.2867756315007429
0.08125445473984319,0.28723282660875527
0.08143264433357092,0.28723282660875527
0.08143264433357092,0.28746142416276144
0.08152173913043478,0.28746142416276144
0.08152173913043478,0.2879186192707738
0.08169992872416251,0.2879186192707738
0.08169992872416251,0.28803291804777686
0.08178902352102638,0.28803291804777686
0.08178902352102638,0.28814721682477995
0.08196721311475409,0.28814721682477995
0.08196721311475409,0.28826151560178304
0.08223449750534569,0.28826151560178304
0.08223449750534569,0.2896331009258201
0.08241268709907341,0.2896331009258201
0.08241268709907341,0.2899759972568294
0.08267997148966501,0.2899759972568294
0.08267997148966501,0.29031889358783863
0.08276906628652887,0.29031889358783863
0.08276906628652887,0.2904331923648417
0.08303635067712045,0.2904331923648417
0.08303635067712045,0.290776088695851
0.08312544547398432,0.290776088695851
0.08312544547398432,0.29089038747285406
0.08330363506771205,0.29089038747285406
0.08330363506771205,0.2913475825808664
0.08348182466143977,0.2913475825808664
0.08348182466143977,0.2914618813578695
0.08357091945830364,0.2914618813578695
0.08357091945830364,0.2915761801348726
0.0836600142551675,0.2915761801348726
0.0836600142551675,0.29191907646588183
0.08392729864575908,0.29191907646588183
0.08392729864575908,0.29260486912790035
0.08419458303635068,0.29260486912790035
0.08419458303635068,0.2928334666819065
0.0843727726300784,0.2928334666819065
0.0843727726300784,0.2929477654589096
0.08446186742694227,0.2929477654589096
0.08446186742694227,0.2931763630129158
0.08455096222380613,0.2931763630129158
0.08455096222380613,0.29329066178991886
0.08481824661439771,0.29329066178991886
0.08481824661439771,0.29340496056692195
0.08499643620812544,0.29340496056692195
0.08499643620812544,0.29420505200594355
0.08517462580185317,0.29420505200594355
0.08517462580185317,0.2944336495599497
0.0853528153955809,0.2944336495599497
0.0853528153955809,0.29511944222196823
0.08544191019244476,0.29511944222196823
0.08544191019244476,0.2952337409989713
0.08615466856735567,0.2952337409989713
0.08615466856735567,0.2953480397759744
0.08624376336421953,0.2953480397759744
0.08624376336421953,0.2955766373299806
0.0863328581610834,0.2955766373299806
0.0863328581610834,0.29569093610698366
0.08668923734853884,0.29569093610698366
0.08668923734853884,0.29580523488398675
0.0867783321454027,0.29580523488398675
0.0867783321454027,0.2963767287690022
0.08695652173913043,0.2963767287690022
0.08695652173913043,0.29649102754600526
0.08731290092658589,0.29649102754600526
0.08731290092658589,0.29660532632300834
0.08740199572344975,0.29660532632300834
0.08740199572344975,0.29671962510001143
0.08758018531717748,0.29671962510001143
0.08758018531717748,0.29809121042404846
0.08784746970776906,0.29809121042404846
0.08784746970776906,0.29820550920105154
0.08793656450463293,0.29820550920105154
0.08793656450463293,0.29831980797805463
0.08820384889522452,0.29831980797805463
0.08820384889522452,0.2986627043090639
0.08829294369208839,0.2986627043090639
0.08829294369208839,0.29900560064007314
0.08847113328581611,0.29900560064007314
0.08847113328581611,0.29957709452508857
0.08864932287954383,0.29957709452508857
0.08864932287954383,0.29991999085609783
0.08900570206699929,0.29991999085609783
0.08900570206699929,0.300148588410104
0.08909479686386315,0.300148588410104
0.08909479686386315,0.30060578351811634
0.08918389166072702,0.30060578351811634
0.08918389166072702,0.3008343810721225
0.08936208125445474,0.3008343810721225
0.08936208125445474,0.30117727740313177
0.08945117605131861,0.30117727740313177
0.08945117605131861,0.30152017373414103
0.08962936564504632,0.30152017373414103
0.08962936564504632,0.3016344725111441
0.09007483962936565,0.3016344725111441
0.09007483962936565,0.3026631615041719
0.09016393442622951,0.3026631615041719
0.09016393442622951,0.30289175905817806
0.09025302922309338,0.30289175905817806
0.09025302922309338,0.3031203566121842
0.0904312188168211,0.3031203566121842
0.0904312188168211,0.3032346553891873
0.09069850320741268,0.3032346553891873
0.09069850320741268,0.3034632529431935
0.09105488239486814,0.3034632529431935
0.09105488239486814,0.30357755172019657
0.091143977191732,0.30357755172019657
0.091143977191732,0.304149045605212
0.09123307198859587,0.304149045605212
0.09123307198859587,0.3042633443822151
0.09141126158232359,0.3042633443822151
0.09141126158232359,0.30483483826723057
0.09150035637918745,0.30483483826723057
0.09150035637918745,0.305406332152246
0.09158945117605131,0.305406332152246
0.09158945117605131,0.3055206309292491
0.09194583036350677,0.3055206309292491
0.09194583036350677,0.3059778260372614
0.09203492516037064,0.3059778260372614
0.09203492516037064,0.30643502114527377
0.09221311475409837,0.30643502114527377
0.09221311475409837,0.30654931992227685
0.09248039914468995,0.30654931992227685
0.09248039914468995,0.306777917476283
0.09265858873841767,0.306777917476283
0.09265858873841767,0.3068922162532861
0.09274768353528154,0.3068922162532861
0.09274768353528154,0.3070065150302892
0.09292587312900927,0.3070065150302892
0.09292587312900927,0.3071208138072923
0.09301496792587313,0.3071208138072923
0.09301496792587313,0.30723511258429537
0.093104062722737,0.30723511258429537
0.093104062722737,0.30803520402331697
0.09319315751960086,0.30803520402331697
0.09319315751960086,0.30814950280032005
0.09328225231646471,0.30814950280032005
0.09328225231646471,0.3083781003543262
0.09337134711332858,0.3083781003543262
0.09337134711332858,0.3084923991313293
0.09346044191019244,0.3084923991313293
0.09346044191019244,0.30894959423934165
0.09346044191019244,0.3091781917933478
0.09346044191019244,0.309406789347354
0.0935495367070563,0.309406789347354
0.0935495367070563,0.3100925820093725
0.0938168210976479,0.3100925820093725
0.0938168210976479,0.3102068807863756
0.09390591589451176,0.3102068807863756
0.09390591589451176,0.31043547834038177
0.09399501069137563,0.31043547834038177
0.09399501069137563,0.31054977711738485
0.09417320028510336,0.31054977711738485
0.09417320028510336,0.31066407589438794
0.09435138987883107,0.31066407589438794
0.09435138987883107,0.31134986855640645
0.09444048467569494,0.31134986855640645
0.09444048467569494,0.3118070636644188
0.0945295794725588,0.3118070636644188
0.0945295794725588,0.31226425877243114
0.09461867426942266,0.31226425877243114
0.09461867426942266,0.3123785575494342
0.0947968638631504,0.3123785575494342
0.0947968638631504,0.3124928563264373
0.09488595866001426,0.3124928563264373
0.09488595866001426,0.3126071551034404
0.09497505345687812,0.3126071551034404
0.09497505345687812,0.31283575265744656
0.09515324305060585,0.31283575265744656
0.09515324305060585,0.3131786489884558
0.0952423378474697,0.3131786489884558
0.0952423378474697,0.3132929477654589
0.09533143264433357,0.3132929477654589
0.09533143264433357,0.313407246542462
0.09542052744119743,0.313407246542462
0.09542052744119743,0.31375014287347125
0.0955096222380613,0.31375014287347125
0.0955096222380613,0.3139787404274774
0.09568781183178902,0.3139787404274774
0.09568781183178902,0.3150074294205052
0.09577690662865289,0.3150074294205052
0.09577690662865289,0.3151217281975083
0.09586600142551675,0.3151217281975083
0.09586600142551675,0.31523602697451136
0.09595509622238062,0.31523602697451136
0.09595509622238062,0.31546462452851753
0.09613328581610833,0.31546462452851753
0.09613328581610833,0.3155789233055206
0.09631147540983606,0.3155789233055206
0.09631147540983606,0.3156932220825237
0.09657875980042765,0.3156932220825237
0.09657875980042765,0.31603611841353296
0.09666785459729152,0.31603611841353296
0.09666785459729152,0.31615041719053605
0.09684604419101925,0.31615041719053605
0.09684604419101925,0.3163790147445422
0.09702423378474698,0.3163790147445422
0.09702423378474698,0.3164933135215453
0.09720242337847469,0.3164933135215453
0.09720242337847469,0.3166076122985484
0.09729151817533856,0.3166076122985484
0.09729151817533856,0.31683620985255456
0.09738061297220242,0.31683620985255456
0.09738061297220242,0.3171791061835638
0.09746970776906629,0.3171791061835638
0.09746970776906629,0.3172934049605669
0.09764789736279401,0.3172934049605669
0.09764789736279401,0.31763630129157616
0.09800427655024947,0.31763630129157616
0.09800427655024947,0.31786489884558233
0.09809337134711332,0.31786489884558233
0.09809337134711332,0.31855069150760085
0.09827156094084105,0.31855069150760085
0.09827156094084105,0.3188935878386101
0.09836065573770492,0.3188935878386101
0.09836065573770492,0.3190078866156132
0.09844975053456878,0.3190078866156132
0.09844975053456878,0.31923648416961936
0.09853884533143265,0.31923648416961936
0.09853884533143265,0.31946508172362553
0.09853884533143265,0.3196936792776317
0.09853884533143265,0.3198079780546348
0.09862794012829651,0.3198079780546348
0.09862794012829651,0.32060806949365644
0.09871703492516037,0.32060806949365644
0.09871703492516037,0.32072236827065953
0.09898431931575195,0.32072236827065953
0.09898431931575195,0.3210652646016688
0.09907341411261582,0.3210652646016688
0.09907341411261582,0.3211795633786719
0.09916250890947968,0.3211795633786719
0.09916250890947968,0.32129386215567496
0.09934069850320741,0.32129386215567496
0.09934069850320741,0.32140816093267804
0.09942979330007128,0.32140816093267804
0.09942979330007128,0.322665447479712
0.09951888809693514,0.322665447479712
0.09951888809693514,0.32289404503371816
0.09978617248752673,0.32289404503371816
0.09978617248752673,0.32312264258772433
0.09996436208125445,0.32312264258772433
0.09996436208125445,0.32357983769573667
0.10014255167498218,0.32357983769573667
0.10014255167498218,0.324037032803749
0.10085531004989308,0.324037032803749
0.10085531004989308,0.3241513315807521
0.10103349964362081,0.3241513315807521
0.10103349964362081,0.32460852668876444
0.10112259444048467,0.32460852668876444
0.10112259444048467,0.3250657217967768
0.1013007840342124,0.3250657217967768
0.1013007840342124,0.32518002057377987
0.10138987883107627,0.32518002057377987
0.10138987883107627,0.32529431935078296
0.10165716322166786,0.32529431935078296
0.10165716322166786,0.32540861812778604
0.10174625801853172,0.32540861812778604
0.10174625801853172,0.3258658132357984
0.1020135424091233,0.3258658132357984
0.1020135424091233,0.32598011201280147
0.10210263720598717,0.32598011201280147
0.10210263720598717,0.3265516058978169
0.10219173200285103,0.3265516058978169
0.10219173200285103,0.32678020345182307
0.1022808267997149,0.32678020345182307
0.1022808267997149,0.32689450222882616
0.10236992159657876,0.32689450222882616
0.10236992159657876,0.3272373985598354
0.10245901639344263,0.3272373985598354
0.10245901639344263,0.3274659961138416
0.10254811119030649,0.3274659961138416
0.10254811119030649,0.32758029489084467
0.10263720598717035,0.32758029489084467
0.10263720598717035,0.3281517887758601
0.10272630078403422,0.3281517887758601
0.10272630078403422,0.3282660875528632
0.10290449037776193,0.3282660875528632
0.10290449037776193,0.32860898388387244
0.10317177476835353,0.32860898388387244
0.10317177476835353,0.3289518802148817
0.10326086956521739,0.3289518802148817
0.10326086956521739,0.3290661789918848
0.10334996436208126,0.3290661789918848
0.10334996436208126,0.32918047776888787
0.10343905915894512,0.32918047776888787
0.10343905915894512,0.32940907532289404
0.1037063435495367,0.32940907532289404
0.1037063435495367,0.3295233740998971
0.10379543834640056,0.3295233740998971
0.10379543834640056,0.3298662704309064
0.1039736279401283,0.3298662704309064
0.1039736279401283,0.32998056920790947
0.10406272273699216,0.32998056920790947
0.10406272273699216,0.33009486798491255
0.10415181753385602,0.33009486798491255
0.10415181753385602,0.33100925820093724
0.10441910192444762,0.33100925820093724
0.10441910192444762,0.3312378557549434
0.10450819672131148,0.3312378557549434
0.10450819672131148,0.3314664533089496
0.10459729151817534,0.3314664533089496
0.10459729151817534,0.33180934963995884
0.1046863863150392,0.33180934963995884
0.1046863863150392,0.3321522459709681
0.10486457590876692,0.3321522459709681
0.10486457590876692,0.33238084352497427
0.10495367070563079,0.33238084352497427
0.10495367070563079,0.3327237398559835
0.10513186029935852,0.3327237398559835
0.10513186029935852,0.3328380386329866
0.10531004989308625,0.3328380386329866
0.10531004989308625,0.3329523374099897
0.10539914468995011,0.3329523374099897
0.10539914468995011,0.3330666361869928
0.10548823948681398,0.3330666361869928
0.10548823948681398,0.3335238312950051
0.10566642908054169,0.3335238312950051
0.10566642908054169,0.3338667276260144
0.10575552387740556,0.3338667276260144
0.10575552387740556,0.33409532518002055
0.10584461867426942,0.33409532518002055
0.10584461867426942,0.33420962395702364
0.10593371347113328,0.33420962395702364
0.10593371347113328,0.3344382215110298
0.10602280826799715,0.3344382215110298
0.10602280826799715,0.3345525202880329
0.10629009265858874,0.3345525202880329
0.10629009265858874,0.33500971539604524
0.1063791874554526,0.33500971539604524
0.1063791874554526,0.3352383129500514
0.10646828225231647,0.3352383129500514
0.10646828225231647,0.3353526117270545
0.10655737704918032,0.3353526117270545
0.10655737704918032,0.33558120928106067
0.10682466143977191,0.33558120928106067
0.10682466143977191,0.33569550805806375
0.10691375623663578,0.33569550805806375
0.10691375623663578,0.33615270316607615
0.10709194583036351,0.33615270316607615
0.10709194583036351,0.3363813007200823
0.10718104062722737,0.3363813007200823
0.10718104062722737,0.3364955994970854
0.10744832501781897,0.3364955994970854
0.10744832501781897,0.33695279460509775
0.10771560940841055,0.33695279460509775
0.10771560940841055,0.3371813921591039
0.10780470420527441,0.3371813921591039
0.10780470420527441,0.337295690936107
0.108071988595866,0.337295690936107
0.108071988595866,0.3375242884901132
0.10825017818959373,0.3375242884901132
0.10825017818959373,0.3382100811521317
0.10842836778332145,0.3382100811521317
0.10842836778332145,0.33866727626014403
0.10851746258018531,0.33866727626014403
0.10851746258018531,0.3391244713681564
0.10860655737704918,0.3391244713681564
0.10860655737704918,0.33935306892216255
0.1087847469707769,0.33935306892216255
0.1087847469707769,0.33946736769916563
0.1090520313613685,0.33946736769916563
0.1090520313613685,0.34015316036118415
0.10940841054882394,0.34015316036118415
0.10940841054882394,0.34026745913818723
0.10958660014255167,0.34026745913818723
0.10958660014255167,0.3406103554691965
0.10967569493941554,0.3406103554691965
0.10967569493941554,0.34083895302320266
0.1097647897362794,0.34083895302320266
0.1097647897362794,0.3415247456852212
0.10994297933000713,0.3415247456852212
0.10994297933000713,0.3420962395702366
0.110032074126871,0.3420962395702366
0.110032074126871,0.34243913590124586
0.11021026372059872,0.34243913590124586
0.11021026372059872,0.3431249285632644
0.11029935851746259,0.3431249285632644
0.11029935851746259,0.3435821236712767
0.1104775481111903,0.3435821236712767
0.1104775481111903,0.3438107212252829
0.11056664290805417,0.3438107212252829
0.11056664290805417,0.34415361755629215
0.11083392729864576,0.34415361755629215
0.11083392729864576,0.34426791633329523
0.11092302209550962,0.34426791633329523
0.11092302209550962,0.3444965138873014
0.11101211689237349,0.3444965138873014
0.11101211689237349,0.3446108126643045
0.11119030648610122,0.3446108126643045
0.11119030648610122,0.3447251114413076
0.11127940128296507,0.3447251114413076
0.11127940128296507,0.34495370899531375
0.11136849607982893,0.34495370899531375
0.11136849607982893,0.34506800777231683
0.1114575908766928,0.34506800777231683
0.1114575908766928,0.3451823065493199
0.11163578047042053,0.3451823065493199
0.11163578047042053,0.34575380043433535
0.11190306486101212,0.34575380043433535
0.11199215965787598,0.34586809921133843
0.11199215965787598,0.3462109955423477
0.11217034925160371,0.3462109955423477
0.11217034925160371,0.3463252943193508
0.11225944404846756,0.3463252943193508
0.11225944404846756,0.34655389187335695
0.11243763364219529,0.34655389187335695
0.11243763364219529,0.3467824894273631
0.11252672843905916,0.3467824894273631
0.11252672843905916,0.3468967882043662
0.11270491803278689,0.3468967882043662
0.11270491803278689,0.3471253857583724
0.11279401282965075,0.3471253857583724
0.11279401282965075,0.34723968453537546
0.11297220242337848,0.34723968453537546
0.11297220242337848,0.347925477197394
0.11315039201710621,0.347925477197394
0.11315039201710621,0.34803977597439706
0.11332858161083392,0.34803977597439706
0.11332858161083392,0.34815407475140014
0.11350677120456165,0.34815407475140014
0.11350677120456165,0.34826837352840323
0.11368496079828938,0.34826837352840323
0.11368496079828938,0.3483826723054063
0.11377405559515325,0.3483826723054063
0.11377405559515325,0.3484969710824094
0.11386315039201711,0.3484969710824094
0.11386315039201711,0.3486112698594125
0.11430862437633642,0.3486112698594125
0.11430862437633642,0.34883986741341866
0.11439771917320028,0.34883986741341866
0.11439771917320028,0.34906846496742483
0.11448681397006415,0.34906846496742483
0.11448681397006415,0.3491827637444279
0.11475409836065574,0.3491827637444279
0.11475409836065574,0.349297062521431
0.1148431931575196,0.349297062521431
0.1148431931575196,0.3494113612984341
0.11502138275124733,0.3494113612984341
0.11502138275124733,0.34986855640644643
0.11511047754811118,0.34986855640644643
0.11511047754811118,0.3499828551834495
0.11519957234497505,0.3499828551834495
0.11519957234497505,0.3500971539604526
0.11537776193870278,0.3500971539604526
0.11537776193870278,0.35032575151445877
0.1155559515324305,0.35032575151445877
0.1155559515324305,0.35066864784546803
0.11564504632929437,0.35066864784546803
0.11564504632929437,0.3507829466224711
0.11573414112615824,0.3507829466224711
0.11573414112615824,0.3510115441764773
0.11591233071988596,0.3510115441764773
0.11591233071988596,0.35112584295348037
0.11600142551674983,0.35112584295348037
0.11600142551674983,0.35124014173048346
0.11617961511047754,0.35124014173048346
0.11617961511047754,0.35146873928448963
0.11635780470420527,0.35146873928448963
0.11635780470420527,0.35181163561549894
0.11662508909479687,0.35181163561549894
0.11662508909479687,0.351925934392502
0.1168032786885246,0.351925934392502
0.1168032786885246,0.3520402331695051
0.11689237348538846,0.3520402331695051
0.11689237348538846,0.35261172705452054
0.11698146828225231,0.35261172705452054
0.11698146828225231,0.3527260258315236
0.11707056307911617,0.3527260258315236
0.11707056307911617,0.35318322093953597
0.11715965787598004,0.35318322093953597
0.11715965787598004,0.35329751971653905
0.1172487526728439,0.35329751971653905
0.1172487526728439,0.35341181849354214
0.11733784746970777,0.35341181849354214
0.11733784746970777,0.3543262087095668
0.11742694226657163,0.3543262087095668
0.11742694226657163,0.35478340381757917
0.1175160370634355,0.35478340381757917
0.1175160370634355,0.35569779403360385
0.11769422665716323,0.35569779403360385
0.11769422665716323,0.35581209281060694
0.11778332145402709,0.35581209281060694
0.11778332145402709,0.35592639158761
0.11787241625089095,0.35592639158761
0.11787241625089095,0.35661218424962854
0.1179615110477548,0.35661218424962854
0.1179615110477548,0.3568407818036347
0.11805060584461867,0.3568407818036347
0.11805060584461867,0.35718367813464397
0.1182287954383464,0.35718367813464397
0.1182287954383464,0.35729797691164705
0.11831789023521026,0.35729797691164705
0.11831789023521026,0.35741227568865014
0.11840698503207413,0.35741227568865014
0.11840698503207413,0.3575265744656532
0.11849607982893799,0.3575265744656532
0.11849607982893799,0.3576408732426563
0.11876336421952959,0.3576408732426563
0.11876336421952959,0.3577551720196594
0.11885245901639344,0.3577551720196594
0.11885245901639344,0.35798376957366557
0.11903064861012116,0.35798376957366557
0.11903064861012116,0.35878386101268717
0.11929793300071276,0.35878386101268717
0.11929793300071276,0.35889815978969025
0.11956521739130435,0.35889815978969025
0.11956521739130435,0.3593553548977026
0.11965431218816822,0.3593553548977026
0.11965431218816822,0.3594696536747057
0.11974340698503208,0.3594696536747057
0.11974340698503208,0.35958395245170877
0.12001069137562366,0.35958395245170877
0.12001069137562366,0.35969825122871185
0.12009978617248752,0.35969825122871185
0.12009978617248752,0.3600411475597211
0.12027797576621525,0.3600411475597211
0.12027797576621525,0.3602697451137273
0.12036707056307912,0.3602697451137273
0.12036707056307912,0.3607269402217396
0.12045616535994298,0.3607269402217396
0.12045616535994298,0.36118413532975197
0.12063435495367071,0.36118413532975197
0.12063435495367071,0.36129843410675505
0.12072344975053458,0.36129843410675505
0.12072344975053458,0.36141273288375814
0.12099073414112615,0.36141273288375814
0.12099073414112615,0.3618699279917705
0.12134711332858161,0.3618699279917705
0.12134711332858161,0.36209852554577665
0.12143620812544548,0.36209852554577665
0.12143620812544548,0.3623271230997828
0.1216143977191732,0.3623271230997828
0.1216143977191732,0.3624414218767859
0.12179258731290092,0.3624414218767859
0.12179258731290092,0.3631272145388044
0.12188168210976479,0.3631272145388044
0.12188168210976479,0.3634701108698137
0.12197077690662865,0.3634701108698137
0.12197077690662865,0.36358440964681676
0.12205987170349251,0.36358440964681676
0.12205987170349251,0.36381300720082294
0.12223806129722024,0.36381300720082294
0.12223806129722024,0.3640416047548291
0.12232715609408411,0.3640416047548291
0.12232715609408411,0.36438450108583836
0.12241625089094797,0.36438450108583836
0.12241625089094797,0.3648416961938507
0.12250534568781184,0.3648416961938507
0.12250534568781184,0.3650702937478569
0.1225944404846757,0.3650702937478569
0.1225944404846757,0.36529889130186305
0.12286172487526728,0.36529889130186305
0.12286172487526728,0.3656417876328723
0.12295081967213115,0.3656417876328723
0.12295081967213115,0.3658703851868785
0.12303991446899501,0.3658703851868785
0.12303991446899501,0.3666704766259001
0.12312900926585887,0.3666704766259001
0.12312900926585887,0.36678477540290316
0.12321810406272274,0.36678477540290316
0.12321810406272274,0.36689907417990625
0.12339629365645047,0.36689907417990625
0.12339629365645047,0.36724197051091556
0.1235744832501782,0.36724197051091556
0.1235744832501782,0.3675848668419248
0.12375267284390591,0.3675848668419248
0.12375267284390591,0.36815636072694025
0.12384176764076978,0.36815636072694025
0.12384176764076978,0.3683849582809464
0.12393086243763364,0.3683849582809464
0.12393086243763364,0.3686135558349526
0.1240199572344975,0.3686135558349526
0.1240199572344975,0.369185049719968
0.12410905203136137,0.369185049719968
0.12410905203136137,0.3695279460509773
0.1242872416250891,0.3695279460509773
0.1242872416250891,0.36987084238198653
0.12437633642195296,0.36987084238198653
0.12437633642195296,0.3702137387129958
0.12446543121881683,0.3702137387129958
0.12446543121881683,0.3703280374899989
0.12464362081254454,0.3703280374899989
0.12464362081254454,0.37067093382100813
0.1247327156094084,0.37067093382100813
0.1247327156094084,0.3710138301520174
0.12508909479686386,0.3710138301520174
0.12508909479686386,0.37147102526002973
0.12517818959372773,0.37147102526002973
0.12517818959372773,0.3715853240370328
0.1252672843905916,0.3715853240370328
0.1252672843905916,0.37204251914504516
0.12544547398431932,0.37204251914504516
0.12544547398431932,0.37215681792204824
0.1255345687811832,0.37215681792204824
0.1255345687811832,0.37227111669905133
0.12562366357804705,0.37227111669905133
0.12562366357804705,0.3727283118070637
0.12598004276550248,0.3727283118070637
0.12598004276550248,0.37284261058406676
0.12606913756236635,0.37284261058406676
0.12606913756236635,0.37307120813807293
0.1261582323592302,0.37307120813807293
0.1261582323592302,0.373185506915076
0.12633642195295794,0.373185506915076
0.12633642195295794,0.3732998056920791
0.1264255167498218,0.3732998056920791
0.1264255167498218,0.37352840324608527
0.12651461154668567,0.37352840324608527
0.12651461154668567,0.37364270202308836
0.12704918032786885,0.37364270202308836
0.12704918032786885,0.37375700080009144
0.12713827512473272,0.37375700080009144
0.12713827512473272,0.37387129957709453
0.12722736992159658,0.37387129957709453
0.12722736992159658,0.3740998971311007
0.12731646471846045,0.3740998971311007
0.12731646471846045,0.3742141959081038
0.1274055595153243,0.3742141959081038
0.1274055595153243,0.37444279346210996
0.12758374910905204,0.37444279346210996
0.12758374910905204,0.37455709223911304
0.12794012829650747,0.37455709223911304
0.12794012829650747,0.37467139101611613
0.1281183178902352,0.37467139101611613
0.1281183178902352,0.37512858612412847
0.12829650748396293,0.37512858612412847
0.12829650748396293,0.37524288490113156
0.1283856022808268,0.37524288490113156
0.1283856022808268,0.37535718367813464
0.1286528866714184,0.37535718367813464
0.1286528866714184,0.37547148245513773
0.12874198146828225,0.37547148245513773
0.12874198146828225,0.3757000800091439
0.12883107626514612,0.3757000800091439
0.12883107626514612,0.375814378786147
0.12892017106200998,0.375814378786147
0.12892017106200998,0.37592867756315007
0.1290983606557377,0.37592867756315007
0.1290983606557377,0.37604297634015316
0.12927655024946544,0.37604297634015316
0.12927655024946544,0.3766144702251686
0.1293656450463293,0.3766144702251686
0.1293656450463293,0.37672876900217167
0.12945473984319317,0.37672876900217167
0.12945473984319317,0.37684306777917476
0.12954383464005703,0.37684306777917476
0.12954383464005703,0.3773002628871871
0.12972202423378476,0.3773002628871871
0.12972202423378476,0.37764315921819636
0.1298111190306486,0.37764315921819636
0.1298111190306486,0.37775745799519944
0.13016749821810406,0.37775745799519944
0.13016749821810406,0.3779860555492056
0.13025659301496792,0.3779860555492056
0.13025659301496792,0.3782146531032118
0.13034568781183178,0.3782146531032118
0.13034568781183178,0.37832895188021487
0.1305238774055595,0.37832895188021487
0.1305238774055595,0.37844325065721796
0.1307911617961511,0.37844325065721796
0.1307911617961511,0.37855754943422104
0.13088025659301497,0.37855754943422104
0.13088025659301497,0.3789004457652303
0.13096935138987884,0.3789004457652303
0.13096935138987884,0.37924334209623956
0.1310584461867427,0.37924334209623956
0.1310584461867427,0.37935764087324264
0.13114754098360656,0.37935764087324264
0.13114754098360656,0.3797005372042519
0.13150392017106202,0.3797005372042519
0.13150392017106202,0.37992913475825807
0.1317712045616536,0.37992913475825807
0.1317712045616536,0.38004343353526115
0.13203848895224518,0.38004343353526115
0.13203848895224518,0.3805006286432735
0.1322166785459729,0.3805006286432735
0.1322166785459729,0.38072922619727967
0.13230577334283677,0.38072922619727967
0.13230577334283677,0.38095782375128584
0.1327512473271561,0.38095782375128584
0.1327512473271561,0.381186421305292
0.1327512473271561,0.3814150188592982
0.1327512473271561,0.38152931763630127
0.13284034212401996,0.38152931763630127
0.13284034212401996,0.38175791519030744
0.13292943692088383,0.38175791519030744
0.13292943692088383,0.3819865127443136
0.1330185317177477,0.3819865127443136
0.1330185317177477,0.3822151102983198
0.13337491090520315,0.3822151102983198
0.13337491090520315,0.38232940907532287
0.133464005702067,0.38232940907532287
0.133464005702067,0.38255800662932904
0.13355310049893085,0.38255800662932904
0.13355310049893085,0.3827866041833352
0.13373129009265858,0.3827866041833352
0.13373129009265858,0.3831295005143445
0.13382038488952244,0.3831295005143445
0.13382038488952244,0.3832437992913476
0.13399857448325017,0.3832437992913476
0.13399857448325017,0.3833580980683507
0.1344440484675695,0.3833580980683507
0.1344440484675695,0.3839295919533661
0.13488952245188882,0.3839295919533661
0.13488952245188882,0.38450108583838155
0.13497861724875268,0.38450108583838155
0.13497861724875268,0.3847296833923877
0.13506771204561654,0.3847296833923877
0.13506771204561654,0.385072579723397
0.1351568068424804,0.385072579723397
0.1351568068424804,0.38518687850040007
0.13533499643620814,0.38518687850040007
0.13533499643620814,0.3858726711624186
0.13542409123307197,0.3858726711624186
0.13542409123307197,0.38598696993942166
0.13551318602993584,0.38598696993942166
0.13551318602993584,0.386444165047434
0.1356022808267997,0.386444165047434
0.1356022808267997,0.3865584638244371
0.13569137562366357,0.3865584638244371
0.13569137562366357,0.3866727626014402
0.13578047042052743,0.3866727626014402
0.13578047042052743,0.38701565893244944
0.13595866001425516,0.38701565893244944
0.13595866001425516,0.3871299577094525
0.13604775481111903,0.3871299577094525
0.13604775481111903,0.3872442564864556
0.13622594440484675,0.3872442564864556
0.13622594440484675,0.3873585552634587
0.13631503920171062,0.3873585552634587
0.13631503920171062,0.3874728540404618
0.13640413399857448,0.3874728540404618
0.13640413399857448,0.38781575037147104
0.1365823235923022,0.38781575037147104
0.1365823235923022,0.3879300491484741
0.13667141838916608,0.3879300491484741
0.13667141838916608,0.3881586467024803
0.13676051318602994,0.3881586467024803
0.13676051318602994,0.38838724425648646
0.1368496079828938,0.38838724425648646
0.1368496079828938,0.38850154303348955
0.13693870277975767,0.38850154303348955
0.13693870277975767,0.38861584181049263
0.13702779757662154,0.38861584181049263
0.13702779757662154,0.3888444393644988
0.1371168923734854,0.3888444393644988
0.1371168923734854,0.3895302320265173
0.13729508196721313,0.3895302320265173
0.13729508196721313,0.3896445308035204
0.13738417676407697,0.3896445308035204
0.13738417676407697,0.3898731283575266
0.13765146115466856,0.3898731283575266
0.13765146115466856,0.38998742713452966
0.13774055595153242,0.38998742713452966
0.13774055595153242,0.39010172591153275
0.13791874554526015,0.39010172591153275
0.13791874554526015,0.39021602468853583
0.13809693513898788,0.39021602468853583
0.13809693513898788,0.3903303234655389
0.13818602993585175,0.3903303234655389
0.13818602993585175,0.390444622242542
0.13836421952957947,0.390444622242542
0.13836421952957947,0.3906732197965482
0.1385424091233072,0.3906732197965482
0.1385424091233072,0.39078751857355126
0.1388096935138988,0.39078751857355126
0.1388096935138988,0.39090181735055435
0.13889878831076266,0.39090181735055435
0.13889878831076266,0.39101611612755743
0.1392551674982181,0.39101611612755743
0.1392551674982181,0.3913590124585667
0.13952245188880968,0.3913590124585667
0.13952245188880968,0.39158761001257286
0.1397006414825374,0.39158761001257286
0.1397006414825374,0.39181620756657903
0.13978973627940128,0.39181620756657903
0.13978973627940128,0.3920448051205852
0.13987883107626514,0.3920448051205852
0.13987883107626514,0.3921591038975883
0.139967925873129,0.3921591038975883
0.139967925873129,0.3928448965596068
0.14005702066999287,0.3928448965596068
0.14005702066999287,0.39341639044462223
0.14014611546685674,0.39341639044462223
0.14014611546685674,0.3935306892216253
0.1402352102637206,0.3935306892216253
0.1402352102637206,0.39410218310664075
0.14032430506058446,0.39410218310664075
0.14032430506058446,0.39421648188364383
0.1405024946543122,0.39421648188364383
0.1405024946543122,0.39478797576865926
0.14059158945117606,0.39478797576865926
0.14059158945117606,0.39501657332266543
0.14068068424803992,0.39501657332266543
0.14068068424803992,0.3951308720996685
0.1407697790449038,0.3951308720996685
0.1407697790449038,0.3953594696536747
0.14094796863863152,0.3953594696536747
0.14094796863863152,0.39558806720768086
0.14112615823235922,0.39558806720768086
0.14112615823235922,0.39570236598468395
0.14130434782608695,0.39570236598468395
0.14130434782608695,0.3960452623156932
0.1413934426229508,0.3960452623156932
0.1413934426229508,0.3962738598696994
0.14157163221667854,0.3962738598696994
0.14157163221667854,0.39661675620070863
0.1416607270135424,0.39661675620070863
0.1416607270135424,0.3967310549777117
0.14174982181040627,0.3967310549777117
0.14174982181040627,0.3969596525317179
0.14183891660727013,0.3969596525317179
0.14183891660727013,0.397073951308721
0.141928011404134,0.397073951308721
0.141928011404134,0.39730254886272715
0.14210620099786173,0.39730254886272715
0.14210620099786173,0.39741684763973023
0.1421952957947256,0.39741684763973023
0.1421952957947256,0.3978740427477426
0.14237348538845332,0.3978740427477426
0.14237348538845332,0.39821693907875183
0.14246258018531718,0.39821693907875183
0.14246258018531718,0.3983312378557549
0.1426407697790449,0.3983312378557549
0.1426407697790449,0.39855983540976114
0.1429080541696365,0.39855983540976114
0.1429080541696365,0.39867413418676423
0.1430862437633642,0.39867413418676423
0.1430862437633642,0.39913132929477657
0.14317533856022807,0.39913132929477657
0.14317533856022807,0.39924562807177966
0.1433535281539558,0.39924562807177966
0.1433535281539558,0.3995885244027889
0.14353171774768353,0.3995885244027889
0.14353171774768353,0.3998171219567951
0.1436208125445474,0.3998171219567951
0.1436208125445474,0.4003886158418105
0.14370990734141126,0.4003886158418105
0.14370990734141126,0.40073151217281977
0.14379900213827512,0.40073151217281977
0.14379900213827512,0.40096010972682594
0.143888096935139,0.40096010972682594
0.143888096935139,0.401074408503829
0.14397719173200285,0.401074408503829
0.14397719173200285,0.4011887072808321
0.14442266571632217,0.4011887072808321
0.14442266571632217,0.40153160361184137
0.14451176051318604,0.40153160361184137
0.14451176051318604,0.40176020116584754
0.14477904490377763,0.40176020116584754
0.14477904490377763,0.4018744999428506
0.1448681397006415,0.4018744999428506
0.1448681397006415,0.40256029260486914
0.14495723449750533,0.40256029260486914
0.14495723449750533,0.4026745913818722
0.14513542409123306,0.4026745913818722
0.14513542409123306,0.4027888901588753
0.14566999287241625,0.4027888901588753
0.14566999287241625,0.40336038404389074
0.14584818246614398,0.40336038404389074
0.14584818246614398,0.4035889815978969
0.14593727726300784,0.4035889815978969
0.14593727726300784,0.4038175791519031
0.14620456165359944,0.4038175791519031
0.14620456165359944,0.4042747742599154
0.1465609408410549,0.4042747742599154
0.1465609408410549,0.4043890730369185
0.1470064148253742,0.4043890730369185
0.1470064148253742,0.4046176705909247
0.14709550962223805,0.4046176705909247
0.14709550962223805,0.4051891644759401
0.14718460441910192,0.4051891644759401
0.14718460441910192,0.40553206080694937
0.14736279401282965,0.40553206080694937
0.14736279401282965,0.40564635958395245
0.14763007840342124,0.40564635958395245
0.14763007840342124,0.40576065836095554
0.14789736279401283,0.40576065836095554
0.14789736279401283,0.4059892559149617
0.14807555238774056,0.4059892559149617
0.14807555238774056,0.4062178534689679
0.14834283677833215,0.4062178534689679
0.14834283677833215,0.40656074979997714
0.14852102637205988,0.40656074979997714
0.14852102637205988,0.4067893473539833
0.14861012116892375,0.4067893473539833
0.14861012116892375,0.40793233512401417
0.14869921596578758,0.40793233512401417
0.14869921596578758,0.40884672534003885
0.1488774055595153,0.40884672534003885
0.1488774055595153,0.409075322894045
0.14905559515324304,0.409075322894045
0.14905559515324304,0.4093039204480512
0.14923378474697077,0.4093039204480512
0.14923378474697077,0.40953251800205737
0.14932287954383464,0.40953251800205737
0.14932287954383464,0.40964681677906045
0.1494119743406985,0.40964681677906045
0.1494119743406985,0.4101040118870728
0.14950106913756236,0.4101040118870728
0.14950106913756236,0.41033260944107897
0.14976835352815396,0.41033260944107897
0.14976835352815396,0.4106755057720882
0.14985744832501782,0.4106755057720882
0.14985744832501782,0.4110184021030975
0.1499465431218817,0.4110184021030975
0.1499465431218817,0.41113270088010057
0.15003563791874555,0.41113270088010057
0.15003563791874555,0.41124699965710365
0.15021382751247328,0.41124699965710365
0.15021382751247328,0.4118184935421191
0.15030292230933714,0.4118184935421191
0.15030292230933714,0.41216138987312834
0.15048111190306487,0.41216138987312834
0.15048111190306487,0.4122756886501314
0.1505702066999287,0.4122756886501314
0.1505702066999287,0.4123899874271345
0.15065930149679257,0.4123899874271345
0.15065930149679257,0.4125042862041376
0.15074839629365644,0.4125042862041376
0.15074839629365644,0.4126185849811407
0.15128296507483963,0.4126185849811407
0.15128296507483963,0.41273288375814376
0.15146115466856735,0.41273288375814376
0.15146115466856735,0.41296148131214994
0.15155024946543122,0.41296148131214994
0.15155024946543122,0.4133043776431592
0.15163934426229508,0.4133043776431592
0.15163934426229508,0.41364727397416845
0.15172843905915895,0.41364727397416845
0.15172843905915895,0.41376157275117154
0.15190662865288668,0.41376157275117154
0.15190662865288668,0.4139901703051777
0.15199572344975054,0.4139901703051777
0.15199572344975054,0.41421876785918393
0.15226300784034213,0.41421876785918393
0.15226300784034213,0.4144473654131901
0.152352102637206,0.4144473654131901
0.152352102637206,0.4151331580752086
0.1525302922309337,0.4151331580752086
0.1525302922309337,0.4152474568522117
0.15288667141838916,0.4152474568522117
0.15288667141838916,0.41570465196022405
0.15315395580898075,0.41570465196022405
0.15315395580898075,0.4159332495142302
0.15324305060584462,0.4159332495142302
0.15324305060584462,0.4161618470682364
0.15342124019957235,0.4161618470682364
0.15342124019957235,0.41639044462224256
0.1535103349964362,0.41639044462224256
0.1535103349964362,0.41650474339924565
0.15368852459016394,0.41650474339924565
0.15368852459016394,0.41661904217624873
0.1537776193870278,0.41661904217624873
0.1537776193870278,0.4168476397302549
0.15395580898075553,0.4168476397302549
0.15395580898075553,0.4170762372842611
0.1540449037776194,0.4170762372842611
0.1540449037776194,0.41719053606126416
0.15422309337134713,0.41719053606126416
0.15422309337134713,0.41730483483826725
0.154312188168211,0.41730483483826725
0.154312188168211,0.41799062750028576
0.15440128296507483,0.41799062750028576
0.15440128296507483,0.41810492627728885
0.15457947255880256,0.41810492627728885
0.15457947255880256,0.41821922505429193
0.15502494654312188,0.41821922505429193
0.15502494654312188,0.418333523831295
0.1554704205274412,0.418333523831295
0.1554704205274412,0.4185621213853012
0.15555951532430506,0.4185621213853012
0.15555951532430506,0.4186764201623043
0.15564861012116893,0.4186764201623043
0.15564861012116893,0.41879071893930736
0.1557377049180328,0.41879071893930736
0.1557377049180328,0.41890501771631045
0.15582679971489666,0.41890501771631045
0.15582679971489666,0.4191336152703166
0.15591589451176052,0.4191336152703166
0.15591589451176052,0.4193622128243228
0.1560049893086244,0.4193622128243228
0.1560049893086244,0.4194765116013259
0.15627227369921595,0.4194765116013259
0.15627227369921595,0.41959081037832896
0.15645046329294368,0.41959081037832896
0.15645046329294368,0.4199337067093382
0.1566286528866714,0.4199337067093382
0.1566286528866714,0.4202766030403475
0.156895937277263,0.4202766030403475
0.156895937277263,0.42039090181735056
0.15698503207412687,0.42039090181735056
0.15698503207412687,0.42050520059435365
0.15707412687099073,0.42050520059435365
0.15707412687099073,0.42061949937135673
0.1571632216678546,0.42061949937135673
0.1571632216678546,0.420962395702366
0.15725231646471846,0.420962395702366
0.15725231646471846,0.4210766944793691
0.15734141126158233,0.4210766944793691
0.15734141126158233,0.4216481883643845
0.1574305060584462,0.4216481883643845
0.1574305060584462,0.4217624871413876
0.15751960085531005,0.4217624871413876
0.15751960085531005,0.4218767859183907
0.15760869565217392,0.4218767859183907
0.15760869565217392,0.42210538347239684
0.15778688524590165,0.42210538347239684
0.15778688524590165,0.422333981026403
0.1578759800427655,0.422333981026403
0.1578759800427655,0.4225625785804092
0.15805416963649324,0.4225625785804092
0.15805416963649324,0.4226768773574123
0.1581432644333571,0.4226768773574123
0.1581432644333571,0.4232483712424277
0.15841054882394867,0.4232483712424277
0.15841054882394867,0.4233626700194308
0.15849964362081254,0.4233626700194308
0.15849964362081254,0.42359126757343696
0.1585887384176764,0.42359126757343696
0.1585887384176764,0.4239341639044462
0.15867783321454026,0.4239341639044462
0.15867783321454026,0.4240484626814493
0.158856022808268,0.4240484626814493
0.158856022808268,0.42427706023545547
0.15894511760513186,0.42427706023545547
0.15894511760513186,0.4248485541204709
0.15903421240199572,0.4248485541204709
0.15903421240199572,0.42507715167447707
0.1591233071988596,0.42507715167447707
0.1591233071988596,0.42530574922848324
0.15921240199572345,0.42530574922848324
0.15921240199572345,0.4257629443364956
0.15947968638631504,0.4257629443364956
0.15947968638631504,0.42587724311349867
0.1595687811831789,0.42587724311349867
0.1595687811831789,0.42599154189050176
0.15965787598004277,0.42599154189050176
0.15965787598004277,0.4264487369985141
0.15974697077690664,0.4264487369985141
0.15974697077690664,0.42667733455252027
0.1598360655737705,0.42667733455252027
0.1598360655737705,0.42702023088352953
0.16010334996436207,0.42702023088352953
0.16010334996436207,0.4271345296605326
0.16019244476122593,0.4271345296605326
0.16019244476122593,0.4273631272145388
0.1602815395580898,0.4273631272145388
0.1602815395580898,0.42747742599154187
0.16037063435495366,0.42747742599154187
0.16037063435495366,0.42770602354554804
0.16081610833927298,0.42770602354554804
0.16081610833927298,0.4278203223225511
0.16090520313613685,0.4278203223225511
0.16090520313613685,0.4280489198765573
0.1609942979330007,0.4280489198765573
0.1609942979330007,0.42827751743056347
0.16108339272986458,0.42827751743056347
0.16108339272986458,0.42850611498456964
0.16117248752672844,0.42850611498456964
0.16117248752672844,0.4288490113155789
0.16135067712045617,0.4288490113155789
0.16135067712045617,0.4294205052005943
0.1615288667141839,0.4294205052005943
0.1615288667141839,0.4296491027546005
0.1617961511047755,0.4296491027546005
0.1617961511047755,0.42976340153160364
0.16188524590163936,0.42976340153160364
0.16188524590163936,0.43044919419362215
0.1619743406985032,0.43044919419362215
0.1619743406985032,0.4307920905246314
0.16233071988595865,0.4307920905246314
0.16233071988595865,0.43136358440964684
0.16250890947968638,0.43136358440964684
0.16250890947968638,0.4314778831866499
0.16259800427655025,0.4314778831866499
0.16259800427655025,0.431592181963653
0.1626870990734141,0.431592181963653
0.1626870990734141,0.43204937707166535
0.16277619387027797,0.43204937707166535
0.16277619387027797,0.43216367584866844
0.1629543834640057,0.43216367584866844
0.1629543834640057,0.4322779746256715
0.16304347826086957,0.4322779746256715
0.16304347826086957,0.4323922734026746
0.16313257305773343,0.4323922734026746
0.16313257305773343,0.43273516973368387
0.16339985744832503,0.43273516973368387
0.16339985744832503,0.4333066636186993
0.1634889522451889,0.4333066636186993
0.1634889522451889,0.4334209623957024
0.16357804704205275,0.4334209623957024
0.16357804704205275,0.43364955994970855
0.16366714183891662,0.43364955994970855
0.16366714183891662,0.4339924562807178
0.16375623663578048,0.4339924562807178
0.16375623663578048,0.4341067550577209
0.16384533143264432,0.4341067550577209
0.16384533143264432,0.434221053834724
0.16393442622950818,0.434221053834724
0.16393442622950818,0.43444965138873015
0.16402352102637205,0.43444965138873015
0.16402352102637205,0.4346782489427363
0.16455808980755524,0.4346782489427363
0.16455808980755524,0.43524974282775175
0.16482537419814683,0.43524974282775175
0.16482537419814683,0.43536404160475484
0.1649144689950107,0.43536404160475484
0.1649144689950107,0.4366213281517888
0.1651817533856023,0.4366213281517888
0.1651817533856023,0.43684992570579495
0.16527084818246615,0.43684992570579495
0.16527084818246615,0.43696422448279804
0.16553813257305774,0.43696422448279804
0.16553813257305774,0.4370785232598011
0.16589451176051317,0.4370785232598011
0.16589451176051317,0.4371928220368042
0.16598360655737704,0.4371928220368042
0.16598360655737704,0.4373071208138073
0.1660727013542409,0.4373071208138073
0.1660727013542409,0.43753571836781346
0.16651817533856023,0.43753571836781346
0.16651817533856023,0.4378786146988227
0.1666072701354241,0.4378786146988227
0.1666072701354241,0.4379929134758258
0.16678545972915182,0.4379929134758258
0.16678545972915182,0.438221511029832
0.16687455452601568,0.438221511029832
0.16687455452601568,0.4386787061378443
0.1670527441197434,0.4386787061378443
0.1670527441197434,0.4387930049148474
0.16714183891660728,0.4387930049148474
0.16714183891660728,0.4389073036918505
0.16723093371347114,0.4389073036918505
0.16723093371347114,0.43936449879986283
0.16740912330719887,0.43936449879986283
0.16740912330719887,0.4398216939078752
0.16767640769779044,0.4398216939078752
0.16767640769779044,0.43993599268487826
0.1677655024946543,0.43993599268487826
0.1677655024946543,0.44016459023888443
0.1680327868852459,0.44016459023888443
0.1680327868852459,0.4405074865698937
0.16821097647897362,0.4405074865698937
0.16821097647897362,0.4406217853468968
0.1683000712758375,0.44073608412389986
0.16838916607270135,0.44073608412389986
0.16838916607270135,0.44085038290090295
0.16847826086956522,0.44085038290090295
0.16847826086956522,0.4410789804549091
0.16856735566642908,0.4410789804549091
0.16856735566642908,0.4411932792319122
0.16865645046329295,0.4411932792319122
0.16865645046329295,0.4413075780089153
0.16892373485388454,0.4413075780089153
0.16892373485388454,0.4419933706709338
0.16919101924447613,0.4419933706709338
0.16919101924447613,0.4421076694479369
0.16936920883820386,0.4421076694479369
0.16936920883820386,0.44233626700194306
0.16981468282252316,0.44233626700194306
0.16981468282252316,0.44245056577894615
0.17026015680684248,0.44245056577894615
0.17026015680684248,0.44256486455594923
0.17034925160370634,0.44256486455594923
0.17034925160370634,0.44336495599497083
0.1704383464005702,0.44336495599497083
0.1704383464005702,0.4438221511029832
0.17052744119743407,0.4438221511029832
0.17052744119743407,0.44393644987998626
0.1707056307911618,0.44393644987998626
0.1707056307911618,0.44416504743399243
0.17079472558802566,0.44416504743399243
0.17079472558802566,0.4443936449879986
0.17088382038488953,0.4443936449879986
0.17088382038488953,0.4446222425420048
0.1709729151817534,0.4446222425420048
0.1709729151817534,0.44473654131900786
0.17106200997861726,0.44473654131900786
0.17106200997861726,0.44496513887301403
0.17115110477548112,0.44496513887301403
0.17115110477548112,0.4450794376500171
0.171240199572345,0.4450794376500171
0.171240199572345,0.4451937364270202
0.17150748396293655,0.4451937364270202
0.17150748396293655,0.4453080352040233
0.17159657875980042,0.4453080352040233
0.17159657875980042,0.44542233398102643
0.17168567355666428,0.44542233398102643
0.17168567355666428,0.4455366327580295
0.17230933713471133,0.4455366327580295
0.17230933713471133,0.4458795290890388
0.1723984319315752,0.4458795290890388
0.1723984319315752,0.44610812664304494
0.17257662152530293,0.44610812664304494
0.17257662152530293,0.4463367241970511
0.1726657163221668,0.4463367241970511
0.1726657163221668,0.4471368156360727
0.17284390591589452,0.4471368156360727
0.17284390591589452,0.4472511144130758
0.17293300071275838,0.4472511144130758
0.17293300071275838,0.44782260829809123
0.17302209550962225,0.44782260829809123
0.17302209550962225,0.44839410218310666
0.1731111903064861,0.44839410218310666
0.1731111903064861,0.44850840096010974
0.17337847469707768,0.44850840096010974
0.17337847469707768,0.448851297291119
0.17346756949394154,0.448851297291119
0.17346756949394154,0.44919419362212826
0.17364575908766927,0.44919419362212826
0.17364575908766927,0.44930849239913134
0.17373485388453314,0.44930849239913134
0.17373485388453314,0.4495370899531375
0.17400213827512473,0.4495370899531375
0.17400213827512473,0.4496513887301406
0.1740912330719886,0.4496513887301406
0.1740912330719886,0.4497656875071437
0.17418032786885246,0.4497656875071437
0.17418032786885246,0.44987998628414677
0.1743585174625802,0.44987998628414677
0.1743585174625802,0.4504514801691622
0.17444761225944405,0.4504514801691622
0.17444761225944405,0.45079437650017146
0.17471489665003564,0.45079437650017146
0.17471489665003564,0.4511372728311807
0.17498218104062724,0.4511372728311807
0.17498218104062724,0.4512515716081838
0.1750712758374911,0.4512515716081838
0.1750712758374911,0.45148016916218997
0.1752494654312188,0.45148016916218997
0.1752494654312188,0.45159446793919306
0.1755167498218104,0.45159446793919306
0.1755167498218104,0.45170876671619614
0.17569493941553813,0.45170876671619614
0.17569493941553813,0.4520516630472054
0.175784034212402,0.4520516630472054
0.175784034212402,0.45250885815521774
0.17614041339985745,0.45250885815521774
0.17614041339985745,0.4527374557092239
0.17640769779044904,0.4527374557092239
0.17640769779044904,0.452851754486227
0.1764967925873129,0.452851754486227
0.1764967925873129,0.45330894959423934
0.17658588738417677,0.45330894959423934
0.17658588738417677,0.4537661447022517
0.17667498218104064,0.4537661447022517
0.17667498218104064,0.45388044347925477
0.1767640769779045,0.45388044347925477
0.1767640769779045,0.45399474225625785
0.17685317177476836,0.45399474225625785
0.17685317177476836,0.45410904103326094
0.1770313613684961,0.45410904103326094
0.1770313613684961,0.454223339810264
0.17712045616535993,0.454223339810264
0.17712045616535993,0.4544519373642702
0.1772095509622238,0.4544519373642702
0.1772095509622238,0.45468053491827637
0.17738774055595152,0.45468053491827637
0.17738774055595152,0.45490913247228254
0.17756593014967925,0.45490913247228254
0.17756593014967925,0.4551377300262887
0.17765502494654312,0.4551377300262887
0.17765502494654312,0.4552520288032918
0.1781895937277263,0.4552520288032918
0.1781895937277263,0.4553663275802949
0.17827868852459017,0.4553663275802949
0.17827868852459017,0.45548062635729797
0.17836778332145403,0.45548062635729797
0.17836778332145403,0.4559378214653103
0.17854597291518176,0.4559378214653103
0.17854597291518176,0.4560521202423134
0.17881325730577335,0.4560521202423134
0.17881325730577335,0.45639501657332265
0.17890235210263722,0.45639501657332265
0.17890235210263722,0.4567379129043319
0.17899144689950106,0.4567379129043319
0.17899144689950106,0.45719510801234425
0.17908054169636492,0.45719510801234425
0.17908054169636492,0.4575380043433535
0.17925873129009265,0.4575380043433535
0.17925873129009265,0.4577666018973597
0.17943692088382038,0.4577666018973597
0.17943692088382038,0.45810949822836894
0.1796151104775481,0.45810949822836894
0.1796151104775481,0.458223797005372
0.17970420527441197,0.458223797005372
0.17970420527441197,0.4583380957823751
0.17979330007127584,0.4583380957823751
0.17979330007127584,0.4585666933363813
0.17997148966500356,0.4585666933363813
0.17997148966500356,0.4591381872213967
0.1801496792587313,0.4591381872213967
0.1801496792587313,0.4592524859983998
0.18023877405559516,0.4592524859983998
0.18023877405559516,0.4593667847754029
0.18032786885245902,0.4593667847754029
0.18032786885245902,0.45948108355240597
0.1804169636493229,0.45948108355240597
0.1804169636493229,0.45970968110641214
0.18059515324305062,0.45970968110641214
0.18059515324305062,0.4598239798834152
0.18095153243050605,0.4598239798834152
0.18095153243050605,0.4600525774374214
0.18112972202423377,0.4600525774374214
0.18112972202423377,0.4601668762144245
0.18121881682109764,0.4601668762144245
0.18121881682109764,0.46039547376843065
0.18148610121168923,0.46039547376843065
0.18148610121168923,0.46050977254543374
0.1815751960085531,0.46050977254543374
0.1815751960085531,0.460852668876443
0.18175338560228083,0.460852668876443
0.18175338560228083,0.4610812664304492
0.18193157519600855,0.4610812664304492
0.18193157519600855,0.46153846153846156
0.18202066999287242,0.46153846153846156
0.18210976478973628,0.46165276031546465
0.182287954383464,0.46165276031546465
0.182287954383464,0.46176705909246774
0.18237704918032788,0.46176705909246774
0.18237704918032788,0.4618813578694708
0.18246614397719174,0.4618813578694708
0.18246614397719174,0.4619956566464739
0.1825552387740556,0.4619956566464739
0.1825552387740556,0.462109955423477
0.18264433357091947,0.462109955423477
0.18264433357091947,0.4622242542004801
0.18317890235210263,0.4622242542004801
0.18317890235210263,0.46245285175448625
0.1832679971489665,0.46245285175448625
0.1832679971489665,0.4626814493084924
0.18335709194583036,0.4626814493084924
0.18335709194583036,0.4627957480854955
0.18344618674269422,0.4627957480854955
0.18344618674269422,0.4629100468624986
0.1835352815395581,0.4629100468624986
0.1835352815395581,0.4630243456395017
0.18362437633642195,0.4630243456395017
0.18362437633642195,0.46325294319350785
0.18371347113328582,0.46325294319350785
0.18371347113328582,0.463481540747514
0.18406985032074127,0.463481540747514
0.18406985032074127,0.46393873585552636
0.1845153243050606,0.46393873585552636
0.1845153243050606,0.46405303463252945
0.1846935138987883,0.46405303463252945
0.1846935138987883,0.4642816321865356
0.18478260869565216,0.4642816321865356
0.18478260869565216,0.4646245285175449
0.1849607982893799,0.4646245285175449
0.1849607982893799,0.46473882729454796
0.18504989308624376,0.46473882729454796
0.18504989308624376,0.46496742484855413
0.18513898788310762,0.46496742484855413
0.18513898788310762,0.4650817236255572
0.18531717747683535,0.4650817236255572
0.18531717747683535,0.4653103211795634
0.18549536707056308,0.4653103211795634
0.18549536707056308,0.4654246199565665
0.1856735566642908,0.4654246199565665
0.1856735566642908,0.466110412618585
0.18576265146115467,0.466110412618585
0.18576265146115467,0.4662247113955881
0.18585174625801854,0.4662247113955881
0.18585174625801854,0.46645330894959425
0.1859408410548824,0.46645330894959425
0.1859408410548824,0.46656760772659733
0.18629722024233786,0.46656760772659733
0.18629722024233786,0.4666819065036004
0.18638631503920172,0.4666819065036004
0.18638631503920172,0.4669105040576066
0.18656450463292942,0.4669105040576066
0.18656450463292942,0.4670248028346097
0.18700997861724875,0.4670248028346097
0.18700997861724875,0.46713910161161276
0.1873663578047042,0.46713910161161276
0.1873663578047042,0.46725340038861585
0.1876336421952958,0.46725340038861585
0.1876336421952958,0.46736769916561893
0.18781183178902353,0.46736769916561893
0.18781183178902353,0.46793919305063436
0.18799002138275125,0.46793919305063436
0.18799002138275125,0.4682820893816436
0.18807911617961512,0.4682820893816436
0.18807911617961512,0.4683963881586467
0.18825730577334285,0.4683963881586467
0.18825730577334285,0.4686249857126529
0.1883464005702067,0.4686249857126529
0.1883464005702067,0.46885358326665905
0.18861368496079828,0.46885358326665905
0.18861368496079828,0.4690821808206652
0.18888096935138987,0.4690821808206652
0.18888096935138987,0.4691964795976683
0.18923734853884533,0.4691964795976683
0.18923734853884533,0.46953937592867756
0.18950463292943692,0.46953937592867756
0.18950463292943692,0.46965367470568065
0.1895937277263008,0.46965367470568065
0.1895937277263008,0.46976797348268373
0.18968282252316465,0.46976797348268373
0.18968282252316465,0.4698822722596868
0.18995010691375624,0.4698822722596868
0.18995010691375624,0.470110869813693
0.19012829650748397,0.470110869813693
0.19012829650748397,0.4702251685906961
0.19021739130434784,0.4702251685906961
0.19021739130434784,0.47033946736769916
0.1904846756949394,0.47033946736769916
0.1904846756949394,0.47045376614470225
0.19057377049180327,0.47045376614470225
0.19057377049180327,0.47056806492170533
0.190751960085531,0.47056806492170533
0.190751960085531,0.4709109612527146
0.19084105488239486,0.4709109612527146
0.19084105488239486,0.47148245513773
0.19093014967925873,0.47148245513773
0.19093014967925873,0.4717110526917362
0.19128652886671418,0.4717110526917362
0.19128652886671418,0.4718253514687393
0.19164290805416964,0.4718253514687393
0.19164290805416964,0.47193965024574236
0.1917320028510335,0.47193965024574236
0.1917320028510335,0.47216824779974853
0.19191019244476124,0.47216824779974853
0.19191019244476124,0.4722825465767516
0.1919992872416251,0.4722825465767516
0.1919992872416251,0.4726254429077609
0.19217747683535283,0.4726254429077609
0.19217747683535283,0.47285404046176704
0.19226657163221667,0.47285404046176704
0.19226657163221667,0.4731969367927763
0.19253385602280826,0.4731969367927763
0.19253385602280826,0.4734255343467825
0.192712045616536,0.4734255343467825
0.192712045616536,0.47365413190078864
0.19280114041339985,0.47365413190078864
0.19280114041339985,0.4738827294547948
0.19289023521026372,0.4738827294547948
0.19289023521026372,0.4739970282317979
0.19324661439771917,0.4739970282317979
0.19324661439771917,0.47456852211681333
0.19351389878831077,0.47456852211681333
0.19351389878831077,0.4749114184478226
0.19387027797576623,0.4749114184478226
0.19387027797576623,0.47502571722482567
0.1939593727726301,0.47502571722482567
0.1939593727726301,0.47514001600182876
0.19404846756949395,0.47514001600182876
0.19404846756949395,0.47525431477883184
0.19431575196008552,0.47525431477883184
0.19431575196008552,0.4757115098868442
0.19449394155381325,0.4757115098868442
0.19449394155381325,0.47616870499485653
0.1945830363506771,0.47616870499485653
0.1945830363506771,0.4765116013258658
0.19476122594440484,0.4765116013258658
0.19476122594440484,0.4768544976568751
0.1948503207412687,0.4768544976568751
0.1948503207412687,0.47731169276488744
0.19520669992872416,0.47731169276488744
0.19520669992872416,0.4774259915418905
0.19556307911617962,0.4774259915418905
0.19556307911617962,0.4776545890958967
0.1956521739130435,0.4776545890958967
0.1956521739130435,0.4782260829809121
0.19618674269422665,0.4782260829809121
0.19618674269422665,0.4783403817579152
0.19663221667854597,0.4783403817579152
0.19663221667854597,0.4784546805349183
0.19672131147540983,0.4784546805349183
0.19672131147540983,0.47879757686592755
0.1968104062722737,0.47879757686592755
0.1968104062722737,0.47891187564293064
0.19743406985032075,0.47891187564293064
0.19743406985032075,0.4792547719739399
0.1975231646471846,0.4792547719739399
0.1975231646471846,0.47948336952794607
0.19770135424091234,0.47948336952794607
0.19770135424091234,0.47959766830494915
0.1977904490377762,0.47959766830494915
0.1977904490377762,0.4798262658589553
0.19787954383464007,0.4798262658589553
0.19787954383464007,0.48039775974397075
0.19814682822523164,0.48039775974397075
0.19814682822523164,0.48051205852097384
0.19841411261582323,0.48051205852097384
0.19841411261582323,0.48074065607498
0.1987704918032787,0.48074065607498
0.1987704918032787,0.4808549548519831
0.19885958660014255,0.4808549548519831
0.19885958660014255,0.4814264487369985
0.19894868139700642,0.4814264487369985
0.19894868139700642,0.4815407475140016
0.19903777619387028,0.4815407475140016
0.19903777619387028,0.4816550462910047
0.19912687099073414,0.4816550462910047
0.19912687099073414,0.48188364384501087
0.199215965787598,0.48188364384501087
0.199215965787598,0.4822265401760201
0.19930506058446187,0.4822265401760201
0.19930506058446187,0.4824551377300263
0.1994832501781896,0.4824551377300263
0.1994832501781896,0.4825694365070294
0.19957234497505347,0.4825694365070294
0.19957234497505347,0.483369527946051
0.20010691375623663,0.483369527946051
0.20010691375623663,0.48348382672305407
0.20028510334996436,0.48348382672305407
0.20028510334996436,0.48371242427706024
0.20037419814682822,0.48371242427706024
0.20037419814682822,0.4838267230540633
0.20081967213114754,0.4838267230540633
0.20081967213114754,0.4839410218310664
0.20126514611546686,0.4839410218310664
0.20126514611546686,0.48428391816207567
0.2014433357091946,0.48428391816207567
0.2014433357091946,0.48439821693907875
0.20206699928724162,0.48439821693907875
0.20206699928724162,0.4846268144930849
0.20242337847469707,0.4846268144930849
0.20242337847469707,0.4849697108240942
0.20251247327156094,0.4849697108240942
0.20251247327156094,0.48508400960109727
0.2026015680684248,0.48508400960109727
0.2026015680684248,0.48519830837810035
0.20277975766215253,0.48519830837810035
0.20277975766215253,0.4855412047091096
0.2028688524590164,0.4855412047091096
0.2028688524590164,0.4856555034861127
0.20295794725588026,0.4856555034861127
0.20295794725588026,0.48599839981712195
0.20304704205274413,0.48599839981712195
0.20304704205274413,0.48611269859412504
0.20322523164647185,0.48611269859412504
0.20322523164647185,0.4862269973711281
0.20340342124019958,0.4862269973711281
0.20340342124019958,0.4863412961481312
0.20349251603706345,0.4863412961481312
0.20349251603706345,0.4864555949251343
0.2035816108339273,0.4864555949251343
0.2035816108339273,0.4865698937021374
0.203759800427655,0.4865698937021374
0.203759800427655,0.4872556863641559
0.20384889522451888,0.4872556863641559
0.20384889522451888,0.48748428391816206
0.20393799002138274,0.48748428391816206
0.20393799002138274,0.48771288147216824
0.2042943692088382,0.48771288147216824
0.2042943692088382,0.4878271802491713
0.20447255880256593,0.4878271802491713
0.20447255880256593,0.48828437535718366
0.20465074839629366,0.48828437535718366
0.20465074839629366,0.48839867413418675
0.2048289379900214,0.48839867413418675
0.2048289379900214,0.48851297291118984
0.20518531717747684,0.48851297291118984
0.20518531717747684,0.4886272716881929
0.20536350677120457,0.4886272716881929
0.20536350677120457,0.488741570465196
0.20545260156806844,0.488741570465196
0.20545260156806844,0.4889701680192022
0.20554169636493227,0.4889701680192022
0.20554169636493227,0.48919876557320835
0.20571988595866,0.48919876557320835
0.20571988595866,0.48931306435021144
0.20616535994297933,0.48931306435021144
0.20616535994297933,0.4894273631272145
0.2066999287241625,0.4894273631272145
0.2066999287241625,0.4895416619042176
0.20705630791161797,0.4895416619042176
0.20705630791161797,0.48988455823522686
0.2072344975053457,0.48988455823522686
0.2072344975053457,0.49011315578923303
0.20732359230220956,0.49011315578923303
0.20732359230220956,0.4902274545662361
0.2074126870990734,0.4902274545662361
0.2074126870990734,0.4903417533432392
0.20785816108339272,0.4903417533432392
0.20785816108339272,0.4904560521202423
0.2079472558802566,0.4904560521202423
0.2079472558802566,0.49068464967424846
0.20812544547398432,0.49068464967424846
0.20812544547398432,0.49091324722825463
0.20821454027084818,0.49091324722825463
0.20821454027084818,0.4911418447822608
0.20830363506771205,0.4911418447822608
0.20830363506771205,0.4921705337752886
0.2083927298645759,0.4921705337752886
0.2083927298645759,0.49274202766030406
0.20848182466143977,0.49274202766030406
0.20848182466143977,0.4933135215453195
0.20874910905203137,0.4933135215453195
0.20874910905203137,0.4934278203223226
0.2089272986457591,0.4934278203223226
0.2089272986457591,0.4938850154303349
0.20910548823948683,0.4938850154303349
0.20910548823948683,0.493999314207338
0.20955096222380612,0.493999314207338
0.20955096222380612,0.4941136129843411
0.20964005702066998,0.4941136129843411
0.20964005702066998,0.49434221053834726
0.20990734141126158,0.49434221053834726
0.20990734141126158,0.49457080809235343
0.2100855310049893,0.49457080809235343
0.2100855310049893,0.4947994056463596
0.21026372059871704,0.4947994056463596
0.21026372059871704,0.4949137044233627
0.21044191019244476,0.4949137044233627
0.21044191019244476,0.4950280032003658
0.21097647897362795,0.4950280032003658
0.21097647897362795,0.49514230197736886
0.21106557377049182,0.49514230197736886
0.21106557377049182,0.49525660075437195
0.21115466856735568,0.49525660075437195
0.21115466856735568,0.49537089953137503
0.21124376336421952,0.49537089953137503
0.21124376336421952,0.4954851983083781
0.21142195295794725,0.4954851983083781
0.21142195295794725,0.4955994970853812
0.2115110477548111,0.4955994970853812
0.2115110477548111,0.4957137958623843
0.21160014255167497,0.4957137958623843
0.21160014255167497,0.4958280946393874
0.21168923734853884,0.4958280946393874
0.21168923734853884,0.49594239341639046
0.21186742694226657,0.49594239341639046
0.21186742694226657,0.49605669219339354
0.21222380612972203,0.49605669219339354
0.21222380612972203,0.49617099097039663
0.21249109052031362,0.49617099097039663
0.21249109052031362,0.4965138873014059
0.21266928011404135,0.4965138873014059
0.21266928011404135,0.496628186078409
0.2127583749109052,0.496628186078409
0.2127583749109052,0.49674248485541206
0.21284746970776908,0.49674248485541206
0.21284746970776908,0.49685678363241514
0.21293656450463294,0.49685678363241514
0.21293656450463294,0.49697108240941823
0.2130256593014968,0.49697108240941823
0.2130256593014968,0.4970853811864213
0.21311475409836064,0.4970853811864213
0.21311475409836064,0.4974282775174306
0.2132038488952245,0.4974282775174306
0.2132038488952245,0.4981140701794491
0.21329294369208837,0.4981140701794491
0.21329294369208837,0.4982283689564522
0.2134711332858161,0.4982283689564522
0.2134711332858161,0.49845696651045834
0.21356022808267996,0.49845696651045834
0.21356022808267996,0.4986855640644645
0.2137384176764077,0.4986855640644645
0.2137384176764077,0.49914275917247686
0.21382751247327156,0.49914275917247686
0.21382751247327156,0.4994856555034861
0.21391660727013542,0.4994856555034861
0.21391660727013542,0.49982855183449537
0.2140057020669993,0.49982855183449537
0.2140057020669993,0.5000571493885015
0.21409479686386315,0.5000571493885015
0.21409479686386315,0.5001714481655046
0.21418389166072702,0.5001714481655046
0.21418389166072702,0.5002857469425077
0.21436208125445474,0.5002857469425077
0.21436208125445474,0.5004000457195108
0.2144511760513186,0.5004000457195108
0.2144511760513186,0.5005143444965139
0.21454027084818247,0.5005143444965139
0.21454027084818247,0.500628643273517
0.21462936564504634,0.500628643273517
0.21462936564504634,0.5007429420505201
0.2147184604419102,0.5007429420505201
0.2147184604419102,0.5008572408275231
0.21498574483250177,0.5008572408275231
0.21498574483250177,0.5009715396045262
0.21525302922309336,0.5009715396045262
0.21525302922309336,0.5010858383815293
0.2154312188168211,0.5010858383815293
0.2154312188168211,0.5013144359355355
0.21552031361368496,0.5013144359355355
0.21552031361368496,0.5014287347125386
0.21560940841054882,0.5014287347125386
0.21560940841054882,0.5015430334895417
0.2158766928011404,0.5015430334895417
0.2158766928011404,0.5016573322665447
0.21596578759800428,0.5016573322665447
0.21596578759800428,0.5018859298205509
0.216143977191732,0.5018859298205509
0.216143977191732,0.5021145273745571
0.21623307198859587,0.5021145273745571
0.21623307198859587,0.5022288261515602
0.21632216678545974,0.5022288261515602
0.21632216678545974,0.5025717224825694
0.21658945117605133,0.5025717224825694
0.21658945117605133,0.5028003200365756
0.21676764076977906,0.5028003200365756
0.21676764076977906,0.5029146188135787
0.21694583036350676,0.5029146188135787
0.21694583036350676,0.5030289175905818
0.21703492516037062,0.5030289175905818
0.21703492516037062,0.5038290090296034
0.21730220955096222,0.5038290090296034
0.21730220955096222,0.504743399245628
0.21739130434782608,0.504743399245628
0.21739130434782608,0.5049719967996342
0.2175694939415538,0.5049719967996342
0.2175694939415538,0.5054291919076466
0.21765858873841767,0.5054291919076466
0.21765858873841767,0.5057720882386558
0.21801496792587313,0.5057720882386558
0.21801496792587313,0.5061149845696651
0.218104062722737,0.5061149845696651
0.218104062722737,0.5062292833466682
0.21819315751960086,0.5062292833466682
0.21819315751960086,0.5063435821236713
0.21828225231646473,0.5063435821236713
0.21828225231646473,0.5071436735626929
0.21846044191019245,0.5071436735626929
0.21846044191019245,0.507372271116699
0.21872772630078405,0.507372271116699
0.21872772630078405,0.5074865698937021
0.21881682109764788,0.5074865698937021
0.21881682109764788,0.5080580637787175
0.21917320028510334,0.5080580637787175
0.21917320028510334,0.5082866613327237
0.2192622950819672,0.5082866613327237
0.2192622950819672,0.5089724539947422
0.2195295794725588,0.5089724539947422
0.2195295794725588,0.5092010515487484
0.2197968638631504,0.5092010515487484
0.2197968638631504,0.5093153503257515
0.21988595866001426,0.5093153503257515
0.21988595866001426,0.5095439478797577
0.21997505345687812,0.5095439478797577
0.21997505345687812,0.5096582466567607
0.22033143264433358,0.5096582466567607
0.22033143264433358,0.5097725454337638
0.22042052744119744,0.5097725454337638
0.22042052744119744,0.5098868442107669
0.2205096222380613,0.5098868442107669
0.2205096222380613,0.51000114298777
0.220687811831789,0.51000114298777
0.220687811831789,0.5105726368727854
0.22086600142551674,0.5105726368727854
0.22086600142551674,0.5108012344267916
0.2209550962223806,0.5108012344267916
0.2209550962223806,0.5112584295348039
0.22140057020669993,0.5112584295348039
0.22140057020669993,0.511372728311807
0.2214896650035638,0.511372728311807
0.2214896650035638,0.5114870270888101
0.22175694939415538,0.5114870270888101
0.22175694939415538,0.5116013258658132
0.2219351389878831,0.5116013258658132
0.2219351389878831,0.5118299234198194
0.22202423378474698,0.5118299234198194
0.22202423378474698,0.5124014173048348
0.22238061297220243,0.5124014173048348
0.22238061297220243,0.5125157160818379
0.2224697077690663,0.5125157160818379
0.2224697077690663,0.512744313635844
0.22273699215965787,0.512744313635844
0.22273699215965787,0.5129729111898502
0.22309337134711332,0.5129729111898502
0.22309337134711332,0.5132015087438564
0.2231824661439772,0.5132015087438564
0.2231824661439772,0.5133158075208595
0.22336065573770492,0.5133158075208595
0.22336065573770492,0.5136587038518687
0.22344975053456878,0.5136587038518687
0.22344975053456878,0.5137730026288718
0.22353884533143265,0.5137730026288718
0.22353884533143265,0.514001600182878
0.22371703492516037,0.514001600182878
0.22371703492516037,0.5141158989598811
0.22380612972202424,0.5141158989598811
0.22380612972202424,0.5142301977368842
0.2241625089094797,0.5142301977368842
0.2241625089094797,0.5144587952908903
0.22434069850320743,0.5144587952908903
0.22434069850320743,0.5146873928448965
0.2244297933000713,0.5146873928448965
0.2244297933000713,0.5149159903989027
0.22451888809693513,0.5149159903989027
0.22451888809693513,0.5150302891759058
0.224607982893799,0.5150302891759058
0.224607982893799,0.5152588867299119
0.22469707769066286,0.5152588867299119
0.22469707769066286,0.5158303806149275
0.22478617248752672,0.5158303806149275
0.22478617248752672,0.5160589781689336
0.22487526728439058,0.5160589781689336
0.22487526728439058,0.5168590696079552
0.22496436208125445,0.5168590696079552
0.22496436208125445,0.5170876671619614
0.2250534568781183,0.5170876671619614
0.2250534568781183,0.5174305634929707
0.2253207412687099,0.5174305634929707
0.2253207412687099,0.5175448622699738
0.22567712045616536,0.5175448622699738
0.22567712045616536,0.5176591610469768
0.2258553100498931,0.5176591610469768
0.2258553100498931,0.5177734598239799
0.22603349964362082,0.5177734598239799
0.22603349964362082,0.5180020573779861
0.2261225944404847,0.5180020573779861
0.2261225944404847,0.5181163561549892
0.22630078403421242,0.5181163561549892
0.22630078403421242,0.5182306549319923
0.22656806842480398,0.5182306549319923
0.22656806842480398,0.5183449537089954
0.22683535281539557,0.5183449537089954
0.22683535281539557,0.5184592524859984
0.22692444761225944,0.5184592524859984
0.22692444761225944,0.5185735512630015
0.22710263720598717,0.5185735512630015
0.22710263720598717,0.5190307463710139
0.22719173200285103,0.5190307463710139
0.22719173200285103,0.5194879414790262
0.2275481111903065,0.5194879414790262
0.2275481111903065,0.5196022402560293
0.22772630078403422,0.5196022402560293
0.22772630078403422,0.5201737341410447
0.22790449037776195,0.5201737341410447
0.22790449037776195,0.5204023316950509
0.22817177476835354,0.5204023316950509
0.22817177476835354,0.5207452280260602
0.22861724875267284,0.5207452280260602
0.22861724875267284,0.5208595268030632
0.2287063435495367,0.5208595268030632
0.2287063435495367,0.5209738255800663
0.22888453314326443,0.5209738255800663
0.22888453314326443,0.5212024231340725
0.22915181753385602,0.5212024231340725
0.22915181753385602,0.5215453194650818
0.2292409123307199,0.5215453194650818
0.2292409123307199,0.5216596182420848
0.22941910192444762,0.5216596182420848
0.22941910192444762,0.5217739170190879
0.22950819672131148,0.5217739170190879
0.22950819672131148,0.521888215796091
0.22959729151817534,0.521888215796091
0.22959729151817534,0.5220025145730941
0.2296863863150392,0.5220025145730941
0.2296863863150392,0.5221168133500972
0.22986457590876694,0.5221168133500972
0.22986457590876694,0.5222311121271003
0.2299536707056308,0.5222311121271003
0.2299536707056308,0.5223454109041034
0.23004276550249467,0.5223454109041034
0.23004276550249467,0.5224597096811064
0.23022095509622237,0.5224597096811064
0.23022095509622237,0.5226883072351126
0.23031004989308623,0.5226883072351126
0.23031004989308623,0.5229169047891188
0.23048823948681396,0.5229169047891188
0.23048823948681396,0.5233740998971311
0.23057733428367783,0.5233740998971311
0.23057733428367783,0.5236026974511373
0.2306664290805417,0.5236026974511373
0.2306664290805417,0.5237169962281404
0.23075552387740556,0.5237169962281404
0.23075552387740556,0.5238312950051435
0.23084461867426942,0.5238312950051435
0.23084461867426942,0.5240598925591496
0.23093371347113328,0.5240598925591496
0.23093371347113328,0.5241741913361527
0.231111903064861,0.5241741913361527
0.231111903064861,0.5242884901131558
0.23129009265858874,0.5242884901131558
0.23129009265858874,0.5244027888901589
0.23173556664290806,0.5244027888901589
0.23173556664290806,0.524517087667162
0.23182466143977193,0.524517087667162
0.23182466143977193,0.5246313864441651
0.23200285103349966,0.5246313864441651
0.23200285103349966,0.5252028803291805
0.23218104062722736,0.5252028803291805
0.23218104062722736,0.5253171791061836
0.2323592302209551,0.5253171791061836
0.2323592302209551,0.5255457766601898
0.23244832501781895,0.5255457766601898
0.23244832501781895,0.5256600754371928
0.23253741981468282,0.5256600754371928
0.23253741981468282,0.525888672991199
0.23262651461154668,0.525888672991199
0.23262651461154668,0.5260029717682021
0.2328047042052744,0.5260029717682021
0.2328047042052744,0.5261172705452052
0.23298289379900214,0.5261172705452052
0.23298289379900214,0.5263458680992114
0.23325017818959373,0.5263458680992114
0.23325017818959373,0.5264601668762144
0.2333392729864576,0.5264601668762144
0.2333392729864576,0.5269173619842268
0.23396293656450462,0.5269173619842268
0.23396293656450462,0.527260258315236
0.23405203136136848,0.527260258315236
0.23405203136136848,0.5273745570922391
0.23414112615823235,0.5273745570922391
0.23414112615823235,0.5276031546462453
0.2344975053456878,0.5276031546462453
0.2344975053456878,0.5280603497542576
0.23458660014255167,0.5280603497542576
0.23458660014255167,0.5282889473082638
0.2347647897362794,0.5282889473082638
0.2347647897362794,0.52851754486227
0.23485388453314326,0.52851754486227
0.23485388453314326,0.5287461424162762
0.23494297933000713,0.5287461424162762
0.23494297933000713,0.5289747399702823
0.23512116892373486,0.5289747399702823
0.23512116892373486,0.5290890387472854
0.23538845331432645,0.5290890387472854
0.23538845331432645,0.5294319350782947
0.2357448325017819,0.5294319350782947
0.2357448325017819,0.529889130186307
0.23583392729864575,0.529889130186307
0.23583392729864575,0.5300034289633101
0.23601211689237347,0.5300034289633101
0.23601211689237347,0.5301177277403132
0.2361903064861012,0.5301177277403132
0.2361903064861012,0.5304606240713224
0.23627940128296507,0.5304606240713224
0.23627940128296507,0.5305749228483255
0.2364575908766928,0.5305749228483255
0.2364575908766928,0.5306892216253286
0.23681397006414825,0.5306892216253286
0.23681397006414825,0.5308035204023317
0.23690306486101212,0.5308035204023317
0.23690306486101212,0.5310321179563379
0.23699215965787598,0.5310321179563379
0.23699215965787598,0.531146416733341
0.2371703492516037,0.531146416733341
0.2371703492516037,0.5313750142873471
0.2374376336421953,0.5313750142873471
0.2374376336421953,0.5314893130643502
0.23752672843905917,0.5314893130643502
0.23752672843905917,0.5319465081723626
0.23761582323592303,0.5319465081723626
0.23761582323592303,0.5320608069493656
0.23779401282965074,0.5320608069493656
0.23779401282965074,0.5324037032803749
0.23797220242337846,0.5324037032803749
0.23797220242337846,0.532518002057378
0.23806129722024233,0.532518002057378
0.23806129722024233,0.5326323008343811
0.2381503920171062,0.5326323008343811
0.2381503920171062,0.5327465996113842
0.23823948681397006,0.5327465996113842
0.23823948681397006,0.5328608983883872
0.23877405559515325,0.5328608983883872
0.23877405559515325,0.5329751971653903
0.2388631503920171,0.5329751971653903
0.2388631503920171,0.5333180934963996
0.23895224518888097,0.5333180934963996
0.23895224518888097,0.5334323922734027
0.2391304347826087,0.5334323922734027
0.2391304347826087,0.5335466910504058
0.23948681397006416,0.5335466910504058
0.23948681397006416,0.533889587381415
0.23957590876692803,0.533889587381415
0.23957590876692803,0.5340038861584181
0.23966500356379186,0.5340038861584181
0.23966500356379186,0.5341181849354212
0.23993228795438346,0.5341181849354212
0.23993228795438346,0.5342324837124243
0.24002138275124732,0.5342324837124243
0.24002138275124732,0.5345753800434335
0.24019957234497505,0.5345753800434335
0.24019957234497505,0.5346896788204366
0.24064504632929437,0.5346896788204366
0.24064504632929437,0.5350325751514459
0.24073414112615824,0.5350325751514459
0.24073414112615824,0.535146873928449
0.2408232359230221,0.535146873928449
0.2408232359230221,0.535261172705452
0.24100142551674983,0.535261172705452
0.24100142551674983,0.5353754714824551
0.2410905203136137,0.5353754714824551
0.2410905203136137,0.5354897702594582
0.2413578047042053,0.5354897702594582
0.2413578047042053,0.5356040690364613
0.241535994297933,0.5356040690364613
0.241535994297933,0.5358326665904675
0.24189237348538845,0.5358326665904675
0.24189237348538845,0.5364041604754829
0.24207056307911617,0.5364041604754829
0.24207056307911617,0.5366327580294891
0.24215965787598004,0.5366327580294891
0.24215965787598004,0.5370899531375014
0.24233784746970777,0.5370899531375014
0.24233784746970777,0.5375471482455138
0.24242694226657163,0.5375471482455138
0.24242694226657163,0.5381186421305292
0.2425160370634355,0.5381186421305292
0.2425160370634355,0.5386901360155446
0.24260513186029936,0.5386901360155446
0.24260513186029936,0.5389187335695508
0.24287241625089095,0.5389187335695508
0.24287241625089095,0.5390330323465539
0.24296151104775482,0.5390330323465539
0.24296151104775482,0.53926162990056
0.24305060584461868,0.53926162990056
0.24305060584461868,0.5394902274545662
0.2434069850320741,0.5394902274545662
0.2434069850320741,0.5396045262315693
0.24349607982893798,0.5396045262315693
0.24349607982893798,0.5401760201165847
0.24385245901639344,0.5401760201165847
0.24385245901639344,0.5402903188935878
0.2439415538132573,0.5402903188935878
0.2439415538132573,0.540518916447594
0.24403064861012116,0.540518916447594
0.24403064861012116,0.5406332152245971
0.24429793300071276,0.5406332152245971
0.24429793300071276,0.5409761115556063
0.24438702779757662,0.5409761115556063
0.24438702779757662,0.5412047091096125
0.24456521739130435,0.5412047091096125
0.24456521739130435,0.5413190078866156
0.2449215965787598,0.5413190078866156
0.2449215965787598,0.5414333066636187
0.2451888809693514,0.5414333066636187
0.2451888809693514,0.5415476054406217
0.24527797576621524,0.5415476054406217
0.24527797576621524,0.5416619042176248
0.2453670705630791,0.5416619042176248
0.2453670705630791,0.541890501771631
0.24545616535994297,0.541890501771631
0.24545616535994297,0.5421190993256372
0.24554526015680683,0.5421190993256372
0.24554526015680683,0.5422333981026403
0.2456343549536707,0.5422333981026403
0.2456343549536707,0.5424619956566464
0.24572344975053456,0.5424619956566464
0.24572344975053456,0.5426905932106526
0.24599073414112615,0.5426905932106526
0.24599073414112615,0.5429191907646588
0.24607982893799002,0.5429191907646588
0.24607982893799002,0.5434906846496742
0.24625801853171775,0.5434906846496742
0.24625801853171775,0.5437192822036804
0.24670349251603707,0.5437192822036804
0.24670349251603707,0.5438335809806835
0.24679258731290094,0.5438335809806835
0.24679258731290094,0.5439478797576865
0.2468816821097648,0.5439478797576865
0.2468816821097648,0.5440621785346896
0.24697077690662866,0.5440621785346896
0.24697077690662866,0.5442907760886958
0.24741625089094796,0.5442907760886958
0.24741625089094796,0.5444050748656989
0.2475944404846757,0.5444050748656989
0.2475944404846757,0.544519373642702
0.24786172487526728,0.544519373642702
0.24786172487526728,0.5446336724197051
0.248039914468995,0.5446336724197051
0.248039914468995,0.5450908675277174
0.24812900926585887,0.5450908675277174
0.24812900926585887,0.5452051663047205
0.24821810406272274,0.5452051663047205
0.24821810406272274,0.5453194650817236
0.2483071988595866,0.5453194650817236
0.2483071988595866,0.5454337638587267
0.24839629365645047,0.5454337638587267
0.24839629365645047,0.5455480626357297
0.24866357804704206,0.5455480626357297
0.24866357804704206,0.545890958966739
0.24875267284390593,0.545890958966739
0.24875267284390593,0.5460052577437421
0.24893086243763365,0.5460052577437421
0.24893086243763365,0.5462338552977483
0.2494654312188168,0.5462338552977483
0.2494654312188168,0.5463481540747513
0.24982181040627227,0.5463481540747513
0.24982181040627227,0.5468053491827637
0.24991090520313614,0.5468053491827637
0.24991090520313614,0.54703394673677
0.25,0.54703394673677
0.25,0.5472625442907761
0.25008909479686386,0.5472625442907761
0.25008909479686386,0.5474911418447823
0.25017818959372773,0.5474911418447823
0.25017818959372773,0.5478340381757916
0.2507127583749109,0.5478340381757916
0.2507127583749109,0.5479483369527947
0.2509800427655025,0.5479483369527947
0.2509800427655025,0.5480626357297977
0.25142551674982183,0.5480626357297977
0.25142551674982183,0.5481769345068008
0.2515146115466857,0.5481769345068008
0.2515146115466857,0.5482912332838039
0.2517818959372773,0.5482912332838039
0.2517818959372773,0.548405532060807
0.25187099073414115,0.548405532060807
0.25187099073414115,0.5485198308378101
0.2524055595153243,0.5485198308378101
0.2524055595153243,0.5489770259458224
0.2526728439059159,0.5489770259458224
0.2526728439059159,0.5492056234998286
0.25302922309337134,0.5492056234998286
0.25302922309337134,0.5495485198308379
0.2531183178902352,0.5495485198308379
0.2531183178902352,0.5496628186078409
0.25320741268709906,0.5496628186078409
0.25320741268709906,0.5502343124928564
0.2533856022808268,0.5502343124928564
0.2533856022808268,0.551034403931878
0.2535637918745545,0.551034403931878
0.2535637918745545,0.551148702708881
0.2536528866714184,0.551148702708881
0.2536528866714184,0.5513773002628872
0.25374198146828225,0.5513773002628872
0.25374198146828225,0.5514915990398903
0.25392017106201,0.5514915990398903
0.25392017106201,0.5517201965938965
0.25400926585887385,0.5517201965938965
0.25400926585887385,0.5518344953708996
0.2540983606557377,0.5518344953708996
0.2540983606557377,0.552405989255915
0.25427655024946544,0.552405989255915
0.25427655024946544,0.5526345868099212
0.25498930862437635,0.5526345868099212
0.25498930862437635,0.5527488855869243
0.2550784034212402,0.5527488855869243
0.2550784034212402,0.5532060806949366
0.2551674982181041,0.5532060806949366
0.2551674982181041,0.5533203794719397
0.25525659301496795,0.5533203794719397
0.25525659301496795,0.5534346782489428
0.2553456878118318,0.5534346782489428
0.2553456878118318,0.5535489770259459
0.2554347826086957,0.5535489770259459
0.2554347826086957,0.5536632758029489
0.2556129722024234,0.5536632758029489
0.2556129722024234,0.5543490684649675
0.2557020669992872,0.5543490684649675
0.2557020669992872,0.5544633672419705
0.2559693513898788,0.5544633672419705
0.2559693513898788,0.5548062635729798
0.2562366357804704,0.5548062635729798
0.2562366357804704,0.555034861126986
0.2567712045616536,0.555034861126986
0.2567712045616536,0.555149159903989
0.25686029935851745,0.555149159903989
0.25686029935851745,0.5552634586809921
0.25739486813970064,0.5552634586809921
0.25739486813970064,0.5554920562349983
0.2574839629365645,0.5554920562349983
0.2574839629365645,0.5557206537890045
0.25766215253029223,0.5557206537890045
0.25766215253029223,0.5558349525660076
0.2579294369208838,0.5558349525660076
0.2579294369208838,0.5561778488970168
0.2581967213114754,0.5561778488970168
0.2581967213114754,0.5562921476740199
0.2582858161083393,0.5562921476740199
0.2582858161083393,0.556406446451023
0.258464005702067,0.556406446451023
0.258464005702067,0.5570922391130415
0.25864219529579474,0.5570922391130415
0.25864219529579474,0.5573208366670477
0.25890947968638633,0.5573208366670477
0.25890947968638633,0.5575494342210539
0.25917676407697793,0.5575494342210539
0.25917676407697793,0.5576637329980569
0.2592658588738418,0.5576637329980569
0.2592658588738418,0.55777803177506
0.25935495367070566,0.55777803177506
0.25935495367070566,0.5578923305520631
0.25953314326443333,0.5578923305520631
0.25953314326443333,0.5580066293290662
0.2596222380612972,0.5580066293290662
0.2596222380612972,0.5581209281060693
0.2598895224518888,0.5581209281060693
0.2598895224518888,0.5582352268830724
0.25997861724875265,0.5582352268830724
0.25997861724875265,0.5584638244370785
0.2601568068424804,0.5584638244370785
0.2601568068424804,0.5585781232140816
0.26051318602993584,0.5585781232140816
0.26051318602993584,0.559149617099097
0.26069137562366357,0.559149617099097
0.26069137562366357,0.5596068122071094
0.2608695652173913,0.5596068122071094
0.2608695652173913,0.5597211109841125
0.261047754811119,0.5597211109841125
0.261047754811119,0.5598354097611156
0.2611368496079829,0.5598354097611156
0.2611368496079829,0.5601783060921248
0.2613150392017106,0.5601783060921248
0.2613150392017106,0.5602926048691279
0.26149322879543835,0.5602926048691279
0.26149322879543835,0.5606355012001372
0.2616714183891661,0.5606355012001372
0.2616714183891661,0.5608640987541433
0.2618496079828938,0.5608640987541433
0.2618496079828938,0.5610926963081495
0.26193870277975767,0.5610926963081495
0.26193870277975767,0.561778488970168
0.2621168923734854,0.561778488970168
0.2621168923734854,0.5620070865241742
0.2625623663578047,0.5620070865241742
0.2625623663578047,0.5621213853011773
0.2626514611546686,0.5621213853011773
0.2626514611546686,0.5622356840781804
0.2628296507483963,0.5622356840781804
0.2628296507483963,0.5624642816321865
0.2630969351389879,0.5624642816321865
0.2630969351389879,0.5625785804091896
0.2631860299358518,0.5625785804091896
0.2631860299358518,0.563035775517202
0.2634533143264433,0.563035775517202
0.2634533143264433,0.5632643730712081
0.2635424091233072,0.5632643730712081
0.2635424091233072,0.5633786718482112
0.26389878831076263,0.5633786718482112
0.26389878831076263,0.5636072694022174
0.2639878831076265,0.5636072694022174
0.2639878831076265,0.5638358669562236
0.26407697790449036,0.5638358669562236
0.26407697790449036,0.5639501657332266
0.2641660727013542,0.5639501657332266
0.2641660727013542,0.5642930620642359
0.26434426229508196,0.5642930620642359
0.26434426229508196,0.5645216596182421
0.2645224518888097,0.5645216596182421
0.2645224518888097,0.5646359583952452
0.26461154668567355,0.5646359583952452
0.26461154668567355,0.5648645559492513
0.2647006414825374,0.5648645559492513
0.2647006414825374,0.5649788547262544
0.26487883107626514,0.5649788547262544
0.26487883107626514,0.5653217510572637
0.264967925873129,0.5653217510572637
0.264967925873129,0.5654360498342668
0.26505702066999287,0.5654360498342668
0.26505702066999287,0.5655503486112698
0.26514611546685674,0.5655503486112698
0.26514611546685674,0.5658932449422791
0.26532430506058446,0.5658932449422791
0.26532430506058446,0.5661218424962853
0.2655024946543122,0.5661218424962853
0.2655024946543122,0.5668076351583038
0.2656806842480399,0.5668076351583038
0.2656806842480399,0.56703623271231
0.2660370634354954,0.56703623271231
0.2660370634354954,0.567150531489313
0.26612615823235924,0.567150531489313
0.26612615823235924,0.5672648302663161
0.266304347826087,0.5672648302663161
0.266304347826087,0.5673791290433192
0.26657163221667857,0.5673791290433192
0.26657163221667857,0.5676077265973254
0.2667498218104063,0.5676077265973254
0.2667498218104063,0.5677220253743285
0.26683891660727016,0.5677220253743285
0.26683891660727016,0.5678363241513316
0.2671062009978617,0.5678363241513316
0.2671062009978617,0.5680649217053377
0.2673734853884533,0.5680649217053377
0.2673734853884533,0.5681792204823408
0.2676407697790449,0.5681792204823408
0.2676407697790449,0.5682935192593439
0.2679080541696365,0.5682935192593439
0.2679080541696365,0.5687507143673562
0.2680862437633642,0.5687507143673562
0.2680862437633642,0.5690936106983655
0.26826443335709194,0.5690936106983655
0.26826443335709194,0.5692079094753686
0.26844262295081966,0.5692079094753686
0.26844262295081966,0.5693222082523717
0.2686208125445474,0.5693222082523717
0.2686208125445474,0.5695508058063778
0.268888096935139,0.5695508058063778
0.268888096935139,0.5696651045833809
0.2690662865288667,0.5696651045833809
0.2690662865288667,0.5700080009143902
0.2691553813257306,0.5700080009143902
0.2691553813257306,0.5701222996913933
0.2694226657163222,0.5701222996913933
0.2694226657163222,0.5704651960224025
0.26951176051318604,0.5704651960224025
0.26951176051318604,0.5708080923534118
0.2696008553100499,0.5708080923534118
0.2696008553100499,0.571150988684421
0.2700463292943692,0.571150988684421
0.2700463292943692,0.5712652874614241
0.27022451888809695,0.5712652874614241
0.27022451888809695,0.5713795862384272
0.2704027084818247,0.5713795862384272
0.2704027084818247,0.5714938850154303
0.27049180327868855,0.5714938850154303
0.27049180327868855,0.5717224825694365
0.2706699928724163,0.5717224825694365
0.2706699928724163,0.5719510801234426
0.27084818246614395,0.5719510801234426
0.27084818246614395,0.5720653789004457
0.2709372772630078,0.5720653789004457
0.2709372772630078,0.5721796776774488
0.2710263720598717,0.5722939764544519
0.2712045616535994,0.5722939764544519
0.2712045616535994,0.5726368727854612
0.27138275124732714,0.5726368727854612
0.27138275124732714,0.5728654703394673
0.27165003563791873,0.5728654703394673
0.27165003563791873,0.5732083666704766
0.27209550962223805,0.5732083666704766
0.27209550962223805,0.5735512630014858
0.27236279401282965,0.5735512630014858
0.27236279401282965,0.5738941593324951
0.2725409836065574,0.5738941593324951
0.2725409836065574,0.5742370556635044
0.27263007840342124,0.5742370556635044
0.27263007840342124,0.5744656532175105
0.2727191732002851,0.5744656532175105
0.2727191732002851,0.575151445879529
0.27280826799714897,0.575151445879529
0.27280826799714897,0.5752657446565321
0.2729864575908767,0.5752657446565321
0.2729864575908767,0.5753800434335352
0.27307555238774056,0.5754943422105383
0.2732537419814683,0.5754943422105383
0.2732537419814683,0.5756086409875414
0.27334283677833215,0.5756086409875414
0.27334283677833215,0.5758372385415476
0.2735210263720599,0.5758372385415476
0.2735210263720599,0.5759515373185506
0.2737883107626515,0.5759515373185506
0.2737883107626515,0.5760658360955537
0.27387740555951534,0.5760658360955537
0.27387740555951534,0.5761801348725568
0.2739665003563792,0.5761801348725568
0.2739665003563792,0.576408732426563
0.27405559515324307,0.576408732426563
0.27405559515324307,0.5767516287575722
0.27414468995010693,0.5767516287575722
0.27414468995010693,0.5768659275345753
0.2742337847469708,0.5768659275345753
0.2742337847469708,0.5770945250885815
0.27432287954383466,0.5770945250885815
0.27432287954383466,0.5773231226425877
0.2745010691375624,0.5773231226425877
0.2745010691375624,0.5775517201965938
0.27459016393442626,0.5775517201965938
0.27459016393442626,0.5777803177506
0.27476835352815393,0.5777803177506
0.27476835352815393,0.5778946165276031
0.2748574483250178,0.5778946165276031
0.2748574483250178,0.5780089153046062
0.2751247327156094,0.5780089153046062
0.2751247327156094,0.5782375128586125
0.27521382751247325,0.5782375128586125
0.27521382751247325,0.5784661104126186
0.2761047754811119,0.5784661104126186
0.2761047754811119,0.5785804091896217
0.27619387027797576,0.5785804091896217
0.27619387027797576,0.5788090067436279
0.2763720598717035,0.5788090067436279
0.2763720598717035,0.578923305520631
0.2766393442622951,0.578923305520631
0.2766393442622951,0.5791519030746372
0.27672843905915895,0.5791519030746372
0.27672843905915895,0.5793805006286433
0.2769066286528867,0.5793805006286433
0.2769066286528867,0.5794947994056464
0.27699572344975054,0.5794947994056464
0.27699572344975054,0.5796090981826495
0.2770848182466144,0.5796090981826495
0.2770848182466144,0.5797233969596526
0.27717391304347827,0.5797233969596526
0.27717391304347827,0.5801805920676649
0.27726300784034213,0.5801805920676649
0.27726300784034213,0.5804091896216711
0.27753029223093373,0.5804091896216711
0.27753029223093373,0.5806377871756773
0.2776193870277976,0.5806377871756773
0.2776193870277976,0.5809806835066865
0.2780648610121169,0.5809806835066865
0.2780648610121169,0.5814378786146989
0.2781539558089808,0.5814378786146989
0.2781539558089808,0.581552177391702
0.27824305060584464,0.581552177391702
0.27824305060584464,0.581666476168705
0.2783321454027085,0.581666476168705
0.2783321454027085,0.5818950737227112
0.2784212401995723,0.5818950737227112
0.2784212401995723,0.5825808663847297
0.2786885245901639,0.5825808663847297
0.2786885245901639,0.5826951651617328
0.2787776193870278,0.5826951651617328
0.2787776193870278,0.5828094639387359
0.27886671418389164,0.5828094639387359
0.27886671418389164,0.582923762715739
0.2794012829650748,0.582923762715739
0.2794012829650748,0.5830380614927421
0.2794903777619387,0.5830380614927421
0.2794903777619387,0.5833809578237513
0.27957947255880256,0.5833809578237513
0.27957947255880256,0.5837238541547606
0.2797576621525303,0.5837238541547606
0.2797576621525303,0.5841810492627729
0.2800249465431219,0.5841810492627729
0.2800249465431219,0.584295348039776
0.28011404133998574,0.584295348039776
0.28011404133998574,0.5845239455937822
0.28038132573057734,0.5845239455937822
0.28038132573057734,0.5846382443707853
0.28055951532430506,0.5846382443707853
0.28055951532430506,0.5847525431477884
0.2809158945117605,0.5847525431477884
0.2809158945117605,0.5848668419247914
0.28109408410548825,0.5848668419247914
0.28109408410548825,0.5850954394787976
0.281272273699216,0.5850954394787976
0.281272273699216,0.5852097382558007
0.28136136849607984,0.5852097382558007
0.28136136849607984,0.58555263458681
0.28162865288667144,0.58555263458681
0.28162865288667144,0.5857812321408161
0.28180684248039917,0.5857812321408161
0.28180684248039917,0.5861241284718254
0.2819850320741269,0.5861241284718254
0.2819850320741269,0.5864670248028346
0.2821632216678546,0.5864670248028346
0.2821632216678546,0.5868099211338439
0.2826086956521739,0.5868099211338439
0.2826086956521739,0.5870385186878501
0.2827868852459016,0.5870385186878501
0.2827868852459016,0.5872671162418562
0.2830541696364932,0.5872671162418562
0.2830541696364932,0.5874957137958624
0.2833214540270848,0.5874957137958624
0.2833214540270848,0.5876100125728655
0.28349964362081254,0.5876100125728655
0.28349964362081254,0.5877243113498686
0.2835887384176764,0.5877243113498686
0.2835887384176764,0.5879529089038747
0.28376692801140413,0.5879529089038747
0.28376692801140413,0.588295805234884
0.28394511760513186,0.588295805234884
0.28394511760513186,0.5885244027888902
0.2840342124019957,0.5885244027888902
0.2840342124019957,0.5887530003428963
0.28421240199572345,0.5887530003428963
0.28421240199572345,0.5888672991198994
0.2843014967925873,0.5888672991198994
0.2843014967925873,0.5889815978969025
0.2845687811831789,0.5889815978969025
0.2845687811831789,0.5892101954509087
0.2846578759800428,0.5892101954509087
0.2846578759800428,0.5893244942279118
0.2848360655737705,0.5893244942279118
0.2848360655737705,0.5894387930049149
0.28492516037063437,0.5894387930049149
0.28492516037063437,0.5902388844439365
0.28519244476122596,0.5902388844439365
0.28519244476122596,0.5904674819979426
0.28545972915181755,0.5904674819979426
0.28545972915181755,0.5906960795519488
0.2855488239486814,0.5906960795519488
0.2855488239486814,0.5908103783289519
0.2856379187455453,0.5908103783289519
0.2856379187455453,0.5911532746599611
0.285816108339273,0.5911532746599611
0.285816108339273,0.5913818722139673
0.28608339272986455,0.5913818722139673
0.28608339272986455,0.5914961709909704
0.28652886671418387,0.5914961709909704
0.28652886671418387,0.5916104697679735
0.28661796151104774,0.5916104697679735
0.28661796151104774,0.5917247685449766
0.28679615110477547,0.5917247685449766
0.28679615110477547,0.5925248599839982
0.28688524590163933,0.5925248599839982
0.28688524590163933,0.5926391587610013
0.2869743406985032,0.5926391587610013
0.2869743406985032,0.5929820550920105
0.28706343549536706,0.5929820550920105
0.28706343549536706,0.5932106526460167
0.2872416250890948,0.5932106526460167
0.2872416250890948,0.5934392502000229
0.2879543834640057,0.5934392502000229
0.2879543834640057,0.593667847754029
0.28813257305773343,0.593667847754029
0.28813257305773343,0.5938964453080352
0.2882216678545973,0.5938964453080352
0.2882216678545973,0.5940107440850383
0.2884889522451889,0.5940107440850383
0.2884889522451889,0.5942393416390445
0.2886671418389166,0.5942393416390445
0.2886671418389166,0.5943536404160475
0.2887562366357805,0.5943536404160475
0.2887562366357805,0.5950394330780661
0.28955808980755526,0.5950394330780661
0.28955808980755526,0.5951537318550691
0.28964718460441913,0.5951537318550691
0.28964718460441913,0.5954966281860784
0.29018175338560226,0.5954966281860784
0.29018175338560226,0.5956109269630815
0.29035994297933,0.5956109269630815
0.29035994297933,0.5964110184021031
0.2906272273699216,0.5964110184021031
0.2906272273699216,0.5965253171791062
0.29098360655737704,0.5965253171791062
0.29098360655737704,0.5969825122871185
0.2910727013542409,0.5969825122871185
0.2910727013542409,0.5970968110641216
0.29142908054169636,0.5970968110641216
0.29142908054169636,0.5978969025031432
0.29169636493228795,0.5978969025031432
0.29169636493228795,0.5982397988341525
0.2918745545260157,0.5982397988341525
0.2918745545260157,0.5984683963881586
0.292320028510335,0.5984683963881586
0.292320028510335,0.5990398902731741
0.2925873129009266,0.5990398902731741
0.2925873129009266,0.5991541890501771
0.29294369208838206,0.5991541890501771
0.29294369208838206,0.5992684878271802
0.2930327868852459,0.5992684878271802
0.2930327868852459,0.5993827866041833
0.29321097647897365,0.5993827866041833
0.29321097647897365,0.5996113841581895
0.2936564504632929,0.5996113841581895
0.2936564504632929,0.5998399817121957
0.29383464005702065,0.5998399817121957
0.29383464005702065,0.5999542804891987
0.29428011404133997,0.5999542804891987
0.29428011404133997,0.6001828780432049
0.29454739843193156,0.6001828780432049
0.29454739843193156,0.600297176820208
0.2946364932287954,0.600297176820208
0.2946364932287954,0.6004114755972111
0.2947255880256593,0.6004114755972111
0.2947255880256593,0.6005257743742142
0.29481468282252316,0.6005257743742142
0.29481468282252316,0.6006400731512173
0.2951710620099786,0.6006400731512173
0.2951710620099786,0.6013258658132358
0.29561653599429794,0.6013258658132358
0.29561653599429794,0.6014401645902389
0.2957056307911618,0.6014401645902389
0.2957056307911618,0.601668762144245
0.29579472558802566,0.601668762144245
0.29579472558802566,0.6017830609212481
0.29588382038488953,0.6017830609212481
0.29588382038488953,0.6021259572522574
0.296240199572345,0.6021259572522574
0.296240199572345,0.6022402560292605
0.29632929436920885,0.6022402560292605
0.29632929436920885,0.6023545548062635
0.29659657875980044,0.6023545548062635
0.29659657875980044,0.6024688535832666
0.2966856735566643,0.6024688535832666
0.2966856735566643,0.6025831523602697
0.2967747683535282,0.6025831523602697
0.2967747683535282,0.6026974511372728
0.2975766215253029,0.6026974511372728
0.2975766215253029,0.602926048691279
0.2977548111190306,0.602926048691279
0.2977548111190306,0.6030403474682821
0.29793300071275836,0.6030403474682821
0.29793300071275836,0.6031546462452851
0.2980220955096222,0.6031546462452851
0.2980220955096222,0.6032689450222882
0.29820028510334995,0.6032689450222882
0.29820028510334995,0.6033832437992913
0.2982893799002138,0.6033832437992913
0.2982893799002138,0.6034975425762944
0.2985566642908054,0.6034975425762944
0.2985566642908054,0.6036118413532975
0.29873485388453314,0.6036118413532975
0.29873485388453314,0.6037261401303006
0.29891304347826086,0.6037261401303006
0.29891304347826086,0.6040690364613098
0.2990912330719886,0.6040690364613098
0.2990912330719886,0.604297634015316
0.2992694226657163,0.604297634015316
0.2992694226657163,0.6044119327923191
0.29944761225944405,0.6044119327923191
0.29944761225944405,0.6046405303463253
0.2998039914468995,0.6046405303463253
0.2998039914468995,0.6049834266773345
0.29998218104062724,0.6049834266773345
0.29998218104062724,0.6052120242313407
0.3000712758374911,0.6052120242313407
0.3000712758374911,0.6057835181163561
0.30016037063435497,0.6057835181163561
0.30016037063435497,0.6061264144473654
0.30024946543121883,0.6061264144473654
0.30024946543121883,0.6062407132243685
0.3003385602280827,0.6062407132243685
0.3003385602280827,0.6063550120013715
0.30042765502494656,0.6063550120013715
0.30042765502494656,0.6066979083323808
0.30069493941553815,0.6066979083323808
0.30069493941553815,0.60704080466339
0.300784034212402,0.60704080466339
0.300784034212402,0.6073837009943993
0.3010513186029936,0.6073837009943993
0.3010513186029936,0.6074979997714024
0.30158588738417674,0.6074979997714024
0.30158588738417674,0.6076122985484055
0.30176407697790447,0.6076122985484055
0.30176407697790447,0.6078408961024117
0.3019422665716322,0.6078408961024117
0.3019422665716322,0.6081837924334209
0.30229864575908766,0.6081837924334209
0.30229864575908766,0.608298091210424
0.3026550249465431,0.608298091210424
0.3026550249465431,0.6084123899874271
0.3029223093371347,0.6084123899874271
0.3029223093371347,0.6085266887644302
0.30310049893086244,0.6085266887644302
0.30310049893086244,0.6087552863184363
0.3034568781183179,0.6087552863184363
0.3034568781183179,0.6088695850954394
0.30354597291518176,0.6088695850954394
0.30354597291518176,0.6089838838724425
0.3039023521026372,0.6089838838724425
0.3039023521026372,0.6090981826494456
0.3039914468995011,0.6090981826494456
0.3039914468995011,0.6092124814264487
0.3042587312900927,0.6092124814264487
0.3042587312900927,0.6093267802034518
0.30434782608695654,0.6093267802034518
0.30434782608695654,0.609441078980455
0.3044369208838204,0.609441078980455
0.3044369208838204,0.6096696765344611
0.30461511047754813,0.6096696765344611
0.30461511047754813,0.6098982740884673
0.304704205274412,0.6098982740884673
0.304704205274412,0.6102411704194766
0.30488239486813973,0.6102411704194766
0.30488239486813973,0.6103554691964796
0.305327868852459,0.6103554691964796
0.305327868852459,0.6104697679734827
0.30541696364932286,0.6104697679734827
0.30541696364932286,0.6105840667504858
0.3055951532430506,0.6105840667504858
0.3055951532430506,0.610812664304492
0.30568424803991445,0.610812664304492
0.30568424803991445,0.6110412618584982
0.3057733428367783,0.6110412618584982
0.3057733428367783,0.6111555606355012
0.30639700641482537,0.6111555606355012
0.30639700641482537,0.6112698594125043
0.30719885958660015,0.6112698594125043
0.30719885958660015,0.6113841581895074
0.3073770491803279,0.6113841581895074
0.3073770491803279,0.6124128471825352
0.30746614397719174,0.6124128471825352
0.30746614397719174,0.6126414447365414
0.3075552387740556,0.6126414447365414
0.3075552387740556,0.6128700422905475
0.30791161796151106,0.6128700422905475
0.30791161796151106,0.6133272373985599
0.30800071275837493,0.6133272373985599
0.30800071275837493,0.613441536175563
0.308624376336422,0.613441536175563
0.308624376336422,0.613555834952566
0.30906985032074125,0.613555834952566
0.30906985032074125,0.6140130300605784
0.309248039914469,0.6140130300605784
0.309248039914469,0.6142416276145846
0.30933713471133284,0.6142416276145846
0.30933713471133284,0.6143559263915876
0.3094262295081967,0.6143559263915876
0.3094262295081967,0.6144702251685907
0.309871703492516,0.6144702251685907
0.309871703492516,0.6145845239455938
0.3099607982893799,0.6145845239455938
0.3099607982893799,0.6149274202766031
0.31031717747683535,0.6149274202766031
0.31031717747683535,0.6150417190536062
0.3106735566642908,0.6150417190536062
0.3106735566642908,0.6151560178306092
0.3114754098360656,0.6151560178306092
0.3114754098360656,0.6154989141616185
0.31156450463292945,0.6154989141616185
0.31156450463292945,0.6157275117156247
0.3116535994297933,0.6157275117156247
0.3116535994297933,0.6158418104926278
0.31183178902352104,0.6158418104926278
0.31183178902352104,0.6160704080466339
0.31209907341411264,0.6160704080466339
0.3121881682109765,0.616184706823637
0.3124554526015681,0.616184706823637
0.3124554526015681,0.6166419019316494
0.31272273699215963,0.6166419019316494
0.31272273699215963,0.6167562007086524
0.3128118317890235,0.6167562007086524
0.3128118317890235,0.6170990970396617
0.31290092658588736,0.6170990970396617
0.31290092658588736,0.617441993370671
0.3136136849607983,0.617441993370671
0.3136136849607983,0.617556292147674
0.31370277975766214,0.617556292147674
0.31370277975766214,0.6177848897016802
0.313791874554526,0.6177848897016802
0.313791874554526,0.6178991884786833
0.31388096935138987,0.6178991884786833
0.31388096935138987,0.6180134872556864
0.31397006414825374,0.6180134872556864
0.31397006414825374,0.6184706823636987
0.3140591589451176,0.6184706823636987
0.3140591589451176,0.6185849811407018
0.3143264433357092,0.6185849811407018
0.3143264433357092,0.618813578694708
0.31468282252316465,0.618813578694708
0.31468282252316465,0.6189278774717111
0.31495010691375624,0.6189278774717111
0.31495010691375624,0.6190421762487142
0.3150392017106201,0.6190421762487142
0.3150392017106201,0.6192707738027203
0.3153064861012117,0.6192707738027203
0.3153064861012117,0.6193850725797234
0.31539558089807557,0.6193850725797234
0.31539558089807557,0.6194993713567265
0.31548467569493943,0.6194993713567265
0.31548467569493943,0.6196136701337296
0.3160192444761226,0.6196136701337296
0.3160192444761226,0.6198422676877358
0.3161083392729865,0.6198422676877358
0.3161083392729865,0.6199565664647388
0.3162865288667142,0.6199565664647388
0.3162865288667142,0.620185164018745
0.316375623663578,0.620185164018745
0.316375623663578,0.6202994627957481
0.3164647184604419,0.6202994627957481
0.3164647184604419,0.6205280603497543
0.31655381325730575,0.6205280603497543
0.31655381325730575,0.6208709566807635
0.3166429080541696,0.6208709566807635
0.3166429080541696,0.6213281517887759
0.31682109764789734,0.6213281517887759
0.31682109764789734,0.621442450565779
0.31699928724162507,0.621442450565779
0.31699928724162507,0.621556749342782
0.31726657163221667,0.621556749342782
0.31726657163221667,0.6218996456737913
0.3174447612259444,0.6218996456737913
0.3174447612259444,0.6221282432277975
0.31753385602280826,0.6221282432277975
0.31753385602280826,0.6223568407818036
0.317712045616536,0.6223568407818036
0.317712045616536,0.622814035889816
0.31780114041339985,0.622814035889816
0.31780114041339985,0.6229283346668191
0.31806842480399145,0.6229283346668191
0.31806842480399145,0.6233855297748314
0.3181575196008553,0.6233855297748314
0.3181575196008553,0.6236141273288376
0.3182466143977192,0.6236141273288376
0.3182466143977192,0.6239570236598468
0.31833570919458304,0.6239570236598468
0.31833570919458304,0.6244142187678592
0.3189593727726301,0.6244142187678592
0.3189593727726301,0.6245285175448623
0.3191375623663578,0.6245285175448623
0.3191375623663578,0.6247571150988684
0.31931575196008555,0.6247571150988684
0.31931575196008555,0.6248714138758715
0.319672131147541,0.6248714138758715
0.319672131147541,0.6249857126528746
0.32011760513186027,0.6249857126528746
0.32011760513186027,0.6253286089838839
0.32065217391304346,0.6253286089838839
0.32065217391304346,0.625442907760887
0.3212758374910905,0.625442907760887
0.3212758374910905,0.6260144016459024
0.3218104062722737,0.6260144016459024
0.3218104062722737,0.6261287004229055
0.32216678545972915,0.6261287004229055
0.32216678545972915,0.6262429991999086
0.322255880256593,0.6262429991999086
0.322255880256593,0.6263572979769116
0.3223449750534569,0.6263572979769116
0.3223449750534569,0.6264715967539147
0.32243406985032075,0.6264715967539147
0.32243406985032075,0.6265858955309178
0.3225231646471846,0.6265858955309178
0.3225231646471846,0.626814493084924
0.3226122594440485,0.626814493084924
0.3226122594440485,0.6273859869699394
0.32270135424091234,0.6273859869699394
0.32270135424091234,0.6275002857469425
0.3227904490377762,0.6275002857469425
0.3227904490377762,0.6276145845239456
0.32287954383464007,0.6276145845239456
0.32287954383464007,0.6277288833009487
0.323592302209551,0.6277288833009487
0.323592302209551,0.6279574808549548
0.32368139700641485,0.6279574808549548
0.32368139700641485,0.6280717796319579
0.3237704918032787,0.6280717796319579
0.3237704918032787,0.628186078408961
0.3238595866001426,0.628186078408961
0.3238595866001426,0.6283003771859641
0.3239486813970064,0.6283003771859641
0.3239486813970064,0.6284146759629672
0.3241268709907341,0.6284146759629672
0.3241268709907341,0.6287575722939764
0.3244832501781896,0.6287575722939764
0.3244832501781896,0.6291004686249857
0.32457234497505344,0.6291004686249857
0.32457234497505344,0.6292147674019888
0.3246614397719173,0.6292147674019888
0.3246614397719173,0.629557663732998
0.32475053456878117,0.629557663732998
0.32475053456878117,0.6296719625100011
0.3249287241625089,0.6296719625100011
0.3249287241625089,0.6297862612870042
0.32501781895937276,0.6297862612870042
0.32501781895937276,0.6299005600640073
0.32528510334996436,0.6299005600640073
0.32528510334996436,0.6300148588410104
0.3254632929436921,0.6300148588410104
0.3254632929436921,0.6301291576180135
0.32555238774055595,0.6301291576180135
0.32555238774055595,0.6303577551720196
0.3256414825374198,0.6303577551720196
0.3256414825374198,0.6304720539490227
0.3257305773342837,0.6304720539490227
0.3257305773342837,0.630814950280032
0.3259087669280114,0.630814950280032
0.3259087669280114,0.6312721453880443
0.3267106200997862,0.6312721453880443
0.3267106200997862,0.6315007429420505
0.32706699928724164,0.6315007429420505
0.32706699928724164,0.6319579380500628
0.3271560940841055,0.6319579380500628
0.3271560940841055,0.6320722368270659
0.32733428367783324,0.6320722368270659
0.32733428367783324,0.632186535604069
0.32751247327156097,0.632186535604069
0.32751247327156097,0.6323008343810721
0.3277797576621525,0.6323008343810721
0.3277797576621525,0.6324151331580752
0.32795794725588023,0.6324151331580752
0.32795794725588023,0.6325294319350783
0.3280470420527441,0.6325294319350783
0.3280470420527441,0.6327580294890844
0.32813613684960796,0.6327580294890844
0.32813613684960796,0.6328723282660875
0.3283143264433357,0.6328723282660875
0.3283143264433357,0.6329866270430906
0.3288488952245189,0.6329866270430906
0.3288488952245189,0.6332152245970968
0.32893799002138274,0.6332152245970968
0.32893799002138274,0.6333295233740999
0.32911617961511047,0.6333295233740999
0.32911617961511047,0.633443822151103
0.32920527441197434,0.633443822151103
0.32920527441197434,0.6337867184821122
0.3292943692088382,0.6337867184821122
0.3292943692088382,0.6339010172591153
0.32947255880256593,0.6339010172591153
0.32947255880256593,0.6340153160361184
0.32991803278688525,0.6340153160361184
0.32991803278688525,0.6341296148131215
0.3300071275837491,0.6341296148131215
0.3300071275837491,0.6343582123671276
0.33018531717747684,0.6343582123671276
0.33018531717747684,0.6344725111441307
0.3309871703492516,0.6344725111441307
0.3309871703492516,0.6347011086981369
0.33152173913043476,0.6347011086981369
0.33152173913043476,0.63481540747514
0.33259087669280113,0.63481540747514
0.33259087669280113,0.6352726025831523
0.332679971489665,0.6352726025831523
0.332679971489665,0.6353869013601554
0.33303635067712045,0.6353869013601554
0.33303635067712045,0.6356154989141616
0.3332145402708482,0.6356154989141616
0.3332145402708482,0.6357297976911647
0.33330363506771205,0.6357297976911647
0.33330363506771205,0.6359583952451708
0.3333927298645759,0.6359583952451708
0.3333927298645759,0.6360726940221739
0.3334818246614398,0.6360726940221739
0.3334818246614398,0.636186992799177
0.3336600142551675,0.636186992799177
0.3336600142551675,0.6364155903531832
0.3341054882394868,0.6364155903531832
0.3341054882394868,0.6368727854611955
0.33428367783321455,0.6368727854611955
0.33455096222380615,0.6368727854611955
0.33455096222380615,0.6373299805692079
0.33464005702067,0.6373299805692079
0.33464005702067,0.6376728769002171
0.3347291518175339,0.6376728769002171
0.3347291518175339,0.6377871756772202
0.3349073414112616,0.6377871756772202
0.3349073414112616,0.6380157732312264
0.33499643620812547,0.6380157732312264
0.33499643620812547,0.6383586695622356
0.33508553100498933,0.6383586695622356
0.33508553100498933,0.6385872671162418
0.33570919458303633,0.6385872671162418
0.33570919458303633,0.6387015658932449
0.3357982893799002,0.6387015658932449
0.3357982893799002,0.638815864670248
0.33588738417676406,0.638815864670248
0.33588738417676406,0.6389301634472511
0.3360655737704918,0.6389301634472511
0.3360655737704918,0.6390444622242542
0.3362437633642195,0.6390444622242542
0.3362437633642195,0.6391587610012572
0.3363328581610834,0.6391587610012572
0.3363328581610834,0.6392730597782603
0.3365110477548111,0.6392730597782603
0.3365110477548111,0.6393873585552634
0.336600142551675,0.6393873585552634
0.336600142551675,0.6396159561092696
0.33686742694226657,0.6396159561092696
0.33686742694226657,0.6399588524402788
0.33695652173913043,0.6399588524402788
0.33695652173913043,0.6400731512172819
0.3373129009265859,0.6400731512172819
0.3373129009265859,0.640187449994285
0.3374910905203136,0.640187449994285
0.3374910905203136,0.6404160475482912
0.3375801853171775,0.6404160475482912
0.3375801853171775,0.6405303463252943
0.33766928011404135,0.6405303463252943
0.33766928011404135,0.6407589438793005
0.3377583749109052,0.6407589438793005
0.3377583749109052,0.6412161389873129
0.33793656450463294,0.6412161389873129
0.33793656450463294,0.641330437764316
0.33820384889522453,0.641330437764316
0.33820384889522453,0.6415590353183221
0.33838203848895226,0.6415590353183221
0.33838203848895226,0.6416733340953252
0.33847113328581613,0.6416733340953252
0.33847113328581613,0.6417876328723283
0.33856022808268,0.6417876328723283
0.33856022808268,0.6422448279803407
0.33864932287954386,0.6422448279803407
0.33864932287954386,0.6423591267573437
0.33891660727013545,0.6423591267573437
0.33891660727013545,0.6424734255343468
0.3390057020669993,0.6424734255343468
0.3390057020669993,0.6425877243113499
0.339183891660727,0.6425877243113499
0.339183891660727,0.6428163218653561
0.3393620812544547,0.6428163218653561
0.3393620812544547,0.6429306206423592
0.3396293656450463,0.6429306206423592
0.3396293656450463,0.6430449194193623
0.3401639344262295,0.6430449194193623
0.3401639344262295,0.6431592181963653
0.3403421240199572,0.6431592181963653
0.3403421240199572,0.6432735169733684
0.3404312188168211,0.6432735169733684
0.3404312188168211,0.6435021145273746
0.34052031361368496,0.6435021145273746
0.34052031361368496,0.6436164133043777
0.3408766928011404,0.6436164133043777
0.3408766928011404,0.6438450108583839
0.3409657875980043,0.6438450108583839
0.3409657875980043,0.643959309635387
0.3416785459729152,0.643959309635387
0.3416785459729152,0.6446451022974055
0.34176764076977906,0.6446451022974055
0.34176764076977906,0.6451022974054178
0.3419458303635068,0.6451022974054178
0.3419458303635068,0.6454451937364271
0.3421240199572345,0.6454451937364271
0.3421240199572345,0.6456737912904332
0.3422131147540984,0.6456737912904332
0.3422131147540984,0.6457880900674363
0.3423913043478261,0.6457880900674363
0.3423913043478261,0.6461309863984456
0.34256949394155384,0.6461309863984456
0.34256949394155384,0.6463595839524517
0.3426585887384177,0.6463595839524517
0.3426585887384177,0.6465881815064579
0.34310406272273697,0.6465881815064579
0.34319315751960083,0.646702480283461
0.34337134711332856,0.646702480283461
0.34337134711332856,0.6468167790604641
0.3435495367070563,0.6468167790604641
0.3435495367070563,0.6470453766144703
0.34363863150392016,0.6470453766144703
0.34363863150392016,0.6471596753914733
0.34390591589451175,0.6471596753914733
0.34390591589451175,0.6473882729454795
0.3439950106913756,0.6473882729454795
0.3439950106913756,0.6475025717224826
0.3440841054882395,0.6475025717224826
0.3440841054882395,0.6479597668304949
0.34417320028510334,0.6479597668304949
0.34417320028510334,0.648074065607498
0.3445295794725588,0.648074065607498
0.3445295794725588,0.6484169619385073
0.3447968638631504,0.6484169619385073
0.3447968638631504,0.6486455594925135
0.34488595866001426,0.6486455594925135
0.34488595866001426,0.6491027546005258
0.34515324305060585,0.6491027546005258
0.34515324305060585,0.6492170533775289
0.3452423378474697,0.6492170533775289
0.3452423378474697,0.6494456509315351
0.34568781183178904,0.6494456509315351
0.34568781183178904,0.6496742484855412
0.34613328581610836,0.6496742484855412
0.34613328581610836,0.6497885472625443
0.3464896650035638,0.6497885472625443
0.3464896650035638,0.6499028460395474
0.3466678545972915,0.6499028460395474
0.3466678545972915,0.6500171448165505
0.3469351389878831,0.6500171448165505
0.3469351389878831,0.6501314435935536
0.3471133285816108,0.6501314435935536
0.3471133285816108,0.6502457423705567
0.3472024233784747,0.6502457423705567
0.3472024233784747,0.6503600411475597
0.34729151817533854,0.6503600411475597
0.34729151817533854,0.6505886387015659
0.34755880256593014,0.6505886387015659
0.34755880256593014,0.650702937478569
0.347647897362794,0.650702937478569
0.347647897362794,0.6508172362555721
0.3479151817533856,0.6508172362555721
0.3479151817533856,0.6510458338095783
0.3480933713471133,0.6510458338095783
0.3480933713471133,0.6511601325865813
0.34827156094084105,0.6511601325865813
0.34827156094084105,0.6512744313635844
0.3486279401282965,0.6512744313635844
0.3486279401282965,0.6513887301405875
0.34880612972202424,0.6513887301405875
0.34880612972202424,0.6516173276945937
0.34907341411261583,0.6516173276945937
0.34907341411261583,0.6521888215796091
0.34925160370634356,0.6521888215796091
0.34925160370634356,0.6523031203566122
0.3496970776906629,0.6523031203566122
0.3496970776906629,0.6524174191336153
0.34978617248752675,0.6524174191336153
0.34978617248752675,0.6528746142416276
0.35023164647184607,0.6528746142416276
0.35023164647184607,0.6531032117956338
0.35058802565930147,0.6531032117956338
0.3507662152530292,0.6531032117956338
0.35112259444048466,0.6531032117956338
0.35112259444048466,0.65333180934964
0.3512116892373485,0.65333180934964
0.3512116892373485,0.653446108126643
0.3514789736279401,0.653446108126643
0.3514789736279401,0.6535604069036461
0.351568068424804,0.6535604069036461
0.351568068424804,0.6536747056806492
0.3517462580185317,0.6536747056806492
0.3517462580185317,0.6539033032346554
0.35192444761225944,0.6539033032346554
0.35192444761225944,0.6541319007886616
0.35210263720598717,0.6541319007886616
0.35210263720598717,0.6544747971196708
0.3525481111903065,0.6544747971196708
0.3525481111903065,0.6548176934506801
0.3530826799714897,0.6548176934506801
0.3530826799714897,0.6549319922276832
0.35317177476835354,0.6549319922276832
0.35317177476835354,0.6550462910046863
0.35334996436208127,0.6550462910046863
0.35334996436208127,0.6556177848897017
0.35361724875267286,0.6556177848897017
0.35361724875267286,0.6558463824437079
0.35370634354953673,0.6558463824437079
0.35370634354953673,0.6559606812207109
0.3537954383464006,0.6559606812207109
0.3537954383464006,0.656074979997714
0.3539736279401283,0.656074979997714
0.3539736279401283,0.6561892787747171
0.3543300071275837,0.6561892787747171
0.3543300071275837,0.6563035775517202
0.3545972915181753,0.6563035775517202
0.3545972915181753,0.6565321751057264
0.35477548111190305,0.6565321751057264
0.35477548111190305,0.6569893702137387
0.35504276550249464,0.6569893702137387
0.35504276550249464,0.6571036689907418
0.35522095509622237,0.6571036689907418
0.35522095509622237,0.6572179677677449
0.35531004989308623,0.6572179677677449
0.35531004989308623,0.657332266544748
0.3553991446899501,0.657332266544748
0.3553991446899501,0.657446565321751
0.35548823948681396,0.657446565321751
0.35548823948681396,0.6577894616527603
0.3555773342836778,0.6577894616527603
0.3555773342836778,0.6580180592067665
0.3556664290805417,0.6580180592067665
0.3556664290805417,0.6581323579837696
0.35602280826799715,0.6581323579837696
0.35602280826799715,0.6582466567607727
0.3562009978617249,0.6582466567607727
0.3562009978617249,0.6583609555377757
0.35629009265858874,0.6583609555377757
0.35629009265858874,0.6584752543147788
0.35646828225231647,0.6584752543147788
0.35646828225231647,0.6585895530917819
0.35673556664290806,0.6585895530917819
0.35673556664290806,0.6588181506457881
0.35682466143977193,0.6588181506457881
0.35682466143977193,0.6590467481997943
0.3569137562366358,0.6590467481997943
0.3569137562366358,0.6591610469767973
0.35700285103349966,0.6591610469767973
0.35700285103349966,0.6592753457538004
0.3570919458303635,0.6592753457538004
0.3570919458303635,0.6593896445308035
0.3571810406272274,0.6593896445308035
0.3571810406272274,0.6596182420848097
0.358071988595866,0.6596182420848097
0.358071988595866,0.6597325408618128
0.35816108339272984,0.6597325408618128
0.35816108339272984,0.6598468396388159
0.3582501781895937,0.6598468396388159
0.3582501781895937,0.6599611384158189
0.358695652173913,0.6599611384158189
0.358695652173913,0.660075437192822
0.35914112615823235,0.660075437192822
0.35914112615823235,0.6601897359698251
0.35940841054882394,0.6601897359698251
0.35940841054882394,0.6604183335238313
0.35958660014255167,0.6604183335238313
0.35958660014255167,0.6606469310778375
0.35967569493941554,0.6606469310778375
0.35967569493941554,0.6608755286318436
0.3597647897362794,0.6608755286318436
0.3597647897362794,0.6611041261858498
0.35985388453314326,0.6611041261858498
0.35985388453314326,0.6612184249628529
0.35994297933000713,0.6612184249628529
0.35994297933000713,0.6615613212938621
0.360032074126871,0.6615613212938621
0.360032074126871,0.6616756200708652
0.3602102637205987,0.6616756200708652
0.3602102637205987,0.6621328151788776
0.36038845331432645,0.6621328151788776
0.36038845331432645,0.6623614127328837
0.36065573770491804,0.6623614127328837
0.36065573770491804,0.6624757115098868
0.3608339272986458,0.6624757115098868
0.3608339272986458,0.6625900102868899
0.3610121168923735,0.6625900102868899
0.3610121168923735,0.662704309063893
0.36110121168923737,0.662704309063893
0.36110121168923737,0.6628186078408961
0.36136849607982896,0.6628186078408961
0.36136849607982896,0.6629329066178992
0.3615466856735567,0.6629329066178992
0.3615466856735567,0.6631615041719053
0.3619030648610121,0.6631615041719053
0.3619030648610121,0.6632758029489084
0.36199215965787596,0.6632758029489084
0.36199215965787596,0.6633901017259115
0.3624376336421953,0.6633901017259115
0.3624376336421953,0.6635044005029146
0.36252672843905914,0.6635044005029146
0.36252672843905914,0.6636186992799177
0.36270491803278687,0.6636186992799177
0.36270491803278687,0.6637329980569208
0.3628831076265146,0.6637329980569208
0.3628831076265146,0.6638472968339239
0.36297220242337846,0.6638472968339239
0.36297220242337846,0.6639615956109269
0.36306129722024233,0.6639615956109269
0.36306129722024233,0.66407589438793
0.3631503920171062,0.66407589438793
0.3631503920171062,0.6643044919419362
0.3633285816108339,0.6643044919419362
0.3633285816108339,0.6644187907189393
0.3635958660014255,0.6644187907189393
0.3635958660014255,0.6645330894959424
0.3636849607982894,0.6645330894959424
0.3636849607982894,0.6647616870499485
0.36377405559515325,0.6647616870499485
0.36377405559515325,0.6649902846039547
0.3638631503920171,0.6649902846039547
0.3638631503920171,0.6651045833809578
0.36421952957947257,0.6651045833809578
0.36421952957947257,0.6652188821579609
0.36430862437633643,0.6652188821579609
0.36430862437633643,0.6659046748199794
0.364575908766928,0.6659046748199794
0.364575908766928,0.6663618699279917
0.3651104775481112,0.6663618699279917
0.3651104775481112,0.6664761687049948
0.3653777619387028,0.6664761687049948
0.3653777619387028,0.6665904674819979
0.36582323592302207,0.6665904674819979
0.36582323592302207,0.666704766259001
0.36609052031361367,0.666704766259001
0.36609052031361367,0.6668190650360041
0.3662687099073414,0.6668190650360041
0.3662687099073414,0.6669333638130072
0.36635780470420526,0.6669333638130072
0.36635780470420526,0.6672762601440164
0.366535994297933,0.6672762601440164
0.366535994297933,0.6673905589210195
0.3667141838916607,0.6673905589210195
0.3667141838916607,0.6675048576980226
0.3668032786885246,0.6675048576980226
0.3668032786885246,0.6677334552520288
0.36715965787598004,0.6677334552520288
0.36715965787598004,0.6678477540290318
0.3672487526728439,0.6678477540290318
0.3672487526728439,0.668076351583038
0.36742694226657163,0.668076351583038
0.36742694226657163,0.6683049491370442
0.3675160370634355,0.6683049491370442
0.3675160370634355,0.6684192479140473
0.36760513186029936,0.6684192479140473
0.36760513186029936,0.6685335466910504
0.36787241625089095,0.6685335466910504
0.36787241625089095,0.6686478454680534
0.3679615110477548,0.6686478454680534
0.3679615110477548,0.6691050405760658
0.3680506058446187,0.6691050405760658
0.3680506058446187,0.669333638130072
0.36813970064148255,0.669333638130072
0.36813970064148255,0.669447936907075
0.36840698503207414,0.669447936907075
0.36840698503207414,0.6695622356840781
0.368496079828938,0.6695622356840781
0.368496079828938,0.6696765344610812
0.36867426942266573,0.6696765344610812
0.36867426942266573,0.6697908332380843
0.36894155381325733,0.6697908332380843
0.36894155381325733,0.6701337295690936
0.3692088382038489,0.6701337295690936
0.3692088382038489,0.6704766259001028
0.3696543121881682,0.6704766259001028
0.3696543121881682,0.670705223454109
0.3698325017818959,0.670705223454109
0.3698325017818959,0.6708195222311121
0.37001069137562365,0.6708195222311121
0.37001069137562365,0.6710481197851182
0.3700997861724875,0.6710481197851182
0.3700997861724875,0.6715053148931306
0.3701888809693514,0.6715053148931306
0.3701888809693514,0.6716196136701337
0.37054526015680683,0.6716196136701337
0.37054526015680683,0.6717339124471368
0.3708125445473984,0.6717339124471368
0.3708125445473984,0.6718482112241398
0.3709016393442623,0.6718482112241398
0.3709016393442623,0.671962510001143
0.37099073414112615,0.671962510001143
0.37099073414112615,0.6720768087781461
0.37107982893799,0.6720768087781461
0.37107982893799,0.6721911075551492
0.3714362081254455,0.6721911075551492
0.3714362081254455,0.6725340038861585
0.37152530292230934,0.6725340038861585
0.37152530292230934,0.6727626014401646
0.3716143977191732,0.6727626014401646
0.3716143977191732,0.6728769002171677
0.37179258731290094,0.6728769002171677
0.37179258731290094,0.6729911989941708
0.3718816821097648,0.6729911989941708
0.3718816821097648,0.6731054977711739
0.3721489665003564,0.6731054977711739
0.3721489665003564,0.673219796548177
0.37223806129722026,0.673219796548177
0.37223806129722026,0.6733340953251801
0.3723271560940841,0.6733340953251801
0.3723271560940841,0.6734483941021832
0.3725944404846757,0.6734483941021832
0.3725944404846757,0.6735626928791862
0.3726835352815396,0.6735626928791862
0.3726835352815396,0.6736769916561893
0.37303991446899504,0.6736769916561893
0.37303991446899504,0.6740198879871986
0.37312900926585885,0.6740198879871986
0.37312900926585885,0.6741341867642017
0.3732181040627227,0.6741341867642017
0.3732181040627227,0.6748199794262202
0.37357448325017817,0.6748199794262202
0.37357448325017817,0.6751628757572294
0.3737526728439059,0.6751628757572294
0.3737526728439059,0.6752771745342325
0.37410905203136136,0.6752771745342325
0.37410905203136136,0.6753914733112356
0.3741981468282252,0.6753914733112356
0.3741981468282252,0.6755057720882387
0.3742872416250891,0.6755057720882387
0.3742872416250891,0.6756200708652418
0.3744654312188168,0.6756200708652418
0.3744654312188168,0.6757343696422449
0.37464362081254454,0.6757343696422449
0.37464362081254454,0.675848668419248
0.37482181040627227,0.675848668419248
0.37482181040627227,0.675962967196251
0.37517818959372773,0.675962967196251
0.37517818959372773,0.6763058635272603
0.3752672843905916,0.6763058635272603
0.3752672843905916,0.6764201623042634
0.37535637918745546,0.6764201623042634
0.37535637918745546,0.6769916561892788
0.3758018531717748,0.6769916561892788
0.3758018531717748,0.6771059549662819
0.37589094796863864,0.6771059549662819
0.37589094796863864,0.677220253743285
0.3759800427655025,0.677220253743285
0.3759800427655025,0.6773345525202881
0.3762473271560941,0.6773345525202881
0.3762473271560941,0.6774488512972912
0.37633642195295797,0.6774488512972912
0.37633642195295797,0.6777917476283004
0.3765146115466857,0.6777917476283004
0.3765146115466857,0.6780203451823066
0.3767818959372773,0.6780203451823066
0.3767818959372773,0.6781346439593097
0.3771382751247327,0.6781346439593097
0.3771382751247327,0.6783632415133158
0.37749465431218815,0.6783632415133158
0.37749465431218815,0.6784775402903189
0.377583749109052,0.6784775402903189
0.377583749109052,0.678591839067322
0.3776728439059159,0.678591839067322
0.3776728439059159,0.6787061378443251
0.3778510334996436,0.6787061378443251
0.3778510334996436,0.6790490341753344
0.37802922309337134,0.6790490341753344
0.37802922309337134,0.6791633329523374
0.37820741268709906,0.6791633329523374
0.37820741268709906,0.6792776317293405
0.3785637918745545,0.6792776317293405
0.3785637918745545,0.6793919305063436
0.37954383464005703,0.6793919305063436
0.37954383464005703,0.6795062292833467
0.3796329294369209,0.6795062292833467
0.3796329294369209,0.679963424391359
0.3798111190306486,0.679963424391359
0.3798111190306486,0.6804206194993714
0.3800784034212402,0.6804206194993714
0.3800784034212402,0.6805349182763745
0.3801674982181041,0.6805349182763745
0.3801674982181041,0.6807635158303806
0.3803456878118318,0.6807635158303806
0.3803456878118318,0.6811064121613899
0.38052387740555954,0.6811064121613899
0.38052387740555954,0.6813350097153961
0.3806129722024234,0.6813350097153961
0.3806129722024234,0.6814493084923992
0.3809693513898788,0.6814493084923992
0.3809693513898788,0.6816779060464053
0.38132573057733427,0.6816779060464053
0.38132573057733427,0.6820208023774146
0.38159301496792586,0.6820208023774146
0.38159301496792586,0.6821351011544177
0.38186029935851745,0.6821351011544177
0.38186029935851745,0.6827065950394331
0.38212758374910905,0.6827065950394331
0.38212758374910905,0.6828208938164362
0.3823057733428368,0.6828208938164362
0.3823057733428368,0.6830494913704424
0.38266215253029223,0.6830494913704424
0.38266215253029223,0.6831637901474454
0.3830185317177477,0.6831637901474454
0.3830185317177477,0.6835066864784547
0.3831967213114754,0.6835066864784547
0.3831967213114754,0.6836209852554578
0.383464005702067,0.6836209852554578
0.383464005702067,0.683963881586467
0.3839985744832502,0.683963881586467
0.3839985744832502,0.6841924791404732
0.38408766928011406,0.6841924791404732
0.38408766928011406,0.6843067779174763
0.38453314326443333,0.6843067779174763
0.38453314326443333,0.6845353754714825
0.38471133285816106,0.6845353754714825
0.38471133285816106,0.685221168133501
0.3848895224518888,0.685221168133501
0.3848895224518888,0.6853354669105041
0.3851568068424804,0.6853354669105041
0.3851568068424804,0.6855640644645102
0.3853349964362081,0.6855640644645102
0.3853349964362081,0.6856783632415133
0.3856022808267997,0.6856783632415133
0.3856022808267997,0.6857926620185164
0.3861368496079829,0.6857926620185164
0.3861368496079829,0.6862498571265288
0.38622594440484675,0.6862498571265288
0.38622594440484675,0.6863641559035318
0.38649322879543835,0.6863641559035318
0.38649322879543835,0.686592753457538
0.3866714183891661,0.686592753457538
0.3866714183891661,0.6869356497885473
0.38693870277975767,0.6869356497885473
0.38693870277975767,0.6870499485655504
0.38702779757662154,0.6870499485655504
0.38702779757662154,0.6871642473425534
0.3871168923734854,0.6871642473425534
0.3871168923734854,0.6872785461195565
0.38747327156094086,0.6872785461195565
0.38747327156094086,0.6875071436735627
0.3875623663578047,0.6875071436735627
0.3875623663578047,0.687850040004572
0.3878296507483963,0.687850040004572
0.3878296507483963,0.687964338781575
0.3879187455452602,0.687964338781575
0.3879187455452602,0.6881929363355812
0.3880969351389879,0.6881929363355812
0.3880969351389879,0.6885358326665905
0.3884533143264433,0.6885358326665905
0.3884533143264433,0.6886501314435935
0.38863150392017104,0.6886501314435935
0.38863150392017104,0.6887644302205966
0.3887205987170349,0.6887644302205966
0.3887205987170349,0.6889930277746028
0.38889878831076263,0.6889930277746028
0.38889878831076263,0.6891073265516059
0.389967925873129,0.6891073265516059
0.389967925873129,0.6893359241056121
0.39005702066999287,0.6893359241056121
0.39005702066999287,0.6894502228826151
0.39014611546685674,0.6894502228826151
0.39014611546685674,0.6895645216596182
0.3902352102637206,0.6895645216596182
0.3902352102637206,0.6896788204366213
0.3905024946543122,0.6896788204366213
0.3905024946543122,0.6897931192136244
0.3907697790449038,0.6897931192136244
0.3907697790449038,0.6899074179906275
0.3909479686386315,0.6899074179906275
0.3909479686386315,0.6900217167676306
0.3912152530292231,0.6900217167676306
0.3912152530292231,0.6903646130986398
0.3914825374198147,0.6903646130986398
0.3914825374198147,0.6907075094296491
0.39183891660727016,0.6907075094296491
0.39183891660727016,0.6908218082066522
0.3920171062009979,0.6908218082066522
0.3920171062009979,0.6911647045376614
0.39219529579472556,0.6911647045376614
0.39219529579472556,0.6915076008686707
0.3922843905915894,0.6915076008686707
0.3922843905915894,0.6916218996456738
0.3923734853884533,0.6916218996456738
0.3923734853884533,0.69185049719968
0.39272986457590875,0.69185049719968
0.39272986457590875,0.691964795976683
0.3928189593727726,0.691964795976683
0.3928189593727726,0.6921933935306892
0.3933535281539558,0.6921933935306892
0.3933535281539558,0.6923076923076923
0.39344262295081966,0.6923076923076923
0.39344262295081966,0.6924219910846954
0.39353171774768353,0.6924219910846954
0.39353171774768353,0.6925362898616985
0.393888096935139,0.6925362898616985
0.393888096935139,0.6926505886387015
0.39397719173200285,0.6926505886387015
0.39397719173200285,0.6928791861927077
0.3941553813257306,0.6928791861927077
0.3941553813257306,0.6931077837467139
0.39424447612259444,0.6931077837467139
0.39424447612259444,0.693222082523717
0.3943335709194583,0.693222082523717
0.3943335709194583,0.6933363813007201
0.3944226657163222,0.6933363813007201
0.3944226657163222,0.6934506800777231
0.3948681397006415,0.6934506800777231
0.3948681397006415,0.6937935764087324
0.39495723449750536,0.6937935764087324
0.39495723449750536,0.6939078751857355
0.3953136136849608,0.6939078751857355
0.3953136136849608,0.6944793690707509
0.39549180327868855,0.6944793690707509
0.39549180327868855,0.694593667847754
0.39575908766928014,0.694593667847754
0.39575908766928014,0.6948222654017602
0.39584818246614395,0.6948222654017602
0.39584818246614395,0.6950508629557663
0.39611546685673554,0.6950508629557663
0.39611546685673554,0.6953937592867756
0.396471846044191,0.6953937592867756
0.396471846044191,0.6955080580637787
0.3967391304347826,0.6955080580637787
0.3967391304347826,0.695850954394788
0.39736279401282965,0.695850954394788
0.39736279401282965,0.695965253171791
0.3977191732002851,0.695965253171791
0.3977191732002851,0.6964224482798034
0.3979864575908767,0.6964224482798034
0.3979864575908767,0.6966510458338095
0.3981646471846044,0.6966510458338095
0.3981646471846044,0.6967653446108126
0.3989665003563792,0.6967653446108126
0.3989665003563792,0.6968796433878157
0.3992337847469708,0.6968796433878157
0.3992337847469708,0.697222539718825
0.39941197434069853,0.697222539718825
0.39941197434069853,0.6973368384958281
0.39959016393442626,0.6973368384958281
0.39959016393442626,0.6974511372728311
0.39967925873129007,0.6974511372728311
0.39967925873129007,0.6975654360498342
0.4000356379187455,0.6975654360498342
0.4000356379187455,0.6977940336038404
0.4001247327156094,0.6977940336038404
0.4001247327156094,0.6981369299348497
0.40048111190306485,0.6981369299348497
0.40048111190306485,0.6982512287118527
0.40074839629365644,0.6982512287118527
0.40074839629365644,0.6983655274888558
0.4008374910905203,0.6983655274888558
0.4008374910905203,0.6984798262658589
0.40101568068424803,0.6984798262658589
0.40101568068424803,0.6987084238198651
0.40119387027797576,0.6987084238198651
0.40119387027797576,0.6988227225968682
0.4012829650748396,0.6988227225968682
0.4012829650748396,0.6989370213738713
0.4013720598717035,0.6989370213738713
0.4013720598717035,0.6992799177048805
0.40146115466856735,0.6992799177048805
0.40146115466856735,0.6993942164818836
0.4018175338560228,0.6993942164818836
0.4018175338560228,0.6995085152588867
0.40199572344975054,0.6995085152588867
0.40199572344975054,0.6998514115898959
0.40217391304347827,0.6998514115898959
0.40217391304347827,0.699965710366899
0.4026193870277976,0.699965710366899
0.4026193870277976,0.7000800091439021
0.40270848182466146,0.7000800091439021
0.40270848182466146,0.7003086066979083
0.4027975766215253,0.7003086066979083
0.4027975766215253,0.7004229054749114
0.4028866714183892,0.7004229054749114
0.4028866714183892,0.7005372042519145
0.40297576621525305,0.7005372042519145
0.40297576621525305,0.7006515030289175
0.4031539558089808,0.7006515030289175
0.4031539558089808,0.7008801005829237
0.40324305060584464,0.7008801005829237
0.40324305060584464,0.7009943993599268
0.4036885245901639,0.7009943993599268
0.4036885245901639,0.7011086981369299
0.40386671418389164,0.7011086981369299
0.40386671418389164,0.7014515944679391
0.40413399857448323,0.7014515944679391
0.40413399857448323,0.7016801920219453
0.4044012829650748,0.7016801920219453
0.4044012829650748,0.7017944907989484
0.4044903777619387,0.7017944907989484
0.4044903777619387,0.7019087895759515
0.4047576621525303,0.7019087895759515
0.4047576621525303,0.7020230883529546
0.404935851746258,0.7020230883529546
0.404935851746258,0.7021373871299577
0.40564861012116893,0.7021373871299577
0.40564861012116893,0.7022516859069607
0.4059158945117605,0.7022516859069607
0.4059158945117605,0.7023659846839638
0.40636136849607984,0.7023659846839638
0.40636136849607984,0.7027088810149731
0.4067177476835353,0.7027088810149731
0.4067177476835353,0.7028231797919762
0.4069850320741269,0.7028231797919762
0.4069850320741269,0.7029374785689793
0.40707412687099076,0.7029374785689793
0.40707412687099076,0.7030517773459823
0.40725231646471843,0.7030517773459823
0.40725231646471843,0.7031660761229855
0.4073414112615823,0.7031660761229855
0.4073414112615823,0.7032803748999886
0.40743050605844616,0.7032803748999886
0.40743050605844616,0.7033946736769917
0.40751960085531,0.7033946736769917
0.40751960085531,0.703851868785004
0.4076086956521739,0.703851868785004
0.4076086956521739,0.7039661675620071
0.4078759800427655,0.7039661675620071
0.4078759800427655,0.7041947651160133
0.40849964362081254,0.7041947651160133
0.40849964362081254,0.7043090638930164
0.4085887384176764,0.7043090638930164
0.4085887384176764,0.7044233626700195
0.40867783321454026,0.7044233626700195
0.40867783321454026,0.7045376614470226
0.40894511760513186,0.7045376614470226
0.40894511760513186,0.7047662590010287
0.4090342124019957,0.7047662590010287
0.4090342124019957,0.7048805577780318
0.4093905915894512,0.7048805577780318
0.4093905915894512,0.7049948565550349
0.4095687811831789,0.7049948565550349
0.4095687811831789,0.705109155332038
0.40992516037063437,0.705109155332038
0.40992516037063437,0.7052234541090411
0.41001425516749823,0.7052234541090411
0.41001425516749823,0.7053377528860442
0.4105488239486814,0.7053377528860442
0.4105488239486814,0.7054520516630473
0.4106379187455453,0.7054520516630473
0.4106379187455453,0.7055663504400503
0.4112615823235923,0.7055663504400503
0.4112615823235923,0.7056806492170534
0.41135067712045614,0.7056806492170534
0.41135067712045614,0.7057949479940565
0.41143977191732,0.7057949479940565
0.41143977191732,0.7061378443250658
0.41152886671418387,0.7061378443250658
0.41152886671418387,0.7062521431020689
0.41161796151104774,0.7062521431020689
0.41161796151104774,0.7067093382100812
0.4117070563079116,0.7067093382100812
0.4117070563079116,0.7068236369870843
0.41179615110477547,0.7068236369870843
0.41179615110477547,0.7069379357640874
0.4124198146828225,0.7069379357640874
0.4124198146828225,0.7072808320950966
0.4129543834640057,0.7072808320950966
0.4129543834640057,0.7073951308720997
0.41331076265146116,0.7073951308720997
0.41331076265146116,0.7076237284261059
0.41357804704205275,0.7076237284261059
0.41357804704205275,0.707738027203109
0.4139344262295082,0.707738027203109
0.4139344262295082,0.707852325980112
0.4140235210263721,0.707852325980112
0.4140235210263721,0.7080809235341182
0.41437990021382753,0.7080809235341182
0.41437990021382753,0.7081952223111213
0.4144689950106914,0.7081952223111213
0.4144689950106914,0.7083095210881244
0.41455808980755526,0.7083095210881244
0.41455808980755526,0.7084238198651275
0.41464718460441913,0.7084238198651275
0.41464718460441913,0.7085381186421306
0.41491446899501067,0.7085381186421306
0.41491446899501067,0.7087667161961367
0.41518175338560226,0.7087667161961367
0.41518175338560226,0.7088810149731398
0.4152708481824661,0.7088810149731398
0.4152708481824661,0.7089953137501429
0.41544903777619385,0.7089953137501429
0.41544903777619385,0.709109612527146
0.4156272273699216,0.709109612527146
0.4156272273699216,0.7093382100811522
0.41598360655737704,0.7093382100811522
0.41598360655737704,0.7094525088581553
0.4160727013542409,0.7094525088581553
0.4160727013542409,0.7095668076351583
0.41616179615110477,0.7095668076351583
0.41616179615110477,0.7097954051891645
0.41642908054169636,0.7097954051891645
0.41642908054169636,0.7100240027431707
0.4168745545260157,0.7100240027431707
0.4168745545260157,0.7101383015201738
0.41696364932287955,0.7101383015201738
0.41696364932287955,0.7102526002971769
0.4170527441197434,0.7102526002971769
0.4170527441197434,0.7103668990741799
0.4171418389166073,0.7103668990741799
0.4171418389166073,0.710481197851183
0.41723093371347114,0.710481197851183
0.41723093371347114,0.7105954966281861
0.417320028510335,0.7105954966281861
0.417320028510335,0.7109383929591954
0.41776550249465433,0.7109383929591954
0.41776550249465433,0.7110526917361985
0.4178545972915182,0.7110526917361985
0.4178545972915182,0.7112812892902046
0.4181218816821098,0.7112812892902046
0.4181218816821098,0.7113955880672077
0.41821097647897365,0.7113955880672077
0.41821097647897365,0.711738484398217
0.41847826086956524,0.711738484398217
0.41847826086956524,0.7119670819522231
0.41856735566642905,0.7119670819522231
0.41856735566642905,0.7120813807292262
0.4187455452601568,0.7120813807292262
0.4187455452601568,0.7124242770602355
0.4189237348538845,0.7124242770602355
0.4189237348538845,0.7126528746142416
0.41910192444761224,0.7126528746142416
0.41910192444761224,0.7128814721682478
0.4191910192444761,0.7128814721682478
0.4191910192444761,0.7129957709452509
0.4194583036350677,0.7129957709452509
0.4194583036350677,0.713110069722254
0.41981468282252316,0.713110069722254
0.41981468282252316,0.7132243684992571
0.419903777619387,0.7132243684992571
0.419903777619387,0.7133386672762602
0.4199928724162509,0.7133386672762602
0.4199928724162509,0.7134529660532632
0.42008196721311475,0.7134529660532632
0.42008196721311475,0.7135672648302663
0.4201710620099786,0.7135672648302663
0.4201710620099786,0.714481655046291
0.4202601568068425,0.714481655046291
0.4202601568068425,0.7147102526002972
0.42061653599429794,0.7147102526002972
0.42061653599429794,0.7148245513773003
0.42079472558802566,0.7148245513773003
0.42079472558802566,0.7149388501543034
0.42088382038488953,0.7149388501543034
0.42088382038488953,0.7150531489313064
0.4209729151817534,0.7150531489313064
0.4209729151817534,0.7153960452623157
0.42106200997861726,0.7153960452623157
0.42106200997861726,0.715738941593325
0.4217747683535282,0.715738941593325
0.4217747683535282,0.715853240370328
0.42186386315039204,0.715853240370328
0.42186386315039204,0.7159675391473311
0.42213114754098363,0.7159675391473311
0.42213114754098363,0.7160818379243342
0.4222202423378475,0.7160818379243342
0.4222202423378475,0.7161961367013373
0.4225766215253029,0.7161961367013373
0.4225766215253029,0.7164247342553435
0.42293300071275836,0.7164247342553435
0.42293300071275836,0.7166533318093496
0.4230220955096222,0.7166533318093496
0.4230220955096222,0.7172248256943651
0.4231111903064861,0.7172248256943651
0.4231111903064861,0.7173391244713682
0.4235566642908054,0.7173391244713682
0.4235566642908054,0.7174534232483712
0.42364575908766927,0.7174534232483712
0.42364575908766927,0.7177963195793805
0.423823948681397,0.7177963195793805
0.423823948681397,0.7180249171333867
0.42400213827512473,0.7180249171333867
0.42400213827512473,0.7181392159103898
0.4240912330719886,0.7181392159103898
0.4240912330719886,0.718482112241399
0.4242694226657163,0.718482112241399
0.4242694226657163,0.7187107097954052
0.42444761225944405,0.7187107097954052
0.42444761225944405,0.7188250085724083
0.4248930862437634,0.7188250085724083
0.4248930862437634,0.7189393073494114
0.42498218104062724,0.7189393073494114
0.42498218104062724,0.7190536061264144
0.4250712758374911,0.7190536061264144
0.4250712758374911,0.7191679049034175
0.425784034212402,0.7191679049034175
0.425784034212402,0.7192822036804206
0.4258731290092659,0.7192822036804206
0.4258731290092659,0.7193965024574237
0.4262295081967213,0.7193965024574237
0.4262295081967213,0.719739398788433
0.426407697790449,0.719739398788433
0.426407697790449,0.7199679963424391
0.4266749821810406,0.7199679963424391
0.4266749821810406,0.7200822951194422
0.42676407697790447,0.7200822951194422
0.42676407697790447,0.7201965938964453
0.42685317177476834,0.7201965938964453
0.42685317177476834,0.7203108926734484
0.42712045616535993,0.7203108926734484
0.42712045616535993,0.7206537890044576
0.4273877405559515,0.7206537890044576
0.4273877405559515,0.7207680877814607
0.4274768353528154,0.7207680877814607
0.4274768353528154,0.7208823865584638
0.42756593014967925,0.7208823865584638
0.42756593014967925,0.7209966853354669
0.4280114041339986,0.7209966853354669
0.4280114041339986,0.7212252828894731
0.4284568781183179,0.7212252828894731
0.4284568781183179,0.7213395816664762
0.4287241625089095,0.7213395816664762
0.4287241625089095,0.7215681792204823
0.42881325730577335,0.7215681792204823
0.42881325730577335,0.7216824779974854
0.4291696364932288,0.7216824779974854
0.4291696364932288,0.7219110755514916
0.4294369208838204,0.7219110755514916
0.4294369208838204,0.7220253743284947
0.42952601568068427,0.7220253743284947
0.42952601568068427,0.7221396731054978
0.42988239486813973,0.7221396731054978
0.42988239486813973,0.7222539718825008
0.4300605844618674,0.7222539718825008
0.4300605844618674,0.7223682706595039
0.43014967925873127,0.7223682706595039
0.43014967925873127,0.722482569436507
0.4305951532430506,0.722482569436507
0.4305951532430506,0.7225968682135101
0.4308624376336422,0.7225968682135101
0.4308624376336422,0.7229397645445194
0.43095153243050605,0.7229397645445194
0.43095153243050605,0.7230540633215224
0.4310406272273699,0.7230540633215224
0.4310406272273699,0.7231683620985255
0.43121881682109764,0.7231683620985255
0.43121881682109764,0.7232826608755286
0.43148610121168923,0.7232826608755286
0.43148610121168923,0.7233969596525317
0.43166429080541696,0.7233969596525317
0.43166429080541696,0.7235112584295348
0.4317533856022808,0.7235112584295348
0.4317533856022808,0.7236255572065379
0.4318424803991447,0.7236255572065379
0.4318424803991447,0.723739855983541
0.4320206699928724,0.723739855983541
0.4320206699928724,0.7240827523145502
0.432287954383464,0.7240827523145502
0.432287954383464,0.7241970510915533
0.4323770491803279,0.7241970510915533
0.4323770491803279,0.7243113498685564
0.4325552387740556,0.7243113498685564
0.4325552387740556,0.7244256486455595
0.43273342836778333,0.7244256486455595
0.43273342836778333,0.7245399474225626
0.43291161796151106,0.7245399474225626
0.43291161796151106,0.7248828437535718
0.4332679971489665,0.7248828437535718
0.4332679971489665,0.7249971425305749
0.43344618674269425,0.7249971425305749
0.43344618674269425,0.725111441307578
0.43380256593014965,0.725111441307578
0.43380256593014965,0.7254543376385872
0.43406985032074125,0.7254543376385872
0.43406985032074125,0.7255686364155903
0.434248039914469,0.7255686364155903
0.434248039914469,0.7256829351925934
0.43451532430506057,0.7256829351925934
0.43451532430506057,0.7257972339695965
0.434871703492516,0.7257972339695965
0.434871703492516,0.7259115327465996
0.43504989308624376,0.7259115327465996
0.43504989308624376,0.7260258315236027
0.4351389878831076,0.7260258315236027
0.4351389878831076,0.7261401303006058
0.43531717747683535,0.7261401303006058
0.43531717747683535,0.7262544290776088
0.43558446186742694,0.7262544290776088
0.43558446186742694,0.7263687278546119
0.43585174625801854,0.7263687278546119
0.43585174625801854,0.726483026631615
0.43629722024233786,0.726483026631615
0.43629722024233786,0.7265973254086181
0.4364754098360656,0.7265973254086181
0.4364754098360656,0.7267116241856212
0.43656450463292945,0.7267116241856212
0.43656450463292945,0.7270545205166304
0.4371881682109765,0.7270545205166304
0.4371881682109765,0.7271688192936335
0.4374554526015681,0.7271688192936335
0.4374554526015681,0.7273974168476397
0.43790092658588736,0.7273974168476397
0.43790092658588736,0.7275117156246428
0.4380791161796151,0.7275117156246428
0.4380791161796151,0.7276260144016459
0.4385245901639344,0.7276260144016459
0.4385245901639344,0.727740313178649
0.4390591589451176,0.727740313178649
0.4390591589451176,0.7279689107326551
0.4395937277263008,0.7279689107326551
0.4395937277263008,0.7280832095096582
0.4398610121168924,0.7280832095096582
0.4398610121168924,0.7281975082866613
0.4400392017106201,0.7281975082866613
0.4400392017106201,0.7283118070636644
0.44066286528866716,0.7283118070636644
0.44066286528866716,0.7284261058406675
0.440751960085531,0.7284261058406675
0.440751960085531,0.7285404046176706
0.4408410548823949,0.7285404046176706
0.4408410548823949,0.7286547033946736
0.4411083392729865,0.7286547033946736
0.4411083392729865,0.7288833009486798
0.441375623663578,0.7288833009486798
0.441375623663578,0.7289975997256829
0.44155381325730575,0.7289975997256829
0.44155381325730575,0.729111898502686
0.4416429080541696,0.729111898502686
0.4416429080541696,0.7293404960566922
0.4417320028510335,0.7293404960566922
0.4417320028510335,0.7295690936106983
0.4419101924447612,0.7295690936106983
0.4419101924447612,0.7297976911647045
0.44199928724162507,0.7297976911647045
0.44199928724162507,0.7299119899417076
0.44208838203848894,0.7299119899417076
0.44208838203848894,0.7303691850497199
0.4424447612259444,0.7303691850497199
0.4424447612259444,0.730483483826723
0.44253385602280826,0.730483483826723
0.44253385602280826,0.7305977826037261
0.44280114041339985,0.7305977826037261
0.44280114041339985,0.7307120813807292
0.44306842480399145,0.7307120813807292
0.44306842480399145,0.7308263801577323
0.4431575196008553,0.7308263801577323
0.4431575196008553,0.7309406789347354
0.4432466143977192,0.7309406789347354
0.4432466143977192,0.7310549777117384
0.4434248039914469,0.7310549777117384
0.4434248039914469,0.7311692764887415
0.4436920883820385,0.7311692764887415
0.4436920883820385,0.7312835752657446
0.44378118317890236,0.7312835752657446
0.44378118317890236,0.7313978740427477
0.44404846756949395,0.7313978740427477
0.44404846756949395,0.7315121728197508
0.44458303635067714,0.7315121728197508
0.44458303635067714,0.731740770373757
0.44485032074126873,0.731740770373757
0.44485032074126873,0.73185506915076
0.4449394155381326,0.73185506915076
0.4449394155381326,0.7319693679277631
0.44511760513186027,0.7319693679277631
0.44511760513186027,0.7321979654817693
0.44520669992872414,0.7321979654817693
0.44520669992872414,0.7324265630357755
0.445295794725588,0.7324265630357755
0.445295794725588,0.7326551605897816
0.44538488952245187,0.7326551605897816
0.44538488952245187,0.7327694593667847
0.44547398431931573,0.7327694593667847
0.44547398431931573,0.7329980569207909
0.4458303635067712,0.7329980569207909
0.4458303635067712,0.7332266544747971
0.4460085531004989,0.7332266544747971
0.4460085531004989,0.7333409532518002
0.4468104062722737,0.7333409532518002
0.4468104062722737,0.7335695508058063
0.447255880256593,0.7335695508058063
0.447255880256593,0.7336838495828094
0.44743406985032075,0.7336838495828094
0.44743406985032075,0.7337981483598125
0.44814682822523166,0.7337981483598125
0.44814682822523166,0.7339124471368156
0.4483250178189594,0.7339124471368156
0.4483250178189594,0.7340267459138187
0.44841411261582326,0.7340267459138187
0.44841411261582326,0.7342553434678248
0.4487704918032787,0.7342553434678248
0.4487704918032787,0.7345982397988342
0.4488595866001426,0.7345982397988342
0.4488595866001426,0.7349411361298435
0.44903777619387025,0.7349411361298435
0.44903777619387025,0.7353983312378558
0.4491268709907341,0.7353983312378558
0.4491268709907341,0.7357412275688651
0.4493941553813257,0.7357412275688651
0.4493941553813257,0.7360841238998743
0.4499287241625089,0.7360841238998743
0.4499287241625089,0.7363127214538805
0.45001781895937276,0.7363127214538805
0.45001781895937276,0.736998514115899
0.4501960085531005,0.736998514115899
0.4501960085531005,0.7376843067779175
0.4503741981468282,0.7376843067779175
0.4503741981468282,0.7377986055549206
0.4509087669280114,0.7377986055549206
0.4509087669280114,0.7380272031089268
0.45108695652173914,0.7380272031089268
0.45108695652173914,0.7381415018859299
0.45135424091233073,0.7381415018859299
0.45135424091233073,0.738255800662933
0.4517106200997862,0.738255800662933
0.4517106200997862,0.738370099439936
0.4518888096935139,0.738370099439936
0.4518888096935139,0.7385986969939422
0.4519779044903778,0.7385986969939422
0.4519779044903778,0.7387129957709453
0.4521560940841055,0.7387129957709453
0.4521560940841055,0.7390558921019545
0.4522451888809694,0.7390558921019545
0.4522451888809694,0.7391701908789576
0.4524233784746971,0.7391701908789576
0.4524233784746971,0.7392844896559607
0.45286885245901637,0.7392844896559607
0.45286885245901637,0.7393987884329638
0.4530470420527441,0.7393987884329638
0.4530470420527441,0.7395130872099669
0.4532252316464718,0.7395130872099669
0.4532252316464718,0.7397416847639731
0.4535816108339273,0.7397416847639731
0.4535816108339273,0.7399702823179792
0.453759800427655,0.7399702823179792
0.453759800427655,0.7400845810949823
0.4540270848182466,0.7400845810949823
0.4540270848182466,0.7401988798719854
0.45420527441197434,0.7401988798719854
0.45420527441197434,0.7403131786489885
0.45438346400570206,0.7403131786489885
0.45438346400570206,0.7404274774259916
0.45491803278688525,0.7404274774259916
0.45491803278688525,0.7406560749799977
0.4555416963649323,0.7406560749799977
0.4555416963649323,0.7408846725340039
0.45563079116179617,0.7408846725340039
0.45563079116179617,0.740998971311007
0.45571988595866003,0.740998971311007
0.45571988595866003,0.7412275688650132
0.45589807555238776,0.7412275688650132
0.45589807555238776,0.7414561664190193
0.4559871703492516,0.7414561664190193
0.4559871703492516,0.7415704651960224
0.4560762651461155,0.7415704651960224
0.4560762651461155,0.7416847639730255
0.45652173913043476,0.7416847639730255
0.45652173913043476,0.7417990627500286
0.4566999287241625,0.7417990627500286
0.4566999287241625,0.7419133615270317
0.45705630791161794,0.7419133615270317
0.45705630791161794,0.7420276603040348
0.45723449750534567,0.7420276603040348
0.45723449750534567,0.742256257858041
0.45750178189593727,0.742256257858041
0.45750178189593727,0.7424848554120471
0.45803635067712045,0.7424848554120471
0.45803635067712045,0.7425991541890502
0.4581254454739843,0.7425991541890502
0.4581254454739843,0.7427134529660533
0.4583927298645759,0.7427134529660533
0.4583927298645759,0.7428277517430564
0.45857091945830364,0.7428277517430564
0.45857091945830364,0.7429420505200595
0.45928367783321455,0.7429420505200595
0.45928367783321455,0.7430563492970625
0.4593727726300784,0.7430563492970625
0.4593727726300784,0.7432849468510687
0.45955096222380615,0.7432849468510687
0.45955096222380615,0.7433992456280718
0.46008553100498933,0.7433992456280718
0.46008553100498933,0.743627843182078
0.4601746258018532,0.743627843182078
0.4601746258018532,0.7437421419590811
0.460263720598717,0.7437421419590811
0.460263720598717,0.7439707395130872
0.4605310049893086,0.7439707395130872
0.4605310049893086,0.7440850382900903
0.4607982893799002,0.7440850382900903
0.4607982893799002,0.7441993370670934
0.4609764789736279,0.7441993370670934
0.4609764789736279,0.7443136358440965
0.46115466856735565,0.7443136358440965
0.46115466856735565,0.7445422333981027
0.4615110477548111,0.7445422333981027
0.4615110477548111,0.7448851297291119
0.46186742694226657,0.7448851297291119
0.46186742694226657,0.744999428506115
0.46195652173913043,0.744999428506115
0.46195652173913043,0.7452280260601212
0.4623129009265859,0.7452280260601212
0.4623129009265859,0.7453423248371243
0.4624910905203136,0.7453423248371243
0.4624910905203136,0.7456852211681335
0.4625801853171775,0.7456852211681335
0.4625801853171775,0.7457995199451366
0.4627583749109052,0.7457995199451366
0.4627583749109052,0.7460281174991428
0.4630256593014968,0.7460281174991428
0.4630256593014968,0.7461424162761459
0.46311475409836067,0.7461424162761459
0.46311475409836067,0.746256715053149
0.4632929436920884,0.746256715053149
0.4632929436920884,0.7464853126071551
0.4638275124732716,0.7464853126071551
0.4638275124732716,0.7465996113841582
0.4640057020669993,0.7465996113841582
0.4640057020669993,0.7467139101611613
0.4643620812544547,0.7467139101611613
0.4643620812544547,0.7468282089381644
0.46454027084818245,0.7468282089381644
0.46454027084818245,0.7469425077151675
0.46498574483250177,0.7469425077151675
0.46498574483250177,0.7470568064921705
0.4653421240199572,0.7470568064921705
0.4653421240199572,0.7471711052691736
0.46552031361368496,0.7471711052691736
0.46552031361368496,0.7475140016001829
0.4656094084105488,0.7475140016001829
0.4656094084105488,0.747628300377186
0.46578759800427655,0.747628300377186
0.46578759800427655,0.7480854954851983
0.4658766928011404,0.7480854954851983
0.4658766928011404,0.7483140930392045
0.4659657875980043,0.7483140930392045
0.4659657875980043,0.7487712881472168
0.46605488239486814,0.7487712881472168
0.46605488239486814,0.748999885701223
0.4664112615823236,0.748999885701223
0.4664112615823236,0.7492284832552292
0.46650035637918746,0.7492284832552292
0.46650035637918746,0.7494570808092353
0.46658945117605133,0.7494570808092353
0.46658945117605133,0.7495713795862384
0.4668567355666429,0.7495713795862384
0.4668567355666429,0.7497999771402446
0.4672131147540984,0.7497999771402446
0.4672131147540984,0.7500285746942508
0.4673913043478261,0.7500285746942508
0.4673913043478261,0.7502571722482569
0.46748039914469,0.7502571722482569
0.46748039914469,0.75037147102526
0.46774768353528157,0.75037147102526
0.46774768353528157,0.7504857698022631
0.4682822523164647,0.7504857698022631
0.4682822523164647,0.7506000685792662
0.4685495367070563,0.7506000685792662
0.4685495367070563,0.7510572636872785
0.46863863150392016,0.7510572636872785
0.46863863150392016,0.7511715624642816
0.4688168210976479,0.7511715624642816
0.4688168210976479,0.7514001600182878
0.46890591589451175,0.7514001600182878
0.46890591589451175,0.7515144587952909
0.46917320028510334,0.7515144587952909
0.46917320028510334,0.751628757572294
0.46961867426942266,0.751628757572294
0.46961867426942266,0.7517430563492971
0.4697968638631504,0.7517430563492971
0.4697968638631504,0.7519716539033032
0.46988595866001426,0.7519716539033032
0.46988595866001426,0.7522002514573094
0.47015324305060585,0.7522002514573094
0.47015324305060585,0.7524288490113156
0.47042052744119744,0.7524288490113156
0.47042052744119744,0.7525431477883187
0.4705096222380613,0.7525431477883187
0.4705096222380613,0.7527717453423248
0.47068781183178904,0.7527717453423248
0.47068781183178904,0.753000342896331
0.4707769066286529,0.753000342896331
0.4707769066286529,0.7531146416733341
0.47086600142551677,0.7531146416733341
0.47086600142551677,0.7532289404503372
0.47113328581610836,0.7532289404503372
0.47113328581610836,0.7534575380043433
0.4714896650035638,0.7534575380043433
0.4714896650035638,0.7536861355583495
0.4716678545972915,0.7536861355583495
0.4716678545972915,0.7539147331123557
0.47175694939415536,0.7539147331123557
0.47175694939415536,0.7540290318893588
0.4718460441910192,0.7540290318893588
0.4718460441910192,0.754371928220368
0.47202423378474695,0.754371928220368
0.47202423378474695,0.7546005257743742
0.4722024233784747,0.7546005257743742
0.4722024233784747,0.7547148245513773
0.47229151817533854,0.7547148245513773
0.47229151817533854,0.7549434221053835
0.47255880256593014,0.7549434221053835
0.47255880256593014,0.7550577208823865
0.47273699215965787,0.7550577208823865
0.47273699215965787,0.7551720196593896
0.4729151817533856,0.7551720196593896
0.4729151817533856,0.7555149159903989
0.47300427655024946,0.7555149159903989
0.47300427655024946,0.755629214767402
0.47327156094084105,0.755629214767402
0.47327156094084105,0.755743513544405
0.47353884533143265,0.755743513544405
0.47353884533143265,0.7559721110984112
0.4736279401282965,0.7559721110984112
0.4736279401282965,0.7562007086524174
0.47380612972202424,0.7562007086524174
0.47380612972202424,0.7565436049834267
0.4738952245188881,0.7565436049834267
0.4738952245188881,0.7567722025374328
0.4748752672843906,0.7567722025374328
0.4748752672843906,0.7568865013144359
0.4749643620812545,0.7568865013144359
0.4749643620812545,0.7573436964224483
0.47505345687811834,0.7573436964224483
0.47505345687811834,0.7574579951994513
0.4751425516749822,0.7574579951994513
0.4751425516749822,0.7575722939764544
0.47532074126870993,0.7575722939764544
0.47532074126870993,0.7576865927534575
0.4757662152530292,0.7576865927534575
0.4757662152530292,0.7579151903074637
0.47594440484675693,0.7579151903074637
0.47594440484675693,0.7580294890844668
0.4760334996436208,0.7580294890844668
0.4760334996436208,0.7582580866384729
0.47612259444048466,0.7582580866384729
0.47612259444048466,0.7588295805234884
0.47638987883107625,0.7588295805234884
0.47638987883107625,0.7589438793004915
0.4764789736279401,0.7589438793004915
0.4764789736279401,0.7591724768544976
0.476568068424804,0.7591724768544976
0.476568068424804,0.7592867756315007
0.4767462580185317,0.7592867756315007
0.4767462580185317,0.7595153731855069
0.47710263720598717,0.7595153731855069
0.47710263720598717,0.75962967196251
0.4774590163934426,0.75962967196251
0.4774590163934426,0.759743970739513
0.4779935851746258,0.759743970739513
0.4779935851746258,0.7599725682935192
0.47861724875267286,0.7599725682935192
0.47861724875267286,0.7602011658475254
0.4790627227369922,0.7602011658475254
0.4790627227369922,0.7607726597325408
0.47915181753385605,0.7607726597325408
0.47915181753385605,0.761001257286547
0.4793300071275837,0.761001257286547
0.4793300071275837,0.7612298548405532
0.4794191019244476,0.7612298548405532
0.4794191019244476,0.7613441536175563
0.47950819672131145,0.7613441536175563
0.47950819672131145,0.7616870499485655
0.4795972915181753,0.7616870499485655
0.4795972915181753,0.7620299462795748
0.47977548111190305,0.7620299462795748
0.47977548111190305,0.7624871413875871
0.4799536707056308,0.7624871413875871
0.4799536707056308,0.7626014401645902
0.4801318602993585,0.7626014401645902
0.4801318602993585,0.7627157389415933
0.48022095509622237,0.7627157389415933
0.48022095509622237,0.7628300377185964
0.4803991446899501,0.7628300377185964
0.4803991446899501,0.7630586352726025
0.48048823948681396,0.7630586352726025
0.48048823948681396,0.7631729340496056
0.4805773342836778,0.7631729340496056
0.4805773342836778,0.7632872328266087
0.4809337134711333,0.7632872328266087
0.4809337134711333,0.7634015316036118
0.4812009978617249,0.7634015316036118
0.4812009978617249,0.7635158303806149
0.4813791874554526,0.7635158303806149
0.4813791874554526,0.763744427934621
0.48146828225231647,0.763744427934621
0.48146828225231647,0.7639730254886272
0.4816464718460442,0.7639730254886272
0.4816464718460442,0.7642016230426334
0.48200285103349966,0.7642016230426334
0.48200285103349966,0.7644302205966396
0.4821810406272274,0.7644302205966396
0.4821810406272274,0.7645445193736427
0.48227013542409125,0.7645445193736427
0.48227013542409125,0.7646588181506457
0.482448325017819,0.7646588181506457
0.482448325017819,0.7647731169276488
0.48253741981468284,0.7647731169276488
0.48253741981468284,0.7651160132586581
0.4827156094084106,0.7651160132586581
0.4827156094084106,0.7652303120356612
0.4828937990021383,0.7652303120356612
0.4828937990021383,0.7653446108126642
0.4829828937990021,0.7653446108126642
0.4829828937990021,0.7655732083666704
0.48316108339272984,0.7655732083666704
0.48316108339272984,0.7659161046976798
0.48333927298645757,0.7659161046976798
0.48333927298645757,0.7660304034746829
0.48360655737704916,0.7660304034746829
0.48360655737704916,0.766259001028689
0.483695652173913,0.766259001028689
0.483695652173913,0.7663732998056921
0.48387384176764076,0.7663732998056921
0.48387384176764076,0.7668304949137045
0.4839629365645046,0.7668304949137045
0.4839629365645046,0.7671733912447137
0.4843193157519601,0.7671733912447137
0.4843193157519601,0.7672876900217168
0.48485388453314326,0.7672876900217168
0.48485388453314326,0.7674019887987199
0.485032074126871,0.7674019887987199
0.485032074126871,0.7677448851297292
0.4852993585174626,0.7677448851297292
0.4852993585174626,0.7682020802377415
0.48538845331432645,0.7682020802377415
0.48538845331432645,0.7683163790147446
0.4854775481111903,0.7683163790147446
0.4854775481111903,0.7685449765687508
0.48619030648610123,0.7685449765687508
0.48619030648610123,0.7686592753457538
0.48636849607982896,0.7686592753457538
0.48636849607982896,0.7687735741227569
0.4865466856735567,0.7687735741227569
0.4865466856735567,0.76888787289976
0.4868139700641482,0.76888787289976
0.4868139700641482,0.7691164704537662
0.48725944404846755,0.7691164704537662
0.48725944404846755,0.7692307692307693
0.4873485388453314,0.7692307692307693
0.4873485388453314,0.7693450680077724
0.48752672843905914,0.7693450680077724
0.48752672843905914,0.7699165618927878
0.4883285816108339,0.7699165618927878
0.4883285816108339,0.7700308606697909
0.4884176764076978,0.7700308606697909
0.4884176764076978,0.770145159446794
0.48877405559515325,0.770145159446794
0.48877405559515325,0.770259458223797
0.4888631503920171,0.770259458223797
0.4888631503920171,0.7703737570008001
0.48904133998574484,0.7703737570008001
0.48904133998574484,0.7704880557778032
0.4898431931575196,0.7704880557778032
0.4898431931575196,0.7706023545548063
0.4899322879543835,0.7706023545548063
0.4899322879543835,0.7709452508858156
0.49028866714183894,0.7709452508858156
0.49028866714183894,0.7712881472168248
0.4905559515324305,0.7712881472168248
0.4905559515324305,0.7714024459938279
0.49082323592302207,0.7714024459938279
0.49082323592302207,0.771516744770831
0.49109052031361367,0.771516744770831
0.49109052031361367,0.7716310435478341
0.49242694226657163,0.7716310435478341
0.49242694226657163,0.7718596411018402
0.4926942266571632,0.7718596411018402
0.4926942266571632,0.7719739398788433
0.49287241625089095,0.7719739398788433
0.49287241625089095,0.7720882386558464
0.4929615110477548,0.7720882386558464
0.4929615110477548,0.7722025374328495
0.49313970064148255,0.7722025374328495
0.49313970064148255,0.7723168362098526
0.4933178902352103,0.7723168362098526
0.4933178902352103,0.7724311349868557
0.49340698503207414,0.7724311349868557
0.49340698503207414,0.7725454337638588
0.493496079828938,0.7725454337638588
0.493496079828938,0.7726597325408618
0.49358517462580187,0.7726597325408618
0.49358517462580187,0.7727740313178649
0.4937633642195296,0.7727740313178649
0.4937633642195296,0.772888330094868
0.49394155381325733,0.772888330094868
0.49394155381325733,0.7730026288718711
0.49411974340698506,0.7730026288718711
0.49411974340698506,0.7731169276488742
0.4945652173913043,0.7731169276488742
0.4945652173913043,0.7733455252028804
0.49474340698503205,0.7733455252028804
0.49474340698503205,0.7734598239798834
0.4950997861724875,0.7734598239798834
0.4950997861724875,0.7735741227568865
0.4953670705630791,0.7735741227568865
0.4953670705630791,0.7736884215338896
0.49572344975053456,0.7736884215338896
0.49572344975053456,0.7738027203108927
0.49599073414112615,0.7738027203108927
0.49599073414112615,0.7739170190878958
0.49607982893799,0.7739170190878958
0.49607982893799,0.7740313178648989
0.49625801853171775,0.7740313178648989
0.49625801853171775,0.774259915418905
0.4964362081254455,0.774259915418905
0.4964362081254455,0.7743742141959081
0.4966143977191732,0.7743742141959081
0.4966143977191732,0.7747171105269174
0.49697077690662866,0.7747171105269174
0.49697077690662866,0.7748314093039205
0.49723806129722026,0.7748314093039205
0.49723806129722026,0.7749457080809236
0.497416250890948,0.7749457080809236
0.497416250890948,0.7750600068579266
0.49803991446899504,0.7750600068579266
0.49803991446899504,0.7751743056349297
0.4984853884533143,0.7751743056349297
0.4984853884533143,0.7752886044119328
0.49857448325017817,0.7752886044119328
0.49857448325017817,0.775517201965939
0.4987526728439059,0.775517201965939
0.4987526728439059,0.7758600982969482
0.4991981468282252,0.7758600982969482
0.4991981468282252,0.7759743970739513
0.49982181040627227,0.7759743970739513
0.49982181040627227,0.7762029946279575
0.500623663578047,0.7762029946279575
0.500623663578047,0.7763172934049606
0.5008018531717747,0.7763172934049606
0.5008018531717747,0.7764315921819637
0.5013364219529579,0.7764315921819637
0.5013364219529579,0.7765458909589668
0.5014255167498218,0.7765458909589668
0.5014255167498218,0.7767744885129729
0.5015146115466856,0.7767744885129729
0.5015146115466856,0.776888787289976
0.5016928011404134,0.776888787289976
0.5016928011404134,0.7771173848439822
0.5017818959372773,0.7771173848439822
0.5017818959372773,0.7772316836209853
0.5021382751247327,0.7772316836209853
0.5021382751247327,0.7774602811749914
0.5022273699215966,0.7774602811749914
0.5022273699215966,0.7776888787289976
0.5027619387027797,0.7776888787289976
0.5027619387027797,0.7778031775060007
0.5028510334996437,0.7778031775060007
0.5028510334996437,0.7779174762830038
0.5029401282965075,0.7779174762830038
0.5029401282965075,0.77814607383701
0.5031183178902352,0.77814607383701
0.5031183178902352,0.778260372614013
0.5032965074839629,0.778260372614013
0.5032965074839629,0.7784889701680192
0.5034746970776907,0.7784889701680192
0.5034746970776907,0.7787175677220254
0.5035637918745546,0.7787175677220254
0.5035637918745546,0.7788318664990285
0.5038310762651461,0.7788318664990285
0.5038310762651461,0.7791747628300377
0.5040092658588738,0.7791747628300377
0.5040092658588738,0.779517659161047
0.5041874554526016,0.779517659161047
0.5041874554526016,0.7797462567150532
0.5042765502494654,0.7797462567150532
0.5042765502494654,0.7798605554920562
0.504543834640057,0.7798605554920562
0.504543834640057,0.7799748542690593
0.5046329294369208,0.7799748542690593
0.5046329294369208,0.7805463481540748
0.5049002138275125,0.7805463481540748
0.5049002138275125,0.7806606469310778
0.5049893086243763,0.7806606469310778
0.5049893086243763,0.7807749457080809
0.505256593014968,0.7807749457080809
0.505256593014968,0.780889244485084
0.5056129722024234,0.780889244485084
0.5056129722024234,0.7811178420390902
0.5058802565930149,0.7811178420390902
0.5058802565930149,0.7812321408160933
0.5066821097647898,0.7812321408160933
0.5066821097647898,0.7815750371471025
0.5070384889522452,0.7815750371471025
0.5070384889522452,0.7818036347011087
0.507127583749109,0.7818036347011087
0.507127583749109,0.7820322322551149
0.50784034212402,0.7820322322551149
0.50784034212402,0.782146531032118
0.5080185317177477,0.782146531032118
0.5080185317177477,0.782260829809121
0.5081076265146115,0.782260829809121
0.5081076265146115,0.7823751285861241
0.5082858161083392,0.7823751285861241
0.5083749109052031,0.7823751285861241
0.5083749109052031,0.7824894273631272
0.5085531004989309,0.7824894273631272
0.5085531004989309,0.7827180249171334
0.5086421952957947,0.7827180249171334
0.5086421952957947,0.7828323236941365
0.5089094796863863,0.7828323236941365
0.5089094796863863,0.7829466224711396
0.5092658588738418,0.7829466224711396
0.5092658588738418,0.7831752200251457
0.5093549536707056,0.7831752200251457
0.5093549536707056,0.7832895188021488
0.509800427655025,0.7832895188021488
0.509800427655025,0.7834038175791519
0.5101568068424804,0.7834038175791519
0.5101568068424804,0.7837467139101612
0.510424091233072,0.7837467139101612
0.510424091233072,0.7839753114641673
0.5106913756236636,0.7839753114641673
0.5106913756236636,0.7840896102411704
0.5108695652173914,0.7840896102411704
0.5108695652173914,0.7842039090181735
0.5114041339985744,0.7842039090181735
0.5114041339985744,0.7843182077951766
0.5116714183891661,0.7843182077951766
0.5116714183891661,0.7844325065721797
0.5118496079828938,0.7844325065721797
0.5118496079828938,0.7845468053491828
0.5120277975766215,0.7845468053491828
0.5120277975766215,0.7846611041261858
0.5121168923734853,0.7846611041261858
0.5121168923734853,0.7847754029031889
0.5126514611546685,0.7847754029031889
0.5126514611546685,0.784889701680192
0.5133642195295794,0.784889701680192
0.5133642195295794,0.7850040004571951
0.5137205987170349,0.7850040004571951
0.5137205987170349,0.7851182992341982
0.5138987883107626,0.7851182992341982
0.5138987883107626,0.7852325980112013
0.5141660727013543,0.7852325980112013
0.5141660727013543,0.7853468967882044
0.514344262295082,0.7853468967882044
0.514344262295082,0.7854611955652074
0.5147897362794013,0.7854611955652074
0.5147897362794013,0.7855754943422105
0.5150570206699929,0.7855754943422105
0.5150570206699929,0.7858040918962167
0.5151461154668567,0.7858040918962167
0.5151461154668567,0.7859183906732198
0.5153243050605845,0.7859183906732198
0.5153243050605845,0.7860326894502229
0.5155024946543122,0.7860326894502229
0.5155024946543122,0.786146988227226
0.5163043478260869,0.786146988227226
0.5163043478260869,0.7863755857812321
0.5163934426229508,0.7863755857812321
0.5163934426229508,0.7864898845582352
0.5168389166072701,0.7864898845582352
0.5168389166072701,0.7866041833352383
0.5171062009978618,0.7866041833352383
0.5171062009978618,0.7867184821122414
0.5172843905915895,0.7867184821122414
0.5172843905915895,0.7868327808892445
0.5173734853884533,0.7868327808892445
0.5173734853884533,0.7870613784432506
0.5178189593727727,0.7870613784432506
0.5178189593727727,0.7871756772202537
0.5181753385602281,0.7871756772202537
0.5181753385602281,0.7872899759972568
0.5183535281539559,0.7872899759972568
0.5183535281539559,0.787518573551263
0.5184426229508197,0.787518573551263
0.5184426229508197,0.7876328723282661
0.5187990021382751,0.7876328723282661
0.5187990021382751,0.7877471711052692
0.5190662865288667,0.7877471711052692
0.5190662865288667,0.7879757686592753
0.5194226657163221,0.7879757686592753
0.5194226657163221,0.7880900674362784
0.5196008553100498,0.7880900674362784
0.5196008553100498,0.7882043662132815
0.5197790449037776,0.7882043662132815
0.5197790449037776,0.7883186649902846
0.5198681397006415,0.7883186649902846
0.5198681397006415,0.7884329637672877
0.5200463292943692,0.7884329637672877
0.5200463292943692,0.7885472625442908
0.520224518888097,0.7885472625442908
0.520224518888097,0.7886615613212938
0.5203136136849608,0.7886615613212938
0.5203136136849608,0.7887758600982969
0.5209372772630079,0.7887758600982969
0.5209372772630079,0.7893473539833123
0.5210263720598717,0.7893473539833123
0.5210263720598717,0.7894616527603154
0.5213827512473271,0.7894616527603154
0.5213827512473271,0.7895759515373185
0.5220064148253742,0.7895759515373185
0.5220064148253742,0.7898045490913247
0.5224518888096935,0.7898045490913247
0.5224518888096935,0.7900331466453309
0.5225409836065574,0.7900331466453309
0.5225409836065574,0.7903760429763401
0.5226300784034212,0.7903760429763401
0.5226300784034212,0.7904903417533432
0.5228973627940128,0.7904903417533432
0.5228973627940128,0.7907189393073494
0.5231646471846044,0.7907189393073494
0.5231646471846044,0.7908332380843525
0.523431931575196,0.7908332380843525
0.523431931575196,0.7909475368613555
0.5235210263720599,0.7909475368613555
0.5235210263720599,0.7911761344153617
0.5236992159657876,0.7911761344153617
0.5236992159657876,0.7912904331923648
0.5237883107626514,0.7912904331923648
0.5237883107626514,0.791519030746371
0.5239665003563792,0.791519030746371
0.5239665003563792,0.7916333295233741
0.5245901639344263,0.7916333295233741
0.5245901639344263,0.7920905246313864
0.524768353528154,0.7920905246313864
0.524768353528154,0.7922048234083895
0.5248574483250178,0.7922048234083895
0.5248574483250178,0.7925477197393987
0.5249465431218817,0.7925477197393987
0.5249465431218817,0.7926620185164018
0.5250356379187455,0.7926620185164018
0.5250356379187455,0.7927763172934049
0.5252138275124733,0.7927763172934049
0.5252138275124733,0.792890616070408
0.5253029223093372,0.792890616070408
0.5253029223093372,0.7930049148474111
0.5255702066999287,0.7930049148474111
0.5255702066999287,0.7931192136244142
0.5259265858873842,0.7931192136244142
0.5259265858873842,0.7933478111784203
0.5260156806842481,0.7933478111784203
0.5260156806842481,0.7934621099554234
0.5261047754811119,0.7934621099554234
0.5261047754811119,0.7935764087324265
0.5262829650748396,0.7935764087324265
0.5262829650748396,0.7938050062864327
0.5268175338560228,0.7938050062864327
0.5268175338560228,0.7939193050634358
0.5269066286528866,0.7939193050634358
0.5269066286528866,0.7940336038404389
0.5269957234497505,0.7940336038404389
0.5269957234497505,0.794262201394445
0.5272630078403421,0.794262201394445
0.5272630078403421,0.7943765001714481
0.5278866714183892,0.7943765001714481
0.5278866714183892,0.7944907989484512
0.527975766215253,0.7944907989484512
0.527975766215253,0.7946050977254543
0.5280648610121169,0.7946050977254543
0.5280648610121169,0.7947193965024574
0.5281539558089807,0.7947193965024574
0.5281539558089807,0.7948336952794605
0.5286885245901639,0.7948336952794605
0.5286885245901639,0.7950622928334666
0.5287776193870278,0.7950622928334666
0.5287776193870278,0.7954051891644759
0.5292230933713471,0.7954051891644759
0.5292230933713471,0.795519487941479
0.529312188168211,0.795519487941479
0.529312188168211,0.7956337867184821
0.5294903777619387,0.7956337867184821
0.5294903777619387,0.7957480854954851
0.5295794725588026,0.7957480854954851
0.5295794725588026,0.7958623842724882
0.5296685673556665,0.7958623842724882
0.5296685673556665,0.7959766830494913
0.5297576621525303,0.7959766830494913
0.5297576621525303,0.7960909818264944
0.5298467569493942,0.7960909818264944
0.5298467569493942,0.7962052806034975
0.529935851746258,0.7962052806034975
0.529935851746258,0.7963195793805006
0.5302031361368497,0.7963195793805006
0.5302031361368497,0.7964338781575037
0.5304704205274412,0.7964338781575037
0.5304704205274412,0.7965481769345067
0.5307377049180327,0.7965481769345067
0.5307377049180327,0.7966624757115098
0.5311831789023521,0.7966624757115098
0.5311831789023521,0.7967767744885129
0.5312722736992159,0.7967767744885129
0.5312722736992159,0.7968910732655161
0.5321632216678546,0.7968910732655161
0.5321632216678546,0.7973482683735285
0.5324305060584462,0.7973482683735285
0.5324305060584462,0.7974625671505315
0.53251960085531,0.7974625671505315
0.53251960085531,0.7975768659275346
0.532608695652174,0.7975768659275346
0.532608695652174,0.7976911647045377
0.5327868852459017,0.7976911647045377
0.5327868852459017,0.7979197622585439
0.5328759800427655,0.7979197622585439
0.5328759800427655,0.798034061035547
0.5331432644333571,0.798034061035547
0.5331432644333571,0.7981483598125501
0.5334996436208126,0.7981483598125501
0.5334996436208126,0.7983769573665562
0.5342124019957234,0.7983769573665562
0.5342124019957234,0.7984912561435593
0.5347469707769066,0.7984912561435593
0.5347469707769066,0.7986055549205624
0.5349251603706343,0.7986055549205624
0.5349251603706343,0.7989484512515717
0.5357270135424091,0.7989484512515717
0.5357270135424091,0.7990627500285747
0.5359942979330007,0.7990627500285747
0.5359942979330007,0.7991770488055778
0.5363506771204561,0.7991770488055778
0.5363506771204561,0.799405646359584
0.5367070563079116,0.799405646359584
0.5367070563079116,0.7995199451365871
0.5370634354953671,0.7995199451365871
0.5370634354953671,0.7996342439135902
0.5372416250890948,0.7996342439135902
0.5372416250890948,0.7997485426905933
0.5373307198859587,0.7997485426905933
0.5373307198859587,0.7998628414675963
0.5375089094796864,0.7998628414675963
0.5375089094796864,0.8002057377986056
0.5379543834640057,0.8002057377986056
0.5379543834640057,0.8004343353526118
0.5380434782608695,0.8004343353526118
0.5380434782608695,0.8006629329066179
0.538399857448325,0.8006629329066179
0.538399857448325,0.800777231683621
0.5384889522451889,0.800777231683621
0.5384889522451889,0.8010058292376272
0.5388453314326443,0.8010058292376272
0.5388453314326443,0.8013487255686365
0.5392908054169636,0.8013487255686365
0.5392908054169636,0.8014630243456395
0.5393799002138275,0.8014630243456395
0.5393799002138275,0.8016916218996457
0.5394689950106913,0.8016916218996457
0.5394689950106913,0.8018059206766488
0.539736279401283,0.8018059206766488
0.539736279401283,0.8019202194536519
0.5398253741981468,0.8019202194536519
0.5398253741981468,0.802034518230655
0.5399144689950107,0.802034518230655
0.5399144689950107,0.8022631157846611
0.5401817533856023,0.8022631157846611
0.5401817533856023,0.8023774145616642
0.54035994297933,0.8023774145616642
0.54035994297933,0.8024917133386673
0.5404490377761939,0.8024917133386673
0.5404490377761939,0.8027203108926735
0.5405381325730577,0.8027203108926735
0.5405381325730577,0.8028346096696766
0.5406272273699216,0.8028346096696766
0.5406272273699216,0.8031775060006858
0.5407163221667854,0.8031775060006858
0.5407163221667854,0.803406103554692
0.5424982181040627,0.803406103554692
0.5424982181040627,0.8036347011086982
0.5430327868852459,0.8036347011086982
0.5430327868852459,0.8038632986627043
0.5437455452601568,0.8038632986627043
0.5437455452601568,0.8039775974397074
0.5440128296507484,0.8039775974397074
0.5440128296507484,0.8043204937707167
0.54428011404134,0.8043204937707167
0.54428011404134,0.8052348839867414
0.5444583036350678,0.8052348839867414
0.5444583036350678,0.8053491827637445
0.5446364932287955,0.8053491827637445
0.5446364932287955,0.8054634815407475
0.5453492516037064,0.8054634815407475
0.5453492516037064,0.8055777803177506
0.5454383464005702,0.8055777803177506
0.5454383464005702,0.8056920790947537
0.5457947255880257,0.8056920790947537
0.5457947255880257,0.806034975425763
0.5458838203848895,0.806034975425763
0.5458838203848895,0.8063778717567722
0.5459729151817534,0.8063778717567722
0.5459729151817534,0.8064921705337753
0.5462401995723449,0.8064921705337753
0.5462401995723449,0.8066064693107784
0.5464183891660727,0.8066064693107784
0.5464183891660727,0.8067207680877815
0.5465074839629366,0.8067207680877815
0.5465074839629366,0.8071779631957938
0.5465965787598004,0.8071779631957938
0.5465965787598004,0.8072922619727969
0.5476657163221668,0.8072922619727969
0.5476657163221668,0.8074065607498
0.5480220955096222,0.8074065607498
0.5480220955096222,0.8076351583038062
0.5481111903064861,0.8076351583038062
0.5481111903064861,0.8078637558578123
0.5486457590876693,0.8078637558578123
0.5486457590876693,0.8080923534118185
0.5491803278688525,0.8080923534118185
0.5491803278688525,0.8083209509658247
0.5493585174625801,0.8083209509658247
0.5493585174625801,0.8085495485198309
0.5497148966500356,0.8085495485198309
0.5497148966500356,0.8086638472968339
0.5498039914468995,0.8086638472968339
0.5498039914468995,0.808778146073837
0.5503385602280827,0.808778146073837
0.5503385602280827,0.8090067436278432
0.5504276550249465,0.8090067436278432
0.5504276550249465,0.8091210424048463
0.5506949394155382,0.8091210424048463
0.5506949394155382,0.8092353411818494
0.5514076977904491,0.8092353411818494
0.5514076977904491,0.8093496399588525
0.5514967925873129,0.8093496399588525
0.5514967925873129,0.8096925362898617
0.5517640769779045,0.8096925362898617
0.5517640769779045,0.8098068350668648
0.5519422665716323,0.8098068350668648
0.5519422665716323,0.810035432620871
0.5522986457590877,0.810035432620871
0.5522986457590877,0.8102640301748771
0.5523877405559515,0.8102640301748771
0.5523877405559515,0.8108355240598926
0.5528332145402709,0.8108355240598926
0.5528332145402709,0.811407017944908
0.5529223093371347,0.811407017944908
0.5529223093371347,0.8115213167219111
0.5555060584461867,0.8115213167219111
0.5555060584461867,0.8116356154989142
0.5557733428367784,0.8116356154989142
0.5557733428367784,0.8118642130529203
0.5558624376336422,0.8118642130529203
0.5558624376336422,0.8120928106069265
0.5559515324305061,0.8120928106069265
0.5559515324305061,0.8122071093839296
0.5560406272273699,0.8122071093839296
0.5560406272273699,0.8123214081609327
0.5563079116179616,0.8123214081609327
0.5563079116179616,0.8124357069379358
0.5565751960085531,0.8124357069379358
0.5565751960085531,0.8126643044919419
0.556664290805417,0.8126643044919419
0.556664290805417,0.8130072008229512
0.5573770491803278,0.8130072008229512
0.5573770491803278,0.8132357983769574
0.5574661439771917,0.8132357983769574
0.5574661439771917,0.8134643959309635
0.5577334283677833,0.8134643959309635
0.5577334283677833,0.8135786947079666
0.5578225231646472,0.8135786947079666
0.5578225231646472,0.8136929934849697
0.5585352815395581,0.8136929934849697
0.5585352815395581,0.8138072922619728
0.5593371347113328,0.8138072922619728
0.5593371347113328,0.814035889815979
0.5597826086956522,0.814035889815979
0.5597826086956522,0.814150188592982
0.5602280826799715,0.814150188592982
0.5602280826799715,0.8142644873699851
0.5604062722736992,0.8142644873699851
0.5604062722736992,0.8147216824779975
0.5609408410548824,0.8147216824779975
0.5609408410548824,0.8148359812550006
0.5613863150392017,0.8148359812550006
0.5613863150392017,0.8150645788090067
0.5619208838203849,0.8150645788090067
0.5619208838203849,0.8151788775860098
0.5620990734141126,0.8151788775860098
0.5620990734141126,0.8155217739170191
0.5622772630078403,0.8155217739170191
0.5622772630078403,0.8156360726940222
0.562544547398432,0.8156360726940222
0.562544547398432,0.8157503714710252
0.5626336421952958,0.8157503714710252
0.5626336421952958,0.8158646702480283
0.5628118317890235,0.8158646702480283
0.5628118317890235,0.8163218653560407
0.5630791161796151,0.8163218653560407
0.5630791161796151,0.8165504629100468
0.563168210976479,0.8165504629100468
0.563168210976479,0.8166647616870499
0.5632573057733429,0.8166647616870499
0.5632573057733429,0.816779060464053
0.5633464005702067,0.816779060464053
0.5633464005702067,0.8174648531260715
0.5636136849607983,0.8174648531260715
0.5636136849607983,0.8175791519030746
0.5641482537419815,0.8175791519030746
0.5641482537419815,0.8176934506800777
0.5642373485388453,0.8176934506800777
0.5642373485388453,0.8178077494570808
0.5643264433357092,0.8178077494570808
0.5643264433357092,0.8184935421190993
0.5647719173200285,0.8184935421190993
0.5647719173200285,0.8186078408961024
0.5648610121168923,0.8186078408961024
0.5648610121168923,0.8187221396731055
0.565128296507484,0.8187221396731055
0.565128296507484,0.8189507372271116
0.5652173913043478,0.8189507372271116
0.5652173913043478,0.8190650360041147
0.5653064861012117,0.8190650360041147
0.5653064861012117,0.819407932335124
0.5660192444761226,0.819407932335124
0.5660192444761226,0.8195222311121271
0.5662865288667142,0.8195222311121271
0.5662865288667142,0.8196365298891302
0.5666429080541696,0.8196365298891302
0.5666429080541696,0.8197508286661332
0.5667320028510335,0.8197508286661332
0.5667320028510335,0.8198651274431363
0.5668210976478973,0.8198651274431363
0.5668210976478973,0.8200937249971425
0.5669101924447613,0.8200937249971425
0.5669101924447613,0.8204366213281518
0.5672665716322167,0.8204366213281518
0.5672665716322167,0.8205509201051548
0.5674447612259444,0.8205509201051548
0.5674447612259444,0.820779517659161
0.5675338560228083,0.820779517659161
0.5675338560228083,0.8208938164361641
0.5679793300071276,0.8208938164361641
0.5679793300071276,0.8211224139901703
0.568335709194583,0.8211224139901703
0.568335709194583,0.8212367127671734
0.5689593727726301,0.8212367127671734
0.5689593727726301,0.8213510115441764
0.5691375623663578,0.8213510115441764
0.5691375623663578,0.8215796090981826
0.5694048467569494,0.8215796090981826
0.5694048467569494,0.8216939078751857
0.5695830363506771,0.8216939078751857
0.5695830363506771,0.822036804206195
0.5698503207412687,0.822036804206195
0.5698503207412687,0.8222654017602011
0.5703848895224519,0.8222654017602011
0.5703848895224519,0.8223797005372042
0.5708303635067712,0.8223797005372042
0.5708303635067712,0.8227225968682135
0.5710085531004989,0.8227225968682135
0.5710085531004989,0.8228368956452166
0.5712758374910906,0.8228368956452166
0.5712758374910906,0.8231797919762258
0.5713649322879544,0.8231797919762258
0.5713649322879544,0.8235226883072351
0.5715431218816821,0.8235226883072351
0.5715431218816821,0.8236369870842382
0.5717213114754098,0.8236369870842382
0.5717213114754098,0.8237512858612412
0.5719885958660014,0.8237512858612412
0.5719885958660014,0.8239798834152474
0.572255880256593,0.8239798834152474
0.572255880256593,0.8240941821922505
0.5725231646471846,0.8240941821922505
0.5725231646471846,0.8242084809692536
0.5727013542409123,0.8242084809692536
0.5727013542409123,0.8243227797462567
0.5734141126158232,0.8243227797462567
0.5734141126158232,0.8244370785232598
0.5738595866001426,0.8244370785232598
0.5738595866001426,0.8245513773002628
0.5739486813970064,0.8245513773002628
0.5739486813970064,0.8251228711852783
0.5741268709907341,0.8251228711852783
0.5741268709907341,0.8252371699622814
0.5744832501781896,0.8252371699622814
0.5744832501781896,0.8253514687392844
0.574928724162509,0.8253514687392844
0.574928724162509,0.8254657675162875
0.5751960085531005,0.8254657675162875
0.5751960085531005,0.8256943650702937
0.5752851033499644,0.8256943650702937
0.5752851033499644,0.826037261401303
0.5753741981468282,0.826037261401303
0.5753741981468282,0.8263801577323122
0.575552387740556,0.8263801577323122
0.575552387740556,0.8264944565093153
0.5759978617248752,0.8264944565093153
0.5759978617248752,0.8266087552863184
0.5764433357091946,0.8266087552863184
0.5764433357091946,0.8270659503943307
0.5767106200997861,0.8270659503943307
0.5767106200997861,0.8272945479483369
0.5771560940841055,0.8272945479483369
0.5771560940841055,0.82740884672534
0.5773342836778332,0.82740884672534
0.5773342836778332,0.8275231455023431
0.5776015680684248,0.8275231455023431
0.5776015680684248,0.8276374442793462
0.5780470420527442,0.8276374442793462
0.5780470420527442,0.8278660418333523
0.578136136849608,0.8278660418333523
0.578136136849608,0.8279803406103554
0.5788488952245189,0.8279803406103554
0.5788488952245189,0.8280946393873585
0.5791161796151105,0.8280946393873585
0.5791161796151105,0.8284375357183679
0.5793834640057021,0.8284375357183679
0.5793834640057021,0.8287804320493771
0.5795616535994298,0.8287804320493771
0.5795616535994298,0.8290090296033833
0.5800071275837491,0.8290090296033833
0.5800071275837491,0.8291233283803864
0.580096222380613,0.8291233283803864
0.580096222380613,0.8293519259343926
0.5801853171774768,0.8293519259343926
0.5801853171774768,0.8294662247113956
0.5817890235210263,0.8294662247113956
0.5817890235210263,0.8295805234883987
0.5818781183178903,0.8295805234883987
0.5818781183178903,0.8298091210424049
0.5819672131147541,0.8298091210424049
0.5819672131147541,0.8300377185964111
0.5821454027084818,0.8300377185964111
0.5821454027084818,0.8301520173734142
0.5824126870990735,0.8301520173734142
0.5824126870990735,0.8306092124814265
0.5829472558802566,0.8306092124814265
0.5829472558802566,0.8307235112584296
0.5831254454739844,0.8307235112584296
0.5831254454739844,0.8308378100354327
0.5832145402708482,0.8308378100354327
0.5832145402708482,0.8309521088124358
0.5833036350677121,0.8309521088124358
0.5833036350677121,0.831295005143445
0.5833927298645759,0.831295005143445
0.5833927298645759,0.8314093039204481
0.5834818246614397,0.8314093039204481
0.5834818246614397,0.8315236026974512
0.5839272986457591,0.8315236026974512
0.5839272986457591,0.8316379014744543
0.5845509622238061,0.8316379014744543
0.5845509622238061,0.8319807978054635
0.58464005702067,0.8319807978054635
0.58464005702067,0.8320950965824666
0.5849073414112615,0.8320950965824666
0.5849073414112615,0.8327808892444851
0.5853528153955809,0.8327808892444851
0.5853528153955809,0.8330094867984913
0.5854419101924447,0.8330094867984913
0.5854419101924447,0.8332380843524975
0.5857091945830364,0.8332380843524975
0.5857091945830364,0.8333523831295006
0.5858873841767641,0.8333523831295006
0.5858873841767641,0.8335809806835067
0.5861546685673557,0.8335809806835067
0.5861546685673557,0.8336952794605098
0.5862437633642196,0.8336952794605098
0.5862437633642196,0.8338095782375129
0.5863328581610834,0.8338095782375129
0.5863328581610834,0.833923877014516
0.586600142551675,0.833923877014516
0.586600142551675,0.8340381757915191
0.5868674269422666,0.8340381757915191
0.5868674269422666,0.8343810721225283
0.5873129009265858,0.8343810721225283
0.5873129009265858,0.8344953708995314
0.5876692801140413,0.8344953708995314
0.5876692801140413,0.8346096696765345
0.587847469707769,0.8346096696765345
0.587847469707769,0.8347239684535376
0.5882929436920884,0.8347239684535376
0.5882929436920884,0.8348382672305407
0.5889166072701354,0.8348382672305407
0.5889166072701354,0.8349525660075438
0.5890057020669993,0.8349525660075438
0.5890057020669993,0.8350668647845468
0.589183891660727,0.8350668647845468
0.589183891660727,0.8351811635615499
0.5895402708481825,0.8351811635615499
0.5895402708481825,0.835295462338553
0.5896293656450463,0.835295462338553
0.5896293656450463,0.8354097611155561
0.590520313613685,0.8354097611155561
0.590520313613685,0.8355240598925592
0.5913221667854597,0.8355240598925592
0.5913221667854597,0.8356383586695623
0.5915003563791874,0.8356383586695623
0.5915003563791874,0.8358669562235684
0.5915894511760513,0.8358669562235684
0.5915894511760513,0.8360955537775746
0.5920349251603706,0.8360955537775746
0.5920349251603706,0.8363241513315808
0.5921240199572345,0.8363241513315808
0.5921240199572345,0.8364384501085839
0.5923022095509622,0.8364384501085839
0.5923022095509622,0.8367813464395931
0.592391304347826,0.8367813464395931
0.592391304347826,0.8370099439935993
0.5926585887384177,0.8370099439935993
0.5926585887384177,0.8371242427706024
0.5929258731290092,0.8371242427706024
0.5929258731290092,0.8373528403246085
0.5930149679258732,0.8373528403246085
0.5930149679258732,0.8374671391016116
0.5931931575196009,0.8374671391016116
0.5931931575196009,0.8375814378786147
0.5932822523164647,0.8375814378786147
0.5932822523164647,0.8376957366556178
0.5937277263007841,0.8376957366556178
0.5937277263007841,0.8378100354326209
0.5938168210976479,0.8378100354326209
0.5938168210976479,0.837924334209624
0.5948859586600143,0.837924334209624
0.5948859586600143,0.8382672305406332
0.5949750534568781,0.8382672305406332
0.5949750534568781,0.8383815293176363
0.5952423378474697,0.8383815293176363
0.5952423378474697,0.8388387244256487
0.5955096222380613,0.8388387244256487
0.5955096222380613,0.8389530232026517
0.5957769066286529,0.8389530232026517
0.5957769066286529,0.8390673219796548
0.5959550962223806,0.8390673219796548
0.5959550962223806,0.8391816207566579
0.5962223806129722,0.8391816207566579
0.5962223806129722,0.839295919533661
0.5980933713471134,0.839295919533661
0.5980933713471134,0.8394102183106641
0.5981824661439772,0.8394102183106641
0.5981824661439772,0.8395245170876672
0.5982715609408411,0.8395245170876672
0.5982715609408411,0.8397531146416733
0.5983606557377049,0.8397531146416733
0.5983606557377049,0.8398674134186764
0.5984497505345688,0.8398674134186764
0.5984497505345688,0.8399817121956795
0.5998752672843906,0.8399817121956795
0.5998752672843906,0.8400960109726826
0.6000534568781183,0.8400960109726826
0.6000534568781183,0.8402103097496857
0.6001425516749822,0.8402103097496857
0.6001425516749822,0.8403246085266888
0.600231646471846,0.8403246085266888
0.600231646471846,0.8404389073036919
0.6004989308624377,0.8404389073036919
0.6004989308624377,0.840553206080695
0.6005880256593015,0.840553206080695
0.6005880256593015,0.840667504857698
0.6009444048467569,0.840667504857698
0.6009444048467569,0.8407818036347011
0.6010334996436208,0.8407818036347011
0.6010334996436208,0.8408961024117042
0.6012116892373486,0.8408961024117042
0.6012116892373486,0.8410104011887073
0.6014789736279401,0.8410104011887073
0.6014789736279401,0.8411246999657104
0.6016571632216678,0.8411246999657104
0.6016571632216678,0.8413532975197165
0.6019244476122595,0.8413532975197165
0.6019244476122595,0.8416961938507258
0.602191732002851,0.8416961938507258
0.602191732002851,0.8418104926277289
0.6022808267997148,0.8418104926277289
0.6022808267997148,0.841924791404732
0.6030826799714897,0.841924791404732
0.6030826799714897,0.8420390901817351
0.6032608695652174,0.8420390901817351
0.6032608695652174,0.8421533889587381
0.6034390591589451,0.8421533889587381
0.6034390591589451,0.8422676877357412
0.6038845331432644,0.8422676877357412
0.6038845331432644,0.8423819865127443
0.6039736279401283,0.8423819865127443
0.6039736279401283,0.8424962852897474
0.6044191019244476,0.8424962852897474
0.6044191019244476,0.8427248828437536
0.6045081967213115,0.8427248828437536
0.6045081967213115,0.8428391816207567
0.6046863863150392,0.8428391816207567
0.6046863863150392,0.8430677791747628
0.6058446186742694,0.8430677791747628
0.6058446186742694,0.8431820779517659
0.6064682822523164,0.8431820779517659
0.6064682822523164,0.843296376728769
0.6068246614397719,0.843296376728769
0.6068246614397719,0.8435249742827752
0.6073592302209551,0.8435249742827752
0.6073592302209551,0.8436392730597783
0.6075374198146828,0.8436392730597783
0.6075374198146828,0.8437535718367813
0.6079828937990022,0.8437535718367813
0.6079828937990022,0.8438678706137844
0.608071988595866,0.8438678706137844
0.608071988595866,0.8439821693907875
0.6081610833927299,0.8439821693907875
0.6081610833927299,0.8440964681677906
0.6082501781895937,0.8440964681677906
0.6082501781895937,0.8442107669447937
0.6089629365645046,0.8442107669447937
0.6089629365645046,0.8443250657217968
0.6090520313613685,0.8443250657217968
0.6090520313613685,0.8444393644987999
0.6095866001425517,0.8444393644987999
0.6095866001425517,0.844553663275803
0.6099429793300071,0.844553663275803
0.6099429793300071,0.8448965596068122
0.6102102637205987,0.8448965596068122
0.6102102637205987,0.8451251571608184
0.6104775481111903,0.8451251571608184
0.6104775481111903,0.8454680534918276
0.6107448325017819,0.8454680534918276
0.6107448325017819,0.8456966510458338
0.6108339272986457,0.8456966510458338
0.6108339272986457,0.8458109498228369
0.6109230220955096,0.8458109498228369
0.6109230220955096,0.8461538461538461
0.6111012116892374,0.8461538461538461
0.6111012116892374,0.8462681449308492
0.6111903064861012,0.8462681449308492
0.6111903064861012,0.8464967424848554
0.6115466856735566,0.8464967424848554
0.6115466856735566,0.8466110412618585
0.6125267284390592,0.8466110412618585
0.6125267284390592,0.8467253400388616
0.6138631503920171,0.8467253400388616
0.6138631503920171,0.8468396388158647
0.6140413399857448,0.8468396388158647
0.6140413399857448,0.8470682363698708
0.6141304347826086,0.8470682363698708
0.6141304347826086,0.8471825351468739
0.6147540983606558,0.8471825351468739
0.6147540983606558,0.847296833923877
0.6150213827512473,0.847296833923877
0.6150213827512473,0.8474111327008801
0.6151104775481112,0.8474111327008801
0.6151104775481112,0.8475254314778832
0.6153777619387027,0.8475254314778832
0.6153777619387027,0.8476397302548863
0.6156450463292944,0.8476397302548863
0.6156450463292944,0.8478683278088924
0.6157341411261582,0.8478683278088924
0.6157341411261582,0.8480969253628986
0.6161796151104776,0.8480969253628986
0.6161796151104776,0.8482112241399017
0.6162687099073414,0.8482112241399017
0.6162687099073414,0.8483255229169048
0.616535994297933,0.8483255229169048
0.616535994297933,0.8485541204709109
0.6167141838916608,0.8485541204709109
0.6167141838916608,0.848668419247914
0.6174269422665716,0.848668419247914
0.6174269422665716,0.8488970168019202
0.6176051318602993,0.8488970168019202
0.6176051318602993,0.8491256143559264
0.6183178902352102,0.8491256143559264
0.6183178902352102,0.8492399131329295
0.6184069850320741,0.8492399131329295
0.6184069850320741,0.8493542119099325
0.6191197434069851,0.8493542119099325
0.6191197434069851,0.8495828094639387
0.6192088382038489,0.8495828094639387
0.6192088382038489,0.849925705794948
0.6194761225944405,0.849925705794948
0.6194761225944405,0.8500400045719511
0.619743406985032,0.8500400045719511
0.619743406985032,0.8501543033489541
0.6199215965787598,0.8501543033489541
0.6199215965787598,0.8502686021259572
0.6201888809693514,0.8502686021259572
0.6201888809693514,0.8504971996799634
0.620456165359943,0.8504971996799634
0.620456165359943,0.8508400960109727
0.6209907341411262,0.8508400960109727
0.6209907341411262,0.8509543947879757
0.6210798289379901,0.8509543947879757
0.6210798289379901,0.8511829923419819
0.6211689237348539,0.8511829923419819
0.6211689237348539,0.851297291118985
0.6214362081254454,0.851297291118985
0.6214362081254454,0.8514115898959881
0.6218816821097648,0.8514115898959881
0.6218816821097648,0.8515258886729912
0.6221489665003563,0.8515258886729912
0.6221489665003563,0.8516401874499943
0.6223271560940841,0.8516401874499943
0.6223271560940841,0.8517544862269973
0.6227726300784034,0.8517544862269973
0.6227726300784034,0.8519830837810035
0.6233962936564504,0.8519830837810035
0.6233962936564504,0.8522116813350097
0.6234853884533144,0.8522116813350097
0.6234853884533144,0.8523259801120128
0.6240199572344975,0.8523259801120128
0.6240199572344975,0.8524402788890159
0.6241090520313614,0.8524402788890159
0.6241090520313614,0.8525545776660189
0.6244654312188168,0.8525545776660189
0.6244654312188168,0.852668876443022
0.6245545260156807,0.852668876443022
0.6245545260156807,0.8527831752200251
0.6252672843905915,0.8527831752200251
0.6252672843905915,0.8528974739970282
0.6253563791874555,0.8528974739970282
0.6253563791874555,0.8530117727740313
0.6257127583749109,0.8530117727740313
0.6257127583749109,0.8531260715510344
0.6261582323592302,0.8531260715510344
0.6261582323592302,0.8532403703280375
0.6263364219529579,0.8532403703280375
0.6263364219529579,0.8533546691050405
0.6267818959372773,0.8533546691050405
0.6267818959372773,0.8534689678820436
0.627583749109052,0.8534689678820436
0.627583749109052,0.8535832666590467
0.6278510334996437,0.8535832666590467
0.6278510334996437,0.8536975654360498
0.6280292230933714,0.8536975654360498
0.6280292230933714,0.8538118642130529
0.6287419814682823,0.8538118642130529
0.6287419814682823,0.853926162990056
0.6289201710620099,0.853926162990056
0.6289201710620099,0.8540404617670591
0.6290983606557377,0.8540404617670591
0.6290983606557377,0.8541547605440621
0.630256593014968,0.8541547605440621
0.630256593014968,0.8542690593210652
0.6307020669992872,0.8542690593210652
0.6307020669992872,0.8543833580980683
0.6308802565930149,0.8543833580980683
0.6308802565930149,0.8544976568750714
0.6315930149679259,0.8544976568750714
0.6315930149679259,0.8547262544290776
0.63284034212402,0.8547262544290776
0.63284034212402,0.855297748314093
0.6330185317177477,0.855297748314093
0.6330185317177477,0.8554120470910961
0.6332858161083392,0.8554120470910961
0.6332858161083392,0.8557549434221053
0.6333749109052031,0.8557549434221053
0.6333749109052031,0.8559835409761115
0.6335531004989309,0.8559835409761115
0.6335531004989309,0.8560978397531146
0.6336421952957947,0.8560978397531146
0.6336421952957947,0.8562121385301177
0.6340876692801141,0.8562121385301177
0.6340876692801141,0.8563264373071208
0.6343549536707056,0.8563264373071208
0.6343549536707056,0.8564407360841239
0.6345331432644333,0.8564407360841239
0.6345331432644333,0.85666933363813
0.6346222380612973,0.85666933363813
0.6346222380612973,0.8567836324151331
0.634800427655025,0.8567836324151331
0.634800427655025,0.8568979311921362
0.6348895224518888,0.8568979311921362
0.6348895224518888,0.8570122299691393
0.6349786172487527,0.8570122299691393
0.6349786172487527,0.8572408275231455
0.6351568068424804,0.8572408275231455
0.6351568068424804,0.8575837238541547
0.635424091233072,0.8575837238541547
0.635424091233072,0.8576980226311578
0.6364041339985744,0.8576980226311578
0.6364041339985744,0.857926620185164
0.6372950819672131,0.857926620185164
0.6372950819672131,0.858040918962167
0.637384176764077,0.858040918962167
0.637384176764077,0.8582695165161732
0.6375623663578047,0.8582695165161732
0.6375623663578047,0.8584981140701794
0.6378296507483963,0.8584981140701794
0.6378296507483963,0.8587267116241856
0.6380969351389879,0.8587267116241856
0.6380969351389879,0.8589553091781917
0.6382751247327156,0.8589553091781917
0.6382751247327156,0.8591839067321979
0.6386315039201711,0.8591839067321979
0.6386315039201711,0.859298205509201
0.6387205987170349,0.859298205509201
0.6387205987170349,0.8594125042862042
0.6389878831076266,0.8594125042862042
0.6389878831076266,0.8596411018402104
0.6391660727013543,0.8596411018402104
0.6391660727013543,0.8599839981712196
0.6392551674982181,0.8599839981712196
0.6392551674982181,0.8600982969482227
0.6395224518888097,0.8600982969482227
0.6395224518888097,0.8602125957252258
0.6403243050605845,0.8602125957252258
0.6403243050605845,0.860441193279232
0.6406806842480399,0.860441193279232
0.6406806842480399,0.860555492056235
0.6411261582323592,0.860555492056235
0.6411261582323592,0.8606697908332381
0.6415716322166786,0.8606697908332381
0.6415716322166786,0.8607840896102412
0.641928011404134,0.8607840896102412
0.641928011404134,0.8608983883872443
0.6422843905915895,0.8608983883872443
0.6422843905915895,0.8610126871642474
0.6423734853884533,0.8610126871642474
0.6423734853884533,0.8612412847182536
0.6424625801853172,0.8612412847182536
0.6424625801853172,0.8613555834952566
0.6426407697790449,0.8613555834952566
0.6426407697790449,0.8614698822722597
0.6432644333570919,0.8614698822722597
0.6432644333570919,0.8616984798262659
0.6436208125445474,0.8616984798262659
0.6436208125445474,0.8620413761572752
0.6437990021382751,0.8620413761572752
0.6437990021382751,0.8621556749342782
0.6441553813257306,0.8621556749342782
0.6441553813257306,0.8622699737112813
0.6442444761225944,0.8622699737112813
0.6442444761225944,0.8624985712652875
0.644511760513186,0.8624985712652875
0.644511760513186,0.8628414675962968
0.6446899501069138,0.8628414675962968
0.6446899501069138,0.8629557663732998
0.6448681397006415,0.8629557663732998
0.6448681397006415,0.8630700651503029
0.6453136136849608,0.8630700651503029
0.6453136136849608,0.863184363927306
0.6454918032786885,0.863184363927306
0.6454918032786885,0.8632986627043091
0.6462045616535994,0.8632986627043091
0.6462045616535994,0.8634129614813122
0.6463827512473271,0.8634129614813122
0.6463827512473271,0.8636415590353184
0.6465609408410549,0.8636415590353184
0.6465609408410549,0.8637558578123214
0.6467391304347826,0.8637558578123214
0.6467391304347826,0.8638701565893245
0.6472736992159658,0.8638701565893245
0.6472736992159658,0.8639844553663276
0.6478973627940128,0.8639844553663276
0.6478973627940128,0.8640987541433307
0.6481646471846044,0.8640987541433307
0.6481646471846044,0.8643273516973369
0.6485210263720599,0.8643273516973369
0.6485210263720599,0.864555949251343
0.6486992159657876,0.864555949251343
0.6486992159657876,0.8646702480283461
0.6492337847469708,0.8646702480283461
0.6492337847469708,0.8647845468053492
0.6494119743406985,0.8647845468053492
0.6494119743406985,0.8648988455823523
0.6496792587312901,0.8648988455823523
0.6496792587312901,0.8650131443593554
0.6498574483250178,0.8650131443593554
0.6498574483250178,0.8652417419133616
0.6511047754811119,0.8652417419133616
0.6511047754811119,0.8654703394673677
0.6513720598717035,0.8654703394673677
0.6513720598717035,0.8656989370213739
0.6515502494654312,0.8656989370213739
0.6515502494654312,0.865813235798377
0.6516393442622951,0.865813235798377
0.6516393442622951,0.8660418333523832
0.6518175338560228,0.8660418333523832
0.6518175338560228,0.8661561321293862
0.6519957234497505,0.8661561321293862
0.6519957234497505,0.8664990284603955
0.6528866714183892,0.8664990284603955
0.6528866714183892,0.8666133272373986
0.6539558089807556,0.8666133272373986
0.6539558089807556,0.8667276260144017
0.6540449037776194,0.8667276260144017
0.6540449037776194,0.8677563150074294
0.6541339985744833,0.8677563150074294
0.6541339985744833,0.8678706137844325
0.6542230933713471,0.8678706137844325
0.6542230933713471,0.8679849125614356
0.6544903777619387,0.8679849125614356
0.6544903777619387,0.8683278088924449
0.654935851746258,0.8683278088924449
0.654935851746258,0.868442107669448
0.6550249465431219,0.868442107669448
0.6550249465431219,0.868556406446451
0.6556486101211689,0.868556406446451
0.6556486101211689,0.8686707052234541
0.6557377049180327,0.8686707052234541
0.6557377049180327,0.8687850040004572
0.6565395580898076,0.8687850040004572
0.6565395580898076,0.8688993027774603
0.6566286528866714,0.8688993027774603
0.6566286528866714,0.8690136015544634
0.6567177476835353,0.8690136015544634
0.6567177476835353,0.8691279003314665
0.6568068424803991,0.8691279003314665
0.6568068424803991,0.8692421991084696
0.6572523164647185,0.8692421991084696
0.6572523164647185,0.8693564978854726
0.657608695652174,0.8693564978854726
0.657608695652174,0.8694707966624757
0.6576977904490378,0.8694707966624757
0.6576977904490378,0.8695850954394788
0.6580541696364932,0.8695850954394788
0.6580541696364932,0.8696993942164819
0.6581432644333571,0.8696993942164819
0.6581432644333571,0.8699279917704881
0.6583214540270849,0.8699279917704881
0.6583214540270849,0.8700422905474912
0.6584105488239487,0.8700422905474912
0.6584105488239487,0.8701565893244942
0.6585887384176764,0.8701565893244942
0.6585887384176764,0.8704994856555035
0.6586778332145403,0.8704994856555035
0.6586778332145403,0.8706137844325066
0.658856022808268,0.8706137844325066
0.658856022808268,0.8707280832095097
0.6590342124019958,0.8707280832095097
0.6590342124019958,0.8710709795405189
0.6593905915894511,0.8710709795405189
0.6593905915894511,0.8714138758715282
0.6599251603706343,0.8714138758715282
0.6599251603706343,0.8716424734255344
0.6600142551674982,0.8716424734255344
0.6600142551674982,0.8717567722025374
0.660192444761226,0.8717567722025374
0.660192444761226,0.8718710709795405
0.6602815395580898,0.8718710709795405
0.6602815395580898,0.8719853697565436
0.6605488239486814,0.8719853697565436
0.6605488239486814,0.8720996685335467
0.6609942979330007,0.8720996685335467
0.6609942979330007,0.8723282660875529
0.6611724875267284,0.8723282660875529
0.6611724875267284,0.872556863641559
0.6614397719173201,0.872556863641559
0.6614397719173201,0.8726711624185621
0.6620634354953671,0.8726711624185621
0.6620634354953671,0.8727854611955652
0.6625089094796864,0.8727854611955652
0.6625089094796864,0.8730140587495714
0.6625980042765502,0.8730140587495714
0.6625980042765502,0.8732426563035776
0.6635780470420527,0.8732426563035776
0.6635780470420527,0.8733569550805806
0.6642017106200998,0.8733569550805806
0.6642017106200998,0.8734712538575837
0.6642908054169636,0.8734712538575837
0.6642908054169636,0.8735855526345868
0.6646471846044191,0.8735855526345868
0.6646471846044191,0.8736998514115899
0.6648253741981468,0.8736998514115899
0.6648253741981468,0.873814150188593
0.6650926585887385,0.873814150188593
0.6650926585887385,0.8740427477425992
0.6651817533856023,0.8740427477425992
0.6651817533856023,0.8742713452966053
0.6654490377761939,0.8742713452966053
0.6654490377761939,0.8743856440736084
0.6658054169636494,0.8743856440736084
0.6658054169636494,0.8746142416276146
0.6658945117605132,0.8746142416276146
0.6658945117605132,0.8747285404046177
0.6660727013542409,0.8747285404046177
0.6660727013542409,0.8748428391816208
0.6661617961511048,0.8748428391816208
0.6661617961511048,0.87518573551263
0.6663399857448326,0.87518573551263
0.6663399857448326,0.8756429306206424
0.6666072701354241,0.8756429306206424
0.6666072701354241,0.8761001257286547
0.6667854597291518,0.8761001257286547
0.6667854597291518,0.8762144245056578
0.6668745545260156,0.8762144245056578
0.6668745545260156,0.8763287232826609
0.6669636493228795,0.8763287232826609
0.6669636493228795,0.876443022059664
0.6671418389166073,0.876443022059664
0.6671418389166073,0.876557320836667
0.6672309337134711,0.876557320836667
0.6672309337134711,0.8766716196136701
0.6676764076977905,0.8766716196136701
0.6676764076977905,0.8769002171676763
0.6681218816821097,0.8769002171676763
0.6681218816821097,0.8771288147216825
0.6691910192444761,0.8771288147216825
0.6691910192444761,0.8772431134986856
0.66928011404134,0.8772431134986856
0.66928011404134,0.8773574122756886
0.6695473984319316,0.8773574122756886
0.6695473984319316,0.8775860098296948
0.6698146828225232,0.8775860098296948
0.6698146828225232,0.8777003086066979
0.669903777619387,0.8777003086066979
0.669903777619387,0.877814607383701
0.6699928724162509,0.877814607383701
0.6699928724162509,0.8780432049377072
0.6703492516037064,0.8780432049377072
0.6703492516037064,0.8781575037147102
0.6704383464005702,0.8781575037147102
0.6704383464005702,0.8783861012687164
0.6708838203848895,0.8783861012687164
0.6708838203848895,0.8785004000457195
0.6709729151817534,0.8785004000457195
0.6709729151817534,0.8786146988227226
0.6720420527441198,0.8786146988227226
0.6720420527441198,0.8787289975997257
0.6723984319315752,0.8787289975997257
0.6723984319315752,0.8788432963767288
0.672487526728439,0.8788432963767288
0.672487526728439,0.8789575951537318
0.6732893799002139,0.8789575951537318
0.6732893799002139,0.8790718939307349
0.6733784746970777,0.8790718939307349
0.6733784746970777,0.879186192707738
0.6743585174625801,0.879186192707738
0.6743585174625801,0.8793004914847411
0.675160370634355,0.8793004914847411
0.675160370634355,0.8794147902617442
0.675784034212402,0.8794147902617442
0.675784034212402,0.8797576865927534
0.6758731290092659,0.8797576865927534
0.6758731290092659,0.8798719853697565
0.6762295081967213,0.8798719853697565
0.6762295081967213,0.8801005829237627
0.6764076977904491,0.8801005829237627
0.6764076977904491,0.8802148817007658
0.6764967925873129,0.8802148817007658
0.6764967925873129,0.880443479254772
0.6766749821810406,0.880443479254772
0.6766749821810406,0.8806720768087781
0.6769422665716323,0.8806720768087781
0.6769422665716323,0.8810149731397874
0.6772986457590877,0.8810149731397874
0.6772986457590877,0.8812435706937936
0.677744119743407,0.8812435706937936
0.677744119743407,0.8813578694707966
0.6787241625089094,0.8813578694707966
0.6787241625089094,0.8814721682477997
0.6789023521026372,0.8814721682477997
0.6789023521026372,0.8815864670248028
0.6789914468995011,0.8815864670248028
0.6789914468995011,0.8817007658018059
0.6791696364932288,0.8817007658018059
0.6791696364932288,0.881815064578809
0.6792587312900926,0.881815064578809
0.6792587312900926,0.8820436621328152
0.6793478260869565,0.8820436621328152
0.6793478260869565,0.8821579609098182
0.6799714896650035,0.8821579609098182
0.6799714896650035,0.8822722596868213
0.6802387740555952,0.8822722596868213
0.6802387740555952,0.8823865584638244
0.6805060584461867,0.8823865584638244
0.6805060584461867,0.8825008572408275
0.6811297220242338,0.8825008572408275
0.6811297220242338,0.8828437535718368
0.6818424803991446,0.8828437535718368
0.6818424803991446,0.8829580523488398
0.6820206699928724,0.8829580523488398
0.6820206699928724,0.883186649902846
0.6821988595866001,0.883186649902846
0.6821988595866001,0.8833009486798491
0.6823770491803278,0.8833009486798491
0.6823770491803278,0.8834152474568522
0.6826443335709195,0.8834152474568522
0.6826443335709195,0.8836438450108584
0.6827334283677833,0.8836438450108584
0.6827334283677833,0.8838724425648645
0.682911617961511,0.8838724425648645
0.682911617961511,0.8839867413418676
0.6838916607270136,0.8839867413418676
0.6838916607270136,0.8841010401188707
0.6840698503207413,0.8841010401188707
0.6840698503207413,0.8842153388958738
0.6841589451176051,0.8842153388958738
0.6841589451176051,0.8843296376728769
0.6845153243050606,0.8843296376728769
0.6845153243050606,0.88444393644988
0.6846044191019245,0.88444393644988
0.6846044191019245,0.8846725340038861
0.6852280826799715,0.8846725340038861
0.6852280826799715,0.8847868327808892
0.6862081254454739,0.8847868327808892
0.6862081254454739,0.8849011315578923
0.6863863150392017,0.8849011315578923
0.6863863150392017,0.8850154303348954
0.6865645046329294,0.8850154303348954
0.6865645046329294,0.8851297291118985
0.6878118317890235,0.8851297291118985
0.6878118317890235,0.8852440278889016
0.6879009265858874,0.8852440278889016
0.6879009265858874,0.8853583266659046
0.688168210976479,0.8853583266659046
0.688168210976479,0.8854726254429077
0.6885245901639344,0.8854726254429077
0.6885245901639344,0.8855869242199108
0.6886136849607983,0.8855869242199108
0.6886136849607983,0.8857012229969139
0.6887918745545261,0.8857012229969139
0.6887918745545261,0.8859298205509201
0.6890591589451176,0.8859298205509201
0.6890591589451176,0.8861584181049262
0.6891482537419815,0.8861584181049262
0.6891482537419815,0.8862727168819293
0.6894155381325731,0.8862727168819293
0.6894155381325731,0.8863870156589324
0.6896828225231646,0.8863870156589324
0.6896828225231646,0.8865013144359355
0.6897719173200285,0.8865013144359355
0.6897719173200285,0.8866156132129386
0.6899501069137562,0.8866156132129386
0.6899501069137562,0.8867299119899417
0.69003920171062,0.8867299119899417
0.69003920171062,0.8869585095439478
0.6902173913043478,0.8869585095439478
0.6902173913043478,0.8870728083209509
0.6903955808980755,0.8870728083209509
0.6903955808980755,0.887187107097954
0.6911083392729864,0.887187107097954
0.6911083392729864,0.8873014058749571
0.6915538132573058,0.8873014058749571
0.6915538132573058,0.8875300034289633
0.6918210976478973,0.8875300034289633
0.6918210976478973,0.8876443022059664
0.6921774768353528,0.8876443022059664
0.6921774768353528,0.8878728997599725
0.6924447612259444,0.8878728997599725
0.6924447612259444,0.8879871985369756
0.6928902352102637,0.8879871985369756
0.6928902352102637,0.8881014973139787
0.6936029935851746,0.8881014973139787
0.6936029935851746,0.8882157960909818
0.6937811831789024,0.8882157960909818
0.6937811831789024,0.8883300948679849
0.6940484675694939,0.8883300948679849
0.6940484675694939,0.888558692421991
0.6945830363506771,0.888558692421991
0.6945830363506771,0.8887872899759972
0.6949394155381325,0.8887872899759972
0.6949394155381325,0.8889015887530003
0.6950285103349965,0.8889015887530003
0.6950285103349965,0.8890158875300034
0.695295794725588,0.8890158875300034
0.695295794725588,0.8894730826380157
0.6955630791161797,0.8894730826380157
0.6955630791161797,0.8895873814150188
0.6959194583036351,0.8895873814150188
0.6959194583036351,0.889815978969025
0.6960085531004989,0.889815978969025
0.6960085531004989,0.8899302777460281
0.6965431218816821,0.8899302777460281
0.6965431218816821,0.8900445765230312
0.6974340698503207,0.8900445765230312
0.6974340698503207,0.8901588753000342
0.6980577334283677,0.8901588753000342
0.6980577334283677,0.8902731740770373
0.6981468282252317,0.8902731740770373
0.6981468282252317,0.8903874728540404
0.6983250178189594,0.8903874728540404
0.6983250178189594,0.8905017716310435
0.6985032074126871,0.8905017716310435
0.6985032074126871,0.8908446679620529
0.699215965787598,0.8908446679620529
0.699215965787598,0.890958966739056
0.699839629365645,0.890958966739056
0.699839629365645,0.891073265516059
0.7000178189593728,0.891073265516059
0.7000178189593728,0.8917590581780775
0.7001069137562367,0.8917590581780775
0.7001069137562367,0.8919876557320837
0.7004632929436921,0.8919876557320837
0.7004632929436921,0.8921019545090868
0.7007305773342837,0.8921019545090868
0.7007305773342837,0.892330552063093
0.7009978617248752,0.892330552063093
0.7009978617248752,0.8924448508400961
0.7012651461154669,0.8924448508400961
0.7012651461154669,0.8925591496170991
0.7014433357091946,0.8925591496170991
0.7014433357091946,0.8926734483941022
0.7016215253029223,0.8926734483941022
0.7016215253029223,0.8927877471711053
0.7019779044903778,0.8927877471711053
0.7019779044903778,0.8929020459481084
0.7020669992872416,0.8929020459481084
0.7020669992872416,0.8931306435021146
0.7022451888809693,0.8931306435021146
0.7022451888809693,0.8932449422791177
0.7026906628652887,0.8932449422791177
0.7026906628652887,0.8933592410561207
0.7032252316464719,0.8933592410561207
0.7032252316464719,0.8934735398331238
0.7038488952245189,0.8934735398331238
0.7038488952245189,0.8935878386101269
0.7042943692088383,0.8935878386101269
0.7042943692088383,0.89370213738713
0.7045616535994298,0.89370213738713
0.7045616535994298,0.8939307349411362
0.7047398431931575,0.8939307349411362
0.7047398431931575,0.8941593324951423
0.7048289379900213,0.8941593324951423
0.7048289379900213,0.8943879300491485
0.7049180327868853,0.8943879300491485
0.7049180327868853,0.8945022288261516
0.7055416963649322,0.8945022288261516
0.7055416963649322,0.8946165276031547
0.70571988595866,0.8946165276031547
0.70571988595866,0.8947308263801578
0.7058089807555239,0.8947308263801578
0.7058089807555239,0.894959423934164
0.7061653599429794,0.894959423934164
0.7061653599429794,0.8953023202651732
0.7064326443335709,0.8953023202651732
0.7064326443335709,0.8955309178191794
0.7069672131147541,0.8955309178191794
0.7069672131147541,0.8957595153731855
0.7073235923022095,0.8957595153731855
0.7073235923022095,0.8961024117041948
0.7074126870990735,0.8961024117041948
0.7074126870990735,0.8962167104811979
0.7075017818959373,0.8962167104811979
0.7075017818959373,0.896331009258201
0.7080363506771205,0.896331009258201
0.7080363506771205,0.8964453080352041
0.7083927298645759,0.8964453080352041
0.7083927298645759,0.8965596068122071
0.7084818246614397,0.8965596068122071
0.7084818246614397,0.8966739055892102
0.7085709194583036,0.8966739055892102
0.7085709194583036,0.8971311006972226
0.7089272986457591,0.8971311006972226
0.7089272986457591,0.8974739970282318
0.7092836778332146,0.8974739970282318
0.7092836778332146,0.8975882958052349
0.7097291518175338,0.8975882958052349
0.7097291518175338,0.897702594582238
0.7098182466143977,0.897702594582238
0.7098182466143977,0.8979311921362442
0.710263720598717,0.8979311921362442
0.710263720598717,0.8980454909132473
0.7106200997861725,0.8980454909132473
0.7106200997861725,0.8981597896902503
0.7107091945830364,0.8981597896902503
0.7107091945830364,0.8982740884672534
0.7111546685673557,0.8982740884672534
0.7111546685673557,0.8983883872442565
0.7112437633642196,0.8983883872442565
0.7112437633642196,0.8985026860212596
0.7116892373485388,0.8985026860212596
0.7116892373485388,0.8986169847982627
0.7118674269422666,0.8986169847982627
0.7118674269422666,0.8987312835752658
0.7120456165359943,0.8987312835752658
0.7120456165359943,0.8988455823522689
0.712847469707769,0.8988455823522689
0.712847469707769,0.899074179906275
0.7130256593014968,0.899074179906275
0.7130256593014968,0.8991884786832781
0.7131147540983607,0.8991884786832781
0.7131147540983607,0.8993027774602812
0.7136493228795439,0.8993027774602812
0.7136493228795439,0.8994170762372843
0.7138275124732716,0.8994170762372843
0.7138275124732716,0.8995313750142874
0.7140947968638631,0.8995313750142874
0.7140947968638631,0.8996456737912905
0.714896650035638,0.8996456737912905
0.714896650035638,0.8997599725682935
0.7149857448325018,0.8997599725682935
0.7149857448325018,0.8998742713452966
0.7153421240199572,0.8998742713452966
0.7153421240199572,0.9002171676763059
0.7156094084105489,0.9002171676763059
0.7156094084105489,0.900331466453309
0.7158766928011404,0.900331466453309
0.7158766928011404,0.9004457652303121
0.7165894511760513,0.9004457652303121
0.7167676407697791,0.9004457652303121
0.7169458303635068,0.9004457652303121
0.7169458303635068,0.9005600640073151
0.71748039914469,0.9005600640073151
0.71748039914469,0.9006743627843182
0.7177476835352815,0.9006743627843182
0.7177476835352815,0.9007886615613213
0.7181931575196009,0.9007886615613213
0.7181931575196009,0.9012458566693337
0.7182822523164647,0.9012458566693337
0.7182822523164647,0.9014744542233398
0.7186386315039202,0.9014744542233398
0.7186386315039202,0.9015887530003429
0.7190841054882395,0.9015887530003429
0.7190841054882395,0.9018173505543491
0.7195295794725588,0.9018173505543491
0.7195295794725588,0.9019316493313522
0.7197077690662865,0.9019316493313522
0.7197077690662865,0.9020459481083553
0.7201532430506058,0.9020459481083553
0.7201532430506058,0.9023888444393645
0.7202423378474697,0.9023888444393645
0.7202423378474697,0.9025031432163676
0.7209550962223806,0.9025031432163676
0.7209550962223806,0.9026174419933707
0.7212223806129722,0.9026174419933707
0.7212223806129722,0.9027317407703738
0.7214896650035638,0.9027317407703738
0.7214896650035638,0.9028460395473769
0.7219351389878831,0.9028460395473769
0.7219351389878831,0.9029603383243799
0.7221133285816108,0.9029603383243799
0.7221133285816108,0.9031889358783861
0.7224697077690663,0.9031889358783861
0.7224697077690663,0.9033032346553892
0.7227369921596579,0.9033032346553892
0.7227369921596579,0.9036461309863985
0.7231824661439772,0.9036461309863985
0.7231824661439772,0.9037604297634015
0.7234497505345688,0.9037604297634015
0.7234497505345688,0.9038747285404046
0.7239843193157519,0.9038747285404046
0.7239843193157519,0.9039890273174077
0.7240734141126158,0.9039890273174077
0.7240734141126158,0.9041033260944108
0.7243406985032074,0.9041033260944108
0.7243406985032074,0.9042176248714139
0.7246970776906628,0.9042176248714139
0.7246970776906628,0.904331923648417
0.7247861724875267,0.904331923648417
0.7247861724875267,0.90444622242542
0.7254098360655737,0.90444622242542
0.7254098360655737,0.9046748199794262
0.7255880256593015,0.9046748199794262
0.7255880256593015,0.9047891187564293
0.7256771204561654,0.9047891187564293
0.7256771204561654,0.9049034175334324
0.7257662152530292,0.9049034175334324
0.7257662152530292,0.9052463138644417
0.7262116892373486,0.9052463138644417
0.7262116892373486,0.9054749114184478
0.7266571632216678,0.9054749114184478
0.7266571632216678,0.9055892101954509
0.7268353528153956,0.9055892101954509
0.7268353528153956,0.905703508972454
0.727191732002851,0.905703508972454
0.727191732002851,0.9059321065264602
0.7273699215965788,0.9059321065264602
0.7273699215965788,0.9061607040804663
0.7280826799714897,0.9061607040804663
0.7280826799714897,0.9062750028574694
0.7284390591589451,0.9062750028574694
0.7284390591589451,0.9065036004114756
0.7293300071275838,0.9065036004114756
0.7293300071275838,0.9066178991884787
0.7294191019244476,0.9066178991884787
0.7294191019244476,0.9067321979654818
0.7296863863150392,0.9067321979654818
0.7296863863150392,0.9068464967424849
0.729775481111903,0.9068464967424849
0.729775481111903,0.9069607955194879
0.7299536707056308,0.9069607955194879
0.7299536707056308,0.9074179906275003
0.7302209550962224,0.9074179906275003
0.7302209550962224,0.9076465881815065
0.7303991446899502,0.9076465881815065
0.7303991446899502,0.9077608869585095
0.730488239486814,0.9077608869585095
0.730488239486814,0.9078751857355126
0.7307555238774056,0.9078751857355126
0.7307555238774056,0.9079894845125157
0.7308446186742694,0.9079894845125157
0.7308446186742694,0.9082180820665219
0.731111903064861,0.9082180820665219
0.7312900926585887,0.9082180820665219
0.7314682822523164,0.9082180820665219
0.7314682822523164,0.908332380843525
0.7322701354240913,0.908332380843525
0.7322701354240913,0.908446679620528
0.7338738417676408,0.908446679620528
0.7338738417676408,0.9086752771745342
0.7341411261582323,0.9086752771745342
0.7341411261582323,0.9087895759515373
0.735655737704918,0.9087895759515373
0.735655737704918,0.9089038747285404
0.7359230220955096,0.9089038747285404
0.7359230220955096,0.9090181735055435
0.7361903064861012,0.9090181735055435
0.7361903064861012,0.9091324722825466
0.7365466856735566,0.9091324722825466
0.7365466856735566,0.9092467710595497
0.7366357804704206,0.9092467710595497
0.7366357804704206,0.909703966167562
0.7368139700641483,0.909703966167562
0.7368139700641483,0.9098182649445651
0.736992159657876,0.9098182649445651
0.736992159657876,0.9099325637215682
0.7370812544547398,0.9099325637215682
0.7370812544547398,0.9100468624985713
0.7371703492516037,0.9100468624985713
0.7371703492516037,0.9101611612755743
0.7372594440484675,0.9101611612755743
0.7372594440484675,0.9102754600525774
0.7374376336421953,0.9102754600525774
0.7374376336421953,0.9103897588295805
0.7377049180327869,0.9103897588295805
0.7377049180327869,0.9108469539375929
0.7381503920171062,0.9108469539375929
0.7381503920171062,0.9109612527145959
0.7382394868139701,0.9109612527145959
0.7382394868139701,0.911075551491599
0.7383285816108339,0.911075551491599
0.7383285816108339,0.9111898502686021
0.7384176764076978,0.9111898502686021
0.7384176764076978,0.9116470453766145
0.7385958660014256,0.9116470453766145
0.7385958660014256,0.9118756429306206
0.7391304347826086,0.9118756429306206
0.7391304347826086,0.9119899417076237
0.7392195295794726,0.9119899417076237
0.7392195295794726,0.9121042404846268
0.7393086243763364,0.9121042404846268
0.7393086243763364,0.9129043319236484
0.7393977191732003,0.9129043319236484
0.7393977191732003,0.9130186307006515
0.7394868139700641,0.9130186307006515
0.7394868139700641,0.9131329294776546
0.7405559515324305,0.9131329294776546
0.7405559515324305,0.9133615270316607
0.7412687099073414,0.9133615270316607
0.7412687099073414,0.9134758258086638
0.7414468995010691,0.9134758258086638
0.7414468995010691,0.91370442336267
0.741535994297933,0.91370442336267
0.741535994297933,0.9138187221396731
0.742783321454027,0.9138187221396731
0.742783321454027,0.9139330209166762
0.7429615110477548,0.9139330209166762
0.7429615110477548,0.9141616184706823
0.7437633642195296,0.9141616184706823
0.7437633642195296,0.9142759172476854
0.7443870277975766,0.9142759172476854
0.7443870277975766,0.9145045148016916
0.744743406985032,0.9145045148016916
0.744743406985032,0.9146188135786947
0.744832501781896,0.9146188135786947
0.744832501781896,0.9149617099097039
0.7455452601568069,0.9149617099097039
0.7455452601568069,0.915076008686707
0.7461689237348539,0.915076008686707
0.7461689237348539,0.9153046062407132
0.7463471133285816,0.9153046062407132
0.7463471133285816,0.9154189050177163
0.7467925873129009,0.9154189050177163
0.7467925873129009,0.9155332037947194
0.7468816821097648,0.9155332037947194
0.7468816821097648,0.9156475025717224
0.7471489665003563,0.9156475025717224
0.7471489665003563,0.9157618013487255
0.7472380612972203,0.9157618013487255
0.7472380612972203,0.9158761001257286
0.7475053456878118,0.9158761001257286
0.7475053456878118,0.9159903989027317
0.7477726300784034,0.9159903989027317
0.7477726300784034,0.9161046976797348
0.7481290092658589,0.9161046976797348
0.7481290092658589,0.9162189964567379
0.7482181040627227,0.9162189964567379
0.7482181040627227,0.916333295233741
0.7483071988595866,0.916333295233741
0.7483071988595866,0.916447594010744
0.7487526728439059,0.916447594010744
0.7487526728439059,0.9165618927877471
0.7490199572344975,0.9165618927877471
0.7490199572344975,0.9166761915647502
0.7494654312188168,0.9166761915647502
0.7494654312188168,0.9167904903417533
0.7495545260156807,0.9167904903417533
0.7495545260156807,0.9169047891187564
0.7497327156094085,0.9169047891187564
0.7497327156094085,0.9170190878957595
0.75,0.9170190878957595
0.75,0.9171333866727626
0.7510691375623664,0.9171333866727626
0.7510691375623664,0.9172476854497656
0.7515146115466856,0.9172476854497656
0.7515146115466856,0.9173619842267687
0.7516928011404134,0.9173619842267687
0.7516928011404134,0.9174762830037718
0.7522273699215966,0.9174762830037718
0.7522273699215966,0.9175905817807749
0.7523164647184605,0.9175905817807749
0.7523164647184605,0.917704880557778
0.752583749109052,0.917704880557778
0.752583749109052,0.9178191793347811
0.7529401282965075,0.9178191793347811
0.7529401282965075,0.9179334781117842
0.7532965074839629,0.9179334781117842
0.7532965074839629,0.9180477768887872
0.7540092658588738,0.9180477768887872
0.7540092658588738,0.9181620756657903
0.7542765502494654,0.9181620756657903
0.7542765502494654,0.9182763744427934
0.7543656450463293,0.9182763744427934
0.7543656450463293,0.9183906732197965
0.7553456878118318,0.9183906732197965
0.7553456878118318,0.9185049719967996
0.7556129722024234,0.9185049719967996
0.7556129722024234,0.9187335695508058
0.7557020669992872,0.9187335695508058
0.7557020669992872,0.9188478683278088
0.7558802565930149,0.9188478683278088
0.7558802565930149,0.919076465881815
0.7560584461867427,0.919076465881815
0.7560584461867427,0.9193050634358212
0.7570384889522452,0.9193050634358212
0.7570384889522452,0.9194193622128243
0.7574839629365645,0.9194193622128243
0.7574839629365645,0.9196479597668304
0.75784034212402,0.9196479597668304
0.75784034212402,0.9197622585438335
0.7581076265146115,0.9197622585438335
0.7581076265146115,0.9198765573208366
0.7581967213114754,0.9198765573208366
0.7581967213114754,0.9201051548748428
0.7586421952957947,0.9201051548748428
0.7586421952957947,0.9202194536518459
0.7588203848895224,0.9202194536518459
0.7588203848895224,0.920333752428849
0.7589094796863863,0.920333752428849
0.7589094796863863,0.9205623499828551
0.7589985744832501,0.9205623499828551
0.7589985744832501,0.9207909475368613
0.7592658588738418,0.9207909475368613
0.7592658588738418,0.9209052463138644
0.7594440484675695,0.9209052463138644
0.7594440484675695,0.9211338438678706
0.7597113328581611,0.9211338438678706
0.7597113328581611,0.9212481426448736
0.7600677120456165,0.9212481426448736
0.7600677120456165,0.9213624414218767
0.7606913756236636,0.9213624414218767
0.7606913756236636,0.9214767401988798
0.7611368496079829,0.9214767401988798
0.7611368496079829,0.9215910389758829
0.7612259444048468,0.9215910389758829
0.7612259444048468,0.921705337752886
0.7614041339985744,0.921705337752886
0.7614041339985744,0.9218196365298891
0.7622059871703493,0.9218196365298891
0.7622059871703493,0.9219339353068923
0.7627405559515325,0.9219339353068923
0.7627405559515325,0.9220482340838954
0.7632751247327156,0.9220482340838954
0.7632751247327156,0.9222768316379015
0.7638096935138988,0.9222768316379015
0.7638096935138988,0.9223911304149046
0.7638987883107626,0.9223911304149046
0.7638987883107626,0.9226197279689108
0.7646115466856735,0.9226197279689108
0.7646115466856735,0.9227340267459139
0.7647006414825375,0.9227340267459139
0.7647006414825375,0.922848325522917
0.7648788310762652,0.922848325522917
0.7648788310762652,0.9230769230769231
0.764967925873129,0.9230769230769231
0.764967925873129,0.9233055206309293
0.7650570206699929,0.9233055206309293
0.7650570206699929,0.9234198194079324
0.7654133998574483,0.9234198194079324
0.7654133998574483,0.9235341181849355
0.7655024946543122,0.9235341181849355
0.7655024946543122,0.9236484169619386
0.7656806842480399,0.9236484169619386
0.7656806842480399,0.9237627157389416
0.7657697790449037,0.9237627157389416
0.7657697790449037,0.9238770145159447
0.7662152530292231,0.9238770145159447
0.7662152530292231,0.924219910846954
0.7663934426229508,0.924219910846954
0.7663934426229508,0.9243342096239571
0.7666607270135424,0.9243342096239571
0.7666607270135424,0.9244485084009602
0.7667498218104063,0.9244485084009602
0.7667498218104063,0.9245628071779632
0.7671952957947256,0.9245628071779632
0.7671952957947256,0.9246771059549663
0.767551674982181,0.9246771059549663
0.767551674982181,0.9250200022859756
0.7679080541696365,0.9250200022859756
0.7679080541696365,0.9252485998399818
0.7679971489665004,0.9252485998399818
0.7679971489665004,0.9254771973939879
0.7684426229508197,0.9254771973939879
0.7684426229508197,0.925591496170991
0.7687099073414113,0.925591496170991
0.7687099073414113,0.9257057949479941
0.768888096935139,0.9257057949479941
0.768888096935139,0.9258200937249972
0.7690662865288667,0.9258200937249972
0.7690662865288667,0.9259343925020003
0.7693335709194583,0.9259343925020003
0.7693335709194583,0.9260486912790034
0.7696899501069138,0.9260486912790034
0.7696899501069138,0.9262772888330095
0.7699572344975053,0.9262772888330095
0.7699572344975053,0.9263915876100126
0.7704027084818247,0.9263915876100126
0.7704027084818247,0.9266201851640188
0.7707590876692801,0.9266201851640188
0.7707590876692801,0.9267344839410219
0.7712045616535994,0.9267344839410219
0.7712045616535994,0.9270773802720311
0.7715609408410549,0.9270773802720311
0.7715609408410549,0.9271916790490342
0.7717391304347826,0.9271916790490342
0.7717391304347826,0.9274202766030404
0.7718282252316465,0.9274202766030404
0.7718282252316465,0.9275345753800435
0.772184604419102,0.9275345753800435
0.772184604419102,0.9278774717110527
0.7726300784034212,0.9278774717110527
0.7726300784034212,0.9281060692650589
0.7727191732002852,0.9281060692650589
0.7727191732002852,0.928220368042062
0.7736101211689237,0.928220368042062
0.7736101211689237,0.9284489655960682
0.7737883107626514,0.9284489655960682
0.7737883107626514,0.9285632643730712
0.7739665003563792,0.9285632643730712
0.7739665003563792,0.9286775631500743
0.7744119743406985,0.9286775631500743
0.7744119743406985,0.9287918619270774
0.7745901639344263,0.9287918619270774
0.7745901639344263,0.9289061607040805
0.7746792587312901,0.9289061607040805
0.7746792587312901,0.9290204594810836
0.7748574483250178,0.9290204594810836
0.7748574483250178,0.9291347582580867
0.7755702066999287,0.9291347582580867
0.7755702066999287,0.9292490570350898
0.7757483962936564,0.9292490570350898
0.7757483962936564,0.9293633558120928
0.7759265858873842,0.9293633558120928
0.7759265858873842,0.9294776545890959
0.7761938702779758,0.9294776545890959
0.7761938702779758,0.9297062521431021
0.7764611546685674,0.9297062521431021
0.7764611546685674,0.9298205509201052
0.7766393442622951,0.9298205509201052
0.7766393442622951,0.9299348496971083
0.7769957234497505,0.9299348496971083
0.7769957234497505,0.9300491484741114
0.7772630078403421,0.9300491484741114
0.7772630078403421,0.9301634472511144
0.7782430506058446,0.9301634472511144
0.7782430506058446,0.9302777460281175
0.7785994297933001,0.9302777460281175
0.7785994297933001,0.9303920448051206
0.7787776193870278,0.9303920448051206
0.7787776193870278,0.9305063435821237
0.7791339985744833,0.9305063435821237
0.7791339985744833,0.930849239913133
0.779312188168211,0.930849239913133
0.779312188168211,0.930963538690136
0.7795794725588026,0.930963538690136
0.7795794725588026,0.9310778374671391
0.7800249465431219,0.9310778374671391
0.7800249465431219,0.9311921362441422
0.7801140413399857,0.9311921362441422
0.7801140413399857,0.9313064350211453
0.7804704205274412,0.9313064350211453
0.7804704205274412,0.9314207337981484
0.7806486101211689,0.9314207337981484
0.7806486101211689,0.9317636301291576
0.7807377049180327,0.9317636301291576
0.7807377049180327,0.9318779289061607
0.7808267997148967,0.9318779289061607
0.7808267997148967,0.9319922276831638
0.7809158945117605,0.9319922276831638
0.7809158945117605,0.9321065264601669
0.7816286528866714,0.9321065264601669
0.7816286528866714,0.93222082523717
0.7819850320741268,0.93222082523717
0.7819850320741268,0.9323351240141731
0.7821632216678546,0.9323351240141731
0.7821632216678546,0.9324494227911762
0.78251960085531,0.9324494227911762
0.78251960085531,0.9325637215681792
0.7827868852459017,0.9325637215681792
0.7827868852459017,0.9326780203451823
0.7830541696364932,0.9326780203451823
0.7830541696364932,0.9329066178991885
0.7836778332145403,0.9329066178991885
0.7836778332145403,0.9330209166761916
0.783856022808268,0.9330209166761916
0.783856022808268,0.9331352154531947
0.7839451176051319,0.9331352154531947
0.7839451176051319,0.9333638130072008
0.7842124019957234,0.9333638130072008
0.7842124019957234,0.933592410561207
0.7847469707769066,0.933592410561207
0.7847469707769066,0.9338210081152132
0.7849251603706343,0.9338210081152132
0.7849251603706343,0.9339353068922163
0.7850142551674982,0.9339353068922163
0.7850142551674982,0.9340496056692194
0.7854597291518175,0.9340496056692194
0.7854597291518175,0.9341639044462224
0.7860833927298646,0.9341639044462224
0.7860833927298646,0.9342782032232255
0.7869743406985032,0.9342782032232255
0.7869743406985032,0.9343925020002286
0.787152530292231,0.9343925020002286
0.787152530292231,0.9345068007772317
0.7878652886671419,0.9345068007772317
0.7878652886671419,0.9346210995542348
0.7882216678545972,0.9346210995542348
0.7882216678545972,0.9347353983312379
0.788399857448325,0.9347353983312379
0.788399857448325,0.934849697108241
0.7892908054169636,0.934849697108241
0.7892908054169636,0.934963995885244
0.7893799002138275,0.934963995885244
0.7893799002138275,0.9350782946622471
0.7895580898075553,0.9350782946622471
0.7895580898075553,0.9351925934392502
0.7900926585887385,0.9351925934392502
0.7900926585887385,0.9353068922162533
0.79035994297933,0.9353068922162533
0.79035994297933,0.9355354897702595
0.7906272273699216,0.9355354897702595
0.7906272273699216,0.9356497885472626
0.7916963649322879,0.9356497885472626
0.7916963649322879,0.9357640873242656
0.7918745545260156,0.9357640873242656
0.7918745545260156,0.936221282432278
0.7922309337134711,0.936221282432278
0.7922309337134711,0.9363355812092811
0.7924091233071988,0.9363355812092811
0.7924091233071988,0.9364498799862842
0.7925873129009265,0.9364498799862842
0.7925873129009265,0.9365641787632872
0.7927655024946543,0.9365641787632872
0.7927655024946543,0.9366784775402903
0.792943692088382,0.9366784775402903
0.792943692088382,0.9367927763172934
0.7930327868852459,0.9367927763172934
0.7930327868852459,0.9369070750942965
0.7931218816821097,0.9369070750942965
0.7931218816821097,0.9370213738712996
0.7932109764789737,0.9370213738712996
0.7932109764789737,0.9371356726483027
0.7933891660727014,0.9371356726483027
0.7933891660727014,0.9373642702023088
0.7935673556664291,0.9373642702023088
0.7935673556664291,0.937592867756315
0.7937455452601568,0.937592867756315
0.7937455452601568,0.9377071665333181
0.7941019244476123,0.9377071665333181
0.7941019244476123,0.9379357640873243
0.7943692088382038,0.9379357640873243
0.7943692088382038,0.9380500628643273
0.7945473984319316,0.9380500628643273
0.7945473984319316,0.9381643616413304
0.7950819672131147,0.9381643616413304
0.7950819672131147,0.9382786604183335
0.7954383464005702,0.9382786604183335
0.7954383464005702,0.9383929591953366
0.7958838203848895,0.9383929591953366
0.7958838203848895,0.9385072579723397
0.7965074839629366,0.9385072579723397
0.7965074839629366,0.9386215567493428
0.7966856735566643,0.9386215567493428
0.7966856735566643,0.9387358555263459
0.7971311475409836,0.9387358555263459
0.7971311475409836,0.938850154303349
0.7972202423378475,0.938850154303349
0.7972202423378475,0.9393073494113613
0.7973984319315752,0.9393073494113613
0.7973984319315752,0.9394216481883644
0.7979330007127584,0.9394216481883644
0.7979330007127584,0.9395359469653675
0.7981111903064861,0.9395359469653675
0.7981111903064861,0.9396502457423705
0.7986457590876693,0.9396502457423705
0.7986457590876693,0.9397645445193736
0.7992694226657163,0.9397645445193736
0.7992694226657163,0.9398788432963767
0.7993585174625801,0.9398788432963767
0.7993585174625801,0.9399931420733798
0.7996258018531718,0.9399931420733798
0.7996258018531718,0.9403360384043891
0.7998039914468995,0.9403360384043891
0.7998039914468995,0.9404503371813921
0.8005167498218104,0.9404503371813921
0.8005167498218104,0.9405646359583952
0.8009622238061297,0.9405646359583952
0.8009622238061297,0.9407932335124014
0.8011404133998574,0.9407932335124014
0.8011404133998574,0.9412504286204137
0.8013186029935851,0.9412504286204137
0.8013186029935851,0.9413647273974168
0.8014076977904491,0.9413647273974168
0.8014076977904491,0.9414790261744199
0.8014967925873129,0.9414790261744199
0.8014967925873129,0.941593324951423
0.8019422665716323,0.941593324951423
0.8019422665716323,0.9418219225054292
0.8024768353528154,0.9418219225054292
0.8024768353528154,0.9420505200594353
0.8025659301496793,0.9420505200594353
0.8025659301496793,0.9421648188364384
0.8032786885245902,0.9421648188364384
0.8032786885245902,0.9422791176134415
0.8039023521026372,0.9422791176134415
0.8039023521026372,0.9425077151674477
0.8040805416963649,0.9425077151674477
0.8040805416963649,0.9426220139444508
0.8046151104775481,0.9426220139444508
0.8046151104775481,0.9427363127214539
0.8047933000712758,0.9427363127214539
0.8047933000712758,0.942850611498457
0.805327868852459,0.942850611498457
0.805327868852459,0.94296491027546
0.8054169636493229,0.94296491027546
0.8054169636493229,0.9430792090524631
0.8057733428367784,0.9430792090524631
0.8057733428367784,0.9434221053834724
0.8058624376336422,0.9434221053834724
0.8058624376336422,0.9435364041604755
0.8062188168210976,0.9435364041604755
0.8062188168210976,0.9436507029374785
0.8063970064148254,0.9436507029374785
0.8063970064148254,0.9437650017144816
0.8073770491803278,0.9437650017144816
0.8073770491803278,0.9438793004914847
0.8074661439771917,0.9438793004914847
0.8074661439771917,0.9439935992684878
0.8080007127583749,0.9439935992684878
0.8080007127583749,0.9441078980454909
0.8082679971489665,0.9441078980454909
0.8082679971489665,0.9443364955994971
0.8085352815395581,0.9443364955994971
0.8085352815395581,0.9444507943765001
0.8086243763364219,0.9444507943765001
0.8086243763364219,0.9445650931535032
0.8090698503207413,0.9445650931535032
0.8090698503207413,0.9447936907075094
0.8093371347113328,0.9447936907075094
0.8093371347113328,0.9454794833695279
0.8094262295081968,0.9454794833695279
0.8094262295081968,0.945593782146531
0.80996079828938,0.945593782146531
0.80996079828938,0.9457080809235341
0.8100498930862438,0.9457080809235341
0.8100498930862438,0.9458223797005372
0.8103171774768354,0.9458223797005372
0.8103171774768354,0.9459366784775403
0.8105844618674269,0.9459366784775403
0.8105844618674269,0.9460509772545433
0.8109408410548824,0.9460509772545433
0.8109408410548824,0.9461652760315464
0.8111190306486101,0.9461652760315464
0.8111190306486101,0.9462795748085495
0.8114754098360656,0.9462795748085495
0.8114754098360656,0.9466224711395588
0.8116535994297933,0.9466224711395588
0.8116535994297933,0.9467367699165619
0.8126336421952958,0.9467367699165619
0.8126336421952958,0.9470796662475711
0.8130791161796151,0.9470796662475711
0.8130791161796151,0.9471939650245742
0.8134354953670706,0.9471939650245742
0.8134354953670706,0.9473082638015773
0.8146828225231646,0.9473082638015773
0.8146828225231646,0.9475368613555835
0.81503920171062,0.9475368613555835
0.81503920171062,0.9476511601325865
0.815128296507484,0.9476511601325865
0.815128296507484,0.9477654589095896
0.8152173913043478,0.9477654589095896
0.8152173913043478,0.9478797576865927
0.8153064861012117,0.9478797576865927
0.8153064861012117,0.9481083552405989
0.8154846756949394,0.9481083552405989
0.8154846756949394,0.948222654017602
0.8155737704918032,0.948222654017602
0.8155737704918032,0.9483369527946051
0.8159301496792587,0.9483369527946051
0.8159301496792587,0.9484512515716081
0.8161974340698503,0.9484512515716081
0.8161974340698503,0.9485655503486112
0.8164647184604419,0.9485655503486112
0.8164647184604419,0.9486798491256143
0.8168210976478973,0.9486798491256143
0.8168210976478973,0.9489084466796205
0.8169992872416251,0.9489084466796205
0.8169992872416251,0.9491370442336267
0.8175338560228083,0.9491370442336267
0.8175338560228083,0.9492513430106297
0.818335709194583,0.9492513430106297
0.818335709194583,0.9493656417876328
0.8186029935851746,0.9493656417876328
0.8186029935851746,0.9494799405646359
0.8192266571632216,0.9494799405646359
0.8192266571632216,0.949594239341639
0.8193157519600855,0.949594239341639
0.8193157519600855,0.9497085381186421
0.8195830363506771,0.9497085381186421
0.8195830363506771,0.9498228368956452
0.819672131147541,0.9498228368956452
0.819672131147541,0.9499371356726483
0.8201176051318603,0.9499371356726483
0.8201176051318603,0.9500514344496513
0.8202066999287242,0.9500514344496513
0.8202066999287242,0.9503943307806606
0.820295794725588,0.9503943307806606
0.820295794725588,0.9506229283346668
0.8205630791161797,0.9506229283346668
0.8205630791161797,0.9507372271116699
0.8210976478973628,0.9507372271116699
0.8210976478973628,0.9508515258886729
0.8218995010691376,0.9508515258886729
0.8218995010691376,0.950965824665676
0.8219885958660014,0.950965824665676
0.8219885958660014,0.9511944222196822
0.8221667854597291,0.9511944222196822
0.8221667854597291,0.9513087209966853
0.8225231646471846,0.9513087209966853
0.8225231646471846,0.9515373185506915
0.8227013542409123,0.9515373185506915
0.8227013542409123,0.9516516173276945
0.8229686386315039,0.9516516173276945
0.8229686386315039,0.9517659161046976
0.8235032074126871,0.9517659161046976
0.8235032074126871,0.9518802148817007
0.8243050605844618,0.9518802148817007
0.8243050605844618,0.9519945136587038
0.8243941553813258,0.9519945136587038
0.8243941553813258,0.9521088124357069
0.8244832501781896,0.9521088124357069
0.8244832501781896,0.95222311121271
0.8245723449750535,0.95222311121271
0.8245723449750535,0.9523374099897131
0.824839629365645,0.9523374099897131
0.824839629365645,0.9524517087667161
0.825552387740556,0.9524517087667161
0.825552387740556,0.9525660075437192
0.8258196721311475,0.9525660075437192
0.8258196721311475,0.9527946050977254
0.8259087669280114,0.9527946050977254
0.8259087669280114,0.9529089038747285
0.8264433357091946,0.9529089038747285
0.8264433357091946,0.9530232026517316
0.8265324305060584,0.9530232026517316
0.8265324305060584,0.9531375014287348
0.8270669992872416,0.9531375014287348
0.8270669992872416,0.9533660989827409
0.827512473271561,0.9533660989827409
0.827512473271561,0.953480397759744
0.8276906628652887,0.953480397759744
0.8276906628652887,0.9535946965367471
0.8289379900213828,0.9535946965367471
0.8289379900213828,0.9537089953137502
0.8292943692088383,0.9537089953137502
0.8292943692088383,0.9538232940907533
0.829472558802566,0.9538232940907533
0.829472558802566,0.9539375928677564
0.8295616535994298,0.9539375928677564
0.8295616535994298,0.9540518916447595
0.83071988595866,0.9540518916447595
0.83071988595866,0.9542804891987656
0.8308980755523877,0.9542804891987656
0.8308980755523877,0.9543947879757687
0.8313435495367071,0.9543947879757687
0.8313435495367071,0.9545090867527718
0.8316999287241625,0.9545090867527718
0.8316999287241625,0.9546233855297749
0.8322344975053457,0.9546233855297749
0.8322344975053457,0.954737684306778
0.8323235923022095,0.954737684306778
0.8323235923022095,0.954851983083781
0.8329472558802566,0.954851983083781
0.8329472558802566,0.9549662818607841
0.8331254454739844,0.9549662818607841
0.8331254454739844,0.9555377757457996
0.8341945830363506,0.9555377757457996
0.8341945830363506,0.9556520745228027
0.8345509622238061,0.9556520745228027
0.8345509622238061,0.9557663732998057
0.8349073414112615,0.9557663732998057
0.8349073414112615,0.9559949708538119
0.8354419101924447,0.9559949708538119
0.8354419101924447,0.956109269630815
0.8358873841767641,0.956109269630815
0.8358873841767641,0.9562235684078181
0.8361546685673557,0.9562235684078181
0.8361546685673557,0.9563378671848212
0.8364219529579473,0.9563378671848212
0.8364219529579473,0.9564521659618243
0.8366892373485388,0.9564521659618243
0.8366892373485388,0.9565664647388273
0.8369565217391305,0.9565664647388273
0.8369565217391305,0.9566807635158304
0.8371347113328581,0.9566807635158304
0.8371347113328581,0.9567950622928335
0.8374019957234498,0.9567950622928335
0.8374019957234498,0.9569093610698366
0.8381147540983607,0.9569093610698366
0.8381147540983607,0.9570236598468397
0.8384711332858161,0.9570236598468397
0.8384711332858161,0.9572522574008459
0.8390947968638631,0.9572522574008459
0.8390947968638631,0.9573665561778489
0.839183891660727,0.9573665561778489
0.839183891660727,0.957480854954852
0.8397184604419102,0.957480854954852
0.8397184604419102,0.9577094525088582
0.8399857448325018,0.9577094525088582
0.8399857448325018,0.9578237512858613
0.8400748396293657,0.9578237512858613
0.8400748396293657,0.9579380500628644
0.8401639344262295,0.9579380500628644
0.8401639344262295,0.9580523488398675
0.8404312188168211,0.9580523488398675
0.8404312188168211,0.9581666476168705
0.8406985032074127,0.9581666476168705
0.8406985032074127,0.9582809463938736
0.8420349251603706,0.9582809463938736
0.8420349251603706,0.9583952451708767
0.8421240199572345,0.9583952451708767
0.8421240199572345,0.9585095439478798
0.8422131147540983,0.9585095439478798
0.8422131147540983,0.9586238427248829
0.8428367783321454,0.9586238427248829
0.8428367783321454,0.958738141501886
0.8434604419101924,0.958738141501886
0.8434604419101924,0.958852440278889
0.8438168210976479,0.958852440278889
0.8438168210976479,0.9590810378328952
0.8439950106913756,0.9590810378328952
0.8439950106913756,0.9591953366098983
0.8447968638631503,0.9591953366098983
0.8447968638631503,0.9593096353869014
0.8453314326443335,0.9593096353869014
0.8453314326443335,0.9594239341639045
0.8454205274411974,0.9594239341639045
0.8454205274411974,0.9596525317179107
0.8465787598004276,0.9596525317179107
0.8465787598004276,0.9597668304949137
0.8466678545972915,0.9597668304949137
0.8466678545972915,0.9598811292719168
0.8469351389878831,0.9598811292719168
0.8469351389878831,0.9599954280489199
0.8472024233784747,0.9599954280489199
0.8472024233784747,0.960109726825923
0.8472915181753385,0.960109726825923
0.8472915181753385,0.9602240256029261
0.8473806129722025,0.9602240256029261
0.8473806129722025,0.9603383243799292
0.8474697077690663,0.9603383243799292
0.8474697077690663,0.9604526231569323
0.8475588025659302,0.9604526231569323
0.8475588025659302,0.9605669219339353
0.8477369921596579,0.9605669219339353
0.8477369921596579,0.9606812207109384
0.8480042765502495,0.9606812207109384
0.8480042765502495,0.9607955194879415
0.8484497505345688,0.9607955194879415
0.8484497505345688,0.9609098182649446
0.8493406985032074,0.9609098182649446
0.8493406985032074,0.9611384158189508
0.8494297933000713,0.9611384158189508
0.8494297933000713,0.9612527145959538
0.8495188880969351,0.9612527145959538
0.8495188880969351,0.9613670133729569
0.8496970776906628,0.9613670133729569
0.8496970776906628,0.96148131214996
0.8497861724875267,0.96148131214996
0.8497861724875267,0.9615956109269631
0.8503207412687099,0.9615956109269631
0.8503207412687099,0.9618242084809693
0.8506771204561654,0.9618242084809693
0.8506771204561654,0.9619385072579724
0.8507662152530292,0.9619385072579724
0.8507662152530292,0.9620528060349754
0.8512116892373486,0.9620528060349754
0.8512116892373486,0.9621671048119785
0.8513007840342124,0.9621671048119785
0.8513007840342124,0.9622814035889816
0.8513898788310763,0.9622814035889816
0.8513898788310763,0.9623957023659847
0.8523699215965788,0.9623957023659847
0.8523699215965788,0.9626242999199909
0.8526372059871703,0.9626242999199909
0.8526372059871703,0.962738598696994
0.8527263007840342,0.962738598696994
0.8527263007840342,0.962852897473997
0.8530826799714897,0.962852897473997
0.8530826799714897,0.9629671962510001
0.8532608695652174,0.9629671962510001
0.8532608695652174,0.9631957938050063
0.8552209550962224,0.9631957938050063
0.8552209550962224,0.9633100925820094
0.8559337134711333,0.9633100925820094
0.8559337134711333,0.9634243913590125
0.8562900926585887,0.9634243913590125
0.8562900926585887,0.9635386901360156
0.8564682822523164,0.9635386901360156
0.8564682822523164,0.9636529889130186
0.8567355666429081,0.9636529889130186
0.8567355666429081,0.9637672876900217
0.8572701354240913,0.9637672876900217
0.8572701354240913,0.9639958852440279
0.8578937990021382,0.9639958852440279
0.8578937990021382,0.964110184021031
0.8579828937990022,0.964110184021031
0.8579828937990022,0.9643387815750372
0.8586065573770492,0.9643387815750372
0.8586065573770492,0.9644530803520402
0.8588738417676408,0.9644530803520402
0.8588738417676408,0.9645673791290433
0.8589629365645046,0.9645673791290433
0.8589629365645046,0.9646816779060464
0.8590520313613685,0.9646816779060464
0.8590520313613685,0.9647959766830495
0.8592302209550963,0.9647959766830495
0.8592302209550963,0.9649102754600526
0.8610121168923734,0.9649102754600526
0.8610121168923734,0.9650245742370557
0.8611012116892374,0.9650245742370557
0.8611012116892374,0.9651388730140588
0.8617248752672844,0.9651388730140588
0.8617248752672844,0.9652531717910618
0.8628831076265147,0.9652531717910618
0.8628831076265147,0.9653674705680649
0.8629722024233785,0.9653674705680649
0.8629722024233785,0.965481769345068
0.8639522451888809,0.965481769345068
0.8639522451888809,0.9655960681220711
0.8640413399857448,0.9655960681220711
0.8640413399857448,0.9657103668990742
0.8654668567355667,0.9657103668990742
0.8654668567355667,0.9658246656760773
0.8655559515324305,0.9658246656760773
0.8655559515324305,0.9659389644530804
0.8656450463292944,0.9659389644530804
0.8656450463292944,0.9660532632300834
0.8657341411261582,0.9660532632300834
0.8657341411261582,0.9662818607840896
0.8667141838916608,0.9662818607840896
0.8667141838916608,0.9663961595610927
0.8673378474697078,0.9663961595610927
0.8673378474697078,0.9666247571150989
0.8679615110477548,0.9666247571150989
0.8679615110477548,0.966739055892102
0.8682287954383464,0.966739055892102
0.8682287954383464,0.9669676534461081
0.8684069850320741,0.9669676534461081
0.8684069850320741,0.9670819522231112
0.8685851746258019,0.9670819522231112
0.8685851746258019,0.9671962510001143
0.8703670705630792,0.9671962510001143
0.8703670705630792,0.9673105497771174
0.870456165359943,0.9673105497771174
0.870456165359943,0.9675391473311236
0.8707234497505346,0.9675391473311236
0.8707234497505346,0.9676534461081266
0.8710798289379901,0.9676534461081266
0.8710798289379901,0.9677677448851297
0.8717925873129009,0.9677677448851297
0.8717925873129009,0.9678820436621328
0.8722380612972203,0.9678820436621328
0.8722380612972203,0.9679963424391359
0.8723271560940841,0.9679963424391359
0.8723271560940841,0.968110641216139
0.872416250890948,0.968110641216139
0.872416250890948,0.9682249399931421
0.8725053456878118,0.9682249399931421
0.8725053456878118,0.9683392387701452
0.873039914468995,0.9683392387701452
0.873039914468995,0.9684535375471482
0.8735744832501782,0.9684535375471482
0.8735744832501782,0.9685678363241513
0.8737526728439059,0.9685678363241513
0.8737526728439059,0.9686821351011544
0.8738417676407698,0.9686821351011544
0.8738417676407698,0.9687964338781575
0.8741090520313614,0.9687964338781575
0.8741090520313614,0.9689107326551606
0.8742872416250891,0.9689107326551606
0.8742872416250891,0.9690250314321637
0.8744654312188168,0.9690250314321637
0.8744654312188168,0.9691393302091668
0.8747327156094085,0.9691393302091668
0.8747327156094085,0.9693679277631729
0.8759800427655025,0.9693679277631729
0.8759800427655025,0.969482226540176
0.8760691375623664,0.969482226540176
0.8760691375623664,0.9695965253171791
0.8761582323592302,0.9695965253171791
0.8761582323592302,0.9697108240941822
0.8763364219529579,0.9697108240941822
0.8763364219529579,0.9698251228711853
0.8771382751247327,0.9698251228711853
0.8771382751247327,0.9699394216481884
0.8772273699215966,0.9699394216481884
0.8772273699215966,0.9701680192021945
0.8777619387027797,0.9701680192021945
0.8777619387027797,0.9703966167562007
0.8780292230933714,0.9703966167562007
0.8780292230933714,0.9705109155332038
0.8797220242337848,0.9705109155332038
0.8797220242337848,0.9706252143102069
0.8799002138275125,0.9706252143102069
0.8799002138275125,0.97073951308721
0.880167498218104,0.97073951308721
0.880167498218104,0.9709681106412161
0.8805238774055595,0.9709681106412161
0.8805238774055595,0.9710824094182192
0.8807020669992872,0.9710824094182192
0.8807020669992872,0.9711967081952223
0.8808802565930149,0.9711967081952223
0.8808802565930149,0.9714253057492285
0.881503920171062,0.9714253057492285
0.881503920171062,0.9715396045262316
0.8817712045616536,0.9715396045262316
0.8817712045616536,0.9716539033032346
0.8823948681397007,0.9716539033032346
0.8823948681397007,0.9717682020802377
0.882751247327156,0.9717682020802377
0.882751247327156,0.9718825008572408
0.8830185317177477,0.9718825008572408
0.8830185317177477,0.9722253971882501
0.8832858161083392,0.9722253971882501
0.8832858161083392,0.9723396959652532
0.8838203848895224,0.9723396959652532
0.8838203848895224,0.9724539947422562
0.8840876692801141,0.9724539947422562
0.8840876692801141,0.9725682935192593
0.8843549536707056,0.9725682935192593
0.8843549536707056,0.9726825922962624
0.8846222380612973,0.9726825922962624
0.8846222380612973,0.9727968910732655
0.8857804704205274,0.9727968910732655
0.8857804704205274,0.9730254886272717
0.8860477548111191,0.9730254886272717
0.8860477548111191,0.9731397874042748
0.8868496079828938,0.9731397874042748
0.8868496079828938,0.9732540861812778
0.887384176764077,0.9732540861812778
0.887384176764077,0.9735969825122871
0.8875623663578047,0.9735969825122871
0.8875623663578047,0.9737112812892902
0.8878296507483963,0.9737112812892902
0.8878296507483963,0.9738255800662933
0.8883642195295794,0.9738255800662933
0.8883642195295794,0.9739398788432964
0.8890769779044904,0.9739398788432964
0.8890769779044904,0.9740541776202994
0.8891660727013543,0.9740541776202994
0.8891660727013543,0.9741684763973025
0.8900570206699929,0.9741684763973025
0.8900570206699929,0.9742827751743056
0.8903243050605845,0.9742827751743056
0.8903243050605845,0.9743970739513087
0.8909479686386315,0.9743970739513087
0.8909479686386315,0.9745113727283118
0.8912152530292231,0.9745113727283118
0.8912152530292231,0.9746256715053149
0.8916607270135424,0.9746256715053149
0.8916607270135424,0.974739970282318
0.8920171062009978,0.974739970282318
0.8920171062009978,0.974854269059321
0.8923734853884533,0.974854269059321
0.8923734853884533,0.9751971653903303
0.8926407697790449,0.9751971653903303
0.8926407697790449,0.9754257629443365
0.8927298645759087,0.9754257629443365
0.8927298645759087,0.9755400617213396
0.8929080541696365,0.9755400617213396
0.8929080541696365,0.9757686592753457
0.8930862437633642,0.9757686592753457
0.8930862437633642,0.9758829580523488
0.8933535281539559,0.9758829580523488
0.8933535281539559,0.9759972568293519
0.8941553813257306,0.9759972568293519
0.8941553813257306,0.976111555606355
0.8943335709194583,0.976111555606355
0.8943335709194583,0.9762258543833581
0.8946899501069138,0.9762258543833581
0.8946899501069138,0.9763401531603612
0.8947790449037776,0.9763401531603612
0.8947790449037776,0.9765687507143673
0.8948681397006415,0.9765687507143673
0.8948681397006415,0.9766830494913704
0.895135424091233,0.9766830494913704
0.895135424091233,0.9767973482683735
0.8953136136849608,0.9767973482683735
0.8953136136849608,0.9770259458223797
0.895848182466144,0.9770259458223797
0.895848182466144,0.9771402445993828
0.8960263720598717,0.9771402445993828
0.8960263720598717,0.9772545433763858
0.8962045616535994,0.9772545433763858
0.8962045616535994,0.9773688421533889
0.8965609408410549,0.9773688421533889
0.8965609408410549,0.977483140930392
0.8967391304347826,0.977483140930392
0.8967391304347826,0.9775974397073951
0.8968282252316465,0.9775974397073951
0.8968282252316465,0.9782832323694136
0.8974518888096935,0.9782832323694136
0.8974518888096935,0.9783975311464167
0.897808267997149,0.9783975311464167
0.897808267997149,0.9785118299234198
0.8986992159657876,0.9785118299234198
0.8986992159657876,0.9786261287004229
0.8991446899501069,0.9786261287004229
0.8991446899501069,0.978740427477426
0.8994119743406985,0.978740427477426
0.8994119743406985,0.9789690250314321
0.9012829650748396,0.9789690250314321
0.9012829650748396,0.9790833238084352
0.9018175338560228,0.9790833238084352
0.9018175338560228,0.9791976225854383
0.9020848182466144,0.9791976225854383
0.9020848182466144,0.9794262201394445
0.9024411974340698,0.9794262201394445
0.9024411974340698,0.9795405189164476
0.9027084818246615,0.9795405189164476
0.9027084818246615,0.9796548176934506
0.9028866714183892,0.9796548176934506
0.9028866714183892,0.9797691164704537
0.9037776193870278,0.9797691164704537
0.9037776193870278,0.9798834152474568
0.9046685673556665,0.9798834152474568
0.9046685673556665,0.9799977140244599
0.9047576621525303,0.9799977140244599
0.9047576621525303,0.980112012801463
0.9048467569493942,0.980112012801463
0.9048467569493942,0.9802263115784661
0.9051140413399857,0.9802263115784661
0.9051140413399857,0.9803406103554692
0.905559515324305,0.9803406103554692
0.905559515324305,0.9804549091324722
0.9063613684960798,0.9804549091324722
0.9063613684960798,0.9805692079094753
0.9065395580898076,0.9805692079094753
0.9065395580898076,0.9806835066864784
0.9069850320741268,0.9806835066864784
0.9069850320741268,0.9807978054634815
0.9072523164647185,0.9807978054634815
0.9072523164647185,0.9809121042404846
0.90751960085531,0.9809121042404846
0.90751960085531,0.9810264030174877
0.9079650748396294,0.9810264030174877
0.9079650748396294,0.9812550005714938
0.9082323592302209,0.9812550005714938
0.9082323592302209,0.9813692993484969
0.9089451176051319,0.9813692993484969
0.9089451176051319,0.9814835981255
0.9105488239486814,0.9814835981255
0.9105488239486814,0.9815978969025031
0.9106379187455452,0.9815978969025031
0.9106379187455452,0.9819407932335124
0.9113506771204561,0.9819407932335124
0.9113506771204561,0.9821693907875185
0.9125089094796864,0.9821693907875185
0.9125089094796864,0.9823979883415247
0.912776193870278,0.9823979883415247
0.912776193870278,0.9825122871185278
0.9134889522451889,0.9825122871185278
0.9134889522451889,0.9826265858955309
0.9137562366357804,0.9826265858955309
0.9137562366357804,0.982855183449537
0.9146471846044191,0.982855183449537
0.9146471846044191,0.9830837810035432
0.914736279401283,0.9830837810035432
0.914736279401283,0.9831980797805463
0.9149144689950107,0.9831980797805463
0.9149144689950107,0.9834266773345525
0.9165181753385603,0.9834266773345525
0.9165181753385603,0.9835409761115556
0.9166072701354241,0.9835409761115556
0.9166072701354241,0.9836552748885586
0.9166963649322879,0.9836552748885586
0.9166963649322879,0.9837695736655617
0.9167854597291518,0.9837695736655617
0.9167854597291518,0.9838838724425648
0.9168745545260156,0.9838838724425648
0.9168745545260156,0.9839981712195679
0.9175873129009265,0.9839981712195679
0.9175873129009265,0.984112469996571
0.917943692088382,0.984112469996571
0.917943692088382,0.9842267687735741
0.9191019244476123,0.9842267687735741
0.9191019244476123,0.9843410675505772
0.9193692088382038,0.9843410675505772
0.9193692088382038,0.9844553663275804
0.9196364932287955,0.9844553663275804
0.9196364932287955,0.9845696651045834
0.9197255880256593,0.9845696651045834
0.9197255880256593,0.9846839638815865
0.919903777619387,0.9846839638815865
0.919903777619387,0.9847982626585896
0.9215074839629366,0.9847982626585896
0.9215074839629366,0.9849125614355927
0.9228439059158945,0.9849125614355927
0.9228439059158945,0.9850268602125958
0.9233784746970777,0.9850268602125958
0.9233784746970777,0.9851411589895989
0.9235566642908054,0.9851411589895989
0.9235566642908054,0.985255457766602
0.9243585174625801,0.985255457766602
0.9243585174625801,0.985369756543605
0.9248930862437633,0.985369756543605
0.9248930862437633,0.9855983540976112
0.9265858873841768,0.9855983540976112
0.9265858873841768,0.9857126528746143
0.9266749821810406,0.9857126528746143
0.9266749821810406,0.9858269516516174
0.9268531717747683,0.9858269516516174
0.9268531717747683,0.9859412504286205
0.92712045616536,0.9859412504286205
0.92712045616536,0.9860555492056235
0.9275659301496793,0.9860555492056235
0.9275659301496793,0.9861698479826266
0.9281004989308624,0.9861698479826266
0.9281004989308624,0.9865127443136359
0.9301496792587313,0.9865127443136359
0.9301496792587313,0.9867413418676421
0.9309515324305061,0.9867413418676421
0.9309515324305061,0.9868556406446451
0.9313079116179616,0.9868556406446451
0.9313079116179616,0.9869699394216482
0.9313970064148254,0.9869699394216482
0.9313970064148254,0.9870842381986513
0.9340698503207413,0.9870842381986513
0.9340698503207413,0.9871985369756544
0.9346935138987883,0.9871985369756544
0.9346935138987883,0.9873128357526575
0.9350498930862438,0.9873128357526575
0.9350498930862438,0.9875414333066637
0.9354062722736992,0.9875414333066637
0.9354062722736992,0.9876557320836667
0.9357626514611547,0.9876557320836667
0.9357626514611547,0.9877700308606698
0.9365645046329294,0.9877700308606698
0.9365645046329294,0.9878843296376729
0.937544547398432,0.9878843296376729
0.937544547398432,0.987998628414676
0.9377227369921597,0.987998628414676
0.9377227369921597,0.9881129271916791
0.9378118317890235,0.9881129271916791
0.9378118317890235,0.9882272259686822
0.9384354953670706,0.9882272259686822
0.9384354953670706,0.9883415247456853
0.9390591589451176,0.9883415247456853
0.9390591589451176,0.9885701222996914
0.9391482537419815,0.9885701222996914
0.9391482537419815,0.9887987198536976
0.9395937277263008,0.9887987198536976
0.9395937277263008,0.9889130186307007
0.9396828225231646,0.9889130186307007
0.9396828225231646,0.9890273174077038
0.94003920171062,0.9890273174077038
0.94003920171062,0.9891416161847069
0.9417320028510335,0.9891416161847069
0.9417320028510335,0.989370213738713
0.9421774768353528,0.989370213738713
0.9421774768353528,0.9894845125157161
0.9426229508196722,0.9894845125157161
0.9426229508196722,0.9895988112927192
0.9428902352102637,0.9895988112927192
0.9428902352102637,0.9897131100697223
0.9430684248039914,0.9897131100697223
0.9430684248039914,0.9898274088467254
0.9439593727726301,0.9898274088467254
0.9441375623663578,0.9898274088467254
0.9441375623663578,0.9899417076237285
0.9444939415538133,0.9899417076237285
0.9444939415538133,0.9900560064007315
0.9445830363506771,0.9900560064007315
0.9445830363506771,0.9902846039547377
0.9447612259444048,0.9902846039547377
0.9447612259444048,0.9903989027317408
0.9455630791161797,0.9903989027317408
0.9455630791161797,0.9905132015087439
0.9456521739130435,0.9905132015087439
0.9456521739130435,0.990627500285747
0.9457412687099074,0.990627500285747
0.9457412687099074,0.9908560978397531
0.9460085531004989,0.9908560978397531
0.9460085531004989,0.9909703966167562
0.9467213114754098,0.9909703966167562
0.9467213114754098,0.9910846953937593
0.9470776906628653,0.9910846953937593
0.9470776906628653,0.9911989941707624
0.9484141126158232,0.9911989941707624
0.9484141126158232,0.9913132929477655
0.9485032074126871,0.9913132929477655
0.9485032074126871,0.9915418905017717
0.9493050605844618,0.9915418905017717
0.9493050605844618,0.9916561892787747
0.9497505345687812,0.9916561892787747
0.9497505345687812,0.9917704880557778
0.9500178189593728,0.9917704880557778
0.9500178189593728,0.9918847868327809
0.9501960085531005,0.9918847868327809
0.9501960085531005,0.991999085609784
0.9511760513186029,0.991999085609784
0.9511760513186029,0.9921133843867871
0.9515324305060584,0.9921133843867871
0.9515324305060584,0.9922276831637902
0.9520669992872416,0.9922276831637902
0.9520669992872416,0.9923419819407933
0.9522451888809693,0.9923419819407933
0.9522451888809693,0.9924562807177963
0.9528688524590164,0.9924562807177963
0.9528688524590164,0.9926848782718025
0.953136136849608,0.9926848782718025
0.953136136849608,0.9929134758258087
0.9536707056307911,0.9929134758258087
0.9536707056307911,0.9930277746028118
0.9555416963649322,0.9930277746028118
0.9555416963649322,0.9931420733798149
0.9558089807555239,0.9931420733798149
0.9558089807555239,0.993256372156818
0.9563435495367071,0.993256372156818
0.9563435495367071,0.993370670933821
0.9567890235210263,0.993370670933821
0.9567890235210263,0.9934849697108241
0.957679971489665,0.9934849697108241
0.957679971489665,0.9937135672648303
0.9585709194583036,0.9937135672648303
0.9585709194583036,0.9938278660418334
0.9588382038488952,0.9938278660418334
0.9588382038488952,0.9939421648188365
0.9606200997861725,0.9939421648188365
0.9606200997861725,0.9940564635958395
0.9607091945830364,0.9940564635958395
0.9607091945830364,0.9941707623728426
0.9612437633642196,0.9941707623728426
0.9612437633642196,0.9942850611498457
0.9623129009265858,0.9942850611498457
0.9623129009265858,0.9943993599268488
0.9625801853171775,0.9943993599268488
0.9625801853171775,0.9945136587038519
0.9630256593014968,0.9945136587038519
0.9630256593014968,0.994627957480855
0.9635602280826799,0.994627957480855
0.9635602280826799,0.9947422562578581
0.9640057020669993,0.9947422562578581
0.9640057020669993,0.9949708538118642
0.9660548823948681,0.9949708538118642
0.9660548823948681,0.9950851525888673
0.966143977191732,0.9950851525888673
0.966143977191732,0.9953137501428735
0.9670349251603706,0.9953137501428735
0.9670349251603706,0.9954280489198766
0.9682822523164647,0.9954280489198766
0.9682822523164647,0.9955423476968797
0.9684604419101924,0.9955423476968797
0.9684604419101924,0.9957709452508858
0.9685495367070563,0.9957709452508858
0.9685495367070563,0.9958852440278889
0.9696186742694227,0.9958852440278889
0.9696186742694227,0.995999542804892
0.9697968638631503,0.995999542804892
0.9697968638631503,0.9961138415818951
0.9701532430506058,0.9961138415818951
0.9701532430506058,0.9962281403588982
0.9717569493941554,0.9962281403588982
0.9717569493941554,0.9963424391359013
0.9730933713471134,0.9963424391359013
0.9730933713471134,0.9964567379129043
0.9733606557377049,0.9964567379129043
0.9733606557377049,0.9965710366899074
0.9734497505345688,0.9965710366899074
0.9734497505345688,0.9966853354669105
0.9745188880969351,0.9966853354669105
0.9745188880969351,0.9967996342439136
0.9751425516749822,0.9967996342439136
0.9751425516749822,0.9970282317979198
0.975231646471846,0.9970282317979198
0.975231646471846,0.9971425305749229
0.9755880256593015,0.9971425305749229
0.9755880256593015,0.9972568293519259
0.9772808267997148,0.9972568293519259
0.9772808267997148,0.997371128128929
0.9776372059871703,0.997371128128929
0.9776372059871703,0.9974854269059321
0.9785281539558089,0.9974854269059321
0.9785281539558089,0.9975997256829352
0.9789736279401283,0.9975997256829352
0.9789736279401283,0.9977140244599383
0.9793300071275838,0.9977140244599383
0.9793300071275838,0.9978283232369414
0.9808446186742694,0.9978283232369414
0.9808446186742694,0.9979426220139445
0.9818246614397719,0.9979426220139445
0.9818246614397719,0.9980569207909475
0.9821810406272273,0.9980569207909475
0.9821810406272273,0.9981712195679506
0.9833392729864576,0.9981712195679506
0.9833392729864576,0.9982855183449537
0.9841411261582323,0.9982855183449537
0.9841411261582323,0.9983998171219568
0.9851211689237348,0.9983998171219568
0.9851211689237348,0.9985141158989599
0.9874376336421953,0.9985141158989599
0.9874376336421953,0.998628414675963
0.9882394868139701,0.998628414675963
0.9882394868139701,0.9987427134529661
0.9886849607982894,0.9987427134529661
0.9886849607982894,0.9988570122299691
0.990199572344975,0.9988570122299691
0.990199572344975,0.9989713110069722
0.9916250890947969,0.9989713110069722
0.9916250890947969,0.9990856097839753
0.9919814682822523,0.9990856097839753
0.9919814682822523,0.9991999085609784
0.992248752672844,0.9991999085609784
0.992248752672844,0.9993142073379815
0.9943870277975766,0.9993142073379815
0.9943870277975766,0.9994285061149846
0.994743406985032,0.9994285061149846
0.994743406985032,0.9995428048919877
0.9973271560940841,0.9995428048919877
0.9973271560940841,0.9996571036689907
0.9978617248752673,0.9996571036689907
0.9978617248752673,0.9997714024459938
0.9983962936564504,0.9997714024459938
0.9983962936564504,1.0
1.0,1.0
