fpr,tpr
0.0,0.0
0.0,0.00011429877700308607
0.0,0.008458109498228368
8.909479686386316e-05,0.008458109498228368
8.909479686386316e-05,0.04457652303120357
0.0001781895937277263,0.04457652303120357
0.0001781895937277263,0.048691279003314665
0.00026728439059158947,0.048691279003314665
0.00026728439059158947,0.059778260372614016
0.0003563791874554526,0.059778260372614016
0.0003563791874554526,0.06263572979769116
0.0004454739843193158,0.06263572979769116
0.0004454739843193158,0.07486569893702137
0.0005345687811831789,0.07486569893702137
0.0005345687811831789,0.0771516744770831
0.0006236635780470421,0.0771516744770831
0.0006236635780470421,0.07760886958509544
0.0007127583749109052,0.07760886958509544
0.0007127583749109052,0.08423819865127444
0.0008018531717747684,0.08423819865127444
0.0008018531717747684,0.08789575951537319
0.0008909479686386316,0.08789575951537319
0.0008909479686386316,0.09212481426448738
0.0008909479686386316,0.09235341181849355
0.0008909479686386316,0.09246771059549663
0.0009800427655024947,0.09246771059549663
0.0009800427655024947,0.0992113384386787
0.0010691375623663579,0.0992113384386787
0.0010691375623663579,0.09989713110069723
0.001158232359230221,0.09989713110069723
0.001158232359230221,0.1042404846268145
0.0012473271560940842,0.1042404846268145
0.0012473271560940842,0.10492627728883301
0.0013364219529579473,0.10492627728883301
0.0013364219529579473,0.10629786261287004
0.0014255167498218105,0.10629786261287004
0.0014255167498218105,0.10869813692993485
0.0015146115466856736,0.10869813692993485
0.0015146115466856736,0.11372728311807064
0.0016037063435495368,0.11372728311807064
0.0016037063435495368,0.11544176477311693
0.0016928011404134,0.11544176477311693
0.0016928011404134,0.11555606355012002
0.001781895937277263,0.11555606355012002
0.001781895937277263,0.11635615498914162
0.0018709907341411263,0.11635615498914162
0.0018709907341411263,0.1164704537661447
0.0020491803278688526,0.1164704537661447
0.0020491803278688526,0.11898502686021259
0.0021382751247327157,0.11898502686021259
0.0021382751247327157,0.12069950851525889
0.002227369921596579,0.12069950851525889
0.002227369921596579,0.12344267916333296
0.002227369921596579,0.12367127671733913
0.002227369921596579,0.13578694707966624
0.002316464718460442,0.13578694707966624
0.002316464718460442,0.13647273974168475
0.002405559515324305,0.13647273974168475
0.002405559515324305,0.13670133729569092
0.0024946543121881683,0.13670133729569092
0.0024946543121881683,0.13853011772774032
0.0025837491090520315,0.13853011772774032
0.0025837491090520315,0.14138758715281746
0.0026728439059158947,0.14138758715281746
0.0026728439059158947,0.14321636758486683
0.002761938702779758,0.14321636758486683
0.002761938702779758,0.1445879529089039
0.002851033499643621,0.1445879529089039
0.002851033499643621,0.14630243456395017
0.002940128296507484,0.14630243456395017
0.002940128296507484,0.1485884101040119
0.0030292230933713473,0.1485884101040119
0.0030292230933713473,0.1493885015430335
0.0031183178902352104,0.1493885015430335
0.0031183178902352104,0.150074294205052
0.0032074126870990736,0.150074294205052
0.0032074126870990736,0.15018859298205509
0.0032965074839629367,0.15018859298205509
0.0032965074839629367,0.15247456852211683
0.003474697077690663,0.15247456852211683
0.003474697077690663,0.15476054406217854
0.003563791874554526,0.15476054406217854
0.003563791874554526,0.15624642816321865
0.0036528866714183894,0.15624642816321865
0.0036528866714183894,0.1575037147102526
0.0037419814682822525,0.1575037147102526
0.0037419814682822525,0.15887530003428962
0.0038310762651461157,0.15887530003428962
0.0038310762651461157,0.15933249514230197
0.003920171062009979,0.15933249514230197
0.003920171062009979,0.16047548291233285
0.0040092658588738415,0.16047548291233285
0.0040092658588738415,0.16070408046633902
0.004098360655737705,0.16070408046633902
0.004098360655737705,0.16356154989141616
0.004187455452601568,0.16356154989141616
0.004187455452601568,0.16436164133043776
0.0042765502494654314,0.16436164133043776
0.0042765502494654314,0.16459023888444393
0.004365645046329294,0.16459023888444393
0.004365645046329294,0.16744770830952108
0.004454739843193158,0.16744770830952108
0.004454739843193158,0.16939078751857356
0.0045438346400570205,0.16939078751857356
0.0045438346400570205,0.17041947651160133
0.004632929436920884,0.17041947651160133
0.004632929436920884,0.17179106183563836
0.004722024233784747,0.17179106183563836
0.004722024233784747,0.1780774945708081
0.00481111903064861,0.1780774945708081
0.00481111903064861,0.1812778603268945
0.004900213827512473,0.1812778603268945
0.004900213827512473,0.18162075665790375
0.004989308624376337,0.18162075665790375
0.004989308624376337,0.181963652988913
0.005078403421240199,0.181963652988913
0.005078403421240199,0.1820779517659161
0.005167498218104063,0.1820779517659161
0.005167498218104063,0.18230654931992227
0.005256593014967926,0.18230654931992227
0.005256593014967926,0.18367813464395932
0.005345687811831789,0.18367813464395932
0.005345687811831789,0.184592524859984
0.005434782608695652,0.184592524859984
0.005434782608695652,0.18584981140701795
0.005523877405559516,0.18584981140701795
0.005523877405559516,0.1871070979540519
0.005612972202423378,0.1871070979540519
0.005612972202423378,0.19270773802720312
0.005702066999287242,0.19270773802720312
0.005702066999287242,0.19407932335124015
0.005791161796151105,0.19407932335124015
0.005791161796151105,0.19430792090524632
0.005880256593014968,0.19430792090524632
0.005880256593014968,0.19510801234426792
0.005969351389878831,0.19510801234426792
0.005969351389878831,0.19785118299234197
0.0060584461867426945,0.19785118299234197
0.0060584461867426945,0.19830837810035432
0.006147540983606557,0.19830837810035432
0.006147540983606557,0.19899417076237283
0.006236635780470421,0.19899417076237283
0.006236635780470421,0.19956566464738829
0.006325730577334284,0.19956566464738829
0.006325730577334284,0.20128014630243457
0.006414825374198147,0.20128014630243457
0.006414825374198147,0.2025374328494685
0.0065930149679258735,0.2025374328494685
0.0065930149679258735,0.20368042061949937
0.006682109764789736,0.20368042061949937
0.006682109764789736,0.20470910961252714
0.006949394155381326,0.20470910961252714
0.006949394155381326,0.20482340838953023
0.007038488952245189,0.20482340838953023
0.007038488952245189,0.20608069493656417
0.007127583749109052,0.20608069493656417
0.007127583749109052,0.20699508515258885
0.007216678545972915,0.20699508515258885
0.007216678545972915,0.20745228026060122
0.007305773342836779,0.20745228026060122
0.007305773342836779,0.2083666704766259
0.0073948681397006414,0.2083666704766259
0.0073948681397006414,0.20973825580066294
0.007483962936564505,0.20973825580066294
0.007483962936564505,0.21099554234769688
0.007573057733428368,0.21099554234769688
0.007573057733428368,0.21453880443479253
0.007662152530292231,0.21453880443479253
0.007662152530292231,0.21613898731283576
0.007751247327156094,0.21613898731283576
0.007751247327156094,0.21625328608983885
0.007840342124019958,0.21625328608983885
0.007840342124019958,0.21636758486684193
0.00792943692088382,0.21636758486684193
0.00792943692088382,0.21693907875185736
0.008107626514611548,0.21693907875185736
0.008107626514611548,0.21728197508286662
0.00819672131147541,0.21728197508286662
0.00819672131147541,0.21796776774488513
0.008285816108339273,0.21796776774488513
0.008285816108339273,0.2181963652988913
0.008374910905203136,0.2181963652988913
0.008374910905203136,0.21853926162990056
0.008464005702066998,0.21853926162990056
0.008464005702066998,0.21865356040690365
0.008553100498930863,0.21865356040690365
0.008553100498930863,0.21876785918390673
0.008731290092658588,0.21876785918390673
0.008731290092658588,0.21956795062292833
0.008909479686386316,0.21956795062292833
0.008909479686386316,0.22196822493999313
0.008998574483250178,0.22196822493999313
0.008998574483250178,0.22356840781803636
0.009087669280114041,0.22356840781803636
0.009087669280114041,0.22551148702708881
0.009176764076977904,0.22551148702708881
0.009176764076977904,0.22596868213510116
0.009265858873841768,0.22596868213510116
0.009265858873841768,0.22619727968910733
0.00935495367070563,0.22619727968910733
0.00935495367070563,0.22756886501314436
0.009444048467569494,0.22756886501314436
0.009444048467569494,0.2280260601211567
0.009533143264433356,0.2280260601211567
0.009533143264433356,0.22894045033718138
0.00962223806129722,0.22894045033718138
0.00962223806129722,0.22985484055320607
0.009711332858161083,0.22985484055320607
0.009711332858161083,0.23008343810721224
0.009800427655024946,0.23008343810721224
0.009800427655024946,0.23019773688421533
0.009889522451888809,0.23019773688421533
0.009889522451888809,0.23076923076923078
0.009978617248752673,0.23076923076923078
0.009978617248752673,0.23248371242427707
0.010067712045616536,0.23248371242427707
0.010067712045616536,0.2330552063092925
0.010156806842480399,0.2330552063092925
0.010156806842480399,0.23442679163332952
0.010334996436208126,0.23442679163332952
0.010334996436208126,0.2345410904103326
0.010424091233071989,0.2345410904103326
0.010424091233071989,0.23751285861241284
0.010513186029935851,0.23751285861241284
0.010513186029935851,0.237741456166419
0.010602280826799714,0.237741456166419
0.010602280826799714,0.23808435249742826
0.010691375623663579,0.23808435249742826
0.010691375623663579,0.2395702365984684
0.010869565217391304,0.2395702365984684
0.010869565217391304,0.24025602926048692
0.010958660014255167,0.24025602926048692
0.010958660014255167,0.24059892559149618
0.011047754811119031,0.24059892559149618
0.011047754811119031,0.24105612069950852
0.011136849607982894,0.24105612069950852
0.011136849607982894,0.24334209623957023
0.011225944404846757,0.24334209623957023
0.011225944404846757,0.24482798034061035
0.011404133998574484,0.24482798034061035
0.011404133998574484,0.24562807177963195
0.01158232359230221,0.24562807177963195
0.01158232359230221,0.2459709681106412
0.011671418389166072,0.2459709681106412
0.011671418389166072,0.24654246199565666
0.011760513186029936,0.24654246199565666
0.011760513186029936,0.24837124242770603
0.0118496079828938,0.24837124242770603
0.0118496079828938,0.24848554120470911
0.011938702779757662,0.24848554120470911
0.011938702779757662,0.251000114298777
0.012027797576621525,0.251000114298777
0.012027797576621525,0.2518002057377986
0.012116892373485389,0.2518002057377986
0.012116892373485389,0.252371699622814
0.012205987170349252,0.252371699622814
0.012205987170349252,0.25385758372385414
0.012295081967213115,0.25385758372385414
0.012295081967213115,0.25442907760886957
0.012384176764076977,0.25442907760886957
0.012384176764076977,0.25454337638587266
0.012473271560940842,0.25454337638587266
0.012473271560940842,0.2555720653789004
0.012562366357804704,0.2555720653789004
0.012562366357804704,0.25614355926391585
0.012651461154668567,0.25614355926391585
0.012651461154668567,0.25682935192593437
0.01274055595153243,0.25682935192593437
0.01274055595153243,0.25705794947994054
0.01274055595153243,0.2572865470339467
0.01274055595153243,0.2578580409189622
0.012829650748396294,0.2578580409189622
0.012829650748396294,0.2585438335809807
0.012918745545260157,0.2585438335809807
0.012918745545260157,0.26060121156703625
0.01300784034212402,0.26060121156703625
0.01300784034212402,0.26071551034403934
0.013096935138987882,0.26071551034403934
0.013096935138987882,0.2624299919990856
0.01327512473271561,0.2624299919990856
0.01327512473271561,0.2627728883300949
0.013364219529579472,0.2627728883300949
0.013364219529579472,0.2634586809921134
0.013453314326443335,0.2634586809921134
0.013453314326443335,0.26391587610012573
0.0135424091233072,0.26391587610012573
0.0135424091233072,0.264258772431135
0.013631503920171062,0.264258772431135
0.013631503920171062,0.26448736998514116
0.013720598717034925,0.26448736998514116
0.013720598717034925,0.2649445650931535
0.013809693513898788,0.2649445650931535
0.013809693513898788,0.265630357755172
0.013898788310762652,0.265630357755172
0.013898788310762652,0.26620185164018745
0.013987883107626515,0.26620185164018745
0.013987883107626515,0.2667733455252029
0.014076977904490378,0.2667733455252029
0.014076977904490378,0.26700194307920905
0.01416607270135424,0.26700194307920905
0.01416607270135424,0.26791633329523373
0.014255167498218105,0.26791633329523373
0.014255167498218105,0.2689450222882615
0.014344262295081968,0.2689450222882615
0.014344262295081968,0.27008801005829236
0.01443335709194583,0.27008801005829236
0.01443335709194583,0.27191679049034173
0.014522451888809693,0.27191679049034173
0.014522451888809693,0.27397416847639733
0.014611546685673557,0.27397416847639733
0.014611546685673557,0.27454566236141276
0.01470064148253742,0.27454566236141276
0.01470064148253742,0.27534575380043436
0.014789736279401283,0.27534575380043436
0.014789736279401283,0.27546005257743744
0.014878831076265146,0.27546005257743744
0.014878831076265146,0.2756886501314436
0.01496792587312901,0.2756886501314436
0.01496792587312901,0.27614584523945596
0.015057020669992873,0.27614584523945596
0.015057020669992873,0.27626014401645904
0.015146115466856735,0.27626014401645904
0.015146115466856735,0.27694593667847756
0.015324305060584463,0.27694593667847756
0.015324305060584463,0.2772888330094868
0.015413399857448325,0.2772888330094868
0.015413399857448325,0.2779746256715053
0.015502494654312188,0.2779746256715053
0.015502494654312188,0.2783175220025146
0.015680684248039915,0.2783175220025146
0.015680684248039915,0.27866041833352384
0.015769779044903776,0.27866041833352384
0.015769779044903776,0.27888901588753
0.01585887384176764,0.27888901588753
0.01585887384176764,0.27934621099554235
0.015947968638631505,0.27934621099554235
0.015947968638631505,0.28003200365756087
0.016037063435495366,0.28003200365756087
0.016037063435495366,0.2807177963195794
0.01612615823235923,0.2807177963195794
0.01612615823235923,0.2814035889815979
0.016304347826086956,0.2814035889815979
0.016304347826086956,0.281517887758601
0.01639344262295082,0.281517887758601
0.01639344262295082,0.2822036804206195
0.01648253741981468,0.2822036804206195
0.01648253741981468,0.28323236941364727
0.016571632216678546,0.28323236941364727
0.016571632216678546,0.28346096696765344
0.01666072701354241,0.28346096696765344
0.01666072701354241,0.2836895645216596
0.01674982181040627,0.2836895645216596
0.01674982181040627,0.28414675962967195
0.016838916607270136,0.28414675962967195
0.016838916607270136,0.2843753571836781
0.016928011404133997,0.2843753571836781
0.016928011404133997,0.28483255229169047
0.01701710620099786,0.28483255229169047
0.01701710620099786,0.2852897473997028
0.017106200997861726,0.2852897473997028
0.017106200997861726,0.285518344953709
0.017195295794725587,0.285518344953709
0.017195295794725587,0.2878043204937707
0.01728439059158945,0.2878043204937707
0.01728439059158945,0.2883758143787861
0.017373485388453316,0.2883758143787861
0.017373485388453316,0.2887187107097954
0.01755167498218104,0.2887187107097954
0.01755167498218104,0.2897473997028232
0.017640769779044902,0.2897473997028232
0.017640769779044902,0.2912332838038633
0.017908054169636492,0.2912332838038633
0.017908054169636492,0.2928334666819065
0.01808624376336422,0.2928334666819065
0.01808624376336422,0.29329066178991886
0.018175338560228082,0.29329066178991886
0.018175338560228082,0.29420505200594355
0.018264433357091946,0.29420505200594355
0.018264433357091946,0.29431935078294663
0.018353528153955807,0.29431935078294663
0.018353528153955807,0.29500514344496515
0.018531717747683536,0.29500514344496515
0.018531717747683536,0.29511944222196823
0.018620812544547397,0.29511944222196823
0.018620812544547397,0.29649102754600526
0.018799002138275126,0.29649102754600526
0.018799002138275126,0.2971768202080238
0.018888096935138987,0.2971768202080238
0.018888096935138987,0.2976340153160361
0.019066286528866713,0.2976340153160361
0.019066286528866713,0.2984341067550577
0.019155381325730577,0.2984341067550577
0.019155381325730577,0.29900560064007314
0.01924447612259444,0.29900560064007314
0.01924447612259444,0.2992341981940793
0.019333570919458302,0.2992341981940793
0.019333570919458302,0.30117727740313177
0.019422665716322167,0.30117727740313177
0.019422665716322167,0.3026631615041719
0.01951176051318603,0.3026631615041719
0.01951176051318603,0.30300605783518114
0.019600855310049892,0.30300605783518114
0.019600855310049892,0.3034632529431935
0.019689950106913757,0.3034632529431935
0.019689950106913757,0.30369185049719966
0.019779044903777618,0.30369185049719966
0.019779044903777618,0.3039204480512058
0.019868139700641482,0.3039204480512058
0.019868139700641482,0.30563492970625217
0.019957234497505347,0.30563492970625217
0.019957234497505347,0.306777917476283
0.020046329294369208,0.306777917476283
0.020046329294369208,0.3079209052463139
0.020135424091233072,0.3079209052463139
0.020135424091233072,0.30814950280032005
0.020224518888096937,0.30814950280032005
0.020224518888096937,0.309406789347354
0.020402708481824662,0.309406789347354
0.020402708481824662,0.31054977711738485
0.020491803278688523,0.31054977711738485
0.020491803278688523,0.31066407589438794
0.020580898075552388,0.31066407589438794
0.020580898075552388,0.31134986855640645
0.020848182466143977,0.31134986855640645
0.020848182466143977,0.3116927648874157
0.020937277263007842,0.3116927648874157
0.020937277263007842,0.31295005143444965
0.021026372059871703,0.31295005143444965
0.021026372059871703,0.31386444165047434
0.021115466856735567,0.31386444165047434
0.021115466856735567,0.31466453308949593
0.021293656450463293,0.31466453308949593
0.021293656450463293,0.3148931306435021
0.021382751247327157,0.3148931306435021
0.021382751247327157,0.31546462452851753
0.021471846044191018,0.31546462452851753
0.021471846044191018,0.31683620985255456
0.021560940841054883,0.31683620985255456
0.021560940841054883,0.3171791061835638
0.021650035637918747,0.3171791061835638
0.021650035637918747,0.3172934049605669
0.021739130434782608,0.3172934049605669
0.021739130434782608,0.31740770373757
0.021828225231646473,0.31740770373757
0.021828225231646473,0.3182077951765916
0.022184604419101923,0.3182077951765916
0.022184604419101923,0.31935078294662245
0.022273699215965788,0.31935078294662245
0.022273699215965788,0.3195793805006286
0.022362794012829652,0.3195793805006286
0.022362794012829652,0.32026517316264713
0.022451888809693513,0.32026517316264713
0.022451888809693513,0.32060806949365644
0.022540983606557378,0.32060806949365644
0.022540983606557378,0.32220825237169964
0.02263007840342124,0.32220825237169964
0.02263007840342124,0.3224368499257058
0.022719173200285103,0.3224368499257058
0.022719173200285103,0.322665447479712
0.022808267997148968,0.322665447479712
0.022808267997148968,0.3233512401417305
0.02289736279401283,0.3233512401417305
0.02289736279401283,0.32380843524974284
0.022986457590876693,0.32380843524974284
0.022986457590876693,0.3241513315807521
0.023075552387740558,0.3241513315807521
0.023075552387740558,0.3242656303577552
0.02316464718460442,0.3242656303577552
0.02316464718460442,0.32460852668876444
0.023253741981468283,0.32460852668876444
0.023253741981468283,0.32552291690478913
0.023342836778332144,0.32552291690478913
0.023342836778332144,0.3257515144587953
0.02343193157519601,0.3257515144587953
0.02343193157519601,0.3258658132357984
0.023521026372059873,0.3258658132357984
0.023521026372059873,0.32689450222882616
0.023610121168923734,0.32689450222882616
0.023610121168923734,0.3272373985598354
0.0236992159657876,0.3272373985598354
0.0236992159657876,0.32838038632986627
0.023788310762651463,0.32838038632986627
0.023788310762651463,0.3297519716539033
0.023877405559515324,0.3297519716539033
0.023877405559515324,0.33020916676191564
0.02396650035637919,0.33020916676191564
0.02396650035637919,0.3305520630929249
0.024144689950106914,0.3305520630929249
0.024144689950106914,0.33180934963995884
0.024233784746970778,0.33180934963995884
0.024233784746970778,0.3319236484169619
0.02432287954383464,0.3319236484169619
0.02432287954383464,0.33260944107898044
0.024501069137562368,0.33260944107898044
0.024501069137562368,0.3330666361869928
0.02459016393442623,0.3330666361869928
0.02459016393442623,0.33318093496399587
0.024679258731290094,0.33318093496399587
0.024679258731290094,0.33329523374099895
0.024768353528153954,0.33329523374099895
0.024768353528153954,0.33478111784203907
0.02485744832501782,0.33478111784203907
0.02485744832501782,0.3351240141730483
0.024946543121881683,0.3351240141730483
0.024946543121881683,0.33603840438907306
0.025035637918745544,0.33603840438907306
0.025035637918745544,0.3366098982740885
0.02512473271560941,0.3366098982740885
0.02512473271560941,0.33683849582809466
0.02521382751247327,0.33683849582809466
0.02521382751247327,0.33935306892216255
0.025302922309337134,0.33935306892216255
0.025302922309337134,0.34026745913818723
0.025392017106201,0.34026745913818723
0.025392017106201,0.34323922734026746
0.025570206699928724,0.34323922734026746
0.025570206699928724,0.34335352611727055
0.02565930149679259,0.34335352611727055
0.02565930149679259,0.3435821236712767
0.02565930149679259,0.3446108126643045
0.02574839629365645,0.3446108126643045
0.02574839629365645,0.345296605326323
0.025926585887384175,0.345296605326323
0.025926585887384175,0.3454109041033261
0.02601568068424804,0.3454109041033261
0.02601568068424804,0.34575380043433535
0.02628296507483963,0.34575380043433535
0.02628296507483963,0.3462109955423477
0.026372059871703494,0.3462109955423477
0.026372059871703494,0.34666819065036003
0.026461154668567355,0.34666819065036003
0.026461154668567355,0.3468967882043662
0.02655024946543122,0.3468967882043662
0.02655024946543122,0.34723968453537546
0.02663934426229508,0.34723968453537546
0.02663934426229508,0.34963995885244026
0.02681753385602281,0.34963995885244026
0.02681753385602281,0.34986855640644643
0.02690662865288667,0.34986855640644643
0.02690662865288667,0.35044005029146186
0.026995723449750535,0.35044005029146186
0.026995723449750535,0.3521545319465082
0.0270848182466144,0.3521545319465082
0.0270848182466144,0.3522688307235113
0.02717391304347826,0.3522688307235113
0.02717391304347826,0.35238312950051437
0.027263007840342125,0.35238312950051437
0.027263007840342125,0.35261172705452054
0.027352102637205986,0.35261172705452054
0.027352102637205986,0.35341181849354214
0.02744119743406985,0.35341181849354214
0.02744119743406985,0.3535261172705452
0.027530292230933714,0.3535261172705452
0.027530292230933714,0.3543262087095668
0.027619387027797575,0.3543262087095668
0.027619387027797575,0.3544405074865699
0.027886671418389165,0.3544405074865699
0.027886671418389165,0.35478340381757917
0.02797576621525303,0.35478340381757917
0.02797576621525303,0.35501200137158534
0.02806486101211689,0.35501200137158534
0.02806486101211689,0.35661218424962854
0.028153955808980755,0.35661218424962854
0.028153955808980755,0.3568407818036347
0.02824305060584462,0.3568407818036347
0.02824305060584462,0.35729797691164705
0.02833214540270848,0.35729797691164705
0.02833214540270848,0.35741227568865014
0.028421240199572345,0.35741227568865014
0.028421240199572345,0.3575265744656532
0.02851033499643621,0.3575265744656532
0.02851033499643621,0.3576408732426563
0.02859942979330007,0.3576408732426563
0.02859942979330007,0.3578694707966625
0.028688524590163935,0.3578694707966625
0.028688524590163935,0.35809806835066865
0.028777619387027796,0.35809806835066865
0.028777619387027796,0.3593553548977026
0.02886671418389166,0.3593553548977026
0.02886671418389166,0.3594696536747057
0.028955808980755525,0.3594696536747057
0.028955808980755525,0.35981255000571494
0.029044903777619386,0.35981255000571494
0.029044903777619386,0.36118413532975197
0.02913399857448325,0.36118413532975197
0.02913399857448325,0.36198422676877356
0.029223093371347115,0.36198422676877356
0.029223093371347115,0.3623271230997828
0.029312188168210976,0.3623271230997828
0.029312188168210976,0.3624414218767859
0.02940128296507484,0.3624414218767859
0.02940128296507484,0.36381300720082294
0.0294903777619387,0.36381300720082294
0.0294903777619387,0.363927305977826
0.029579472558802566,0.363927305977826
0.029579472558802566,0.3650702937478569
0.02966856735566643,0.3650702937478569
0.02966856735566643,0.3655274888558692
0.02975766215253029,0.3655274888558692
0.02975766215253029,0.3656417876328723
0.029846756949394156,0.3656417876328723
0.029846756949394156,0.3664418790718939
0.02993585174625802,0.3664418790718939
0.02993585174625802,0.36678477540290316
0.03002494654312188,0.36678477540290316
0.03002494654312188,0.36701337295690933
0.030203136136849607,0.36701337295690933
0.030203136136849607,0.367813464395931
0.03029223093371347,0.367813464395931
0.03029223093371347,0.36804206194993716
0.030381325730577335,0.36804206194993716
0.030381325730577335,0.36815636072694025
0.030470420527441196,0.36815636072694025
0.030470420527441196,0.3683849582809464
0.03055951532430506,0.3683849582809464
0.03055951532430506,0.36907075094296493
0.030648610121168925,0.36907075094296493
0.030648610121168925,0.3699851411589896
0.030737704918032786,0.3699851411589896
0.030737704918032786,0.3708995313750143
0.03082679971489665,0.3708995313750143
0.03082679971489665,0.37147102526002973
0.031004989308624376,0.37147102526002973
0.031004989308624376,0.3719282203680421
0.03109408410548824,0.3719282203680421
0.03109408410548824,0.3724997142530575
0.0311831789023521,0.3724997142530575
0.0311831789023521,0.373185506915076
0.0311831789023521,0.3734141044690822
0.0311831789023521,0.37387129957709453
0.031272273699215966,0.37387129957709453
0.031272273699215966,0.3748999885701223
0.03136136849607983,0.3748999885701223
0.03136136849607983,0.37535718367813464
0.031450463292943695,0.37535718367813464
0.031450463292943695,0.3755857812321408
0.03153955808980755,0.3755857812321408
0.03153955808980755,0.3757000800091439
0.03171774768353528,0.3757000800091439
0.03171774768353528,0.37604297634015316
0.03189593727726301,0.37604297634015316
0.03189593727726301,0.37615727511715624
0.03198503207412687,0.37615727511715624
0.03198503207412687,0.3763858726711624
0.03207412687099073,0.3763858726711624
0.03207412687099073,0.3766144702251686
0.0321632216678546,0.3766144702251686
0.0321632216678546,0.37752886044119327
0.032341411261582326,0.37752886044119327
0.032341411261582326,0.37775745799519944
0.03251960085531005,0.37775745799519944
0.03251960085531005,0.3779860555492056
0.03278688524590164,0.3779860555492056
0.03278688524590164,0.3786718482112241
0.032875980042765506,0.3786718482112241
0.032875980042765506,0.37924334209623956
0.03296507483962936,0.37924334209623956
0.03296507483962936,0.3794719396502457
0.033232359230220956,0.3794719396502457
0.033232359230220956,0.3805006286432735
0.03332145402708482,0.3805006286432735
0.03332145402708482,0.38072922619727967
0.03349964362081254,0.38072922619727967
0.03349964362081254,0.38164361641330435
0.03358873841767641,0.38164361641330435
0.03358873841767641,0.3819865127443136
0.033766928011404136,0.3819865127443136
0.033766928011404136,0.38232940907532287
0.033856022808267994,0.38232940907532287
0.033856022808267994,0.38290090296033835
0.03412330719885959,0.38290090296033835
0.03412330719885959,0.38301520173734144
0.03421240199572345,0.38301520173734144
0.03421240199572345,0.3833580980683507
0.034301496792587316,0.3833580980683507
0.034301496792587316,0.38358669562235687
0.0345687811831789,0.38358669562235687
0.0345687811831789,0.38370099439935995
0.03474697077690663,0.38370099439935995
0.03474697077690663,0.3841581895073723
0.03483606557377049,0.3841581895073723
0.03483606557377049,0.3849582809463939
0.03492516037063435,0.3849582809463939
0.03492516037063435,0.38690136015544635
0.03501425516749822,0.38690136015544635
0.03501425516749822,0.3871299577094525
0.03510334996436208,0.3871299577094525
0.03510334996436208,0.38781575037147104
0.03519244476122595,0.38781575037147104
0.03519244476122595,0.3879300491484741
0.035281539558089804,0.3879300491484741
0.035281539558089804,0.3880443479254772
0.03537063435495367,0.3880443479254772
0.03537063435495367,0.38850154303348955
0.0355488239486814,0.38850154303348955
0.0355488239486814,0.389073036918505
0.035727013542409126,0.389073036918505
0.035727013542409126,0.3896445308035204
0.035816108339272984,0.3896445308035204
0.035816108339272984,0.39010172591153275
0.03590520313613685,0.39010172591153275
0.03590520313613685,0.39090181735055435
0.03599429793300071,0.39090181735055435
0.03599429793300071,0.3929591953366099
0.03661796151104776,0.3929591953366099
0.03661796151104776,0.393073494113613
0.03679615110477548,0.393073494113613
0.03679615110477548,0.39318779289061606
0.036885245901639344,0.39318779289061606
0.036885245901639344,0.39398788432963766
0.03706343549536707,0.39398788432963766
0.03706343549536707,0.39410218310664075
0.03715253029223094,0.39410218310664075
0.03715253029223094,0.39421648188364383
0.037241625089094794,0.39421648188364383
0.037241625089094794,0.39444507943765
0.03733071988595866,0.39444507943765
0.03733071988595866,0.3952451708766716
0.03741981468282252,0.3952451708766716
0.03741981468282252,0.39570236598468395
0.03750890947968639,0.39570236598468395
0.03750890947968639,0.3959309635386901
0.03768709907341411,0.3959309635386901
0.03768709907341411,0.39661675620070863
0.037776193870277974,0.39661675620070863
0.037776193870277974,0.3967310549777117
0.03786528866714184,0.3967310549777117
0.03786528866714184,0.3968453537547148
0.03804347826086957,0.3968453537547148
0.03804347826086957,0.3969596525317179
0.038132573057733425,0.3969596525317179
0.038132573057733425,0.397073951308721
0.03822166785459729,0.397073951308721
0.03822166785459729,0.39730254886272715
0.038310762651461154,0.39730254886272715
0.038310762651461154,0.39855983540976114
0.03839985744832502,0.39855983540976114
0.03839985744832502,0.3989027317407704
0.03857804704205275,0.3989027317407704
0.03857804704205275,0.3990170305177735
0.038667141838916605,0.3990170305177735
0.038667141838916605,0.39993142073379817
0.038845331432644334,0.39993142073379817
0.038845331432644334,0.40016001828780434
0.0389344262295082,0.40016001828780434
0.0389344262295082,0.4013030060578352
0.03902352102637206,0.4013030060578352
0.03902352102637206,0.40176020116584754
0.03911261582323592,0.40176020116584754
0.03911261582323592,0.4026745913818722
0.039201710620099785,0.4026745913818722
0.039201710620099785,0.4029031889358784
0.039379900213827514,0.4029031889358784
0.039379900213827514,0.4035889815978969
0.03946899501069138,0.4035889815978969
0.03946899501069138,0.4038175791519031
0.039558089807555236,0.4038175791519031
0.039558089807555236,0.4045033718139216
0.039736279401282965,0.4045033718139216
0.039736279401282965,0.4046176705909247
0.03982537419814683,0.4046176705909247
0.03982537419814683,0.40553206080694937
0.04000356379187456,0.40553206080694937
0.04000356379187456,0.4059892559149617
0.040092658588738415,0.4059892559149617
0.040092658588738415,0.4061035546919648
0.04018175338560228,0.4061035546919648
0.04018175338560228,0.40633215224597097
0.040270848182466144,0.40633215224597097
0.040270848182466144,0.40736084123899874
0.04035994297933001,0.40736084123899874
0.04035994297933001,0.407703737570008
0.04053813257305773,0.407703737570008
0.04053813257305773,0.4078180363470111
0.040805416963649324,0.4078180363470111
0.040805416963649324,0.4083895302320265
0.040983606557377046,0.4083895302320265
0.040983606557377046,0.409075322894045
0.041161796151104775,0.409075322894045
0.041161796151104775,0.4102183106640759
0.04125089094796864,0.4102183106640759
0.04125089094796864,0.41044690821808205
0.041339985744832504,0.41044690821808205
0.041339985744832504,0.41056120699508514
0.041518175338560226,0.41056120699508514
0.041518175338560226,0.4106755057720882
0.041696364932287955,0.4106755057720882
0.041696364932287955,0.4110184021030975
0.04178545972915182,0.4110184021030975
0.04178545972915182,0.411704194765116
0.041874554526015684,0.411704194765116
0.041874554526015684,0.4125042862041376
0.04196364932287954,0.4125042862041376
0.04196364932287954,0.41296148131214994
0.04214183891660727,0.41296148131214994
0.04214183891660727,0.41353297519716536
0.042230933713471135,0.41353297519716536
0.042230933713471135,0.41364727397416845
0.042320028510335,0.41364727397416845
0.042320028510335,0.41376157275117154
0.04249821810406272,0.41376157275117154
0.04249821810406272,0.414333066636187
0.042587312900926586,0.414333066636187
0.042587312900926586,0.41501885929820553
0.04267640769779045,0.41501885929820553
0.04267640769779045,0.4153617556292148
0.042765502494654314,0.4153617556292148
0.042765502494654314,0.41559035318322096
0.04285459729151817,0.41559035318322096
0.04285459729151817,0.41570465196022405
0.042943692088382036,0.41570465196022405
0.042943692088382036,0.4160475482912333
0.0430327868852459,0.4160475482912333
0.0430327868852459,0.4168476397302549
0.043121881682109765,0.4168476397302549
0.043121881682109765,0.41730483483826725
0.04321097647897363,0.41730483483826725
0.04321097647897363,0.4175334323922734
0.043300071275837494,0.4175334323922734
0.043300071275837494,0.4178763287232827
0.04338916607270135,0.4178763287232827
0.04338916607270135,0.41799062750028576
0.043656450463292945,0.41799062750028576
0.043656450463292945,0.418333523831295
0.04374554526015681,0.418333523831295
0.04374554526015681,0.4185621213853012
0.04383464005702067,0.4185621213853012
0.04383464005702067,0.41901931649331353
0.04392373485388453,0.41901931649331353
0.04392373485388453,0.4191336152703166
0.044012829650748396,0.4191336152703166
0.044012829650748396,0.4192479140473197
0.04410192444761226,0.4192479140473197
0.04410192444761226,0.41959081037832896
0.044191019244476125,0.41959081037832896
0.044191019244476125,0.42050520059435365
0.04428011404133998,0.42050520059435365
0.04428011404133998,0.4207337981483598
0.04436920883820385,0.4207337981483598
0.04436920883820385,0.42141959081037833
0.04445830363506771,0.42141959081037833
0.04445830363506771,0.4217624871413876
0.044547398431931576,0.4217624871413876
0.044547398431931576,0.4218767859183907
0.044725588025659305,0.4218767859183907
0.044725588025659305,0.422333981026403
0.04481468282252316,0.422333981026403
0.04481468282252316,0.4224482798034061
0.04490377761938703,0.4224482798034061
0.04490377761938703,0.4226768773574123
0.045081967213114756,0.4226768773574123
0.045081967213114756,0.42279117613441536
0.04517106200997862,0.42279117613441536
0.04517106200997862,0.4232483712424277
0.04526015680684248,0.4232483712424277
0.04526015680684248,0.4241627614584524
0.045438346400570206,0.4241627614584524
0.045438346400570206,0.424962852897474
0.04552744119743407,0.424962852897474
0.04552744119743407,0.42519145045148016
0.045616535994297935,0.42519145045148016
0.045616535994297935,0.42610584066750484
0.04579472558802566,0.42610584066750484
0.04579472558802566,0.42622013944450793
0.04588382038488952,0.42622013944450793
0.04588382038488952,0.4265630357755172
0.045972915181753386,0.4265630357755172
0.045972915181753386,0.4272488284375357
0.04606200997861725,0.4272488284375357
0.04606200997861725,0.4273631272145388
0.04624019957234497,0.4273631272145388
0.04624019957234497,0.4281632186535604
0.04632929436920884,0.4281632186535604
0.04632929436920884,0.42839181620756656
0.04659657875980043,0.42839181620756656
0.04659657875980043,0.42850611498456964
0.04695295794725588,0.42850611498456964
0.04695295794725588,0.4294205052005943
0.047042052744119746,0.4294205052005943
0.047042052744119746,0.4296491027546005
0.04722024233784747,0.4296491027546005
0.04722024233784747,0.4298777003086067
0.04730933713471133,0.4298777003086067
0.04730933713471133,0.4301062978626129
0.04748752672843906,0.4301062978626129
0.04748752672843906,0.43033489541661907
0.047576621525302926,0.43033489541661907
0.047576621525302926,0.43193507829466227
0.04766571632216678,0.43193507829466227
0.04766571632216678,0.4323922734026746
0.04775481111903065,0.4323922734026746
0.04775481111903065,0.4326208709566808
0.04784390591589451,0.4326208709566808
0.04784390591589451,0.4331923648416962
0.04802209550962224,0.4331923648416962
0.04802209550962224,0.4338781575037147
0.0481111903064861,0.4338781575037147
0.0481111903064861,0.434221053834724
0.04820028510334996,0.434221053834724
0.04820028510334996,0.43444965138873015
0.04828937990021383,0.43444965138873015
0.04828937990021383,0.4366213281517888
0.04837847469707769,0.4366213281517888
0.04837847469707769,0.43673562692879186
0.048467569493941556,0.43673562692879186
0.048467569493941556,0.43684992570579495
0.04864575908766928,0.43684992570579495
0.04864575908766928,0.4373071208138073
0.04873485388453314,0.4373071208138073
0.04873485388453314,0.438221511029832
0.04882394868139701,0.438221511029832
0.04882394868139701,0.43833580980683506
0.04891304347826087,0.43833580980683506
0.04891304347826087,0.4387930049148474
0.049002138275124736,0.4387930049148474
0.049002138275124736,0.44005029146188135
0.049091233071988594,0.44005029146188135
0.049091233071988594,0.4403931877928906
0.04918032786885246,0.4403931877928906
0.04918032786885246,0.4413075780089153
0.04944761225944405,0.4413075780089153
0.04944761225944405,0.4418790718939307
0.04953670705630791,0.4418790718939307
0.04953670705630791,0.44233626700194306
0.04962580185317177,0.44233626700194306
0.04962580185317177,0.4426791633329523
0.04971489665003564,0.4426791633329523
0.04971489665003564,0.4427934621099554
0.0498039914468995,0.4427934621099554
0.0498039914468995,0.443593553548977
0.049982181040627224,0.443593553548977
0.049982181040627224,0.44393644987998626
0.05007127583749109,0.44393644987998626
0.05007127583749109,0.44405074865698935
0.05016037063435495,0.44405074865698935
0.05016037063435495,0.4445079437650017
0.05024946543121882,0.4445079437650017
0.05024946543121882,0.44485084009601095
0.05042765502494654,0.44485084009601095
0.05042765502494654,0.4450794376500171
0.050516749821810404,0.4450794376500171
0.050516749821810404,0.4453080352040233
0.05060584461867427,0.4453080352040233
0.05060584461867427,0.4463367241970511
0.05069493941553813,0.4463367241970511
0.05069493941553813,0.44690821808206654
0.050784034212402,0.44690821808206654
0.050784034212402,0.4472511144130758
0.05096222380612972,0.4472511144130758
0.05096222380612972,0.4473654131900789
0.051051318602993584,0.4473654131900789
0.051051318602993584,0.4479369070750943
0.05114041339985745,0.4479369070750943
0.05114041339985745,0.44862269973711283
0.05122950819672131,0.44862269973711283
0.05122950819672131,0.44930849239913134
0.051407697790449035,0.44930849239913134
0.051407697790449035,0.4496513887301406
0.0514967925873129,0.4496513887301406
0.0514967925873129,0.4497656875071437
0.051585887384176764,0.4497656875071437
0.051585887384176764,0.44999428506114986
0.05167498218104063,0.44999428506114986
0.05167498218104063,0.4512515716081838
0.05176407697790449,0.4512515716081838
0.05176407697790449,0.4520516630472054
0.05185317177476835,0.4520516630472054
0.05185317177476835,0.4526231569322208
0.051942266571632215,0.4526231569322208
0.051942266571632215,0.4537661447022517
0.05203136136849608,0.4537661447022517
0.05203136136849608,0.454223339810264
0.052120456165359944,0.454223339810264
0.052120456165359944,0.4544519373642702
0.05220955096222381,0.4544519373642702
0.05220955096222381,0.45479483369527945
0.05229864575908767,0.45479483369527945
0.05229864575908767,0.45490913247228254
0.05238774055595153,0.45490913247228254
0.05238774055595153,0.4559378214653103
0.052476835352815394,0.4559378214653103
0.052476835352815394,0.45639501657332265
0.05256593014967926,0.45639501657332265
0.05256593014967926,0.456852211681335
0.05265502494654312,0.456852211681335
0.05265502494654312,0.45708080923534117
0.05274411974340699,0.45708080923534117
0.05274411974340699,0.45719510801234425
0.05292230933713471,0.45719510801234425
0.05292230933713471,0.45788090067436277
0.053011404133998574,0.45788090067436277
0.053011404133998574,0.4585666933363813
0.05310049893086244,0.4585666933363813
0.05310049893086244,0.4591381872213967
0.0531895937277263,0.4591381872213967
0.0531895937277263,0.4593667847754029
0.05327868852459016,0.4593667847754029
0.05327868852459016,0.46028117499142757
0.053367783321454025,0.46028117499142757
0.053367783321454025,0.46050977254543374
0.053545972915181754,0.46050977254543374
0.053545972915181754,0.46176705909246774
0.05363506771204562,0.46176705909246774
0.05363506771204562,0.462109955423477
0.05372416250890948,0.462109955423477
0.05372416250890948,0.46256715053148934
0.05381325730577334,0.46256715053148934
0.05381325730577334,0.463481540747514
0.053902352102637205,0.463481540747514
0.053902352102637205,0.4635958395245171
0.054080541696364934,0.4635958395245171
0.054080541696364934,0.4637101383015202
0.0541696364932288,0.4637101383015202
0.0541696364932288,0.46405303463252945
0.05434782608695652,0.46405303463252945
0.05434782608695652,0.4642816321865356
0.054436920883820385,0.4642816321865356
0.054436920883820385,0.4645102297405418
0.05452601568068425,0.4645102297405418
0.05452601568068425,0.4646245285175449
0.054615110477548114,0.4646245285175449
0.054615110477548114,0.4653103211795634
0.05470420527441197,0.4653103211795634
0.05470420527441197,0.4654246199565665
0.054793300071275836,0.4654246199565665
0.054793300071275836,0.466110412618585
0.0548823948681397,0.466110412618585
0.0548823948681397,0.46656760772659733
0.054971489665003564,0.46656760772659733
0.054971489665003564,0.4670248028346097
0.05506058446186743,0.4670248028346097
0.05506058446186743,0.46713910161161276
0.05514967925873129,0.46713910161161276
0.05514967925873129,0.4678248942736313
0.05523877405559515,0.4678248942736313
0.05523877405559515,0.46885358326665905
0.055327868852459015,0.46885358326665905
0.055327868852459015,0.46896788204366213
0.05541696364932288,0.46896788204366213
0.05541696364932288,0.4691964795976683
0.055684248039914466,0.4691964795976683
0.055684248039914466,0.46953937592867756
0.05577334283677833,0.46953937592867756
0.05577334283677833,0.46965367470568065
0.055862437633642195,0.46965367470568065
0.055862437633642195,0.470110869813693
0.05595153243050606,0.470110869813693
0.05595153243050606,0.4702251685906961
0.056040627227369924,0.4702251685906961
0.056040627227369924,0.47056806492170533
0.056218816821097646,0.47056806492170533
0.056218816821097646,0.4709109612527146
0.05630791161796151,0.4709109612527146
0.05630791161796151,0.47113955880672076
0.05648610121168924,0.47113955880672076
0.05648610121168924,0.47136815636072693
0.056575196008553104,0.47136815636072693
0.056575196008553104,0.47148245513773
0.05666429080541696,0.47148245513773
0.05666429080541696,0.4722825465767516
0.056753385602280826,0.4722825465767516
0.056753385602280826,0.47285404046176704
0.05684248039914469,0.47285404046176704
0.05684248039914469,0.4734255343467825
0.056931575196008555,0.4734255343467825
0.056931575196008555,0.47376843067779173
0.05719885958660014,0.47376843067779173
0.05719885958660014,0.4755972111098411
0.05737704918032787,0.4755972111098411
0.05737704918032787,0.4757115098868442
0.057466143977191735,0.4757115098868442
0.057466143977191735,0.47594010744085036
0.05755523877405559,0.47594010744085036
0.05755523877405559,0.4762830037718596
0.05773342836778332,0.4762830037718596
0.05773342836778332,0.4763973025488627
0.058000712758374914,0.4763973025488627
0.058000712758374914,0.4765116013258658
0.05808980755523877,0.4765116013258658
0.05808980755523877,0.476740198879872
0.058178902352102636,0.476740198879872
0.058178902352102636,0.4768544976568751
0.0582679971489665,0.4768544976568751
0.0582679971489665,0.47731169276488744
0.05853528153955809,0.47731169276488744
0.05853528153955809,0.4774259915418905
0.05862437633642195,0.4774259915418905
0.05862437633642195,0.4782260829809121
0.058713471133285816,0.4782260829809121
0.058713471133285816,0.4783403817579152
0.058891660727013545,0.4783403817579152
0.058891660727013545,0.4790261744199337
0.05933713471133286,0.4790261744199337
0.05933713471133286,0.4791404731969368
0.05951532430506058,0.4791404731969368
0.05951532430506058,0.4792547719739399
0.05960441910192445,0.4792547719739399
0.05960441910192445,0.48051205852097384
0.05969351389878831,0.48051205852097384
0.05969351389878831,0.48119785118299235
0.059782608695652176,0.48119785118299235
0.059782608695652176,0.48131214995999544
0.05987170349251604,0.48131214995999544
0.05987170349251604,0.4817693450680078
0.0599607982893799,0.4817693450680078
0.0599607982893799,0.48188364384501087
0.06013898788310763,0.48188364384501087
0.06013898788310763,0.48199794262201395
0.060317177476835356,0.48199794262201395
0.060317177476835356,0.4824551377300263
0.06040627227369921,0.4824551377300263
0.06040627227369921,0.4831409303920448
0.06058446186742694,0.4831409303920448
0.06058446186742694,0.4841696193850726
0.060673556664290806,0.4841696193850726
0.060673556664290806,0.484741113270088
0.06094084105488239,0.484741113270088
0.06094084105488239,0.4855412047091096
0.06102993585174626,0.4855412047091096
0.06102993585174626,0.4857698022631158
0.061208125445473986,0.4857698022631158
0.061208125445473986,0.48588410104011887
0.06129722024233785,0.48588410104011887
0.06129722024233785,0.48611269859412504
0.06156450463292944,0.48611269859412504
0.06156450463292944,0.48679849125614355
0.0616535994297933,0.48679849125614355
0.0616535994297933,0.487369985141159
0.061742694226657166,0.487369985141159
0.061742694226657166,0.48759858269516515
0.061831789023521024,0.48759858269516515
0.061831789023521024,0.48771288147216824
0.06192088382038489,0.48771288147216824
0.06192088382038489,0.4878271802491713
0.06209907341411262,0.4878271802491713
0.06209907341411262,0.48828437535718366
0.06218816821097648,0.48828437535718366
0.06218816821097648,0.48839867413418675
0.0623663578047042,0.48839867413418675
0.0623663578047042,0.48851297291118984
0.06245545260156807,0.48851297291118984
0.06245545260156807,0.4889701680192022
0.06254454739843193,0.4889701680192022
0.06254454739843193,0.48908446679620526
0.0626336421952958,0.48908446679620526
0.0626336421952958,0.48919876557320835
0.06272273699215966,0.48919876557320835
0.06272273699215966,0.4895416619042176
0.06281183178902353,0.4895416619042176
0.06281183178902353,0.4897702594582238
0.06299002138275124,0.4897702594582238
0.06299002138275124,0.4902274545662361
0.0630791161796151,0.4902274545662361
0.0630791161796151,0.4904560521202423
0.06316821097647897,0.4904560521202423
0.06316821097647897,0.4911418447822608
0.06325730577334283,0.4911418447822608
0.06325730577334283,0.4912561435592639
0.0633464005702067,0.4912561435592639
0.0633464005702067,0.491370442336267
0.06343549536707056,0.491370442336267
0.06343549536707056,0.49148474111327006
0.06361368496079829,0.49148474111327006
0.06361368496079829,0.49159903989027315
0.06370277975766216,0.49159903989027315
0.06370277975766216,0.4918276374442793
0.06388096935138989,0.4918276374442793
0.06388096935138989,0.4919419362212824
0.0640591589451176,0.4919419362212824
0.0640591589451176,0.4920562349982855
0.06414825374198146,0.4920562349982855
0.06414825374198146,0.492627728883301
0.06423734853884533,0.492627728883301
0.06423734853884533,0.49285632643730715
0.0643264433357092,0.49285632643730715
0.0643264433357092,0.4931992227683164
0.06441553813257306,0.4931992227683164
0.06441553813257306,0.4934278203223226
0.06450463292943692,0.4934278203223226
0.06450463292943692,0.49354211909932566
0.06459372772630079,0.49354211909932566
0.06459372772630079,0.49365641787632875
0.06468282252316465,0.49365641787632875
0.06468282252316465,0.49377071665333183
0.06477191732002852,0.49377071665333183
0.06477191732002852,0.493999314207338
0.06486101211689238,0.493999314207338
0.06486101211689238,0.4942279117613442
0.0650392017106201,0.4942279117613442
0.0650392017106201,0.49457080809235343
0.06521739130434782,0.49457080809235343
0.06521739130434782,0.4950280032003658
0.06530648610121169,0.4950280032003658
0.06530648610121169,0.4958280946393874
0.06539558089807555,0.4958280946393874
0.06539558089807555,0.4970853811864213
0.06548467569493942,0.4970853811864213
0.06548467569493942,0.4981140701794491
0.06557377049180328,0.4981140701794491
0.06557377049180328,0.4989141616184707
0.06566286528866715,0.4989141616184707
0.06566286528866715,0.49902846039547377
0.06575196008553101,0.49902846039547377
0.06575196008553101,0.49937135672648303
0.06601924447612259,0.49937135672648303
0.06601924447612259,0.4994856555034861
0.06646471846044191,0.4994856555034861
0.06646471846044191,0.49982855183449537
0.06655381325730578,0.49982855183449537
0.06655381325730578,0.5004000457195108
0.06664290805416964,0.5004000457195108
0.06664290805416964,0.500628643273517
0.0667320028510335,0.500628643273517
0.0667320028510335,0.5010858383815293
0.06682109764789736,0.5010858383815293
0.06682109764789736,0.5015430334895417
0.06691019244476122,0.5015430334895417
0.06691019244476122,0.5018859298205509
0.06717747683535281,0.5018859298205509
0.06717747683535281,0.5032575151445879
0.06726657163221668,0.5032575151445879
0.06726657163221668,0.5050862955766373
0.06744476122594441,0.5050862955766373
0.06744476122594441,0.5055434906846497
0.06753385602280827,0.5055434906846497
0.06753385602280827,0.5056577894616527
0.06771204561653599,0.5056577894616527
0.06771204561653599,0.5057720882386558
0.06780114041339985,0.5057720882386558
0.06780114041339985,0.5058863870156589
0.06789023521026372,0.5058863870156589
0.06789023521026372,0.5062292833466682
0.06797933000712758,0.5062292833466682
0.06797933000712758,0.5064578809006743
0.06815751960085531,0.5064578809006743
0.06815751960085531,0.5068007772316836
0.06824661439771917,0.5068007772316836
0.06824661439771917,0.5072579723396959
0.06833570919458304,0.5072579723396959
0.06833570919458304,0.5074865698937021
0.06860299358517463,0.5074865698937021
0.06860299358517463,0.5084009601097268
0.06869208838203848,0.5084009601097268
0.06869208838203848,0.508629557663733
0.06878118317890235,0.508629557663733
0.06878118317890235,0.5093153503257515
0.06887027797576621,0.5093153503257515
0.06887027797576621,0.5098868442107669
0.06895937277263008,0.5098868442107669
0.06895937277263008,0.5101154417647731
0.06922665716322167,0.5101154417647731
0.06922665716322167,0.5102297405417762
0.06931575196008553,0.5102297405417762
0.06931575196008553,0.5112584295348039
0.0694048467569494,0.5112584295348039
0.0694048467569494,0.5116013258658132
0.06949394155381326,0.5116013258658132
0.06949394155381326,0.5117156246428163
0.06958303635067713,0.5117156246428163
0.06958303635067713,0.5118299234198194
0.06967213114754098,0.5118299234198194
0.06967213114754098,0.5119442221968225
0.06976122594440484,0.5119442221968225
0.06976122594440484,0.512630014858841
0.0698503207412687,0.512630014858841
0.0698503207412687,0.5128586124128471
0.06993941553813257,0.5128586124128471
0.06993941553813257,0.5132015087438564
0.07002851033499644,0.5132015087438564
0.07002851033499644,0.5133158075208595
0.0701176051318603,0.5133158075208595
0.0701176051318603,0.5136587038518687
0.07020669992872416,0.5136587038518687
0.07020669992872416,0.5138873014058749
0.0703848895224519,0.5138873014058749
0.0703848895224519,0.515373185506915
0.07047398431931576,0.515373185506915
0.07047398431931576,0.5154874842839181
0.07074126870990734,0.5154874842839181
0.07074126870990734,0.5158303806149275
0.0708303635067712,0.5158303806149275
0.0708303635067712,0.5161732769459367
0.07100855310049893,0.5161732769459367
0.07100855310049893,0.5173162647159676
0.0710976478973628,0.5173162647159676
0.0710976478973628,0.5184592524859984
0.07118674269422666,0.5184592524859984
0.07118674269422666,0.5193736427020231
0.07136493228795439,0.5193736427020231
0.07136493228795439,0.5199451365870386
0.07145402708481825,0.5199451365870386
0.07145402708481825,0.5214310206880787
0.0715431218816821,0.5214310206880787
0.0715431218816821,0.5221168133500972
0.07172131147540983,0.5221168133500972
0.07172131147540983,0.5224597096811064
0.07189950106913756,0.5224597096811064
0.07189950106913756,0.5225740084581095
0.07207769066286529,0.5225740084581095
0.07207769066286529,0.5226883072351126
0.07216678545972915,0.5226883072351126
0.07216678545972915,0.5230312035661219
0.07225588025659302,0.5230312035661219
0.07225588025659302,0.523145502343125
0.07234497505345688,0.523145502343125
0.07234497505345688,0.5233740998971311
0.0725231646471846,0.5233740998971311
0.0725231646471846,0.5234883986741342
0.07261225944404846,0.5234883986741342
0.07261225944404846,0.5236026974511373
0.07270135424091233,0.5236026974511373
0.07270135424091233,0.5240598925591496
0.07305773342836779,0.5240598925591496
0.07305773342836779,0.5242884901131558
0.07314682822523165,0.5242884901131558
0.07314682822523165,0.5246313864441651
0.07323592302209551,0.5246313864441651
0.07323592302209551,0.5249742827751743
0.07332501781895938,0.5249742827751743
0.07332501781895938,0.5250885815521774
0.07341411261582323,0.5250885815521774
0.07341411261582323,0.5252028803291805
0.0735032074126871,0.5252028803291805
0.0735032074126871,0.5255457766601898
0.07377049180327869,0.5255457766601898
0.07377049180327869,0.5256600754371928
0.07403777619387028,0.5256600754371928
0.07403777619387028,0.5257743742141959
0.07412687099073414,0.5257743742141959
0.07412687099073414,0.525888672991199
0.07421596578759801,0.525888672991199
0.07421596578759801,0.5264601668762144
0.07430506058446187,0.5264601668762144
0.07430506058446187,0.5265744656532175
0.07439415538132572,0.5265744656532175
0.07439415538132572,0.5278317522002515
0.07457234497505345,0.5278317522002515
0.07457234497505345,0.52851754486227
0.07466143977191732,0.52851754486227
0.07466143977191732,0.5295462338552978
0.07475053456878118,0.5295462338552978
0.07475053456878118,0.529889130186307
0.07483962936564505,0.529889130186307
0.07483962936564505,0.5301177277403132
0.07492872416250891,0.5301177277403132
0.07492872416250891,0.5303463252943194
0.07501781895937278,0.5303463252943194
0.07501781895937278,0.5306892216253286
0.07510691375623664,0.5306892216253286
0.07510691375623664,0.531260715510344
0.0751960085531005,0.531260715510344
0.0751960085531005,0.5314893130643502
0.07546329294369208,0.5314893130643502
0.07546329294369208,0.5321751057263687
0.07555238774055595,0.5321751057263687
0.07555238774055595,0.5326323008343811
0.07581967213114754,0.5326323008343811
0.07581967213114754,0.5332037947193965
0.07599786172487527,0.5332037947193965
0.07599786172487527,0.5334323922734027
0.076176051318603,0.5334323922734027
0.076176051318603,0.5345753800434335
0.07626514611546685,0.5345753800434335
0.07626514611546685,0.5346896788204366
0.07635424091233071,0.5346896788204366
0.07635424091233071,0.5348039775974397
0.07644333570919458,0.5348039775974397
0.07644333570919458,0.535146873928449
0.07653243050605844,0.535146873928449
0.07653243050605844,0.5354897702594582
0.07662152530292231,0.5354897702594582
0.07662152530292231,0.5357183678134644
0.07671062009978617,0.5357183678134644
0.07671062009978617,0.5359469653674706
0.07679971489665004,0.5359469653674706
0.07679971489665004,0.5360612641444736
0.07697790449037777,0.5360612641444736
0.07697790449037777,0.5361755629214767
0.07706699928724163,0.5361755629214767
0.07706699928724163,0.5362898616984798
0.0771560940841055,0.5362898616984798
0.0771560940841055,0.5364041604754829
0.07733428367783321,0.5364041604754829
0.07733428367783321,0.536518459252486
0.07742337847469707,0.536518459252486
0.07742337847469707,0.5368613555834952
0.07751247327156094,0.5368613555834952
0.07751247327156094,0.5370899531375014
0.0776015680684248,0.5370899531375014
0.0776015680684248,0.5373185506915076
0.07777975766215253,0.5373185506915076
0.07777975766215253,0.5376614470225168
0.0778688524590164,0.5376614470225168
0.0778688524590164,0.5384615384615384
0.07795794725588026,0.5384615384615384
0.07795794725588026,0.5388044347925477
0.07804704205274413,0.5388044347925477
0.07804704205274413,0.5390330323465539
0.07813613684960798,0.5390330323465539
0.07813613684960798,0.539147331123557
0.07822523164647184,0.539147331123557
0.07822523164647184,0.5397188250085724
0.0783143264433357,0.5397188250085724
0.0783143264433357,0.5399474225625785
0.07840342124019957,0.5399474225625785
0.07840342124019957,0.5404046176705909
0.0785816108339273,0.5404046176705909
0.0785816108339273,0.540518916447594
0.07875980042765503,0.540518916447594
0.07875980042765503,0.5408618127786032
0.07893799002138276,0.5408618127786032
0.07893799002138276,0.5409761115556063
0.07902708481824662,0.5409761115556063
0.07902708481824662,0.5412047091096125
0.07911617961511047,0.5412047091096125
0.07911617961511047,0.5414333066636187
0.0792943692088382,0.5414333066636187
0.0792943692088382,0.5415476054406217
0.07938346400570206,0.5415476054406217
0.07938346400570206,0.5423476968796433
0.0795616535994298,0.5423476968796433
0.0795616535994298,0.5428048919876557
0.07991803278688525,0.5428048919876557
0.07991803278688525,0.5430334895416619
0.08000712758374912,0.5430334895416619
0.08000712758374912,0.5436049834266773
0.08009622238061297,0.5436049834266773
0.08009622238061297,0.5437192822036804
0.08045260156806842,0.5437192822036804
0.08045260156806842,0.5440621785346896
0.08054169636493229,0.5440621785346896
0.08054169636493229,0.5441764773116927
0.08089807555238775,0.5441764773116927
0.08089807555238775,0.5442907760886958
0.0809871703492516,0.5442907760886958
0.0809871703492516,0.5444050748656989
0.08107626514611546,0.5444050748656989
0.08107626514611546,0.5454337638587267
0.08134354953670705,0.5454337638587267
0.08134354953670705,0.5455480626357297
0.08152173913043478,0.5455480626357297
0.08152173913043478,0.5457766601897359
0.08161083392729865,0.5457766601897359
0.08161083392729865,0.5466910504057606
0.08169992872416251,0.5466910504057606
0.08169992872416251,0.5468053491827637
0.08178902352102638,0.5468053491827637
0.08178902352102638,0.5471482455137731
0.08187811831789024,0.5471482455137731
0.08187811831789024,0.5476054406217854
0.08196721311475409,0.5476054406217854
0.08196721311475409,0.5479483369527947
0.08214540270848182,0.5479483369527947
0.08214540270848182,0.5488627271688193
0.08223449750534569,0.5488627271688193
0.08223449750534569,0.5489770259458224
0.08232359230220955,0.5489770259458224
0.08232359230220955,0.5490913247228255
0.08241268709907341,0.5490913247228255
0.08241268709907341,0.5494342210538348
0.08250178189593728,0.5494342210538348
0.08250178189593728,0.5495485198308379
0.08259087669280114,0.5495485198308379
0.08259087669280114,0.549777117384844
0.08267997148966501,0.549777117384844
0.08267997148966501,0.5500057149388502
0.08276906628652887,0.5500057149388502
0.08276906628652887,0.5501200137158533
0.08294725588025659,0.5501200137158533
0.08294725588025659,0.5508058063778718
0.08312544547398432,0.5508058063778718
0.08312544547398432,0.5516058978168934
0.08321454027084818,0.5516058978168934
0.08321454027084818,0.5517201965938965
0.08330363506771205,0.5517201965938965
0.08330363506771205,0.5529774831409304
0.08339272986457591,0.5529774831409304
0.08339272986457591,0.5530917819179335
0.08348182466143977,0.5530917819179335
0.08348182466143977,0.5532060806949366
0.08357091945830364,0.5532060806949366
0.08357091945830364,0.5536632758029489
0.0836600142551675,0.5536632758029489
0.0836600142551675,0.5538918733569551
0.08392729864575908,0.5538918733569551
0.08392729864575908,0.5540061721339582
0.08428367783321454,0.5540061721339582
0.08428367783321454,0.5541204709109613
0.08464005702067,0.5541204709109613
0.08464005702067,0.5543490684649675
0.08472915181753386,0.5543490684649675
0.08472915181753386,0.5548062635729798
0.08490734141126158,0.5548062635729798
0.08490734141126158,0.555149159903989
0.08499643620812544,0.555149159903989
0.08499643620812544,0.5552634586809921
0.0850855310049893,0.5552634586809921
0.0850855310049893,0.5554920562349983
0.08517462580185317,0.5554920562349983
0.08517462580185317,0.5558349525660076
0.08526372059871704,0.5558349525660076
0.08526372059871704,0.5562921476740199
0.0853528153955809,0.5562921476740199
0.0853528153955809,0.5569779403360384
0.08544191019244476,0.5569779403360384
0.08544191019244476,0.5570922391130415
0.08553100498930863,0.5570922391130415
0.08553100498930863,0.5572065378900446
0.08570919458303634,0.5572065378900446
0.08570919458303634,0.5575494342210539
0.08579828937990021,0.5575494342210539
0.08579828937990021,0.55777803177506
0.08588738417676407,0.55777803177506
0.08588738417676407,0.5582352268830724
0.08615466856735567,0.5582352268830724
0.08615466856735567,0.5583495256600755
0.08624376336421953,0.5583495256600755
0.08624376336421953,0.5584638244370785
0.0863328581610834,0.5584638244370785
0.0863328581610834,0.5585781232140816
0.08651104775481112,0.5585781232140816
0.08651104775481112,0.5593782146531032
0.08660014255167499,0.5593782146531032
0.08660014255167499,0.5594925134301063
0.0867783321454027,0.5594925134301063
0.0867783321454027,0.5602926048691279
0.0870456165359943,0.5602926048691279
0.0870456165359943,0.560406903646131
0.08713471133285816,0.560406903646131
0.08713471133285816,0.5605212024231341
0.08722380612972203,0.5605212024231341
0.08722380612972203,0.5606355012001372
0.08740199572344975,0.5606355012001372
0.08740199572344975,0.5608640987541433
0.08749109052031362,0.5608640987541433
0.08749109052031362,0.5609783975311464
0.08758018531717748,0.5609783975311464
0.08758018531717748,0.5614355926391588
0.0877583749109052,0.5614355926391588
0.0877583749109052,0.5622356840781804
0.08784746970776906,0.5622356840781804
0.08784746970776906,0.5628071779631958
0.08802565930149679,0.5628071779631958
0.08802565930149679,0.5629214767401989
0.08811475409836066,0.5629214767401989
0.08811475409836066,0.563150074294205
0.08829294369208839,0.563150074294205
0.08829294369208839,0.5633786718482112
0.08847113328581611,0.5633786718482112
0.08847113328581611,0.5636072694022174
0.08856022808267996,0.5636072694022174
0.08856022808267996,0.5648645559492513
0.08864932287954383,0.5648645559492513
0.08864932287954383,0.5649788547262544
0.0887384176764077,0.5649788547262544
0.0887384176764077,0.5650931535032575
0.08882751247327156,0.5650931535032575
0.08882751247327156,0.5653217510572637
0.08891660727013542,0.5653217510572637
0.08891660727013542,0.5654360498342668
0.08927298645759088,0.5654360498342668
0.08927298645759088,0.5656646473882729
0.08936208125445474,0.5656646473882729
0.08936208125445474,0.5658932449422791
0.08971846044191019,0.5658932449422791
0.08971846044191019,0.5661218424962853
0.08989665003563792,0.5661218424962853
0.08989665003563792,0.5662361412732884
0.08998574483250178,0.5662361412732884
0.08998574483250178,0.5665790376042976
0.09007483962936565,0.5665790376042976
0.09007483962936565,0.5669219339353069
0.09016393442622951,0.5669219339353069
0.09016393442622951,0.56703623271231
0.09069850320741268,0.56703623271231
0.09069850320741268,0.5679506229283346
0.09096578759800428,0.5679506229283346
0.09096578759800428,0.5682935192593439
0.09105488239486814,0.5682935192593439
0.09105488239486814,0.568407818036347
0.09132216678545974,0.568407818036347
0.09132216678545974,0.5685221168133501
0.09141126158232359,0.5685221168133501
0.09141126158232359,0.5689793119213624
0.09150035637918745,0.5689793119213624
0.09150035637918745,0.5690936106983655
0.09158945117605131,0.5690936106983655
0.09158945117605131,0.5693222082523717
0.09167854597291518,0.5693222082523717
0.09167854597291518,0.5694365070293748
0.09185673556664291,0.5694365070293748
0.09185673556664291,0.569779403360384
0.09203492516037064,0.569779403360384
0.09203492516037064,0.5700080009143902
0.09230220955096223,0.5700080009143902
0.09230220955096223,0.5701222996913933
0.09239130434782608,0.5701222996913933
0.09239130434782608,0.5703508972453994
0.09265858873841767,0.5703508972453994
0.09265858873841767,0.5704651960224025
0.09274768353528154,0.5704651960224025
0.09274768353528154,0.5705794947994056
0.0928367783321454,0.5705794947994056
0.0928367783321454,0.571150988684421
0.09301496792587313,0.571150988684421
0.09301496792587313,0.5712652874614241
0.093104062722737,0.5712652874614241
0.093104062722737,0.5714938850154303
0.09328225231646471,0.5714938850154303
0.09328225231646471,0.5716081837924334
0.09337134711332858,0.5716081837924334
0.09337134711332858,0.5717224825694365
0.09346044191019244,0.5717224825694365
0.09346044191019244,0.5718367813464396
0.09363863150392017,0.5718367813464396
0.09363863150392017,0.5719510801234426
0.0938168210976479,0.5719510801234426
0.0938168210976479,0.5726368727854612
0.09390591589451176,0.5726368727854612
0.09390591589451176,0.5727511715624642
0.09399501069137563,0.5727511715624642
0.09399501069137563,0.5734369642244828
0.09408410548823949,0.5734369642244828
0.09408410548823949,0.5735512630014858
0.09417320028510336,0.5735512630014858
0.09417320028510336,0.5736655617784889
0.09444048467569494,0.5736655617784889
0.09444048467569494,0.5743513544405074
0.09461867426942266,0.5743513544405074
0.09461867426942266,0.5744656532175105
0.0947968638631504,0.5744656532175105
0.0947968638631504,0.5748085495485198
0.09488595866001426,0.5748085495485198
0.09488595866001426,0.5749228483255229
0.09506414825374199,0.5749228483255229
0.09506414825374199,0.575151445879529
0.0952423378474697,0.575151445879529
0.0952423378474697,0.5754943422105383
0.09533143264433357,0.5754943422105383
0.09533143264433357,0.5756086409875414
0.09542052744119743,0.5756086409875414
0.09542052744119743,0.5757229397645445
0.0955096222380613,0.5757229397645445
0.0955096222380613,0.5761801348725568
0.09568781183178902,0.5761801348725568
0.09568781183178902,0.5767516287575722
0.09586600142551675,0.5767516287575722
0.09586600142551675,0.5768659275345753
0.09613328581610833,0.5768659275345753
0.09613328581610833,0.5769802263115784
0.09631147540983606,0.5769802263115784
0.09631147540983606,0.5770945250885815
0.09640057020669993,0.5770945250885815
0.09640057020669993,0.5773231226425877
0.09648966500356379,0.5773231226425877
0.09648966500356379,0.5776660189735969
0.09657875980042765,0.5776660189735969
0.09657875980042765,0.5777803177506
0.09684604419101925,0.5777803177506
0.09684604419101925,0.5780089153046062
0.09693513898788311,0.5780089153046062
0.09693513898788311,0.5781232140816093
0.09738061297220242,0.5781232140816093
0.09738061297220242,0.5783518116356156
0.09746970776906629,0.5783518116356156
0.09746970776906629,0.5785804091896217
0.09755880256593015,0.5785804091896217
0.09755880256593015,0.5788090067436279
0.09764789736279401,0.5788090067436279
0.09764789736279401,0.5790376042976341
0.09773699215965788,0.5790376042976341
0.09773699215965788,0.5792662018516402
0.09782608695652174,0.5792662018516402
0.09782608695652174,0.5794947994056464
0.09809337134711332,0.5794947994056464
0.09809337134711332,0.5796090981826495
0.09818246614397719,0.5796090981826495
0.09818246614397719,0.5797233969596526
0.09836065573770492,0.5797233969596526
0.09836065573770492,0.5801805920676649
0.09844975053456878,0.5801805920676649
0.09844975053456878,0.5807520859526804
0.09862794012829651,0.5807520859526804
0.09862794012829651,0.5810949822836896
0.09871703492516037,0.5810949822836896
0.09871703492516037,0.5818950737227112
0.09898431931575195,0.5818950737227112
0.09898431931575195,0.5820093724997143
0.09934069850320741,0.5820093724997143
0.09934069850320741,0.5821236712767174
0.09942979330007128,0.5821236712767174
0.09942979330007128,0.5823522688307236
0.09969707769066287,0.5823522688307236
0.09969707769066287,0.5825808663847297
0.09978617248752673,0.5825808663847297
0.09978617248752673,0.5828094639387359
0.0998752672843906,0.5828094639387359
0.0998752672843906,0.5833809578237513
0.10005345687811831,0.5833809578237513
0.10005345687811831,0.5840667504857698
0.10023164647184604,0.5840667504857698
0.10023164647184604,0.5844096468167791
0.10040983606557377,0.5844096468167791
0.10040983606557377,0.5846382443707853
0.10049893086243764,0.5846382443707853
0.10049893086243764,0.5853240370328038
0.10067712045616536,0.5853240370328038
0.10067712045616536,0.585666933363813
0.10076621525302923,0.585666933363813
0.10076621525302923,0.5861241284718254
0.10085531004989308,0.5861241284718254
0.10085531004989308,0.5865813235798377
0.10094440484675694,0.5865813235798377
0.10094440484675694,0.5866956223568408
0.10103349964362081,0.5866956223568408
0.10103349964362081,0.5871528174648531
0.10121168923734854,0.5871528174648531
0.10121168923734854,0.5872671162418562
0.10138987883107627,0.5872671162418562
0.10138987883107627,0.5873814150188593
0.10147897362794013,0.5873814150188593
0.10147897362794013,0.5874957137958624
0.10165716322166786,0.5874957137958624
0.10165716322166786,0.5876100125728655
0.10174625801853172,0.5876100125728655
0.10174625801853172,0.5877243113498686
0.10192444761225944,0.5877243113498686
0.10192444761225944,0.5879529089038747
0.10210263720598717,0.5879529089038747
0.10210263720598717,0.5880672076808778
0.10219173200285103,0.5880672076808778
0.10219173200285103,0.5884101040118871
0.1022808267997149,0.5884101040118871
0.1022808267997149,0.5887530003428963
0.10245901639344263,0.5887530003428963
0.10245901639344263,0.5889815978969025
0.10254811119030649,0.5889815978969025
0.10254811119030649,0.5893244942279118
0.10272630078403422,0.5893244942279118
0.10272630078403422,0.589553091781918
0.10281539558089807,0.589553091781918
0.10281539558089807,0.589667390558921
0.1029935851746258,0.589667390558921
0.1029935851746258,0.5898959881129272
0.1029935851746258,0.5901245856669334
0.1029935851746258,0.5903531832209395
0.10317177476835353,0.5903531832209395
0.10317177476835353,0.5904674819979426
0.10361724875267285,0.5904674819979426
0.10361724875267285,0.5905817807749457
0.1037063435495367,0.5905817807749457
0.1037063435495367,0.5906960795519488
0.10388453314326443,0.5906960795519488
0.10388453314326443,0.5913818722139673
0.1039736279401283,0.5913818722139673
0.1039736279401283,0.5914961709909704
0.10415181753385602,0.5914961709909704
0.10415181753385602,0.5917247685449766
0.10424091233071989,0.5917247685449766
0.10424091233071989,0.5918390673219797
0.10450819672131148,0.5918390673219797
0.10450819672131148,0.5920676648759858
0.10459729151817534,0.5920676648759858
0.10459729151817534,0.5924105612069951
0.10486457590876692,0.5924105612069951
0.10486457590876692,0.5925248599839982
0.10495367070563079,0.5925248599839982
0.10495367070563079,0.5926391587610013
0.10504276550249465,0.5926391587610013
0.10504276550249465,0.5932106526460167
0.10522095509622238,0.5932106526460167
0.10522095509622238,0.593553548977026
0.10557733428367784,0.593553548977026
0.10557733428367784,0.5940107440850383
0.10575552387740556,0.5940107440850383
0.10575552387740556,0.5941250428620414
0.10584461867426942,0.5941250428620414
0.10584461867426942,0.5945822379700537
0.10593371347113328,0.5945822379700537
0.10593371347113328,0.5950394330780661
0.10602280826799715,0.5950394330780661
0.10602280826799715,0.5953823294090753
0.10655737704918032,0.5953823294090753
0.10655737704918032,0.5957252257400846
0.10691375623663578,0.5957252257400846
0.10691375623663578,0.5962967196251
0.10709194583036351,0.5962967196251
0.10709194583036351,0.5964110184021031
0.10744832501781897,0.5964110184021031
0.10744832501781897,0.5967539147331123
0.10780470420527441,0.5967539147331123
0.10780470420527441,0.5972111098411247
0.10798289379900214,0.5972111098411247
0.10798289379900214,0.5977826037261401
0.108071988595866,0.5977826037261401
0.108071988595866,0.5980112012801463
0.10816108339272987,0.5980112012801463
0.10816108339272987,0.5981255000571494
0.10825017818959373,0.5981255000571494
0.10825017818959373,0.5984683963881586
0.1083392729864576,0.5984683963881586
0.1083392729864576,0.5985826951651617
0.10860655737704918,0.5985826951651617
0.10860655737704918,0.5988112927191679
0.1087847469707769,0.5988112927191679
0.1087847469707769,0.5996113841581895
0.10887384176764077,0.5996113841581895
0.10887384176764077,0.6004114755972111
0.1090520313613685,0.6004114755972111
0.1090520313613685,0.6008686707052234
0.10914112615823236,0.6008686707052234
0.10914112615823236,0.6009829694822265
0.10923022095509623,0.6009829694822265
0.10923022095509623,0.6010972682592296
0.10931931575196009,0.6010972682592296
0.10931931575196009,0.6012115670362327
0.10940841054882394,0.6012115670362327
0.10940841054882394,0.6013258658132358
0.10967569493941554,0.6013258658132358
0.10967569493941554,0.6014401645902389
0.1097647897362794,0.6014401645902389
0.1097647897362794,0.601668762144245
0.10994297933000713,0.601668762144245
0.10994297933000713,0.6021259572522574
0.110032074126871,0.6021259572522574
0.110032074126871,0.6022402560292605
0.11012116892373486,0.6022402560292605
0.11012116892373486,0.6024688535832666
0.11029935851746259,0.6024688535832666
0.11029935851746259,0.6031546462452851
0.11065573770491803,0.6031546462452851
0.11065573770491803,0.6032689450222882
0.1107448325017819,0.6032689450222882
0.1107448325017819,0.6033832437992913
0.11083392729864576,0.6033832437992913
0.11083392729864576,0.6034975425762944
0.11101211689237349,0.6034975425762944
0.11101211689237349,0.6037261401303006
0.11127940128296507,0.6037261401303006
0.11127940128296507,0.6038404389073037
0.1114575908766928,0.6038404389073037
0.1114575908766928,0.6039547376843067
0.11154668567355666,0.6039547376843067
0.11154668567355666,0.604297634015316
0.11163578047042053,0.604297634015316
0.11163578047042053,0.6046405303463253
0.11181397006414825,0.6046405303463253
0.11181397006414825,0.6053263230083438
0.11190306486101212,0.6053263230083438
0.11190306486101212,0.6061264144473654
0.11217034925160371,0.6061264144473654
0.11217034925160371,0.6062407132243685
0.11234853884533143,0.6062407132243685
0.11234853884533143,0.6063550120013715
0.11261582323592302,0.6063550120013715
0.11261582323592302,0.6064693107783746
0.11279401282965075,0.6064693107783746
0.11279401282965075,0.606926505886387
0.11288310762651461,0.606926505886387
0.11288310762651461,0.6074979997714024
0.11306129722024234,0.6074979997714024
0.11306129722024234,0.6077265973254086
0.11315039201710621,0.6077265973254086
0.11315039201710621,0.6079551948794147
0.11323948681397006,0.6079551948794147
0.11323948681397006,0.608298091210424
0.11368496079828938,0.608298091210424
0.11368496079828938,0.6084123899874271
0.11386315039201711,0.6084123899874271
0.11386315039201711,0.6085266887644302
0.11404133998574484,0.6085266887644302
0.11404133998574484,0.6086409875414333
0.11430862437633642,0.6086409875414333
0.11430862437633642,0.6087552863184363
0.11448681397006415,0.6087552863184363
0.11448681397006415,0.6089838838724425
0.11475409836065574,0.6089838838724425
0.11475409836065574,0.6097839753114642
0.1148431931575196,0.6097839753114642
0.1148431931575196,0.6098982740884673
0.11493228795438347,0.6098982740884673
0.11493228795438347,0.6104697679734827
0.11502138275124733,0.6104697679734827
0.11502138275124733,0.6105840667504858
0.11511047754811118,0.6105840667504858
0.11511047754811118,0.6106983655274889
0.11528866714183891,0.6106983655274889
0.11528866714183891,0.6111555606355012
0.11537776193870278,0.6111555606355012
0.11537776193870278,0.6113841581895074
0.11546685673556664,0.6113841581895074
0.11546685673556664,0.6118413532975198
0.1155559515324305,0.6118413532975198
0.1155559515324305,0.6126414447365414
0.11600142551674983,0.6126414447365414
0.11600142551674983,0.6127557435135444
0.11609052031361368,0.6127557435135444
0.11609052031361368,0.6130986398445537
0.11617961511047754,0.6130986398445537
0.11617961511047754,0.6132129386215568
0.11644689950106914,0.6132129386215568
0.11644689950106914,0.6133272373985599
0.11662508909479687,0.6133272373985599
0.11662508909479687,0.613555834952566
0.11671418389166073,0.613555834952566
0.11671418389166073,0.6136701337295691
0.1168032786885246,0.6136701337295691
0.1168032786885246,0.6138987312835753
0.11707056307911617,0.6138987312835753
0.11707056307911617,0.6140130300605784
0.11733784746970777,0.6140130300605784
0.11733784746970777,0.6144702251685907
0.11805060584461867,0.6144702251685907
0.11805060584461867,0.6157275117156247
0.11813970064148253,0.6157275117156247
0.11813970064148253,0.6158418104926278
0.1182287954383464,0.6158418104926278
0.1182287954383464,0.6160704080466339
0.11831789023521026,0.6160704080466339
0.11831789023521026,0.6162990056006401
0.11876336421952959,0.6162990056006401
0.11876336421952959,0.6166419019316494
0.11885245901639344,0.6166419019316494
0.11885245901639344,0.6167562007086524
0.11903064861012116,0.6167562007086524
0.11903064861012116,0.6169847982626586
0.11911974340698503,0.6169847982626586
0.11911974340698503,0.6183563835866956
0.1192088382038489,0.6183563835866956
0.1192088382038489,0.6189278774717111
0.11947612259444049,0.6189278774717111
0.11947612259444049,0.6190421762487142
0.11965431218816822,0.6190421762487142
0.11965431218816822,0.6192707738027203
0.11974340698503208,0.6192707738027203
0.11974340698503208,0.6194993713567265
0.11983250178189593,0.6194993713567265
0.11983250178189593,0.6198422676877358
0.12018888096935139,0.6198422676877358
0.12018888096935139,0.6199565664647388
0.12027797576621525,0.6199565664647388
0.12027797576621525,0.6202994627957481
0.12054526015680685,0.6202994627957481
0.12054526015680685,0.6204137615727512
0.12072344975053458,0.6204137615727512
0.12072344975053458,0.6205280603497543
0.12107982893799002,0.6205280603497543
0.12107982893799002,0.6206423591267574
0.12116892373485388,0.6206423591267574
0.12116892373485388,0.6208709566807635
0.12143620812544548,0.6208709566807635
0.12143620812544548,0.6209852554577666
0.12152530292230934,0.6209852554577666
0.12152530292230934,0.6210995542347697
0.1216143977191732,0.6210995542347697
0.1216143977191732,0.6213281517887759
0.12179258731290092,0.6213281517887759
0.12179258731290092,0.621442450565779
0.12188168210976479,0.621442450565779
0.12188168210976479,0.6218996456737913
0.12205987170349251,0.6218996456737913
0.12205987170349251,0.6220139444507944
0.12223806129722024,0.6220139444507944
0.12223806129722024,0.6222425420048006
0.12250534568781184,0.6222425420048006
0.12250534568781184,0.6223568407818036
0.1225944404846757,0.6223568407818036
0.1225944404846757,0.6225854383358098
0.12277263007840342,0.6225854383358098
0.12277263007840342,0.622814035889816
0.12286172487526728,0.622814035889816
0.12286172487526728,0.6231569322208252
0.12295081967213115,0.6231569322208252
0.12295081967213115,0.6234998285518345
0.12339629365645047,0.6234998285518345
0.12339629365645047,0.6237284261058407
0.12348538845331433,0.6237284261058407
0.12348538845331433,0.6240713224368499
0.12375267284390591,0.6240713224368499
0.12375267284390591,0.624185621213853
0.12393086243763364,0.624185621213853
0.12393086243763364,0.6245285175448623
0.12410905203136137,0.6245285175448623
0.12410905203136137,0.6246428163218654
0.12419814682822523,0.6246428163218654
0.12419814682822523,0.6247571150988684
0.12455452601568068,0.6247571150988684
0.12455452601568068,0.6252143102068808
0.12491090520313614,0.6252143102068808
0.12491090520313614,0.6253286089838839
0.125,0.6253286089838839
0.125,0.6256715053148931
0.12508909479686386,0.6256715053148931
0.12508909479686386,0.6257858040918962
0.12517818959372773,0.6257858040918962
0.12517818959372773,0.6260144016459024
0.1252672843905916,0.6260144016459024
0.1252672843905916,0.6262429991999086
0.12544547398431932,0.6262429991999086
0.12544547398431932,0.6263572979769116
0.1255345687811832,0.6263572979769116
0.1255345687811832,0.6267001943079209
0.12562366357804705,0.6267001943079209
0.12562366357804705,0.626814493084924
0.12580185317177478,0.626814493084924
0.12580185317177478,0.6269287918619271
0.12589094796863864,0.6269287918619271
0.12589094796863864,0.6270430906389302
0.12598004276550248,0.6270430906389302
0.12598004276550248,0.6272716881929363
0.12606913756236635,0.6272716881929363
0.12606913756236635,0.6276145845239456
0.1261582323592302,0.6276145845239456
0.1261582323592302,0.6279574808549548
0.12624732715609407,0.6279574808549548
0.12624732715609407,0.6280717796319579
0.12713827512473272,0.6280717796319579
0.12713827512473272,0.6286432735169734
0.12722736992159658,0.6286432735169734
0.12722736992159658,0.6287575722939764
0.12731646471846045,0.6287575722939764
0.12731646471846045,0.6289861698479826
0.1278510334996436,0.6289861698479826
0.1278510334996436,0.6293290661789919
0.12794012829650747,0.6293290661789919
0.12794012829650747,0.629443364955995
0.12802922309337134,0.629443364955995
0.12802922309337134,0.6296719625100011
0.1281183178902352,0.6296719625100011
0.1281183178902352,0.6300148588410104
0.12820741268709906,0.6300148588410104
0.12820741268709906,0.6302434563950166
0.1283856022808268,0.6302434563950166
0.1283856022808268,0.6303577551720196
0.12856379187455452,0.6303577551720196
0.12856379187455452,0.6305863527260258
0.12883107626514612,0.6305863527260258
0.12883107626514612,0.630814950280032
0.12892017106200998,0.630814950280032
0.12892017106200998,0.632186535604069
0.1290983606557377,0.632186535604069
0.1290983606557377,0.6325294319350783
0.1293656450463293,0.6325294319350783
0.1293656450463293,0.6326437307120814
0.1296329294369209,0.6326437307120814
0.1296329294369209,0.6329866270430906
0.12972202423378476,0.6329866270430906
0.12972202423378476,0.6331009258200937
0.12990021382751246,0.6331009258200937
0.12990021382751246,0.6332152245970968
0.1300784034212402,0.6332152245970968
0.1300784034212402,0.6336724197051091
0.13034568781183178,0.6336724197051091
0.13034568781183178,0.6339010172591153
0.13043478260869565,0.6339010172591153
0.13043478260869565,0.6340153160361184
0.1305238774055595,0.6340153160361184
0.1305238774055595,0.6347011086981369
0.13070206699928724,0.6347011086981369
0.13070206699928724,0.63481540747514
0.1307911617961511,0.63481540747514
0.1307911617961511,0.6349297062521431
0.13088025659301497,0.6349297062521431
0.13088025659301497,0.6350440050291462
0.13096935138987884,0.6350440050291462
0.13096935138987884,0.6351583038061492
0.1310584461867427,0.6351583038061492
0.1310584461867427,0.6353869013601554
0.13114754098360656,0.6353869013601554
0.13114754098360656,0.6355012001371585
0.13123663578047043,0.6355012001371585
0.13123663578047043,0.6357297976911647
0.13141482537419816,0.6357297976911647
0.13141482537419816,0.6364155903531832
0.1317712045616536,0.6364155903531832
0.1317712045616536,0.6365298891301863
0.13186029935851745,0.6365298891301863
0.13186029935851745,0.6366441879071894
0.13194939415538132,0.6366441879071894
0.13194939415538132,0.6367584866841924
0.1322166785459729,0.6367584866841924
0.1322166785459729,0.6368727854611955
0.13230577334283677,0.6368727854611955
0.13230577334283677,0.6369870842381986
0.13239486813970064,0.6369870842381986
0.13239486813970064,0.6371013830152017
0.1324839629365645,0.6371013830152017
0.1324839629365645,0.6373299805692079
0.13257305773342837,0.6373299805692079
0.13257305773342837,0.6382443707852326
0.13266215253029223,0.6382443707852326
0.13266215253029223,0.6387015658932449
0.13284034212401996,0.6387015658932449
0.13284034212401996,0.638815864670248
0.13328581610833928,0.638815864670248
0.13328581610833928,0.6392730597782603
0.13337491090520315,0.6392730597782603
0.13337491090520315,0.6398445536632758
0.133464005702067,0.6398445536632758
0.133464005702067,0.6399588524402788
0.1336421952957947,0.6399588524402788
0.1336421952957947,0.6400731512172819
0.13408766928011404,0.6400731512172819
0.13408766928011404,0.6403017487712881
0.1341767640769779,0.6403017487712881
0.1341767640769779,0.6407589438793005
0.13435495367070563,0.6407589438793005
0.13435495367070563,0.6408732426563036
0.13480042765502495,0.6408732426563036
0.13480042765502495,0.6417876328723283
0.13506771204561654,0.6417876328723283
0.13506771204561654,0.6419019316493314
0.1351568068424804,0.6419019316493314
0.1351568068424804,0.6421305292033376
0.13524590163934427,0.6421305292033376
0.13524590163934427,0.6423591267573437
0.13533499643620814,0.6423591267573437
0.13533499643620814,0.6424734255343468
0.13542409123307197,0.6424734255343468
0.13542409123307197,0.642702023088353
0.13551318602993584,0.642702023088353
0.13551318602993584,0.6429306206423592
0.13595866001425516,0.6429306206423592
0.13595866001425516,0.6433878157503715
0.1361368496079829,0.6433878157503715
0.1361368496079829,0.6436164133043777
0.13622594440484675,0.6436164133043777
0.13622594440484675,0.6438450108583839
0.13631503920171062,0.6438450108583839
0.13631503920171062,0.64407360841239
0.13640413399857448,0.64407360841239
0.13640413399857448,0.6441879071893931
0.13702779757662154,0.6441879071893931
0.13702779757662154,0.6443022059663962
0.1371168923734854,0.6443022059663962
0.1371168923734854,0.6444165047433993
0.13720598717034926,0.6444165047433993
0.13720598717034926,0.6446451022974055
0.13747327156094083,0.6446451022974055
0.13747327156094083,0.6449879986284147
0.1375623663578047,0.6449879986284147
0.1375623663578047,0.645330894959424
0.1378296507483963,0.645330894959424
0.1378296507483963,0.6455594925134301
0.13791874554526015,0.6455594925134301
0.13791874554526015,0.6456737912904332
0.13809693513898788,0.6456737912904332
0.13809693513898788,0.6464738827294548
0.13845331432644334,0.6464738827294548
0.13845331432644334,0.6465881815064579
0.13872059871703493,0.6465881815064579
0.13872059871703493,0.646702480283461
0.1390769779044904,0.646702480283461
0.1390769779044904,0.6469310778374672
0.139967925873129,0.6469310778374672
0.139967925873129,0.6472739741684764
0.1402352102637206,0.6472739741684764
0.1402352102637206,0.6477311692764888
0.14032430506058446,0.6477311692764888
0.14032430506058446,0.648074065607498
0.14041339985744833,0.648074065607498
0.14041339985744833,0.6484169619385073
0.1407697790449038,0.6484169619385073
0.1407697790449038,0.6486455594925135
0.14085887384176765,0.6486455594925135
0.14085887384176765,0.6492170533775289
0.14094796863863152,0.6492170533775289
0.14094796863863152,0.6495599497085381
0.14112615823235922,0.6495599497085381
0.14112615823235922,0.6496742484855412
0.14121525302922308,0.6496742484855412
0.14121525302922308,0.6502457423705567
0.1413934426229508,0.6502457423705567
0.1413934426229508,0.6504743399245628
0.14174982181040627,0.6504743399245628
0.14174982181040627,0.6509315350325752
0.14183891660727013,0.6509315350325752
0.14183891660727013,0.6512744313635844
0.14201710620099786,0.6512744313635844
0.14201710620099786,0.6516173276945937
0.14210620099786173,0.6516173276945937
0.14210620099786173,0.652074522802606
0.14228439059158945,0.652074522802606
0.14228439059158945,0.6521888215796091
0.14237348538845332,0.6521888215796091
0.14237348538845332,0.6523031203566122
0.1426407697790449,0.6523031203566122
0.1426407697790449,0.6525317179106184
0.14272986457590878,0.6525317179106184
0.14272986457590878,0.6526460166876215
0.14281895937277264,0.6526460166876215
0.14281895937277264,0.6527603154646245
0.1430862437633642,0.6527603154646245
0.1430862437633642,0.6529889130186307
0.14317533856022807,0.6529889130186307
0.14317533856022807,0.6531032117956338
0.1433535281539558,0.6531032117956338
0.1433535281539558,0.653446108126643
0.14344262295081966,0.653446108126643
0.14344262295081966,0.6537890044576523
0.14397719173200285,0.6537890044576523
0.14397719173200285,0.6540176020116585
0.14406628652886672,0.6540176020116585
0.14406628652886672,0.6541319007886616
0.14415538132573058,0.6541319007886616
0.14415538132573058,0.6543604983426677
0.1443335709194583,0.6543604983426677
0.1443335709194583,0.6550462910046863
0.14451176051318604,0.6550462910046863
0.14451176051318604,0.6551605897816893
0.1446008553100499,0.6551605897816893
0.1446008553100499,0.6553891873356955
0.14477904490377763,0.6553891873356955
0.14477904490377763,0.6555034861126986
0.14495723449750533,0.6555034861126986
0.14495723449750533,0.6557320836667048
0.14513542409123306,0.6557320836667048
0.14513542409123306,0.6565321751057264
0.14522451888809693,0.6565321751057264
0.14522451888809693,0.6566464738827295
0.14549180327868852,0.6566464738827295
0.14549180327868852,0.6567607726597325
0.14566999287241625,0.6567607726597325
0.14566999287241625,0.6568750714367356
0.14593727726300784,0.6568750714367356
0.14593727726300784,0.6571036689907418
0.14611546685673557,0.6571036689907418
0.14611546685673557,0.6572179677677449
0.1462936564504633,0.6572179677677449
0.1462936564504633,0.657332266544748
0.14673913043478262,0.657332266544748
0.14673913043478262,0.6579037604297634
0.14691732002851032,0.6579037604297634
0.14691732002851032,0.6580180592067665
0.1470064148253742,0.6580180592067665
0.1470064148253742,0.6581323579837696
0.14718460441910192,0.6581323579837696
0.14718460441910192,0.6582466567607727
0.14727369921596578,0.6582466567607727
0.14727369921596578,0.6583609555377757
0.14789736279401283,0.6583609555377757
0.14789736279401283,0.6584752543147788
0.14816464718460443,0.6584752543147788
0.14816464718460443,0.658703851868785
0.1482537419814683,0.658703851868785
0.1482537419814683,0.6593896445308035
0.14834283677833215,0.6593896445308035
0.14834283677833215,0.6596182420848097
0.14861012116892375,0.6596182420848097
0.14861012116892375,0.6598468396388159
0.1488774055595153,0.6598468396388159
0.1488774055595153,0.6601897359698251
0.14896650035637918,0.6601897359698251
0.14896650035637918,0.6605326323008344
0.14905559515324304,0.6605326323008344
0.14905559515324304,0.6606469310778375
0.14959016393442623,0.6606469310778375
0.14959016393442623,0.6609898274088467
0.1496792587312901,0.6609898274088467
0.1496792587312901,0.661332723739856
0.14976835352815396,0.661332723739856
0.14976835352815396,0.661447022516859
0.1499465431218817,0.661447022516859
0.1499465431218817,0.6617899188478683
0.15003563791874555,0.6617899188478683
0.15003563791874555,0.6621328151788776
0.15030292230933714,0.6621328151788776
0.15030292230933714,0.6622471139558807
0.15048111190306487,0.6622471139558807
0.15048111190306487,0.6623614127328837
0.1505702066999287,0.6623614127328837
0.1505702066999287,0.6630472053949023
0.15074839629365644,0.6630472053949023
0.15074839629365644,0.6638472968339239
0.1508374910905203,0.6638472968339239
0.1508374910905203,0.66407589438793
0.15128296507483963,0.66407589438793
0.15128296507483963,0.6641901931649331
0.15155024946543122,0.6641901931649331
0.15155024946543122,0.6644187907189393
0.15172843905915895,0.6644187907189393
0.15172843905915895,0.6645330894959424
0.15190662865288668,0.6645330894959424
0.15190662865288668,0.6647616870499485
0.15226300784034213,0.6647616870499485
0.15226300784034213,0.6648759858269516
0.15244119743406986,0.6648759858269516
0.15244119743406986,0.6649902846039547
0.1525302922309337,0.6649902846039547
0.1525302922309337,0.665447479711967
0.15270848182466143,0.665447479711967
0.15270848182466143,0.6660189735969825
0.15288667141838916,0.6660189735969825
0.15288667141838916,0.6661332723739856
0.1530648610121169,0.6661332723739856
0.1530648610121169,0.6662475711509886
0.15324305060584462,0.6662475711509886
0.15324305060584462,0.6668190650360041
0.15333214540270848,0.6668190650360041
0.15333214540270848,0.6669333638130072
0.15368852459016394,0.6669333638130072
0.15368852459016394,0.6670476625900102
0.15395580898075553,0.6670476625900102
0.15395580898075553,0.6673905589210195
0.1540449037776194,0.6673905589210195
0.1540449037776194,0.6677334552520288
0.15413399857448326,0.6677334552520288
0.15413399857448326,0.6678477540290318
0.154312188168211,0.6678477540290318
0.154312188168211,0.668076351583038
0.15440128296507483,0.668076351583038
0.15440128296507483,0.6681906503600411
0.15457947255880256,0.6681906503600411
0.15457947255880256,0.6683049491370442
0.15466856735566642,0.6683049491370442
0.15466856735566642,0.6685335466910504
0.1552031361368496,0.6685335466910504
0.1552031361368496,0.6688764430220596
0.15538132573057734,0.6688764430220596
0.15538132573057734,0.6689907417990627
0.1557377049180328,0.6689907417990627
0.1557377049180328,0.6691050405760658
0.15591589451176052,0.6691050405760658
0.15591589451176052,0.669447936907075
0.15618317890235212,0.669447936907075
0.15618317890235212,0.6696765344610812
0.15636136849607982,0.6696765344610812
0.15636136849607982,0.6700194307920905
0.15645046329294368,0.6700194307920905
0.15645046329294368,0.6704766259001028
0.15707412687099073,0.6704766259001028
0.15707412687099073,0.6708195222311121
0.1571632216678546,0.6708195222311121
0.1571632216678546,0.6709338210081152
0.15725231646471846,0.6709338210081152
0.15725231646471846,0.6710481197851182
0.15734141126158233,0.6710481197851182
0.15734141126158233,0.6711624185621213
0.1574305060584462,0.6711624185621213
0.1574305060584462,0.6713910161161275
0.15751960085531005,0.6713910161161275
0.15751960085531005,0.6715053148931306
0.15760869565217392,0.6715053148931306
0.15760869565217392,0.6716196136701337
0.15796507483962938,0.6716196136701337
0.15796507483962938,0.6717339124471368
0.15823235923022094,0.6717339124471368
0.15823235923022094,0.671962510001143
0.15841054882394867,0.671962510001143
0.15841054882394867,0.6720768087781461
0.15849964362081254,0.6720768087781461
0.15849964362081254,0.6725340038861585
0.1585887384176764,0.6725340038861585
0.1585887384176764,0.6727626014401646
0.15894511760513186,0.6727626014401646
0.15894511760513186,0.6728769002171677
0.15903421240199572,0.6728769002171677
0.15903421240199572,0.6731054977711739
0.1591233071988596,0.6731054977711739
0.1591233071988596,0.673219796548177
0.15930149679258732,0.673219796548177
0.15930149679258732,0.6737912904331924
0.15939059158945118,0.6737912904331924
0.15939059158945118,0.6739055892101955
0.15965787598004277,0.6739055892101955
0.15965787598004277,0.6741341867642017
0.15974697077690664,0.6741341867642017
0.15974697077690664,0.6744770830952109
0.1598360655737705,0.6744770830952109
0.1598360655737705,0.674591381872214
0.15992516037063437,0.674591381872214
0.15992516037063437,0.6749342782032233
0.16019244476122593,0.6749342782032233
0.16019244476122593,0.6753914733112356
0.16037063435495366,0.6753914733112356
0.16037063435495366,0.6756200708652418
0.16063791874554526,0.6756200708652418
0.16063791874554526,0.6757343696422449
0.16081610833927298,0.6757343696422449
0.16081610833927298,0.675962967196251
0.16090520313613685,0.675962967196251
0.16090520313613685,0.6761915647502572
0.1612615823235923,0.6761915647502572
0.1612615823235923,0.6763058635272603
0.16143977191732004,0.6763058635272603
0.16143977191732004,0.6767630586352726
0.16161796151104776,0.6767630586352726
0.16161796151104776,0.6768773574122757
0.16188524590163936,0.6768773574122757
0.16188524590163936,0.6769916561892788
0.1619743406985032,0.6769916561892788
0.1619743406985032,0.6776774488512973
0.16215253029223092,0.6776774488512973
0.16215253029223092,0.6777917476283004
0.16241981468282252,0.6777917476283004
0.16241981468282252,0.6780203451823066
0.1626870990734141,0.6780203451823066
0.1626870990734141,0.6781346439593097
0.16286528866714184,0.6781346439593097
0.16286528866714184,0.6783632415133158
0.16304347826086957,0.6783632415133158
0.16304347826086957,0.678591839067322
0.1632216678545973,0.678591839067322
0.1632216678545973,0.6788204366213282
0.16357804704205275,0.6788204366213282
0.16357804704205275,0.6791633329523374
0.16393442622950818,0.6791633329523374
0.16393442622950818,0.6792776317293405
0.16402352102637205,0.6792776317293405
0.16402352102637205,0.6796205280603498
0.1643799002138275,0.6796205280603498
0.1643799002138275,0.6797348268373529
0.16446899501069137,0.6797348268373529
0.16446899501069137,0.679849125614356
0.16455808980755524,0.679849125614356
0.16455808980755524,0.679963424391359
0.16482537419814683,0.679963424391359
0.16482537419814683,0.6800777231683621
0.16500356379187456,0.6800777231683621
0.16500356379187456,0.6806492170533776
0.16509265858873842,0.6806492170533776
0.16509265858873842,0.6807635158303806
0.16535994297933002,0.6807635158303806
0.16535994297933002,0.6811064121613899
0.16571632216678547,0.6811064121613899
0.16571632216678547,0.681220710938393
0.1660727013542409,0.681220710938393
0.1660727013542409,0.6815636072694022
0.16625089094796863,0.6815636072694022
0.16625089094796863,0.6816779060464053
0.16642908054169636,0.6816779060464053
0.16642908054169636,0.6817922048234084
0.16651817533856023,0.6817922048234084
0.16651817533856023,0.6819065036004115
0.1666072701354241,0.6819065036004115
0.1666072701354241,0.6823636987084238
0.16669636493228795,0.6823636987084238
0.16669636493228795,0.68259229626243
0.16687455452601568,0.68259229626243
0.16687455452601568,0.6827065950394331
0.16696364932287955,0.6827065950394331
0.16696364932287955,0.6829351925934393
0.1670527441197434,0.6829351925934393
0.1670527441197434,0.6830494913704424
0.16714183891660728,0.6830494913704424
0.16714183891660728,0.6831637901474454
0.16723093371347114,0.6831637901474454
0.16723093371347114,0.6832780889244485
0.16740912330719887,0.6832780889244485
0.16740912330719887,0.6833923877014516
0.16749821810406273,0.6833923877014516
0.16749821810406273,0.6835066864784547
0.1675873129009266,0.6835066864784547
0.1675873129009266,0.6836209852554578
0.16767640769779044,0.6836209852554578
0.16767640769779044,0.6837352840324609
0.1677655024946543,0.6837352840324609
0.1677655024946543,0.683849582809464
0.16785459729151816,0.683849582809464
0.16785459729151816,0.6841924791404732
0.16794369208838203,0.6841924791404732
0.16794369208838203,0.6843067779174763
0.16847826086956522,0.6843067779174763
0.16847826086956522,0.6844210766944794
0.1687455452601568,0.6844210766944794
0.1687455452601568,0.6845353754714825
0.16892373485388454,0.6845353754714825
0.16892373485388454,0.6847639730254886
0.1690128296507484,0.6847639730254886
0.1690128296507484,0.6851068693564979
0.16919101924447613,0.6851068693564979
0.16919101924447613,0.6855640644645102
0.16936920883820386,0.6855640644645102
0.16936920883820386,0.6856783632415133
0.16954739843193156,0.6856783632415133
0.16954739843193156,0.6860212595725226
0.16963649322879543,0.6860212595725226
0.16963649322879543,0.6861355583495257
0.1697255880256593,0.6861355583495257
0.1697255880256593,0.6862498571265288
0.17008196721311475,0.6862498571265288
0.17008196721311475,0.6863641559035318
0.1701710620099786,0.6863641559035318
0.1701710620099786,0.6869356497885473
0.17026015680684248,0.6869356497885473
0.17026015680684248,0.6870499485655504
0.17034925160370634,0.6870499485655504
0.17034925160370634,0.6871642473425534
0.1707056307911618,0.6871642473425534
0.1707056307911618,0.6872785461195565
0.1709729151817534,0.6872785461195565
0.1709729151817534,0.6873928448965596
0.17106200997861726,0.6873928448965596
0.17106200997861726,0.687850040004572
0.17115110477548112,0.687850040004572
0.17115110477548112,0.6880786375585781
0.17132929436920885,0.6880786375585781
0.17132929436920885,0.6883072351125843
0.1714183891660727,0.6883072351125843
0.1714183891660727,0.6884215338895874
0.17159657875980042,0.6884215338895874
0.17159657875980042,0.6887644302205966
0.17177476835352815,0.6887644302205966
0.17177476835352815,0.6888787289975997
0.171863863150392,0.6888787289975997
0.171863863150392,0.6896788204366213
0.17195295794725587,0.6896788204366213
0.17195295794725587,0.6897931192136244
0.17222024233784747,0.6897931192136244
0.17222024233784747,0.6900217167676306
0.17230933713471133,0.6900217167676306
0.17230933713471133,0.6902503143216367
0.1726657163221668,0.6902503143216367
0.1726657163221668,0.690593210652646
0.17302209550962225,0.690593210652646
0.17302209550962225,0.6913933020916676
0.17328937990021384,0.6913933020916676
0.17328937990021384,0.6916218996456738
0.1735566642908054,0.6916218996456738
0.1735566642908054,0.69185049719968
0.17373485388453314,0.69185049719968
0.17373485388453314,0.6920790947536861
0.1740912330719886,0.6920790947536861
0.1740912330719886,0.6923076923076923
0.17418032786885246,0.6923076923076923
0.17418032786885246,0.6924219910846954
0.17426942266571632,0.6924219910846954
0.17426942266571632,0.6926505886387015
0.17462580185317178,0.6926505886387015
0.17462580185317178,0.6929934849697108
0.17542765502494653,0.6929934849697108
0.17542765502494653,0.6936792776317293
0.1755167498218104,0.6936792776317293
0.1755167498218104,0.6937935764087324
0.17587312900926586,0.6937935764087324
0.17587312900926586,0.6939078751857355
0.17596222380612972,0.6939078751857355
0.17596222380612972,0.6942507715167447
0.17605131860299358,0.6942507715167447
0.17605131860299358,0.694593667847754
0.17631860299358518,0.694593667847754
0.17631860299358518,0.6947079666247571
0.1764967925873129,0.6947079666247571
0.1764967925873129,0.6952794605097725
0.17658588738417677,0.6952794605097725
0.17658588738417677,0.6953937592867756
0.17667498218104064,0.6953937592867756
0.17667498218104064,0.6957366556177849
0.17774411974340698,0.6957366556177849
0.17774411974340698,0.695850954394788
0.1779223093371347,0.695850954394788
0.1779223093371347,0.6960795519487941
0.17801140413399857,0.6960795519487941
0.17801140413399857,0.6965367470568065
0.17810049893086244,0.6965367470568065
0.17810049893086244,0.6967653446108126
0.1781895937277263,0.6967653446108126
0.1781895937277263,0.6968796433878157
0.1784568781183179,0.6968796433878157
0.1784568781183179,0.6969939421648188
0.17863506771204563,0.6969939421648188
0.17863506771204563,0.6971082409418219
0.17890235210263722,0.6971082409418219
0.17890235210263722,0.697222539718825
0.17908054169636492,0.697222539718825
0.17908054169636492,0.6973368384958281
0.17916963649322878,0.6973368384958281
0.17916963649322878,0.6975654360498342
0.1793478260869565,0.6975654360498342
0.1793478260869565,0.6979083323808435
0.17952601568068424,0.6979083323808435
0.17952601568068424,0.6981369299348497
0.1796151104775481,0.6981369299348497
0.1796151104775481,0.6984798262658589
0.17979330007127584,0.6984798262658589
0.17979330007127584,0.698594125042862
0.1801496792587313,0.698594125042862
0.1801496792587313,0.6987084238198651
0.1804169636493229,0.6987084238198651
0.1804169636493229,0.6988227225968682
0.18059515324305062,0.6988227225968682
0.18059515324305062,0.6992799177048805
0.18095153243050605,0.6992799177048805
0.18095153243050605,0.6996228140358898
0.1813079116179615,0.6996228140358898
0.1813079116179615,0.6997371128128929
0.18139700641482537,0.6997371128128929
0.18139700641482537,0.699965710366899
0.18148610121168923,0.699965710366899
0.18148610121168923,0.7001943079209052
0.18166429080541696,0.7001943079209052
0.18166429080541696,0.7005372042519145
0.1818424803991447,0.7005372042519145
0.1818424803991447,0.7008801005829237
0.18202066999287242,0.7008801005829237
0.18202066999287242,0.7011086981369299
0.18219885958660015,0.7011086981369299
0.18219885958660015,0.7014515944679391
0.182287954383464,0.7014515944679391
0.182287954383464,0.7017944907989484
0.18246614397719174,0.7017944907989484
0.18246614397719174,0.7019087895759515
0.1825552387740556,0.7019087895759515
0.1825552387740556,0.7021373871299577
0.18264433357091947,0.7021373871299577
0.18264433357091947,0.7023659846839638
0.18273342836778333,0.7023659846839638
0.18273342836778333,0.7024802834609669
0.18291161796151104,0.7024802834609669
0.18291161796151104,0.70259458223797
0.18308980755523876,0.70259458223797
0.18308980755523876,0.7030517773459823
0.18317890235210263,0.7030517773459823
0.18317890235210263,0.7031660761229855
0.18335709194583036,0.7031660761229855
0.18335709194583036,0.7032803748999886
0.1835352815395581,0.7032803748999886
0.1835352815395581,0.703737570008001
0.18389166072701355,0.703737570008001
0.18389166072701355,0.7041947651160133
0.184248039914469,0.7041947651160133
0.184248039914469,0.7044233626700195
0.1845153243050606,0.7044233626700195
0.1845153243050606,0.7045376614470226
0.18460441910192446,0.7045376614470226
0.18460441910192446,0.7046519602240257
0.18478260869565216,0.7046519602240257
0.18478260869565216,0.7048805577780318
0.1849607982893799,0.7048805577780318
0.1849607982893799,0.7049948565550349
0.18504989308624376,0.7049948565550349
0.18504989308624376,0.7053377528860442
0.18531717747683535,0.7053377528860442
0.18531717747683535,0.7054520516630473
0.18558446186742694,0.7054520516630473
0.18558446186742694,0.7055663504400503
0.1856735566642908,0.7055663504400503
0.1856735566642908,0.7056806492170534
0.18585174625801854,0.7056806492170534
0.18585174625801854,0.7061378443250658
0.18602993585174626,0.7061378443250658
0.18602993585174626,0.7062521431020689
0.18656450463292942,0.7062521431020689
0.18656450463292942,0.7063664418790719
0.1866535994297933,0.7063664418790719
0.1866535994297933,0.7065950394330781
0.18683178902352102,0.7065950394330781
0.18683178902352102,0.7069379357640874
0.18692088382038488,0.7069379357640874
0.18692088382038488,0.7070522345410905
0.18700997861724875,0.7070522345410905
0.18700997861724875,0.7071665333180935
0.18745545260156807,0.7071665333180935
0.18745545260156807,0.7072808320950966
0.18754454739843193,0.7072808320950966
0.18754454739843193,0.7073951308720997
0.1876336421952958,0.7073951308720997
0.1876336421952958,0.707738027203109
0.18772273699215966,0.707738027203109
0.18772273699215966,0.707852325980112
0.1883464005702067,0.707852325980112
0.1883464005702067,0.7079666247571151
0.18843549536707058,0.7079666247571151
0.18843549536707058,0.7080809235341182
0.18861368496079828,0.7080809235341182
0.18861368496079828,0.7084238198651275
0.18870277975766214,0.7084238198651275
0.18870277975766214,0.7086524174191337
0.188791874554526,0.7086524174191337
0.188791874554526,0.7088810149731398
0.18888096935138987,0.7088810149731398
0.18888096935138987,0.7092239113041491
0.18897006414825374,0.7092239113041491
0.18897006414825374,0.7093382100811522
0.1890591589451176,0.7093382100811522
0.1890591589451176,0.7094525088581553
0.18914825374198146,0.7094525088581553
0.18914825374198146,0.7095668076351583
0.1893264433357092,0.7095668076351583
0.1893264433357092,0.7096811064121614
0.1895937277263008,0.7096811064121614
0.1895937277263008,0.7097954051891645
0.18968282252316465,0.7097954051891645
0.18968282252316465,0.7100240027431707
0.18977191732002852,0.7100240027431707
0.18977191732002852,0.7103668990741799
0.18986101211689238,0.7103668990741799
0.18986101211689238,0.7107097954051892
0.18995010691375624,0.7107097954051892
0.18995010691375624,0.7108240941821923
0.1900392017106201,0.7108240941821923
0.1900392017106201,0.7110526917361985
0.19012829650748397,0.7110526917361985
0.19012829650748397,0.7113955880672077
0.19021739130434784,0.7113955880672077
0.19021739130434784,0.7115098868442108
0.1903064861012117,0.7115098868442108
0.1903064861012117,0.7116241856212139
0.1910192444761226,0.7116241856212139
0.1910192444761226,0.7121956795062293
0.19110833927298645,0.7121956795062293
0.19110833927298645,0.7123099782832324
0.19119743406985032,0.7123099782832324
0.19119743406985032,0.7125385758372386
0.19128652886671418,0.7125385758372386
0.19128652886671418,0.7128814721682478
0.19137562366357805,0.7128814721682478
0.19137562366357805,0.713110069722254
0.19164290805416964,0.713110069722254
0.19164290805416964,0.7132243684992571
0.19235566642908053,0.7132243684992571
0.19235566642908053,0.7133386672762602
0.19262295081967212,0.7133386672762602
0.19262295081967212,0.7134529660532632
0.19280114041339985,0.7134529660532632
0.19280114041339985,0.7135672648302663
0.1931575196008553,0.7135672648302663
0.1931575196008553,0.7139101611612756
0.19333570919458304,0.7139101611612756
0.19333570919458304,0.7142530574922848
0.19360299358517463,0.7142530574922848
0.19360299358517463,0.714481655046291
0.1939593727726301,0.714481655046291
0.1939593727726301,0.7148245513773003
0.19404846756949395,0.7148245513773003
0.19404846756949395,0.7150531489313064
0.19422665716322166,0.7150531489313064
0.19422665716322166,0.7152817464853126
0.19449394155381325,0.7152817464853126
0.19449394155381325,0.7155103440393188
0.1945830363506771,0.7155103440393188
0.1945830363506771,0.7156246428163219
0.19467213114754098,0.7156246428163219
0.19467213114754098,0.715738941593325
0.1948503207412687,0.715738941593325
0.1948503207412687,0.715853240370328
0.19493941553813257,0.715853240370328
0.19493941553813257,0.7159675391473311
0.1951176051318603,0.7159675391473311
0.1951176051318603,0.7163104354783404
0.19520669992872416,0.7163104354783404
0.19520669992872416,0.7165390330323466
0.1956521739130435,0.7165390330323466
0.1956521739130435,0.7168819293633558
0.19583036350677122,0.7168819293633558
0.19583036350677122,0.717110526917362
0.19591945830363508,0.717110526917362
0.19591945830363508,0.7175677220253743
0.19600855310049894,0.7175677220253743
0.19600855310049894,0.7181392159103898
0.19609764789736278,0.7181392159103898
0.19609764789736278,0.7187107097954052
0.19618674269422665,0.7187107097954052
0.19618674269422665,0.7188250085724083
0.1962758374910905,0.7188250085724083
0.1962758374910905,0.7189393073494114
0.19636493228795437,0.7189393073494114
0.19636493228795437,0.7190536061264144
0.19672131147540983,0.7190536061264144
0.19672131147540983,0.7191679049034175
0.1968104062722737,0.7191679049034175
0.1968104062722737,0.7192822036804206
0.19689950106913756,0.7192822036804206
0.19689950106913756,0.7193965024574237
0.19698859586600143,0.7193965024574237
0.19698859586600143,0.719853697565436
0.19716678545972915,0.719853697565436
0.19716678545972915,0.7201965938964453
0.19734497505345688,0.7201965938964453
0.19734497505345688,0.7203108926734484
0.19761225944404848,0.7203108926734484
0.19761225944404848,0.7204251914504515
0.19787954383464007,0.7204251914504515
0.19787954383464007,0.7206537890044576
0.19805773342836777,0.7206537890044576
0.19805773342836777,0.7208823865584638
0.19832501781895936,0.7208823865584638
0.19832501781895936,0.7209966853354669
0.19885958660014255,0.7209966853354669
0.19885958660014255,0.72111098411247
0.19894868139700642,0.72111098411247
0.19894868139700642,0.7212252828894731
0.19912687099073414,0.7212252828894731
0.19912687099073414,0.7213395816664762
0.19966143977191733,0.7213395816664762
0.19966143977191733,0.7215681792204823
0.19983962936564503,0.7215681792204823
0.19983962936564503,0.7216824779974854
0.1999287241625089,0.7216824779974854
0.1999287241625089,0.7217967767744885
0.2001960085531005,0.7217967767744885
0.2001960085531005,0.7220253743284947
0.20046329294369208,0.7220253743284947
0.20046329294369208,0.7222539718825008
0.20055238774055595,0.7222539718825008
0.20055238774055595,0.7223682706595039
0.2006414825374198,0.7223682706595039
0.2006414825374198,0.722482569436507
0.20081967213114754,0.722482569436507
0.20081967213114754,0.7225968682135101
0.201176051318603,0.7225968682135101
0.201176051318603,0.7228254657675163
0.20126514611546686,0.7228254657675163
0.20126514611546686,0.7232826608755286
0.20135424091233073,0.7232826608755286
0.20135424091233073,0.7235112584295348
0.2014433357091946,0.7235112584295348
0.2014433357091946,0.7239684535375471
0.20171062009978616,0.7239684535375471
0.20171062009978616,0.7240827523145502
0.2018888096935139,0.7240827523145502
0.2018888096935139,0.7241970510915533
0.20197790449037775,0.7241970510915533
0.20197790449037775,0.7243113498685564
0.20215609408410548,0.7243113498685564
0.20215609408410548,0.7244256486455595
0.20224518888096935,0.7244256486455595
0.20224518888096935,0.7245399474225626
0.20242337847469707,0.7245399474225626
0.20242337847469707,0.7249971425305749
0.20251247327156094,0.7249971425305749
0.20251247327156094,0.7253400388615842
0.20269066286528867,0.7253400388615842
0.20269066286528867,0.7255686364155903
0.2028688524590164,0.7255686364155903
0.2028688524590164,0.7257972339695965
0.20295794725588026,0.7257972339695965
0.20295794725588026,0.7260258315236027
0.203136136849608,0.7260258315236027
0.203136136849608,0.726483026631615
0.20322523164647185,0.726483026631615
0.20322523164647185,0.7267116241856212
0.2040270848182466,0.7267116241856212
0.2040270848182466,0.7269402217396274
0.2042943692088382,0.7269402217396274
0.2042943692088382,0.7270545205166304
0.20447255880256593,0.7270545205166304
0.20447255880256593,0.7275117156246428
0.20465074839629366,0.7275117156246428
0.20465074839629366,0.727740313178649
0.20473984319315752,0.727740313178649
0.20473984319315752,0.727854611955652
0.2048289379900214,0.727854611955652
0.2048289379900214,0.7280832095096582
0.20518531717747684,0.7280832095096582
0.20518531717747684,0.7281975082866613
0.20563079116179614,0.7281975082866613
0.20563079116179614,0.7285404046176706
0.20589807555238773,0.7285404046176706
0.20589807555238773,0.7288833009486798
0.20607626514611546,0.7288833009486798
0.20607626514611546,0.729111898502686
0.20616535994297933,0.729111898502686
0.20616535994297933,0.7292261972796891
0.2062544547398432,0.7292261972796891
0.2062544547398432,0.7295690936106983
0.20634354953670705,0.7295690936106983
0.20634354953670705,0.7297976911647045
0.20643264433357092,0.7297976911647045
0.20643264433357092,0.7302548862727168
0.20652173913043478,0.7302548862727168
0.20652173913043478,0.7308263801577323
0.20661083392729865,0.7308263801577323
0.20661083392729865,0.7309406789347354
0.2066999287241625,0.7309406789347354
0.2066999287241625,0.7311692764887415
0.20678902352102638,0.7311692764887415
0.20678902352102638,0.7312835752657446
0.2069672131147541,0.7312835752657446
0.2069672131147541,0.7313978740427477
0.20705630791161797,0.7313978740427477
0.20705630791161797,0.7315121728197508
0.20732359230220956,0.7315121728197508
0.20732359230220956,0.731740770373757
0.2074126870990734,0.731740770373757
0.2074126870990734,0.7319693679277631
0.20750178189593727,0.7319693679277631
0.20750178189593727,0.7320836667047662
0.20776906628652886,0.7320836667047662
0.20776906628652886,0.7321979654817693
0.2079472558802566,0.7321979654817693
0.2079472558802566,0.7325408618127786
0.20803635067712045,0.7325408618127786
0.20803635067712045,0.7329980569207909
0.20821454027084818,0.7329980569207909
0.20821454027084818,0.733112355697794
0.20830363506771205,0.733112355697794
0.20830363506771205,0.7332266544747971
0.2086600142551675,0.7332266544747971
0.2086600142551675,0.7335695508058063
0.20883820384889523,0.7335695508058063
0.20883820384889523,0.7337981483598125
0.2091945830363507,0.7337981483598125
0.2091945830363507,0.7341410446908218
0.2093727726300784,0.7341410446908218
0.2093727726300784,0.7342553434678248
0.20972915181753385,0.7342553434678248
0.20972915181753385,0.7344839410218311
0.2098182466143977,0.7344839410218311
0.2098182466143977,0.7352840324608527
0.20990734141126158,0.7352840324608527
0.20990734141126158,0.7357412275688651
0.21053100498930863,0.7357412275688651
0.21053100498930863,0.7358555263458681
0.2106200997861725,0.7358555263458681
0.2106200997861725,0.7361984226768774
0.21070919458303636,0.7361984226768774
0.21070919458303636,0.7364270202308836
0.21106557377049182,0.7364270202308836
0.21106557377049182,0.7365413190078867
0.21124376336421952,0.7365413190078867
0.21124376336421952,0.7368842153388959
0.21133285816108338,0.7368842153388959
0.21133285816108338,0.7371128128929021
0.21160014255167497,0.7371128128929021
0.21160014255167497,0.7374557092239113
0.21168923734853884,0.7374557092239113
0.21168923734853884,0.7376843067779175
0.21186742694226657,0.7376843067779175
0.21186742694226657,0.7377986055549206
0.2120456165359943,0.7377986055549206
0.2120456165359943,0.738370099439936
0.21266928011404135,0.738370099439936
0.21266928011404135,0.7385986969939422
0.21293656450463294,0.7385986969939422
0.21293656450463294,0.7388272945479484
0.21311475409836064,0.7388272945479484
0.21311475409836064,0.7390558921019545
0.21364932287954383,0.7390558921019545
0.21364932287954383,0.7391701908789576
0.2140057020669993,0.7391701908789576
0.2140057020669993,0.7399702823179792
0.21409479686386315,0.7399702823179792
0.21409479686386315,0.7407703737570008
0.2144511760513186,0.7407703737570008
0.2144511760513186,0.740998971311007
0.21454027084818247,0.740998971311007
0.21454027084818247,0.7411132700880101
0.21480755523877407,0.7411132700880101
0.21480755523877407,0.7419133615270317
0.21489665003563793,0.7419133615270317
0.21489665003563793,0.7420276603040348
0.21498574483250177,0.7420276603040348
0.21498574483250177,0.742256257858041
0.2151639344262295,0.742256257858041
0.2151639344262295,0.7425991541890502
0.21525302922309336,0.7425991541890502
0.21525302922309336,0.7437421419590811
0.21569850320741268,0.7437421419590811
0.21569850320741268,0.7438564407360841
0.21605488239486814,0.7438564407360841
0.21605488239486814,0.7441993370670934
0.216143977191732,0.7441993370670934
0.216143977191732,0.7443136358440965
0.21632216678545974,0.7443136358440965
0.21632216678545974,0.7444279346210996
0.21650035637918746,0.7444279346210996
0.21650035637918746,0.7446565321751057
0.21676764076977906,0.7446565321751057
0.21676764076977906,0.7447708309521088
0.21694583036350676,0.7447708309521088
0.21694583036350676,0.7448851297291119
0.2171240199572345,0.7448851297291119
0.2171240199572345,0.744999428506115
0.21721311475409835,0.744999428506115
0.21721311475409835,0.7454566236141273
0.21739130434782608,0.7454566236141273
0.21739130434782608,0.7457995199451366
0.21748039914468995,0.7457995199451366
0.21748039914468995,0.7460281174991428
0.2175694939415538,0.7460281174991428
0.2175694939415538,0.7461424162761459
0.21774768353528154,0.7461424162761459
0.21774768353528154,0.746256715053149
0.21792587312900927,0.746256715053149
0.21792587312900927,0.746371013830152
0.21801496792587313,0.746371013830152
0.21801496792587313,0.7464853126071551
0.21819315751960086,0.7464853126071551
0.21819315751960086,0.7465996113841582
0.2183713471133286,0.7465996113841582
0.2183713471133286,0.7467139101611613
0.21872772630078405,0.7467139101611613
0.21872772630078405,0.7469425077151675
0.21890591589451175,0.7469425077151675
0.21890591589451175,0.7471711052691736
0.2189950106913756,0.7471711052691736
0.2189950106913756,0.7472854040461767
0.2192622950819672,0.7472854040461767
0.2192622950819672,0.7473997028231798
0.2195295794725588,0.7473997028231798
0.2195295794725588,0.7475140016001829
0.21961867426942266,0.7475140016001829
0.21961867426942266,0.7477425991541891
0.2197968638631504,0.7477425991541891
0.2197968638631504,0.7478568979311921
0.22024233784746972,0.7478568979311921
0.22024233784746972,0.7483140930392045
0.22042052744119744,0.7483140930392045
0.22042052744119744,0.7484283918162076
0.2205096222380613,0.7484283918162076
0.2205096222380613,0.7487712881472168
0.22104419101924447,0.7487712881472168
0.22104419101924447,0.7488855869242199
0.22131147540983606,0.7488855869242199
0.22131147540983606,0.7491141844782261
0.22140057020669993,0.7491141844782261
0.22140057020669993,0.7492284832552292
0.22157875980042765,0.7492284832552292
0.22157875980042765,0.7494570808092353
0.22175694939415538,0.7494570808092353
0.22175694939415538,0.7495713795862384
0.22202423378474698,0.7495713795862384
0.22202423378474698,0.7496856783632415
0.22255880256593014,0.7496856783632415
0.22255880256593014,0.7500285746942508
0.22273699215965787,0.7500285746942508
0.22273699215965787,0.7501428734712539
0.22300427655024946,0.7501428734712539
0.22300427655024946,0.7502571722482569
0.22309337134711332,0.7502571722482569
0.22309337134711332,0.7506000685792662
0.22344975053456878,0.7506000685792662
0.22344975053456878,0.7507143673562693
0.2236279401282965,0.7507143673562693
0.2236279401282965,0.7508286661332724
0.22380612972202424,0.7508286661332724
0.22380612972202424,0.7512858612412847
0.2241625089094797,0.7512858612412847
0.2241625089094797,0.7514001600182878
0.22425160370634356,0.7514001600182878
0.22425160370634356,0.7515144587952909
0.22451888809693513,0.7515144587952909
0.22451888809693513,0.751628757572294
0.22478617248752672,0.751628757572294
0.22478617248752672,0.7517430563492971
0.22487526728439058,0.7517430563492971
0.22487526728439058,0.7518573551263001
0.22496436208125445,0.7518573551263001
0.22496436208125445,0.7519716539033032
0.22514255167498218,0.7519716539033032
0.22514255167498218,0.7520859526803063
0.2253207412687099,0.7520859526803063
0.2253207412687099,0.7523145502343125
0.22567712045616536,0.7523145502343125
0.22567712045616536,0.7524288490113156
0.2258553100498931,0.7524288490113156
0.2258553100498931,0.7527717453423248
0.22603349964362082,0.7527717453423248
0.22603349964362082,0.7528860441193279
0.2267462580185317,0.7528860441193279
0.2267462580185317,0.753000342896331
0.22692444761225944,0.753000342896331
0.22692444761225944,0.7532289404503372
0.2270135424091233,0.7532289404503372
0.2270135424091233,0.7534575380043433
0.2272808267997149,0.7534575380043433
0.2272808267997149,0.7535718367813464
0.22763720598717035,0.7535718367813464
0.22763720598717035,0.7536861355583495
0.22781539558089808,0.7536861355583495
0.22781539558089808,0.7542576294433649
0.22915181753385602,0.7542576294433649
0.22915181753385602,0.7547148245513773
0.22941910192444762,0.7547148245513773
0.22941910192444762,0.7549434221053835
0.22959729151817534,0.7549434221053835
0.22959729151817534,0.7550577208823865
0.22986457590876694,0.7550577208823865
0.22986457590876694,0.7551720196593896
0.2301318602993585,0.7551720196593896
0.2301318602993585,0.7555149159903989
0.23022095509622237,0.7555149159903989
0.23022095509622237,0.755743513544405
0.23031004989308623,0.755743513544405
0.23031004989308623,0.7558578123214081
0.23048823948681396,0.7558578123214081
0.23048823948681396,0.7559721110984112
0.23075552387740556,0.7559721110984112
0.23075552387740556,0.7560864098754143
0.23084461867426942,0.7560864098754143
0.23084461867426942,0.7563150074294205
0.23093371347113328,0.7563150074294205
0.23093371347113328,0.7565436049834267
0.23102280826799715,0.7565436049834267
0.23102280826799715,0.7566579037604297
0.23120099786172488,0.7566579037604297
0.23120099786172488,0.7568865013144359
0.2313791874554526,0.7568865013144359
0.2313791874554526,0.757000800091439
0.23155737704918034,0.757000800091439
0.23155737704918034,0.7571150988684421
0.2316464718460442,0.7571150988684421
0.2316464718460442,0.7573436964224483
0.23200285103349966,0.7573436964224483
0.23200285103349966,0.7575722939764544
0.2320919458303635,0.7575722939764544
0.2320919458303635,0.7576865927534575
0.23227013542409122,0.7576865927534575
0.23227013542409122,0.7584866841924791
0.23298289379900214,0.7584866841924791
0.23298289379900214,0.7587152817464853
0.23351746258018533,0.7587152817464853
0.23351746258018533,0.7591724768544976
0.23369565217391305,0.7591724768544976
0.23369565217391305,0.7594010744085038
0.23378474697077692,0.7594010744085038
0.23378474697077692,0.75962967196251
0.23387384176764078,0.75962967196251
0.23387384176764078,0.7598582695165161
0.23396293656450462,0.7598582695165161
0.23396293656450462,0.7604297634015316
0.23414112615823235,0.7604297634015316
0.23414112615823235,0.7605440621785347
0.23458660014255167,0.7605440621785347
0.23458660014255167,0.7611155560635501
0.23467569493941554,0.7611155560635501
0.23467569493941554,0.7614584523945593
0.23485388453314326,0.7614584523945593
0.23485388453314326,0.7615727511715624
0.23512116892373486,0.7615727511715624
0.2352993585174626,0.7615727511715624
0.23538845331432645,0.7615727511715624
0.23538845331432645,0.7616870499485655
0.23556664290805418,0.7616870499485655
0.23556664290805418,0.7618013487255686
0.23583392729864575,0.7618013487255686
0.23583392729864575,0.7619156475025717
0.2364575908766928,0.7619156475025717
0.2364575908766928,0.7620299462795748
0.23654668567355666,0.7620299462795748
0.23654668567355666,0.7621442450565779
0.2367248752672844,0.7621442450565779
0.2367248752672844,0.762372842610584
0.23681397006414825,0.762372842610584
0.23681397006414825,0.7626014401645902
0.23708125445473985,0.7626014401645902
0.23708125445473985,0.7627157389415933
0.23725944404846758,0.7627157389415933
0.23725944404846758,0.7630586352726025
0.23734853884533144,0.7630586352726025
0.23734853884533144,0.7632872328266087
0.2374376336421953,0.7632872328266087
0.2374376336421953,0.7634015316036118
0.23761582323592303,0.7634015316036118
0.23761582323592303,0.763630129157618
0.2378831076265146,0.763630129157618
0.2378831076265146,0.763744427934621
0.23797220242337846,0.763744427934621
0.23797220242337846,0.7640873242656303
0.23823948681397006,0.7640873242656303
0.23823948681397006,0.7642016230426334
0.23859586600142552,0.7642016230426334
0.23859586600142552,0.7644302205966396
0.23877405559515325,0.7644302205966396
0.23877405559515325,0.7645445193736427
0.23895224518888097,0.7645445193736427
0.23895224518888097,0.7646588181506457
0.2391304347826087,0.7646588181506457
0.2391304347826087,0.7654589095896673
0.23921952957947257,0.7654589095896673
0.23921952957947257,0.7656875071436736
0.23930862437633643,0.7656875071436736
0.23930862437633643,0.7658018059206767
0.2393977191732003,0.7658018059206767
0.2393977191732003,0.7659161046976798
0.23966500356379186,0.7659161046976798
0.23966500356379186,0.7664875985826952
0.23993228795438346,0.7664875985826952
0.23993228795438346,0.7666018973596983
0.24002138275124732,0.7666018973596983
0.24002138275124732,0.7667161961367014
0.24019957234497505,0.7667161961367014
0.24019957234497505,0.7668304949137045
0.2402886671418389,0.7668304949137045
0.2402886671418389,0.7670590924677106
0.24037776193870278,0.7670590924677106
0.24037776193870278,0.7671733912447137
0.24073414112615824,0.7671733912447137
0.24073414112615824,0.7672876900217168
0.2408232359230221,0.7672876900217168
0.2408232359230221,0.7674019887987199
0.24100142551674983,0.7674019887987199
0.24117961511047756,0.7674019887987199
0.24117961511047756,0.7676305863527261
0.24126870990734142,0.7676305863527261
0.24126870990734142,0.7678591839067322
0.241535994297933,0.7678591839067322
0.241535994297933,0.7679734826837353
0.24171418389166072,0.7679734826837353
0.24171418389166072,0.7682020802377415
0.24207056307911617,0.7682020802377415
0.24207056307911617,0.7683163790147446
0.24215965787598004,0.7683163790147446
0.24215965787598004,0.7684306777917477
0.24269422665716323,0.7684306777917477
0.24269422665716323,0.7687735741227569
0.2427833214540271,0.7687735741227569
0.2427833214540271,0.7692307692307693
0.24287241625089095,0.7692307692307693
0.24287241625089095,0.7695736655617785
0.24296151104775482,0.7695736655617785
0.24296151104775482,0.7696879643387816
0.2432287954383464,0.7696879643387816
0.2432287954383464,0.7698022631157847
0.24331789023521028,0.7698022631157847
0.24331789023521028,0.7703737570008001
0.24358517462580184,0.7703737570008001
0.24358517462580184,0.7704880557778032
0.2436742694226657,0.7704880557778032
0.2436742694226657,0.7706023545548063
0.2439415538132573,0.7706023545548063
0.2439415538132573,0.7707166533318094
0.24403064861012116,0.7707166533318094
0.24403064861012116,0.7709452508858156
0.2442088382038489,0.7709452508858156
0.2442088382038489,0.7710595496628186
0.24429793300071276,0.7710595496628186
0.24429793300071276,0.7712881472168248
0.24456521739130435,0.7712881472168248
0.24456521739130435,0.7714024459938279
0.2449215965787598,0.7714024459938279
0.2449215965787598,0.771516744770831
0.24501069137562367,0.771516744770831
0.24501069137562367,0.7717453423248372
0.24527797576621524,0.7717453423248372
0.24527797576621524,0.7720882386558464
0.24545616535994297,0.7720882386558464
0.24545616535994297,0.7722025374328495
0.2456343549536707,0.7722025374328495
0.2456343549536707,0.7725454337638588
0.24599073414112615,0.7725454337638588
0.24599073414112615,0.7726597325408618
0.24616892373485388,0.7726597325408618
0.24616892373485388,0.7727740313178649
0.24625801853171775,0.7727740313178649
0.24625801853171775,0.7730026288718711
0.2466143977191732,0.7730026288718711
0.2466143977191732,0.7731169276488742
0.24670349251603707,0.7731169276488742
0.24670349251603707,0.7732312264258773
0.2473271560940841,0.7732312264258773
0.2473271560940841,0.7733455252028804
0.2475944404846757,0.7733455252028804
0.2475944404846757,0.7738027203108927
0.24786172487526728,0.7738027203108927
0.24786172487526728,0.7739170190878958
0.248039914468995,0.7739170190878958
0.248039914468995,0.7740313178648989
0.24866357804704206,0.7740313178648989
0.24866357804704206,0.774145616641902
0.2488417676407698,0.774145616641902
0.2488417676407698,0.7746028117499143
0.2494654312188168,0.7746028117499143
0.2494654312188168,0.7747171105269174
0.24991090520313614,0.7747171105269174
0.24991090520313614,0.7748314093039205
0.2502672843905916,0.7748314093039205
0.2502672843905916,0.7749457080809236
0.25035637918745546,0.7749457080809236
0.25035637918745546,0.7750600068579266
0.2504454739843193,0.7750600068579266
0.2504454739843193,0.7752886044119328
0.25062366357804705,0.7752886044119328
0.25062366357804705,0.7754029031889359
0.2507127583749109,0.7754029031889359
0.2507127583749109,0.775517201965939
0.2508018531717748,0.775517201965939
0.2508018531717748,0.7757457995199452
0.25089094796863864,0.7757457995199452
0.25089094796863864,0.7759743970739513
0.2510691375623664,0.7759743970739513
0.2510691375623664,0.7760886958509544
0.25115823235923024,0.7760886958509544
0.25115823235923024,0.7762029946279575
0.2517818959372773,0.7762029946279575
0.2517818959372773,0.7763172934049606
0.2521382751247327,0.7763172934049606
0.2521382751247327,0.7765458909589668
0.25249465431218815,0.7765458909589668
0.25249465431218815,0.7771173848439822
0.2526728439059159,0.7771173848439822
0.2526728439059159,0.7772316836209853
0.25302922309337134,0.7772316836209853
0.25302922309337134,0.7773459823979884
0.2531183178902352,0.7773459823979884
0.2531183178902352,0.7775745799519945
0.25347469707769066,0.7775745799519945
0.25347469707769066,0.7780317750600069
0.25374198146828225,0.7780317750600069
0.25374198146828225,0.77814607383701
0.25472202423378476,0.77814607383701
0.25472202423378476,0.778260372614013
0.2548111190306486,0.778260372614013
0.2548111190306486,0.7784889701680192
0.25498930862437635,0.7784889701680192
0.25498930862437635,0.7787175677220254
0.25525659301496795,0.7787175677220254
0.25525659301496795,0.7788318664990285
0.2556129722024234,0.7788318664990285
0.2556129722024234,0.7789461652760316
0.2557020669992872,0.7789461652760316
0.2557020669992872,0.7790604640530346
0.2557911617961511,0.7790604640530346
0.2557911617961511,0.7791747628300377
0.2559693513898788,0.7791747628300377
0.2559693513898788,0.7792890616070408
0.25632573057733427,0.7792890616070408
0.25632573057733427,0.7794033603840439
0.2567712045616536,0.7794033603840439
0.2567712045616536,0.779517659161047
0.2569493941553813,0.779517659161047
0.2569493941553813,0.7797462567150532
0.2570384889522452,0.7797462567150532
0.2570384889522452,0.7798605554920562
0.25712758374910905,0.7798605554920562
0.25712758374910905,0.7802034518230655
0.25757305773342837,0.7807749457080809
0.25757305773342837,0.780889244485084
0.25784034212401996,0.780889244485084
0.25784034212401996,0.7810035432620871
0.2579294369208838,0.7810035432620871
0.2579294369208838,0.7811178420390902
0.2581967213114754,0.7811178420390902
0.2581967213114754,0.7813464395930964
0.2582858161083393,0.7813464395930964
0.2582858161083393,0.7815750371471025
0.2587312900926586,0.7815750371471025
0.2587312900926586,0.7818036347011087
0.25890947968638633,0.7818036347011087
0.25890947968638633,0.782260829809121
0.25917676407697793,0.782260829809121
0.25917676407697793,0.7823751285861241
0.25953314326443333,0.7823751285861241
0.25953314326443333,0.7824894273631272
0.25971133285816106,0.7824894273631272
0.25971133285816106,0.7826037261401303
0.2598004276550249,0.7826037261401303
0.2598004276550249,0.7827180249171334
0.2598895224518888,0.7827180249171334
0.2598895224518888,0.7828323236941365
0.2601568068424804,0.7828323236941365
0.2601568068424804,0.7829466224711396
0.26024590163934425,0.7829466224711396
0.26024590163934425,0.7831752200251457
0.2603349964362081,0.7831752200251457
0.2603349964362081,0.7834038175791519
0.260424091233072,0.7834038175791519
0.260424091233072,0.7836324151331581
0.2606022808267997,0.7836324151331581
0.2606022808267997,0.7837467139101612
0.261047754811119,0.7837467139101612
0.26122594440484675,0.7840896102411704
0.2615823235923022,0.7840896102411704
0.2615823235923022,0.7842039090181735
0.26193870277975767,0.7842039090181735
0.26193870277975767,0.7843182077951766
0.26202779757662154,0.7843182077951766
0.26202779757662154,0.7845468053491828
0.2621168923734854,0.7845468053491828
0.2621168923734854,0.7847754029031889
0.26220598717034926,0.7847754029031889
0.26220598717034926,0.7851182992341982
0.26229508196721313,0.7851182992341982
0.26229508196721313,0.7852325980112013
0.2625623663578047,0.7852325980112013
0.2625623663578047,0.7858040918962167
0.2628296507483963,0.7858040918962167
0.2628296507483963,0.7859183906732198
0.2629187455452602,0.7859183906732198
0.2629187455452602,0.7860326894502229
0.26300784034212404,0.7860326894502229
0.2631860299358518,0.7860326894502229
0.26336421952957945,0.7860326894502229
0.26336421952957945,0.786261287004229
0.2635424091233072,0.786261287004229
0.2635424091233072,0.7863755857812321
0.26380969351389877,0.7863755857812321
0.26380969351389877,0.7864898845582352
0.2639878831076265,0.7864898845582352
0.2639878831076265,0.7866041833352383
0.26407697790449036,0.7866041833352383
0.26407697790449036,0.7869470796662476
0.26434426229508196,0.7869470796662476
0.26434426229508196,0.7872899759972568
0.26461154668567355,0.7872899759972568
0.26461154668567355,0.7874042747742599
0.2647006414825374,0.7874042747742599
0.2647006414825374,0.7876328723282661
0.264967925873129,0.7876328723282661
0.264967925873129,0.7878614698822722
0.26532430506058446,0.7878614698822722
0.26532430506058446,0.7880900674362784
0.26559158945117606,0.7880900674362784
0.26559158945117606,0.7882043662132815
0.2656806842480399,0.7882043662132815
0.2656806842480399,0.7884329637672877
0.2657697790449038,0.7884329637672877
0.2657697790449038,0.7886615613212938
0.26585887384176765,0.7886615613212938
0.26585887384176765,0.7888901588753
0.2664825374198147,0.7888901588753
0.2664825374198147,0.7890044576523031
0.26666072701354243,0.7890044576523031
0.26666072701354243,0.7891187564293062
0.26683891660727016,0.7891187564293062
0.26683891660727016,0.7892330552063093
0.26719529579472556,0.7892330552063093
0.26719529579472556,0.7893473539833123
0.267551674982181,0.7893473539833123
0.267551674982181,0.7896902503143216
0.2676407697790449,0.7896902503143216
0.2676407697790449,0.7898045490913247
0.26799714896650034,0.7898045490913247
0.26799714896650034,0.7899188478683278
0.26817533856022807,0.7899188478683278
0.26817533856022807,0.7903760429763401
0.26826443335709194,0.7903760429763401
0.26826443335709194,0.7904903417533432
0.2686208125445474,0.7904903417533432
0.2686208125445474,0.7908332380843525
0.26870990734141126,0.7908332380843525
0.26870990734141126,0.7909475368613555
0.268888096935139,0.7909475368613555
0.268888096935139,0.7914047319693679
0.26897719173200285,0.7914047319693679
0.26897719173200285,0.7916333295233741
0.26924447612259444,0.7916333295233741
0.26924447612259444,0.7918619270773802
0.2696008553100499,0.7918619270773802
0.2696008553100499,0.7919762258543833
0.26995723449750536,0.7919762258543833
0.26995723449750536,0.7920905246313864
0.2700463292943692,0.7920905246313864
0.2700463292943692,0.7925477197393987
0.27022451888809695,0.7925477197393987
0.27022451888809695,0.7926620185164018
0.2703136136849608,0.7926620185164018
0.2703136136849608,0.792890616070408
0.27084818246614395,0.7934621099554234
0.27084818246614395,0.7938050062864327
0.2709372772630078,0.7938050062864327
0.2709372772630078,0.7939193050634358
0.2710263720598717,0.7939193050634358
0.2710263720598717,0.7940336038404389
0.27111546685673554,0.7940336038404389
0.27111546685673554,0.794147902617442
0.2712045616535994,0.794147902617442
0.2712045616535994,0.7943765001714481
0.2717391304347826,0.7943765001714481
0.2717391304347826,0.7944907989484512
0.2719173200285103,0.7944907989484512
0.2719173200285103,0.7949479940564635
0.27236279401282965,0.7949479940564635
0.27236279401282965,0.7951765916104697
0.2724518888096935,0.7951765916104697
0.2724518888096935,0.7954051891644759
0.27280826799714897,0.7954051891644759
0.27280826799714897,0.7956337867184821
0.27334283677833215,0.7956337867184821
0.27334283677833215,0.7958623842724882
0.273431931575196,0.7958623842724882
0.273431931575196,0.7960909818264944
0.2735210263720599,0.7960909818264944
0.2735210263720599,0.7962052806034975
0.27361012116892375,0.7962052806034975
0.27361012116892375,0.7966624757115098
0.2737883107626515,0.7966624757115098
0.2737883107626515,0.7972339695965254
0.27414468995010693,0.7972339695965254
0.27414468995010693,0.7974625671505315
0.2745010691375624,0.7974625671505315
0.2745010691375624,0.7975768659275346
0.27459016393442626,0.7975768659275346
0.27459016393442626,0.7976911647045377
0.2748574483250178,0.7976911647045377
0.2748574483250178,0.7978054634815408
0.2750356379187455,0.7978054634815408
0.2750356379187455,0.7981483598125501
0.2753029223093371,0.7981483598125501
0.2753029223093371,0.7982626585895531
0.275392017106201,0.7982626585895531
0.275392017106201,0.7987198536975655
0.27548111190306485,0.7987198536975655
0.27548111190306485,0.7988341524745686
0.2755702066999287,0.7988341524745686
0.2755702066999287,0.7989484512515717
0.2758374910905203,0.7989484512515717
0.2758374910905203,0.7991770488055778
0.27592658588738417,0.7991770488055778
0.27592658588738417,0.799405646359584
0.27601568068424803,0.799405646359584
0.27601568068424803,0.7996342439135902
0.27646115466856735,0.7996342439135902
0.27646115466856735,0.7997485426905933
0.27726300784034213,0.7997485426905933
0.27726300784034213,0.7998628414675963
0.27744119743406986,0.7998628414675963
0.27744119743406986,0.8000914390216025
0.27753029223093373,0.8000914390216025
0.27753029223093373,0.8002057377986056
0.2776193870277976,0.8002057377986056
0.2776193870277976,0.8004343353526118
0.2777975766215253,0.8004343353526118
0.2777975766215253,0.8006629329066179
0.2778866714183892,0.8006629329066179
0.2778866714183892,0.800777231683621
0.27824305060584464,0.800777231683621
0.27824305060584464,0.8010058292376272
0.2786885245901639,0.8010058292376272
0.2786885245901639,0.8011201280146303
0.2787776193870278,0.8011201280146303
0.2787776193870278,0.8015773231226426
0.27886671418389164,0.8015773231226426
0.27886671418389164,0.8018059206766488
0.2789558089807555,0.8018059206766488
0.2789558089807555,0.802034518230655
0.27904490377761937,0.802034518230655
0.27904490377761937,0.8023774145616642
0.27913399857448323,0.8023774145616642
0.27913399857448323,0.8024917133386673
0.2794012829650748,0.8024917133386673
0.2794012829650748,0.8027203108926735
0.27957947255880256,0.8027203108926735
0.27957947255880256,0.8030632072236827
0.2796685673556664,0.8030632072236827
0.2796685673556664,0.8031775060006858
0.27984675694939415,0.8031775060006858
0.27984675694939415,0.803406103554692
0.2804704205274412,0.803406103554692
0.2804704205274412,0.8035204023316951
0.2809158945117605,0.8035204023316951
0.2809158945117605,0.8036347011086982
0.281272273699216,0.8036347011086982
0.281272273699216,0.8037489998857013
0.28136136849607984,0.8037489998857013
0.2815395580898076,0.8037489998857013
0.2815395580898076,0.8038632986627043
0.2817177476835353,0.8038632986627043
0.2817177476835353,0.8039775974397074
0.28189593727726303,0.8039775974397074
0.28189593727726303,0.8042061949937136
0.2821632216678546,0.8042061949937136
0.2821632216678546,0.8045490913247229
0.2823414112615823,0.8045490913247229
0.2823414112615823,0.804777688878729
0.2826086956521739,0.804777688878729
0.2826086956521739,0.8051205852097383
0.28269779044903776,0.8051205852097383
0.28269779044903776,0.8052348839867414
0.2827868852459016,0.8052348839867414
0.2827868852459016,0.8053491827637445
0.28296507483962935,0.8053491827637445
0.28296507483962935,0.8058063778717568
0.2830541696364932,0.8058063778717568
0.2830541696364932,0.8059206766487599
0.2831432644333571,0.8059206766487599
0.2831432644333571,0.806034975425763
0.28341054882394867,0.806034975425763
0.28341054882394867,0.806149274202766
0.28349964362081254,0.806149274202766
0.28349964362081254,0.8064921705337753
0.2835887384176764,0.8064921705337753
0.2835887384176764,0.8069493656417877
0.28367783321454026,0.8069493656417877
0.28367783321454026,0.8070636644187907
0.28376692801140413,0.8070636644187907
0.2840342124019957,0.8072922619727969
0.28421240199572345,0.8072922619727969
0.28421240199572345,0.8074065607498
0.2843014967925873,0.8074065607498
0.2843014967925873,0.8076351583038062
0.2846578759800428,0.8076351583038062
0.2846578759800428,0.8077494570808093
0.2848360655737705,0.8077494570808093
0.2848360655737705,0.8078637558578123
0.28492516037063437,0.8078637558578123
0.28492516037063437,0.8082066521888216
0.28519244476122596,0.8085495485198309
0.2853706343549537,0.8085495485198309
0.2853706343549537,0.808778146073837
0.2856379187455453,0.808778146073837
0.2856379187455453,0.8088924448508401
0.28572701354240915,0.8088924448508401
0.28572701354240915,0.8090067436278432
0.285816108339273,0.8090067436278432
0.285816108339273,0.8091210424048463
0.2859942979330007,0.8091210424048463
0.2859942979330007,0.8092353411818494
0.28608339272986455,0.8092353411818494
0.28608339272986455,0.8093496399588525
0.2861724875267284,0.8093496399588525
0.2861724875267284,0.8094639387358555
0.28652886671418387,0.8094639387358555
0.28652886671418387,0.8095782375128586
0.28661796151104774,0.8095782375128586
0.28661796151104774,0.8098068350668648
0.28706343549536706,0.8098068350668648
0.28706343549536706,0.8099211338438679
0.28733071988595865,0.8099211338438679
0.28733071988595865,0.810149731397874
0.2875089094796864,0.810149731397874
0.2875089094796864,0.8102640301748771
0.28759800427655025,0.8102640301748771
0.28759800427655025,0.8103783289518802
0.2876870990734141,0.8103783289518802
0.2876870990734141,0.8106069265058864
0.287776193870278,0.8106069265058864
0.287776193870278,0.8107212252828895
0.28786528866714184,0.8107212252828895
0.28786528866714184,0.8108355240598926
0.2879543834640057,0.8108355240598926
0.2879543834640057,0.8109498228368957
0.28813257305773343,0.8109498228368957
0.28813257305773343,0.8110641216138987
0.2882216678545973,0.8110641216138987
0.2882216678545973,0.8111784203909018
0.28831076265146116,0.8111784203909018
0.28831076265146116,0.8112927191679049
0.288399857448325,0.8112927191679049
0.288399857448325,0.8115213167219111
0.28857804704205275,0.8115213167219111
0.28857804704205275,0.8116356154989142
0.28884533143264435,0.8116356154989142
0.28884533143264435,0.8117499142759173
0.28929080541696367,0.8117499142759173
0.28929080541696367,0.8118642130529203
0.28937990021382753,0.8118642130529203
0.28937990021382753,0.8123214081609327
0.29000356379187453,0.8123214081609327
0.29000356379187453,0.8124357069379358
0.29018175338560226,0.8124357069379358
0.29018175338560226,0.8125500057149388
0.2902708481824661,0.8125500057149388
0.2902708481824661,0.8126643044919419
0.2905381325730577,0.8126643044919419
0.2905381325730577,0.8128929020459481
0.2908054169636493,0.8128929020459481
0.2908054169636493,0.8130072008229512
0.2917854597291518,0.8130072008229512
0.2917854597291518,0.8133500971539604
0.29249821810406273,0.8133500971539604
0.29249821810406273,0.814035889815979
0.2928545972915182,0.814035889815979
0.2928545972915182,0.814150188592982
0.29294369208838206,0.814150188592982
0.29294369208838206,0.8143787861469882
0.2933000712758375,0.8143787861469882
0.2933000712758375,0.8146073837009944
0.2933891660727014,0.8146073837009944
0.2933891660727014,0.8155217739170191
0.29347826086956524,0.8155217739170191
0.29347826086956524,0.8157503714710252
0.29356735566642905,0.8157503714710252
0.29356735566642905,0.8158646702480283
0.29383464005702065,0.8158646702480283
0.29383464005702065,0.8160932678020345
0.2940128296507484,0.8160932678020345
0.2940128296507484,0.8162075665790376
0.29410192444761224,0.8162075665790376
0.29410192444761224,0.8163218653560407
0.2944583036350677,0.8163218653560407
0.2944583036350677,0.8164361641330438
0.2946364932287954,0.8164361641330438
0.2946364932287954,0.8171219567950623
0.2947255880256593,0.8171219567950623
0.2947255880256593,0.8172362555720654
0.29481468282252316,0.8172362555720654
0.29481468282252316,0.8175791519030746
0.294903777619387,0.8175791519030746
0.294903777619387,0.8182649445650931
0.2952601568068425,0.8182649445650931
0.2952601568068425,0.8184935421190993
0.29561653599429794,0.8184935421190993
0.29561653599429794,0.8186078408961024
0.29579472558802566,0.8186078408961024
0.29579472558802566,0.8187221396731055
0.29588382038488953,0.8187221396731055
0.29588382038488953,0.8188364384501086
0.296240199572345,0.8188364384501086
0.296240199572345,0.8189507372271116
0.29632929436920885,0.8189507372271116
0.29632929436920885,0.8190650360041147
0.29686386315039204,0.8190650360041147
0.29686386315039204,0.8192936335581209
0.2969529579472559,0.8192936335581209
0.2969529579472559,0.819407932335124
0.29704205274411977,0.819407932335124
0.29704205274411977,0.8196365298891302
0.29713114754098363,0.8196365298891302
0.29713114754098363,0.8197508286661332
0.29739843193157517,0.8197508286661332
0.29739843193157517,0.8198651274431363
0.2978439059158945,0.8198651274431363
0.2978439059158945,0.8199794262201394
0.29793300071275836,0.8199794262201394
0.29793300071275836,0.8202080237741456
0.2981111903064861,0.8202080237741456
0.2981111903064861,0.8203223225511487
0.2982893799002138,0.8203223225511487
0.2982893799002138,0.8204366213281518
0.2983784746970777,0.8204366213281518
0.2983784746970777,0.8206652188821579
0.2985566642908054,0.8206652188821579
0.2985566642908054,0.820779517659161
0.29873485388453314,0.820779517659161
0.29873485388453314,0.8208938164361641
0.29900213827512473,0.8208938164361641
0.29900213827512473,0.8210081152131672
0.2990912330719886,0.8210081152131672
0.2990912330719886,0.8211224139901703
0.29918032786885246,0.8211224139901703
0.29918032786885246,0.8213510115441764
0.2996258018531718,0.8213510115441764
0.2996258018531718,0.8215796090981826
0.29971489665003564,0.8215796090981826
0.29971489665003564,0.8216939078751857
0.29998218104062724,0.8216939078751857
0.29998218104062724,0.8218082066521888
0.30024946543121883,0.8218082066521888
0.30024946543121883,0.822036804206195
0.30042765502494656,0.822036804206195
0.30042765502494656,0.822151102983198
0.3005167498218104,0.822151102983198
0.3005167498218104,0.8222654017602011
0.3006058446186743,0.8222654017602011
0.3006058446186743,0.8223797005372042
0.300784034212402,0.8223797005372042
0.300784034212402,0.8227225968682135
0.30096222380612975,0.8227225968682135
0.30096222380612975,0.8228368956452166
0.3012295081967213,0.8228368956452166
0.3012295081967213,0.8229511944222196
0.301407697790449,0.8229511944222196
0.301407697790449,0.8230654931992227
0.3014967925873129,0.8230654931992227
0.3014967925873129,0.8232940907532289
0.30158588738417674,0.8232940907532289
0.30158588738417674,0.8235226883072351
0.3016749821810406,0.8235226883072351
0.3016749821810406,0.8236369870842382
0.3019422665716322,0.8236369870842382
0.3019422665716322,0.8237512858612412
0.30212045616535993,0.8237512858612412
0.30212045616535993,0.8238655846382443
0.302744119743407,0.8238655846382443
0.302744119743407,0.8239798834152474
0.30283321454027085,0.8239798834152474
0.30283321454027085,0.8242084809692536
0.30327868852459017,0.8242084809692536
0.30327868852459017,0.8244370785232598
0.3034568781183179,0.8244370785232598
0.3034568781183179,0.8245513773002628
0.3036350677120456,0.8245513773002628
0.3036350677120456,0.824779974854269
0.3039914468995011,0.824779974854269
0.3039914468995011,0.8248942736312721
0.30408054169636495,0.8248942736312721
0.30408054169636495,0.8251228711852783
0.3041696364932288,0.8251228711852783
0.3041696364932288,0.8256943650702937
0.30434782608695654,0.8256943650702937
0.30434782608695654,0.8259229626242999
0.30479330007127586,0.8259229626242999
0.30479330007127586,0.826037261401303
0.30488239486813973,0.826037261401303
0.30488239486813973,0.8262658589553091
0.30497148966500354,0.8262658589553091
0.30497148966500354,0.8264944565093153
0.3050605844618674,0.8264944565093153
0.3050605844618674,0.8266087552863184
0.30523877405559513,0.8266087552863184
0.30523877405559513,0.8267230540633215
0.305327868852459,0.8267230540633215
0.305327868852459,0.8268373528403246
0.30541696364932286,0.8268373528403246
0.30541696364932286,0.8271802491713338
0.3061297220242338,0.8271802491713338
0.3061297220242338,0.8275231455023431
0.3063079116179615,0.8275231455023431
0.3063079116179615,0.8276374442793462
0.30639700641482537,0.8276374442793462
0.30639700641482537,0.8277517430563492
0.3065751960085531,0.8277517430563492
0.3065751960085531,0.8278660418333523
0.3068424803991447,0.8278660418333523
0.3068424803991447,0.8279803406103554
0.30693157519600855,0.8279803406103554
0.30693157519600855,0.8282089381643617
0.30719885958660015,0.8282089381643617
0.30719885958660015,0.828551834495371
0.3073770491803279,0.828551834495371
0.3073770491803279,0.8287804320493771
0.30773342836778333,0.8287804320493771
0.30773342836778333,0.8288947308263802
0.30800071275837493,0.8288947308263802
0.30800071275837493,0.8291233283803864
0.3080898075552388,0.8291233283803864
0.3080898075552388,0.8293519259343926
0.30817890235210266,0.8293519259343926
0.30817890235210266,0.8294662247113956
0.3091589451176051,0.8294662247113956
0.3091589451176051,0.8296948222654018
0.30933713471133284,0.8296948222654018
0.30933713471133284,0.8298091210424049
0.3094262295081967,0.8298091210424049
0.3094262295081967,0.8300377185964111
0.30951532430506057,0.8300377185964111
0.30951532430506057,0.8303806149274203
0.30960441910192443,0.8303806149274203
0.30960441910192443,0.8304949137044234
0.3096935138987883,0.8304949137044234
0.3096935138987883,0.8306092124814265
0.30978260869565216,0.8306092124814265
0.30978260869565216,0.8309521088124358
0.309871703492516,0.8309521088124358
0.309871703492516,0.8310664075894388
0.3104062722736992,0.8310664075894388
0.3104062722736992,0.8311807063664419
0.31058446186742694,0.8311807063664419
0.31058446186742694,0.831295005143445
0.3106735566642908,0.831295005143445
0.3106735566642908,0.8314093039204481
0.31085174625801854,0.8314093039204481
0.31085174625801854,0.8316379014744543
0.3114754098360656,0.8316379014744543
0.3114754098360656,0.8317522002514574
0.31156450463292945,0.8317522002514574
0.31156450463292945,0.8319807978054635
0.3125445473984319,0.8319807978054635
0.3125445473984319,0.8320950965824666
0.31263364219529577,0.8320950965824666
0.31263364219529577,0.8322093953594697
0.3133464005702067,0.8322093953594697
0.3133464005702067,0.8323236941364728
0.31343549536707055,0.8323236941364728
0.31343549536707055,0.8324379929134759
0.3135245901639344,0.8324379929134759
0.3135245901639344,0.832552291690479
0.31370277975766214,0.832552291690479
0.31370277975766214,0.8330094867984913
0.31397006414825374,0.8330094867984913
0.31397006414825374,0.8331237855754944
0.31423734853884533,0.8331237855754944
0.31423734853884533,0.8333523831295006
0.3143264433357092,0.8333523831295006
0.3143264433357092,0.8334666819065036
0.3145937277263008,0.8334666819065036
0.3145937277263008,0.8335809806835067
0.31495010691375624,0.8335809806835067
0.31495010691375624,0.8338095782375129
0.31566286528866716,0.8338095782375129
0.31566286528866716,0.833923877014516
0.315751960085531,0.833923877014516
0.315751960085531,0.8341524745685222
0.3167320028510335,0.8341524745685222
0.3167320028510335,0.8349525660075438
0.31699928724162507,0.8349525660075438
0.31699928724162507,0.8350668647845468
0.31726657163221667,0.8350668647845468
0.31726657163221667,0.8355240598925592
0.31735566642908053,0.8355240598925592
0.31735566642908053,0.8356383586695623
0.3174447612259444,0.8356383586695623
0.3174447612259444,0.8357526574465654
0.31753385602280826,0.8357526574465654
0.31753385602280826,0.8358669562235684
0.3176229508196721,0.8358669562235684
0.3176229508196721,0.8362098525545777
0.3179793300071276,0.8362098525545777
0.3179793300071276,0.8364384501085839
0.3181575196008553,0.8364384501085839
0.3181575196008553,0.83666704766259
0.31833570919458304,0.83666704766259
0.31833570919458304,0.8367813464395931
0.31851389878831077,0.8367813464395931
0.31851389878831077,0.8368956452165962
0.31878118317890236,0.8368956452165962
0.31878118317890236,0.8373528403246085
0.3188702779757662,0.8373528403246085
0.3188702779757662,0.8374671391016116
0.31904846756949395,0.8374671391016116
0.31904846756949395,0.8376957366556178
0.3194048467569494,0.8376957366556178
0.3194048467569494,0.8378100354326209
0.3194939415538133,0.8378100354326209
0.3194939415538133,0.837924334209624
0.31958303635067714,0.837924334209624
0.31958303635067714,0.8380386329866271
0.31985032074126873,0.8380386329866271
0.31985032074126873,0.8381529317636301
0.32011760513186027,0.8381529317636301
0.32011760513186027,0.8384958280946394
0.32020669992872414,0.8384958280946394
0.32020669992872414,0.8387244256486456
0.32047398431931573,0.8387244256486456
0.32047398431931573,0.8389530232026517
0.3208303635067712,0.8389530232026517
0.3208303635067712,0.8391816207566579
0.32091945830363505,0.8391816207566579
0.32091945830363505,0.839295919533661
0.32118674269422665,0.839295919533661
0.32118674269422665,0.8395245170876672
0.32145402708481824,0.8395245170876672
0.32145402708481824,0.8396388158646703
0.32172131147540983,0.8396388158646703
0.32172131147540983,0.8400960109726826
0.3219885958660014,0.8400960109726826
0.3219885958660014,0.8402103097496857
0.3225231646471846,0.8402103097496857
0.3225231646471846,0.8403246085266888
0.3226122594440485,0.8403246085266888
0.3226122594440485,0.8404389073036919
0.3227904490377762,0.8404389073036919
0.3227904490377762,0.840553206080695
0.3233250178189594,0.840553206080695
0.3233250178189594,0.8407818036347011
0.3235032074126871,0.8407818036347011
0.3235032074126871,0.8408961024117042
0.323592302209551,0.8408961024117042
0.323592302209551,0.8410104011887073
0.3239486813970064,0.8410104011887073
0.3239486813970064,0.8411246999657104
0.324215965787598,0.8411246999657104
0.324215965787598,0.8414675962967196
0.32430506058446185,0.8414675962967196
0.32430506058446185,0.8415818950737227
0.3244832501781896,0.8415818950737227
0.3244832501781896,0.8416961938507258
0.32457234497505344,0.8416961938507258
0.32457234497505344,0.8418104926277289
0.32475053456878117,0.8418104926277289
0.32475053456878117,0.841924791404732
0.3251069137562366,0.841924791404732
0.3251069137562366,0.8420390901817351
0.3253741981468282,0.8420390901817351
0.3253741981468282,0.8421533889587381
0.3259087669280114,0.8421533889587381
0.3259087669280114,0.8422676877357412
0.32608695652173914,0.8422676877357412
0.32608695652173914,0.8423819865127443
0.32626514611546686,0.8423819865127443
0.32626514611546686,0.8424962852897474
0.3264433357091946,0.8424962852897474
0.3264433357091946,0.8427248828437536
0.32653243050605846,0.8427248828437536
0.32653243050605846,0.8435249742827752
0.3267106200997862,0.8435249742827752
0.3267106200997862,0.8436392730597783
0.32679971489665005,0.8436392730597783
0.32679971489665005,0.8438678706137844
0.3269779044903778,0.8438678706137844
0.3269779044903778,0.8439821693907875
0.3272451888809694,0.8439821693907875
0.3272451888809694,0.8440964681677906
0.32786885245901637,0.8440964681677906
0.32786885245901637,0.8442107669447937
0.32813613684960796,0.8442107669447937
0.32813613684960796,0.8443250657217968
0.32867070563079115,0.8443250657217968
0.32867070563079115,0.844553663275803
0.328759800427655,0.844553663275803
0.328759800427655,0.844667962052806
0.32893799002138274,0.844667962052806
0.32893799002138274,0.8447822608298091
0.3290270848182466,0.8447822608298091
0.3290270848182466,0.8448965596068122
0.32911617961511047,0.8448965596068122
0.32911617961511047,0.8450108583838153
0.32920527441197434,0.8450108583838153
0.32920527441197434,0.8451251571608184
0.3292943692088382,0.8451251571608184
0.3292943692088382,0.8453537547148245
0.3295616535994298,0.8453537547148245
0.3295616535994298,0.8454680534918276
0.3300071275837491,0.8454680534918276
0.3300071275837491,0.8455823522688307
0.33018531717747684,0.8455823522688307
0.33018531717747684,0.8456966510458338
0.3302744119743407,0.8456966510458338
0.3302744119743407,0.8458109498228369
0.3303635067712046,0.8458109498228369
0.3303635067712046,0.84592524859984
0.33089807555238776,0.84592524859984
0.33089807555238776,0.8460395473768431
0.33143264433357095,0.8460395473768431
0.33143264433357095,0.8461538461538461
0.3316108339272986,0.8461538461538461
0.3316108339272986,0.8462681449308492
0.3318781183178902,0.8462681449308492
0.3318781183178902,0.8464967424848554
0.3319672131147541,0.8464967424848554
0.3319672131147541,0.8467253400388616
0.33223449750534567,0.8467253400388616
0.33223449750534567,0.8468396388158647
0.33259087669280113,0.8468396388158647
0.33259087669280113,0.8469539375928677
0.3331254454739843,0.8469539375928677
0.3331254454739843,0.8470682363698708
0.3332145402708482,0.8470682363698708
0.3332145402708482,0.847296833923877
0.33330363506771205,0.847296833923877
0.33330363506771205,0.8478683278088924
0.3333927298645759,0.8478683278088924
0.3333927298645759,0.8479826265858955
0.3334818246614398,0.8479826265858955
0.3334818246614398,0.8482112241399017
0.33401639344262296,0.8482112241399017
0.33401639344262296,0.8483255229169048
0.3341054882394868,0.8483255229169048
0.3341054882394868,0.8484398216939079
0.3341945830363507,0.8484398216939079
0.3341945830363507,0.8485541204709109
0.3344618674269423,0.8485541204709109
0.3344618674269423,0.848668419247914
0.33508553100498933,0.848668419247914
0.33508553100498933,0.8487827180249171
0.33544191019244474,0.8487827180249171
0.3355310049893086,0.8488970168019202
0.33562009978617247,0.8488970168019202
0.33562009978617247,0.8490113155789233
0.33642195295794725,0.8490113155789233
0.33642195295794725,0.8491256143559264
0.3365110477548111,0.8491256143559264
0.3365110477548111,0.8492399131329295
0.33668923734853884,0.8492399131329295
0.33668923734853884,0.8493542119099325
0.3367783321454027,0.8493542119099325
0.3367783321454027,0.8494685106869356
0.33686742694226657,0.8494685106869356
0.33686742694226657,0.8495828094639387
0.33766928011404135,0.8495828094639387
0.33766928011404135,0.8496971082409418
0.3377583749109052,0.8496971082409418
0.3377583749109052,0.8498114070179449
0.33820384889522453,0.8498114070179449
0.33820384889522453,0.8501543033489541
0.33838203848895226,0.8501543033489541
0.33838203848895226,0.8502686021259572
0.3388275124732716,0.8502686021259572
0.3388275124732716,0.8503829009029603
0.3390947968638631,0.8503829009029603
0.3390947968638631,0.8506114984569665
0.3393620812544547,0.8506114984569665
0.3393620812544547,0.8509543947879757
0.3396293656450463,0.8509543947879757
0.3396293656450463,0.8510686935649788
0.3398966500356379,0.8510686935649788
0.3398966500356379,0.8511829923419819
0.34052031361368496,0.8511829923419819
0.34052031361368496,0.8514115898959881
0.3406094084105488,0.8514115898959881
0.3406094084105488,0.8516401874499943
0.3408766928011404,0.8516401874499943
0.3408766928011404,0.8517544862269973
0.34105488239486814,0.8517544862269973
0.34105488239486814,0.8518687850040004
0.34123307198859587,0.8518687850040004
0.34123307198859587,0.8519830837810035
0.34150035637918746,0.8519830837810035
0.34150035637918746,0.8524402788890159
0.3416785459729152,0.8524402788890159
0.3416785459729152,0.8527831752200251
0.3422131147540984,0.8527831752200251
0.3422131147540984,0.8528974739970282
0.34230220955096224,0.8528974739970282
0.34230220955096224,0.8530117727740313
0.34248039914469,0.8530117727740313
0.34248039914469,0.8531260715510344
0.3426585887384177,0.8531260715510344
0.3426585887384177,0.8532403703280375
0.34274768353528157,0.8532403703280375
0.34274768353528157,0.8533546691050405
0.3428367783321454,0.8533546691050405
0.3428367783321454,0.8534689678820436
0.3430149679258731,0.8534689678820436
0.3430149679258731,0.8536975654360498
0.3432822523164647,0.8536975654360498
0.3432822523164647,0.8538118642130529
0.34337134711332856,0.8538118642130529
0.34337134711332856,0.8540404617670591
0.3435495367070563,0.8540404617670591
0.3435495367070563,0.8543833580980683
0.34363863150392016,0.8543833580980683
0.34363863150392016,0.8548405532060807
0.343727726300784,0.8548405532060807
0.343727726300784,0.8550691507600868
0.3438168210976479,0.8550691507600868
0.3438168210976479,0.8551834495370899
0.34390591589451175,0.8551834495370899
0.34390591589451175,0.855297748314093
0.34435138987883107,0.855297748314093
0.34435138987883107,0.8554120470910961
0.34461867426942266,0.8554120470910961
0.34461867426942266,0.8555263458680992
0.3447968638631504,0.8555263458680992
0.3447968638631504,0.8556406446451023
0.3449750534568781,0.8556406446451023
0.3449750534568781,0.8557549434221053
0.34515324305060585,0.8557549434221053
0.34515324305060585,0.8558692421991084
0.3452423378474697,0.8558692421991084
0.3452423378474697,0.8560978397531146
0.3455987170349252,0.8560978397531146
0.3455987170349252,0.8562121385301177
0.34613328581610836,0.8562121385301177
0.34613328581610836,0.8563264373071208
0.3462223806129722,0.8563264373071208
0.3462223806129722,0.8564407360841239
0.3465787598004277,0.8564407360841239
0.3465787598004277,0.8565550348611269
0.3466678545972915,0.8565550348611269
0.3466678545972915,0.85666933363813
0.34675694939415536,0.85666933363813
0.34675694939415536,0.8567836324151331
0.3469351389878831,0.8567836324151331
0.3469351389878831,0.8570122299691393
0.3472024233784747,0.8570122299691393
0.3472024233784747,0.8571265287461424
0.34729151817533854,0.8571265287461424
0.34729151817533854,0.8572408275231455
0.34755880256593014,0.8572408275231455
0.34755880256593014,0.8574694250771516
0.34773699215965787,0.8574694250771516
0.34773699215965787,0.8576980226311578
0.3479151817533856,0.8576980226311578
0.3479151817533856,0.8578123214081609
0.3480933713471133,0.8578123214081609
0.3480933713471133,0.857926620185164
0.3484497505345688,0.857926620185164
0.3484497505345688,0.8582695165161732
0.34880612972202424,0.8582695165161732
0.34880612972202424,0.8583838152931763
0.34898431931575197,0.8583838152931763
0.34898431931575197,0.8586124128471825
0.3496970776906629,0.8586124128471825
0.3496970776906629,0.8588410104011887
0.35005345687811834,0.8588410104011887
0.35005345687811834,0.8589553091781917
0.3501425516749822,0.8589553091781917
0.3501425516749822,0.8590696079551948
0.35032074126870993,0.8590696079551948
0.35032074126870993,0.859298205509201
0.35040983606557374,0.859298205509201
0.35040983606557374,0.8594125042862042
0.35058802565930147,0.8594125042862042
0.35058802565930147,0.8597554006172134
0.35085531004989307,0.8597554006172134
0.35085531004989307,0.8599839981712196
0.3510334996436208,0.8599839981712196
0.3510334996436208,0.8600982969482227
0.3512116892373485,0.8600982969482227
0.3512116892373485,0.8602125957252258
0.3514789736279401,0.8602125957252258
0.3514789736279401,0.860441193279232
0.35165716322166785,0.860441193279232
0.35165716322166785,0.860555492056235
0.3517462580185317,0.860555492056235
0.3517462580185317,0.8606697908332381
0.35192444761225944,0.8606697908332381
0.35192444761225944,0.8607840896102412
0.35210263720598717,0.8607840896102412
0.35210263720598717,0.8610126871642474
0.35219173200285103,0.8610126871642474
0.35219173200285103,0.8614698822722597
0.35290449037776195,0.8614698822722597
0.35290449037776195,0.8616984798262659
0.3529935851746258,0.8616984798262659
0.3529935851746258,0.861812778603269
0.353528153955809,0.861812778603269
0.353528153955809,0.8619270773802721
0.35370634354953673,0.8619270773802721
0.35370634354953673,0.8620413761572752
0.35415181753385605,0.8620413761572752
0.35415181753385605,0.8621556749342782
0.3544191019244476,0.8621556749342782
0.3544191019244476,0.8622699737112813
0.35450819672131145,0.8622699737112813
0.35450819672131145,0.8623842724882844
0.35477548111190305,0.8623842724882844
0.35477548111190305,0.8626128700422906
0.3549536707056308,0.8626128700422906
0.3549536707056308,0.8627271688192937
0.35504276550249464,0.8627271688192937
0.35504276550249464,0.8628414675962968
0.3553991446899501,0.8628414675962968
0.3553991446899501,0.8629557663732998
0.3558446186742694,0.8629557663732998
0.3558446186742694,0.8632986627043091
0.3559337134711333,0.8632986627043091
0.3559337134711333,0.8634129614813122
0.35602280826799715,0.8634129614813122
0.35602280826799715,0.8635272602583153
0.35629009265858874,0.8635272602583153
0.35629009265858874,0.8636415590353184
0.3563791874554526,0.8636415590353184
0.3563791874554526,0.8638701565893245
0.35646828225231647,0.8638701565893245
0.35646828225231647,0.8639844553663276
0.3570919458303635,0.8639844553663276
0.3570919458303635,0.8642130529203338
0.3576265146115467,0.8642130529203338
0.3576265146115467,0.8643273516973369
0.35780470420527444,0.8643273516973369
0.35780470420527444,0.86444165047434
0.3578937990021383,0.86444165047434
0.3578937990021383,0.864555949251343
0.3585174625801853,0.864555949251343
0.3585174625801853,0.8646702480283461
0.358695652173913,0.8646702480283461
0.358695652173913,0.8653560406903646
0.3589629365645046,0.8653560406903646
0.3589629365645046,0.8655846382443708
0.3590520313613685,0.8655846382443708
0.3590520313613685,0.8656989370213739
0.3602102637205987,0.8656989370213739
0.3602102637205987,0.8662704309063893
0.3604775481111903,0.8662704309063893
0.3604775481111903,0.8663847296833924
0.3608339272986458,0.8663847296833924
0.3608339272986458,0.8664990284603955
0.36092302209550964,0.8664990284603955
0.36092302209550964,0.8666133272373986
0.3610121168923735,0.8666133272373986
0.3610121168923735,0.8668419247914048
0.36119030648610123,0.8668419247914048
0.36119030648610123,0.8669562235684078
0.3614575908766928,0.8669562235684078
0.3614575908766928,0.8670705223454109
0.3623485388453314,0.8670705223454109
0.3623485388453314,0.867184821122414
0.36297220242337846,0.867184821122414
0.36297220242337846,0.8674134186764202
0.3631503920171062,0.8674134186764202
0.3631503920171062,0.8675277174534233
0.3634176764076978,0.8675277174534233
0.3634176764076978,0.8676420162304264
0.3635958660014255,0.8676420162304264
0.3635958660014255,0.8677563150074294
0.36421952957947257,0.8677563150074294
0.36421952957947257,0.8679849125614356
0.3646650035637919,0.8679849125614356
0.3646650035637919,0.8680992113384387
0.3649322879543835,0.8680992113384387
0.3649322879543835,0.8682135101154418
0.3653777619387028,0.8682135101154418
0.3653777619387028,0.868442107669448
0.36546685673556667,0.868442107669448
0.36546685673556667,0.868556406446451
0.3664468995010691,0.868556406446451
0.3664468995010691,0.8686707052234541
0.3670705630791162,0.8686707052234541
0.3670705630791162,0.8688993027774603
0.36733784746970777,0.8688993027774603
0.36733784746970777,0.8690136015544634
0.3675160370634355,0.8690136015544634
0.3675160370634355,0.8691279003314665
0.36840698503207414,0.8691279003314665
0.36840698503207414,0.8693564978854726
0.36974340698503205,0.8693564978854726
0.36974340698503205,0.8694707966624757
0.37001069137562365,0.8694707966624757
0.37001069137562365,0.8695850954394788
0.37027797576621524,0.8695850954394788
0.37027797576621524,0.8696993942164819
0.3703670705630791,0.8696993942164819
0.3703670705630791,0.869813692993485
0.37072344975053456,0.869813692993485
0.37072344975053456,0.8700422905474912
0.3718816821097648,0.8700422905474912
0.3718816821097648,0.8701565893244942
0.37223806129722026,0.8701565893244942
0.37223806129722026,0.8702708881014973
0.3725944404846757,0.8702708881014973
0.3725944404846757,0.8703851868785004
0.3726835352815396,0.8703851868785004
0.3726835352815396,0.8704994856555035
0.3728617248752673,0.8704994856555035
0.3728617248752673,0.8706137844325066
0.3734853884533143,0.8706137844325066
0.3734853884533143,0.8709566807635158
0.37357448325017817,0.8709566807635158
0.37357448325017817,0.8710709795405189
0.37366357804704203,0.8710709795405189
0.37366357804704203,0.871185278317522
0.3740199572344975,0.871185278317522
0.3740199572344975,0.8712995770945251
0.3742872416250891,0.8712995770945251
0.3742872416250891,0.8714138758715282
0.37464362081254454,0.8714138758715282
0.37464362081254454,0.8716424734255344
0.37482181040627227,0.8716424734255344
0.37482181040627227,0.8717567722025374
0.375,0.8717567722025374
0.375,0.8718710709795405
0.3754454739843193,0.8718710709795405
0.3754454739843193,0.8720996685335467
0.3757127583749109,0.8720996685335467
0.3757127583749109,0.8723282660875529
0.37615823235923024,0.8723282660875529
0.37615823235923024,0.872442564864556
0.37633642195295797,0.872442564864556
0.37633642195295797,0.872556863641559
0.3765146115466857,0.872556863641559
0.3765146115466857,0.8726711624185621
0.3774055595153243,0.8726711624185621
0.3774055595153243,0.8727854611955652
0.3778510334996436,0.8727854611955652
0.3778510334996436,0.8728997599725683
0.3783856022808268,0.8728997599725683
0.3783856022808268,0.8731283575265745
0.37874198146828225,0.8731283575265745
0.37874198146828225,0.8733569550805806
0.37892017106201,0.8733569550805806
0.37892017106201,0.8734712538575837
0.3790983606557377,0.8734712538575837
0.3790983606557377,0.8736998514115899
0.3791874554526016,0.8736998514115899
0.3791874554526016,0.873814150188593
0.3793656450463293,0.873814150188593
0.3793656450463293,0.8739284489655961
0.3796329294369209,0.8739284489655961
0.3796329294369209,0.8740427477425992
0.3798111190306486,0.8740427477425992
0.3798111190306486,0.8741570465196022
0.3800784034212402,0.8741570465196022
0.3800784034212402,0.8742713452966053
0.3801674982181041,0.8742713452966053
0.3801674982181041,0.8743856440736084
0.3803456878118318,0.8743856440736084
0.3803456878118318,0.8744999428506115
0.3804347826086957,0.8744999428506115
0.3804347826086957,0.8746142416276146
0.38052387740555954,0.8746142416276146
0.38052387740555954,0.8748428391816208
0.3812366357804704,0.8748428391816208
0.3812366357804704,0.8749571379586238
0.38132573057733427,0.8749571379586238
0.38132573057733427,0.8750714367356269
0.3819493941553813,0.8750714367356269
0.3819493941553813,0.8753000342896331
0.38212758374910905,0.8753000342896331
0.38212758374910905,0.8754143330666362
0.3823057733428368,0.8754143330666362
0.3823057733428368,0.8756429306206424
0.38239486813970064,0.8756429306206424
0.38239486813970064,0.8757572293976454
0.38266215253029223,0.8757572293976454
0.38266215253029223,0.8758715281746485
0.3827512473271561,0.8758715281746485
0.3827512473271561,0.8761001257286547
0.38310762651461155,0.8761001257286547
0.38310762651461155,0.8762144245056578
0.3831967213114754,0.8762144245056578
0.3831967213114754,0.876557320836667
0.3832858161083393,0.876557320836667
0.3832858161083393,0.8767859183906732
0.38337491090520315,0.8767859183906732
0.38337491090520315,0.8769002171676763
0.3835531004989309,0.8769002171676763
0.3835531004989309,0.8770145159446794
0.3839985744832502,0.8770145159446794
0.3839985744832502,0.8771288147216825
0.38417676407697793,0.8771288147216825
0.38417676407697793,0.8772431134986856
0.38453314326443333,0.8772431134986856
0.38453314326443333,0.8773574122756886
0.3846222380612972,0.8773574122756886
0.3846222380612972,0.8774717110526917
0.3851568068424804,0.8774717110526917
0.3851568068424804,0.8775860098296948
0.38569137562366357,0.8775860098296948
0.38569137562366357,0.877814607383701
0.386047754811119,0.877814607383701
0.386047754811119,0.8779289061607041
0.3861368496079829,0.8779289061607041
0.3861368496079829,0.8780432049377072
0.3864041339985745,0.8780432049377072
0.3864041339985745,0.8781575037147102
0.38702779757662154,0.8781575037147102
0.38702779757662154,0.8785004000457195
0.38720598717034926,0.8785004000457195
0.38720598717034926,0.8787289975997257
0.38747327156094086,0.8787289975997257
0.38747327156094086,0.8788432963767288
0.38774055595153245,0.8788432963767288
0.38774055595153245,0.8789575951537318
0.3880969351389879,0.8789575951537318
0.3880969351389879,0.8790718939307349
0.38863150392017104,0.8790718939307349
0.38863150392017104,0.879186192707738
0.38880969351389877,0.879186192707738
0.38880969351389877,0.8794147902617442
0.38907697790449036,0.8794147902617442
0.38907697790449036,0.8795290890387473
0.38961154668567355,0.8795290890387473
0.38961154668567355,0.8796433878157504
0.3897897362794013,0.8796433878157504
0.3897897362794013,0.8799862841467596
0.39005702066999287,0.8799862841467596
0.39005702066999287,0.8801005829237627
0.3902352102637206,0.8801005829237627
0.3902352102637206,0.8802148817007658
0.39032430506058446,0.8802148817007658
0.39032430506058446,0.880443479254772
0.39041339985744833,0.880443479254772
0.39041339985744833,0.880557778031775
0.3906806842480399,0.880557778031775
0.3906806842480399,0.8806720768087781
0.3910370634354954,0.8806720768087781
0.3910370634354954,0.8809006743627843
0.39112615823235924,0.8809006743627843
0.39112615823235924,0.8811292719167905
0.39139344262295084,0.8811292719167905
0.39139344262295084,0.8812435706937936
0.3926407697790449,0.8812435706937936
0.3926407697790449,0.8814721682477997
0.3928189593727726,0.8814721682477997
0.3928189593727726,0.8815864670248028
0.39326443335709194,0.8815864670248028
0.39326443335709194,0.8817007658018059
0.393888096935139,0.8817007658018059
0.393888096935139,0.881815064578809
0.3944226657163222,0.881815064578809
0.3944226657163222,0.8819293633558121
0.3948681397006415,0.8819293633558121
0.3948681397006415,0.8820436621328152
0.3950463292943692,0.8820436621328152
0.3950463292943692,0.8821579609098182
0.3954027084818247,0.8821579609098182
0.3954027084818247,0.8822722596868213
0.3956699928724163,0.8822722596868213
0.3956699928724163,0.8823865584638244
0.39575908766928014,0.8823865584638244
0.39575908766928014,0.8826151560178306
0.39584818246614395,0.8826151560178306
0.39584818246614395,0.8827294547948337
0.39611546685673554,0.8827294547948337
0.39611546685673554,0.8828437535718368
0.39656094084105487,0.8828437535718368
0.39656094084105487,0.8829580523488398
0.39682822523164646,0.8829580523488398
0.39682822523164646,0.8830723511258429
0.3970064148253742,0.8830723511258429
0.3970064148253742,0.8833009486798491
0.39709550962223805,0.8833009486798491
0.39709550962223805,0.8834152474568522
0.3975409836065574,0.8834152474568522
0.3975409836065574,0.8835295462338553
0.39763007840342124,0.8835295462338553
0.39763007840342124,0.8837581437878614
0.3981646471846044,0.8837581437878614
0.3981646471846044,0.8838724425648645
0.398431931575196,0.8838724425648645
0.398431931575196,0.8839867413418676
0.39976835352815393,0.8839867413418676
0.39976835352815393,0.8841010401188707
0.4006593014967926,0.8841010401188707
0.4006593014967926,0.8842153388958738
0.4008374910905203,0.8842153388958738
0.4008374910905203,0.88444393644988
0.4012829650748396,0.88444393644988
0.4012829650748396,0.8847868327808892
0.402352102637206,0.8847868327808892
0.402352102637206,0.8850154303348954
0.40244119743406986,0.8850154303348954
0.40244119743406986,0.8853583266659046
0.40253029223093373,0.8853583266659046
0.40253029223093373,0.8854726254429077
0.4028866714183892,0.8854726254429077
0.4028866714183892,0.8855869242199108
0.4033321454027085,0.8855869242199108
0.4033321454027085,0.8857012229969139
0.4036885245901639,0.8857012229969139
0.4036885245901639,0.885815521773917
0.4046685673556664,0.885815521773917
0.4046685673556664,0.8859298205509201
0.4052031361368496,0.8859298205509201
0.4052031361368496,0.8860441193279232
0.40555951532430506,0.8860441193279232
0.40555951532430506,0.8861584181049262
0.4057377049180328,0.8861584181049262
0.4057377049180328,0.8862727168819293
0.40582679971489666,0.8862727168819293
0.40582679971489666,0.8863870156589324
0.40609408410548825,0.8863870156589324
0.40609408410548825,0.8865013144359355
0.4061831789023521,0.8865013144359355
0.4061831789023521,0.8866156132129386
0.406272273699216,0.8866156132129386
0.406272273699216,0.8867299119899417
0.4067177476835353,0.8867299119899417
0.4067177476835353,0.8868442107669448
0.4069850320741269,0.8868442107669448
0.4069850320741269,0.8869585095439478
0.40725231646471843,0.8869585095439478
0.40725231646471843,0.8870728083209509
0.4077868852459016,0.8870728083209509
0.4077868852459016,0.887187107097954
0.4078759800427655,0.887187107097954
0.4078759800427655,0.8873014058749571
0.4080541696364932,0.8873014058749571
0.4080541696364932,0.8875300034289633
0.40867783321454026,0.8875300034289633
0.40867783321454026,0.8877586009829694
0.40876692801140413,0.8877586009829694
0.40876692801140413,0.8878728997599725
0.4090342124019957,0.8878728997599725
0.4090342124019957,0.8879871985369756
0.40921240199572345,0.8879871985369756
0.40921240199572345,0.8881014973139787
0.4093014967925873,0.8881014973139787
0.4093014967925873,0.8882157960909818
0.4095687811831789,0.8882157960909818
0.4095687811831789,0.8883300948679849
0.40992516037063437,0.8883300948679849
0.40992516037063437,0.888444393644988
0.41001425516749823,0.888444393644988
0.41001425516749823,0.888558692421991
0.4103706343549537,0.888558692421991
0.4103706343549537,0.8886729911989941
0.4106379187455453,0.8886729911989941
0.4106379187455453,0.8891301863070065
0.41108339272986455,0.8891301863070065
0.41108339272986455,0.8892444850840096
0.4111724875267284,0.8892444850840096
0.4111724875267284,0.8893587838610126
0.41135067712045614,0.8893587838610126
0.41135067712045614,0.8895873814150188
0.4117070563079116,0.8895873814150188
0.4117070563079116,0.8897016801920219
0.4121525302922309,0.8897016801920219
0.4121525302922309,0.889815978969025
0.41233071988595865,0.889815978969025
0.41233071988595865,0.8899302777460281
0.4125089094796864,0.8899302777460281
0.4125089094796864,0.8900445765230312
0.41304347826086957,0.8900445765230312
0.41304347826086957,0.8901588753000342
0.4134889522451889,0.8901588753000342
0.4134889522451889,0.8902731740770373
0.4140235210263721,0.8902731740770373
0.4140235210263721,0.8906160704080466
0.4142017106200998,0.8906160704080466
0.4142017106200998,0.8907303691850498
0.41437990021382753,0.8907303691850498
0.41437990021382753,0.8908446679620529
0.4144689950106914,0.8908446679620529
0.4144689950106914,0.890958966739056
0.414736279401283,0.890958966739056
0.414736279401283,0.891073265516059
0.4148253741981468,0.891073265516059
0.4148253741981468,0.8911875642930621
0.41500356379187453,0.8911875642930621
0.41500356379187453,0.8913018630700652
0.41544903777619385,0.8913018630700652
0.41544903777619385,0.8914161618470683
0.41616179615110477,0.8914161618470683
0.41616179615110477,0.8915304606240714
0.41669636493228795,0.8915304606240714
0.41669636493228795,0.8916447594010745
0.417320028510335,0.8916447594010745
0.417320028510335,0.8917590581780775
0.41794369208838206,0.8917590581780775
0.41794369208838206,0.8918733569550806
0.4180327868852459,0.8918733569550806
0.4180327868852459,0.8919876557320837
0.41928011404133997,0.8919876557320837
0.41928011404133997,0.8921019545090868
0.4209729151817534,0.8921019545090868
0.4209729151817534,0.8924448508400961
0.4211511047754811,0.8924448508400961
0.4211511047754811,0.8925591496170991
0.42132929436920885,0.8925591496170991
0.42132929436920885,0.8926734483941022
0.4217747683535282,0.8926734483941022
0.4217747683535282,0.8927877471711053
0.42266571632216676,0.8927877471711053
0.42266571632216676,0.8930163447251115
0.4227548111190306,0.8930163447251115
0.4227548111190306,0.8931306435021146
0.4231111903064861,0.8931306435021146
0.4231111903064861,0.8932449422791177
0.42400213827512473,0.8932449422791177
0.42400213827512473,0.8934735398331238
0.4246258018531718,0.8934735398331238
0.4246258018531718,0.8935878386101269
0.425784034212402,0.8935878386101269
0.425784034212402,0.8938164361641331
0.4258731290092659,0.8938164361641331
0.4258731290092659,0.8940450337181393
0.4261404133998574,0.8940450337181393
0.4261404133998574,0.8942736312721454
0.42631860299358515,0.8942736312721454
0.42631860299358515,0.8945022288261516
0.42658588738417674,0.8945022288261516
0.42658588738417674,0.8946165276031547
0.42676407697790447,0.8946165276031547
0.42676407697790447,0.8947308263801578
0.4269422665716322,0.8947308263801578
0.4269422665716322,0.8948451251571609
0.4272095509622238,0.8948451251571609
0.4272095509622238,0.894959423934164
0.4273877405559515,0.894959423934164
0.4273877405559515,0.895073722711167
0.427744119743407,0.895073722711167
0.427744119743407,0.8951880214881701
0.4279223093371347,0.8951880214881701
0.4279223093371347,0.8953023202651732
0.4280114041339986,0.8953023202651732
0.4280114041339986,0.8954166190421763
0.42827868852459017,0.8954166190421763
0.42827868852459017,0.8955309178191794
0.42836778332145403,0.8955309178191794
0.42836778332145403,0.8956452165961825
0.42908054169636495,0.8956452165961825
0.42908054169636495,0.8957595153731855
0.429704205274412,0.8957595153731855
0.429704205274412,0.8958738141501886
0.42979330007127586,0.8958738141501886
0.42979330007127586,0.8959881129271917
0.43041696364932286,0.8959881129271917
0.43041696364932286,0.8961024117041948
0.43095153243050605,0.8961024117041948
0.43095153243050605,0.8965596068122071
0.4310406272273699,0.8965596068122071
0.4310406272273699,0.8967882043662133
0.4315751960085531,0.8967882043662133
0.4315751960085531,0.8969025031432164
0.43166429080541696,0.8969025031432164
0.43166429080541696,0.8971311006972226
0.4317533856022808,0.8971311006972226
0.4317533856022808,0.8972453994742257
0.43246614397719174,0.8972453994742257
0.43246614397719174,0.8975882958052349
0.43264433357091947,0.8975882958052349
0.43264433357091947,0.8978168933592411
0.43273342836778333,0.8978168933592411
0.43273342836778333,0.8979311921362442
0.43291161796151106,0.8979311921362442
0.43291161796151106,0.8980454909132473
0.4330898075552388,0.8980454909132473
0.4330898075552388,0.8981597896902503
0.4332679971489665,0.8981597896902503
0.4332679971489665,0.8985026860212596
0.4339807555238774,0.8985026860212596
0.4339807555238774,0.8986169847982627
0.43433713471133284,0.8986169847982627
0.43433713471133284,0.8987312835752658
0.43460441910192443,0.8987312835752658
0.43460441910192443,0.8988455823522689
0.43504989308624376,0.8988455823522689
0.43504989308624376,0.899074179906275
0.4351389878831076,0.899074179906275
0.4351389878831076,0.8991884786832781
0.43531717747683535,0.8991884786832781
0.43531717747683535,0.8994170762372843
0.43576265146115467,0.8994170762372843
0.43576265146115467,0.8995313750142874
0.4359408410548824,0.8995313750142874
0.4359408410548824,0.8996456737912905
0.43611903064861013,0.8996456737912905
0.43611903064861013,0.8997599725682935
0.4370099786172488,0.8997599725682935
0.4370099786172488,0.8999885701222997
0.4375445473984319,0.8999885701222997
0.4375445473984319,0.9001028688993028
0.43816821097647896,0.9001028688993028
0.43816821097647896,0.9002171676763059
0.43843549536707055,0.9002171676763059
0.43843549536707055,0.900331466453309
0.438791874554526,0.900331466453309
0.438791874554526,0.9004457652303121
0.43995010691375624,0.9004457652303121
0.43995010691375624,0.9005600640073151
0.4405737704918033,0.9005600640073151
0.4405737704918033,0.9006743627843182
0.44066286528866716,0.9006743627843182
0.44066286528866716,0.9007886615613213
0.440751960085531,0.9007886615613213
0.440751960085531,0.9009029603383244
0.4408410548823949,0.9009029603383244
0.4408410548823949,0.9010172591153275
0.44093014967925875,0.9010172591153275
0.44093014967925875,0.9012458566693337
0.4410192444761226,0.9012458566693337
0.4410192444761226,0.9013601554463367
0.441375623663578,0.9013601554463367
0.441375623663578,0.9015887530003429
0.44155381325730575,0.9015887530003429
0.44155381325730575,0.9018173505543491
0.4417320028510335,0.9018173505543491
0.4417320028510335,0.9019316493313522
0.4421774768353528,0.9019316493313522
0.4421774768353528,0.9021602468853583
0.44378118317890236,0.9021602468853583
0.44378118317890236,0.9022745456623614
0.44458303635067714,0.9022745456623614
0.44458303635067714,0.9026174419933707
0.4449394155381326,0.9026174419933707
0.4449394155381326,0.9029603383243799
0.44520669992872414,0.9029603383243799
0.44520669992872414,0.903074637101383
0.4455630791161796,0.903074637101383
0.4455630791161796,0.9031889358783861
0.44591945830363505,0.9031889358783861
0.44591945830363505,0.9034175334323923
0.4463649322879544,0.9034175334323923
0.4463649322879544,0.9036461309863985
0.4468104062722737,0.9036461309863985
0.4468104062722737,0.9037604297634015
0.44716678545972915,0.9037604297634015
0.44716678545972915,0.9038747285404046
0.4473449750534569,0.9038747285404046
0.4473449750534569,0.9039890273174077
0.4477904490377762,0.9039890273174077
0.4477904490377762,0.9041033260944108
0.44796863863150393,0.9041033260944108
0.44796863863150393,0.9042176248714139
0.448592302209551,0.9042176248714139
0.448592302209551,0.904331923648417
0.44930506058446185,0.904331923648417
0.44930506058446185,0.9045605212024231
0.4499287241625089,0.9045605212024231
0.4499287241625089,0.9046748199794262
0.45001781895937276,0.9046748199794262
0.45001781895937276,0.9047891187564293
0.4501960085531005,0.9047891187564293
0.4501960085531005,0.9049034175334324
0.4509087669280114,0.9049034175334324
0.4509087669280114,0.9050177163104355
0.45099786172487527,0.9050177163104355
0.45099786172487527,0.9051320150874386
0.45108695652173914,0.9051320150874386
0.45108695652173914,0.9052463138644417
0.4516215253029223,0.9052463138644417
0.4516215253029223,0.9054749114184478
0.45206699928724164,0.9054749114184478
0.45206699928724164,0.9055892101954509
0.45295794725588023,0.9055892101954509
0.45295794725588023,0.905703508972454
0.4530470420527441,0.905703508972454
0.4530470420527441,0.9060464053034633
0.45393799002138274,0.9060464053034633
0.45393799002138274,0.9062750028574694
0.45420527441197434,0.9062750028574694
0.45420527441197434,0.9065036004114756
0.4545616535994298,0.9065036004114756
0.4545616535994298,0.9066178991884787
0.45465074839629366,0.9066178991884787
0.45465074839629366,0.9067321979654818
0.4547398431931575,0.9067321979654818
0.4547398431931575,0.9069607955194879
0.4548289379900214,0.9069607955194879
0.4548289379900214,0.907075094296491
0.455096222380613,0.907075094296491
0.455096222380613,0.9073036918504972
0.45571988595866003,0.9073036918504972
0.45571988595866003,0.9076465881815065
0.45589807555238776,0.9076465881815065
0.45589807555238776,0.9077608869585095
0.45616535994297935,0.9077608869585095
0.45616535994297935,0.9081037832895188
0.45643264433357095,0.9081037832895188
0.45643264433357095,0.908332380843525
0.4566108339272986,0.908332380843525
0.4566108339272986,0.908446679620528
0.45776906628652886,0.908446679620528
0.45776906628652886,0.9086752771745342
0.4579472558802566,0.9086752771745342
0.4579472558802566,0.9087895759515373
0.4581254454739843,0.9087895759515373
0.4589272986457591,0.9087895759515373
0.4589272986457591,0.9089038747285404
0.45928367783321455,0.9089038747285404
0.45928367783321455,0.9090181735055435
0.4599073414112616,0.9090181735055435
0.4599073414112616,0.9092467710595497
0.4605310049893086,0.9092467710595497
0.4605310049893086,0.9093610698365527
0.46062009978617247,0.9093610698365527
0.46062009978617247,0.9095896673905589
0.46070919458303633,0.9095896673905589
0.46070919458303633,0.909703966167562
0.4607982893799002,0.909703966167562
0.4607982893799002,0.9099325637215682
0.46088738417676406,0.9099325637215682
0.46088738417676406,0.9101611612755743
0.4609764789736279,0.9101611612755743
0.4609764789736279,0.9102754600525774
0.4610655737704918,0.9102754600525774
0.4610655737704918,0.9103897588295805
0.46293656450463294,0.9103897588295805
0.46293656450463294,0.9105040576065836
0.4630256593014968,0.9105040576065836
0.4630256593014968,0.9107326551605898
0.46391660727013545,0.9107326551605898
0.46391660727013545,0.9108469539375929
0.4640057020669993,0.9108469539375929
0.4640057020669993,0.9109612527145959
0.4646293656450463,0.9109612527145959
0.4646293656450463,0.911075551491599
0.4654312188168211,0.911075551491599
0.4654312188168211,0.9111898502686021
0.4656094084105488,0.9111898502686021
0.4656094084105488,0.9113041490456052
0.4659657875980043,0.9113041490456052
0.4659657875980043,0.9115327465996114
0.466143977191732,0.9115327465996114
0.466143977191732,0.9116470453766145
0.4672131147540984,0.9116470453766145
0.4672131147540984,0.9117613441536175
0.4676585887384177,0.9117613441536175
0.4676585887384177,0.9118756429306206
0.46810406272273697,0.9118756429306206
0.46810406272273697,0.9121042404846268
0.4689950106913756,0.9121042404846268
0.4689950106913756,0.9122185392616299
0.4690841054882395,0.9122185392616299
0.4690841054882395,0.912332838038633
0.46917320028510334,0.912332838038633
0.46917320028510334,0.912447136815636
0.4692622950819672,0.912447136815636
0.4692622950819672,0.9125614355926391
0.46961867426942266,0.9125614355926391
0.46961867426942266,0.9126757343696422
0.47015324305060585,0.9126757343696422
0.47015324305060585,0.9127900331466453
0.47068781183178904,0.9127900331466453
0.47068781183178904,0.9129043319236484
0.47140057020669995,0.9129043319236484
0.47140057020669995,0.9130186307006515
0.4714896650035638,0.9130186307006515
0.4714896650035638,0.9132472282546577
0.47229151817533854,0.9132472282546577
0.47229151817533854,0.9133615270316607
0.47255880256593014,0.9133615270316607
0.47255880256593014,0.9134758258086638
0.47282608695652173,0.9134758258086638
0.47282608695652173,0.9138187221396731
0.47300427655024946,0.9138187221396731
0.47300427655024946,0.9139330209166762
0.4736279401282965,0.9139330209166762
0.4736279401282965,0.9140473196936792
0.47425160370634356,0.9140473196936792
0.47425160370634356,0.9141616184706823
0.4743406985032074,0.9141616184706823
0.4743406985032074,0.9142759172476854
0.474607982893799,0.9142759172476854
0.474607982893799,0.9143902160246885
0.4751425516749822,0.9143902160246885
0.4751425516749822,0.9145045148016916
0.47532074126870993,0.9145045148016916
0.47532074126870993,0.9146188135786947
0.47594440484675693,0.9146188135786947
0.47594440484675693,0.9149617099097039
0.47638987883107625,0.9149617099097039
0.47638987883107625,0.915076008686707
0.4768353528153956,0.915076008686707
0.4768353528153956,0.9151903074637101
0.47710263720598717,0.9151903074637101
0.47710263720598717,0.9153046062407132
0.47763720598717035,0.9153046062407132
0.47763720598717035,0.9154189050177163
0.4778153955808981,0.9154189050177163
0.4778153955808981,0.9155332037947194
0.4780826799714897,0.9155332037947194
0.4780826799714897,0.9157618013487255
0.47834996436208127,0.9157618013487255
0.47834996436208127,0.9158761001257286
0.478528153955809,0.9158761001257286
0.478528153955809,0.9159903989027317
0.47888453314326446,0.9159903989027317
0.47888453314326446,0.9161046976797348
0.47915181753385605,0.9161046976797348
0.47915181753385605,0.9162189964567379
0.4793300071275837,0.9162189964567379
0.4793300071275837,0.916447594010744
0.4798645759087669,0.916447594010744
0.4798645759087669,0.9165618927877471
0.4799536707056308,0.9165618927877471
0.4799536707056308,0.9167904903417533
0.48004276550249464,0.9167904903417533
0.48004276550249464,0.9169047891187564
0.48102280826799715,0.9169047891187564
0.48102280826799715,0.9170190878957595
0.481111903064861,0.9170190878957595
0.481111903064861,0.9173619842267687
0.48129009265858874,0.9173619842267687
0.48129009265858874,0.9174762830037718
0.48155737704918034,0.9174762830037718
0.48155737704918034,0.9175905817807749
0.48173556664290806,0.9175905817807749
0.48173556664290806,0.917704880557778
0.4826265146115467,0.917704880557778
0.4826265146115467,0.9178191793347811
0.483071988595866,0.9178191793347811
0.483071988595866,0.9179334781117842
0.48316108339272984,0.9179334781117842
0.48316108339272984,0.9180477768887872
0.48342836778332143,0.9180477768887872
0.48342836778332143,0.9181620756657903
0.48458660014255167,0.9181620756657903
0.48458660014255167,0.9185049719967996
0.4847647897362794,0.9185049719967996
0.4847647897362794,0.9186192707738027
0.48485388453314326,0.9186192707738027
0.48485388453314326,0.9187335695508058
0.48512116892373486,0.9187335695508058
0.48512116892373486,0.9188478683278088
0.4852993585174626,0.9188478683278088
0.4852993585174626,0.9189621671048119
0.4862794012829651,0.9189621671048119
0.4862794012829651,0.919076465881815
0.4867248752672844,0.919076465881815
0.4867248752672844,0.9191907646588181
0.4869030648610121,0.9191907646588181
0.4869030648610121,0.9193050634358212
0.4870812544547398,0.9193050634358212
0.4870812544547398,0.9194193622128243
0.4873485388453314,0.9194193622128243
0.4873485388453314,0.9195336609898274
0.48779401282965074,0.9195336609898274
0.48779401282965074,0.9196479597668304
0.4878831076265146,0.9196479597668304
0.4878831076265146,0.9197622585438335
0.4893977191732003,0.9197622585438335
0.4893977191732003,0.9198765573208366
0.48948681397006416,0.9198765573208366
0.48948681397006416,0.9201051548748428
0.4896650035637919,0.9201051548748428
0.4896650035637919,0.9202194536518459
0.49002138275124735,0.9202194536518459
0.49002138275124735,0.920333752428849
0.4901104775481112,0.920333752428849
0.4901104775481112,0.920448051205852
0.4903777619387028,0.920448051205852
0.4903777619387028,0.9205623499828551
0.4907341411261582,0.9205623499828551
0.4907341411261582,0.9206766487598582
0.49091233071988594,0.9206766487598582
0.49091233071988594,0.9207909475368613
0.49109052031361367,0.9207909475368613
0.49109052031361367,0.9209052463138644
0.49117961511047753,0.9209052463138644
0.49117961511047753,0.9210195450908675
0.4918032786885246,0.9210195450908675
0.4918032786885246,0.9213624414218767
0.4919814682822523,0.9213624414218767
0.4919814682822523,0.9214767401988798
0.49215965787598004,0.9214767401988798
0.49215965787598004,0.9215910389758829
0.49233784746970777,0.9215910389758829
0.49233784746970777,0.921705337752886
0.4926942266571632,0.921705337752886
0.4926942266571632,0.9219339353068923
0.4932287954383464,0.9219339353068923
0.4932287954383464,0.9220482340838954
0.49385245901639346,0.9220482340838954
0.49385245901639346,0.9221625328608984
0.49394155381325733,0.9221625328608984
0.49394155381325733,0.9222768316379015
0.4942088382038489,0.9222768316379015
0.4942088382038489,0.9223911304149046
0.49474340698503205,0.9223911304149046
0.49474340698503205,0.9226197279689108
0.4959016393442623,0.9226197279689108
0.4959016393442623,0.922848325522917
0.49607982893799,0.922848325522917
0.49607982893799,0.9230769230769231
0.49625801853171775,0.9230769230769231
0.49625801853171775,0.9231912218539262
0.4963471133285816,0.9231912218539262
0.4963471133285816,0.9233055206309293
0.49670349251603707,0.9233055206309293
0.49670349251603707,0.9234198194079324
0.49697077690662866,0.9234198194079324
0.49697077690662866,0.9235341181849355
0.4973271560940841,0.9235341181849355
0.4973271560940841,0.9236484169619386
0.497416250890948,0.9236484169619386
0.497416250890948,0.9237627157389416
0.4975944404846757,0.9237627157389416
0.4975944404846757,0.9238770145159447
0.49839629365645044,0.9238770145159447
0.49839629365645044,0.9239913132929478
0.49964362081254454,0.9239913132929478
0.49964362081254454,0.9241056120699509
0.5000890947968638,0.9241056120699509
0.5000890947968638,0.924219910846954
0.500623663578047,0.924219910846954
0.500623663578047,0.9244485084009602
0.5008909479686386,0.9244485084009602
0.5008909479686386,0.9245628071779632
0.5009800427655025,0.9245628071779632
0.5009800427655025,0.9249057035089725
0.5010691375623664,0.9249057035089725
0.5010691375623664,0.9250200022859756
0.5013364219529579,0.9250200022859756
0.5013364219529579,0.9252485998399818
0.5024946543121882,0.9252485998399818
0.5024946543121882,0.9253628986169848
0.502583749109052,0.9253628986169848
0.502583749109052,0.9254771973939879
0.5035637918745546,0.9254771973939879
0.5035637918745546,0.925591496170991
0.5047220242337848,0.925591496170991
0.5047220242337848,0.9257057949479941
0.5048111190306486,0.9257057949479941
0.5048111190306486,0.9258200937249972
0.505256593014968,0.9258200937249972
0.505256593014968,0.9259343925020003
0.5053456878118318,0.9259343925020003
0.5053456878118318,0.9261629900560064
0.5055238774055595,0.9261629900560064
0.5055238774055595,0.9262772888330095
0.5056129722024234,0.9262772888330095
0.5056129722024234,0.9263915876100126
0.5058802565930149,0.9263915876100126
0.5058802565930149,0.9265058863870157
0.5059693513898789,0.9265058863870157
0.5059693513898789,0.9266201851640188
0.5083749109052031,0.9266201851640188
0.5083749109052031,0.9267344839410219
0.5087312900926586,0.9267344839410219
0.5087312900926586,0.926848782718025
0.5088203848895224,0.926848782718025
0.5088203848895224,0.926963081495028
0.5090876692801141,0.926963081495028
0.5090876692801141,0.9270773802720311
0.5093549536707056,0.9270773802720311
0.5093549536707056,0.9273059778260373
0.5095331432644333,0.9273059778260373
0.5095331432644333,0.9274202766030404
0.5097113328581611,0.9274202766030404
0.5097113328581611,0.9275345753800435
0.509800427655025,0.9275345753800435
0.509800427655025,0.9276488741570466
0.5101568068424804,0.9276488741570466
0.5101568068424804,0.9277631729340496
0.5106913756236636,0.9277631729340496
0.5106913756236636,0.9278774717110527
0.5110477548111191,0.9278774717110527
0.5110477548111191,0.928220368042062
0.5118496079828938,0.928220368042062
0.5118496079828938,0.9284489655960682
0.5120277975766215,0.9284489655960682
0.5120277975766215,0.9285632643730712
0.5121168923734853,0.9285632643730712
0.5121168923734853,0.9286775631500743
0.5127405559515325,0.9286775631500743
0.5127405559515325,0.9287918619270774
0.5132751247327156,0.9287918619270774
0.5132751247327156,0.9289061607040805
0.5140769779044904,0.9289061607040805
0.5140769779044904,0.9290204594810836
0.5145224518888097,0.9290204594810836
0.5145224518888097,0.9292490570350898
0.5148788310762652,0.9292490570350898
0.5148788310762652,0.9293633558120928
0.5152352102637205,0.9293633558120928
0.5152352102637205,0.929591953366099
0.5154133998574483,0.929591953366099
0.5154133998574483,0.9297062521431021
0.5157697790449037,0.9297062521431021
0.5157697790449037,0.9298205509201052
0.5162152530292231,0.9298205509201052
0.5162152530292231,0.9300491484741114
0.5163043478260869,0.9300491484741114
0.5163043478260869,0.9301634472511144
0.5164825374198146,0.9301634472511144
0.5164825374198146,0.9303920448051206
0.5171952957947256,0.9303920448051206
0.5171952957947256,0.9305063435821237
0.5172843905915895,0.9305063435821237
0.5172843905915895,0.9306206423591268
0.5178189593727727,0.9306206423591268
0.5178189593727727,0.930849239913133
0.5182644333570919,0.930849239913133
0.5182644333570919,0.930963538690136
0.5186208125445474,0.930963538690136
0.5186208125445474,0.9310778374671391
0.5192444761225944,0.9310778374671391
0.5192444761225944,0.9314207337981484
0.5196899501069138,0.9314207337981484
0.5196899501069138,0.9316493313521546
0.5198681397006415,0.9316493313521546
0.5198681397006415,0.9317636301291576
0.5199572344975053,0.9317636301291576
0.5199572344975053,0.9318779289061607
0.5205808980755524,0.9318779289061607
0.5205808980755524,0.9321065264601669
0.5211154668567356,0.9321065264601669
0.5211154668567356,0.93222082523717
0.5219173200285103,0.93222082523717
0.5219173200285103,0.9324494227911762
0.5223627940128297,0.9324494227911762
0.5223627940128297,0.9325637215681792
0.522808267997149,0.9325637215681792
0.522808267997149,0.9326780203451823
0.5231646471846044,0.9326780203451823
0.5231646471846044,0.9327923191221854
0.5232537419814682,0.9327923191221854
0.5232537419814682,0.9329066178991885
0.5235210263720599,0.9329066178991885
0.5235210263720599,0.9330209166761916
0.5246792587312901,0.9330209166761916
0.5246792587312901,0.9331352154531947
0.525392017106201,0.9331352154531947
0.525392017106201,0.9332495142301978
0.5257483962936564,0.9332495142301978
0.5257483962936564,0.9334781117842039
0.5258374910905204,0.9334781117842039
0.5258374910905204,0.933592410561207
0.5267284390591589,0.933592410561207
0.5267284390591589,0.9337067093382101
0.5269957234497505,0.9337067093382101
0.5269957234497505,0.9338210081152132
0.5278866714183892,0.9338210081152132
0.5278866714183892,0.9339353068922163
0.5280648610121169,0.9339353068922163
0.5280648610121169,0.9340496056692194
0.5286885245901639,0.9340496056692194
0.5286885245901639,0.9341639044462224
0.5295794725588026,0.9341639044462224
0.5295794725588026,0.9342782032232255
0.5298467569493942,0.9342782032232255
0.5298467569493942,0.9345068007772317
0.5307377049180327,0.9345068007772317
0.5307377049180327,0.9346210995542348
0.5309158945117605,0.9346210995542348
0.5309158945117605,0.934849697108241
0.5312722736992159,0.934849697108241
0.5312722736992159,0.934963995885244
0.5313613684960798,0.934963995885244
0.5313613684960798,0.9350782946622471
0.5314504632929437,0.9350782946622471
0.5314504632929437,0.9351925934392502
0.53251960085531,0.9351925934392502
0.53251960085531,0.9353068922162533
0.533856022808268,0.9353068922162533
0.533856022808268,0.9354211909932564
0.5347469707769066,0.9354211909932564
0.5347469707769066,0.9356497885472626
0.5356379187455452,0.9356497885472626
0.5356379187455452,0.9358783861012687
0.5363506771204561,0.9358783861012687
0.5363506771204561,0.9359926848782718
0.5364397719173201,0.9359926848782718
0.5364397719173201,0.936221282432278
0.5366179615110478,0.936221282432278
0.5366179615110478,0.9363355812092811
0.5375089094796864,0.9363355812092811
0.5375089094796864,0.9365641787632872
0.5388453314326443,0.9365641787632872
0.5388453314326443,0.9366784775402903
0.5389344262295082,0.9366784775402903
0.5389344262295082,0.9367927763172934
0.5390235210263721,0.9367927763172934
0.5390235210263721,0.9369070750942965
0.5392017106200998,0.9369070750942965
0.5392017106200998,0.9370213738712996
0.5393799002138275,0.9370213738712996
0.5393799002138275,0.9371356726483027
0.5402708481824662,0.9371356726483027
0.5402708481824662,0.9372499714253058
0.54035994297933,0.9372499714253058
0.54035994297933,0.9374785689793119
0.5405381325730577,0.9374785689793119
0.5405381325730577,0.9377071665333181
0.5408054169636494,0.9377071665333181
0.5408054169636494,0.9378214653103212
0.5411617961511048,0.9378214653103212
0.5411617961511048,0.9380500628643273
0.5413399857448326,0.9380500628643273
0.5413399857448326,0.9381643616413304
0.5416963649322879,0.9381643616413304
0.5416963649322879,0.9382786604183335
0.5418745545260156,0.9382786604183335
0.5418745545260156,0.9383929591953366
0.5424091233071988,0.9383929591953366
0.5424091233071988,0.9385072579723397
0.5443692088382038,0.9385072579723397
0.5443692088382038,0.938964453080352
0.5453492516037064,0.938964453080352
0.5453492516037064,0.9390787518573551
0.5459729151817534,0.9390787518573551
0.5459729151817534,0.9391930506343582
0.5464183891660727,0.9391930506343582
0.5464183891660727,0.9393073494113613
0.5465074839629366,0.9393073494113613
0.5465074839629366,0.9395359469653675
0.5466856735566643,0.9395359469653675
0.5466856735566643,0.9396502457423705
0.5469529579472558,0.9396502457423705
0.5469529579472558,0.9397645445193736
0.5470420527441198,0.9397645445193736
0.5470420527441198,0.9398788432963767
0.5473984319315752,0.9398788432963767
0.5473984319315752,0.9399931420733798
0.547487526728439,0.9399931420733798
0.547487526728439,0.940221739627386
0.5478439059158945,0.940221739627386
0.5478439059158945,0.9403360384043891
0.5486457590876693,0.9403360384043891
0.5486457590876693,0.9404503371813921
0.5489130434782609,0.9404503371813921
0.5489130434782609,0.9405646359583952
0.5493585174625801,0.9405646359583952
0.5493585174625801,0.9409075322894045
0.5509622238061297,0.9409075322894045
0.5509622238061297,0.9410218310664076
0.5511404133998574,0.9410218310664076
0.5511404133998574,0.9412504286204137
0.5514076977904491,0.9412504286204137
0.5515858873841768,0.9412504286204137
0.5517640769779045,0.9412504286204137
0.5517640769779045,0.9413647273974168
0.5519422665716323,0.9413647273974168
0.5519422665716323,0.9414790261744199
0.5520313613684961,0.9414790261744199
0.5520313613684961,0.9417076237284261
0.5524768353528154,0.9417076237284261
0.5524768353528154,0.9418219225054292
0.5525659301496793,0.9418219225054292
0.5525659301496793,0.9419362212824323
0.5530114041339986,0.9419362212824323
0.5530114041339986,0.9421648188364384
0.5534568781183179,0.9421648188364384
0.5534568781183179,0.9422791176134415
0.5538132573057734,0.9422791176134415
0.5538132573057734,0.9423934163904446
0.554704205274412,0.9423934163904446
0.554704205274412,0.9425077151674477
0.5557733428367784,0.9425077151674477
0.5557733428367784,0.9427363127214539
0.5560406272273699,0.9427363127214539
0.5560406272273699,0.942850611498457
0.5562188168210976,0.942850611498457
0.5562188168210976,0.94296491027546
0.5563970064148254,0.94296491027546
0.5563970064148254,0.9430792090524631
0.5567533856022808,0.9430792090524631
0.5567533856022808,0.9431935078294662
0.5569315751960086,0.9431935078294662
0.5569315751960086,0.9433078066064693
0.5571988595866001,0.9433078066064693
0.5571988595866001,0.9434221053834724
0.5577334283677833,0.9434221053834724
0.5577334283677833,0.9435364041604755
0.557911617961511,0.9435364041604755
0.557911617961511,0.9436507029374785
0.5581789023521027,0.9436507029374785
0.5581789023521027,0.9438793004914847
0.5596044191019245,0.9438793004914847
0.5596044191019245,0.9439935992684878
0.55996079828938,0.9439935992684878
0.55996079828938,0.9441078980454909
0.5604062722736992,0.9441078980454909
0.5604062722736992,0.944222196822494
0.561831789023521,0.944222196822494
0.561831789023521,0.9443364955994971
0.562544547398432,0.9443364955994971
0.562544547398432,0.9444507943765001
0.5627227369921597,0.9444507943765001
0.5627227369921597,0.9445650931535032
0.5634354953670706,0.9445650931535032
0.5634354953670706,0.9446793919305063
0.5635245901639344,0.9446793919305063
0.5635245901639344,0.9447936907075094
0.5643264433357092,0.9447936907075094
0.5643264433357092,0.9450222882615156
0.5648610121168923,0.9450222882615156
0.5648610121168923,0.9451365870385187
0.565128296507484,0.9451365870385187
0.565128296507484,0.9452508858155217
0.5652173913043478,0.9452508858155217
0.5652173913043478,0.9453651845925248
0.5661974340698503,0.9453651845925248
0.5661974340698503,0.9454794833695279
0.5674447612259444,0.9454794833695279
0.5674447612259444,0.945593782146531
0.5675338560228083,0.945593782146531
0.5675338560228083,0.9457080809235341
0.5680684248039914,0.9457080809235341
0.5680684248039914,0.9458223797005372
0.568335709194583,0.9458223797005372
0.568335709194583,0.9459366784775403
0.5693157519600855,0.9459366784775403
0.5693157519600855,0.9460509772545433
0.5694939415538133,0.9460509772545433
0.5694939415538133,0.9461652760315464
0.5702066999287242,0.9461652760315464
0.5702066999287242,0.9462795748085495
0.5734141126158232,0.9462795748085495
0.5734141126158232,0.9465081723625557
0.5738595866001426,0.9465081723625557
0.5738595866001426,0.9466224711395588
0.5740377761938703,0.9466224711395588
0.5740377761938703,0.9467367699165619
0.574928724162509,0.9467367699165619
0.574928724162509,0.946851068693565
0.5751960085531005,0.946851068693565
0.5751960085531005,0.946965367470568
0.5753741981468282,0.946965367470568
0.5753741981468282,0.9470796662475711
0.5754632929436921,0.9470796662475711
0.5754632929436921,0.9473082638015773
0.575552387740556,0.9473082638015773
0.575552387740556,0.9474225625785804
0.5757305773342837,0.9474225625785804
0.5757305773342837,0.9476511601325865
0.5758196721311475,0.9476511601325865
0.5758196721311475,0.9477654589095896
0.5761760513186029,0.9477654589095896
0.5761760513186029,0.9478797576865927
0.5764433357091946,0.9478797576865927
0.5764433357091946,0.9479940564635958
0.5769779044903778,0.9479940564635958
0.5769779044903778,0.9481083552405989
0.5771560940841055,0.9481083552405989
0.5771560940841055,0.9483369527946051
0.577512473271561,0.9483369527946051
0.577512473271561,0.9484512515716081
0.5787598004276551,0.9484512515716081
0.5787598004276551,0.9485655503486112
0.5788488952245189,0.9485655503486112
0.5788488952245189,0.9486798491256143
0.5792052744119743,0.9486798491256143
0.5792052744119743,0.9489084466796205
0.5793834640057021,0.9489084466796205
0.5793834640057021,0.9490227454566236
0.5801853171774768,0.9490227454566236
0.5801853171774768,0.9491370442336267
0.5804526015680684,0.9491370442336267
0.5804526015680684,0.9492513430106297
0.5809871703492516,0.9492513430106297
0.5809871703492516,0.9493656417876328
0.5811653599429794,0.9493656417876328
0.5811653599429794,0.9494799405646359
0.5813435495367071,0.9494799405646359
0.5813435495367071,0.949594239341639
0.5814326443335709,0.949594239341639
0.5814326443335709,0.9497085381186421
0.5823235923022095,0.9497085381186421
0.5823235923022095,0.9499371356726483
0.5825017818959373,0.9499371356726483
0.5825017818959373,0.9502800320036575
0.5830363506771205,0.9502800320036575
0.5830363506771205,0.9503943307806606
0.5833927298645759,0.9503943307806606
0.5833927298645759,0.9505086295576637
0.5841945830363506,0.9505086295576637
0.5841945830363506,0.9506229283346668
0.5851746258018532,0.9506229283346668
0.5851746258018532,0.9507372271116699
0.5859764789736279,0.9507372271116699
0.5859764789736279,0.9508515258886729
0.5879365645046329,0.9508515258886729
0.5879365645046329,0.950965824665676
0.5880256593014968,0.950965824665676
0.5880256593014968,0.9510801234426791
0.5882929436920884,0.9510801234426791
0.5882929436920884,0.9511944222196822
0.5890947968638631,0.9511944222196822
0.5890947968638631,0.9514230197736884
0.5892729864575909,0.9514230197736884
0.5892729864575909,0.9515373185506915
0.589896650035638,0.9515373185506915
0.589896650035638,0.9516516173276945
0.5900748396293657,0.9516516173276945
0.5900748396293657,0.9517659161046976
0.591143977191732,0.9517659161046976
0.591143977191732,0.9518802148817007
0.5914112615823236,0.9518802148817007
0.5914112615823236,0.9519945136587038
0.5926585887384177,0.9519945136587038
0.5926585887384177,0.9521088124357069
0.5939059158945118,0.9521088124357069
0.5939059158945118,0.95222311121271
0.5945295794725588,0.95222311121271
0.5945295794725588,0.9523374099897131
0.5951532430506058,0.9523374099897131
0.5951532430506058,0.9524517087667161
0.5952423378474697,0.9524517087667161
0.5952423378474697,0.9525660075437192
0.5957769066286529,0.9525660075437192
0.5957769066286529,0.9526803063207223
0.5960441910192444,0.9526803063207223
0.5960441910192444,0.9527946050977254
0.5963114754098361,0.9527946050977254
0.5963114754098361,0.9529089038747285
0.5965787598004276,0.9529089038747285
0.5965787598004276,0.9530232026517316
0.5972024233784747,0.9530232026517316
0.5972024233784747,0.9531375014287348
0.5974697077690663,0.9531375014287348
0.5974697077690663,0.9532518002057379
0.5975588025659302,0.9532518002057379
0.5975588025659302,0.9533660989827409
0.597647897362794,0.9533660989827409
0.597647897362794,0.9535946965367471
0.5994297933000713,0.9535946965367471
0.5994297933000713,0.9537089953137502
0.5995188880969351,0.9537089953137502
0.5995188880969351,0.9538232940907533
0.599607982893799,0.9538232940907533
0.599607982893799,0.9539375928677564
0.5999643620812545,0.9539375928677564
0.5999643620812545,0.9540518916447595
0.6000534568781183,0.9540518916447595
0.6000534568781183,0.9543947879757687
0.6005880256593015,0.9543947879757687
0.6005880256593015,0.9545090867527718
0.6013007840342124,0.9545090867527718
0.6013007840342124,0.9546233855297749
0.6013898788310763,0.9546233855297749
0.6013898788310763,0.954737684306778
0.6024590163934426,0.954737684306778
0.6024590163934426,0.954851983083781
0.6026372059871703,0.954851983083781
0.6026372059871703,0.9549662818607841
0.6029935851746258,0.9549662818607841
0.6029935851746258,0.9550805806377872
0.6037954383464006,0.9550805806377872
0.6037954383464006,0.9551948794147903
0.6040627227369921,0.9551948794147903
0.6040627227369921,0.9553091781917934
0.6050427655024947,0.9553091781917934
0.6050427655024947,0.9554234769687965
0.6051318602993585,0.9554234769687965
0.6051318602993585,0.9555377757457996
0.6055773342836779,0.9555377757457996
0.6055773342836779,0.9557663732998057
0.606111903064861,0.9557663732998057
0.606111903064861,0.9558806720768088
0.6062009978617249,0.9558806720768088
0.6062009978617249,0.956109269630815
0.607448325017819,0.956109269630815
0.607448325017819,0.9562235684078181
0.6078937990021382,0.9562235684078181
0.6078937990021382,0.9563378671848212
0.6079828937990022,0.9563378671848212
0.6079828937990022,0.9564521659618243
0.6081610833927299,0.9564521659618243
0.6081610833927299,0.9565664647388273
0.6085174625801854,0.9565664647388273
0.6085174625801854,0.9566807635158304
0.610032074126871,0.9566807635158304
0.610032074126871,0.9567950622928335
0.6114575908766928,0.9567950622928335
0.6114575908766928,0.9570236598468397
0.6117248752672844,0.9570236598468397
0.6117248752672844,0.9571379586238428
0.6118139700641483,0.9571379586238428
0.6118139700641483,0.9573665561778489
0.611992159657876,0.9573665561778489
0.611992159657876,0.957480854954852
0.6121703492516037,0.957480854954852
0.6121703492516037,0.9575951537318551
0.6122594440484675,0.9575951537318551
0.6122594440484675,0.9577094525088582
0.6128831076265147,0.9577094525088582
0.6128831076265147,0.9578237512858613
0.6129722024233785,0.9578237512858613
0.6129722024233785,0.9580523488398675
0.6135067712045617,0.9580523488398675
0.6135067712045617,0.9581666476168705
0.6136849607982894,0.9581666476168705
0.6136849607982894,0.9582809463938736
0.6143086243763364,0.9582809463938736
0.6143086243763364,0.9583952451708767
0.6143977191732003,0.9583952451708767
0.6143977191732003,0.9585095439478798
0.6148431931575196,0.9585095439478798
0.6148431931575196,0.9586238427248829
0.6149322879543835,0.9586238427248829
0.6149322879543835,0.958738141501886
0.6154668567355667,0.958738141501886
0.6154668567355667,0.958852440278889
0.616535994297933,0.958852440278889
0.616535994297933,0.9589667390558921
0.6192979330007128,0.9589667390558921
0.6192979330007128,0.9590810378328952
0.6207234497505346,0.9590810378328952
0.6207234497505346,0.9591953366098983
0.6209907341411262,0.9591953366098983
0.6209907341411262,0.9594239341639045
0.6210798289379901,0.9594239341639045
0.6210798289379901,0.9595382329409076
0.6217034925160371,0.9595382329409076
0.6217034925160371,0.9596525317179107
0.6219707769066286,0.9596525317179107
0.6219707769066286,0.9598811292719168
0.6220598717034925,0.9598811292719168
0.6220598717034925,0.9599954280489199
0.6225944404846757,0.9599954280489199
0.6225944404846757,0.960109726825923
0.6226835352815395,0.960109726825923
0.6226835352815395,0.9602240256029261
0.6232181040627227,0.9602240256029261
0.6232181040627227,0.9603383243799292
0.6238417676407698,0.9603383243799292
0.6238417676407698,0.9604526231569323
0.6241090520313614,0.9604526231569323
0.6241090520313614,0.9605669219339353
0.6254454739843193,0.9605669219339353
0.6254454739843193,0.9606812207109384
0.6268709907341411,0.9606812207109384
0.6268709907341411,0.9607955194879415
0.6270491803278688,0.9607955194879415
0.6270491803278688,0.9609098182649446
0.6274055595153243,0.9609098182649446
0.6274055595153243,0.9610241170419477
0.6283856022808268,0.9610241170419477
0.6283856022808268,0.9611384158189508
0.6307020669992872,0.9611384158189508
0.6307020669992872,0.9612527145959538
0.6307911617961511,0.9612527145959538
0.6307911617961511,0.9613670133729569
0.6309693513898789,0.9613670133729569
0.6309693513898789,0.96148131214996
0.6317712045616536,0.96148131214996
0.6317712045616536,0.9615956109269631
0.6323057733428368,0.9615956109269631
0.6323057733428368,0.9617099097039662
0.6324839629365645,0.9617099097039662
0.6324839629365645,0.9618242084809693
0.6326621525302922,0.9618242084809693
0.6326621525302922,0.9619385072579724
0.6332858161083392,0.9619385072579724
0.6332858161083392,0.9620528060349754
0.6333749109052031,0.9620528060349754
0.6333749109052031,0.9621671048119785
0.6336421952957947,0.9621671048119785
0.6336421952957947,0.9622814035889816
0.6337312900926586,0.9622814035889816
0.6337312900926586,0.9623957023659847
0.6350677120456165,0.9623957023659847
0.6350677120456165,0.9625100011429878
0.635424091233072,0.9625100011429878
0.635424091233072,0.9626242999199909
0.6356913756236636,0.9626242999199909
0.6356913756236636,0.962738598696994
0.6357804704205274,0.962738598696994
0.6357804704205274,0.962852897473997
0.6364041339985744,0.962852897473997
0.6364041339985744,0.9629671962510001
0.6371168923734853,0.9629671962510001
0.6371168923734853,0.9630814950280032
0.6372059871703493,0.9630814950280032
0.6372059871703493,0.9631957938050063
0.637384176764077,0.9631957938050063
0.637384176764077,0.9633100925820094
0.6378296507483963,0.9633100925820094
0.6378296507483963,0.9636529889130186
0.6383642195295794,0.9636529889130186
0.6383642195295794,0.9637672876900217
0.6384533143264434,0.9637672876900217
0.6384533143264434,0.9638815864670248
0.6387205987170349,0.9638815864670248
0.6387205987170349,0.9639958852440279
0.6398788310762652,0.9639958852440279
0.6398788310762652,0.9642244827980341
0.6400570206699929,0.9642244827980341
0.6400570206699929,0.9643387815750372
0.641928011404134,0.9643387815750372
0.641928011404134,0.9644530803520402
0.6437099073414113,0.9644530803520402
0.6437099073414113,0.9645673791290433
0.644511760513186,0.9645673791290433
0.644511760513186,0.9646816779060464
0.6446008553100498,0.9646816779060464
0.6446008553100498,0.9647959766830495
0.6446899501069138,0.9647959766830495
0.6446899501069138,0.9650245742370557
0.6454918032786885,0.9650245742370557
0.6454918032786885,0.9651388730140588
0.6463827512473271,0.9651388730140588
0.6463827512473271,0.9652531717910618
0.6466500356379188,0.9652531717910618
0.6466500356379188,0.9653674705680649
0.647184604419102,0.9653674705680649
0.647184604419102,0.965481769345068
0.6485210263720599,0.965481769345068
0.6485210263720599,0.9655960681220711
0.6492337847469708,0.9655960681220711
0.6492337847469708,0.9657103668990742
0.6496792587312901,0.9657103668990742
0.6496792587312901,0.9658246656760773
0.650392017106201,0.9658246656760773
0.650392017106201,0.9659389644530804
0.6507483962936564,0.9659389644530804
0.6507483962936564,0.9660532632300834
0.6514611546685674,0.9660532632300834
0.6514611546685674,0.9661675620070865
0.6525302922309337,0.9661675620070865
0.6525302922309337,0.9662818607840896
0.6536885245901639,0.9662818607840896
0.6536885245901639,0.9663961595610927
0.6537776193870278,0.9663961595610927
0.6537776193870278,0.9665104583380958
0.6550249465431219,0.9665104583380958
0.6550249465431219,0.9666247571150989
0.6559158945117605,0.9666247571150989
0.6559158945117605,0.966739055892102
0.6577868852459017,0.966739055892102
0.6577868852459017,0.9669676534461081
0.6580541696364932,0.9669676534461081
0.6580541696364932,0.9670819522231112
0.6584105488239487,0.9670819522231112
0.6584105488239487,0.9671962510001143
0.6607270135424091,0.9671962510001143
0.6607270135424091,0.9673105497771174
0.6612615823235923,0.9673105497771174
0.6612615823235923,0.9674248485541205
0.6613506771204561,0.9674248485541205
0.6613506771204561,0.9675391473311236
0.6622416250890948,0.9675391473311236
0.6622416250890948,0.9676534461081266
0.6625089094796864,0.9676534461081266
0.6625089094796864,0.9677677448851297
0.6625980042765502,0.9677677448851297
0.6625980042765502,0.9678820436621328
0.6632216678545972,0.9678820436621328
0.6632216678545972,0.9679963424391359
0.6639344262295082,0.9679963424391359
0.6639344262295082,0.968110641216139
0.6643799002138275,0.968110641216139
0.6643799002138275,0.9682249399931421
0.6651817533856023,0.9682249399931421
0.6651817533856023,0.9683392387701452
0.6655381325730577,0.9683392387701452
0.6655381325730577,0.9684535375471482
0.6666072701354241,0.9684535375471482
0.6666072701354241,0.9685678363241513
0.6671418389166073,0.9685678363241513
0.6671418389166073,0.9686821351011544
0.6678545972915182,0.9686821351011544
0.6678545972915182,0.9687964338781575
0.6690128296507484,0.9687964338781575
0.6690128296507484,0.9689107326551606
0.6691910192444761,0.9689107326551606
0.6691910192444761,0.9690250314321637
0.6697255880256593,0.9690250314321637
0.6697255880256593,0.9691393302091668
0.6703492516037064,0.9691393302091668
0.6703492516037064,0.9692536289861698
0.6704383464005702,0.9692536289861698
0.6704383464005702,0.9693679277631729
0.670527441197434,0.9693679277631729
0.670527441197434,0.969482226540176
0.6707056307911617,0.969482226540176
0.6707056307911617,0.9695965253171791
0.6722202423378475,0.9695965253171791
0.6722202423378475,0.9697108240941822
0.672487526728439,0.9697108240941822
0.672487526728439,0.9698251228711853
0.6727548111190307,0.9698251228711853
0.6727548111190307,0.9699394216481884
0.6767640769779045,0.9699394216481884
0.6767640769779045,0.9700537204251914
0.6768531717747683,0.9700537204251914
0.6768531717747683,0.9701680192021945
0.6773877405559515,0.9701680192021945
0.6773877405559515,0.9702823179791976
0.6774768353528154,0.9702823179791976
0.6774768353528154,0.9703966167562007
0.6785459729151817,0.9703966167562007
0.6785459729151817,0.9706252143102069
0.6801496792587313,0.9706252143102069
0.6801496792587313,0.97073951308721
0.6805951532430506,0.97073951308721
0.6805951532430506,0.9709681106412161
0.6813970064148254,0.9709681106412161
0.6813970064148254,0.9710824094182192
0.6818424803991446,0.9710824094182192
0.6818424803991446,0.9711967081952223
0.6819315751960086,0.9711967081952223
0.6819315751960086,0.9713110069722254
0.68496079828938,0.9713110069722254
0.68496079828938,0.9714253057492285
0.6861190306486101,0.9714253057492285
0.6861190306486101,0.9715396045262316
0.6867426942266571,0.9715396045262316
0.6867426942266571,0.9716539033032346
0.6870099786172488,0.9716539033032346
0.6870099786172488,0.9717682020802377
0.6879900213827512,0.9717682020802377
0.6879900213827512,0.9718825008572408
0.688168210976479,0.9718825008572408
0.688168210976479,0.9719967996342439
0.6885245901639344,0.9719967996342439
0.6885245901639344,0.972111098411247
0.6886136849607983,0.972111098411247
0.6886136849607983,0.9722253971882501
0.6887027797576621,0.9722253971882501
0.6887027797576621,0.9723396959652532
0.6889700641482538,0.9723396959652532
0.6889700641482538,0.9724539947422562
0.6898610121168923,0.9724539947422562
0.6898610121168923,0.9725682935192593
0.6902173913043478,0.9725682935192593
0.6902173913043478,0.9727968910732655
0.6905737704918032,0.9727968910732655
0.6905737704918032,0.9729111898502686
0.6913756236635781,0.9729111898502686
0.6913756236635781,0.9730254886272717
0.692088382038489,0.9730254886272717
0.692088382038489,0.9731397874042748
0.6947612259444048,0.9731397874042748
0.6947612259444048,0.9732540861812778
0.6949394155381325,0.9732540861812778
0.6949394155381325,0.9733683849582809
0.6952066999287242,0.9733683849582809
0.6952066999287242,0.973482683735284
0.6960976478973628,0.973482683735284
0.6960976478973628,0.9735969825122871
0.6961867426942266,0.9735969825122871
0.6961867426942266,0.9737112812892902
0.6964540270848183,0.9737112812892902
0.6964540270848183,0.9739398788432964
0.6967213114754098,0.9739398788432964
0.6967213114754098,0.9740541776202994
0.6993050605844618,0.9740541776202994
0.6993050605844618,0.9741684763973025
0.6994832501781896,0.9741684763973025
0.6994832501781896,0.9742827751743056
0.7001069137562367,0.9742827751743056
0.7001069137562367,0.9743970739513087
0.7018888096935139,0.9743970739513087
0.7018888096935139,0.9745113727283118
0.7029579472558802,0.9745113727283118
0.7029579472558802,0.9746256715053149
0.7030470420527442,0.9746256715053149
0.7030470420527442,0.974739970282318
0.7036707056307911,0.974739970282318
0.7036707056307911,0.974854269059321
0.7047398431931575,0.974854269059321
0.7047398431931575,0.9749685678363241
0.7049180327868853,0.9749685678363241
0.7049180327868853,0.9750828666133272
0.7053635067712045,0.9750828666133272
0.7053635067712045,0.9751971653903303
0.7075017818959373,0.9751971653903303
0.7075017818959373,0.9753114641673334
0.7079472558802566,0.9753114641673334
0.7079472558802566,0.9754257629443365
0.7092836778332146,0.9754257629443365
0.7092836778332146,0.9755400617213396
0.7094618674269423,0.9755400617213396
0.7094618674269423,0.9756543604983426
0.7109764789736279,0.9756543604983426
0.7109764789736279,0.9757686592753457
0.7123129009265858,0.9757686592753457
0.7123129009265858,0.9758829580523488
0.7134711332858161,0.9758829580523488
0.7134711332858161,0.9759972568293519
0.7140057020669993,0.9759972568293519
0.7140057020669993,0.976111555606355
0.7140947968638631,0.976111555606355
0.7140947968638631,0.9762258543833581
0.7160548823948681,0.9762258543833581
0.7160548823948681,0.9763401531603612
0.7162330719885959,0.9763401531603612
0.7162330719885959,0.9764544519373642
0.7167676407697791,0.9764544519373642
0.7167676407697791,0.9765687507143673
0.7169458303635068,0.9765687507143673
0.7169458303635068,0.9766830494913704
0.7170349251603706,0.9766830494913704
0.7170349251603706,0.9767973482683735
0.7184604419101924,0.9767973482683735
0.7184604419101924,0.9769116470453766
0.7187277263007841,0.9769116470453766
0.7187277263007841,0.9770259458223797
0.7197968638631503,0.9770259458223797
0.7197968638631503,0.9771402445993828
0.7202423378474697,0.9771402445993828
0.7202423378474697,0.9772545433763858
0.7207769066286529,0.9772545433763858
0.7207769066286529,0.9773688421533889
0.7214896650035638,0.9773688421533889
0.7214896650035638,0.977483140930392
0.7238061297220242,0.977483140930392
0.7238061297220242,0.9775974397073951
0.7238952245188881,0.9775974397073951
0.7238952245188881,0.9779403360384044
0.7239843193157519,0.9779403360384044
0.7239843193157519,0.9780546348154074
0.7240734141126158,0.9780546348154074
0.7240734141126158,0.9781689335924105
0.7248752672843906,0.9781689335924105
0.7248752672843906,0.9782832323694136
0.7255880256593015,0.9782832323694136
0.7255880256593015,0.9783975311464167
0.7266571632216678,0.9783975311464167
0.7266571632216678,0.9785118299234198
0.7312900926585887,0.9785118299234198
0.7312900926585887,0.9786261287004229
0.7325374198146828,0.9786261287004229
0.7325374198146828,0.978740427477426
0.7334283677833214,0.978740427477426
0.7334283677833214,0.978854726254429
0.7335174625801854,0.978854726254429
0.7335174625801854,0.9789690250314321
0.7340520313613685,0.9789690250314321
0.7340520313613685,0.9790833238084352
0.7341411261582323,0.9790833238084352
0.7341411261582323,0.9791976225854383
0.734408410548824,0.9791976225854383
0.734408410548824,0.9793119213624414
0.7359230220955096,0.9793119213624414
0.7359230220955096,0.9794262201394445
0.7364575908766928,0.9794262201394445
0.7364575908766928,0.9795405189164476
0.7365466856735566,0.9795405189164476
0.7365466856735566,0.9797691164704537
0.7368139700641483,0.9797691164704537
0.7368139700641483,0.9798834152474568
0.7372594440484675,0.9798834152474568
0.7372594440484675,0.9799977140244599
0.7374376336421953,0.9799977140244599
0.7374376336421953,0.980112012801463
0.737615823235923,0.980112012801463
0.737615823235923,0.9803406103554692
0.7377049180327869,0.9803406103554692
0.7377049180327869,0.9804549091324722
0.7393977191732003,0.9804549091324722
0.7393977191732003,0.9805692079094753
0.7412687099073414,0.9805692079094753
0.7412687099073414,0.9806835066864784
0.7419814682822523,0.9806835066864784
0.7419814682822523,0.9807978054634815
0.7424269422665716,0.9807978054634815
0.7424269422665716,0.9809121042404846
0.742783321454027,0.9809121042404846
0.742783321454027,0.9810264030174877
0.7439415538132573,0.9810264030174877
0.7439415538132573,0.9811407017944908
0.7450106913756237,0.9811407017944908
0.7450106913756237,0.9812550005714938
0.7455452601568069,0.9812550005714938
0.7455452601568069,0.9813692993484969
0.7462580185317177,0.9813692993484969
0.7462580185317177,0.9814835981255
0.7465253029223093,0.9814835981255
0.7465253029223093,0.9815978969025031
0.7467925873129009,0.9815978969025031
0.7467925873129009,0.9817121956795062
0.7470598717034925,0.9817121956795062
0.7470598717034925,0.9818264944565093
0.7473271560940841,0.9818264944565093
0.7473271560940841,0.9819407932335124
0.7487526728439059,0.9819407932335124
0.7487526728439059,0.9820550920105154
0.7498218104062723,0.9820550920105154
0.7498218104062723,0.9821693907875185
0.7518709907341411,0.9821693907875185
0.7518709907341411,0.9822836895645216
0.7533856022808268,0.9822836895645216
0.7533856022808268,0.9823979883415247
0.7536528866714184,0.9823979883415247
0.7536528866714184,0.9825122871185278
0.7546329294369208,0.9825122871185278
0.7546329294369208,0.9826265858955309
0.7558802565930149,0.9826265858955309
0.7558802565930149,0.982740884672534
0.7579294369208838,0.982740884672534
0.7579294369208838,0.982855183449537
0.7586421952957947,0.982855183449537
0.7586421952957947,0.9829694822265401
0.7589094796863863,0.9829694822265401
0.7589094796863863,0.9830837810035432
0.7590876692801141,0.9830837810035432
0.7590876692801141,0.9831980797805463
0.7591767640769779,0.9831980797805463
0.7591767640769779,0.9833123785575494
0.7601568068424804,0.9833123785575494
0.7601568068424804,0.9834266773345525
0.7608695652173914,0.9834266773345525
0.7608695652173914,0.9835409761115556
0.7616714183891661,0.9835409761115556
0.7616714183891661,0.9836552748885586
0.7627405559515325,0.9836552748885586
0.7627405559515325,0.9837695736655617
0.7637205987170349,0.9837695736655617
0.7637205987170349,0.9838838724425648
0.7647006414825375,0.9838838724425648
0.7647006414825375,0.9839981712195679
0.7656806842480399,0.9839981712195679
0.7656806842480399,0.984112469996571
0.7707590876692801,0.984112469996571
0.7707590876692801,0.9842267687735741
0.770848182466144,0.9842267687735741
0.770848182466144,0.9843410675505772
0.7730755523877405,0.9843410675505772
0.7730755523877405,0.9844553663275804
0.7732537419814682,0.9844553663275804
0.7732537419814682,0.9845696651045834
0.7735210263720599,0.9845696651045834
0.7735210263720599,0.9846839638815865
0.7738774055595153,0.9846839638815865
0.7738774055595153,0.9851411589895989
0.7741446899501069,0.9851411589895989
0.7741446899501069,0.985255457766602
0.7742337847469708,0.985255457766602
0.7742337847469708,0.985369756543605
0.7745010691375623,0.985369756543605
0.7745010691375623,0.9854840553206081
0.7746792587312901,0.9854840553206081
0.7746792587312901,0.9855983540976112
0.7754811119030649,0.9855983540976112
0.7754811119030649,0.9857126528746143
0.7755702066999287,0.9857126528746143
0.7755702066999287,0.9858269516516174
0.7762829650748396,0.9858269516516174
0.7762829650748396,0.9859412504286205
0.7782430506058446,0.9859412504286205
0.7782430506058446,0.9861698479826266
0.7791339985744833,0.9861698479826266
0.7791339985744833,0.9862841467596297
0.7803813257305773,0.9862841467596297
0.7803813257305773,0.9863984455366328
0.7806486101211689,0.9863984455366328
0.7806486101211689,0.9865127443136359
0.7807377049180327,0.9865127443136359
0.7807377049180327,0.986627043090639
0.7812722736992159,0.986627043090639
0.7812722736992159,0.9867413418676421
0.7834996436208126,0.9867413418676421
0.7834996436208126,0.9868556406446451
0.7849251603706343,0.9868556406446451
0.7849251603706343,0.9869699394216482
0.7857270135424091,0.9869699394216482
0.7857270135424091,0.9870842381986513
0.7863506771204561,0.9870842381986513
0.7863506771204561,0.9871985369756544
0.787776193870278,0.9871985369756544
0.787776193870278,0.9873128357526575
0.7892908054169636,0.9873128357526575
0.7892908054169636,0.9875414333066637
0.7895580898075553,0.9875414333066637
0.7895580898075553,0.9876557320836667
0.7907163221667854,0.9876557320836667
0.7907163221667854,0.9877700308606698
0.7933000712758375,0.9877700308606698
0.7933000712758375,0.9878843296376729
0.7938346400570206,0.9878843296376729
0.7938346400570206,0.987998628414676
0.7943692088382038,0.987998628414676
0.7943692088382038,0.9881129271916791
0.7985566642908054,0.9881129271916791
0.7985566642908054,0.9882272259686822
0.7992694226657163,0.9882272259686822
0.7992694226657163,0.9883415247456853
0.800071275837491,0.9883415247456853
0.800071275837491,0.9884558235226883
0.8017640769779045,0.9884558235226883
0.8017640769779045,0.9885701222996914
0.8019422665716323,0.9885701222996914
0.8019422665716323,0.9886844210766945
0.8044369208838203,0.9886844210766945
0.8044369208838203,0.9887987198536976
0.8054169636493229,0.9887987198536976
0.8054169636493229,0.9889130186307007
0.8061297220242338,0.9889130186307007
0.8061297220242338,0.9890273174077038
0.8081789023521027,0.9890273174077038
0.8081789023521027,0.9891416161847069
0.8093371347113328,0.9891416161847069
0.8093371347113328,0.98925591496171
0.8114754098360656,0.98925591496171
0.8114754098360656,0.989370213738713
0.8119208838203849,0.989370213738713
0.8119208838203849,0.9894845125157161
0.8127227369921597,0.9894845125157161
0.8127227369921597,0.9895988112927192
0.8129900213827512,0.9895988112927192
0.8129900213827512,0.9897131100697223
0.8134354953670706,0.9897131100697223
0.8134354953670706,0.9898274088467254
0.8144155381325731,0.9898274088467254
0.8144155381325731,0.9900560064007315
0.8162865288667142,0.9900560064007315
0.8162865288667142,0.9901703051777346
0.8171774768353528,0.9901703051777346
0.8171774768353528,0.9902846039547377
0.8194939415538133,0.9902846039547377
0.8194939415538133,0.9903989027317408
0.8201176051318603,0.9903989027317408
0.8201176051318603,0.9905132015087439
0.8286707056307911,0.9905132015087439
0.8286707056307911,0.990627500285747
0.8298289379900213,0.990627500285747
0.8298289379900213,0.9907417990627501
0.8311653599429794,0.9907417990627501
0.8311653599429794,0.9908560978397531
0.8316999287241625,0.9908560978397531
0.8316999287241625,0.9909703966167562
0.8333036350677121,0.9909703966167562
0.8333036350677121,0.9910846953937593
0.8347291518175338,0.9910846953937593
0.8347291518175338,0.9911989941707624
0.8366892373485388,0.9911989941707624
0.8366892373485388,0.9913132929477655
0.8370456165359943,0.9913132929477655
0.8370456165359943,0.9914275917247686
0.8390947968638631,0.9914275917247686
0.8390947968638631,0.9915418905017717
0.839183891660727,0.9915418905017717
0.839183891660727,0.9916561892787747
0.839896650035638,0.9916561892787747
0.839896650035638,0.9917704880557778
0.843104062722737,0.9917704880557778
0.843104062722737,0.9918847868327809
0.8464005702066999,0.9918847868327809
0.8464005702066999,0.9922276831637902
0.8521026372059872,0.9922276831637902
0.8521026372059872,0.9923419819407933
0.852904490377762,0.9923419819407933
0.852904490377762,0.9924562807177963
0.8542409123307199,0.9924562807177963
0.8542409123307199,0.9925705794947994
0.8591411261582323,0.9925705794947994
0.8591411261582323,0.9926848782718025
0.8599429793300071,0.9926848782718025
0.8599429793300071,0.9927991770488056
0.8611012116892374,0.9927991770488056
0.8611012116892374,0.9929134758258087
0.8617248752672844,0.9929134758258087
0.8617248752672844,0.9930277746028118
0.8634176764076978,0.9930277746028118
0.8634176764076978,0.9931420733798149
0.8658232359230221,0.9931420733798149
0.8658232359230221,0.993370670933821
0.8696543121881682,0.993370670933821
0.8696543121881682,0.9934849697108241
0.8701888809693514,0.9934849697108241
0.8701888809693514,0.9935992684878272
0.8709016393442623,0.9935992684878272
0.8709016393442623,0.9937135672648303
0.8712580185317177,0.9937135672648303
0.8712580185317177,0.9938278660418334
0.8713471133285816,0.9938278660418334
0.8713471133285816,0.9939421648188365
0.8731290092658589,0.9939421648188365
0.8731290092658589,0.9940564635958395
0.8774055595153243,0.9940564635958395
0.8774055595153243,0.9941707623728426
0.8809693513898789,0.9941707623728426
0.8809693513898789,0.9943993599268488
0.8810584461867427,0.9943993599268488
0.8810584461867427,0.9945136587038519
0.882216678545973,0.9945136587038519
0.882216678545973,0.994627957480855
0.8844440484675695,0.994627957480855
0.8844440484675695,0.9947422562578581
0.8855131860299359,0.9947422562578581
0.8855131860299359,0.9948565550348611
0.8895224518888097,0.9948565550348611
0.8895224518888097,0.9949708538118642
0.8920171062009978,0.9949708538118642
0.8920171062009978,0.9950851525888673
0.8933535281539559,0.9950851525888673
0.8933535281539559,0.9951994513658704
0.8935317177476836,0.9951994513658704
0.8935317177476836,0.9953137501428735
0.893888096935139,0.9953137501428735
0.893888096935139,0.9954280489198766
0.8950463292943692,0.9954280489198766
0.8950463292943692,0.9955423476968797
0.8983428367783322,0.9955423476968797
0.8983428367783322,0.9956566464738827
0.8994119743406985,0.9956566464738827
0.8994119743406985,0.9957709452508858
0.9005702066999287,0.9957709452508858
0.9005702066999287,0.995999542804892
0.9027084818246615,0.995999542804892
0.9027084818246615,0.9961138415818951
0.9041339985744833,0.9961138415818951
0.9041339985744833,0.9962281403588982
0.9066286528866714,0.9962281403588982
0.9066286528866714,0.9963424391359013
0.9071632216678546,0.9963424391359013
0.9071632216678546,0.9964567379129043
0.9072523164647185,0.9964567379129043
0.9072523164647185,0.9965710366899074
0.9083214540270849,0.9965710366899074
0.9083214540270849,0.9966853354669105
0.9084996436208126,0.9966853354669105
0.9084996436208126,0.9967996342439136
0.9098360655737705,0.9967996342439136
0.9098360655737705,0.9969139330209167
0.9118852459016393,0.9969139330209167
0.9118852459016393,0.9970282317979198
0.9125089094796864,0.9970282317979198
0.9125089094796864,0.9971425305749229
0.9148253741981468,0.9971425305749229
0.9148253741981468,0.9972568293519259
0.9280114041339986,0.9972568293519259
0.9280114041339986,0.997371128128929
0.9290805416963649,0.997371128128929
0.9290805416963649,0.9974854269059321
0.930327868852459,0.9974854269059321
0.930327868852459,0.9975997256829352
0.9319315751960086,0.9975997256829352
0.9319315751960086,0.9977140244599383
0.9344262295081968,0.9977140244599383
0.9344262295081968,0.9978283232369414
0.9346935138987883,0.9978283232369414
0.9346935138987883,0.9979426220139445
0.940751960085531,0.9979426220139445
0.940751960085531,0.9980569207909475
0.9426229508196722,0.9980569207909475
0.9426229508196722,0.9981712195679506
0.9434248039914469,0.9981712195679506
0.9434248039914469,0.9982855183449537
0.9441375623663578,0.9982855183449537
0.9441375623663578,0.9983998171219568
0.949839629365645,0.9983998171219568
0.949839629365645,0.9985141158989599
0.9501069137562367,0.9985141158989599
0.9501069137562367,0.998628414675963
0.9533143264433357,0.998628414675963
0.9533143264433357,0.9987427134529661
0.9536707056307911,0.9987427134529661
0.9536707056307911,0.9988570122299691
0.9575017818959373,0.9988570122299691
0.9575017818959373,0.9989713110069722
0.9579472558802566,0.9989713110069722
0.9579472558802566,0.9990856097839753
0.9617783321454028,0.9990856097839753
0.9617783321454028,0.9991999085609784
0.9621347113328581,0.9991999085609784
0.9621347113328581,0.9993142073379815
0.9686386315039202,0.9993142073379815
0.9686386315039202,0.9994285061149846
0.9718460441910193,0.9994285061149846
0.9718460441910193,0.9995428048919877
0.9803100498930862,0.9995428048919877
0.9803100498930862,0.9996571036689907
0.9810228082679971,0.9996571036689907
0.9810228082679971,0.9997714024459938
0.9877049180327869,0.9997714024459938
0.9877049180327869,0.9998857012229969
0.99215965787598,0.9998857012229969
0.99215965787598,1.0
1.0,1.0
